solid OpenSCAD_Model
  facet normal -0.048912 0.998803 0
    outer loop
      vertex 1 17.2 0
      vertex 0.901982 17.1952 16
      vertex 1 17.2 16
    endloop
  endfacet
  facet normal -0.048912 0.998803 0
    outer loop
      vertex 0.901982 17.1952 16
      vertex 1 17.2 0
      vertex 0.901982 17.1952 0
    endloop
  endfacet
  facet normal 0.59608 0.802925 -0
    outer loop
      vertex 58.8344 16.973 0
      vertex 58.7556 17.0315 16
      vertex 58.8344 16.973 16
    endloop
  endfacet
  facet normal 0.59608 0.802925 0
    outer loop
      vertex 58.7556 17.0315 16
      vertex 58.8344 16.973 0
      vertex 58.7556 17.0315 0
    endloop
  endfacet
  facet normal -0.595699 -0.803208 -1.00161e-07
    outer loop
      vertex 0.365606 0.226989 16
      vertex 0.401997 0.2 13.2
      vertex 0.444429 0.16853 16
    endloop
  endfacet
  facet normal -0.595694 -0.803212 0
    outer loop
      vertex 0.365606 0.226989 16
      vertex 0.401997 0.2 11
      vertex 0.401997 0.2 13.2
    endloop
  endfacet
  facet normal -0.595703 -0.803205 -0
    outer loop
      vertex 0.401997 0.2 11
      vertex 0.401997 0.2 6.2
      vertex 0.444429 0.16853 11
    endloop
  endfacet
  facet normal -0.595694 -0.803212 0
    outer loop
      vertex 0.365606 0.226989 16
      vertex 0.401997 0.2 6.2
      vertex 0.401997 0.2 11
    endloop
  endfacet
  facet normal -0.595694 -0.803212 0
    outer loop
      vertex 0.365606 0.226989 16
      vertex 0.401997 0.2 4
      vertex 0.401997 0.2 6.2
    endloop
  endfacet
  facet normal -0.595694 -0.803212 0
    outer loop
      vertex 0.365606 0.226989 0
      vertex 0.401997 0.2 4
      vertex 0.365606 0.226989 16
    endloop
  endfacet
  facet normal -0.595703 -0.803205 1.30243e-07
    outer loop
      vertex 0.365606 0.226989 0
      vertex 0.444429 0.16853 4
      vertex 0.401997 0.2 4
    endloop
  endfacet
  facet normal -0.595699 -0.803208 -0
    outer loop
      vertex 0.444429 0.16853 4
      vertex 0.365606 0.226989 0
      vertex 0.444429 0.16853 0
    endloop
  endfacet
  facet normal -0.595703 -0.803205 -0
    outer loop
      vertex 0.444429 0.16853 16
      vertex 0.401997 0.2 13.2
      vertex 0.444429 0.16853 13.2
    endloop
  endfacet
  facet normal -0.595703 -0.803205 -0
    outer loop
      vertex 0.444429 0.16853 11
      vertex 0.401997 0.2 6.2
      vertex 0.444429 0.16853 6.2
    endloop
  endfacet
  facet normal -0.0490655 -0.998796 0
    outer loop
      vertex 0.901982 0.0048151 0
      vertex 1 0 4
      vertex 0.901982 0.0048151 4
    endloop
  endfacet
  facet normal -0.0490655 -0.998796 -0
    outer loop
      vertex 1 0 4
      vertex 0.901982 0.0048151 0
      vertex 1 0 0
    endloop
  endfacet
  facet normal -0.0490655 -0.998796 0
    outer loop
      vertex 0.901982 0.0048151 13.2
      vertex 1 0 16
      vertex 0.901982 0.0048151 16
    endloop
  endfacet
  facet normal -0.0490655 -0.998796 -0
    outer loop
      vertex 1 0 16
      vertex 0.901982 0.0048151 13.2
      vertex 1 0 13.2
    endloop
  endfacet
  facet normal -0.0490655 -0.998796 0
    outer loop
      vertex 0.901982 0.0048151 6.2
      vertex 1 0 11
      vertex 0.901982 0.0048151 11
    endloop
  endfacet
  facet normal -0.0490655 -0.998796 -0
    outer loop
      vertex 1 0 11
      vertex 0.901982 0.0048151 6.2
      vertex 1 0 6.2
    endloop
  endfacet
  facet normal 0.336336 0.941742 -0
    outer loop
      vertex 58.5827 17.1239 0
      vertex 58.4903 17.1569 16
      vertex 58.5827 17.1239 16
    endloop
  endfacet
  facet normal 0.336336 0.941742 0
    outer loop
      vertex 58.4903 17.1569 16
      vertex 58.5827 17.1239 0
      vertex 58.4903 17.1569 0
    endloop
  endfacet
  facet normal 1 -0 0
    outer loop
      vertex 59.2 1 16
      vertex 59.2 16.2 0
      vertex 59.2 16.2 16
    endloop
  endfacet
  facet normal 1 0 0
    outer loop
      vertex 59.2 16.2 0
      vertex 59.2 1 16
      vertex 59.2 1 0
    endloop
  endfacet
  facet normal -0.595968 0.803008 0
    outer loop
      vertex 0.444429 17.0315 0
      vertex 0.365606 16.973 16
      vertex 0.444429 17.0315 16
    endloop
  endfacet
  facet normal -0.595968 0.803008 0
    outer loop
      vertex 0.365606 16.973 16
      vertex 0.444429 17.0315 0
      vertex 0.365606 16.973 0
    endloop
  endfacet
  facet normal 0 1 0
    outer loop
      vertex 58.2 17.2 16
      vertex 32.772 17.2 15.8651
      vertex 32.59 17.2 16
    endloop
  endfacet
  facet normal 0 1 0
    outer loop
      vertex 58.2 17.2 16
      vertex 33.1355 17.2 15.5355
      vertex 32.772 17.2 15.8651
    endloop
  endfacet
  facet normal 0 1 0
    outer loop
      vertex 58.2 17.2 16
      vertex 33.465 17.2 15.172
      vertex 33.1355 17.2 15.5355
    endloop
  endfacet
  facet normal 0 1 0
    outer loop
      vertex 58.2 17.2 16
      vertex 33.7573 17.2 14.7779
      vertex 33.465 17.2 15.172
    endloop
  endfacet
  facet normal 0 1 0
    outer loop
      vertex 58.2 17.2 16
      vertex 34.0096 17.2 14.357
      vertex 33.7573 17.2 14.7779
    endloop
  endfacet
  facet normal 0 1 0
    outer loop
      vertex 58.2 17.2 16
      vertex 34.2194 17.2 13.9134
      vertex 34.0096 17.2 14.357
    endloop
  endfacet
  facet normal 0 1 0
    outer loop
      vertex 58.2 17.2 16
      vertex 34.3847 17.2 13.4514
      vertex 34.2194 17.2 13.9134
    endloop
  endfacet
  facet normal 0 1 0
    outer loop
      vertex 58.2 17.2 16
      vertex 34.5039 17.2 12.9755
      vertex 34.3847 17.2 13.4514
    endloop
  endfacet
  facet normal 0 1 0
    outer loop
      vertex 58.2 17.2 16
      vertex 34.5759 17.2 12.4901
      vertex 34.5039 17.2 12.9755
    endloop
  endfacet
  facet normal 0 1 0
    outer loop
      vertex 58.2 17.2 16
      vertex 34.6 17.2 12
      vertex 34.5759 17.2 12.4901
    endloop
  endfacet
  facet normal 0 1 0
    outer loop
      vertex 58.2 17.2 16
      vertex 34.5759 17.2 11.5099
      vertex 34.6 17.2 12
    endloop
  endfacet
  facet normal 0 1 0
    outer loop
      vertex 58.2 17.2 16
      vertex 34.5039 17.2 11.0245
      vertex 34.5759 17.2 11.5099
    endloop
  endfacet
  facet normal 0 1 -0
    outer loop
      vertex 58.2 17.2 0
      vertex 34.5039 17.2 11.0245
      vertex 58.2 17.2 16
    endloop
  endfacet
  facet normal 0 1 0
    outer loop
      vertex 34.5039 17.2 11.0245
      vertex 58.2 17.2 0
      vertex 34.3847 17.2 10.5486
    endloop
  endfacet
  facet normal 0 1 0
    outer loop
      vertex 34.3847 17.2 10.5486
      vertex 58.2 17.2 0
      vertex 34.2194 17.2 10.0866
    endloop
  endfacet
  facet normal 0 1 0
    outer loop
      vertex 34.2194 17.2 10.0866
      vertex 58.2 17.2 0
      vertex 34.0096 17.2 9.64302
    endloop
  endfacet
  facet normal 0 1 0
    outer loop
      vertex 34.0096 17.2 9.64302
      vertex 58.2 17.2 0
      vertex 33.7573 17.2 9.22215
    endloop
  endfacet
  facet normal 0 1 0
    outer loop
      vertex 33.7573 17.2 9.22215
      vertex 58.2 17.2 0
      vertex 33.465 17.2 8.82803
    endloop
  endfacet
  facet normal 0 1 0
    outer loop
      vertex 33.465 17.2 8.82803
      vertex 58.2 17.2 0
      vertex 33.1355 17.2 8.46447
    endloop
  endfacet
  facet normal 0 1 0
    outer loop
      vertex 33.1355 17.2 8.46447
      vertex 58.2 17.2 0
      vertex 32.772 17.2 8.13495
    endloop
  endfacet
  facet normal 0 1 0
    outer loop
      vertex 32.772 17.2 8.13495
      vertex 58.2 17.2 0
      vertex 32.3778 17.2 7.84265
    endloop
  endfacet
  facet normal 0 1 0
    outer loop
      vertex 32.3778 17.2 7.84265
      vertex 58.2 17.2 0
      vertex 31.957 17.2 7.59039
    endloop
  endfacet
  facet normal 0 1 0
    outer loop
      vertex 31.957 17.2 7.59039
      vertex 58.2 17.2 0
      vertex 31.5134 17.2 7.3806
    endloop
  endfacet
  facet normal 0 1 0
    outer loop
      vertex 30.0901 17.2 7.02408
      vertex 58.2 17.2 0
      vertex 29.6 17.2 7
    endloop
  endfacet
  facet normal 0 1 0
    outer loop
      vertex 30.5755 17.2 7.09607
      vertex 58.2 17.2 0
      vertex 30.0901 17.2 7.02408
    endloop
  endfacet
  facet normal 0 1 0
    outer loop
      vertex 31.0514 17.2 7.2153
      vertex 58.2 17.2 0
      vertex 30.5755 17.2 7.09607
    endloop
  endfacet
  facet normal 0 1 0
    outer loop
      vertex 31.5134 17.2 7.3806
      vertex 58.2 17.2 0
      vertex 31.0514 17.2 7.2153
    endloop
  endfacet
  facet normal 0 1 -0
    outer loop
      vertex 26.428 17.2 15.8651
      vertex 1 17.2 16
      vertex 26.61 17.2 16
    endloop
  endfacet
  facet normal 0 1 -0
    outer loop
      vertex 26.0645 17.2 15.5355
      vertex 1 17.2 16
      vertex 26.428 17.2 15.8651
    endloop
  endfacet
  facet normal 0 1 -0
    outer loop
      vertex 25.7349 17.2 15.172
      vertex 1 17.2 16
      vertex 26.0645 17.2 15.5355
    endloop
  endfacet
  facet normal 0 1 -0
    outer loop
      vertex 25.4427 17.2 14.7779
      vertex 1 17.2 16
      vertex 25.7349 17.2 15.172
    endloop
  endfacet
  facet normal 0 1 -0
    outer loop
      vertex 25.1904 17.2 14.357
      vertex 1 17.2 16
      vertex 25.4427 17.2 14.7779
    endloop
  endfacet
  facet normal 0 1 -0
    outer loop
      vertex 24.9806 17.2 13.9134
      vertex 1 17.2 16
      vertex 25.1904 17.2 14.357
    endloop
  endfacet
  facet normal 0 1 -0
    outer loop
      vertex 24.8153 17.2 13.4514
      vertex 1 17.2 16
      vertex 24.9806 17.2 13.9134
    endloop
  endfacet
  facet normal 0 1 -0
    outer loop
      vertex 24.6961 17.2 12.9755
      vertex 1 17.2 16
      vertex 24.8153 17.2 13.4514
    endloop
  endfacet
  facet normal 0 1 -0
    outer loop
      vertex 24.6241 17.2 12.4901
      vertex 1 17.2 16
      vertex 24.6961 17.2 12.9755
    endloop
  endfacet
  facet normal 0 1 -0
    outer loop
      vertex 24.6 17.2 12
      vertex 1 17.2 16
      vertex 24.6241 17.2 12.4901
    endloop
  endfacet
  facet normal 0 1 0
    outer loop
      vertex 24.6241 17.2 11.5099
      vertex 1 17.2 16
      vertex 24.6 17.2 12
    endloop
  endfacet
  facet normal 0 1 0
    outer loop
      vertex 24.6961 17.2 11.0245
      vertex 1 17.2 16
      vertex 24.6241 17.2 11.5099
    endloop
  endfacet
  facet normal 0 1 0
    outer loop
      vertex 1 17.2 0
      vertex 24.6961 17.2 11.0245
      vertex 24.8153 17.2 10.5486
    endloop
  endfacet
  facet normal 0 1 0
    outer loop
      vertex 1 17.2 0
      vertex 24.8153 17.2 10.5486
      vertex 24.9806 17.2 10.0866
    endloop
  endfacet
  facet normal 0 1 0
    outer loop
      vertex 1 17.2 0
      vertex 24.9806 17.2 10.0866
      vertex 25.1904 17.2 9.64302
    endloop
  endfacet
  facet normal 0 1 0
    outer loop
      vertex 1 17.2 0
      vertex 25.1904 17.2 9.64302
      vertex 25.4427 17.2 9.22215
    endloop
  endfacet
  facet normal 0 1 0
    outer loop
      vertex 1 17.2 0
      vertex 25.4427 17.2 9.22215
      vertex 25.7349 17.2 8.82803
    endloop
  endfacet
  facet normal 0 1 0
    outer loop
      vertex 1 17.2 0
      vertex 25.7349 17.2 8.82803
      vertex 26.0645 17.2 8.46447
    endloop
  endfacet
  facet normal 0 1 0
    outer loop
      vertex 1 17.2 0
      vertex 26.0645 17.2 8.46447
      vertex 26.428 17.2 8.13495
    endloop
  endfacet
  facet normal 0 1 0
    outer loop
      vertex 1 17.2 0
      vertex 26.428 17.2 8.13495
      vertex 26.8221 17.2 7.84265
    endloop
  endfacet
  facet normal 0 1 0
    outer loop
      vertex 1 17.2 0
      vertex 26.8221 17.2 7.84265
      vertex 27.243 17.2 7.59039
    endloop
  endfacet
  facet normal 0 1 0
    outer loop
      vertex 1 17.2 0
      vertex 27.243 17.2 7.59039
      vertex 27.6866 17.2 7.3806
    endloop
  endfacet
  facet normal 0 1 0
    outer loop
      vertex 1 17.2 0
      vertex 27.6866 17.2 7.3806
      vertex 28.1486 17.2 7.2153
    endloop
  endfacet
  facet normal 0 1 0
    outer loop
      vertex 1 17.2 0
      vertex 29.6 17.2 7
      vertex 58.2 17.2 0
    endloop
  endfacet
  facet normal 0 1 0
    outer loop
      vertex 29.6 17.2 7
      vertex 1 17.2 0
      vertex 29.1099 17.2 7.02408
    endloop
  endfacet
  facet normal 0 1 0
    outer loop
      vertex 24.6961 17.2 11.0245
      vertex 1 17.2 0
      vertex 1 17.2 16
    endloop
  endfacet
  facet normal 0 1 0
    outer loop
      vertex 28.6245 17.2 7.09607
      vertex 1 17.2 0
      vertex 28.1486 17.2 7.2153
    endloop
  endfacet
  facet normal 0 1 0
    outer loop
      vertex 29.1099 17.2 7.02408
      vertex 1 17.2 0
      vertex 28.6245 17.2 7.09607
    endloop
  endfacet
  facet normal 0.427602 -0.903967 0
    outer loop
      vertex 58.5827 0.0761204 0
      vertex 58.6714 0.118078 4
      vertex 58.5827 0.0761204 4
    endloop
  endfacet
  facet normal 0.427602 -0.903967 0
    outer loop
      vertex 58.6714 0.118078 4
      vertex 58.5827 0.0761204 0
      vertex 58.6714 0.118078 0
    endloop
  endfacet
  facet normal 0.427602 -0.903967 0
    outer loop
      vertex 58.5827 0.0761204 13.2
      vertex 58.6714 0.118078 16
      vertex 58.5827 0.0761204 16
    endloop
  endfacet
  facet normal 0.427602 -0.903967 0
    outer loop
      vertex 58.6714 0.118078 16
      vertex 58.5827 0.0761204 13.2
      vertex 58.6714 0.118078 13.2
    endloop
  endfacet
  facet normal 0.427602 -0.903967 0
    outer loop
      vertex 58.5827 0.0761204 6.2
      vertex 58.6714 0.118078 11
      vertex 58.5827 0.0761204 11
    endloop
  endfacet
  facet normal 0.427602 -0.903967 0
    outer loop
      vertex 58.6714 0.118078 11
      vertex 58.5827 0.0761204 6.2
      vertex 58.6714 0.118078 6.2
    endloop
  endfacet
  facet normal 0.243494 0.969902 -0
    outer loop
      vertex 58.4903 17.1569 0
      vertex 58.3951 17.1808 16
      vertex 58.4903 17.1569 16
    endloop
  endfacet
  facet normal 0.243494 0.969902 0
    outer loop
      vertex 58.3951 17.1808 16
      vertex 58.4903 17.1569 0
      vertex 58.3951 17.1808 0
    endloop
  endfacet
  facet normal -0.427904 0.903824 0
    outer loop
      vertex 0.617316 17.1239 0
      vertex 0.528603 17.0819 16
      vertex 0.617316 17.1239 16
    endloop
  endfacet
  facet normal -0.427904 0.903824 0
    outer loop
      vertex 0.528603 17.0819 16
      vertex 0.617316 17.1239 0
      vertex 0.528603 17.0819 0
    endloop
  endfacet
  facet normal -0.243509 0.969899 0
    outer loop
      vertex 0.804909 17.1808 0
      vertex 0.709715 17.1569 16
      vertex 0.804909 17.1808 16
    endloop
  endfacet
  facet normal -0.243509 0.969899 0
    outer loop
      vertex 0.709715 17.1569 16
      vertex 0.804909 17.1808 0
      vertex 0.709715 17.1569 0
    endloop
  endfacet
  facet normal 0.242964 -0.970035 0
    outer loop
      vertex 58.3951 0.0192146 13.2
      vertex 58.4903 0.0430593 16
      vertex 58.3951 0.0192146 16
    endloop
  endfacet
  facet normal 0.242964 -0.970035 0
    outer loop
      vertex 58.4903 0.0430593 16
      vertex 58.3951 0.0192146 13.2
      vertex 58.4903 0.0430593 13.2
    endloop
  endfacet
  facet normal 0.242964 -0.970035 0
    outer loop
      vertex 58.3951 0.0192146 0
      vertex 58.4903 0.0430593 4
      vertex 58.3951 0.0192146 4
    endloop
  endfacet
  facet normal 0.242964 -0.970035 0
    outer loop
      vertex 58.4903 0.0430593 4
      vertex 58.3951 0.0192146 0
      vertex 58.4903 0.0430593 0
    endloop
  endfacet
  facet normal 0.242964 -0.970035 0
    outer loop
      vertex 58.3951 0.0192146 6.2
      vertex 58.4903 0.0430593 11
      vertex 58.3951 0.0192146 11
    endloop
  endfacet
  facet normal 0.242964 -0.970035 0
    outer loop
      vertex 58.4903 0.0430593 11
      vertex 58.3951 0.0192146 6.2
      vertex 58.4903 0.0430593 6.2
    endloop
  endfacet
  facet normal 0.513596 0.858032 -0
    outer loop
      vertex 58.7556 17.0315 0
      vertex 58.6714 17.0819 16
      vertex 58.7556 17.0315 16
    endloop
  endfacet
  facet normal 0.513596 0.858032 0
    outer loop
      vertex 58.6714 17.0819 16
      vertex 58.7556 17.0315 0
      vertex 58.6714 17.0819 0
    endloop
  endfacet
  facet normal -0.740957 -0.671553 0
    outer loop
      vertex 0.292892 0.292892 0
      vertex 0.226989 0.365606 16
      vertex 0.226989 0.365606 0
    endloop
  endfacet
  facet normal -0.740957 -0.671553 0
    outer loop
      vertex 0.226989 0.365606 16
      vertex 0.292892 0.292892 0
      vertex 0.292892 0.292892 16
    endloop
  endfacet
  facet normal 0.858032 0.513596 0
    outer loop
      vertex 59.0819 16.6714 16
      vertex 59.0315 16.7556 0
      vertex 59.0315 16.7556 16
    endloop
  endfacet
  facet normal 0.858032 0.513596 0
    outer loop
      vertex 59.0315 16.7556 0
      vertex 59.0819 16.6714 16
      vertex 59.0819 16.6714 0
    endloop
  endfacet
  facet normal 0 -1 0
    outer loop
      vertex 1 0 0
      vertex 58.2 0 4
      vertex 1 0 4
    endloop
  endfacet
  facet normal 0 -1 -0
    outer loop
      vertex 58.2 0 4
      vertex 1 0 0
      vertex 58.2 0 0
    endloop
  endfacet
  facet normal 0 -1 0
    outer loop
      vertex 1 0 13.2
      vertex 58.2 0 16
      vertex 1 0 16
    endloop
  endfacet
  facet normal 0 -1 -0
    outer loop
      vertex 58.2 0 16
      vertex 1 0 13.2
      vertex 58.2 0 13.2
    endloop
  endfacet
  facet normal 0 -1 0
    outer loop
      vertex 1 0 6.2
      vertex 58.2 0 11
      vertex 1 0 11
    endloop
  endfacet
  facet normal 0 -1 -0
    outer loop
      vertex 58.2 0 11
      vertex 1 0 6.2
      vertex 58.2 0 6.2
    endloop
  endfacet
  facet normal -0.903991 -0.427551 0
    outer loop
      vertex 0.118078 0.528603 0
      vertex 0.0761204 0.617316 16
      vertex 0.0761204 0.617316 0
    endloop
  endfacet
  facet normal -0.903991 -0.427551 0
    outer loop
      vertex 0.0761204 0.617316 16
      vertex 0.118078 0.528603 0
      vertex 0.118078 0.528603 16
    endloop
  endfacet
  facet normal 0.146696 0.989182 -0
    outer loop
      vertex 58.3951 17.1808 0
      vertex 58.298 17.1952 16
      vertex 58.3951 17.1808 16
    endloop
  endfacet
  facet normal 0.146696 0.989182 0
    outer loop
      vertex 58.298 17.1952 16
      vertex 58.3951 17.1808 0
      vertex 58.298 17.1952 0
    endloop
  endfacet
  facet normal -0.242979 -0.970032 0
    outer loop
      vertex 0.709715 0.0430593 0
      vertex 0.804909 0.0192146 4
      vertex 0.709715 0.0430593 4
    endloop
  endfacet
  facet normal -0.242979 -0.970032 -0
    outer loop
      vertex 0.804909 0.0192146 4
      vertex 0.709715 0.0430593 0
      vertex 0.804909 0.0192146 0
    endloop
  endfacet
  facet normal -0.242979 -0.970032 0
    outer loop
      vertex 0.709715 0.0430593 13.2
      vertex 0.804909 0.0192146 16
      vertex 0.709715 0.0430593 16
    endloop
  endfacet
  facet normal -0.242979 -0.970032 -0
    outer loop
      vertex 0.804909 0.0192146 16
      vertex 0.709715 0.0430593 13.2
      vertex 0.804909 0.0192146 13.2
    endloop
  endfacet
  facet normal -0.242979 -0.970032 0
    outer loop
      vertex 0.709715 0.0430593 6.2
      vertex 0.804909 0.0192146 11
      vertex 0.709715 0.0430593 11
    endloop
  endfacet
  facet normal -0.242979 -0.970032 -0
    outer loop
      vertex 0.804909 0.0192146 11
      vertex 0.709715 0.0430593 6.2
      vertex 0.804909 0.0192146 6.2
    endloop
  endfacet
  facet normal -0.989176 -0.146731 0
    outer loop
      vertex 0.0192146 0.804909 0
      vertex 0.0048151 0.901982 16
      vertex 0.0048151 0.901982 0
    endloop
  endfacet
  facet normal -0.989176 -0.146731 0
    outer loop
      vertex 0.0048151 0.901982 16
      vertex 0.0192146 0.804909 0
      vertex 0.0192146 0.804909 16
    endloop
  endfacet
  facet normal 0.989182 0.146696 0
    outer loop
      vertex 59.1952 16.298 16
      vertex 59.1808 16.3951 0
      vertex 59.1808 16.3951 16
    endloop
  endfacet
  facet normal 0.989182 0.146696 0
    outer loop
      vertex 59.1808 16.3951 0
      vertex 59.1952 16.298 16
      vertex 59.1952 16.298 0
    endloop
  endfacet
  facet normal -0.336892 -0.941543 0
    outer loop
      vertex 0.617316 0.0761204 0
      vertex 0.709715 0.0430593 4
      vertex 0.617316 0.0761204 4
    endloop
  endfacet
  facet normal -0.336892 -0.941543 -0
    outer loop
      vertex 0.709715 0.0430593 4
      vertex 0.617316 0.0761204 0
      vertex 0.709715 0.0430593 0
    endloop
  endfacet
  facet normal -0.336892 -0.941543 0
    outer loop
      vertex 0.617316 0.0761204 13.2
      vertex 0.709715 0.0430593 16
      vertex 0.617316 0.0761204 16
    endloop
  endfacet
  facet normal -0.336892 -0.941543 -0
    outer loop
      vertex 0.709715 0.0430593 16
      vertex 0.617316 0.0761204 13.2
      vertex 0.709715 0.0430593 13.2
    endloop
  endfacet
  facet normal -0.336892 -0.941543 0
    outer loop
      vertex 0.617316 0.0761204 6.2
      vertex 0.709715 0.0430593 11
      vertex 0.617316 0.0761204 11
    endloop
  endfacet
  facet normal -0.336892 -0.941543 -0
    outer loop
      vertex 0.709715 0.0430593 11
      vertex 0.617316 0.0761204 6.2
      vertex 0.709715 0.0430593 6.2
    endloop
  endfacet
  facet normal 0.427955 0.9038 -0
    outer loop
      vertex 58.6714 17.0819 0
      vertex 58.5827 17.1239 16
      vertex 58.6714 17.0819 16
    endloop
  endfacet
  facet normal 0.427955 0.9038 0
    outer loop
      vertex 58.5827 17.1239 16
      vertex 58.6714 17.0819 0
      vertex 58.5827 17.1239 0
    endloop
  endfacet
  facet normal 0.998803 0.0489209 0
    outer loop
      vertex 59.2 16.2 16
      vertex 59.1952 16.298 0
      vertex 59.1952 16.298 16
    endloop
  endfacet
  facet normal 0.998803 0.0489209 0
    outer loop
      vertex 59.1952 16.298 0
      vertex 59.2 16.2 16
      vertex 59.2 16.2 0
    endloop
  endfacet
  facet normal -1 0 0
    outer loop
      vertex 0 1 0
      vertex 0 16.2 16
      vertex 0 16.2 0
    endloop
  endfacet
  facet normal -1 -0 0
    outer loop
      vertex 0 16.2 16
      vertex 0 1 0
      vertex 0 1 16
    endloop
  endfacet
  facet normal 0.0489209 0.998803 -0
    outer loop
      vertex 58.298 17.1952 0
      vertex 58.2 17.2 16
      vertex 58.298 17.1952 16
    endloop
  endfacet
  facet normal 0.0489209 0.998803 0
    outer loop
      vertex 58.2 17.2 16
      vertex 58.298 17.1952 0
      vertex 58.2 17.2 0
    endloop
  endfacet
  facet normal 0.671607 0.740908 -0
    outer loop
      vertex 58.9071 16.9071 0
      vertex 58.8344 16.973 16
      vertex 58.9071 16.9071 16
    endloop
  endfacet
  facet normal 0.671607 0.740908 0
    outer loop
      vertex 58.8344 16.973 16
      vertex 58.9071 16.9071 0
      vertex 58.8344 16.973 0
    endloop
  endfacet
  facet normal 0.803008 -0.595968 0
    outer loop
      vertex 58.973 0.365606 16
      vertex 59.0315 0.444429 0
      vertex 59.0315 0.444429 16
    endloop
  endfacet
  facet normal 0.803008 -0.595968 0
    outer loop
      vertex 59.0315 0.444429 0
      vertex 58.973 0.365606 16
      vertex 58.973 0.365606 0
    endloop
  endfacet
  facet normal -0.33634 0.941741 0
    outer loop
      vertex 0.709715 17.1569 0
      vertex 0.617316 17.1239 16
      vertex 0.709715 17.1569 16
    endloop
  endfacet
  facet normal -0.33634 0.941741 0
    outer loop
      vertex 0.617316 17.1239 16
      vertex 0.709715 17.1569 0
      vertex 0.617316 17.1239 0
    endloop
  endfacet
  facet normal 0.903824 -0.427904 0
    outer loop
      vertex 59.0819 0.528603 16
      vertex 59.1239 0.617316 0
      vertex 59.1239 0.617316 16
    endloop
  endfacet
  facet normal 0.903824 -0.427904 0
    outer loop
      vertex 59.1239 0.617316 0
      vertex 59.0819 0.528603 16
      vertex 59.0819 0.528603 0
    endloop
  endfacet
  facet normal 0.941742 0.336336 0
    outer loop
      vertex 59.1569 16.4903 16
      vertex 59.1239 16.5827 0
      vertex 59.1239 16.5827 16
    endloop
  endfacet
  facet normal 0.941742 0.336336 0
    outer loop
      vertex 59.1239 16.5827 0
      vertex 59.1569 16.4903 16
      vertex 59.1569 16.4903 0
    endloop
  endfacet
  facet normal -0.998795 0.0490745 0
    outer loop
      vertex 0 16.2 0
      vertex 0.0048151 16.298 16
      vertex 0.0048151 16.298 0
    endloop
  endfacet
  facet normal -0.998795 0.0490745 0
    outer loop
      vertex 0.0048151 16.298 16
      vertex 0 16.2 0
      vertex 0 16.2 16
    endloop
  endfacet
  facet normal -0.146736 0.989176 0
    outer loop
      vertex 0.901982 17.1952 0
      vertex 0.804909 17.1808 16
      vertex 0.901982 17.1952 16
    endloop
  endfacet
  facet normal -0.146736 0.989176 0
    outer loop
      vertex 0.804909 17.1808 16
      vertex 0.901982 17.1952 0
      vertex 0.804909 17.1808 0
    endloop
  endfacet
  facet normal -0.903967 0.427602 0
    outer loop
      vertex 0.0761204 16.5827 0
      vertex 0.118078 16.6714 16
      vertex 0.118078 16.6714 0
    endloop
  endfacet
  facet normal -0.903967 0.427602 0
    outer loop
      vertex 0.118078 16.6714 16
      vertex 0.0761204 16.5827 0
      vertex 0.0761204 16.5827 16
    endloop
  endfacet
  facet normal 0.595993 -0.80299 0
    outer loop
      vertex 58.7556 0.16853 4
      vertex 58.7556 0.16853 0
      vertex 58.798 0.2 4
    endloop
  endfacet
  facet normal 0.595993 -0.80299 0
    outer loop
      vertex 58.7556 0.16853 11
      vertex 58.7556 0.16853 6.2
      vertex 58.798 0.2 11
    endloop
  endfacet
  facet normal 0.595993 -0.80299 0
    outer loop
      vertex 58.798 0.2 13.2
      vertex 58.7556 0.16853 16
      vertex 58.7556 0.16853 13.2
    endloop
  endfacet
  facet normal 0.595811 -0.803125 -4.27479e-06
    outer loop
      vertex 58.7556 0.16853 16
      vertex 58.798 0.2 13.2
      vertex 58.8344 0.226989 16
    endloop
  endfacet
  facet normal 0.595599 -0.803282 0
    outer loop
      vertex 58.798 0.2 11
      vertex 58.8344 0.226989 16
      vertex 58.798 0.2 13.2
    endloop
  endfacet
  facet normal 0.595993 -0.80299 0
    outer loop
      vertex 58.798 0.2 6.2
      vertex 58.798 0.2 11
      vertex 58.7556 0.16853 6.2
    endloop
  endfacet
  facet normal 0.595599 -0.803282 0
    outer loop
      vertex 58.798 0.2 6.2
      vertex 58.8344 0.226989 16
      vertex 58.798 0.2 11
    endloop
  endfacet
  facet normal 0.595599 -0.803282 0
    outer loop
      vertex 58.798 0.2 4
      vertex 58.8344 0.226989 16
      vertex 58.798 0.2 6.2
    endloop
  endfacet
  facet normal 0.595599 -0.803282 0
    outer loop
      vertex 58.798 0.2 4
      vertex 58.8344 0.226989 0
      vertex 58.8344 0.226989 16
    endloop
  endfacet
  facet normal 0.595811 -0.803125 2.99235e-06
    outer loop
      vertex 58.8344 0.226989 0
      vertex 58.798 0.2 4
      vertex 58.7556 0.16853 0
    endloop
  endfacet
  facet normal 0.969899 -0.243509 0
    outer loop
      vertex 59.1569 0.709715 16
      vertex 59.1808 0.804909 0
      vertex 59.1808 0.804909 16
    endloop
  endfacet
  facet normal 0.969899 -0.243509 0
    outer loop
      vertex 59.1808 0.804909 0
      vertex 59.1569 0.709715 16
      vertex 59.1569 0.709715 0
    endloop
  endfacet
  facet normal 0.941741 -0.33634 0
    outer loop
      vertex 59.1239 0.617316 16
      vertex 59.1569 0.709715 0
      vertex 59.1569 0.709715 16
    endloop
  endfacet
  facet normal 0.941741 -0.33634 0
    outer loop
      vertex 59.1569 0.709715 0
      vertex 59.1239 0.617316 16
      vertex 59.1239 0.617316 0
    endloop
  endfacet
  facet normal 0.740972 -0.671536 0
    outer loop
      vertex 58.9071 0.292892 16
      vertex 58.973 0.365606 0
      vertex 58.973 0.365606 16
    endloop
  endfacet
  facet normal 0.740972 -0.671536 0
    outer loop
      vertex 58.973 0.365606 0
      vertex 58.9071 0.292892 16
      vertex 58.9071 0.292892 0
    endloop
  endfacet
  facet normal 0.336889 -0.941545 0
    outer loop
      vertex 58.4903 0.0430593 0
      vertex 58.5827 0.0761204 4
      vertex 58.4903 0.0430593 4
    endloop
  endfacet
  facet normal 0.336889 -0.941545 0
    outer loop
      vertex 58.5827 0.0761204 4
      vertex 58.4903 0.0430593 0
      vertex 58.5827 0.0761204 0
    endloop
  endfacet
  facet normal 0.336889 -0.941545 0
    outer loop
      vertex 58.4903 0.0430593 13.2
      vertex 58.5827 0.0761204 16
      vertex 58.4903 0.0430593 16
    endloop
  endfacet
  facet normal 0.336889 -0.941545 0
    outer loop
      vertex 58.5827 0.0761204 16
      vertex 58.4903 0.0430593 13.2
      vertex 58.5827 0.0761204 13.2
    endloop
  endfacet
  facet normal 0.336889 -0.941545 0
    outer loop
      vertex 58.4903 0.0430593 6.2
      vertex 58.5827 0.0761204 11
      vertex 58.4903 0.0430593 11
    endloop
  endfacet
  facet normal 0.336889 -0.941545 0
    outer loop
      vertex 58.5827 0.0761204 11
      vertex 58.4903 0.0430593 6.2
      vertex 58.5827 0.0761204 6.2
    endloop
  endfacet
  facet normal -0.803208 -0.595699 0
    outer loop
      vertex 0.226989 0.365606 0
      vertex 0.16853 0.444429 16
      vertex 0.16853 0.444429 0
    endloop
  endfacet
  facet normal -0.803208 -0.595699 0
    outer loop
      vertex 0.16853 0.444429 16
      vertex 0.226989 0.365606 0
      vertex 0.226989 0.365606 16
    endloop
  endfacet
  facet normal 0.513986 -0.857798 0
    outer loop
      vertex 58.6714 0.118078 0
      vertex 58.7556 0.16853 4
      vertex 58.6714 0.118078 4
    endloop
  endfacet
  facet normal 0.513986 -0.857798 0
    outer loop
      vertex 58.7556 0.16853 4
      vertex 58.6714 0.118078 0
      vertex 58.7556 0.16853 0
    endloop
  endfacet
  facet normal 0.513986 -0.857798 0
    outer loop
      vertex 58.6714 0.118078 13.2
      vertex 58.7556 0.16853 16
      vertex 58.6714 0.118078 16
    endloop
  endfacet
  facet normal 0.513986 -0.857798 0
    outer loop
      vertex 58.7556 0.16853 16
      vertex 58.6714 0.118078 13.2
      vertex 58.7556 0.16853 13.2
    endloop
  endfacet
  facet normal 0.513986 -0.857798 0
    outer loop
      vertex 58.6714 0.118078 6.2
      vertex 58.7556 0.16853 11
      vertex 58.6714 0.118078 11
    endloop
  endfacet
  facet normal 0.513986 -0.857798 0
    outer loop
      vertex 58.7556 0.16853 11
      vertex 58.6714 0.118078 6.2
      vertex 58.7556 0.16853 6.2
    endloop
  endfacet
  facet normal 0.9038 0.427955 0
    outer loop
      vertex 59.1239 16.5827 16
      vertex 59.0819 16.6714 0
      vertex 59.0819 16.6714 16
    endloop
  endfacet
  facet normal 0.9038 0.427955 0
    outer loop
      vertex 59.0819 16.6714 0
      vertex 59.1239 16.5827 16
      vertex 59.1239 16.5827 0
    endloop
  endfacet
  facet normal -0.989182 0.146691 0
    outer loop
      vertex 0.0048151 16.298 0
      vertex 0.0192146 16.3951 16
      vertex 0.0192146 16.3951 0
    endloop
  endfacet
  facet normal -0.989182 0.146691 0
    outer loop
      vertex 0.0192146 16.3951 16
      vertex 0.0048151 16.298 0
      vertex 0.0048151 16.298 16
    endloop
  endfacet
  facet normal 0.0490745 -0.998795 0
    outer loop
      vertex 58.2 0 0
      vertex 58.298 0.0048151 4
      vertex 58.2 0 4
    endloop
  endfacet
  facet normal 0.0490745 -0.998795 0
    outer loop
      vertex 58.298 0.0048151 4
      vertex 58.2 0 0
      vertex 58.298 0.0048151 0
    endloop
  endfacet
  facet normal 0.0490745 -0.998795 0
    outer loop
      vertex 58.2 0 13.2
      vertex 58.298 0.0048151 16
      vertex 58.2 0 16
    endloop
  endfacet
  facet normal 0.0490745 -0.998795 0
    outer loop
      vertex 58.298 0.0048151 16
      vertex 58.2 0 13.2
      vertex 58.298 0.0048151 13.2
    endloop
  endfacet
  facet normal 0.0490745 -0.998795 0
    outer loop
      vertex 58.2 0 6.2
      vertex 58.298 0.0048151 11
      vertex 58.2 0 11
    endloop
  endfacet
  facet normal 0.0490745 -0.998795 0
    outer loop
      vertex 58.298 0.0048151 11
      vertex 58.2 0 6.2
      vertex 58.298 0.0048151 6.2
    endloop
  endfacet
  facet normal 0.146691 -0.989182 0
    outer loop
      vertex 58.298 0.0048151 13.2
      vertex 58.3951 0.0192146 16
      vertex 58.298 0.0048151 16
    endloop
  endfacet
  facet normal 0.146691 -0.989182 0
    outer loop
      vertex 58.3951 0.0192146 16
      vertex 58.298 0.0048151 13.2
      vertex 58.3951 0.0192146 13.2
    endloop
  endfacet
  facet normal 0.146691 -0.989182 0
    outer loop
      vertex 58.298 0.0048151 0
      vertex 58.3951 0.0192146 4
      vertex 58.298 0.0048151 4
    endloop
  endfacet
  facet normal 0.146691 -0.989182 0
    outer loop
      vertex 58.3951 0.0192146 4
      vertex 58.298 0.0048151 0
      vertex 58.3951 0.0192146 0
    endloop
  endfacet
  facet normal 0.146691 -0.989182 0
    outer loop
      vertex 58.298 0.0048151 6.2
      vertex 58.3951 0.0192146 11
      vertex 58.298 0.0048151 11
    endloop
  endfacet
  facet normal 0.146691 -0.989182 0
    outer loop
      vertex 58.3951 0.0192146 11
      vertex 58.298 0.0048151 6.2
      vertex 58.3951 0.0192146 6.2
    endloop
  endfacet
  facet normal -0.998796 -0.0490655 0
    outer loop
      vertex 0.0048151 0.901982 0
      vertex 0 1 16
      vertex 0 1 0
    endloop
  endfacet
  facet normal -0.998796 -0.0490655 0
    outer loop
      vertex 0 1 16
      vertex 0.0048151 0.901982 0
      vertex 0.0048151 0.901982 16
    endloop
  endfacet
  facet normal -0.513713 0.857962 0
    outer loop
      vertex 0.528603 17.0819 0
      vertex 0.444429 17.0315 16
      vertex 0.528603 17.0819 16
    endloop
  endfacet
  facet normal -0.513713 0.857962 0
    outer loop
      vertex 0.444429 17.0315 16
      vertex 0.528603 17.0819 0
      vertex 0.444429 17.0315 0
    endloop
  endfacet
  facet normal -0.146731 -0.989176 0
    outer loop
      vertex 0.804909 0.0192146 13.2
      vertex 0.901982 0.0048151 16
      vertex 0.804909 0.0192146 16
    endloop
  endfacet
  facet normal -0.146731 -0.989176 -0
    outer loop
      vertex 0.901982 0.0048151 16
      vertex 0.804909 0.0192146 13.2
      vertex 0.901982 0.0048151 13.2
    endloop
  endfacet
  facet normal -0.146731 -0.989176 0
    outer loop
      vertex 0.804909 0.0192146 0
      vertex 0.901982 0.0048151 4
      vertex 0.804909 0.0192146 4
    endloop
  endfacet
  facet normal -0.146731 -0.989176 -0
    outer loop
      vertex 0.901982 0.0048151 4
      vertex 0.804909 0.0192146 0
      vertex 0.901982 0.0048151 0
    endloop
  endfacet
  facet normal -0.146731 -0.989176 0
    outer loop
      vertex 0.804909 0.0192146 6.2
      vertex 0.901982 0.0048151 11
      vertex 0.804909 0.0192146 11
    endloop
  endfacet
  facet normal -0.146731 -0.989176 -0
    outer loop
      vertex 0.901982 0.0048151 11
      vertex 0.804909 0.0192146 6.2
      vertex 0.901982 0.0048151 6.2
    endloop
  endfacet
  facet normal 0.998803 -0.048912 0
    outer loop
      vertex 59.1952 0.901982 16
      vertex 59.2 1 0
      vertex 59.2 1 16
    endloop
  endfacet
  facet normal 0.998803 -0.048912 0
    outer loop
      vertex 59.2 1 0
      vertex 59.1952 0.901982 16
      vertex 59.1952 0.901982 0
    endloop
  endfacet
  facet normal -0.857798 0.513986 0
    outer loop
      vertex 0.118078 16.6714 0
      vertex 0.16853 16.7556 16
      vertex 0.16853 16.7556 0
    endloop
  endfacet
  facet normal -0.857798 0.513986 0
    outer loop
      vertex 0.16853 16.7556 16
      vertex 0.118078 16.6714 0
      vertex 0.118078 16.6714 16
    endloop
  endfacet
  facet normal 0.802925 0.59608 0
    outer loop
      vertex 59.0315 16.7556 16
      vertex 58.973 16.8344 0
      vertex 58.973 16.8344 16
    endloop
  endfacet
  facet normal 0.802925 0.59608 0
    outer loop
      vertex 58.973 16.8344 0
      vertex 59.0315 16.7556 16
      vertex 59.0315 16.7556 0
    endloop
  endfacet
  facet normal 0.740908 0.671607 0
    outer loop
      vertex 58.973 16.8344 16
      vertex 58.9071 16.9071 0
      vertex 58.9071 16.9071 16
    endloop
  endfacet
  facet normal 0.740908 0.671607 0
    outer loop
      vertex 58.9071 16.9071 0
      vertex 58.973 16.8344 16
      vertex 58.973 16.8344 0
    endloop
  endfacet
  facet normal -0.803125 0.595811 0
    outer loop
      vertex 0.16853 16.7556 0
      vertex 0.226989 16.8344 16
      vertex 0.226989 16.8344 0
    endloop
  endfacet
  facet normal -0.803125 0.595811 0
    outer loop
      vertex 0.226989 16.8344 16
      vertex 0.16853 16.7556 0
      vertex 0.16853 16.7556 16
    endloop
  endfacet
  facet normal -0.671553 -0.740957 0
    outer loop
      vertex 0.292892 0.292892 0
      vertex 0.365606 0.226989 16
      vertex 0.292892 0.292892 16
    endloop
  endfacet
  facet normal -0.671553 -0.740957 -0
    outer loop
      vertex 0.365606 0.226989 16
      vertex 0.292892 0.292892 0
      vertex 0.365606 0.226989 0
    endloop
  endfacet
  facet normal -0.427551 -0.903991 0
    outer loop
      vertex 0.528603 0.118078 13.2
      vertex 0.617316 0.0761204 16
      vertex 0.528603 0.118078 16
    endloop
  endfacet
  facet normal -0.427551 -0.903991 -0
    outer loop
      vertex 0.617316 0.0761204 16
      vertex 0.528603 0.118078 13.2
      vertex 0.617316 0.0761204 13.2
    endloop
  endfacet
  facet normal -0.427551 -0.903991 0
    outer loop
      vertex 0.528603 0.118078 0
      vertex 0.617316 0.0761204 4
      vertex 0.528603 0.118078 4
    endloop
  endfacet
  facet normal -0.427551 -0.903991 -0
    outer loop
      vertex 0.617316 0.0761204 4
      vertex 0.528603 0.118078 0
      vertex 0.617316 0.0761204 0
    endloop
  endfacet
  facet normal -0.427551 -0.903991 0
    outer loop
      vertex 0.528603 0.118078 6.2
      vertex 0.617316 0.0761204 11
      vertex 0.528603 0.118078 11
    endloop
  endfacet
  facet normal -0.427551 -0.903991 -0
    outer loop
      vertex 0.617316 0.0761204 11
      vertex 0.528603 0.118078 6.2
      vertex 0.617316 0.0761204 6.2
    endloop
  endfacet
  facet normal -0.671536 0.740972 0
    outer loop
      vertex 0.365606 16.973 0
      vertex 0.292892 16.9071 16
      vertex 0.365606 16.973 16
    endloop
  endfacet
  facet normal -0.671536 0.740972 0
    outer loop
      vertex 0.292892 16.9071 16
      vertex 0.365606 16.973 0
      vertex 0.292892 16.9071 0
    endloop
  endfacet
  facet normal -0.970035 0.242964 0
    outer loop
      vertex 0.0192146 16.3951 0
      vertex 0.0430593 16.4903 16
      vertex 0.0430593 16.4903 0
    endloop
  endfacet
  facet normal -0.970035 0.242964 0
    outer loop
      vertex 0.0430593 16.4903 16
      vertex 0.0192146 16.3951 0
      vertex 0.0192146 16.3951 16
    endloop
  endfacet
  facet normal 0.969902 0.243494 0
    outer loop
      vertex 59.1808 16.3951 16
      vertex 59.1569 16.4903 0
      vertex 59.1569 16.4903 16
    endloop
  endfacet
  facet normal 0.969902 0.243494 0
    outer loop
      vertex 59.1569 16.4903 0
      vertex 59.1808 16.3951 16
      vertex 59.1808 16.3951 0
    endloop
  endfacet
  facet normal 0.857962 -0.513713 0
    outer loop
      vertex 59.0315 0.444429 16
      vertex 59.0819 0.528603 0
      vertex 59.0819 0.528603 16
    endloop
  endfacet
  facet normal 0.857962 -0.513713 0
    outer loop
      vertex 59.0819 0.528603 0
      vertex 59.0315 0.444429 16
      vertex 59.0315 0.444429 0
    endloop
  endfacet
  facet normal -0.857728 -0.514103 0
    outer loop
      vertex 0.16853 0.444429 0
      vertex 0.118078 0.528603 16
      vertex 0.118078 0.528603 0
    endloop
  endfacet
  facet normal -0.857728 -0.514103 0
    outer loop
      vertex 0.118078 0.528603 16
      vertex 0.16853 0.444429 0
      vertex 0.16853 0.444429 16
    endloop
  endfacet
  facet normal -0.514103 -0.857728 0
    outer loop
      vertex 0.444429 0.16853 0
      vertex 0.528603 0.118078 4
      vertex 0.444429 0.16853 4
    endloop
  endfacet
  facet normal -0.514103 -0.857728 -0
    outer loop
      vertex 0.528603 0.118078 4
      vertex 0.444429 0.16853 0
      vertex 0.528603 0.118078 0
    endloop
  endfacet
  facet normal -0.514103 -0.857728 0
    outer loop
      vertex 0.444429 0.16853 13.2
      vertex 0.528603 0.118078 16
      vertex 0.444429 0.16853 16
    endloop
  endfacet
  facet normal -0.514103 -0.857728 -0
    outer loop
      vertex 0.528603 0.118078 16
      vertex 0.444429 0.16853 13.2
      vertex 0.528603 0.118078 13.2
    endloop
  endfacet
  facet normal -0.514103 -0.857728 0
    outer loop
      vertex 0.444429 0.16853 6.2
      vertex 0.528603 0.118078 11
      vertex 0.444429 0.16853 11
    endloop
  endfacet
  facet normal -0.514103 -0.857728 -0
    outer loop
      vertex 0.528603 0.118078 11
      vertex 0.444429 0.16853 6.2
      vertex 0.528603 0.118078 6.2
    endloop
  endfacet
  facet normal -0.941543 -0.336892 0
    outer loop
      vertex 0.0761204 0.617316 0
      vertex 0.0430593 0.709715 16
      vertex 0.0430593 0.709715 0
    endloop
  endfacet
  facet normal -0.941543 -0.336892 0
    outer loop
      vertex 0.0430593 0.709715 16
      vertex 0.0761204 0.617316 0
      vertex 0.0761204 0.617316 16
    endloop
  endfacet
  facet normal -0.970032 -0.242979 0
    outer loop
      vertex 0.0430593 0.709715 0
      vertex 0.0192146 0.804909 16
      vertex 0.0192146 0.804909 0
    endloop
  endfacet
  facet normal -0.970032 -0.242979 0
    outer loop
      vertex 0.0192146 0.804909 16
      vertex 0.0430593 0.709715 0
      vertex 0.0430593 0.709715 16
    endloop
  endfacet
  facet normal 0.989176 -0.146736 0
    outer loop
      vertex 59.1808 0.804909 16
      vertex 59.1952 0.901982 0
      vertex 59.1952 0.901982 16
    endloop
  endfacet
  facet normal 0.989176 -0.146736 0
    outer loop
      vertex 59.1952 0.901982 0
      vertex 59.1808 0.804909 16
      vertex 59.1808 0.804909 0
    endloop
  endfacet
  facet normal -0.941545 0.336889 0
    outer loop
      vertex 0.0430593 16.4903 0
      vertex 0.0761204 16.5827 16
      vertex 0.0761204 16.5827 0
    endloop
  endfacet
  facet normal -0.941545 0.336889 0
    outer loop
      vertex 0.0761204 16.5827 16
      vertex 0.0430593 16.4903 0
      vertex 0.0430593 16.4903 16
    endloop
  endfacet
  facet normal -0.740892 0.671624 0
    outer loop
      vertex 0.226989 16.8344 0
      vertex 0.292892 16.9071 16
      vertex 0.292892 16.9071 0
    endloop
  endfacet
  facet normal -0.740892 0.671624 0
    outer loop
      vertex 0.292892 16.9071 16
      vertex 0.226989 16.8344 0
      vertex 0.226989 16.8344 16
    endloop
  endfacet
  facet normal 0 0 1
    outer loop
      vertex 26.61 17.2 16
      vertex 1 17.2 16
      vertex 26.61 11.4 16
    endloop
  endfacet
  facet normal 0 0 1
    outer loop
      vertex 58.2 17.2 16
      vertex 59.2 16.2 16
      vertex 59.1952 16.298 16
    endloop
  endfacet
  facet normal 0 0 1
    outer loop
      vertex 59.2 16.2 16
      vertex 58.2 17.2 16
      vertex 59.2 1 16
    endloop
  endfacet
  facet normal 0 0 1
    outer loop
      vertex 58.2 17.2 16
      vertex 59.1952 16.298 16
      vertex 59.1808 16.3951 16
    endloop
  endfacet
  facet normal 0 0 1
    outer loop
      vertex 58.2 0 16
      vertex 59.2 1 16
      vertex 58.2 17.2 16
    endloop
  endfacet
  facet normal 0 0 1
    outer loop
      vertex 58.2 17.2 16
      vertex 59.1808 16.3951 16
      vertex 59.1569 16.4903 16
    endloop
  endfacet
  facet normal 0 0 1
    outer loop
      vertex 59.2 1 16
      vertex 58.2 0 16
      vertex 59.1952 0.901982 16
    endloop
  endfacet
  facet normal 0 0 1
    outer loop
      vertex 58.2 17.2 16
      vertex 59.1569 16.4903 16
      vertex 59.1239 16.5827 16
    endloop
  endfacet
  facet normal 0 0 1
    outer loop
      vertex 59.1952 0.901982 16
      vertex 58.2 0 16
      vertex 59.1808 0.804909 16
    endloop
  endfacet
  facet normal 0 0 1
    outer loop
      vertex 58.2 17.2 16
      vertex 59.1239 16.5827 16
      vertex 59.0819 16.6714 16
    endloop
  endfacet
  facet normal 0 0 1
    outer loop
      vertex 59.1808 0.804909 16
      vertex 58.2 0 16
      vertex 59.1569 0.709715 16
    endloop
  endfacet
  facet normal 0 0 1
    outer loop
      vertex 58.2 17.2 16
      vertex 59.0819 16.6714 16
      vertex 59.0315 16.7556 16
    endloop
  endfacet
  facet normal 0 0 1
    outer loop
      vertex 59.1569 0.709715 16
      vertex 58.2 0 16
      vertex 59.1239 0.617316 16
    endloop
  endfacet
  facet normal 0 0 1
    outer loop
      vertex 58.2 17.2 16
      vertex 59.0315 16.7556 16
      vertex 58.973 16.8344 16
    endloop
  endfacet
  facet normal 0 0 1
    outer loop
      vertex 59.1239 0.617316 16
      vertex 58.2 0 16
      vertex 59.0819 0.528603 16
    endloop
  endfacet
  facet normal 0 0 1
    outer loop
      vertex 58.2 17.2 16
      vertex 58.973 16.8344 16
      vertex 58.9071 16.9071 16
    endloop
  endfacet
  facet normal 0 0 1
    outer loop
      vertex 59.0819 0.528603 16
      vertex 58.2 0 16
      vertex 59.0315 0.444429 16
    endloop
  endfacet
  facet normal 0 0 1
    outer loop
      vertex 58.2 17.2 16
      vertex 58.9071 16.9071 16
      vertex 58.8344 16.973 16
    endloop
  endfacet
  facet normal 0 0 1
    outer loop
      vertex 59.0315 0.444429 16
      vertex 58.2 0 16
      vertex 58.973 0.365606 16
    endloop
  endfacet
  facet normal 0 0 1
    outer loop
      vertex 58.2 17.2 16
      vertex 58.8344 16.973 16
      vertex 58.7556 17.0315 16
    endloop
  endfacet
  facet normal 0 0 1
    outer loop
      vertex 58.973 0.365606 16
      vertex 58.2 0 16
      vertex 58.9071 0.292892 16
    endloop
  endfacet
  facet normal 0 0 1
    outer loop
      vertex 58.2 17.2 16
      vertex 58.7556 17.0315 16
      vertex 58.6714 17.0819 16
    endloop
  endfacet
  facet normal 0 0 1
    outer loop
      vertex 58.9071 0.292892 16
      vertex 58.2 0 16
      vertex 58.8344 0.226989 16
    endloop
  endfacet
  facet normal 0 0 1
    outer loop
      vertex 58.2 17.2 16
      vertex 58.6714 17.0819 16
      vertex 58.5827 17.1239 16
    endloop
  endfacet
  facet normal 0 0 1
    outer loop
      vertex 58.8344 0.226989 16
      vertex 58.2 0 16
      vertex 58.7556 0.16853 16
    endloop
  endfacet
  facet normal 0 0 1
    outer loop
      vertex 58.2 17.2 16
      vertex 58.5827 17.1239 16
      vertex 58.4903 17.1569 16
    endloop
  endfacet
  facet normal 0 0 1
    outer loop
      vertex 58.7556 0.16853 16
      vertex 58.2 0 16
      vertex 58.6714 0.118078 16
    endloop
  endfacet
  facet normal 0 0 1
    outer loop
      vertex 58.2 17.2 16
      vertex 58.4903 17.1569 16
      vertex 58.3951 17.1808 16
    endloop
  endfacet
  facet normal 0 0 1
    outer loop
      vertex 58.6714 0.118078 16
      vertex 58.2 0 16
      vertex 58.5827 0.0761204 16
    endloop
  endfacet
  facet normal 0 0 1
    outer loop
      vertex 58.2 17.2 16
      vertex 58.3951 17.1808 16
      vertex 58.298 17.1952 16
    endloop
  endfacet
  facet normal 0 0 1
    outer loop
      vertex 58.5827 0.0761204 16
      vertex 58.2 0 16
      vertex 58.4903 0.0430593 16
    endloop
  endfacet
  facet normal 0 0 1
    outer loop
      vertex 58.4903 0.0430593 16
      vertex 58.2 0 16
      vertex 58.3951 0.0192146 16
    endloop
  endfacet
  facet normal 0 0 1
    outer loop
      vertex 58.3951 0.0192146 16
      vertex 58.2 0 16
      vertex 58.298 0.0048151 16
    endloop
  endfacet
  facet normal 0 0 1
    outer loop
      vertex 32.59 11.4 16
      vertex 58.2 17.2 16
      vertex 32.59 17.2 16
    endloop
  endfacet
  facet normal 0 0 1
    outer loop
      vertex 58.2 17.2 16
      vertex 32.59 11.4 16
      vertex 58.2 0 16
    endloop
  endfacet
  facet normal -0 0 1
    outer loop
      vertex 26.61 11.4 16
      vertex 58.2 0 16
      vertex 32.59 11.4 16
    endloop
  endfacet
  facet normal 0 0 1
    outer loop
      vertex 1 0 16
      vertex 26.61 11.4 16
      vertex 1 17.2 16
    endloop
  endfacet
  facet normal 0 0 1
    outer loop
      vertex 26.61 11.4 16
      vertex 1 0 16
      vertex 58.2 0 16
    endloop
  endfacet
  facet normal 0 0 1
    outer loop
      vertex 0 16.2 16
      vertex 1 17.2 16
      vertex 0.901982 17.1952 16
    endloop
  endfacet
  facet normal 0 0 1
    outer loop
      vertex 1 17.2 16
      vertex 0 16.2 16
      vertex 1 0 16
    endloop
  endfacet
  facet normal 0 0 1
    outer loop
      vertex 0 16.2 16
      vertex 0.901982 17.1952 16
      vertex 0.804909 17.1808 16
    endloop
  endfacet
  facet normal -0 0 1
    outer loop
      vertex 0 1 16
      vertex 1 0 16
      vertex 0 16.2 16
    endloop
  endfacet
  facet normal 0 0 1
    outer loop
      vertex 0 16.2 16
      vertex 0.804909 17.1808 16
      vertex 0.709715 17.1569 16
    endloop
  endfacet
  facet normal 0 0 1
    outer loop
      vertex 1 0 16
      vertex 0 1 16
      vertex 0.901982 0.0048151 16
    endloop
  endfacet
  facet normal 0 0 1
    outer loop
      vertex 0 16.2 16
      vertex 0.709715 17.1569 16
      vertex 0.617316 17.1239 16
    endloop
  endfacet
  facet normal 0 0 1
    outer loop
      vertex 0.901982 0.0048151 16
      vertex 0 1 16
      vertex 0.804909 0.0192146 16
    endloop
  endfacet
  facet normal 0 0 1
    outer loop
      vertex 0 16.2 16
      vertex 0.617316 17.1239 16
      vertex 0.528603 17.0819 16
    endloop
  endfacet
  facet normal 0 0 1
    outer loop
      vertex 0.804909 0.0192146 16
      vertex 0 1 16
      vertex 0.709715 0.0430593 16
    endloop
  endfacet
  facet normal 0 0 1
    outer loop
      vertex 0 16.2 16
      vertex 0.528603 17.0819 16
      vertex 0.444429 17.0315 16
    endloop
  endfacet
  facet normal 0 0 1
    outer loop
      vertex 0.709715 0.0430593 16
      vertex 0 1 16
      vertex 0.617316 0.0761204 16
    endloop
  endfacet
  facet normal 0 0 1
    outer loop
      vertex 0 16.2 16
      vertex 0.444429 17.0315 16
      vertex 0.365606 16.973 16
    endloop
  endfacet
  facet normal 0 0 1
    outer loop
      vertex 0.617316 0.0761204 16
      vertex 0 1 16
      vertex 0.528603 0.118078 16
    endloop
  endfacet
  facet normal 0 0 1
    outer loop
      vertex 0 16.2 16
      vertex 0.365606 16.973 16
      vertex 0.292892 16.9071 16
    endloop
  endfacet
  facet normal 0 0 1
    outer loop
      vertex 0.528603 0.118078 16
      vertex 0 1 16
      vertex 0.444429 0.16853 16
    endloop
  endfacet
  facet normal 0 0 1
    outer loop
      vertex 0 16.2 16
      vertex 0.292892 16.9071 16
      vertex 0.226989 16.8344 16
    endloop
  endfacet
  facet normal 0 0 1
    outer loop
      vertex 0.444429 0.16853 16
      vertex 0 1 16
      vertex 0.365606 0.226989 16
    endloop
  endfacet
  facet normal 0 0 1
    outer loop
      vertex 0 16.2 16
      vertex 0.226989 16.8344 16
      vertex 0.16853 16.7556 16
    endloop
  endfacet
  facet normal 0 0 1
    outer loop
      vertex 0.365606 0.226989 16
      vertex 0 1 16
      vertex 0.292892 0.292892 16
    endloop
  endfacet
  facet normal 0 0 1
    outer loop
      vertex 0 16.2 16
      vertex 0.16853 16.7556 16
      vertex 0.118078 16.6714 16
    endloop
  endfacet
  facet normal 0 0 1
    outer loop
      vertex 0.292892 0.292892 16
      vertex 0 1 16
      vertex 0.226989 0.365606 16
    endloop
  endfacet
  facet normal 0 0 1
    outer loop
      vertex 0 16.2 16
      vertex 0.118078 16.6714 16
      vertex 0.0761204 16.5827 16
    endloop
  endfacet
  facet normal 0 0 1
    outer loop
      vertex 0.226989 0.365606 16
      vertex 0 1 16
      vertex 0.16853 0.444429 16
    endloop
  endfacet
  facet normal 0 0 1
    outer loop
      vertex 0 16.2 16
      vertex 0.0761204 16.5827 16
      vertex 0.0430593 16.4903 16
    endloop
  endfacet
  facet normal 0 0 1
    outer loop
      vertex 0.16853 0.444429 16
      vertex 0 1 16
      vertex 0.118078 0.528603 16
    endloop
  endfacet
  facet normal 0 0 1
    outer loop
      vertex 0 16.2 16
      vertex 0.0430593 16.4903 16
      vertex 0.0192146 16.3951 16
    endloop
  endfacet
  facet normal 0 0 1
    outer loop
      vertex 0.118078 0.528603 16
      vertex 0 1 16
      vertex 0.0761204 0.617316 16
    endloop
  endfacet
  facet normal 0 0 1
    outer loop
      vertex 0 16.2 16
      vertex 0.0192146 16.3951 16
      vertex 0.0048151 16.298 16
    endloop
  endfacet
  facet normal 0 0 1
    outer loop
      vertex 0.0761204 0.617316 16
      vertex 0 1 16
      vertex 0.0430593 0.709715 16
    endloop
  endfacet
  facet normal 0 0 1
    outer loop
      vertex 0.0430593 0.709715 16
      vertex 0 1 16
      vertex 0.0192146 0.804909 16
    endloop
  endfacet
  facet normal 0 0 1
    outer loop
      vertex 0.0192146 0.804909 16
      vertex 0 1 16
      vertex 0.0048151 0.901982 16
    endloop
  endfacet
  facet normal 0.671624 -0.740892 0
    outer loop
      vertex 58.8344 0.226989 0
      vertex 58.9071 0.292892 16
      vertex 58.8344 0.226989 16
    endloop
  endfacet
  facet normal 0.671624 -0.740892 0
    outer loop
      vertex 58.9071 0.292892 16
      vertex 58.8344 0.226989 0
      vertex 58.9071 0.292892 0
    endloop
  endfacet
  facet normal 0 0 -1
    outer loop
      vertex 58.2 0 0
      vertex 59.2 1 0
      vertex 59.1952 0.901982 0
    endloop
  endfacet
  facet normal -0 0 -1
    outer loop
      vertex 59.2 1 0
      vertex 58.2 0 0
      vertex 59.2 16.2 0
    endloop
  endfacet
  facet normal 0 0 -1
    outer loop
      vertex 58.2 0 0
      vertex 59.1952 0.901982 0
      vertex 59.1808 0.804909 0
    endloop
  endfacet
  facet normal 0 0 -1
    outer loop
      vertex 58.2 17.2 0
      vertex 59.2 16.2 0
      vertex 58.2 0 0
    endloop
  endfacet
  facet normal 0 0 -1
    outer loop
      vertex 58.2 0 0
      vertex 59.1808 0.804909 0
      vertex 59.1569 0.709715 0
    endloop
  endfacet
  facet normal 0 0 -1
    outer loop
      vertex 59.2 16.2 0
      vertex 58.2 17.2 0
      vertex 59.1952 16.298 0
    endloop
  endfacet
  facet normal 0 0 -1
    outer loop
      vertex 58.2 0 0
      vertex 59.1569 0.709715 0
      vertex 59.1239 0.617316 0
    endloop
  endfacet
  facet normal 0 0 -1
    outer loop
      vertex 59.1952 16.298 0
      vertex 58.2 17.2 0
      vertex 59.1808 16.3951 0
    endloop
  endfacet
  facet normal 0 0 -1
    outer loop
      vertex 58.2 0 0
      vertex 59.1239 0.617316 0
      vertex 59.0819 0.528603 0
    endloop
  endfacet
  facet normal 0 0 -1
    outer loop
      vertex 59.1808 16.3951 0
      vertex 58.2 17.2 0
      vertex 59.1569 16.4903 0
    endloop
  endfacet
  facet normal 0 0 -1
    outer loop
      vertex 58.2 0 0
      vertex 59.0819 0.528603 0
      vertex 59.0315 0.444429 0
    endloop
  endfacet
  facet normal 0 0 -1
    outer loop
      vertex 59.1569 16.4903 0
      vertex 58.2 17.2 0
      vertex 59.1239 16.5827 0
    endloop
  endfacet
  facet normal 0 0 -1
    outer loop
      vertex 58.2 0 0
      vertex 59.0315 0.444429 0
      vertex 58.973 0.365606 0
    endloop
  endfacet
  facet normal 0 0 -1
    outer loop
      vertex 59.1239 16.5827 0
      vertex 58.2 17.2 0
      vertex 59.0819 16.6714 0
    endloop
  endfacet
  facet normal 0 0 -1
    outer loop
      vertex 58.2 0 0
      vertex 58.973 0.365606 0
      vertex 58.9071 0.292892 0
    endloop
  endfacet
  facet normal 0 0 -1
    outer loop
      vertex 59.0819 16.6714 0
      vertex 58.2 17.2 0
      vertex 59.0315 16.7556 0
    endloop
  endfacet
  facet normal 0 0 -1
    outer loop
      vertex 58.2 0 0
      vertex 58.9071 0.292892 0
      vertex 58.8344 0.226989 0
    endloop
  endfacet
  facet normal 0 0 -1
    outer loop
      vertex 59.0315 16.7556 0
      vertex 58.2 17.2 0
      vertex 58.973 16.8344 0
    endloop
  endfacet
  facet normal 0 0 -1
    outer loop
      vertex 58.2 0 0
      vertex 58.8344 0.226989 0
      vertex 58.7556 0.16853 0
    endloop
  endfacet
  facet normal 0 0 -1
    outer loop
      vertex 58.973 16.8344 0
      vertex 58.2 17.2 0
      vertex 58.9071 16.9071 0
    endloop
  endfacet
  facet normal 0 0 -1
    outer loop
      vertex 58.2 0 0
      vertex 58.7556 0.16853 0
      vertex 58.6714 0.118078 0
    endloop
  endfacet
  facet normal 0 0 -1
    outer loop
      vertex 58.9071 16.9071 0
      vertex 58.2 17.2 0
      vertex 58.8344 16.973 0
    endloop
  endfacet
  facet normal 0 0 -1
    outer loop
      vertex 58.2 0 0
      vertex 58.6714 0.118078 0
      vertex 58.5827 0.0761204 0
    endloop
  endfacet
  facet normal 0 0 -1
    outer loop
      vertex 58.8344 16.973 0
      vertex 58.2 17.2 0
      vertex 58.7556 17.0315 0
    endloop
  endfacet
  facet normal 0 0 -1
    outer loop
      vertex 58.2 0 0
      vertex 58.5827 0.0761204 0
      vertex 58.4903 0.0430593 0
    endloop
  endfacet
  facet normal 0 0 -1
    outer loop
      vertex 58.7556 17.0315 0
      vertex 58.2 17.2 0
      vertex 58.6714 17.0819 0
    endloop
  endfacet
  facet normal 0 0 -1
    outer loop
      vertex 58.2 0 0
      vertex 58.4903 0.0430593 0
      vertex 58.3951 0.0192146 0
    endloop
  endfacet
  facet normal 0 0 -1
    outer loop
      vertex 58.6714 17.0819 0
      vertex 58.2 17.2 0
      vertex 58.5827 17.1239 0
    endloop
  endfacet
  facet normal 0 0 -1
    outer loop
      vertex 58.2 0 0
      vertex 58.3951 0.0192146 0
      vertex 58.298 0.0048151 0
    endloop
  endfacet
  facet normal 0 0 -1
    outer loop
      vertex 58.5827 17.1239 0
      vertex 58.2 17.2 0
      vertex 58.4903 17.1569 0
    endloop
  endfacet
  facet normal 0 0 -1
    outer loop
      vertex 58.4903 17.1569 0
      vertex 58.2 17.2 0
      vertex 58.3951 17.1808 0
    endloop
  endfacet
  facet normal 0 0 -1
    outer loop
      vertex 58.3951 17.1808 0
      vertex 58.2 17.2 0
      vertex 58.298 17.1952 0
    endloop
  endfacet
  facet normal 0 0 -1
    outer loop
      vertex 1 0 0
      vertex 58.2 17.2 0
      vertex 58.2 0 0
    endloop
  endfacet
  facet normal 0 0 -1
    outer loop
      vertex 1 0 0
      vertex 1 17.2 0
      vertex 58.2 17.2 0
    endloop
  endfacet
  facet normal 0 0 -1
    outer loop
      vertex 0 1 0
      vertex 1 0 0
      vertex 0.901982 0.0048151 0
    endloop
  endfacet
  facet normal 0 0 -1
    outer loop
      vertex 1 0 0
      vertex 0 1 0
      vertex 1 17.2 0
    endloop
  endfacet
  facet normal 0 0 -1
    outer loop
      vertex 0 1 0
      vertex 0.901982 0.0048151 0
      vertex 0.804909 0.0192146 0
    endloop
  endfacet
  facet normal 0 0 -1
    outer loop
      vertex 0 16.2 0
      vertex 1 17.2 0
      vertex 0 1 0
    endloop
  endfacet
  facet normal 0 0 -1
    outer loop
      vertex 0 1 0
      vertex 0.804909 0.0192146 0
      vertex 0.709715 0.0430593 0
    endloop
  endfacet
  facet normal 0 0 -1
    outer loop
      vertex 1 17.2 0
      vertex 0 16.2 0
      vertex 0.901982 17.1952 0
    endloop
  endfacet
  facet normal 0 0 -1
    outer loop
      vertex 0 1 0
      vertex 0.709715 0.0430593 0
      vertex 0.617316 0.0761204 0
    endloop
  endfacet
  facet normal 0 0 -1
    outer loop
      vertex 0.901982 17.1952 0
      vertex 0 16.2 0
      vertex 0.804909 17.1808 0
    endloop
  endfacet
  facet normal 0 0 -1
    outer loop
      vertex 0 1 0
      vertex 0.617316 0.0761204 0
      vertex 0.528603 0.118078 0
    endloop
  endfacet
  facet normal 0 0 -1
    outer loop
      vertex 0.804909 17.1808 0
      vertex 0 16.2 0
      vertex 0.709715 17.1569 0
    endloop
  endfacet
  facet normal 0 0 -1
    outer loop
      vertex 0 1 0
      vertex 0.528603 0.118078 0
      vertex 0.444429 0.16853 0
    endloop
  endfacet
  facet normal 0 0 -1
    outer loop
      vertex 0.709715 17.1569 0
      vertex 0 16.2 0
      vertex 0.617316 17.1239 0
    endloop
  endfacet
  facet normal 0 0 -1
    outer loop
      vertex 0 1 0
      vertex 0.444429 0.16853 0
      vertex 0.365606 0.226989 0
    endloop
  endfacet
  facet normal 0 0 -1
    outer loop
      vertex 0.617316 17.1239 0
      vertex 0 16.2 0
      vertex 0.528603 17.0819 0
    endloop
  endfacet
  facet normal 0 0 -1
    outer loop
      vertex 0 1 0
      vertex 0.365606 0.226989 0
      vertex 0.292892 0.292892 0
    endloop
  endfacet
  facet normal 0 0 -1
    outer loop
      vertex 0.528603 17.0819 0
      vertex 0 16.2 0
      vertex 0.444429 17.0315 0
    endloop
  endfacet
  facet normal 0 0 -1
    outer loop
      vertex 0 1 0
      vertex 0.292892 0.292892 0
      vertex 0.226989 0.365606 0
    endloop
  endfacet
  facet normal 0 0 -1
    outer loop
      vertex 0.444429 17.0315 0
      vertex 0 16.2 0
      vertex 0.365606 16.973 0
    endloop
  endfacet
  facet normal 0 0 -1
    outer loop
      vertex 0 1 0
      vertex 0.226989 0.365606 0
      vertex 0.16853 0.444429 0
    endloop
  endfacet
  facet normal 0 0 -1
    outer loop
      vertex 0.365606 16.973 0
      vertex 0 16.2 0
      vertex 0.292892 16.9071 0
    endloop
  endfacet
  facet normal 0 0 -1
    outer loop
      vertex 0 1 0
      vertex 0.16853 0.444429 0
      vertex 0.118078 0.528603 0
    endloop
  endfacet
  facet normal 0 0 -1
    outer loop
      vertex 0.292892 16.9071 0
      vertex 0 16.2 0
      vertex 0.226989 16.8344 0
    endloop
  endfacet
  facet normal 0 0 -1
    outer loop
      vertex 0 1 0
      vertex 0.118078 0.528603 0
      vertex 0.0761204 0.617316 0
    endloop
  endfacet
  facet normal 0 0 -1
    outer loop
      vertex 0.226989 16.8344 0
      vertex 0 16.2 0
      vertex 0.16853 16.7556 0
    endloop
  endfacet
  facet normal 0 0 -1
    outer loop
      vertex 0 1 0
      vertex 0.0761204 0.617316 0
      vertex 0.0430593 0.709715 0
    endloop
  endfacet
  facet normal 0 0 -1
    outer loop
      vertex 0.16853 16.7556 0
      vertex 0 16.2 0
      vertex 0.118078 16.6714 0
    endloop
  endfacet
  facet normal 0 0 -1
    outer loop
      vertex 0 1 0
      vertex 0.0430593 0.709715 0
      vertex 0.0192146 0.804909 0
    endloop
  endfacet
  facet normal 0 0 -1
    outer loop
      vertex 0.118078 16.6714 0
      vertex 0 16.2 0
      vertex 0.0761204 16.5827 0
    endloop
  endfacet
  facet normal 0 0 -1
    outer loop
      vertex 0 1 0
      vertex 0.0192146 0.804909 0
      vertex 0.0048151 0.901982 0
    endloop
  endfacet
  facet normal 0 0 -1
    outer loop
      vertex 0.0761204 16.5827 0
      vertex 0 16.2 0
      vertex 0.0430593 16.4903 0
    endloop
  endfacet
  facet normal 0 0 -1
    outer loop
      vertex 0.0430593 16.4903 0
      vertex 0 16.2 0
      vertex 0.0192146 16.3951 0
    endloop
  endfacet
  facet normal 0 0 -1
    outer loop
      vertex 0.0192146 16.3951 0
      vertex 0 16.2 0
      vertex 0.0048151 16.298 0
    endloop
  endfacet
  facet normal -0.671719 0 -0.740806
    outer loop
      vertex 32.772 11.4 15.8651
      vertex 33.1355 17.2 15.5355
      vertex 33.1355 11.4 15.5355
    endloop
  endfacet
  facet normal -0.671719 0 -0.740806
    outer loop
      vertex 33.1355 17.2 15.5355
      vertex 32.772 11.4 15.8651
      vertex 32.772 17.2 15.8651
    endloop
  endfacet
  facet normal -0.989177 0 -0.146726
    outer loop
      vertex 34.5759 11.4 12.4901
      vertex 34.5039 17.2 12.9755
      vertex 34.5759 17.2 12.4901
    endloop
  endfacet
  facet normal -0.989177 -0 -0.146726
    outer loop
      vertex 34.5039 17.2 12.9755
      vertex 34.5759 11.4 12.4901
      vertex 34.5039 11.4 12.9755
    endloop
  endfacet
  facet normal -0.998793 0 -0.0491143
    outer loop
      vertex 34.6 11.4 12
      vertex 34.5759 17.2 12.4901
      vertex 34.6 17.2 12
    endloop
  endfacet
  facet normal -0.998793 -0 -0.0491143
    outer loop
      vertex 34.5759 17.2 12.4901
      vertex 34.6 11.4 12
      vertex 34.5759 11.4 12.4901
    endloop
  endfacet
  facet normal 0.903987 -0 0.427559
    outer loop
      vertex 24.9806 11.4 10.0866
      vertex 25.1904 17.2 9.64302
      vertex 24.9806 17.2 10.0866
    endloop
  endfacet
  facet normal 0.903987 0 0.427559
    outer loop
      vertex 25.1904 17.2 9.64302
      vertex 24.9806 11.4 10.0866
      vertex 25.1904 11.4 9.64302
    endloop
  endfacet
  facet normal 0 1 0
    outer loop
      vertex 33.1355 11.4 15.5355
      vertex 32.59 11.4 16
      vertex 32.772 11.4 15.8651
    endloop
  endfacet
  facet normal 0 1 0
    outer loop
      vertex 32.59 11.4 16
      vertex 33.1355 11.4 15.5355
      vertex 26.61 11.4 16
    endloop
  endfacet
  facet normal 0 1 0
    outer loop
      vertex 26.0645 11.4 15.5355
      vertex 26.61 11.4 16
      vertex 33.1355 11.4 15.5355
    endloop
  endfacet
  facet normal 0 1 0
    outer loop
      vertex 26.61 11.4 16
      vertex 26.0645 11.4 15.5355
      vertex 26.428 11.4 15.8651
    endloop
  endfacet
  facet normal 0 1 0
    outer loop
      vertex 33.465 11.4 15.172
      vertex 26.0645 11.4 15.5355
      vertex 33.1355 11.4 15.5355
    endloop
  endfacet
  facet normal 0 1 0
    outer loop
      vertex 33.465 11.4 15.172
      vertex 25.7349 11.4 15.172
      vertex 26.0645 11.4 15.5355
    endloop
  endfacet
  facet normal 0 1 0
    outer loop
      vertex 33.7573 11.4 14.7779
      vertex 25.7349 11.4 15.172
      vertex 33.465 11.4 15.172
    endloop
  endfacet
  facet normal 0 1 0
    outer loop
      vertex 33.7573 11.4 14.7779
      vertex 25.4427 11.4 14.7779
      vertex 25.7349 11.4 15.172
    endloop
  endfacet
  facet normal 0 1 0
    outer loop
      vertex 34.0096 11.4 14.357
      vertex 25.4427 11.4 14.7779
      vertex 33.7573 11.4 14.7779
    endloop
  endfacet
  facet normal 0 1 0
    outer loop
      vertex 34.0096 11.4 14.357
      vertex 25.1904 11.4 14.357
      vertex 25.4427 11.4 14.7779
    endloop
  endfacet
  facet normal 0 1 0
    outer loop
      vertex 34.2194 11.4 13.9134
      vertex 25.1904 11.4 14.357
      vertex 34.0096 11.4 14.357
    endloop
  endfacet
  facet normal 0 1 0
    outer loop
      vertex 34.2194 11.4 13.9134
      vertex 24.9806 11.4 13.9134
      vertex 25.1904 11.4 14.357
    endloop
  endfacet
  facet normal 0 1 0
    outer loop
      vertex 34.3847 11.4 13.4514
      vertex 24.9806 11.4 13.9134
      vertex 34.2194 11.4 13.9134
    endloop
  endfacet
  facet normal 0 1 0
    outer loop
      vertex 34.3847 11.4 13.4514
      vertex 24.8153 11.4 13.4514
      vertex 24.9806 11.4 13.9134
    endloop
  endfacet
  facet normal 0 1 0
    outer loop
      vertex 34.5039 11.4 12.9755
      vertex 24.8153 11.4 13.4514
      vertex 34.3847 11.4 13.4514
    endloop
  endfacet
  facet normal 0 1 0
    outer loop
      vertex 34.5039 11.4 12.9755
      vertex 24.6961 11.4 12.9755
      vertex 24.8153 11.4 13.4514
    endloop
  endfacet
  facet normal 0 1 0
    outer loop
      vertex 34.5759 11.4 12.4901
      vertex 24.6961 11.4 12.9755
      vertex 34.5039 11.4 12.9755
    endloop
  endfacet
  facet normal 0 1 0
    outer loop
      vertex 34.5759 11.4 12.4901
      vertex 24.6241 11.4 12.4901
      vertex 24.6961 11.4 12.9755
    endloop
  endfacet
  facet normal 0 1 0
    outer loop
      vertex 34.6 11.4 12
      vertex 24.6241 11.4 12.4901
      vertex 34.5759 11.4 12.4901
    endloop
  endfacet
  facet normal 0 1 0
    outer loop
      vertex 34.6 11.4 12
      vertex 24.6 11.4 12
      vertex 24.6241 11.4 12.4901
    endloop
  endfacet
  facet normal 0 1 -0
    outer loop
      vertex 34.5759 11.4 11.5099
      vertex 24.6 11.4 12
      vertex 34.6 11.4 12
    endloop
  endfacet
  facet normal 0 1 0
    outer loop
      vertex 34.5759 11.4 11.5099
      vertex 24.6241 11.4 11.5099
      vertex 24.6 11.4 12
    endloop
  endfacet
  facet normal 0 1 -0
    outer loop
      vertex 34.5039 11.4 11.0245
      vertex 24.6241 11.4 11.5099
      vertex 34.5759 11.4 11.5099
    endloop
  endfacet
  facet normal 0 1 0
    outer loop
      vertex 34.5039 11.4 11.0245
      vertex 24.6961 11.4 11.0245
      vertex 24.6241 11.4 11.5099
    endloop
  endfacet
  facet normal 0 1 -0
    outer loop
      vertex 34.3847 11.4 10.5486
      vertex 24.6961 11.4 11.0245
      vertex 34.5039 11.4 11.0245
    endloop
  endfacet
  facet normal 0 1 0
    outer loop
      vertex 34.3847 11.4 10.5486
      vertex 24.8153 11.4 10.5486
      vertex 24.6961 11.4 11.0245
    endloop
  endfacet
  facet normal 0 1 -0
    outer loop
      vertex 34.2194 11.4 10.0866
      vertex 24.8153 11.4 10.5486
      vertex 34.3847 11.4 10.5486
    endloop
  endfacet
  facet normal 0 1 0
    outer loop
      vertex 34.2194 11.4 10.0866
      vertex 24.9806 11.4 10.0866
      vertex 24.8153 11.4 10.5486
    endloop
  endfacet
  facet normal 0 1 -0
    outer loop
      vertex 34.0096 11.4 9.64302
      vertex 24.9806 11.4 10.0866
      vertex 34.2194 11.4 10.0866
    endloop
  endfacet
  facet normal 0 1 0
    outer loop
      vertex 34.0096 11.4 9.64302
      vertex 25.1904 11.4 9.64302
      vertex 24.9806 11.4 10.0866
    endloop
  endfacet
  facet normal 0 1 -0
    outer loop
      vertex 33.7573 11.4 9.22215
      vertex 25.1904 11.4 9.64302
      vertex 34.0096 11.4 9.64302
    endloop
  endfacet
  facet normal 0 1 0
    outer loop
      vertex 33.7573 11.4 9.22215
      vertex 25.4427 11.4 9.22215
      vertex 25.1904 11.4 9.64302
    endloop
  endfacet
  facet normal 0 1 -0
    outer loop
      vertex 33.465 11.4 8.82803
      vertex 25.4427 11.4 9.22215
      vertex 33.7573 11.4 9.22215
    endloop
  endfacet
  facet normal 0 1 0
    outer loop
      vertex 33.465 11.4 8.82803
      vertex 25.7349 11.4 8.82803
      vertex 25.4427 11.4 9.22215
    endloop
  endfacet
  facet normal 0 1 -0
    outer loop
      vertex 33.1355 11.4 8.46447
      vertex 25.7349 11.4 8.82803
      vertex 33.465 11.4 8.82803
    endloop
  endfacet
  facet normal 0 1 0
    outer loop
      vertex 33.1355 11.4 8.46447
      vertex 26.0645 11.4 8.46447
      vertex 25.7349 11.4 8.82803
    endloop
  endfacet
  facet normal 0 1 -0
    outer loop
      vertex 32.772 11.4 8.13495
      vertex 26.0645 11.4 8.46447
      vertex 33.1355 11.4 8.46447
    endloop
  endfacet
  facet normal 0 1 0
    outer loop
      vertex 32.772 11.4 8.13495
      vertex 26.428 11.4 8.13495
      vertex 26.0645 11.4 8.46447
    endloop
  endfacet
  facet normal 0 1 -0
    outer loop
      vertex 32.3778 11.4 7.84265
      vertex 26.428 11.4 8.13495
      vertex 32.772 11.4 8.13495
    endloop
  endfacet
  facet normal 0 1 0
    outer loop
      vertex 32.3778 11.4 7.84265
      vertex 26.8221 11.4 7.84265
      vertex 26.428 11.4 8.13495
    endloop
  endfacet
  facet normal 0 1 -0
    outer loop
      vertex 31.957 11.4 7.59039
      vertex 26.8221 11.4 7.84265
      vertex 32.3778 11.4 7.84265
    endloop
  endfacet
  facet normal 0 1 0
    outer loop
      vertex 31.957 11.4 7.59039
      vertex 27.243 11.4 7.59039
      vertex 26.8221 11.4 7.84265
    endloop
  endfacet
  facet normal 0 1 -0
    outer loop
      vertex 31.5134 11.4 7.3806
      vertex 27.243 11.4 7.59039
      vertex 31.957 11.4 7.59039
    endloop
  endfacet
  facet normal 0 1 0
    outer loop
      vertex 31.5134 11.4 7.3806
      vertex 27.6866 11.4 7.3806
      vertex 27.243 11.4 7.59039
    endloop
  endfacet
  facet normal 0 1 -0
    outer loop
      vertex 31.0514 11.4 7.2153
      vertex 27.6866 11.4 7.3806
      vertex 31.5134 11.4 7.3806
    endloop
  endfacet
  facet normal 0 1 0
    outer loop
      vertex 31.0514 11.4 7.2153
      vertex 28.1486 11.4 7.2153
      vertex 27.6866 11.4 7.3806
    endloop
  endfacet
  facet normal 0 1 -0
    outer loop
      vertex 30.5755 11.4 7.09607
      vertex 28.1486 11.4 7.2153
      vertex 31.0514 11.4 7.2153
    endloop
  endfacet
  facet normal 0 1 0
    outer loop
      vertex 30.5755 11.4 7.09607
      vertex 28.6245 11.4 7.09607
      vertex 28.1486 11.4 7.2153
    endloop
  endfacet
  facet normal 0 1 -0
    outer loop
      vertex 30.0901 11.4 7.02408
      vertex 28.6245 11.4 7.09607
      vertex 30.5755 11.4 7.09607
    endloop
  endfacet
  facet normal 0 1 0
    outer loop
      vertex 30.0901 11.4 7.02408
      vertex 29.1099 11.4 7.02408
      vertex 28.6245 11.4 7.09607
    endloop
  endfacet
  facet normal -0 1 0
    outer loop
      vertex 29.1099 11.4 7.02408
      vertex 30.0901 11.4 7.02408
      vertex 29.6 11.4 7
    endloop
  endfacet
  facet normal -0.970034 0 -0.242967
    outer loop
      vertex 34.5039 11.4 12.9755
      vertex 34.3847 17.2 13.4514
      vertex 34.5039 17.2 12.9755
    endloop
  endfacet
  facet normal -0.970034 -0 -0.242967
    outer loop
      vertex 34.3847 17.2 13.4514
      vertex 34.5039 11.4 12.9755
      vertex 34.3847 11.4 13.4514
    endloop
  endfacet
  facet normal 0.671719 0 -0.740806
    outer loop
      vertex 26.0645 11.4 15.5355
      vertex 26.428 17.2 15.8651
      vertex 26.428 11.4 15.8651
    endloop
  endfacet
  facet normal 0.671719 0 -0.740806
    outer loop
      vertex 26.428 17.2 15.8651
      vertex 26.0645 11.4 15.5355
      vertex 26.0645 17.2 15.5355
    endloop
  endfacet
  facet normal 0.970034 0 -0.242967
    outer loop
      vertex 24.8153 11.4 13.4514
      vertex 24.6961 17.2 12.9755
      vertex 24.8153 17.2 13.4514
    endloop
  endfacet
  facet normal 0.970034 0 -0.242967
    outer loop
      vertex 24.6961 17.2 12.9755
      vertex 24.8153 11.4 13.4514
      vertex 24.6961 11.4 12.9755
    endloop
  endfacet
  facet normal -0.146706 0 0.98918
    outer loop
      vertex 30.0901 17.2 7.02408
      vertex 30.5755 11.4 7.09607
      vertex 30.5755 17.2 7.09607
    endloop
  endfacet
  facet normal -0.146706 0 0.98918
    outer loop
      vertex 30.5755 11.4 7.09607
      vertex 30.0901 17.2 7.02408
      vertex 30.0901 11.4 7.02408
    endloop
  endfacet
  facet normal 0.941548 -0 0.336879
    outer loop
      vertex 24.8153 11.4 10.5486
      vertex 24.9806 17.2 10.0866
      vertex 24.8153 17.2 10.5486
    endloop
  endfacet
  facet normal 0.941548 0 0.336879
    outer loop
      vertex 24.9806 17.2 10.0866
      vertex 24.8153 11.4 10.5486
      vertex 24.9806 11.4 10.0866
    endloop
  endfacet
  facet normal -0.514166 0 0.857691
    outer loop
      vertex 31.957 17.2 7.59039
      vertex 32.3778 11.4 7.84265
      vertex 32.3778 17.2 7.84265
    endloop
  endfacet
  facet normal -0.514166 0 0.857691
    outer loop
      vertex 32.3778 11.4 7.84265
      vertex 31.957 17.2 7.59039
      vertex 31.957 11.4 7.59039
    endloop
  endfacet
  facet normal -0.903995 0 -0.427543
    outer loop
      vertex 34.2194 11.4 13.9134
      vertex 34.0096 17.2 14.357
      vertex 34.2194 17.2 13.9134
    endloop
  endfacet
  facet normal -0.903995 -0 -0.427543
    outer loop
      vertex 34.0096 17.2 14.357
      vertex 34.2194 11.4 13.9134
      vertex 34.0096 11.4 14.357
    endloop
  endfacet
  facet normal 0.903995 0 -0.427543
    outer loop
      vertex 25.1904 11.4 14.357
      vertex 24.9806 17.2 13.9134
      vertex 25.1904 17.2 14.357
    endloop
  endfacet
  facet normal 0.903995 0 -0.427543
    outer loop
      vertex 24.9806 17.2 13.9134
      vertex 25.1904 11.4 14.357
      vertex 24.9806 11.4 13.9134
    endloop
  endfacet
  facet normal 0.80329 0 -0.595588
    outer loop
      vertex 25.7349 11.4 15.172
      vertex 25.4427 17.2 14.7779
      vertex 25.7349 17.2 15.172
    endloop
  endfacet
  facet normal 0.80329 0 -0.595588
    outer loop
      vertex 25.4427 17.2 14.7779
      vertex 25.7349 11.4 15.172
      vertex 25.4427 11.4 14.7779
    endloop
  endfacet
  facet normal -0.803207 0 0.5957
    outer loop
      vertex 33.465 11.4 8.82803
      vertex 33.7573 17.2 9.22215
      vertex 33.465 17.2 8.82803
    endloop
  endfacet
  facet normal -0.803207 0 0.5957
    outer loop
      vertex 33.7573 17.2 9.22215
      vertex 33.465 11.4 8.82803
      vertex 33.7573 11.4 9.22215
    endloop
  endfacet
  facet normal -0.336879 0 0.941548
    outer loop
      vertex 31.0514 17.2 7.2153
      vertex 31.5134 11.4 7.3806
      vertex 31.5134 17.2 7.3806
    endloop
  endfacet
  facet normal -0.336879 0 0.941548
    outer loop
      vertex 31.5134 11.4 7.3806
      vertex 31.0514 17.2 7.2153
      vertex 31.0514 11.4 7.2153
    endloop
  endfacet
  facet normal -0.803192 0 -0.59572
    outer loop
      vertex 33.7573 11.4 14.7779
      vertex 33.465 17.2 15.172
      vertex 33.7573 17.2 14.7779
    endloop
  endfacet
  facet normal -0.803192 -0 -0.59572
    outer loop
      vertex 33.465 17.2 15.172
      vertex 33.7573 11.4 14.7779
      vertex 33.465 11.4 15.172
    endloop
  endfacet
  facet normal 0.989177 0 -0.146726
    outer loop
      vertex 24.6961 11.4 12.9755
      vertex 24.6241 17.2 12.4901
      vertex 24.6961 17.2 12.9755
    endloop
  endfacet
  facet normal 0.989177 0 -0.146726
    outer loop
      vertex 24.6241 17.2 12.4901
      vertex 24.6961 11.4 12.9755
      vertex 24.6241 11.4 12.4901
    endloop
  endfacet
  facet normal 0.857692 -0 0.514163
    outer loop
      vertex 25.1904 11.4 9.64302
      vertex 25.4427 17.2 9.22215
      vertex 25.1904 17.2 9.64302
    endloop
  endfacet
  facet normal 0.857692 0 0.514163
    outer loop
      vertex 25.4427 17.2 9.22215
      vertex 25.1904 11.4 9.64302
      vertex 25.4427 11.4 9.22215
    endloop
  endfacet
  facet normal -0.857692 0 0.514163
    outer loop
      vertex 33.7573 11.4 9.22215
      vertex 34.0096 17.2 9.64302
      vertex 33.7573 17.2 9.22215
    endloop
  endfacet
  facet normal -0.857692 0 0.514163
    outer loop
      vertex 34.0096 17.2 9.64302
      vertex 33.7573 11.4 9.22215
      vertex 34.0096 11.4 9.64302
    endloop
  endfacet
  facet normal 0.989177 -0 0.146726
    outer loop
      vertex 24.6241 11.4 11.5099
      vertex 24.6961 17.2 11.0245
      vertex 24.6241 17.2 11.5099
    endloop
  endfacet
  facet normal 0.989177 0 0.146726
    outer loop
      vertex 24.6961 17.2 11.0245
      vertex 24.6241 11.4 11.5099
      vertex 24.6961 11.4 11.0245
    endloop
  endfacet
  facet normal 0.857709 0 -0.514136
    outer loop
      vertex 25.4427 11.4 14.7779
      vertex 25.1904 17.2 14.357
      vertex 25.4427 17.2 14.7779
    endloop
  endfacet
  facet normal 0.857709 0 -0.514136
    outer loop
      vertex 25.1904 17.2 14.357
      vertex 25.4427 11.4 14.7779
      vertex 25.1904 11.4 14.357
    endloop
  endfacet
  facet normal -0.998793 0 0.0491143
    outer loop
      vertex 34.5759 11.4 11.5099
      vertex 34.6 17.2 12
      vertex 34.5759 17.2 11.5099
    endloop
  endfacet
  facet normal -0.998793 0 0.0491143
    outer loop
      vertex 34.6 17.2 12
      vertex 34.5759 11.4 11.5099
      vertex 34.6 11.4 12
    endloop
  endfacet
  facet normal -0.941548 0 0.336879
    outer loop
      vertex 34.2194 11.4 10.0866
      vertex 34.3847 17.2 10.5486
      vertex 34.2194 17.2 10.0866
    endloop
  endfacet
  facet normal -0.941548 0 0.336879
    outer loop
      vertex 34.3847 17.2 10.5486
      vertex 34.2194 11.4 10.0866
      vertex 34.3847 11.4 10.5486
    endloop
  endfacet
  facet normal -0.243025 0 0.97002
    outer loop
      vertex 30.5755 17.2 7.09607
      vertex 31.0514 11.4 7.2153
      vertex 31.0514 17.2 7.2153
    endloop
  endfacet
  facet normal -0.243025 0 0.97002
    outer loop
      vertex 31.0514 11.4 7.2153
      vertex 30.5755 17.2 7.09607
      vertex 30.5755 11.4 7.09607
    endloop
  endfacet
  facet normal -0.857709 0 -0.514136
    outer loop
      vertex 34.0096 11.4 14.357
      vertex 33.7573 17.2 14.7779
      vertex 34.0096 17.2 14.357
    endloop
  endfacet
  facet normal -0.857709 -0 -0.514136
    outer loop
      vertex 33.7573 17.2 14.7779
      vertex 34.0096 11.4 14.357
      vertex 33.7573 11.4 14.7779
    endloop
  endfacet
  facet normal -0.941548 0 -0.336879
    outer loop
      vertex 34.3847 11.4 13.4514
      vertex 34.2194 17.2 13.9134
      vertex 34.3847 17.2 13.4514
    endloop
  endfacet
  facet normal -0.941548 -0 -0.336879
    outer loop
      vertex 34.2194 17.2 13.9134
      vertex 34.3847 11.4 13.4514
      vertex 34.2194 11.4 13.9134
    endloop
  endfacet
  facet normal -0.989177 0 0.146726
    outer loop
      vertex 34.5039 11.4 11.0245
      vertex 34.5759 17.2 11.5099
      vertex 34.5039 17.2 11.0245
    endloop
  endfacet
  facet normal -0.989177 0 0.146726
    outer loop
      vertex 34.5759 17.2 11.5099
      vertex 34.5039 11.4 11.0245
      vertex 34.5759 11.4 11.5099
    endloop
  endfacet
  facet normal 0.59572 0 0.803192
    outer loop
      vertex 26.428 17.2 8.13495
      vertex 26.8221 11.4 7.84265
      vertex 26.8221 17.2 7.84265
    endloop
  endfacet
  facet normal 0.59572 0 0.803192
    outer loop
      vertex 26.8221 11.4 7.84265
      vertex 26.428 17.2 8.13495
      vertex 26.428 11.4 8.13495
    endloop
  endfacet
  facet normal -0.970034 0 0.242967
    outer loop
      vertex 34.3847 11.4 10.5486
      vertex 34.5039 17.2 11.0245
      vertex 34.3847 17.2 10.5486
    endloop
  endfacet
  facet normal -0.970034 0 0.242967
    outer loop
      vertex 34.5039 17.2 11.0245
      vertex 34.3847 11.4 10.5486
      vertex 34.5039 11.4 11.0245
    endloop
  endfacet
  facet normal 0.336879 0 0.941548
    outer loop
      vertex 27.6866 17.2 7.3806
      vertex 28.1486 11.4 7.2153
      vertex 28.1486 17.2 7.2153
    endloop
  endfacet
  facet normal 0.336879 0 0.941548
    outer loop
      vertex 28.1486 11.4 7.2153
      vertex 27.6866 17.2 7.3806
      vertex 27.6866 11.4 7.3806
    endloop
  endfacet
  facet normal -0.59547 0 -0.803377
    outer loop
      vertex 32.59 11.4 16
      vertex 32.772 17.2 15.8651
      vertex 32.772 11.4 15.8651
    endloop
  endfacet
  facet normal -0.59547 0 -0.803377
    outer loop
      vertex 32.772 17.2 15.8651
      vertex 32.59 11.4 16
      vertex 32.59 17.2 16
    endloop
  endfacet
  facet normal 0.514076 0 0.857745
    outer loop
      vertex 26.8221 17.2 7.84265
      vertex 27.243 11.4 7.59039
      vertex 27.243 17.2 7.59039
    endloop
  endfacet
  facet normal 0.514076 0 0.857745
    outer loop
      vertex 27.243 11.4 7.59039
      vertex 26.8221 17.2 7.84265
      vertex 26.8221 11.4 7.84265
    endloop
  endfacet
  facet normal 0.59547 0 -0.803377
    outer loop
      vertex 26.428 11.4 15.8651
      vertex 26.61 17.2 16
      vertex 26.61 11.4 16
    endloop
  endfacet
  facet normal 0.59547 0 -0.803377
    outer loop
      vertex 26.61 17.2 16
      vertex 26.428 11.4 15.8651
      vertex 26.428 17.2 15.8651
    endloop
  endfacet
  facet normal 0.998793 -0 0.0491143
    outer loop
      vertex 24.6 11.4 12
      vertex 24.6241 17.2 11.5099
      vertex 24.6 17.2 12
    endloop
  endfacet
  facet normal 0.998793 0 0.0491143
    outer loop
      vertex 24.6241 17.2 11.5099
      vertex 24.6 11.4 12
      vertex 24.6241 11.4 11.5099
    endloop
  endfacet
  facet normal 0.803304 -0 0.595569
    outer loop
      vertex 25.4427 11.4 9.22215
      vertex 25.7349 17.2 8.82803
      vertex 25.4427 17.2 9.22215
    endloop
  endfacet
  facet normal 0.803304 0 0.595569
    outer loop
      vertex 25.7349 17.2 8.82803
      vertex 25.4427 11.4 9.22215
      vertex 25.7349 11.4 8.82803
    endloop
  endfacet
  facet normal 0.0490736 0 0.998795
    outer loop
      vertex 29.1099 17.2 7.02408
      vertex 29.6 11.4 7
      vertex 29.6 17.2 7
    endloop
  endfacet
  facet normal 0.0490736 0 0.998795
    outer loop
      vertex 29.6 11.4 7
      vertex 29.1099 17.2 7.02408
      vertex 29.1099 11.4 7.02408
    endloop
  endfacet
  facet normal 0.740806 0 -0.671719
    outer loop
      vertex 26.0645 11.4 15.5355
      vertex 25.7349 17.2 15.172
      vertex 26.0645 17.2 15.5355
    endloop
  endfacet
  facet normal 0.740806 0 -0.671719
    outer loop
      vertex 25.7349 17.2 15.172
      vertex 26.0645 11.4 15.5355
      vertex 25.7349 11.4 15.172
    endloop
  endfacet
  facet normal -0.0490736 0 0.998795
    outer loop
      vertex 29.6 17.2 7
      vertex 30.0901 11.4 7.02408
      vertex 30.0901 17.2 7.02408
    endloop
  endfacet
  facet normal -0.0490736 0 0.998795
    outer loop
      vertex 30.0901 11.4 7.02408
      vertex 29.6 17.2 7
      vertex 29.6 11.4 7
    endloop
  endfacet
  facet normal 0.243025 0 0.97002
    outer loop
      vertex 28.1486 17.2 7.2153
      vertex 28.6245 11.4 7.09607
      vertex 28.6245 17.2 7.09607
    endloop
  endfacet
  facet normal 0.243025 0 0.97002
    outer loop
      vertex 28.6245 11.4 7.09607
      vertex 28.1486 17.2 7.2153
      vertex 28.1486 11.4 7.2153
    endloop
  endfacet
  facet normal -0.671629 0 0.740887
    outer loop
      vertex 32.772 17.2 8.13495
      vertex 33.1355 11.4 8.46447
      vertex 33.1355 17.2 8.46447
    endloop
  endfacet
  facet normal -0.671629 0 0.740887
    outer loop
      vertex 33.1355 11.4 8.46447
      vertex 32.772 17.2 8.13495
      vertex 32.772 11.4 8.13495
    endloop
  endfacet
  facet normal 0.740861 -0 0.671658
    outer loop
      vertex 25.7349 11.4 8.82803
      vertex 26.0645 17.2 8.46447
      vertex 25.7349 17.2 8.82803
    endloop
  endfacet
  facet normal 0.740861 0 0.671658
    outer loop
      vertex 26.0645 17.2 8.46447
      vertex 25.7349 11.4 8.82803
      vertex 26.0645 11.4 8.46447
    endloop
  endfacet
  facet normal 0.671629 0 0.740887
    outer loop
      vertex 26.0645 17.2 8.46447
      vertex 26.428 11.4 8.13495
      vertex 26.428 17.2 8.13495
    endloop
  endfacet
  facet normal 0.671629 0 0.740887
    outer loop
      vertex 26.428 11.4 8.13495
      vertex 26.0645 17.2 8.46447
      vertex 26.0645 11.4 8.46447
    endloop
  endfacet
  facet normal 0.970034 -0 0.242967
    outer loop
      vertex 24.6961 11.4 11.0245
      vertex 24.8153 17.2 10.5486
      vertex 24.6961 17.2 11.0245
    endloop
  endfacet
  facet normal 0.970034 0 0.242967
    outer loop
      vertex 24.8153 17.2 10.5486
      vertex 24.6961 11.4 11.0245
      vertex 24.8153 11.4 10.5486
    endloop
  endfacet
  facet normal 0.427526 0 0.904003
    outer loop
      vertex 27.243 17.2 7.59039
      vertex 27.6866 11.4 7.3806
      vertex 27.6866 17.2 7.3806
    endloop
  endfacet
  facet normal 0.427526 0 0.904003
    outer loop
      vertex 27.6866 11.4 7.3806
      vertex 27.243 17.2 7.59039
      vertex 27.243 11.4 7.59039
    endloop
  endfacet
  facet normal -0.427526 0 0.904003
    outer loop
      vertex 31.5134 17.2 7.3806
      vertex 31.957 11.4 7.59039
      vertex 31.957 17.2 7.59039
    endloop
  endfacet
  facet normal -0.427526 0 0.904003
    outer loop
      vertex 31.957 11.4 7.59039
      vertex 31.5134 17.2 7.3806
      vertex 31.5134 11.4 7.3806
    endloop
  endfacet
  facet normal -0.903987 0 0.427559
    outer loop
      vertex 34.0096 11.4 9.64302
      vertex 34.2194 17.2 10.0866
      vertex 34.0096 17.2 9.64302
    endloop
  endfacet
  facet normal -0.903987 0 0.427559
    outer loop
      vertex 34.2194 17.2 10.0866
      vertex 34.0096 11.4 9.64302
      vertex 34.2194 11.4 10.0866
    endloop
  endfacet
  facet normal -0.740908 0 -0.671607
    outer loop
      vertex 33.465 11.4 15.172
      vertex 33.1355 17.2 15.5355
      vertex 33.465 17.2 15.172
    endloop
  endfacet
  facet normal -0.740908 -0 -0.671607
    outer loop
      vertex 33.1355 17.2 15.5355
      vertex 33.465 11.4 15.172
      vertex 33.1355 11.4 15.5355
    endloop
  endfacet
  facet normal -0.595622 0 0.803265
    outer loop
      vertex 32.3778 17.2 7.84265
      vertex 32.772 11.4 8.13495
      vertex 32.772 17.2 8.13495
    endloop
  endfacet
  facet normal -0.595622 0 0.803265
    outer loop
      vertex 32.772 11.4 8.13495
      vertex 32.3778 17.2 7.84265
      vertex 32.3778 11.4 7.84265
    endloop
  endfacet
  facet normal 0.941548 0 -0.336879
    outer loop
      vertex 24.9806 11.4 13.9134
      vertex 24.8153 17.2 13.4514
      vertex 24.9806 17.2 13.9134
    endloop
  endfacet
  facet normal 0.941548 0 -0.336879
    outer loop
      vertex 24.8153 17.2 13.4514
      vertex 24.9806 11.4 13.9134
      vertex 24.8153 11.4 13.4514
    endloop
  endfacet
  facet normal 0.146706 0 0.98918
    outer loop
      vertex 28.6245 17.2 7.09607
      vertex 29.1099 11.4 7.02408
      vertex 29.1099 17.2 7.02408
    endloop
  endfacet
  facet normal 0.146706 0 0.98918
    outer loop
      vertex 29.1099 11.4 7.02408
      vertex 28.6245 17.2 7.09607
      vertex 28.6245 11.4 7.09607
    endloop
  endfacet
  facet normal 0.998793 0 -0.0491143
    outer loop
      vertex 24.6241 11.4 12.4901
      vertex 24.6 17.2 12
      vertex 24.6241 17.2 12.4901
    endloop
  endfacet
  facet normal 0.998793 0 -0.0491143
    outer loop
      vertex 24.6 17.2 12
      vertex 24.6241 11.4 12.4901
      vertex 24.6 11.4 12
    endloop
  endfacet
  facet normal -0.740963 0 0.671546
    outer loop
      vertex 33.1355 11.4 8.46447
      vertex 33.465 17.2 8.82803
      vertex 33.1355 17.2 8.46447
    endloop
  endfacet
  facet normal -0.740963 0 0.671546
    outer loop
      vertex 33.465 17.2 8.82803
      vertex 33.1355 11.4 8.46447
      vertex 33.465 11.4 8.82803
    endloop
  endfacet
  facet normal 1 -0 0
    outer loop
      vertex 59.8 -1.4 6.2
      vertex 59.8 0.2 4
      vertex 59.8 0.2 6.2
    endloop
  endfacet
  facet normal 1 0 0
    outer loop
      vertex 59.8 0.2 4
      vertex 59.8 -1.4 6.2
      vertex 59.8 -1.4 4
    endloop
  endfacet
  facet normal 0 0 1
    outer loop
      vertex 58.7556 0.16853 6.2
      vertex 59.8 0.2 6.2
      vertex 58.798 0.2 6.2
    endloop
  endfacet
  facet normal 0 0 1
    outer loop
      vertex 59.8 0.2 6.2
      vertex 58.7556 0.16853 6.2
      vertex 59.8 -1.4 6.2
    endloop
  endfacet
  facet normal -0 0 1
    outer loop
      vertex 58.6714 0.118078 6.2
      vertex 59.8 -1.4 6.2
      vertex 58.7556 0.16853 6.2
    endloop
  endfacet
  facet normal -0 0 1
    outer loop
      vertex 58.5827 0.0761204 6.2
      vertex 59.8 -1.4 6.2
      vertex 58.6714 0.118078 6.2
    endloop
  endfacet
  facet normal -0 0 1
    outer loop
      vertex 58.4903 0.0430593 6.2
      vertex 59.8 -1.4 6.2
      vertex 58.5827 0.0761204 6.2
    endloop
  endfacet
  facet normal -0 0 1
    outer loop
      vertex 58.3951 0.0192146 6.2
      vertex 59.8 -1.4 6.2
      vertex 58.4903 0.0430593 6.2
    endloop
  endfacet
  facet normal -0 0 1
    outer loop
      vertex 58.298 0.0048151 6.2
      vertex 59.8 -1.4 6.2
      vertex 58.3951 0.0192146 6.2
    endloop
  endfacet
  facet normal -0 0 1
    outer loop
      vertex 58.2 0 6.2
      vertex 59.8 -1.4 6.2
      vertex 58.298 0.0048151 6.2
    endloop
  endfacet
  facet normal -0 0 1
    outer loop
      vertex 1 0 6.2
      vertex 59.8 -1.4 6.2
      vertex 58.2 0 6.2
    endloop
  endfacet
  facet normal -0 0 1
    outer loop
      vertex -0.599999 0.2 6.2
      vertex 0.444429 0.16853 6.2
      vertex 0.401997 0.2 6.2
    endloop
  endfacet
  facet normal 0 0 1
    outer loop
      vertex -0.599999 -1.4 6.2
      vertex 0.444429 0.16853 6.2
      vertex -0.599999 0.2 6.2
    endloop
  endfacet
  facet normal 0 0 1
    outer loop
      vertex 0.444429 0.16853 6.2
      vertex -0.599999 -1.4 6.2
      vertex 0.528603 0.118078 6.2
    endloop
  endfacet
  facet normal 0 0 1
    outer loop
      vertex 0.528603 0.118078 6.2
      vertex -0.599999 -1.4 6.2
      vertex 0.617316 0.0761204 6.2
    endloop
  endfacet
  facet normal 0 0 1
    outer loop
      vertex 0.617316 0.0761204 6.2
      vertex -0.599999 -1.4 6.2
      vertex 0.709715 0.0430593 6.2
    endloop
  endfacet
  facet normal 0 0 1
    outer loop
      vertex 0.709715 0.0430593 6.2
      vertex -0.599999 -1.4 6.2
      vertex 0.804909 0.0192146 6.2
    endloop
  endfacet
  facet normal 0 0 1
    outer loop
      vertex 1 0 6.2
      vertex -0.599999 -1.4 6.2
      vertex 59.8 -1.4 6.2
    endloop
  endfacet
  facet normal 0 0 1
    outer loop
      vertex 0.901982 0.0048151 6.2
      vertex -0.599999 -1.4 6.2
      vertex 1 0 6.2
    endloop
  endfacet
  facet normal 0 0 1
    outer loop
      vertex 0.804909 0.0192146 6.2
      vertex -0.599999 -1.4 6.2
      vertex 0.901982 0.0048151 6.2
    endloop
  endfacet
  facet normal 0 0 -1
    outer loop
      vertex 58.7556 0.16853 4
      vertex 59.8 0.2 4
      vertex 59.8 -1.4 4
    endloop
  endfacet
  facet normal -0 0 -1
    outer loop
      vertex 59.8 0.2 4
      vertex 58.7556 0.16853 4
      vertex 58.798 0.2 4
    endloop
  endfacet
  facet normal 0 0 -1
    outer loop
      vertex 59.8 -1.4 4
      vertex 58.6714 0.118078 4
      vertex 58.7556 0.16853 4
    endloop
  endfacet
  facet normal 0 0 -1
    outer loop
      vertex 59.8 -1.4 4
      vertex 58.5827 0.0761204 4
      vertex 58.6714 0.118078 4
    endloop
  endfacet
  facet normal 0 0 -1
    outer loop
      vertex 59.8 -1.4 4
      vertex 58.4903 0.0430593 4
      vertex 58.5827 0.0761204 4
    endloop
  endfacet
  facet normal 0 0 -1
    outer loop
      vertex 59.8 -1.4 4
      vertex 58.3951 0.0192146 4
      vertex 58.4903 0.0430593 4
    endloop
  endfacet
  facet normal 0 0 -1
    outer loop
      vertex 59.8 -1.4 4
      vertex 58.298 0.0048151 4
      vertex 58.3951 0.0192146 4
    endloop
  endfacet
  facet normal 0 0 -1
    outer loop
      vertex 59.8 -1.4 4
      vertex 58.2 0 4
      vertex 58.298 0.0048151 4
    endloop
  endfacet
  facet normal 0 0 -1
    outer loop
      vertex 59.8 -1.4 4
      vertex 1 0 4
      vertex 58.2 0 4
    endloop
  endfacet
  facet normal 0 0 -1
    outer loop
      vertex -0.599999 -1.4 4
      vertex 1 0 4
      vertex 59.8 -1.4 4
    endloop
  endfacet
  facet normal 0 0 -1
    outer loop
      vertex -0.599999 -1.4 4
      vertex 0.901982 0.0048151 4
      vertex 1 0 4
    endloop
  endfacet
  facet normal 0 0 -1
    outer loop
      vertex -0.599999 -1.4 4
      vertex 0.804909 0.0192146 4
      vertex 0.901982 0.0048151 4
    endloop
  endfacet
  facet normal 0 0 -1
    outer loop
      vertex -0.599999 -1.4 4
      vertex 0.709715 0.0430593 4
      vertex 0.804909 0.0192146 4
    endloop
  endfacet
  facet normal 0 0 -1
    outer loop
      vertex -0.599999 -1.4 4
      vertex 0.617316 0.0761204 4
      vertex 0.709715 0.0430593 4
    endloop
  endfacet
  facet normal 0 0 -1
    outer loop
      vertex -0.599999 -1.4 4
      vertex 0.528603 0.118078 4
      vertex 0.617316 0.0761204 4
    endloop
  endfacet
  facet normal 0 0 -1
    outer loop
      vertex -0.599999 -1.4 4
      vertex 0.444429 0.16853 4
      vertex 0.528603 0.118078 4
    endloop
  endfacet
  facet normal 0 0 -1
    outer loop
      vertex -0.599999 0.2 4
      vertex 0.444429 0.16853 4
      vertex -0.599999 -1.4 4
    endloop
  endfacet
  facet normal 0 0 -1
    outer loop
      vertex 0.444429 0.16853 4
      vertex -0.599999 0.2 4
      vertex 0.401997 0.2 4
    endloop
  endfacet
  facet normal -1 0 0
    outer loop
      vertex -0.599999 -1.4 4
      vertex -0.599999 0.2 6.2
      vertex -0.599999 0.2 4
    endloop
  endfacet
  facet normal -1 -0 0
    outer loop
      vertex -0.599999 0.2 6.2
      vertex -0.599999 -1.4 4
      vertex -0.599999 -1.4 6.2
    endloop
  endfacet
  facet normal 0 1 -0
    outer loop
      vertex 0.401997 0.2 4
      vertex -0.599999 0.2 6.2
      vertex 0.401997 0.2 6.2
    endloop
  endfacet
  facet normal 0 1 0
    outer loop
      vertex -0.599999 0.2 6.2
      vertex 0.401997 0.2 4
      vertex -0.599999 0.2 4
    endloop
  endfacet
  facet normal 0 1 -0
    outer loop
      vertex 59.8 0.2 4
      vertex 58.798 0.2 6.2
      vertex 59.8 0.2 6.2
    endloop
  endfacet
  facet normal 0 1 0
    outer loop
      vertex 58.798 0.2 6.2
      vertex 59.8 0.2 4
      vertex 58.798 0.2 4
    endloop
  endfacet
  facet normal 0 -1 0
    outer loop
      vertex -0.599999 -1.4 4
      vertex 59.8 -1.4 6.2
      vertex -0.599999 -1.4 6.2
    endloop
  endfacet
  facet normal 0 -1 -0
    outer loop
      vertex 59.8 -1.4 6.2
      vertex -0.599999 -1.4 4
      vertex 59.8 -1.4 4
    endloop
  endfacet
  facet normal 1 -0 0
    outer loop
      vertex 59.8 -1.4 13.2
      vertex 59.8 0.2 11
      vertex 59.8 0.2 13.2
    endloop
  endfacet
  facet normal 1 0 0
    outer loop
      vertex 59.8 0.2 11
      vertex 59.8 -1.4 13.2
      vertex 59.8 -1.4 11
    endloop
  endfacet
  facet normal 0 0 1
    outer loop
      vertex 58.7556 0.16853 13.2
      vertex 59.8 0.2 13.2
      vertex 58.798 0.2 13.2
    endloop
  endfacet
  facet normal 0 0 1
    outer loop
      vertex 59.8 0.2 13.2
      vertex 58.7556 0.16853 13.2
      vertex 59.8 -1.4 13.2
    endloop
  endfacet
  facet normal -0 0 1
    outer loop
      vertex 58.6714 0.118078 13.2
      vertex 59.8 -1.4 13.2
      vertex 58.7556 0.16853 13.2
    endloop
  endfacet
  facet normal -0 0 1
    outer loop
      vertex 58.5827 0.0761204 13.2
      vertex 59.8 -1.4 13.2
      vertex 58.6714 0.118078 13.2
    endloop
  endfacet
  facet normal -0 0 1
    outer loop
      vertex 58.4903 0.0430593 13.2
      vertex 59.8 -1.4 13.2
      vertex 58.5827 0.0761204 13.2
    endloop
  endfacet
  facet normal -0 0 1
    outer loop
      vertex 58.3951 0.0192146 13.2
      vertex 59.8 -1.4 13.2
      vertex 58.4903 0.0430593 13.2
    endloop
  endfacet
  facet normal -0 0 1
    outer loop
      vertex 58.298 0.0048151 13.2
      vertex 59.8 -1.4 13.2
      vertex 58.3951 0.0192146 13.2
    endloop
  endfacet
  facet normal -0 0 1
    outer loop
      vertex 58.2 0 13.2
      vertex 59.8 -1.4 13.2
      vertex 58.298 0.0048151 13.2
    endloop
  endfacet
  facet normal -0 0 1
    outer loop
      vertex 1 0 13.2
      vertex 59.8 -1.4 13.2
      vertex 58.2 0 13.2
    endloop
  endfacet
  facet normal -0 0 1
    outer loop
      vertex -0.599999 0.2 13.2
      vertex 0.444429 0.16853 13.2
      vertex 0.401997 0.2 13.2
    endloop
  endfacet
  facet normal 0 0 1
    outer loop
      vertex -0.599999 -1.4 13.2
      vertex 0.444429 0.16853 13.2
      vertex -0.599999 0.2 13.2
    endloop
  endfacet
  facet normal 0 0 1
    outer loop
      vertex 0.444429 0.16853 13.2
      vertex -0.599999 -1.4 13.2
      vertex 0.528603 0.118078 13.2
    endloop
  endfacet
  facet normal 0 0 1
    outer loop
      vertex 0.528603 0.118078 13.2
      vertex -0.599999 -1.4 13.2
      vertex 0.617316 0.0761204 13.2
    endloop
  endfacet
  facet normal 0 0 1
    outer loop
      vertex 0.617316 0.0761204 13.2
      vertex -0.599999 -1.4 13.2
      vertex 0.709715 0.0430593 13.2
    endloop
  endfacet
  facet normal 0 0 1
    outer loop
      vertex 0.709715 0.0430593 13.2
      vertex -0.599999 -1.4 13.2
      vertex 0.804909 0.0192146 13.2
    endloop
  endfacet
  facet normal 0 0 1
    outer loop
      vertex 1 0 13.2
      vertex -0.599999 -1.4 13.2
      vertex 59.8 -1.4 13.2
    endloop
  endfacet
  facet normal 0 0 1
    outer loop
      vertex 0.901982 0.0048151 13.2
      vertex -0.599999 -1.4 13.2
      vertex 1 0 13.2
    endloop
  endfacet
  facet normal 0 0 1
    outer loop
      vertex 0.804909 0.0192146 13.2
      vertex -0.599999 -1.4 13.2
      vertex 0.901982 0.0048151 13.2
    endloop
  endfacet
  facet normal 0 0 -1
    outer loop
      vertex 58.7556 0.16853 11
      vertex 59.8 0.2 11
      vertex 59.8 -1.4 11
    endloop
  endfacet
  facet normal -0 0 -1
    outer loop
      vertex 59.8 0.2 11
      vertex 58.7556 0.16853 11
      vertex 58.798 0.2 11
    endloop
  endfacet
  facet normal 0 0 -1
    outer loop
      vertex 59.8 -1.4 11
      vertex 58.6714 0.118078 11
      vertex 58.7556 0.16853 11
    endloop
  endfacet
  facet normal 0 0 -1
    outer loop
      vertex 59.8 -1.4 11
      vertex 58.5827 0.0761204 11
      vertex 58.6714 0.118078 11
    endloop
  endfacet
  facet normal 0 0 -1
    outer loop
      vertex 59.8 -1.4 11
      vertex 58.4903 0.0430593 11
      vertex 58.5827 0.0761204 11
    endloop
  endfacet
  facet normal 0 0 -1
    outer loop
      vertex 59.8 -1.4 11
      vertex 58.3951 0.0192146 11
      vertex 58.4903 0.0430593 11
    endloop
  endfacet
  facet normal 0 0 -1
    outer loop
      vertex 59.8 -1.4 11
      vertex 58.298 0.0048151 11
      vertex 58.3951 0.0192146 11
    endloop
  endfacet
  facet normal 0 0 -1
    outer loop
      vertex 59.8 -1.4 11
      vertex 58.2 0 11
      vertex 58.298 0.0048151 11
    endloop
  endfacet
  facet normal 0 0 -1
    outer loop
      vertex 59.8 -1.4 11
      vertex 1 0 11
      vertex 58.2 0 11
    endloop
  endfacet
  facet normal 0 0 -1
    outer loop
      vertex -0.599999 -1.4 11
      vertex 1 0 11
      vertex 59.8 -1.4 11
    endloop
  endfacet
  facet normal 0 0 -1
    outer loop
      vertex -0.599999 -1.4 11
      vertex 0.901982 0.0048151 11
      vertex 1 0 11
    endloop
  endfacet
  facet normal 0 0 -1
    outer loop
      vertex -0.599999 -1.4 11
      vertex 0.804909 0.0192146 11
      vertex 0.901982 0.0048151 11
    endloop
  endfacet
  facet normal 0 0 -1
    outer loop
      vertex -0.599999 -1.4 11
      vertex 0.709715 0.0430593 11
      vertex 0.804909 0.0192146 11
    endloop
  endfacet
  facet normal 0 0 -1
    outer loop
      vertex -0.599999 -1.4 11
      vertex 0.617316 0.0761204 11
      vertex 0.709715 0.0430593 11
    endloop
  endfacet
  facet normal 0 0 -1
    outer loop
      vertex -0.599999 -1.4 11
      vertex 0.528603 0.118078 11
      vertex 0.617316 0.0761204 11
    endloop
  endfacet
  facet normal 0 0 -1
    outer loop
      vertex -0.599999 -1.4 11
      vertex 0.444429 0.16853 11
      vertex 0.528603 0.118078 11
    endloop
  endfacet
  facet normal 0 0 -1
    outer loop
      vertex -0.599999 0.2 11
      vertex 0.444429 0.16853 11
      vertex -0.599999 -1.4 11
    endloop
  endfacet
  facet normal 0 0 -1
    outer loop
      vertex 0.444429 0.16853 11
      vertex -0.599999 0.2 11
      vertex 0.401997 0.2 11
    endloop
  endfacet
  facet normal -1 0 0
    outer loop
      vertex -0.599999 -1.4 11
      vertex -0.599999 0.2 13.2
      vertex -0.599999 0.2 11
    endloop
  endfacet
  facet normal -1 -0 0
    outer loop
      vertex -0.599999 0.2 13.2
      vertex -0.599999 -1.4 11
      vertex -0.599999 -1.4 13.2
    endloop
  endfacet
  facet normal 0 1 -0
    outer loop
      vertex 0.401997 0.2 11
      vertex -0.599999 0.2 13.2
      vertex 0.401997 0.2 13.2
    endloop
  endfacet
  facet normal 0 1 0
    outer loop
      vertex -0.599999 0.2 13.2
      vertex 0.401997 0.2 11
      vertex -0.599999 0.2 11
    endloop
  endfacet
  facet normal 0 1 -0
    outer loop
      vertex 59.8 0.2 11
      vertex 58.798 0.2 13.2
      vertex 59.8 0.2 13.2
    endloop
  endfacet
  facet normal 0 1 0
    outer loop
      vertex 58.798 0.2 13.2
      vertex 59.8 0.2 11
      vertex 58.798 0.2 11
    endloop
  endfacet
  facet normal 0 -1 0
    outer loop
      vertex -0.599999 -1.4 11
      vertex 59.8 -1.4 13.2
      vertex -0.599999 -1.4 13.2
    endloop
  endfacet
  facet normal 0 -1 -0
    outer loop
      vertex 59.8 -1.4 13.2
      vertex -0.599999 -1.4 11
      vertex 59.8 -1.4 11
    endloop
  endfacet
endsolid OpenSCAD_Model
