solid OpenSCAD_Model
  facet normal 0 0 -1
    outer loop
      vertex 13.7057 19.1588 0
      vertex 41.2121 33.431 0
      vertex 13.862 18.925 0
    endloop
  endfacet
  facet normal 0 0 -1
    outer loop
      vertex 40.9 35 0
      vertex 14.1316 51.8694 0
      vertex 14.15 52.15 0
    endloop
  endfacet
  facet normal -0 0 -1
    outer loop
      vertex 41.2121 33.431 0
      vertex 13.7057 19.1588 0
      vertex 41.0397 33.9388 0
    endloop
  endfacet
  facet normal 0 0 -1
    outer loop
      vertex 40.9 35 0
      vertex 14.0767 51.5935 0
      vertex 14.1316 51.8694 0
    endloop
  endfacet
  facet normal 0 0 -1
    outer loop
      vertex 13.5203 19.3703 0
      vertex 41.0397 33.9388 0
      vertex 13.7057 19.1588 0
    endloop
  endfacet
  facet normal 0 0 -1
    outer loop
      vertex 40.9 35 0
      vertex 13.9863 51.3272 0
      vertex 14.0767 51.5935 0
    endloop
  endfacet
  facet normal -0 0 -1
    outer loop
      vertex 41.0397 33.9388 0
      vertex 13.5203 19.3703 0
      vertex 40.9351 34.4648 0
    endloop
  endfacet
  facet normal 0 0 -1
    outer loop
      vertex 40.9 35 0
      vertex 13.862 51.075 0
      vertex 13.9863 51.3272 0
    endloop
  endfacet
  facet normal 0 0 -1
    outer loop
      vertex 13.3088 19.5557 0
      vertex 40.9351 34.4648 0
      vertex 13.5203 19.3703 0
    endloop
  endfacet
  facet normal 0 0 -1
    outer loop
      vertex 40.9 35 0
      vertex 13.7057 50.8412 0
      vertex 13.862 51.075 0
    endloop
  endfacet
  facet normal -0 0 -1
    outer loop
      vertex 40.9351 34.4648 0
      vertex 13.3088 19.5557 0
      vertex 40.9 35 0
    endloop
  endfacet
  facet normal 0 0 -1
    outer loop
      vertex 40.9 35 0
      vertex 13.5203 50.6297 0
      vertex 13.7057 50.8412 0
    endloop
  endfacet
  facet normal 0 0 -1
    outer loop
      vertex 13.075 19.712 0
      vertex 40.9 35 0
      vertex 13.3088 19.5557 0
    endloop
  endfacet
  facet normal 0 0 -1
    outer loop
      vertex 40.9 35 0
      vertex 13.3088 50.4443 0
      vertex 13.5203 50.6297 0
    endloop
  endfacet
  facet normal 0 0 -1
    outer loop
      vertex 13.075 50.288 0
      vertex 40.9 35 0
      vertex 13.075 19.712 0
    endloop
  endfacet
  facet normal 0 0 -1
    outer loop
      vertex 40.9 35 0
      vertex 13.075 50.288 0
      vertex 13.3088 50.4443 0
    endloop
  endfacet
  facet normal 0 0 -1
    outer loop
      vertex 12.8228 19.8363 0
      vertex 13.075 50.288 0
      vertex 13.075 19.712 0
    endloop
  endfacet
  facet normal 0 0 -1
    outer loop
      vertex 12.8228 19.8363 0
      vertex 12.8228 50.1637 0
      vertex 13.075 50.288 0
    endloop
  endfacet
  facet normal 0 0 -1
    outer loop
      vertex 12.5565 19.9267 0
      vertex 12.8228 50.1637 0
      vertex 12.8228 19.8363 0
    endloop
  endfacet
  facet normal 0 0 -1
    outer loop
      vertex 12.5565 19.9267 0
      vertex 12.5565 50.0733 0
      vertex 12.8228 50.1637 0
    endloop
  endfacet
  facet normal 0 0 -1
    outer loop
      vertex 12.2806 19.9816 0
      vertex 12.5565 50.0733 0
      vertex 12.5565 19.9267 0
    endloop
  endfacet
  facet normal 0 0 -1
    outer loop
      vertex 12.2806 19.9816 0
      vertex 12.2806 50.0184 0
      vertex 12.5565 50.0733 0
    endloop
  endfacet
  facet normal 0 0 -1
    outer loop
      vertex 12 20 0
      vertex 12.2806 50.0184 0
      vertex 12.2806 19.9816 0
    endloop
  endfacet
  facet normal 0 0 -1
    outer loop
      vertex 12 20 0
      vertex 12 50 0
      vertex 12.2806 50.0184 0
    endloop
  endfacet
  facet normal 0 0 -1
    outer loop
      vertex 11.7194 19.9816 0
      vertex 12 50 0
      vertex 12 20 0
    endloop
  endfacet
  facet normal 0 0 -1
    outer loop
      vertex 11.7194 19.9816 0
      vertex 11.7194 50.0184 0
      vertex 12 50 0
    endloop
  endfacet
  facet normal 0 0 -1
    outer loop
      vertex 11.4435 19.9267 0
      vertex 11.7194 50.0184 0
      vertex 11.7194 19.9816 0
    endloop
  endfacet
  facet normal 0 0 -1
    outer loop
      vertex 11.4435 19.9267 0
      vertex 11.4435 50.0733 0
      vertex 11.7194 50.0184 0
    endloop
  endfacet
  facet normal 0 0 -1
    outer loop
      vertex 11.1772 19.8363 0
      vertex 11.4435 50.0733 0
      vertex 11.4435 19.9267 0
    endloop
  endfacet
  facet normal 0 0 -1
    outer loop
      vertex 11.1772 19.8363 0
      vertex 11.1772 50.1637 0
      vertex 11.4435 50.0733 0
    endloop
  endfacet
  facet normal 0 0 -1
    outer loop
      vertex 10.925 19.712 0
      vertex 11.1772 50.1637 0
      vertex 11.1772 19.8363 0
    endloop
  endfacet
  facet normal 0 0 -1
    outer loop
      vertex 10.925 19.712 0
      vertex 10.925 50.288 0
      vertex 11.1772 50.1637 0
    endloop
  endfacet
  facet normal 0 0 -1
    outer loop
      vertex 10.6912 19.5557 0
      vertex 10.925 50.288 0
      vertex 10.925 19.712 0
    endloop
  endfacet
  facet normal 0 0 -1
    outer loop
      vertex 10.6912 19.5557 0
      vertex 10.6912 50.4443 0
      vertex 10.925 50.288 0
    endloop
  endfacet
  facet normal 0 0 -1
    outer loop
      vertex 10.4797 19.3703 0
      vertex 10.6912 50.4443 0
      vertex 10.6912 19.5557 0
    endloop
  endfacet
  facet normal 0 0 -1
    outer loop
      vertex 10.4797 19.3703 0
      vertex 10.4797 50.6297 0
      vertex 10.6912 50.4443 0
    endloop
  endfacet
  facet normal 0 0 -1
    outer loop
      vertex 10.2943 19.1588 0
      vertex 10.4797 50.6297 0
      vertex 10.4797 19.3703 0
    endloop
  endfacet
  facet normal 0 0 -1
    outer loop
      vertex 10.2943 19.1588 0
      vertex 10.2943 50.8412 0
      vertex 10.4797 50.6297 0
    endloop
  endfacet
  facet normal 0 0 -1
    outer loop
      vertex 10.138 18.925 0
      vertex 10.2943 50.8412 0
      vertex 10.2943 19.1588 0
    endloop
  endfacet
  facet normal 0 0 -1
    outer loop
      vertex 10.138 18.925 0
      vertex 10.138 51.075 0
      vertex 10.2943 50.8412 0
    endloop
  endfacet
  facet normal 0 0 -1
    outer loop
      vertex 10.0137 18.6728 0
      vertex 10.138 51.075 0
      vertex 10.138 18.925 0
    endloop
  endfacet
  facet normal 0 0 -1
    outer loop
      vertex 10.0137 18.6728 0
      vertex 10.0137 51.3272 0
      vertex 10.138 51.075 0
    endloop
  endfacet
  facet normal 0 0 -1
    outer loop
      vertex 0 2 0
      vertex 10.0137 18.6728 0
      vertex 9.92326 18.4065 0
    endloop
  endfacet
  facet normal -0 0 -1
    outer loop
      vertex 10.0137 18.6728 0
      vertex 0 2 0
      vertex 10.0137 51.3272 0
    endloop
  endfacet
  facet normal 0 0 -1
    outer loop
      vertex 0 2 0
      vertex 9.92326 18.4065 0
      vertex 9.86839 18.1306 0
    endloop
  endfacet
  facet normal 0 0 -1
    outer loop
      vertex 0 68 0
      vertex 10.0137 51.3272 0
      vertex 0 2 0
    endloop
  endfacet
  facet normal 0 0 -1
    outer loop
      vertex 0 2 0
      vertex 9.86839 18.1306 0
      vertex 9.85 17.85 0
    endloop
  endfacet
  facet normal 0 0 -1
    outer loop
      vertex 10.0137 51.3272 0
      vertex 0 68 0
      vertex 9.92326 51.5935 0
    endloop
  endfacet
  facet normal 0 0 -1
    outer loop
      vertex 79.9863 18.6728 0
      vertex 90 2 0
      vertex 80.0767 18.4065 0
    endloop
  endfacet
  facet normal 0 0 -1
    outer loop
      vertex 90 68 0
      vertex 80.1316 51.8694 0
      vertex 80.15 52.15 0
    endloop
  endfacet
  facet normal 0 0 -1
    outer loop
      vertex 90 2 0
      vertex 79.9863 18.6728 0
      vertex 90 68 0
    endloop
  endfacet
  facet normal 0 0 -1
    outer loop
      vertex 90 68 0
      vertex 80.0767 51.5935 0
      vertex 80.1316 51.8694 0
    endloop
  endfacet
  facet normal 0 0 -1
    outer loop
      vertex 79.9863 51.3272 0
      vertex 90 68 0
      vertex 79.9863 18.6728 0
    endloop
  endfacet
  facet normal 0 0 -1
    outer loop
      vertex 90 68 0
      vertex 79.9863 51.3272 0
      vertex 80.0767 51.5935 0
    endloop
  endfacet
  facet normal 0 0 -1
    outer loop
      vertex 79.862 18.925 0
      vertex 79.9863 51.3272 0
      vertex 79.9863 18.6728 0
    endloop
  endfacet
  facet normal 0 0 -1
    outer loop
      vertex 79.862 18.925 0
      vertex 79.862 51.075 0
      vertex 79.9863 51.3272 0
    endloop
  endfacet
  facet normal 0 0 -1
    outer loop
      vertex 79.7057 19.1588 0
      vertex 79.862 51.075 0
      vertex 79.862 18.925 0
    endloop
  endfacet
  facet normal 0 0 -1
    outer loop
      vertex 79.7057 19.1588 0
      vertex 79.7057 50.8412 0
      vertex 79.862 51.075 0
    endloop
  endfacet
  facet normal 0 0 -1
    outer loop
      vertex 79.5203 19.3703 0
      vertex 79.7057 50.8412 0
      vertex 79.7057 19.1588 0
    endloop
  endfacet
  facet normal 0 0 -1
    outer loop
      vertex 79.5203 19.3703 0
      vertex 79.5203 50.6297 0
      vertex 79.7057 50.8412 0
    endloop
  endfacet
  facet normal 0 0 -1
    outer loop
      vertex 79.3088 19.5557 0
      vertex 79.5203 50.6297 0
      vertex 79.5203 19.3703 0
    endloop
  endfacet
  facet normal 0 0 -1
    outer loop
      vertex 79.3088 19.5557 0
      vertex 79.3088 50.4443 0
      vertex 79.5203 50.6297 0
    endloop
  endfacet
  facet normal 0 0 -1
    outer loop
      vertex 79.075 19.712 0
      vertex 79.3088 50.4443 0
      vertex 79.3088 19.5557 0
    endloop
  endfacet
  facet normal 0 0 -1
    outer loop
      vertex 79.075 19.712 0
      vertex 79.075 50.288 0
      vertex 79.3088 50.4443 0
    endloop
  endfacet
  facet normal 0 0 -1
    outer loop
      vertex 78.8228 19.8363 0
      vertex 79.075 50.288 0
      vertex 79.075 19.712 0
    endloop
  endfacet
  facet normal 0 0 -1
    outer loop
      vertex 78.8228 19.8363 0
      vertex 78.8228 50.1637 0
      vertex 79.075 50.288 0
    endloop
  endfacet
  facet normal 0 0 -1
    outer loop
      vertex 78.5565 19.9267 0
      vertex 78.8228 50.1637 0
      vertex 78.8228 19.8363 0
    endloop
  endfacet
  facet normal 0 0 -1
    outer loop
      vertex 78.5565 19.9267 0
      vertex 78.5565 50.0733 0
      vertex 78.8228 50.1637 0
    endloop
  endfacet
  facet normal 0 0 -1
    outer loop
      vertex 78.2806 19.9816 0
      vertex 78.5565 50.0733 0
      vertex 78.5565 19.9267 0
    endloop
  endfacet
  facet normal 0 0 -1
    outer loop
      vertex 78.2806 19.9816 0
      vertex 78.2806 50.0184 0
      vertex 78.5565 50.0733 0
    endloop
  endfacet
  facet normal 0 0 -1
    outer loop
      vertex 78 20 0
      vertex 78.2806 50.0184 0
      vertex 78.2806 19.9816 0
    endloop
  endfacet
  facet normal 0 0 -1
    outer loop
      vertex 78 20 0
      vertex 78 50 0
      vertex 78.2806 50.0184 0
    endloop
  endfacet
  facet normal 0 0 -1
    outer loop
      vertex 77.7194 19.9816 0
      vertex 78 50 0
      vertex 78 20 0
    endloop
  endfacet
  facet normal 0 0 -1
    outer loop
      vertex 77.7194 19.9816 0
      vertex 77.7194 50.0184 0
      vertex 78 50 0
    endloop
  endfacet
  facet normal 0 0 -1
    outer loop
      vertex 77.4435 19.9267 0
      vertex 77.7194 50.0184 0
      vertex 77.7194 19.9816 0
    endloop
  endfacet
  facet normal 0 0 -1
    outer loop
      vertex 77.4435 19.9267 0
      vertex 77.4435 50.0733 0
      vertex 77.7194 50.0184 0
    endloop
  endfacet
  facet normal 0 0 -1
    outer loop
      vertex 77.1772 19.8363 0
      vertex 77.4435 50.0733 0
      vertex 77.4435 19.9267 0
    endloop
  endfacet
  facet normal 0 0 -1
    outer loop
      vertex 77.1772 19.8363 0
      vertex 77.1772 50.1637 0
      vertex 77.4435 50.0733 0
    endloop
  endfacet
  facet normal 0 0 -1
    outer loop
      vertex 76.925 19.712 0
      vertex 77.1772 50.1637 0
      vertex 77.1772 19.8363 0
    endloop
  endfacet
  facet normal 0 0 -1
    outer loop
      vertex 76.925 19.712 0
      vertex 76.925 50.288 0
      vertex 77.1772 50.1637 0
    endloop
  endfacet
  facet normal 0 0 -1
    outer loop
      vertex 49.1 35 0
      vertex 76.925 19.712 0
      vertex 76.6912 19.5557 0
    endloop
  endfacet
  facet normal 0 0 -1
    outer loop
      vertex 76.925 19.712 0
      vertex 49.1 35 0
      vertex 76.925 50.288 0
    endloop
  endfacet
  facet normal 0 0 -1
    outer loop
      vertex 49.0649 34.4648 0
      vertex 76.6912 19.5557 0
      vertex 76.4797 19.3703 0
    endloop
  endfacet
  facet normal -0 0 -1
    outer loop
      vertex 76.925 50.288 0
      vertex 49.1 35 0
      vertex 76.6912 50.4443 0
    endloop
  endfacet
  facet normal 0 0 -1
    outer loop
      vertex 48.9603 33.9388 0
      vertex 76.4797 19.3703 0
      vertex 76.2943 19.1588 0
    endloop
  endfacet
  facet normal 0 0 -1
    outer loop
      vertex 49.0649 35.5352 0
      vertex 76.6912 50.4443 0
      vertex 49.1 35 0
    endloop
  endfacet
  facet normal 0 0 -1
    outer loop
      vertex 48.7879 33.431 0
      vertex 76.2943 19.1588 0
      vertex 76.138 18.925 0
    endloop
  endfacet
  facet normal -0 0 -1
    outer loop
      vertex 76.6912 50.4443 0
      vertex 49.0649 35.5352 0
      vertex 76.4797 50.6297 0
    endloop
  endfacet
  facet normal 0 0 -1
    outer loop
      vertex 48.5507 32.95 0
      vertex 76.138 18.925 0
      vertex 76.0137 18.6728 0
    endloop
  endfacet
  facet normal 0 0 -1
    outer loop
      vertex 48.9603 36.0612 0
      vertex 76.4797 50.6297 0
      vertex 49.0649 35.5352 0
    endloop
  endfacet
  facet normal 0 0 -1
    outer loop
      vertex 48.2527 32.5041 0
      vertex 76.0137 18.6728 0
      vertex 75.9233 18.4065 0
    endloop
  endfacet
  facet normal -0 0 -1
    outer loop
      vertex 76.4797 50.6297 0
      vertex 48.9603 36.0612 0
      vertex 76.2943 50.8412 0
    endloop
  endfacet
  facet normal 0 0 -1
    outer loop
      vertex 47.8991 32.1009 0
      vertex 75.9233 18.4065 0
      vertex 75.8684 18.1306 0
    endloop
  endfacet
  facet normal 0 0 -1
    outer loop
      vertex 48.7879 36.569 0
      vertex 76.2943 50.8412 0
      vertex 48.9603 36.0612 0
    endloop
  endfacet
  facet normal 0 0 -1
    outer loop
      vertex 47.8991 32.1009 0
      vertex 75.8684 18.1306 0
      vertex 75.85 17.85 0
    endloop
  endfacet
  facet normal -0 0 -1
    outer loop
      vertex 76.2943 50.8412 0
      vertex 48.7879 36.569 0
      vertex 76.138 51.075 0
    endloop
  endfacet
  facet normal 0 0 -1
    outer loop
      vertex 88 0 0
      vertex 90 2 0
      vertex 89.9829 1.73895 0
    endloop
  endfacet
  facet normal 0 0 -1
    outer loop
      vertex 80.1316 18.1306 0
      vertex 90 2 0
      vertex 80.15 17.85 0
    endloop
  endfacet
  facet normal 0 0 -1
    outer loop
      vertex 88 0 0
      vertex 89.9829 1.73895 0
      vertex 89.9319 1.48236 0
    endloop
  endfacet
  facet normal 0 0 -1
    outer loop
      vertex 80.0767 18.4065 0
      vertex 90 2 0
      vertex 80.1316 18.1306 0
    endloop
  endfacet
  facet normal 0 0 -1
    outer loop
      vertex 88 0 0
      vertex 89.9319 1.48236 0
      vertex 89.8478 1.23463 0
    endloop
  endfacet
  facet normal 0 0 -1
    outer loop
      vertex 80.15 67.85 0
      vertex 90 68 0
      vertex 80.15 52.15 0
    endloop
  endfacet
  facet normal 0 0 -1
    outer loop
      vertex 88 0 0
      vertex 89.8478 1.23463 0
      vertex 89.732 1 0
    endloop
  endfacet
  facet normal 0 -0 -1
    outer loop
      vertex 88 70 0
      vertex 90 68 0
      vertex 80.15 67.85 0
    endloop
  endfacet
  facet normal 0 0 -1
    outer loop
      vertex 88 0 0
      vertex 89.732 1 0
      vertex 89.5867 0.782476 0
    endloop
  endfacet
  facet normal 0 0 -1
    outer loop
      vertex 90 68 0
      vertex 88 70 0
      vertex 89.9829 68.2611 0
    endloop
  endfacet
  facet normal 0 0 -1
    outer loop
      vertex 88 0 0
      vertex 89.5867 0.782476 0
      vertex 89.4142 0.585786 0
    endloop
  endfacet
  facet normal 0 0 -1
    outer loop
      vertex 89.9829 68.2611 0
      vertex 88 70 0
      vertex 89.9319 68.5176 0
    endloop
  endfacet
  facet normal 0 0 -1
    outer loop
      vertex 88 0 0
      vertex 89.4142 0.585786 0
      vertex 89.2175 0.413293 0
    endloop
  endfacet
  facet normal 0 0 -1
    outer loop
      vertex 89.9319 68.5176 0
      vertex 88 70 0
      vertex 89.8478 68.7654 0
    endloop
  endfacet
  facet normal 0 0 -1
    outer loop
      vertex 88 0 0
      vertex 89.2175 0.413293 0
      vertex 89 0.267949 0
    endloop
  endfacet
  facet normal 0 0 -1
    outer loop
      vertex 89.8478 68.7654 0
      vertex 88 70 0
      vertex 89.732 69 0
    endloop
  endfacet
  facet normal 0 0 -1
    outer loop
      vertex 88 0 0
      vertex 89 0.267949 0
      vertex 88.7654 0.152241 0
    endloop
  endfacet
  facet normal 0 0 -1
    outer loop
      vertex 89.732 69 0
      vertex 88 70 0
      vertex 89.5867 69.2175 0
    endloop
  endfacet
  facet normal 0 0 -1
    outer loop
      vertex 88 0 0
      vertex 88.7654 0.152241 0
      vertex 88.5176 0.0681477 0
    endloop
  endfacet
  facet normal 0 0 -1
    outer loop
      vertex 89.5867 69.2175 0
      vertex 88 70 0
      vertex 89.4142 69.4142 0
    endloop
  endfacet
  facet normal 0 0 -1
    outer loop
      vertex 88 0 0
      vertex 88.5176 0.0681477 0
      vertex 88.2611 0.0171099 0
    endloop
  endfacet
  facet normal 0 0 -1
    outer loop
      vertex 89.4142 69.4142 0
      vertex 88 70 0
      vertex 89.2175 69.5867 0
    endloop
  endfacet
  facet normal 0 0 -1
    outer loop
      vertex 81.309 7.39554 0
      vertex 90 2 0
      vertex 88 0 0
    endloop
  endfacet
  facet normal 0 0 -1
    outer loop
      vertex 89.2175 69.5867 0
      vertex 88 70 0
      vertex 89 69.732 0
    endloop
  endfacet
  facet normal 0 0 -1
    outer loop
      vertex 90 2 0
      vertex 81.65 8.4 0
      vertex 81.6359 8.61537 0
    endloop
  endfacet
  facet normal 0 0 -1
    outer loop
      vertex 90 2 0
      vertex 81.6359 8.18463 0
      vertex 81.65 8.4 0
    endloop
  endfacet
  facet normal 0 0 -1
    outer loop
      vertex 90 2 0
      vertex 81.5938 7.97295 0
      vertex 81.6359 8.18463 0
    endloop
  endfacet
  facet normal 0 0 -1
    outer loop
      vertex 90 2 0
      vertex 81.5244 7.76857 0
      vertex 81.5938 7.97295 0
    endloop
  endfacet
  facet normal 0 0 -1
    outer loop
      vertex 90 2 0
      vertex 81.4289 7.575 0
      vertex 81.5244 7.76857 0
    endloop
  endfacet
  facet normal 0 0 -1
    outer loop
      vertex 90 2 0
      vertex 81.309 7.39554 0
      vertex 81.4289 7.575 0
    endloop
  endfacet
  facet normal 0 0 -1
    outer loop
      vertex 88 0 0
      vertex 81.1667 7.23327 0
      vertex 81.309 7.39554 0
    endloop
  endfacet
  facet normal 0 0 -1
    outer loop
      vertex 80.15 2.15 0
      vertex 81.1667 7.23327 0
      vertex 88 0 0
    endloop
  endfacet
  facet normal 0 0 -1
    outer loop
      vertex 81.1667 7.23327 0
      vertex 80.15 2.15 0
      vertex 81.0045 7.09097 0
    endloop
  endfacet
  facet normal 0 0 -1
    outer loop
      vertex 81.0045 7.09097 0
      vertex 80.15 2.15 0
      vertex 80.825 6.97106 0
    endloop
  endfacet
  facet normal 0 0 -1
    outer loop
      vertex 80.825 6.97106 0
      vertex 80.15 2.15 0
      vertex 80.6314 6.8756 0
    endloop
  endfacet
  facet normal 0 0 -1
    outer loop
      vertex 80.6314 6.8756 0
      vertex 80.15 2.15 0
      vertex 80.427 6.80622 0
    endloop
  endfacet
  facet normal 0 0 -1
    outer loop
      vertex 80.427 6.80622 0
      vertex 80.15 2.15 0
      vertex 80.2154 6.76412 0
    endloop
  endfacet
  facet normal 0 0 -1
    outer loop
      vertex 88 0 0
      vertex 80.1316 1.86937 0
      vertex 80.15 2.15 0
    endloop
  endfacet
  facet normal 0 0 -1
    outer loop
      vertex 88 0 0
      vertex 80.0767 1.59354 0
      vertex 80.1316 1.86937 0
    endloop
  endfacet
  facet normal 0 0 -1
    outer loop
      vertex 88 0 0
      vertex 79.9863 1.32723 0
      vertex 80.0767 1.59354 0
    endloop
  endfacet
  facet normal 0 0 -1
    outer loop
      vertex 88 0 0
      vertex 79.862 1.075 0
      vertex 79.9863 1.32723 0
    endloop
  endfacet
  facet normal 0 0 -1
    outer loop
      vertex 88 0 0
      vertex 79.7057 0.841163 0
      vertex 79.862 1.075 0
    endloop
  endfacet
  facet normal 0 0 -1
    outer loop
      vertex 88 0 0
      vertex 79.5203 0.62972 0
      vertex 79.7057 0.841163 0
    endloop
  endfacet
  facet normal 0 0 -1
    outer loop
      vertex 88 0 0
      vertex 79.3088 0.44429 0
      vertex 79.5203 0.62972 0
    endloop
  endfacet
  facet normal 0 0 -1
    outer loop
      vertex 88 0 0
      vertex 79.075 0.288045 0
      vertex 79.3088 0.44429 0
    endloop
  endfacet
  facet normal 0 0 -1
    outer loop
      vertex 88 0 0
      vertex 78.8228 0.163658 0
      vertex 79.075 0.288045 0
    endloop
  endfacet
  facet normal 0 0 -1
    outer loop
      vertex 88 0 0
      vertex 78.5565 0.0732594 0
      vertex 78.8228 0.163658 0
    endloop
  endfacet
  facet normal 0 0 -1
    outer loop
      vertex 88 0 0
      vertex 78.2806 0.0183935 0
      vertex 78.5565 0.0732594 0
    endloop
  endfacet
  facet normal 0 -0 -1
    outer loop
      vertex 78.2806 0.0183935 0
      vertex 88 0 0
      vertex 78 0 0
    endloop
  endfacet
  facet normal 0 0 -1
    outer loop
      vertex 90 2 0
      vertex 81.6359 8.61537 0
      vertex 81.5938 8.82705 0
    endloop
  endfacet
  facet normal 0 0 -1
    outer loop
      vertex 90 2 0
      vertex 81.5938 8.82705 0
      vertex 81.5244 9.03143 0
    endloop
  endfacet
  facet normal 0 0 -1
    outer loop
      vertex 81.4289 9.225 0
      vertex 90 2 0
      vertex 81.5244 9.03143 0
    endloop
  endfacet
  facet normal 0 0 -1
    outer loop
      vertex 90 2 0
      vertex 81.4289 9.225 0
      vertex 80.15 17.85 0
    endloop
  endfacet
  facet normal 0 0 -1
    outer loop
      vertex 80.15 17.85 0
      vertex 81.4289 9.225 0
      vertex 81.309 9.40446 0
    endloop
  endfacet
  facet normal 0 0 -1
    outer loop
      vertex 80.15 17.85 0
      vertex 81.309 9.40446 0
      vertex 81.1667 9.56673 0
    endloop
  endfacet
  facet normal 0 0 -1
    outer loop
      vertex 80.15 17.85 0
      vertex 81.1667 9.56673 0
      vertex 81.0045 9.70903 0
    endloop
  endfacet
  facet normal 0 0 -1
    outer loop
      vertex 80.15 17.85 0
      vertex 81.0045 9.70903 0
      vertex 80.825 9.82894 0
    endloop
  endfacet
  facet normal 0 0 -1
    outer loop
      vertex 80.15 17.85 0
      vertex 80.825 9.82894 0
      vertex 80.6314 9.9244 0
    endloop
  endfacet
  facet normal 0 0 -1
    outer loop
      vertex 80.15 17.85 0
      vertex 80.6314 9.9244 0
      vertex 80.427 9.99378 0
    endloop
  endfacet
  facet normal 0 0 -1
    outer loop
      vertex 80.15 17.85 0
      vertex 80.427 9.99378 0
      vertex 80.2154 10.0359 0
    endloop
  endfacet
  facet normal 0 0 -1
    outer loop
      vertex 80.15 17.85 0
      vertex 80.2154 10.0359 0
      vertex 80.15 10.0402 0
    endloop
  endfacet
  facet normal 0 0 -1
    outer loop
      vertex 88.7654 69.8478 0
      vertex 88 70 0
      vertex 88.5176 69.9319 0
    endloop
  endfacet
  facet normal 0 0 -1
    outer loop
      vertex 88.5176 69.9319 0
      vertex 88 70 0
      vertex 88.2611 69.9829 0
    endloop
  endfacet
  facet normal 0 0 -1
    outer loop
      vertex 89 69.732 0
      vertex 88 70 0
      vertex 88.7654 69.8478 0
    endloop
  endfacet
  facet normal 0 0 -1
    outer loop
      vertex 80.1316 68.1306 0
      vertex 88 70 0
      vertex 80.15 67.85 0
    endloop
  endfacet
  facet normal 0 0 -1
    outer loop
      vertex 80.0767 68.4065 0
      vertex 88 70 0
      vertex 80.1316 68.1306 0
    endloop
  endfacet
  facet normal 0 0 -1
    outer loop
      vertex 79.9863 68.6728 0
      vertex 88 70 0
      vertex 80.0767 68.4065 0
    endloop
  endfacet
  facet normal 0 0 -1
    outer loop
      vertex 79.862 68.925 0
      vertex 88 70 0
      vertex 79.9863 68.6728 0
    endloop
  endfacet
  facet normal 0 0 -1
    outer loop
      vertex 79.7057 69.1588 0
      vertex 88 70 0
      vertex 79.862 68.925 0
    endloop
  endfacet
  facet normal 0 0 -1
    outer loop
      vertex 79.5203 69.3703 0
      vertex 88 70 0
      vertex 79.7057 69.1588 0
    endloop
  endfacet
  facet normal 0 0 -1
    outer loop
      vertex 79.3088 69.5557 0
      vertex 88 70 0
      vertex 79.5203 69.3703 0
    endloop
  endfacet
  facet normal 0 0 -1
    outer loop
      vertex 79.075 69.712 0
      vertex 88 70 0
      vertex 79.3088 69.5557 0
    endloop
  endfacet
  facet normal 0 0 -1
    outer loop
      vertex 78.8228 69.8363 0
      vertex 88 70 0
      vertex 79.075 69.712 0
    endloop
  endfacet
  facet normal 0 0 -1
    outer loop
      vertex 78.5565 69.9267 0
      vertex 88 70 0
      vertex 78.8228 69.8363 0
    endloop
  endfacet
  facet normal 0 0 -1
    outer loop
      vertex 78.2806 69.9816 0
      vertex 88 70 0
      vertex 78.5565 69.9267 0
    endloop
  endfacet
  facet normal -0 0 -1
    outer loop
      vertex 88 70 0
      vertex 78.2806 69.9816 0
      vertex 78 70 0
    endloop
  endfacet
  facet normal 0 0 -1
    outer loop
      vertex 80.2154 6.76412 0
      vertex 80.15 2.15 0
      vertex 80.15 6.75983 0
    endloop
  endfacet
  facet normal 0 0 -1
    outer loop
      vertex 46.569 31.2121 0
      vertex 75.85 17.85 0
      vertex 75.85 2.15 0
    endloop
  endfacet
  facet normal 0 0 -1
    outer loop
      vertex 76.4797 19.3703 0
      vertex 48.9603 33.9388 0
      vertex 49.0649 34.4648 0
    endloop
  endfacet
  facet normal -0 0 -1
    outer loop
      vertex 76.138 51.075 0
      vertex 48.5507 37.05 0
      vertex 76.0137 51.3272 0
    endloop
  endfacet
  facet normal 0 0 -1
    outer loop
      vertex 45 30.9 0
      vertex 75.85 2.15 0
      vertex 75.8684 1.86937 0
    endloop
  endfacet
  facet normal 0 0 -1
    outer loop
      vertex 14.1316 1.86937 0
      vertex 75.8684 1.86937 0
      vertex 75.9233 1.59354 0
    endloop
  endfacet
  facet normal 0 0 -1
    outer loop
      vertex 14.0767 1.59354 0
      vertex 75.9233 1.59354 0
      vertex 76.0137 1.32723 0
    endloop
  endfacet
  facet normal 0 0 -1
    outer loop
      vertex 13.9863 1.32723 0
      vertex 76.0137 1.32723 0
      vertex 76.138 1.075 0
    endloop
  endfacet
  facet normal 0 0 -1
    outer loop
      vertex 13.862 1.075 0
      vertex 76.138 1.075 0
      vertex 76.2943 0.841163 0
    endloop
  endfacet
  facet normal 0 0 -1
    outer loop
      vertex 48.5507 37.05 0
      vertex 76.138 51.075 0
      vertex 48.7879 36.569 0
    endloop
  endfacet
  facet normal 0 0 -1
    outer loop
      vertex 76.6912 19.5557 0
      vertex 49.0649 34.4648 0
      vertex 49.1 35 0
    endloop
  endfacet
  facet normal 0 0 -1
    outer loop
      vertex 76.2943 19.1588 0
      vertex 48.7879 33.431 0
      vertex 48.9603 33.9388 0
    endloop
  endfacet
  facet normal 0 0 -1
    outer loop
      vertex 76.138 18.925 0
      vertex 48.5507 32.95 0
      vertex 48.7879 33.431 0
    endloop
  endfacet
  facet normal 0 0 -1
    outer loop
      vertex 76.0137 18.6728 0
      vertex 48.2527 32.5041 0
      vertex 48.5507 32.95 0
    endloop
  endfacet
  facet normal 0 0 -1
    outer loop
      vertex 13.7057 0.841163 0
      vertex 76.2943 0.841163 0
      vertex 76.4797 0.62972 0
    endloop
  endfacet
  facet normal 0 0 -1
    outer loop
      vertex 75.9233 18.4065 0
      vertex 47.8991 32.1009 0
      vertex 48.2527 32.5041 0
    endloop
  endfacet
  facet normal 0 0 -1
    outer loop
      vertex 75.85 17.85 0
      vertex 47.4959 31.7472 0
      vertex 47.8991 32.1009 0
    endloop
  endfacet
  facet normal 0 0 -1
    outer loop
      vertex 75.85 17.85 0
      vertex 47.05 31.4493 0
      vertex 47.4959 31.7472 0
    endloop
  endfacet
  facet normal 0 0 -1
    outer loop
      vertex 75.85 17.85 0
      vertex 46.569 31.2121 0
      vertex 47.05 31.4493 0
    endloop
  endfacet
  facet normal 0 0 -1
    outer loop
      vertex 75.85 2.15 0
      vertex 46.0612 31.0397 0
      vertex 46.569 31.2121 0
    endloop
  endfacet
  facet normal 0 0 -1
    outer loop
      vertex 75.85 2.15 0
      vertex 45.5352 30.9351 0
      vertex 46.0612 31.0397 0
    endloop
  endfacet
  facet normal 0 0 -1
    outer loop
      vertex 75.85 2.15 0
      vertex 45 30.9 0
      vertex 45.5352 30.9351 0
    endloop
  endfacet
  facet normal 0 0 -1
    outer loop
      vertex 75.8684 1.86937 0
      vertex 14.15 2.15 0
      vertex 45 30.9 0
    endloop
  endfacet
  facet normal -0 0 -1
    outer loop
      vertex 45 30.9 0
      vertex 14.15 2.15 0
      vertex 44.4648 30.9351 0
    endloop
  endfacet
  facet normal -0 0 -1
    outer loop
      vertex 44.4648 30.9351 0
      vertex 14.15 2.15 0
      vertex 43.9388 31.0397 0
    endloop
  endfacet
  facet normal -0 0 -1
    outer loop
      vertex 43.9388 31.0397 0
      vertex 14.15 2.15 0
      vertex 43.431 31.2121 0
    endloop
  endfacet
  facet normal 0 0 -1
    outer loop
      vertex 14.15 17.85 0
      vertex 43.431 31.2121 0
      vertex 14.15 2.15 0
    endloop
  endfacet
  facet normal -0 0 -1
    outer loop
      vertex 43.431 31.2121 0
      vertex 14.15 17.85 0
      vertex 42.95 31.4493 0
    endloop
  endfacet
  facet normal -0 0 -1
    outer loop
      vertex 41.7472 32.5041 0
      vertex 13.9863 18.6728 0
      vertex 41.4493 32.95 0
    endloop
  endfacet
  facet normal 0 0 -1
    outer loop
      vertex 13.9863 18.6728 0
      vertex 41.7472 32.5041 0
      vertex 14.0767 18.4065 0
    endloop
  endfacet
  facet normal -0 0 -1
    outer loop
      vertex 42.1009 32.1009 0
      vertex 14.0767 18.4065 0
      vertex 41.7472 32.5041 0
    endloop
  endfacet
  facet normal 0 0 -1
    outer loop
      vertex 14.0767 18.4065 0
      vertex 42.1009 32.1009 0
      vertex 14.1316 18.1306 0
    endloop
  endfacet
  facet normal 0 0 -1
    outer loop
      vertex 14.1316 18.1306 0
      vertex 42.1009 32.1009 0
      vertex 14.15 17.85 0
    endloop
  endfacet
  facet normal -0 0 -1
    outer loop
      vertex 42.5041 31.7472 0
      vertex 14.15 17.85 0
      vertex 42.1009 32.1009 0
    endloop
  endfacet
  facet normal -0 0 -1
    outer loop
      vertex 42.95 31.4493 0
      vertex 14.15 17.85 0
      vertex 42.5041 31.7472 0
    endloop
  endfacet
  facet normal 0 0 -1
    outer loop
      vertex 13.5203 0.62972 0
      vertex 76.4797 0.62972 0
      vertex 76.6912 0.44429 0
    endloop
  endfacet
  facet normal 0 0 -1
    outer loop
      vertex 13.3088 0.44429 0
      vertex 76.6912 0.44429 0
      vertex 76.925 0.288045 0
    endloop
  endfacet
  facet normal 0 0 -1
    outer loop
      vertex 13.075 0.288045 0
      vertex 76.925 0.288045 0
      vertex 77.1772 0.163658 0
    endloop
  endfacet
  facet normal 0 0 -1
    outer loop
      vertex 12.8228 0.163658 0
      vertex 77.1772 0.163658 0
      vertex 77.4435 0.0732594 0
    endloop
  endfacet
  facet normal 0 0 -1
    outer loop
      vertex 12.5565 0.0732594 0
      vertex 77.4435 0.0732594 0
      vertex 77.7194 0.0183935 0
    endloop
  endfacet
  facet normal 0 0 -1
    outer loop
      vertex 12.2806 0.0183935 0
      vertex 77.7194 0.0183935 0
      vertex 78 0 0
    endloop
  endfacet
  facet normal 0 0 -1
    outer loop
      vertex 75.8684 1.86937 0
      vertex 14.1316 1.86937 0
      vertex 14.15 2.15 0
    endloop
  endfacet
  facet normal 0 0 -1
    outer loop
      vertex 75.9233 1.59354 0
      vertex 14.0767 1.59354 0
      vertex 14.1316 1.86937 0
    endloop
  endfacet
  facet normal 0 0 -1
    outer loop
      vertex 76.0137 1.32723 0
      vertex 13.9863 1.32723 0
      vertex 14.0767 1.59354 0
    endloop
  endfacet
  facet normal 0 0 -1
    outer loop
      vertex 76.138 1.075 0
      vertex 13.862 1.075 0
      vertex 13.9863 1.32723 0
    endloop
  endfacet
  facet normal 0 0 -1
    outer loop
      vertex 76.2943 0.841163 0
      vertex 13.7057 0.841163 0
      vertex 13.862 1.075 0
    endloop
  endfacet
  facet normal 0 0 -1
    outer loop
      vertex 76.4797 0.62972 0
      vertex 13.5203 0.62972 0
      vertex 13.7057 0.841163 0
    endloop
  endfacet
  facet normal 0 0 -1
    outer loop
      vertex 76.6912 0.44429 0
      vertex 13.3088 0.44429 0
      vertex 13.5203 0.62972 0
    endloop
  endfacet
  facet normal 0 0 -1
    outer loop
      vertex 76.925 0.288045 0
      vertex 13.075 0.288045 0
      vertex 13.3088 0.44429 0
    endloop
  endfacet
  facet normal 0 0 -1
    outer loop
      vertex 77.1772 0.163658 0
      vertex 12.8228 0.163658 0
      vertex 13.075 0.288045 0
    endloop
  endfacet
  facet normal 0 0 -1
    outer loop
      vertex 77.4435 0.0732594 0
      vertex 12.5565 0.0732594 0
      vertex 12.8228 0.163658 0
    endloop
  endfacet
  facet normal 0 0 -1
    outer loop
      vertex 77.7194 0.0183935 0
      vertex 12.2806 0.0183935 0
      vertex 12.5565 0.0732594 0
    endloop
  endfacet
  facet normal 0 -0 -1
    outer loop
      vertex 12.2806 0.0183935 0
      vertex 78 0 0
      vertex 12 0 0
    endloop
  endfacet
  facet normal 0 0 -1
    outer loop
      vertex 48.2527 37.4959 0
      vertex 76.0137 51.3272 0
      vertex 48.5507 37.05 0
    endloop
  endfacet
  facet normal -0 0 -1
    outer loop
      vertex 76.0137 51.3272 0
      vertex 48.2527 37.4959 0
      vertex 75.9233 51.5935 0
    endloop
  endfacet
  facet normal 0 0 -1
    outer loop
      vertex 47.8991 37.8991 0
      vertex 75.9233 51.5935 0
      vertex 48.2527 37.4959 0
    endloop
  endfacet
  facet normal -0 0 -1
    outer loop
      vertex 75.9233 51.5935 0
      vertex 47.8991 37.8991 0
      vertex 75.8684 51.8694 0
    endloop
  endfacet
  facet normal -0 0 -1
    outer loop
      vertex 75.8684 51.8694 0
      vertex 47.8991 37.8991 0
      vertex 75.85 52.15 0
    endloop
  endfacet
  facet normal 0 0 -1
    outer loop
      vertex 47.4959 38.2527 0
      vertex 75.85 52.15 0
      vertex 47.8991 37.8991 0
    endloop
  endfacet
  facet normal 0 0 -1
    outer loop
      vertex 47.05 38.5507 0
      vertex 75.85 52.15 0
      vertex 47.4959 38.2527 0
    endloop
  endfacet
  facet normal 0 0 -1
    outer loop
      vertex 46.569 38.7879 0
      vertex 75.85 52.15 0
      vertex 47.05 38.5507 0
    endloop
  endfacet
  facet normal -0 0 -1
    outer loop
      vertex 75.85 52.15 0
      vertex 46.569 38.7879 0
      vertex 75.85 67.85 0
    endloop
  endfacet
  facet normal 0 0 -1
    outer loop
      vertex 46.0612 38.9603 0
      vertex 75.85 67.85 0
      vertex 46.569 38.7879 0
    endloop
  endfacet
  facet normal 0 0 -1
    outer loop
      vertex 45.5352 39.0649 0
      vertex 75.85 67.85 0
      vertex 46.0612 38.9603 0
    endloop
  endfacet
  facet normal 0 0 -1
    outer loop
      vertex 45 39.1 0
      vertex 75.85 67.85 0
      vertex 45.5352 39.0649 0
    endloop
  endfacet
  facet normal -0 0 -1
    outer loop
      vertex 75.85 67.85 0
      vertex 45 39.1 0
      vertex 75.8684 68.1306 0
    endloop
  endfacet
  facet normal 0 0 -1
    outer loop
      vertex 14.15 67.85 0
      vertex 75.8684 68.1306 0
      vertex 45 39.1 0
    endloop
  endfacet
  facet normal 0 0 -1
    outer loop
      vertex 14.1316 68.1306 0
      vertex 75.8684 68.1306 0
      vertex 14.15 67.85 0
    endloop
  endfacet
  facet normal 0 0 -1
    outer loop
      vertex 75.8684 68.1306 0
      vertex 14.1316 68.1306 0
      vertex 75.9233 68.4065 0
    endloop
  endfacet
  facet normal 0 0 -1
    outer loop
      vertex 14.0767 68.4065 0
      vertex 75.9233 68.4065 0
      vertex 14.1316 68.1306 0
    endloop
  endfacet
  facet normal 0 0 -1
    outer loop
      vertex 75.9233 68.4065 0
      vertex 14.0767 68.4065 0
      vertex 76.0137 68.6728 0
    endloop
  endfacet
  facet normal 0 0 -1
    outer loop
      vertex 14.15 67.85 0
      vertex 45 39.1 0
      vertex 44.4648 39.0649 0
    endloop
  endfacet
  facet normal 0 0 -1
    outer loop
      vertex 14.15 67.85 0
      vertex 44.4648 39.0649 0
      vertex 43.9388 38.9603 0
    endloop
  endfacet
  facet normal 0 0 -1
    outer loop
      vertex 14.15 67.85 0
      vertex 43.9388 38.9603 0
      vertex 43.431 38.7879 0
    endloop
  endfacet
  facet normal 0 0 -1
    outer loop
      vertex 14.15 52.15 0
      vertex 43.431 38.7879 0
      vertex 42.95 38.5507 0
    endloop
  endfacet
  facet normal 0 0 -1
    outer loop
      vertex 14.15 52.15 0
      vertex 42.95 38.5507 0
      vertex 42.5041 38.2527 0
    endloop
  endfacet
  facet normal 0 0 -1
    outer loop
      vertex 14.15 52.15 0
      vertex 42.5041 38.2527 0
      vertex 42.1009 37.8991 0
    endloop
  endfacet
  facet normal 0 0 -1
    outer loop
      vertex 13.862 18.925 0
      vertex 41.4493 32.95 0
      vertex 13.9863 18.6728 0
    endloop
  endfacet
  facet normal -0 0 -1
    outer loop
      vertex 41.4493 32.95 0
      vertex 13.862 18.925 0
      vertex 41.2121 33.431 0
    endloop
  endfacet
  facet normal 0 0 -1
    outer loop
      vertex 40.9 35 0
      vertex 14.15 52.15 0
      vertex 40.9351 35.5352 0
    endloop
  endfacet
  facet normal 0 0 -1
    outer loop
      vertex 40.9351 35.5352 0
      vertex 14.15 52.15 0
      vertex 41.0397 36.0612 0
    endloop
  endfacet
  facet normal 0 0 -1
    outer loop
      vertex 41.0397 36.0612 0
      vertex 14.15 52.15 0
      vertex 41.2121 36.569 0
    endloop
  endfacet
  facet normal 0 0 -1
    outer loop
      vertex 41.2121 36.569 0
      vertex 14.15 52.15 0
      vertex 41.4493 37.05 0
    endloop
  endfacet
  facet normal 0 0 -1
    outer loop
      vertex 41.4493 37.05 0
      vertex 14.15 52.15 0
      vertex 41.7472 37.4959 0
    endloop
  endfacet
  facet normal 0 0 -1
    outer loop
      vertex 41.7472 37.4959 0
      vertex 14.15 52.15 0
      vertex 42.1009 37.8991 0
    endloop
  endfacet
  facet normal 0 0 -1
    outer loop
      vertex 43.431 38.7879 0
      vertex 14.15 52.15 0
      vertex 14.15 67.85 0
    endloop
  endfacet
  facet normal 0 0 -1
    outer loop
      vertex 13.9863 68.6728 0
      vertex 76.0137 68.6728 0
      vertex 14.0767 68.4065 0
    endloop
  endfacet
  facet normal 0 0 -1
    outer loop
      vertex 76.0137 68.6728 0
      vertex 13.9863 68.6728 0
      vertex 76.138 68.925 0
    endloop
  endfacet
  facet normal 0 0 -1
    outer loop
      vertex 13.862 68.925 0
      vertex 76.138 68.925 0
      vertex 13.9863 68.6728 0
    endloop
  endfacet
  facet normal 0 0 -1
    outer loop
      vertex 76.138 68.925 0
      vertex 13.862 68.925 0
      vertex 76.2943 69.1588 0
    endloop
  endfacet
  facet normal 0 0 -1
    outer loop
      vertex 13.7057 69.1588 0
      vertex 76.2943 69.1588 0
      vertex 13.862 68.925 0
    endloop
  endfacet
  facet normal 0 0 -1
    outer loop
      vertex 76.2943 69.1588 0
      vertex 13.7057 69.1588 0
      vertex 76.4797 69.3703 0
    endloop
  endfacet
  facet normal 0 0 -1
    outer loop
      vertex 13.5203 69.3703 0
      vertex 76.4797 69.3703 0
      vertex 13.7057 69.1588 0
    endloop
  endfacet
  facet normal 0 0 -1
    outer loop
      vertex 76.4797 69.3703 0
      vertex 13.5203 69.3703 0
      vertex 76.6912 69.5557 0
    endloop
  endfacet
  facet normal 0 0 -1
    outer loop
      vertex 13.3088 69.5557 0
      vertex 76.6912 69.5557 0
      vertex 13.5203 69.3703 0
    endloop
  endfacet
  facet normal 0 0 -1
    outer loop
      vertex 76.6912 69.5557 0
      vertex 13.3088 69.5557 0
      vertex 76.925 69.712 0
    endloop
  endfacet
  facet normal 0 0 -1
    outer loop
      vertex 13.075 69.712 0
      vertex 76.925 69.712 0
      vertex 13.3088 69.5557 0
    endloop
  endfacet
  facet normal 0 0 -1
    outer loop
      vertex 76.925 69.712 0
      vertex 13.075 69.712 0
      vertex 77.1772 69.8363 0
    endloop
  endfacet
  facet normal 0 0 -1
    outer loop
      vertex 12.8228 69.8363 0
      vertex 77.1772 69.8363 0
      vertex 13.075 69.712 0
    endloop
  endfacet
  facet normal 0 0 -1
    outer loop
      vertex 77.1772 69.8363 0
      vertex 12.8228 69.8363 0
      vertex 77.4435 69.9267 0
    endloop
  endfacet
  facet normal 0 0 -1
    outer loop
      vertex 12.5565 69.9267 0
      vertex 77.4435 69.9267 0
      vertex 12.8228 69.8363 0
    endloop
  endfacet
  facet normal 0 0 -1
    outer loop
      vertex 77.4435 69.9267 0
      vertex 12.5565 69.9267 0
      vertex 77.7194 69.9816 0
    endloop
  endfacet
  facet normal 0 0 -1
    outer loop
      vertex 12.2806 69.9816 0
      vertex 77.7194 69.9816 0
      vertex 12.5565 69.9267 0
    endloop
  endfacet
  facet normal 0 0 -1
    outer loop
      vertex 77.7194 69.9816 0
      vertex 12.2806 69.9816 0
      vertex 78 70 0
    endloop
  endfacet
  facet normal -0 0 -1
    outer loop
      vertex 78 70 0
      vertex 12.2806 69.9816 0
      vertex 12 70 0
    endloop
  endfacet
  facet normal 0 0 -1
    outer loop
      vertex 0 2 0
      vertex 9.85 17.85 0
      vertex 9.85 2.15 0
    endloop
  endfacet
  facet normal 0 0 -1
    outer loop
      vertex 9.92326 51.5935 0
      vertex 0 68 0
      vertex 9.86839 51.8694 0
    endloop
  endfacet
  facet normal 0 0 -1
    outer loop
      vertex 0 2 0
      vertex 9.85 2.15 0
      vertex 2 0 0
    endloop
  endfacet
  facet normal -0 0 -1
    outer loop
      vertex 9.86839 1.86937 0
      vertex 2 0 0
      vertex 9.85 2.15 0
    endloop
  endfacet
  facet normal -0 0 -1
    outer loop
      vertex 9.92326 1.59354 0
      vertex 2 0 0
      vertex 9.86839 1.86937 0
    endloop
  endfacet
  facet normal -0 0 -1
    outer loop
      vertex 10.0137 1.32723 0
      vertex 2 0 0
      vertex 9.92326 1.59354 0
    endloop
  endfacet
  facet normal -0 0 -1
    outer loop
      vertex 10.138 1.075 0
      vertex 2 0 0
      vertex 10.0137 1.32723 0
    endloop
  endfacet
  facet normal -0 0 -1
    outer loop
      vertex 10.2943 0.841163 0
      vertex 2 0 0
      vertex 10.138 1.075 0
    endloop
  endfacet
  facet normal -0 0 -1
    outer loop
      vertex 10.4797 0.62972 0
      vertex 2 0 0
      vertex 10.2943 0.841163 0
    endloop
  endfacet
  facet normal -0 0 -1
    outer loop
      vertex 10.6912 0.44429 0
      vertex 2 0 0
      vertex 10.4797 0.62972 0
    endloop
  endfacet
  facet normal -0 0 -1
    outer loop
      vertex 10.925 0.288045 0
      vertex 2 0 0
      vertex 10.6912 0.44429 0
    endloop
  endfacet
  facet normal -0 0 -1
    outer loop
      vertex 11.1772 0.163658 0
      vertex 2 0 0
      vertex 10.925 0.288045 0
    endloop
  endfacet
  facet normal -0 0 -1
    outer loop
      vertex 11.4435 0.0732594 0
      vertex 2 0 0
      vertex 11.1772 0.163658 0
    endloop
  endfacet
  facet normal -0 0 -1
    outer loop
      vertex 11.7194 0.0183935 0
      vertex 2 0 0
      vertex 11.4435 0.0732594 0
    endloop
  endfacet
  facet normal 0 0 -1
    outer loop
      vertex 2 0 0
      vertex 11.7194 0.0183935 0
      vertex 12 0 0
    endloop
  endfacet
  facet normal 0 0 -1
    outer loop
      vertex 9.86839 51.8694 0
      vertex 0 68 0
      vertex 9.85 52.15 0
    endloop
  endfacet
  facet normal 0 0 -1
    outer loop
      vertex 11.7194 69.9816 0
      vertex 2 70 0
      vertex 12 70 0
    endloop
  endfacet
  facet normal 0 0 -1
    outer loop
      vertex 11.4435 69.9267 0
      vertex 2 70 0
      vertex 11.7194 69.9816 0
    endloop
  endfacet
  facet normal 0 0 -1
    outer loop
      vertex 11.1772 69.8363 0
      vertex 2 70 0
      vertex 11.4435 69.9267 0
    endloop
  endfacet
  facet normal 0 0 -1
    outer loop
      vertex 10.925 69.712 0
      vertex 2 70 0
      vertex 11.1772 69.8363 0
    endloop
  endfacet
  facet normal 0 0 -1
    outer loop
      vertex 10.6912 69.5557 0
      vertex 2 70 0
      vertex 10.925 69.712 0
    endloop
  endfacet
  facet normal 0 0 -1
    outer loop
      vertex 10.4797 69.3703 0
      vertex 2 70 0
      vertex 10.6912 69.5557 0
    endloop
  endfacet
  facet normal 0 0 -1
    outer loop
      vertex 10.2943 69.1588 0
      vertex 2 70 0
      vertex 10.4797 69.3703 0
    endloop
  endfacet
  facet normal 0 0 -1
    outer loop
      vertex 10.138 68.925 0
      vertex 2 70 0
      vertex 10.2943 69.1588 0
    endloop
  endfacet
  facet normal 0 0 -1
    outer loop
      vertex 10.0137 68.6728 0
      vertex 2 70 0
      vertex 10.138 68.925 0
    endloop
  endfacet
  facet normal 0 0 -1
    outer loop
      vertex 9.92326 68.4065 0
      vertex 2 70 0
      vertex 10.0137 68.6728 0
    endloop
  endfacet
  facet normal 0 0 -1
    outer loop
      vertex 9.86839 68.1306 0
      vertex 2 70 0
      vertex 9.92326 68.4065 0
    endloop
  endfacet
  facet normal 0 0 -1
    outer loop
      vertex 9.85 52.15 0
      vertex 0 68 0
      vertex 9.85 67.85 0
    endloop
  endfacet
  facet normal 0 0 -1
    outer loop
      vertex 0 2 0
      vertex 2 0 0
      vertex 1.73895 0.0171099 0
    endloop
  endfacet
  facet normal 0 -0 -1
    outer loop
      vertex 2 70 0
      vertex 9.85 67.85 0
      vertex 0 68 0
    endloop
  endfacet
  facet normal 0 0 -1
    outer loop
      vertex 0 2 0
      vertex 1.73895 0.0171099 0
      vertex 1.48236 0.0681477 0
    endloop
  endfacet
  facet normal 0 0 -1
    outer loop
      vertex 9.85 67.85 0
      vertex 2 70 0
      vertex 9.86839 68.1306 0
    endloop
  endfacet
  facet normal 0 0 -1
    outer loop
      vertex 0 2 0
      vertex 1.48236 0.0681477 0
      vertex 1.23463 0.152241 0
    endloop
  endfacet
  facet normal 0 0 -1
    outer loop
      vertex 2 70 0
      vertex 0 68 0
      vertex 1.73895 69.9829 0
    endloop
  endfacet
  facet normal 0 0 -1
    outer loop
      vertex 0 2 0
      vertex 1.23463 0.152241 0
      vertex 1 0.267949 0
    endloop
  endfacet
  facet normal 0 0 -1
    outer loop
      vertex 1.73895 69.9829 0
      vertex 0 68 0
      vertex 1.48236 69.9319 0
    endloop
  endfacet
  facet normal 0 0 -1
    outer loop
      vertex 0 2 0
      vertex 1 0.267949 0
      vertex 0.782476 0.413293 0
    endloop
  endfacet
  facet normal 0 0 -1
    outer loop
      vertex 1.48236 69.9319 0
      vertex 0 68 0
      vertex 1.23463 69.8478 0
    endloop
  endfacet
  facet normal 0 0 -1
    outer loop
      vertex 0 2 0
      vertex 0.782476 0.413293 0
      vertex 0.585786 0.585786 0
    endloop
  endfacet
  facet normal 0 0 -1
    outer loop
      vertex 1.23463 69.8478 0
      vertex 0 68 0
      vertex 1 69.732 0
    endloop
  endfacet
  facet normal 0 0 -1
    outer loop
      vertex 0 2 0
      vertex 0.585786 0.585786 0
      vertex 0.413293 0.782476 0
    endloop
  endfacet
  facet normal 0 0 -1
    outer loop
      vertex 1 69.732 0
      vertex 0 68 0
      vertex 0.782476 69.5867 0
    endloop
  endfacet
  facet normal 0 0 -1
    outer loop
      vertex 0 2 0
      vertex 0.413293 0.782476 0
      vertex 0.267949 1 0
    endloop
  endfacet
  facet normal 0 0 -1
    outer loop
      vertex 0.782476 69.5867 0
      vertex 0 68 0
      vertex 0.585786 69.4142 0
    endloop
  endfacet
  facet normal 0 0 -1
    outer loop
      vertex 0 2 0
      vertex 0.267949 1 0
      vertex 0.152241 1.23463 0
    endloop
  endfacet
  facet normal 0 0 -1
    outer loop
      vertex 0.585786 69.4142 0
      vertex 0 68 0
      vertex 0.413293 69.2175 0
    endloop
  endfacet
  facet normal 0 0 -1
    outer loop
      vertex 0 2 0
      vertex 0.152241 1.23463 0
      vertex 0.0681477 1.48236 0
    endloop
  endfacet
  facet normal 0 0 -1
    outer loop
      vertex 0.413293 69.2175 0
      vertex 0 68 0
      vertex 0.267949 69 0
    endloop
  endfacet
  facet normal 0 0 -1
    outer loop
      vertex 0 2 0
      vertex 0.0681477 1.48236 0
      vertex 0.0171099 1.73895 0
    endloop
  endfacet
  facet normal 0 0 -1
    outer loop
      vertex 0.267949 69 0
      vertex 0 68 0
      vertex 0.152241 68.7654 0
    endloop
  endfacet
  facet normal 0 0 -1
    outer loop
      vertex 0.152241 68.7654 0
      vertex 0 68 0
      vertex 0.0681477 68.5176 0
    endloop
  endfacet
  facet normal 0 0 -1
    outer loop
      vertex 0.0681477 68.5176 0
      vertex 0 68 0
      vertex 0.0171099 68.2611 0
    endloop
  endfacet
  facet normal 0.997861 -0.0653646 0
    outer loop
      vertex 89.9829 1.73895 24
      vertex 90 2 0
      vertex 90 2 24
    endloop
  endfacet
  facet normal 0.997861 -0.0653646 0
    outer loop
      vertex 90 2 0
      vertex 89.9829 1.73895 24
      vertex 89.9829 1.73895 0
    endloop
  endfacet
  facet normal 0.321382 0.94695 -0
    outer loop
      vertex 88.7654 69.8478 0
      vertex 88.5176 69.9319 24
      vertex 88.7654 69.8478 24
    endloop
  endfacet
  facet normal 0.321382 0.94695 0
    outer loop
      vertex 88.5176 69.9319 24
      vertex 88.7654 69.8478 0
      vertex 88.5176 69.9319 0
    endloop
  endfacet
  facet normal 0 1 -0
    outer loop
      vertex 28.2154 70 19.6359
      vertex 2 70 24
      vertex 88 70 24
    endloop
  endfacet
  facet normal 0 1 0
    outer loop
      vertex 2 70 24
      vertex 28.2154 70 19.6359
      vertex 28 70 19.65
    endloop
  endfacet
  facet normal 0 1 0
    outer loop
      vertex 88 70 24
      vertex 28.4271 70 19.5938
      vertex 28.2154 70 19.6359
    endloop
  endfacet
  facet normal 0 1 0
    outer loop
      vertex 88 70 24
      vertex 28.6314 70 19.5244
      vertex 28.4271 70 19.5938
    endloop
  endfacet
  facet normal 0 1 0
    outer loop
      vertex 88 70 24
      vertex 28.825 70 19.4289
      vertex 28.6314 70 19.5244
    endloop
  endfacet
  facet normal 0 1 0
    outer loop
      vertex 88 70 24
      vertex 29.0045 70 19.309
      vertex 28.825 70 19.4289
    endloop
  endfacet
  facet normal 0 1 -0
    outer loop
      vertex 67.1977 70 10.9944
      vertex 29.0045 70 19.309
      vertex 88 70 24
    endloop
  endfacet
  facet normal 0 1 0
    outer loop
      vertex 29.0045 70 19.309
      vertex 67.1977 70 10.9944
      vertex 29.1667 70 19.1667
    endloop
  endfacet
  facet normal 0 1 -0
    outer loop
      vertex 66.8137 70 10.864
      vertex 29.1667 70 19.1667
      vertex 67.1977 70 10.9944
    endloop
  endfacet
  facet normal 0 1 0
    outer loop
      vertex 29.1667 70 19.1667
      vertex 66.8137 70 10.864
      vertex 29.309 70 19.0045
    endloop
  endfacet
  facet normal 0 1 -0
    outer loop
      vertex 66.45 70 10.6847
      vertex 29.309 70 19.0045
      vertex 66.8137 70 10.864
    endloop
  endfacet
  facet normal 0 1 0
    outer loop
      vertex 29.309 70 19.0045
      vertex 66.45 70 10.6847
      vertex 29.4289 70 18.825
    endloop
  endfacet
  facet normal 0 1 -0
    outer loop
      vertex 66.1128 70 10.4594
      vertex 29.4289 70 18.825
      vertex 66.45 70 10.6847
    endloop
  endfacet
  facet normal 0 1 0
    outer loop
      vertex 29.4289 70 18.825
      vertex 66.1128 70 10.4594
      vertex 29.5244 70 18.6314
    endloop
  endfacet
  facet normal 0 1 -0
    outer loop
      vertex 65.808 70 10.192
      vertex 29.5244 70 18.6314
      vertex 66.1128 70 10.4594
    endloop
  endfacet
  facet normal 0 1 0
    outer loop
      vertex 29.5244 70 18.6314
      vertex 65.808 70 10.192
      vertex 29.5938 70 18.4271
    endloop
  endfacet
  facet normal 0 1 -0
    outer loop
      vertex 65.5406 70 9.88716
      vertex 29.5938 70 18.4271
      vertex 65.808 70 10.192
    endloop
  endfacet
  facet normal 0 1 0
    outer loop
      vertex 29.5938 70 18.4271
      vertex 65.5406 70 9.88716
      vertex 29.6359 70 18.2154
    endloop
  endfacet
  facet normal 0 1 -0
    outer loop
      vertex 65.3153 70 9.55
      vertex 29.6359 70 18.2154
      vertex 65.5406 70 9.88716
    endloop
  endfacet
  facet normal 0 1 0
    outer loop
      vertex 29.6359 70 18.2154
      vertex 65.3153 70 9.55
      vertex 29.65 70 18
    endloop
  endfacet
  facet normal 0 1 -0
    outer loop
      vertex 65.136 70 9.18632
      vertex 29.65 70 18
      vertex 65.3153 70 9.55
    endloop
  endfacet
  facet normal 0 1 0
    outer loop
      vertex 29.65 70 18
      vertex 65.136 70 9.18632
      vertex 29.6359 70 17.7846
    endloop
  endfacet
  facet normal 0 1 -0
    outer loop
      vertex 65.0056 70 8.80234
      vertex 29.6359 70 17.7846
      vertex 65.136 70 9.18632
    endloop
  endfacet
  facet normal 0 1 0
    outer loop
      vertex 29.6359 70 17.7846
      vertex 65.0056 70 8.80234
      vertex 29.5938 70 17.5729
    endloop
  endfacet
  facet normal 0 1 0
    outer loop
      vertex 67.1977 70 10.9944
      vertex 88 70 24
      vertex 67.5954 70 11.0735
    endloop
  endfacet
  facet normal 0 1 0
    outer loop
      vertex 67.5954 70 11.0735
      vertex 88 70 24
      vertex 68 70 11.1
    endloop
  endfacet
  facet normal 0 1 0
    outer loop
      vertex 88 70 24
      vertex 68.4046 70 11.0735
      vertex 68 70 11.1
    endloop
  endfacet
  facet normal 0 1 0
    outer loop
      vertex 88 70 24
      vertex 68.8023 70 10.9944
      vertex 68.4046 70 11.0735
    endloop
  endfacet
  facet normal 0 1 0
    outer loop
      vertex 88 70 24
      vertex 69.1863 70 10.864
      vertex 68.8023 70 10.9944
    endloop
  endfacet
  facet normal 0 1 0
    outer loop
      vertex 88 70 24
      vertex 69.55 70 10.6847
      vertex 69.1863 70 10.864
    endloop
  endfacet
  facet normal 0 1 0
    outer loop
      vertex 88 70 24
      vertex 69.8872 70 10.4594
      vertex 69.55 70 10.6847
    endloop
  endfacet
  facet normal 0 1 0
    outer loop
      vertex 88 70 24
      vertex 70.192 70 10.192
      vertex 69.8872 70 10.4594
    endloop
  endfacet
  facet normal 0 1 0
    outer loop
      vertex 88 70 24
      vertex 70.4594 70 9.88716
      vertex 70.192 70 10.192
    endloop
  endfacet
  facet normal 0 1 0
    outer loop
      vertex 88 70 24
      vertex 70.6847 70 9.55
      vertex 70.4594 70 9.88716
    endloop
  endfacet
  facet normal 0 1 0
    outer loop
      vertex 88 70 24
      vertex 70.864 70 9.18632
      vertex 70.6847 70 9.55
    endloop
  endfacet
  facet normal 0 1 0
    outer loop
      vertex 88 70 24
      vertex 70.9944 70 8.80234
      vertex 70.864 70 9.18632
    endloop
  endfacet
  facet normal 0 1 -0
    outer loop
      vertex 88 70 0
      vertex 70.9944 70 8.80234
      vertex 88 70 24
    endloop
  endfacet
  facet normal 0 1 -0
    outer loop
      vertex 78 70 0
      vertex 70.9944 70 8.80234
      vertex 88 70 0
    endloop
  endfacet
  facet normal 0 1 0
    outer loop
      vertex 70.9944 70 8.80234
      vertex 78 70 0
      vertex 71.0735 70 8.40463
    endloop
  endfacet
  facet normal 0 1 0
    outer loop
      vertex 71.0735 70 8.40463
      vertex 78 70 0
      vertex 71.1 70 8
    endloop
  endfacet
  facet normal 0 1 0
    outer loop
      vertex 71.0735 70 7.59537
      vertex 78 70 0
      vertex 70.9944 70 7.19766
    endloop
  endfacet
  facet normal 0 1 0
    outer loop
      vertex 70.9944 70 7.19766
      vertex 78 70 0
      vertex 70.864 70 6.81368
    endloop
  endfacet
  facet normal 0 1 0
    outer loop
      vertex 70.864 70 6.81368
      vertex 78 70 0
      vertex 70.6847 70 6.45
    endloop
  endfacet
  facet normal 0 1 0
    outer loop
      vertex 70.6847 70 6.45
      vertex 78 70 0
      vertex 70.4594 70 6.11284
    endloop
  endfacet
  facet normal 0 1 0
    outer loop
      vertex 68.8023 70 5.00563
      vertex 78 70 0
      vertex 68.4046 70 4.92652
    endloop
  endfacet
  facet normal 0 1 0
    outer loop
      vertex 69.1863 70 5.13597
      vertex 78 70 0
      vertex 68.8023 70 5.00563
    endloop
  endfacet
  facet normal 0 1 0
    outer loop
      vertex 69.55 70 5.31532
      vertex 78 70 0
      vertex 69.1863 70 5.13597
    endloop
  endfacet
  facet normal 0 1 0
    outer loop
      vertex 69.8872 70 5.5406
      vertex 78 70 0
      vertex 69.55 70 5.31532
    endloop
  endfacet
  facet normal 0 1 0
    outer loop
      vertex 70.192 70 5.80797
      vertex 78 70 0
      vertex 69.8872 70 5.5406
    endloop
  endfacet
  facet normal 0 1 0
    outer loop
      vertex 70.4594 70 6.11284
      vertex 78 70 0
      vertex 70.192 70 5.80797
    endloop
  endfacet
  facet normal 0 1 0
    outer loop
      vertex 71.1 70 8
      vertex 78 70 0
      vertex 71.0735 70 7.59537
    endloop
  endfacet
  facet normal 0 1 -0
    outer loop
      vertex 27.7846 70 19.6359
      vertex 2 70 24
      vertex 28 70 19.65
    endloop
  endfacet
  facet normal 0 1 -0
    outer loop
      vertex 27.5729 70 19.5938
      vertex 2 70 24
      vertex 27.7846 70 19.6359
    endloop
  endfacet
  facet normal 0 1 -0
    outer loop
      vertex 27.3686 70 19.5244
      vertex 2 70 24
      vertex 27.5729 70 19.5938
    endloop
  endfacet
  facet normal 0 1 -0
    outer loop
      vertex 27.175 70 19.4289
      vertex 2 70 24
      vertex 27.3686 70 19.5244
    endloop
  endfacet
  facet normal 0 1 -0
    outer loop
      vertex 26.9955 70 19.309
      vertex 2 70 24
      vertex 27.175 70 19.4289
    endloop
  endfacet
  facet normal 0 1 -0
    outer loop
      vertex 26.8333 70 19.1667
      vertex 2 70 24
      vertex 26.9955 70 19.309
    endloop
  endfacet
  facet normal 0 1 -0
    outer loop
      vertex 26.691 70 19.0045
      vertex 2 70 24
      vertex 26.8333 70 19.1667
    endloop
  endfacet
  facet normal 0 1 -0
    outer loop
      vertex 26.5711 70 18.825
      vertex 2 70 24
      vertex 26.691 70 19.0045
    endloop
  endfacet
  facet normal 0 1 -0
    outer loop
      vertex 26.4756 70 18.6314
      vertex 2 70 24
      vertex 26.5711 70 18.825
    endloop
  endfacet
  facet normal 0 1 -0
    outer loop
      vertex 26.4062 70 18.4271
      vertex 2 70 24
      vertex 26.4756 70 18.6314
    endloop
  endfacet
  facet normal 0 1 -0
    outer loop
      vertex 26.3641 70 18.2154
      vertex 2 70 24
      vertex 26.4062 70 18.4271
    endloop
  endfacet
  facet normal 0 1 -0
    outer loop
      vertex 26.35 70 18
      vertex 2 70 24
      vertex 26.3641 70 18.2154
    endloop
  endfacet
  facet normal 0 1 0
    outer loop
      vertex 26.3641 70 17.7846
      vertex 2 70 24
      vertex 26.35 70 18
    endloop
  endfacet
  facet normal 0 1 0
    outer loop
      vertex 26.4062 70 17.5729
      vertex 2 70 24
      vertex 26.3641 70 17.7846
    endloop
  endfacet
  facet normal 0 1 0
    outer loop
      vertex 12 70 0
      vertex 26.4062 70 17.5729
      vertex 26.4756 70 17.3686
    endloop
  endfacet
  facet normal 0 1 0
    outer loop
      vertex 12 70 0
      vertex 26.4756 70 17.3686
      vertex 26.5711 70 17.175
    endloop
  endfacet
  facet normal 0 1 0
    outer loop
      vertex 12 70 0
      vertex 26.5711 70 17.175
      vertex 26.691 70 16.9955
    endloop
  endfacet
  facet normal 0 1 0
    outer loop
      vertex 12 70 0
      vertex 26.691 70 16.9955
      vertex 26.8333 70 16.8333
    endloop
  endfacet
  facet normal 0 1 0
    outer loop
      vertex 12 70 0
      vertex 26.8333 70 16.8333
      vertex 26.9955 70 16.691
    endloop
  endfacet
  facet normal 0 1 0
    outer loop
      vertex 12 70 0
      vertex 26.9955 70 16.691
      vertex 27.175 70 16.5711
    endloop
  endfacet
  facet normal 0 1 0
    outer loop
      vertex 12 70 0
      vertex 27.175 70 16.5711
      vertex 27.3686 70 16.4756
    endloop
  endfacet
  facet normal 0 1 0
    outer loop
      vertex 12 70 0
      vertex 27.3686 70 16.4756
      vertex 27.5729 70 16.4062
    endloop
  endfacet
  facet normal 0 1 -0
    outer loop
      vertex 64.9265 70 8.40463
      vertex 29.5938 70 17.5729
      vertex 65.0056 70 8.80234
    endloop
  endfacet
  facet normal 0 1 0
    outer loop
      vertex 29.5938 70 17.5729
      vertex 64.9265 70 8.40463
      vertex 29.5244 70 17.3686
    endloop
  endfacet
  facet normal 0 1 -0
    outer loop
      vertex 64.9 70 8
      vertex 29.5244 70 17.3686
      vertex 64.9265 70 8.40463
    endloop
  endfacet
  facet normal 0 1 0
    outer loop
      vertex 29.5244 70 17.3686
      vertex 64.9 70 8
      vertex 29.4289 70 17.175
    endloop
  endfacet
  facet normal 0 1 0
    outer loop
      vertex 64.9265 70 7.59537
      vertex 29.4289 70 17.175
      vertex 64.9 70 8
    endloop
  endfacet
  facet normal 0 1 0
    outer loop
      vertex 29.4289 70 17.175
      vertex 64.9265 70 7.59537
      vertex 29.309 70 16.9955
    endloop
  endfacet
  facet normal 0 1 0
    outer loop
      vertex 29.309 70 16.9955
      vertex 64.9265 70 7.59537
      vertex 29.1667 70 16.8333
    endloop
  endfacet
  facet normal 0 1 0
    outer loop
      vertex 65.0056 70 7.19766
      vertex 29.1667 70 16.8333
      vertex 64.9265 70 7.59537
    endloop
  endfacet
  facet normal 0 1 0
    outer loop
      vertex 29.1667 70 16.8333
      vertex 65.0056 70 7.19766
      vertex 29.0045 70 16.691
    endloop
  endfacet
  facet normal 0 1 0
    outer loop
      vertex 65.136 70 6.81368
      vertex 29.0045 70 16.691
      vertex 65.0056 70 7.19766
    endloop
  endfacet
  facet normal 0 1 0
    outer loop
      vertex 29.0045 70 16.691
      vertex 65.136 70 6.81368
      vertex 28.825 70 16.5711
    endloop
  endfacet
  facet normal 0 1 0
    outer loop
      vertex 65.3153 70 6.45
      vertex 28.825 70 16.5711
      vertex 65.136 70 6.81368
    endloop
  endfacet
  facet normal 0 1 0
    outer loop
      vertex 28.825 70 16.5711
      vertex 65.3153 70 6.45
      vertex 28.6314 70 16.4756
    endloop
  endfacet
  facet normal 0 1 0
    outer loop
      vertex 65.5406 70 6.11284
      vertex 28.6314 70 16.4756
      vertex 65.3153 70 6.45
    endloop
  endfacet
  facet normal 0 1 0
    outer loop
      vertex 12 70 0
      vertex 28.6314 70 16.4756
      vertex 65.5406 70 6.11284
    endloop
  endfacet
  facet normal 0 1 0
    outer loop
      vertex 28.6314 70 16.4756
      vertex 12 70 0
      vertex 28.4271 70 16.4062
    endloop
  endfacet
  facet normal 0 1 0
    outer loop
      vertex 28.4271 70 16.4062
      vertex 12 70 0
      vertex 28.2154 70 16.3641
    endloop
  endfacet
  facet normal 0 1 0
    outer loop
      vertex 28.2154 70 16.3641
      vertex 12 70 0
      vertex 28 70 16.35
    endloop
  endfacet
  facet normal 0 1 0
    outer loop
      vertex 28 70 16.35
      vertex 12 70 0
      vertex 27.7846 70 16.3641
    endloop
  endfacet
  facet normal 0 1 0
    outer loop
      vertex 12 70 0
      vertex 65.5406 70 6.11284
      vertex 65.808 70 5.80797
    endloop
  endfacet
  facet normal 0 1 0
    outer loop
      vertex 12 70 0
      vertex 65.808 70 5.80797
      vertex 66.1128 70 5.5406
    endloop
  endfacet
  facet normal 0 1 0
    outer loop
      vertex 12 70 0
      vertex 66.1128 70 5.5406
      vertex 66.45 70 5.31532
    endloop
  endfacet
  facet normal 0 1 0
    outer loop
      vertex 12 70 0
      vertex 66.45 70 5.31532
      vertex 66.8137 70 5.13597
    endloop
  endfacet
  facet normal 0 1 0
    outer loop
      vertex 78 70 0
      vertex 66.8137 70 5.13597
      vertex 67.1977 70 5.00563
    endloop
  endfacet
  facet normal 0 1 0
    outer loop
      vertex 68.4046 70 4.92652
      vertex 78 70 0
      vertex 68 70 4.9
    endloop
  endfacet
  facet normal 0 1 0
    outer loop
      vertex 68 70 4.9
      vertex 78 70 0
      vertex 67.5954 70 4.92652
    endloop
  endfacet
  facet normal 0 1 0
    outer loop
      vertex 67.5954 70 4.92652
      vertex 78 70 0
      vertex 67.1977 70 5.00563
    endloop
  endfacet
  facet normal 0 1 0
    outer loop
      vertex 66.8137 70 5.13597
      vertex 78 70 0
      vertex 12 70 0
    endloop
  endfacet
  facet normal 0 1 0
    outer loop
      vertex 27.7846 70 16.3641
      vertex 12 70 0
      vertex 27.5729 70 16.4062
    endloop
  endfacet
  facet normal 0 1 0
    outer loop
      vertex 26.4062 70 17.5729
      vertex 12 70 0
      vertex 2 70 24
    endloop
  endfacet
  facet normal 0 1 0
    outer loop
      vertex 2 70 24
      vertex 12 70 0
      vertex 2 70 0
    endloop
  endfacet
  facet normal 0.946922 -0.321463 0
    outer loop
      vertex 89.8478 1.23463 24
      vertex 89.9319 1.48236 0
      vertex 89.9319 1.48236 24
    endloop
  endfacet
  facet normal 0.946922 -0.321463 0
    outer loop
      vertex 89.9319 1.48236 0
      vertex 89.8478 1.23463 24
      vertex 89.8478 1.23463 0
    endloop
  endfacet
  facet normal 0.896731 -0.442575 0
    outer loop
      vertex 89.732 1 24
      vertex 89.8478 1.23463 0
      vertex 89.8478 1.23463 24
    endloop
  endfacet
  facet normal 0.896731 -0.442575 0
    outer loop
      vertex 89.8478 1.23463 0
      vertex 89.732 1 24
      vertex 89.732 1 0
    endloop
  endfacet
  facet normal 1 -0 0
    outer loop
      vertex 90 2 24
      vertex 90 68 0
      vertex 90 68 24
    endloop
  endfacet
  facet normal 1 0 0
    outer loop
      vertex 90 68 0
      vertex 90 2 24
      vertex 90 2 0
    endloop
  endfacet
  facet normal -0.0653646 0.997861 0
    outer loop
      vertex 2 70 0
      vertex 1.73895 69.9829 24
      vertex 2 70 24
    endloop
  endfacet
  facet normal -0.0653646 0.997861 0
    outer loop
      vertex 1.73895 69.9829 24
      vertex 2 70 0
      vertex 1.73895 69.9829 0
    endloop
  endfacet
  facet normal -1 0 0
    outer loop
      vertex 0 41 12.4
      vertex 0 68 0
      vertex 0 41 4.4
    endloop
  endfacet
  facet normal -1 0 0
    outer loop
      vertex 0 68 0
      vertex 0 29 4.4
      vertex 0 41 4.4
    endloop
  endfacet
  facet normal -1 -0 0
    outer loop
      vertex 0 29 4.4
      vertex 0 2 0
      vertex 0 29 12.4
    endloop
  endfacet
  facet normal -1 0 0
    outer loop
      vertex 0 2 0
      vertex 0 29 4.4
      vertex 0 68 0
    endloop
  endfacet
  facet normal -1 0 0
    outer loop
      vertex 0 68 0
      vertex 0 41 12.4
      vertex 0 68 24
    endloop
  endfacet
  facet normal -1 0 0
    outer loop
      vertex 0 29 12.4
      vertex 0 68 24
      vertex 0 41 12.4
    endloop
  endfacet
  facet normal -1 0 0
    outer loop
      vertex 0 29 12.4
      vertex 0 2 24
      vertex 0 68 24
    endloop
  endfacet
  facet normal -1 0 0
    outer loop
      vertex 0 2 24
      vertex 0 29 12.4
      vertex 0 2 0
    endloop
  endfacet
  facet normal -0.32144 -0.94693 0
    outer loop
      vertex 1.23463 0.152241 0
      vertex 1.48236 0.0681477 24
      vertex 1.23463 0.152241 24
    endloop
  endfacet
  facet normal -0.32144 -0.94693 -0
    outer loop
      vertex 1.48236 0.0681477 24
      vertex 1.23463 0.152241 0
      vertex 1.48236 0.0681477 0
    endloop
  endfacet
  facet normal -0.659347 -0.751839 0
    outer loop
      vertex 0.585786 0.585786 0
      vertex 0.782476 0.413293 24
      vertex 0.585786 0.585786 24
    endloop
  endfacet
  facet normal -0.659347 -0.751839 -0
    outer loop
      vertex 0.782476 0.413293 24
      vertex 0.585786 0.585786 0
      vertex 0.782476 0.413293 0
    endloop
  endfacet
  facet normal 0.831521 0.555494 0
    outer loop
      vertex 89.732 69 24
      vertex 89.5867 69.2175 0
      vertex 89.5867 69.2175 24
    endloop
  endfacet
  facet normal 0.831521 0.555494 0
    outer loop
      vertex 89.5867 69.2175 0
      vertex 89.732 69 24
      vertex 89.732 69 0
    endloop
  endfacet
  facet normal 0.980814 -0.194947 0
    outer loop
      vertex 89.9319 1.48236 24
      vertex 89.9829 1.73895 0
      vertex 89.9829 1.73895 24
    endloop
  endfacet
  facet normal 0.980814 -0.194947 0
    outer loop
      vertex 89.9829 1.73895 0
      vertex 89.9319 1.48236 24
      vertex 89.9319 1.48236 0
    endloop
  endfacet
  facet normal -0.997859 -0.0654023 0
    outer loop
      vertex 0.0171099 1.73895 0
      vertex 0 2 24
      vertex 0 2 0
    endloop
  endfacet
  facet normal -0.997859 -0.0654023 0
    outer loop
      vertex 0 2 24
      vertex 0.0171099 1.73895 0
      vertex 0.0171099 1.73895 24
    endloop
  endfacet
  facet normal 0.659328 -0.751855 0
    outer loop
      vertex 89.2175 0.413293 0
      vertex 89.4142 0.585786 24
      vertex 89.2175 0.413293 24
    endloop
  endfacet
  facet normal 0.659328 -0.751855 0
    outer loop
      vertex 89.4142 0.585786 24
      vertex 89.2175 0.413293 0
      vertex 89.4142 0.585786 0
    endloop
  endfacet
  facet normal -0.94693 -0.32144 0
    outer loop
      vertex 0.152241 1.23463 0
      vertex 0.0681477 1.48236 24
      vertex 0.0681477 1.48236 0
    endloop
  endfacet
  facet normal -0.94693 -0.32144 0
    outer loop
      vertex 0.0681477 1.48236 24
      vertex 0.152241 1.23463 0
      vertex 0.152241 1.23463 24
    endloop
  endfacet
  facet normal -0.659362 0.751826 0
    outer loop
      vertex 0.782476 69.5867 0
      vertex 0.585786 69.4142 24
      vertex 0.782476 69.5867 24
    endloop
  endfacet
  facet normal -0.659362 0.751826 0
    outer loop
      vertex 0.585786 69.4142 24
      vertex 0.782476 69.5867 0
      vertex 0.585786 69.4142 0
    endloop
  endfacet
  facet normal -0.980786 -0.195086 0
    outer loop
      vertex 0.0681477 1.48236 0
      vertex 0.0171099 1.73895 24
      vertex 0.0171099 1.73895 0
    endloop
  endfacet
  facet normal -0.980786 -0.195086 0
    outer loop
      vertex 0.0171099 1.73895 24
      vertex 0.0681477 1.48236 0
      vertex 0.0681477 1.48236 24
    endloop
  endfacet
  facet normal 0 -1 0
    outer loop
      vertex 28.4271 0 19.5938
      vertex 35.3825 0 18.8923
      vertex 35.5 0 18.9
    endloop
  endfacet
  facet normal 0 -1 0
    outer loop
      vertex 29.1667 0 19.1667
      vertex 35.2671 0 18.8693
      vertex 35.3825 0 18.8923
    endloop
  endfacet
  facet normal 0 -1 0
    outer loop
      vertex 29.1667 0 19.1667
      vertex 35.1556 0 18.8315
      vertex 35.2671 0 18.8693
    endloop
  endfacet
  facet normal 0 -1 0
    outer loop
      vertex 34.786 0 18.5479
      vertex 29.309 0 19.0045
      vertex 29.4289 0 18.825
    endloop
  endfacet
  facet normal 0 -1 0
    outer loop
      vertex 29.1667 0 19.1667
      vertex 35.05 0 18.7794
      vertex 35.1556 0 18.8315
    endloop
  endfacet
  facet normal 0 -1 0
    outer loop
      vertex 29.1667 0 19.1667
      vertex 34.9521 0 18.714
      vertex 35.05 0 18.7794
    endloop
  endfacet
  facet normal 0 -1 0
    outer loop
      vertex 29.309 0 19.0045
      vertex 34.8636 0 18.6364
      vertex 34.9521 0 18.714
    endloop
  endfacet
  facet normal 0 -1 0
    outer loop
      vertex 34.7206 0 18.45
      vertex 29.4289 0 18.825
      vertex 29.5244 0 18.6314
    endloop
  endfacet
  facet normal 0 -1 0
    outer loop
      vertex 29.309 0 19.0045
      vertex 34.786 0 18.5479
      vertex 34.8636 0 18.6364
    endloop
  endfacet
  facet normal 0 -1 0
    outer loop
      vertex 29.4289 0 18.825
      vertex 34.7206 0 18.45
      vertex 34.786 0 18.5479
    endloop
  endfacet
  facet normal 0 -1 0
    outer loop
      vertex 34.6685 0 18.3444
      vertex 29.5244 0 18.6314
      vertex 29.5938 0 18.4271
    endloop
  endfacet
  facet normal 0 -1 0
    outer loop
      vertex 29.5244 0 18.6314
      vertex 34.6685 0 18.3444
      vertex 34.7206 0 18.45
    endloop
  endfacet
  facet normal 0 -1 0
    outer loop
      vertex 29.5938 0 18.4271
      vertex 34.6307 0 18.2329
      vertex 34.6685 0 18.3444
    endloop
  endfacet
  facet normal 0 -1 0
    outer loop
      vertex 29.6359 0 18.2154
      vertex 34.6307 0 18.2329
      vertex 29.5938 0 18.4271
    endloop
  endfacet
  facet normal 0 -1 0
    outer loop
      vertex 29.6359 0 18.2154
      vertex 34.6077 0 18.1175
      vertex 34.6307 0 18.2329
    endloop
  endfacet
  facet normal 0 -1 0
    outer loop
      vertex 29.65 0 18
      vertex 34.6077 0 18.1175
      vertex 29.6359 0 18.2154
    endloop
  endfacet
  facet normal 0 -1 0
    outer loop
      vertex 29.65 0 18
      vertex 34.6 0 18
      vertex 34.6077 0 18.1175
    endloop
  endfacet
  facet normal 0 -1 0
    outer loop
      vertex 29.65 0 18
      vertex 34.6077 0 17.8825
      vertex 34.6 0 18
    endloop
  endfacet
  facet normal 0 -1 0
    outer loop
      vertex 29.6359 0 17.7846
      vertex 34.6077 0 17.8825
      vertex 29.65 0 18
    endloop
  endfacet
  facet normal 0 -1 0
    outer loop
      vertex 29.6359 0 17.7846
      vertex 34.6307 0 17.7671
      vertex 34.6077 0 17.8825
    endloop
  endfacet
  facet normal 0 -1 0
    outer loop
      vertex 29.5938 0 17.5729
      vertex 34.6307 0 17.7671
      vertex 29.6359 0 17.7846
    endloop
  endfacet
  facet normal 0 -1 -0
    outer loop
      vertex 34.6307 0 17.7671
      vertex 29.5938 0 17.5729
      vertex 34.6685 0 17.6556
    endloop
  endfacet
  facet normal 0 -1 0
    outer loop
      vertex 29.5244 0 17.3686
      vertex 34.6685 0 17.6556
      vertex 29.5938 0 17.5729
    endloop
  endfacet
  facet normal 0 -1 0
    outer loop
      vertex 34.4952 0 15.15
      vertex 34.6685 0 17.6556
      vertex 29.5244 0 17.3686
    endloop
  endfacet
  facet normal 0 -1 -0
    outer loop
      vertex 34.6685 0 17.6556
      vertex 34.4952 0 15.15
      vertex 34.7206 0 17.55
    endloop
  endfacet
  facet normal 0 -1 -0
    outer loop
      vertex 34.7206 0 17.55
      vertex 34.4952 0 15.15
      vertex 34.786 0 17.4521
    endloop
  endfacet
  facet normal 0 -1 -0
    outer loop
      vertex 34.786 0 17.4521
      vertex 34.4952 0 15.15
      vertex 34.8636 0 17.3636
    endloop
  endfacet
  facet normal 0 -1 -0
    outer loop
      vertex 34.8636 0 17.3636
      vertex 34.4952 0 15.15
      vertex 34.9521 0 17.286
    endloop
  endfacet
  facet normal 0 -1 0
    outer loop
      vertex 34.4952 0 15.15
      vertex 29.5244 0 17.3686
      vertex 29.4289 0 17.175
    endloop
  endfacet
  facet normal 0 -1 -0
    outer loop
      vertex 34.9521 0 17.286
      vertex 34.4952 0 15.15
      vertex 35.05 0 17.2206
    endloop
  endfacet
  facet normal 0 -1 -0
    outer loop
      vertex 35.05 0 17.2206
      vertex 34.4952 0 15.15
      vertex 35.1556 0 17.1685
    endloop
  endfacet
  facet normal 0 -1 0
    outer loop
      vertex 34.6127 0 15.1423
      vertex 35.1556 0 17.1685
      vertex 34.4952 0 15.15
    endloop
  endfacet
  facet normal 0 -1 -0
    outer loop
      vertex 35.1556 0 17.1685
      vertex 34.6127 0 15.1423
      vertex 35.2671 0 17.1307
    endloop
  endfacet
  facet normal 0 -1 0
    outer loop
      vertex 34.4952 0 15.15
      vertex 29.4289 0 17.175
      vertex 29.309 0 16.9955
    endloop
  endfacet
  facet normal 0 -1 0
    outer loop
      vertex 28.2154 0 19.6359
      vertex 2 0 24
      vertex 28 0 19.65
    endloop
  endfacet
  facet normal 0 -1 0
    outer loop
      vertex 2 0 24
      vertex 27.7846 0 19.6359
      vertex 28 0 19.65
    endloop
  endfacet
  facet normal 0 -1 0
    outer loop
      vertex 2 0 24
      vertex 27.5729 0 19.5938
      vertex 27.7846 0 19.6359
    endloop
  endfacet
  facet normal 0 -1 0
    outer loop
      vertex 2 0 24
      vertex 27.3686 0 19.5244
      vertex 27.5729 0 19.5938
    endloop
  endfacet
  facet normal 0 -1 0
    outer loop
      vertex 2 0 24
      vertex 27.175 0 19.4289
      vertex 27.3686 0 19.5244
    endloop
  endfacet
  facet normal 0 -1 0
    outer loop
      vertex 2 0 24
      vertex 26.9955 0 19.309
      vertex 27.175 0 19.4289
    endloop
  endfacet
  facet normal 0 -1 0
    outer loop
      vertex 2 0 24
      vertex 26.8333 0 19.1667
      vertex 26.9955 0 19.309
    endloop
  endfacet
  facet normal 0 -1 0
    outer loop
      vertex 2 0 24
      vertex 26.691 0 19.0045
      vertex 26.8333 0 19.1667
    endloop
  endfacet
  facet normal 0 -1 0
    outer loop
      vertex 2 0 24
      vertex 26.5711 0 18.825
      vertex 26.691 0 19.0045
    endloop
  endfacet
  facet normal 0 -1 0
    outer loop
      vertex 2 0 24
      vertex 26.4756 0 18.6314
      vertex 26.5711 0 18.825
    endloop
  endfacet
  facet normal 0 -1 0
    outer loop
      vertex 2 0 24
      vertex 26.4062 0 18.4271
      vertex 26.4756 0 18.6314
    endloop
  endfacet
  facet normal 0 -1 0
    outer loop
      vertex 2 0 24
      vertex 26.3641 0 18.2154
      vertex 26.4062 0 18.4271
    endloop
  endfacet
  facet normal 0 -1 0
    outer loop
      vertex 2 0 24
      vertex 26.35 0 18
      vertex 26.3641 0 18.2154
    endloop
  endfacet
  facet normal 0 -1 0
    outer loop
      vertex 2 0 24
      vertex 26.3641 0 17.7846
      vertex 26.35 0 18
    endloop
  endfacet
  facet normal 0 -1 0
    outer loop
      vertex 2 0 24
      vertex 26.4062 0 17.5729
      vertex 26.3641 0 17.7846
    endloop
  endfacet
  facet normal 0 -1 0
    outer loop
      vertex 12 0 0
      vertex 26.4062 0 17.5729
      vertex 2 0 24
    endloop
  endfacet
  facet normal 0 -1 -0
    outer loop
      vertex 26.4062 0 17.5729
      vertex 12 0 0
      vertex 26.4756 0 17.3686
    endloop
  endfacet
  facet normal 0 -1 -0
    outer loop
      vertex 26.4756 0 17.3686
      vertex 12 0 0
      vertex 26.5711 0 17.175
    endloop
  endfacet
  facet normal 0 -1 -0
    outer loop
      vertex 26.5711 0 17.175
      vertex 12 0 0
      vertex 26.691 0 16.9955
    endloop
  endfacet
  facet normal 0 -1 -0
    outer loop
      vertex 26.691 0 16.9955
      vertex 12 0 0
      vertex 26.8333 0 16.8333
    endloop
  endfacet
  facet normal 0 -1 -0
    outer loop
      vertex 26.8333 0 16.8333
      vertex 12 0 0
      vertex 26.9955 0 16.691
    endloop
  endfacet
  facet normal -0 -1 0
    outer loop
      vertex 30.8807 0 11.2719
      vertex 26.9955 0 16.691
      vertex 12 0 0
    endloop
  endfacet
  facet normal 0 -1 0
    outer loop
      vertex 26.9955 0 16.691
      vertex 30.8807 0 11.2719
      vertex 27.175 0 16.5711
    endloop
  endfacet
  facet normal 0 -1 0
    outer loop
      vertex 30.9185 0 11.8492
      vertex 28 0 16.35
      vertex 27.7846 0 16.3641
    endloop
  endfacet
  facet normal 0 -1 0
    outer loop
      vertex 28 0 16.35
      vertex 34.3777 0 15.1423
      vertex 34.4952 0 15.15
    endloop
  endfacet
  facet normal 0 -1 0
    outer loop
      vertex 28 0 16.35
      vertex 34.2623 0 15.1193
      vertex 34.3777 0 15.1423
    endloop
  endfacet
  facet normal 0 -1 0
    outer loop
      vertex 28 0 16.35
      vertex 34.1508 0 15.0815
      vertex 34.2623 0 15.1193
    endloop
  endfacet
  facet normal 0 -1 0
    outer loop
      vertex 30.8577 0 11.6223
      vertex 27.7846 0 16.3641
      vertex 27.5729 0 16.4062
    endloop
  endfacet
  facet normal 0 -1 0
    outer loop
      vertex 28 0 16.35
      vertex 34.0452 0 15.0294
      vertex 34.1508 0 15.0815
    endloop
  endfacet
  facet normal 0 -1 0
    outer loop
      vertex 28 0 16.35
      vertex 33.9473 0 14.964
      vertex 34.0452 0 15.0294
    endloop
  endfacet
  facet normal 0 -1 0
    outer loop
      vertex 28 0 16.35
      vertex 33.8588 0 14.8864
      vertex 33.9473 0 14.964
    endloop
  endfacet
  facet normal 0 -1 0
    outer loop
      vertex 28 0 16.35
      vertex 33.7812 0 14.7979
      vertex 33.8588 0 14.8864
    endloop
  endfacet
  facet normal 0 -1 0
    outer loop
      vertex 28 0 16.35
      vertex 33.7158 0 14.7
      vertex 33.7812 0 14.7979
    endloop
  endfacet
  facet normal 0 -1 0
    outer loop
      vertex 28 0 16.35
      vertex 33.6637 0 14.5944
      vertex 33.7158 0 14.7
    endloop
  endfacet
  facet normal -0 -1 -0
    outer loop
      vertex 30.8577 0 11.3873
      vertex 27.175 0 16.5711
      vertex 30.8807 0 11.2719
    endloop
  endfacet
  facet normal 0 -1 0
    outer loop
      vertex 28 0 16.35
      vertex 31.2021 0 12.2188
      vertex 31.3 0 12.2842
    endloop
  endfacet
  facet normal 0 -1 0
    outer loop
      vertex 28 0 16.35
      vertex 31.3 0 12.2842
      vertex 31.4056 0 12.3363
    endloop
  endfacet
  facet normal 0 -1 0
    outer loop
      vertex 28 0 16.35
      vertex 31.4056 0 12.3363
      vertex 31.5171 0 12.3741
    endloop
  endfacet
  facet normal 0 -1 0
    outer loop
      vertex 28 0 16.35
      vertex 33.6259 0 14.4829
      vertex 33.6637 0 14.5944
    endloop
  endfacet
  facet normal 0 -1 0
    outer loop
      vertex 33.6259 0 14.4829
      vertex 31.5171 0 12.3741
      vertex 33.6029 0 14.3675
    endloop
  endfacet
  facet normal -0 -1 0
    outer loop
      vertex 31.6325 0 12.3971
      vertex 33.6029 0 14.3675
      vertex 31.5171 0 12.3741
    endloop
  endfacet
  facet normal 0 -1 0
    outer loop
      vertex 33.6029 0 14.3675
      vertex 31.6325 0 12.3971
      vertex 33.5952 0 14.25
    endloop
  endfacet
  facet normal -0 -1 0
    outer loop
      vertex 31.75 0 12.4048
      vertex 33.5952 0 14.25
      vertex 31.6325 0 12.3971
    endloop
  endfacet
  facet normal 0 -1 0
    outer loop
      vertex 31.8675 0 12.3971
      vertex 33.6029 0 14.1325
      vertex 31.75 0 12.4048
    endloop
  endfacet
  facet normal 0 -1 -0
    outer loop
      vertex 33.6029 0 14.1325
      vertex 31.8675 0 12.3971
      vertex 33.6259 0 14.0171
    endloop
  endfacet
  facet normal 0 -1 0
    outer loop
      vertex 31.9829 0 12.3741
      vertex 33.6259 0 14.0171
      vertex 31.8675 0 12.3971
    endloop
  endfacet
  facet normal 0 -1 -0
    outer loop
      vertex 33.6259 0 14.0171
      vertex 31.9829 0 12.3741
      vertex 33.6637 0 13.9056
    endloop
  endfacet
  facet normal 0 -1 -0
    outer loop
      vertex 33.6637 0 13.9056
      vertex 32.0944 0 12.3363
      vertex 33.7158 0 13.8
    endloop
  endfacet
  facet normal 0 -1 0
    outer loop
      vertex 32.3864 0 12.1412
      vertex 33.8588 0 13.6136
      vertex 32.2979 0 12.2188
    endloop
  endfacet
  facet normal 0 -1 -0
    outer loop
      vertex 33.7812 0 13.7021
      vertex 32.2979 0 12.2188
      vertex 33.8588 0 13.6136
    endloop
  endfacet
  facet normal 0 -1 0
    outer loop
      vertex 32.2 0 12.2842
      vertex 33.7158 0 13.8
      vertex 32.0944 0 12.3363
    endloop
  endfacet
  facet normal 0 -1 0
    outer loop
      vertex 32.2979 0 12.2188
      vertex 33.7812 0 13.7021
      vertex 32.2 0 12.2842
    endloop
  endfacet
  facet normal 0 -1 -0
    outer loop
      vertex 33.7158 0 13.8
      vertex 32.2 0 12.2842
      vertex 33.7812 0 13.7021
    endloop
  endfacet
  facet normal 0 -1 0
    outer loop
      vertex 32.0944 0 12.3363
      vertex 33.6637 0 13.9056
      vertex 31.9829 0 12.3741
    endloop
  endfacet
  facet normal 0 -1 -0
    outer loop
      vertex 33.5952 0 14.25
      vertex 31.75 0 12.4048
      vertex 33.6029 0 14.1325
    endloop
  endfacet
  facet normal 0 -1 0
    outer loop
      vertex 28 0 16.35
      vertex 31.5171 0 12.3741
      vertex 33.6259 0 14.4829
    endloop
  endfacet
  facet normal 0 -1 0
    outer loop
      vertex 28 0 16.35
      vertex 31.1136 0 12.1412
      vertex 31.2021 0 12.2188
    endloop
  endfacet
  facet normal 0 -1 0
    outer loop
      vertex 28 0 16.35
      vertex 31.036 0 12.0527
      vertex 31.1136 0 12.1412
    endloop
  endfacet
  facet normal 0 -1 0
    outer loop
      vertex 28 0 16.35
      vertex 30.9706 0 11.9548
      vertex 31.036 0 12.0527
    endloop
  endfacet
  facet normal 0 -1 0
    outer loop
      vertex 28 0 16.35
      vertex 30.9185 0 11.8492
      vertex 30.9706 0 11.9548
    endloop
  endfacet
  facet normal 0 -1 0
    outer loop
      vertex 27.7846 0 16.3641
      vertex 30.8807 0 11.7377
      vertex 30.9185 0 11.8492
    endloop
  endfacet
  facet normal 0 -1 0
    outer loop
      vertex 27.175 0 16.5711
      vertex 30.8577 0 11.3873
      vertex 27.3686 0 16.4756
    endloop
  endfacet
  facet normal 0 -1 0
    outer loop
      vertex 27.7846 0 16.3641
      vertex 30.8577 0 11.6223
      vertex 30.8807 0 11.7377
    endloop
  endfacet
  facet normal 0 -1 0
    outer loop
      vertex 27.5729 0 16.4062
      vertex 30.85 0 11.5048
      vertex 30.8577 0 11.6223
    endloop
  endfacet
  facet normal 0 -1 0
    outer loop
      vertex 27.3686 0 16.4756
      vertex 30.85 0 11.5048
      vertex 27.5729 0 16.4062
    endloop
  endfacet
  facet normal -0 -1 -0
    outer loop
      vertex 30.85 0 11.5048
      vertex 27.3686 0 16.4756
      vertex 30.8577 0 11.3873
    endloop
  endfacet
  facet normal 0 -1 -0
    outer loop
      vertex 30.8807 0 11.2719
      vertex 12 0 0
      vertex 30.9185 0 11.1604
    endloop
  endfacet
  facet normal 0 -1 -0
    outer loop
      vertex 30.9185 0 11.1604
      vertex 12 0 0
      vertex 30.9706 0 11.0548
    endloop
  endfacet
  facet normal 0 -1 -0
    outer loop
      vertex 30.9706 0 11.0548
      vertex 12 0 0
      vertex 31.036 0 10.9569
    endloop
  endfacet
  facet normal 0 -1 -0
    outer loop
      vertex 31.036 0 10.9569
      vertex 12 0 0
      vertex 31.1136 0 10.8684
    endloop
  endfacet
  facet normal 0 -1 -0
    outer loop
      vertex 31.1136 0 10.8684
      vertex 12 0 0
      vertex 31.2021 0 10.7908
    endloop
  endfacet
  facet normal 0 -1 -0
    outer loop
      vertex 31.2021 0 10.7908
      vertex 12 0 0
      vertex 31.3 0 10.7254
    endloop
  endfacet
  facet normal 0 -1 -0
    outer loop
      vertex 31.5171 0 10.6355
      vertex 12 0 0
      vertex 31.6325 0 10.6125
    endloop
  endfacet
  facet normal 0 -1 -0
    outer loop
      vertex 31.4056 0 10.6733
      vertex 12 0 0
      vertex 31.5171 0 10.6355
    endloop
  endfacet
  facet normal 0 -1 -0
    outer loop
      vertex 31.3 0 10.7254
      vertex 12 0 0
      vertex 31.4056 0 10.6733
    endloop
  endfacet
  facet normal 0 -1 0
    outer loop
      vertex 12 0 0
      vertex 2 0 24
      vertex 2 0 0
    endloop
  endfacet
  facet normal 0 -1 0
    outer loop
      vertex 2 0 24
      vertex 28.2154 0 19.6359
      vertex 88 0 24
    endloop
  endfacet
  facet normal 0 -1 0
    outer loop
      vertex 35.5 0 18.9
      vertex 28.2154 0 19.6359
      vertex 28.4271 0 19.5938
    endloop
  endfacet
  facet normal 0 -1 0
    outer loop
      vertex 35.3825 0 18.8923
      vertex 28.4271 0 19.5938
      vertex 28.6314 0 19.5244
    endloop
  endfacet
  facet normal 0 -1 0
    outer loop
      vertex 35.3825 0 18.8923
      vertex 28.6314 0 19.5244
      vertex 28.825 0 19.4289
    endloop
  endfacet
  facet normal 0 -1 0
    outer loop
      vertex 35.3825 0 18.8923
      vertex 28.825 0 19.4289
      vertex 29.0045 0 19.309
    endloop
  endfacet
  facet normal 0 -1 0
    outer loop
      vertex 35.3825 0 18.8923
      vertex 29.0045 0 19.309
      vertex 29.1667 0 19.1667
    endloop
  endfacet
  facet normal 0 -1 0
    outer loop
      vertex 34.9521 0 18.714
      vertex 29.1667 0 19.1667
      vertex 29.309 0 19.0045
    endloop
  endfacet
  facet normal 0 -1 0
    outer loop
      vertex 35.6175 0 18.8923
      vertex 28.2154 0 19.6359
      vertex 35.5 0 18.9
    endloop
  endfacet
  facet normal 0 -1 0
    outer loop
      vertex 28.2154 0 19.6359
      vertex 35.6175 0 18.8923
      vertex 88 0 24
    endloop
  endfacet
  facet normal 0 -1 0
    outer loop
      vertex 35.7329 0 18.8693
      vertex 88 0 24
      vertex 35.6175 0 18.8923
    endloop
  endfacet
  facet normal 0 -1 0
    outer loop
      vertex 35.8444 0 18.8315
      vertex 88 0 24
      vertex 35.7329 0 18.8693
    endloop
  endfacet
  facet normal 0 -1 0
    outer loop
      vertex 35.95 0 18.7794
      vertex 88 0 24
      vertex 35.8444 0 18.8315
    endloop
  endfacet
  facet normal 0 -1 0
    outer loop
      vertex 36.0479 0 18.714
      vertex 88 0 24
      vertex 35.95 0 18.7794
    endloop
  endfacet
  facet normal 0 -1 0
    outer loop
      vertex 36.1364 0 18.6364
      vertex 88 0 24
      vertex 36.0479 0 18.714
    endloop
  endfacet
  facet normal 0 -1 0
    outer loop
      vertex 36.214 0 18.5479
      vertex 88 0 24
      vertex 36.1364 0 18.6364
    endloop
  endfacet
  facet normal 0 -1 0
    outer loop
      vertex 36.2794 0 18.45
      vertex 88 0 24
      vertex 36.214 0 18.5479
    endloop
  endfacet
  facet normal 0 -1 0
    outer loop
      vertex 36.3315 0 18.3444
      vertex 88 0 24
      vertex 36.2794 0 18.45
    endloop
  endfacet
  facet normal 0 -1 0
    outer loop
      vertex 36.3693 0 18.2329
      vertex 88 0 24
      vertex 36.3315 0 18.3444
    endloop
  endfacet
  facet normal 0 -1 0
    outer loop
      vertex 36.3923 0 18.1175
      vertex 88 0 24
      vertex 36.3693 0 18.2329
    endloop
  endfacet
  facet normal 0 -1 0
    outer loop
      vertex 78 0 0
      vertex 36.3923 0 18.1175
      vertex 36.4 0 18
    endloop
  endfacet
  facet normal 0 -1 0
    outer loop
      vertex 78 0 0
      vertex 36.4 0 18
      vertex 36.3923 0 17.8825
    endloop
  endfacet
  facet normal 0 -1 0
    outer loop
      vertex 78 0 0
      vertex 36.3923 0 17.8825
      vertex 36.3693 0 17.7671
    endloop
  endfacet
  facet normal 0 -1 0
    outer loop
      vertex 78 0 0
      vertex 36.3693 0 17.7671
      vertex 36.3315 0 17.6556
    endloop
  endfacet
  facet normal 0 -1 0
    outer loop
      vertex 35.3875 0 14.1325
      vertex 36.3315 0 17.6556
      vertex 36.2794 0 17.55
    endloop
  endfacet
  facet normal 0 -1 0
    outer loop
      vertex 35.3952 0 14.25
      vertex 36.2794 0 17.55
      vertex 36.214 0 17.4521
    endloop
  endfacet
  facet normal 0 -1 0
    outer loop
      vertex 35.3875 0 14.3675
      vertex 36.214 0 17.4521
      vertex 36.1364 0 17.3636
    endloop
  endfacet
  facet normal 0 -1 0
    outer loop
      vertex 35.3645 0 14.4829
      vertex 36.1364 0 17.3636
      vertex 36.0479 0 17.286
    endloop
  endfacet
  facet normal 0 -1 0
    outer loop
      vertex 35.3267 0 14.5944
      vertex 36.0479 0 17.286
      vertex 35.95 0 17.2206
    endloop
  endfacet
  facet normal 0 -1 0
    outer loop
      vertex 35.2746 0 14.7
      vertex 35.95 0 17.2206
      vertex 35.8444 0 17.1685
    endloop
  endfacet
  facet normal 0 -1 0
    outer loop
      vertex 35.2092 0 14.7979
      vertex 35.8444 0 17.1685
      vertex 35.7329 0 17.1307
    endloop
  endfacet
  facet normal 0 -1 0
    outer loop
      vertex 35.1316 0 14.8864
      vertex 35.7329 0 17.1307
      vertex 35.6175 0 17.1077
    endloop
  endfacet
  facet normal 0 -1 0
    outer loop
      vertex 34.4952 0 15.15
      vertex 29.309 0 16.9955
      vertex 29.1667 0 16.8333
    endloop
  endfacet
  facet normal 0 -1 0
    outer loop
      vertex 34.4952 0 15.15
      vertex 29.1667 0 16.8333
      vertex 29.0045 0 16.691
    endloop
  endfacet
  facet normal 0 -1 0
    outer loop
      vertex 34.4952 0 15.15
      vertex 29.0045 0 16.691
      vertex 28.825 0 16.5711
    endloop
  endfacet
  facet normal 0 -1 0
    outer loop
      vertex 34.7281 0 15.1193
      vertex 35.2671 0 17.1307
      vertex 34.6127 0 15.1423
    endloop
  endfacet
  facet normal 0 -1 0
    outer loop
      vertex 34.4952 0 15.15
      vertex 28.825 0 16.5711
      vertex 28.6314 0 16.4756
    endloop
  endfacet
  facet normal 0 -1 0
    outer loop
      vertex 34.4952 0 15.15
      vertex 28.6314 0 16.4756
      vertex 28.4271 0 16.4062
    endloop
  endfacet
  facet normal 0 -1 0
    outer loop
      vertex 34.4952 0 15.15
      vertex 28.4271 0 16.4062
      vertex 28.2154 0 16.3641
    endloop
  endfacet
  facet normal 0 -1 0
    outer loop
      vertex 34.4952 0 15.15
      vertex 28.2154 0 16.3641
      vertex 28 0 16.35
    endloop
  endfacet
  facet normal 0 -1 -0
    outer loop
      vertex 35.2671 0 17.1307
      vertex 34.7281 0 15.1193
      vertex 35.3825 0 17.1077
    endloop
  endfacet
  facet normal 0 -1 0
    outer loop
      vertex 34.8396 0 15.0815
      vertex 35.3825 0 17.1077
      vertex 34.7281 0 15.1193
    endloop
  endfacet
  facet normal 0 -1 -0
    outer loop
      vertex 35.3825 0 17.1077
      vertex 34.8396 0 15.0815
      vertex 35.5 0 17.1
    endloop
  endfacet
  facet normal 0 -1 0
    outer loop
      vertex 34.9452 0 15.0294
      vertex 35.5 0 17.1
      vertex 34.8396 0 15.0815
    endloop
  endfacet
  facet normal 0 -1 -0
    outer loop
      vertex 35.5 0 17.1
      vertex 34.9452 0 15.0294
      vertex 35.6175 0 17.1077
    endloop
  endfacet
  facet normal 0 -1 0
    outer loop
      vertex 35.0431 0 14.964
      vertex 35.6175 0 17.1077
      vertex 34.9452 0 15.0294
    endloop
  endfacet
  facet normal 0 -1 0
    outer loop
      vertex 35.1316 0 14.8864
      vertex 35.6175 0 17.1077
      vertex 35.0431 0 14.964
    endloop
  endfacet
  facet normal 0 -1 0
    outer loop
      vertex 35.7329 0 17.1307
      vertex 35.1316 0 14.8864
      vertex 35.2092 0 14.7979
    endloop
  endfacet
  facet normal 0 -1 0
    outer loop
      vertex 35.8444 0 17.1685
      vertex 35.2092 0 14.7979
      vertex 35.2746 0 14.7
    endloop
  endfacet
  facet normal 0 -1 0
    outer loop
      vertex 35.95 0 17.2206
      vertex 35.2746 0 14.7
      vertex 35.3267 0 14.5944
    endloop
  endfacet
  facet normal 0 -1 0
    outer loop
      vertex 36.0479 0 17.286
      vertex 35.3267 0 14.5944
      vertex 35.3645 0 14.4829
    endloop
  endfacet
  facet normal 0 -1 0
    outer loop
      vertex 36.1364 0 17.3636
      vertex 35.3645 0 14.4829
      vertex 35.3875 0 14.3675
    endloop
  endfacet
  facet normal 0 -1 0
    outer loop
      vertex 36.214 0 17.4521
      vertex 35.3875 0 14.3675
      vertex 35.3952 0 14.25
    endloop
  endfacet
  facet normal 0 -1 0
    outer loop
      vertex 36.2794 0 17.55
      vertex 35.3952 0 14.25
      vertex 35.3875 0 14.1325
    endloop
  endfacet
  facet normal 0 -1 -0
    outer loop
      vertex 36.3315 0 17.6556
      vertex 35.3875 0 14.1325
      vertex 78 0 0
    endloop
  endfacet
  facet normal 0 -1 0
    outer loop
      vertex 78 0 0
      vertex 35.3875 0 14.1325
      vertex 35.3645 0 14.0171
    endloop
  endfacet
  facet normal 0 -1 0
    outer loop
      vertex 78 0 0
      vertex 35.3645 0 14.0171
      vertex 35.3267 0 13.9056
    endloop
  endfacet
  facet normal 0 -1 0
    outer loop
      vertex 78 0 0
      vertex 35.3267 0 13.9056
      vertex 35.2746 0 13.8
    endloop
  endfacet
  facet normal 0 -1 0
    outer loop
      vertex 78 0 0
      vertex 35.2746 0 13.8
      vertex 35.2092 0 13.7021
    endloop
  endfacet
  facet normal 0 -1 0
    outer loop
      vertex 78 0 0
      vertex 35.2092 0 13.7021
      vertex 35.1316 0 13.6136
    endloop
  endfacet
  facet normal 0 -1 0
    outer loop
      vertex 78 0 0
      vertex 35.1316 0 13.6136
      vertex 35.0431 0 13.536
    endloop
  endfacet
  facet normal 0 -1 0
    outer loop
      vertex 32.464 0 10.9569
      vertex 35.0431 0 13.536
      vertex 34.9452 0 13.4706
    endloop
  endfacet
  facet normal 0 -1 0
    outer loop
      vertex 32.5294 0 11.0548
      vertex 34.9452 0 13.4706
      vertex 34.8396 0 13.4185
    endloop
  endfacet
  facet normal 0 -1 0
    outer loop
      vertex 32.5815 0 11.1604
      vertex 34.8396 0 13.4185
      vertex 34.7281 0 13.3807
    endloop
  endfacet
  facet normal 0 -1 -0
    outer loop
      vertex 33.8588 0 13.6136
      vertex 32.3864 0 12.1412
      vertex 33.9473 0 13.536
    endloop
  endfacet
  facet normal 0 -1 0
    outer loop
      vertex 32.464 0 12.0527
      vertex 33.9473 0 13.536
      vertex 32.3864 0 12.1412
    endloop
  endfacet
  facet normal 0 -1 -0
    outer loop
      vertex 33.9473 0 13.536
      vertex 32.464 0 12.0527
      vertex 34.0452 0 13.4706
    endloop
  endfacet
  facet normal 0 -1 0
    outer loop
      vertex 32.5294 0 11.9548
      vertex 34.0452 0 13.4706
      vertex 32.464 0 12.0527
    endloop
  endfacet
  facet normal 0 -1 -0
    outer loop
      vertex 34.0452 0 13.4706
      vertex 32.5294 0 11.9548
      vertex 34.1508 0 13.4185
    endloop
  endfacet
  facet normal 0 -1 0
    outer loop
      vertex 32.5815 0 11.8492
      vertex 34.1508 0 13.4185
      vertex 32.5294 0 11.9548
    endloop
  endfacet
  facet normal 0 -1 -0
    outer loop
      vertex 34.1508 0 13.4185
      vertex 32.5815 0 11.8492
      vertex 34.2623 0 13.3807
    endloop
  endfacet
  facet normal 0 -1 0
    outer loop
      vertex 32.6193 0 11.7377
      vertex 34.2623 0 13.3807
      vertex 32.5815 0 11.8492
    endloop
  endfacet
  facet normal 0 -1 -0
    outer loop
      vertex 34.2623 0 13.3807
      vertex 32.6193 0 11.7377
      vertex 34.3777 0 13.3577
    endloop
  endfacet
  facet normal 0 -1 0
    outer loop
      vertex 32.6423 0 11.6223
      vertex 34.3777 0 13.3577
      vertex 32.6193 0 11.7377
    endloop
  endfacet
  facet normal 0 -1 -0
    outer loop
      vertex 34.3777 0 13.3577
      vertex 32.6423 0 11.6223
      vertex 34.4952 0 13.35
    endloop
  endfacet
  facet normal 0 -1 0
    outer loop
      vertex 32.65 0 11.5048
      vertex 34.4952 0 13.35
      vertex 32.6423 0 11.6223
    endloop
  endfacet
  facet normal 0 -1 -0
    outer loop
      vertex 34.4952 0 13.35
      vertex 32.65 0 11.5048
      vertex 34.6127 0 13.3577
    endloop
  endfacet
  facet normal 0 -1 0
    outer loop
      vertex 32.6423 0 11.3873
      vertex 34.6127 0 13.3577
      vertex 32.65 0 11.5048
    endloop
  endfacet
  facet normal 0 -1 -0
    outer loop
      vertex 34.6127 0 13.3577
      vertex 32.6423 0 11.3873
      vertex 34.7281 0 13.3807
    endloop
  endfacet
  facet normal 0 -1 0
    outer loop
      vertex 32.6193 0 11.2719
      vertex 34.7281 0 13.3807
      vertex 32.6423 0 11.3873
    endloop
  endfacet
  facet normal 0 -1 0
    outer loop
      vertex 32.5815 0 11.1604
      vertex 34.7281 0 13.3807
      vertex 32.6193 0 11.2719
    endloop
  endfacet
  facet normal 0 -1 0
    outer loop
      vertex 34.8396 0 13.4185
      vertex 32.5815 0 11.1604
      vertex 32.5294 0 11.0548
    endloop
  endfacet
  facet normal 0 -1 0
    outer loop
      vertex 34.9452 0 13.4706
      vertex 32.5294 0 11.0548
      vertex 32.464 0 10.9569
    endloop
  endfacet
  facet normal 0 -1 -0
    outer loop
      vertex 35.0431 0 13.536
      vertex 32.464 0 10.9569
      vertex 78 0 0
    endloop
  endfacet
  facet normal 0 -1 0
    outer loop
      vertex 78 0 0
      vertex 32.464 0 10.9569
      vertex 32.3864 0 10.8684
    endloop
  endfacet
  facet normal 0 -1 0
    outer loop
      vertex 78 0 0
      vertex 32.3864 0 10.8684
      vertex 32.2979 0 10.7908
    endloop
  endfacet
  facet normal 0 -1 0
    outer loop
      vertex 78 0 0
      vertex 32.2979 0 10.7908
      vertex 32.2 0 10.7254
    endloop
  endfacet
  facet normal 0 -1 0
    outer loop
      vertex 78 0 0
      vertex 32.2 0 10.7254
      vertex 32.0944 0 10.6733
    endloop
  endfacet
  facet normal 0 -1 0
    outer loop
      vertex 78 0 0
      vertex 32.0944 0 10.6733
      vertex 31.9829 0 10.6355
    endloop
  endfacet
  facet normal 0 -1 -0
    outer loop
      vertex 31.6325 0 10.6125
      vertex 12 0 0
      vertex 31.75 0 10.6048
    endloop
  endfacet
  facet normal 0 -1 -0
    outer loop
      vertex 31.75 0 10.6048
      vertex 12 0 0
      vertex 31.8675 0 10.6125
    endloop
  endfacet
  facet normal 0 -1 -0
    outer loop
      vertex 31.8675 0 10.6125
      vertex 12 0 0
      vertex 31.9829 0 10.6355
    endloop
  endfacet
  facet normal 0 -1 0
    outer loop
      vertex 78 0 0
      vertex 31.9829 0 10.6355
      vertex 12 0 0
    endloop
  endfacet
  facet normal 0 -1 0
    outer loop
      vertex 36.3923 0 18.1175
      vertex 78 0 0
      vertex 88 0 24
    endloop
  endfacet
  facet normal 0 -1 -0
    outer loop
      vertex 88 0 24
      vertex 78 0 0
      vertex 88 0 0
    endloop
  endfacet
  facet normal 0.831549 -0.555452 0
    outer loop
      vertex 89.5867 0.782476 24
      vertex 89.732 1 0
      vertex 89.732 1 24
    endloop
  endfacet
  facet normal 0.831549 -0.555452 0
    outer loop
      vertex 89.732 1 0
      vertex 89.5867 0.782476 24
      vertex 89.5867 0.782476 0
    endloop
  endfacet
  facet normal -0.321463 0.946922 0
    outer loop
      vertex 1.48236 69.9319 0
      vertex 1.23463 69.8478 24
      vertex 1.48236 69.9319 24
    endloop
  endfacet
  facet normal -0.321463 0.946922 0
    outer loop
      vertex 1.23463 69.8478 24
      vertex 1.48236 69.9319 0
      vertex 1.23463 69.8478 0
    endloop
  endfacet
  facet normal 0.442338 -0.896848 0
    outer loop
      vertex 88.7654 0.152241 0
      vertex 89 0.267949 24
      vertex 88.7654 0.152241 24
    endloop
  endfacet
  facet normal 0.442338 -0.896848 0
    outer loop
      vertex 89 0.267949 24
      vertex 88.7654 0.152241 0
      vertex 89 0.267949 0
    endloop
  endfacet
  facet normal 0 0 1
    outer loop
      vertex 87.352 67.1305 24
      vertex 90 68 24
      vertex 89.9829 68.2611 24
    endloop
  endfacet
  facet normal 0 0 1
    outer loop
      vertex 90 68 24
      vertex 87.6 66.4 24
      vertex 90 2 24
    endloop
  endfacet
  facet normal 0 0 1
    outer loop
      vertex 87.352 67.1305 24
      vertex 89.9829 68.2611 24
      vertex 89.9319 68.5176 24
    endloop
  endfacet
  facet normal -0 0 1
    outer loop
      vertex 87.6 3.6 24
      vertex 90 2 24
      vertex 87.6 66.4 24
    endloop
  endfacet
  facet normal 0 0 1
    outer loop
      vertex 87.352 67.1305 24
      vertex 89.9319 68.5176 24
      vertex 89.8478 68.7654 24
    endloop
  endfacet
  facet normal -0 0 1
    outer loop
      vertex 87.5897 3.44337 24
      vertex 90 2 24
      vertex 87.6 3.6 24
    endloop
  endfacet
  facet normal 0 0 1
    outer loop
      vertex 87.2485 67.2485 24
      vertex 89.8478 68.7654 24
      vertex 89.732 69 24
    endloop
  endfacet
  facet normal -0 0 1
    outer loop
      vertex 87.5591 3.28942 24
      vertex 90 2 24
      vertex 87.5897 3.44337 24
    endloop
  endfacet
  facet normal 0 0 1
    outer loop
      vertex 87.2485 67.2485 24
      vertex 89.732 69 24
      vertex 89.5867 69.2175 24
    endloop
  endfacet
  facet normal -0 0 1
    outer loop
      vertex 87.5087 3.14078 24
      vertex 90 2 24
      vertex 87.5591 3.28942 24
    endloop
  endfacet
  facet normal 0 0 1
    outer loop
      vertex 87.2485 67.2485 24
      vertex 89.5867 69.2175 24
      vertex 89.4142 69.4142 24
    endloop
  endfacet
  facet normal -0 0 1
    outer loop
      vertex 87.4392 3 24
      vertex 90 2 24
      vertex 87.5087 3.14078 24
    endloop
  endfacet
  facet normal 0 0 1
    outer loop
      vertex 87.2485 67.2485 24
      vertex 89.4142 69.4142 24
      vertex 89.2175 69.5867 24
    endloop
  endfacet
  facet normal -0 0 1
    outer loop
      vertex 87.352 2.86949 24
      vertex 90 2 24
      vertex 87.4392 3 24
    endloop
  endfacet
  facet normal 0 0 1
    outer loop
      vertex 87.2485 67.2485 24
      vertex 89.2175 69.5867 24
      vertex 89 69.732 24
    endloop
  endfacet
  facet normal 0 0 1
    outer loop
      vertex 90 2 24
      vertex 87.352 2.86949 24
      vertex 89.9829 1.73895 24
    endloop
  endfacet
  facet normal 0 0 1
    outer loop
      vertex 87.2485 67.2485 24
      vertex 89 69.732 24
      vertex 88.7654 69.8478 24
    endloop
  endfacet
  facet normal 0 0 1
    outer loop
      vertex 89.9829 1.73895 24
      vertex 87.352 2.86949 24
      vertex 89.9319 1.48236 24
    endloop
  endfacet
  facet normal 0 0 1
    outer loop
      vertex 87.1305 67.352 24
      vertex 88.7654 69.8478 24
      vertex 88.5176 69.9319 24
    endloop
  endfacet
  facet normal 0 0 1
    outer loop
      vertex 89.9319 1.48236 24
      vertex 87.352 2.86949 24
      vertex 89.8478 1.23463 24
    endloop
  endfacet
  facet normal 0 0 1
    outer loop
      vertex 87.1305 67.352 24
      vertex 88.5176 69.9319 24
      vertex 88.2611 69.9829 24
    endloop
  endfacet
  facet normal -0 0 1
    outer loop
      vertex 87.2485 2.75147 24
      vertex 89.8478 1.23463 24
      vertex 87.352 2.86949 24
    endloop
  endfacet
  facet normal 0 0 1
    outer loop
      vertex 87.1305 67.352 24
      vertex 88.2611 69.9829 24
      vertex 88 70 24
    endloop
  endfacet
  facet normal 0 0 1
    outer loop
      vertex 89.8478 1.23463 24
      vertex 87.2485 2.75147 24
      vertex 89.732 1 24
    endloop
  endfacet
  facet normal 0 0 1
    outer loop
      vertex 89.732 1 24
      vertex 87.2485 2.75147 24
      vertex 89.5867 0.782476 24
    endloop
  endfacet
  facet normal 0 0 1
    outer loop
      vertex 90 68 24
      vertex 87.5897 66.5566 24
      vertex 87.6 66.4 24
    endloop
  endfacet
  facet normal 0 0 1
    outer loop
      vertex 90 68 24
      vertex 87.5591 66.7106 24
      vertex 87.5897 66.5566 24
    endloop
  endfacet
  facet normal 0 0 1
    outer loop
      vertex 90 68 24
      vertex 87.5087 66.8592 24
      vertex 87.5591 66.7106 24
    endloop
  endfacet
  facet normal 0 0 1
    outer loop
      vertex 90 68 24
      vertex 87.4392 67 24
      vertex 87.5087 66.8592 24
    endloop
  endfacet
  facet normal 0 0 1
    outer loop
      vertex 90 68 24
      vertex 87.352 67.1305 24
      vertex 87.4392 67 24
    endloop
  endfacet
  facet normal 0 0 1
    outer loop
      vertex 89.8478 68.7654 24
      vertex 87.2485 67.2485 24
      vertex 87.352 67.1305 24
    endloop
  endfacet
  facet normal 0 0 1
    outer loop
      vertex 88.7654 69.8478 24
      vertex 87.1305 67.352 24
      vertex 87.2485 67.2485 24
    endloop
  endfacet
  facet normal 0 0 1
    outer loop
      vertex 88 70 24
      vertex 87 67.4392 24
      vertex 87.1305 67.352 24
    endloop
  endfacet
  facet normal 0 0 1
    outer loop
      vertex 88 70 24
      vertex 86.8592 67.5087 24
      vertex 87 67.4392 24
    endloop
  endfacet
  facet normal 0 0 1
    outer loop
      vertex 88 70 24
      vertex 86.7106 67.5591 24
      vertex 86.8592 67.5087 24
    endloop
  endfacet
  facet normal 0 0 1
    outer loop
      vertex 88 70 24
      vertex 86.5566 67.5897 24
      vertex 86.7106 67.5591 24
    endloop
  endfacet
  facet normal 0 0 1
    outer loop
      vertex 88 70 24
      vertex 86.4 67.6 24
      vertex 86.5566 67.5897 24
    endloop
  endfacet
  facet normal 0 0 1
    outer loop
      vertex 88 70 24
      vertex 3.6 67.6 24
      vertex 86.4 67.6 24
    endloop
  endfacet
  facet normal -0 0 1
    outer loop
      vertex 0.413293 69.2175 24
      vertex 2.75147 67.2485 24
      vertex 0.585786 69.4142 24
    endloop
  endfacet
  facet normal -0 0 1
    outer loop
      vertex 0.585786 69.4142 24
      vertex 2.75147 67.2485 24
      vertex 0.782476 69.5867 24
    endloop
  endfacet
  facet normal -0 0 1
    outer loop
      vertex 0.782476 69.5867 24
      vertex 2.75147 67.2485 24
      vertex 1 69.732 24
    endloop
  endfacet
  facet normal -0 0 1
    outer loop
      vertex 1 69.732 24
      vertex 2.75147 67.2485 24
      vertex 1.23463 69.8478 24
    endloop
  endfacet
  facet normal 0 0 1
    outer loop
      vertex 2.86949 67.352 24
      vertex 1.23463 69.8478 24
      vertex 2.75147 67.2485 24
    endloop
  endfacet
  facet normal -0 0 1
    outer loop
      vertex 1.23463 69.8478 24
      vertex 2.86949 67.352 24
      vertex 1.48236 69.9319 24
    endloop
  endfacet
  facet normal -0 0 1
    outer loop
      vertex 1.48236 69.9319 24
      vertex 2.86949 67.352 24
      vertex 1.73895 69.9829 24
    endloop
  endfacet
  facet normal -0 0 1
    outer loop
      vertex 1.73895 69.9829 24
      vertex 2.86949 67.352 24
      vertex 2 70 24
    endloop
  endfacet
  facet normal 0 0 1
    outer loop
      vertex 3 67.4392 24
      vertex 2 70 24
      vertex 2.86949 67.352 24
    endloop
  endfacet
  facet normal 0 0 1
    outer loop
      vertex 3.14078 67.5087 24
      vertex 2 70 24
      vertex 3 67.4392 24
    endloop
  endfacet
  facet normal 0 0 1
    outer loop
      vertex 3.28942 67.5591 24
      vertex 2 70 24
      vertex 3.14078 67.5087 24
    endloop
  endfacet
  facet normal 0 0 1
    outer loop
      vertex 3.44337 67.5897 24
      vertex 2 70 24
      vertex 3.28942 67.5591 24
    endloop
  endfacet
  facet normal 0 0 1
    outer loop
      vertex 3.6 67.6 24
      vertex 2 70 24
      vertex 3.44337 67.5897 24
    endloop
  endfacet
  facet normal -0 0 1
    outer loop
      vertex 2 70 24
      vertex 3.6 67.6 24
      vertex 88 70 24
    endloop
  endfacet
  facet normal 0 0 1
    outer loop
      vertex 89.5867 0.782476 24
      vertex 87.2485 2.75147 24
      vertex 89.4142 0.585786 24
    endloop
  endfacet
  facet normal 0 0 1
    outer loop
      vertex 89.4142 0.585786 24
      vertex 87.2485 2.75147 24
      vertex 89.2175 0.413293 24
    endloop
  endfacet
  facet normal 0 0 1
    outer loop
      vertex 89.2175 0.413293 24
      vertex 87.2485 2.75147 24
      vertex 89 0.267949 24
    endloop
  endfacet
  facet normal 0 0 1
    outer loop
      vertex 89 0.267949 24
      vertex 87.2485 2.75147 24
      vertex 88.7654 0.152241 24
    endloop
  endfacet
  facet normal -0 0 1
    outer loop
      vertex 87.1305 2.64797 24
      vertex 88.7654 0.152241 24
      vertex 87.2485 2.75147 24
    endloop
  endfacet
  facet normal 0 0 1
    outer loop
      vertex 88.7654 0.152241 24
      vertex 87.1305 2.64797 24
      vertex 88.5176 0.0681477 24
    endloop
  endfacet
  facet normal 0 0 1
    outer loop
      vertex 88.5176 0.0681477 24
      vertex 87.1305 2.64797 24
      vertex 88.2611 0.0171099 24
    endloop
  endfacet
  facet normal 0 0 1
    outer loop
      vertex 88.2611 0.0171099 24
      vertex 87.1305 2.64797 24
      vertex 88 0 24
    endloop
  endfacet
  facet normal -0 0 1
    outer loop
      vertex 87 2.56077 24
      vertex 88 0 24
      vertex 87.1305 2.64797 24
    endloop
  endfacet
  facet normal -0 0 1
    outer loop
      vertex 86.8592 2.49134 24
      vertex 88 0 24
      vertex 87 2.56077 24
    endloop
  endfacet
  facet normal -0 0 1
    outer loop
      vertex 86.7106 2.44089 24
      vertex 88 0 24
      vertex 86.8592 2.49134 24
    endloop
  endfacet
  facet normal -0 0 1
    outer loop
      vertex 86.5566 2.41026 24
      vertex 88 0 24
      vertex 86.7106 2.44089 24
    endloop
  endfacet
  facet normal -0 0 1
    outer loop
      vertex 86.4 2.4 24
      vertex 88 0 24
      vertex 86.5566 2.41026 24
    endloop
  endfacet
  facet normal -0 0 1
    outer loop
      vertex 3.6 2.4 24
      vertex 88 0 24
      vertex 86.4 2.4 24
    endloop
  endfacet
  facet normal 0 0 1
    outer loop
      vertex 3.6 2.4 24
      vertex 2 0 24
      vertex 88 0 24
    endloop
  endfacet
  facet normal 0 0 1
    outer loop
      vertex 3.44337 2.41026 24
      vertex 2 0 24
      vertex 3.6 2.4 24
    endloop
  endfacet
  facet normal 0 0 1
    outer loop
      vertex 3.28942 2.44089 24
      vertex 2 0 24
      vertex 3.44337 2.41026 24
    endloop
  endfacet
  facet normal 0 0 1
    outer loop
      vertex 3.14078 2.49134 24
      vertex 2 0 24
      vertex 3.28942 2.44089 24
    endloop
  endfacet
  facet normal 0 0 1
    outer loop
      vertex 3 2.56077 24
      vertex 2 0 24
      vertex 3.14078 2.49134 24
    endloop
  endfacet
  facet normal 0 0 1
    outer loop
      vertex 2.86949 2.64797 24
      vertex 2 0 24
      vertex 3 2.56077 24
    endloop
  endfacet
  facet normal 0 0 1
    outer loop
      vertex 1.23463 0.152241 24
      vertex 2.86949 2.64797 24
      vertex 2.75147 2.75147 24
    endloop
  endfacet
  facet normal 0 0 1
    outer loop
      vertex 0.152241 1.23463 24
      vertex 2.75147 2.75147 24
      vertex 2.64797 2.86949 24
    endloop
  endfacet
  facet normal 0 0 1
    outer loop
      vertex 0 2 24
      vertex 2.64797 2.86949 24
      vertex 2.56077 3 24
    endloop
  endfacet
  facet normal 0 0 1
    outer loop
      vertex 0 2 24
      vertex 2.56077 3 24
      vertex 2.49134 3.14078 24
    endloop
  endfacet
  facet normal 0 0 1
    outer loop
      vertex 0 2 24
      vertex 2.49134 3.14078 24
      vertex 2.44089 3.28942 24
    endloop
  endfacet
  facet normal 0 0 1
    outer loop
      vertex 0 2 24
      vertex 2.44089 3.28942 24
      vertex 2.41026 3.44337 24
    endloop
  endfacet
  facet normal 0 0 1
    outer loop
      vertex 0 2 24
      vertex 2.41026 3.44337 24
      vertex 2.4 3.6 24
    endloop
  endfacet
  facet normal 0 0 1
    outer loop
      vertex 2.4 66.4 24
      vertex 0 68 24
      vertex 2.4 3.6 24
    endloop
  endfacet
  facet normal -0 0 1
    outer loop
      vertex 0.267949 69 24
      vertex 2.75147 67.2485 24
      vertex 0.413293 69.2175 24
    endloop
  endfacet
  facet normal 0 0 1
    outer loop
      vertex 0 2 24
      vertex 2.4 3.6 24
      vertex 0 68 24
    endloop
  endfacet
  facet normal -0 0 1
    outer loop
      vertex 0.152241 68.7654 24
      vertex 2.75147 67.2485 24
      vertex 0.267949 69 24
    endloop
  endfacet
  facet normal 0 0 1
    outer loop
      vertex 2.64797 2.86949 24
      vertex 0 2 24
      vertex 0.0171099 1.73895 24
    endloop
  endfacet
  facet normal 0 0 1
    outer loop
      vertex 2.75147 67.2485 24
      vertex 0.152241 68.7654 24
      vertex 2.64797 67.1305 24
    endloop
  endfacet
  facet normal 0 0 1
    outer loop
      vertex 2.86949 2.64797 24
      vertex 1.73895 0.0171099 24
      vertex 2 0 24
    endloop
  endfacet
  facet normal -0 0 1
    outer loop
      vertex 0.0681477 68.5176 24
      vertex 2.64797 67.1305 24
      vertex 0.152241 68.7654 24
    endloop
  endfacet
  facet normal 0 0 1
    outer loop
      vertex 2.86949 2.64797 24
      vertex 1.48236 0.0681477 24
      vertex 1.73895 0.0171099 24
    endloop
  endfacet
  facet normal -0 0 1
    outer loop
      vertex 0.0171099 68.2611 24
      vertex 2.64797 67.1305 24
      vertex 0.0681477 68.5176 24
    endloop
  endfacet
  facet normal 0 0 1
    outer loop
      vertex 2.86949 2.64797 24
      vertex 1.23463 0.152241 24
      vertex 1.48236 0.0681477 24
    endloop
  endfacet
  facet normal -0 0 1
    outer loop
      vertex 0 68 24
      vertex 2.64797 67.1305 24
      vertex 0.0171099 68.2611 24
    endloop
  endfacet
  facet normal 0 0 1
    outer loop
      vertex 2.75147 2.75147 24
      vertex 1 0.267949 24
      vertex 1.23463 0.152241 24
    endloop
  endfacet
  facet normal 0 0 1
    outer loop
      vertex 2.64797 67.1305 24
      vertex 0 68 24
      vertex 2.56077 67 24
    endloop
  endfacet
  facet normal 0 0 1
    outer loop
      vertex 2.75147 2.75147 24
      vertex 0.782476 0.413293 24
      vertex 1 0.267949 24
    endloop
  endfacet
  facet normal 0 0 1
    outer loop
      vertex 2.56077 67 24
      vertex 0 68 24
      vertex 2.49134 66.8592 24
    endloop
  endfacet
  facet normal 0 0 1
    outer loop
      vertex 2.75147 2.75147 24
      vertex 0.585786 0.585786 24
      vertex 0.782476 0.413293 24
    endloop
  endfacet
  facet normal 0 0 1
    outer loop
      vertex 2.49134 66.8592 24
      vertex 0 68 24
      vertex 2.44089 66.7106 24
    endloop
  endfacet
  facet normal 0 0 1
    outer loop
      vertex 2.75147 2.75147 24
      vertex 0.413293 0.782476 24
      vertex 0.585786 0.585786 24
    endloop
  endfacet
  facet normal 0 0 1
    outer loop
      vertex 2.44089 66.7106 24
      vertex 0 68 24
      vertex 2.41026 66.5566 24
    endloop
  endfacet
  facet normal 0 0 1
    outer loop
      vertex 2.75147 2.75147 24
      vertex 0.267949 1 24
      vertex 0.413293 0.782476 24
    endloop
  endfacet
  facet normal 0 0 1
    outer loop
      vertex 2.41026 66.5566 24
      vertex 0 68 24
      vertex 2.4 66.4 24
    endloop
  endfacet
  facet normal 0 0 1
    outer loop
      vertex 2.75147 2.75147 24
      vertex 0.152241 1.23463 24
      vertex 0.267949 1 24
    endloop
  endfacet
  facet normal 0 0 1
    outer loop
      vertex 2.64797 2.86949 24
      vertex 0.0681477 1.48236 24
      vertex 0.152241 1.23463 24
    endloop
  endfacet
  facet normal 0 0 1
    outer loop
      vertex 2.64797 2.86949 24
      vertex 0.0171099 1.73895 24
      vertex 0.0681477 1.48236 24
    endloop
  endfacet
  facet normal -0.442293 -0.896871 0
    outer loop
      vertex 1 0.267949 0
      vertex 1.23463 0.152241 24
      vertex 1 0.267949 24
    endloop
  endfacet
  facet normal -0.442293 -0.896871 -0
    outer loop
      vertex 1.23463 0.152241 24
      vertex 1 0.267949 0
      vertex 1.23463 0.152241 0
    endloop
  endfacet
  facet normal 0.55561 -0.831443 0
    outer loop
      vertex 89 0.267949 0
      vertex 89.2175 0.413293 24
      vertex 89 0.267949 24
    endloop
  endfacet
  facet normal 0.55561 -0.831443 0
    outer loop
      vertex 89.2175 0.413293 24
      vertex 89 0.267949 0
      vertex 89.2175 0.413293 0
    endloop
  endfacet
  facet normal 0.195013 0.980801 -0
    outer loop
      vertex 88.5176 69.9319 0
      vertex 88.2611 69.9829 24
      vertex 88.5176 69.9319 24
    endloop
  endfacet
  facet normal 0.195013 0.980801 0
    outer loop
      vertex 88.2611 69.9829 24
      vertex 88.5176 69.9319 0
      vertex 88.2611 69.9829 0
    endloop
  endfacet
  facet normal 0.442621 0.896709 -0
    outer loop
      vertex 89 69.732 0
      vertex 88.7654 69.8478 24
      vertex 89 69.732 24
    endloop
  endfacet
  facet normal 0.442621 0.896709 0
    outer loop
      vertex 88.7654 69.8478 24
      vertex 89 69.732 0
      vertex 88.7654 69.8478 0
    endloop
  endfacet
  facet normal 0.0653521 0.997862 -0
    outer loop
      vertex 88.2611 69.9829 0
      vertex 88 70 24
      vertex 88.2611 69.9829 24
    endloop
  endfacet
  facet normal 0.0653521 0.997862 0
    outer loop
      vertex 88 70 24
      vertex 88.2611 69.9829 0
      vertex 88 70 0
    endloop
  endfacet
  facet normal -0.0654023 -0.997859 0
    outer loop
      vertex 1.73895 0.0171099 0
      vertex 2 0 24
      vertex 1.73895 0.0171099 24
    endloop
  endfacet
  facet normal -0.0654023 -0.997859 -0
    outer loop
      vertex 2 0 24
      vertex 1.73895 0.0171099 0
      vertex 2 0 0
    endloop
  endfacet
  facet normal -0.555568 -0.831471 0
    outer loop
      vertex 0.782476 0.413293 0
      vertex 1 0.267949 24
      vertex 0.782476 0.413293 24
    endloop
  endfacet
  facet normal -0.555568 -0.831471 -0
    outer loop
      vertex 1 0.267949 24
      vertex 0.782476 0.413293 0
      vertex 1 0.267949 0
    endloop
  endfacet
  facet normal -0.831471 -0.555568 0
    outer loop
      vertex 0.413293 0.782476 0
      vertex 0.267949 1 24
      vertex 0.267949 1 0
    endloop
  endfacet
  facet normal -0.831471 -0.555568 0
    outer loop
      vertex 0.267949 1 24
      vertex 0.413293 0.782476 0
      vertex 0.413293 0.782476 24
    endloop
  endfacet
  facet normal 0.997862 0.0653521 0
    outer loop
      vertex 90 68 24
      vertex 89.9829 68.2611 0
      vertex 89.9829 68.2611 24
    endloop
  endfacet
  facet normal 0.997862 0.0653521 0
    outer loop
      vertex 89.9829 68.2611 0
      vertex 90 68 24
      vertex 90 68 0
    endloop
  endfacet
  facet normal -0.751855 0.659328 0
    outer loop
      vertex 0.413293 69.2175 0
      vertex 0.585786 69.4142 24
      vertex 0.585786 69.4142 0
    endloop
  endfacet
  facet normal -0.751855 0.659328 0
    outer loop
      vertex 0.585786 69.4142 24
      vertex 0.413293 69.2175 0
      vertex 0.413293 69.2175 24
    endloop
  endfacet
  facet normal -0.831443 0.55561 0
    outer loop
      vertex 0.267949 69 0
      vertex 0.413293 69.2175 24
      vertex 0.413293 69.2175 0
    endloop
  endfacet
  facet normal -0.831443 0.55561 0
    outer loop
      vertex 0.413293 69.2175 24
      vertex 0.267949 69 0
      vertex 0.267949 69 24
    endloop
  endfacet
  facet normal -0.195086 -0.980786 0
    outer loop
      vertex 1.48236 0.0681477 0
      vertex 1.73895 0.0171099 24
      vertex 1.48236 0.0681477 24
    endloop
  endfacet
  facet normal -0.195086 -0.980786 -0
    outer loop
      vertex 1.73895 0.0171099 24
      vertex 1.48236 0.0681477 0
      vertex 1.73895 0.0171099 0
    endloop
  endfacet
  facet normal -0.751839 -0.659347 0
    outer loop
      vertex 0.585786 0.585786 0
      vertex 0.413293 0.782476 24
      vertex 0.413293 0.782476 0
    endloop
  endfacet
  facet normal -0.751839 -0.659347 0
    outer loop
      vertex 0.413293 0.782476 24
      vertex 0.585786 0.585786 0
      vertex 0.585786 0.585786 24
    endloop
  endfacet
  facet normal 0.659343 0.751842 -0
    outer loop
      vertex 89.4142 69.4142 0
      vertex 89.2175 69.5867 24
      vertex 89.4142 69.4142 24
    endloop
  endfacet
  facet normal 0.659343 0.751842 0
    outer loop
      vertex 89.2175 69.5867 24
      vertex 89.4142 69.4142 0
      vertex 89.2175 69.5867 0
    endloop
  endfacet
  facet normal 0.555494 0.831521 -0
    outer loop
      vertex 89.2175 69.5867 0
      vertex 89 69.732 24
      vertex 89.2175 69.5867 24
    endloop
  endfacet
  facet normal 0.555494 0.831521 0
    outer loop
      vertex 89 69.732 24
      vertex 89.2175 69.5867 0
      vertex 89 69.732 0
    endloop
  endfacet
  facet normal 0.980801 0.195013 0
    outer loop
      vertex 89.9829 68.2611 24
      vertex 89.9319 68.5176 0
      vertex 89.9319 68.5176 24
    endloop
  endfacet
  facet normal 0.980801 0.195013 0
    outer loop
      vertex 89.9319 68.5176 0
      vertex 89.9829 68.2611 24
      vertex 89.9829 68.2611 0
    endloop
  endfacet
  facet normal -0.99786 0.0653898 0
    outer loop
      vertex 0 68 0
      vertex 0.0171099 68.2611 24
      vertex 0.0171099 68.2611 0
    endloop
  endfacet
  facet normal -0.99786 0.0653898 0
    outer loop
      vertex 0.0171099 68.2611 24
      vertex 0 68 0
      vertex 0 68 24
    endloop
  endfacet
  facet normal -0.194947 0.980814 0
    outer loop
      vertex 1.73895 69.9829 0
      vertex 1.48236 69.9319 24
      vertex 1.73895 69.9829 24
    endloop
  endfacet
  facet normal -0.194947 0.980814 0
    outer loop
      vertex 1.48236 69.9319 24
      vertex 1.73895 69.9829 0
      vertex 1.48236 69.9319 0
    endloop
  endfacet
  facet normal -0.896871 -0.442293 0
    outer loop
      vertex 0.267949 1 0
      vertex 0.152241 1.23463 24
      vertex 0.152241 1.23463 0
    endloop
  endfacet
  facet normal -0.896871 -0.442293 0
    outer loop
      vertex 0.152241 1.23463 24
      vertex 0.267949 1 0
      vertex 0.267949 1 24
    endloop
  endfacet
  facet normal 0.751842 0.659343 0
    outer loop
      vertex 89.5867 69.2175 24
      vertex 89.4142 69.4142 0
      vertex 89.4142 69.4142 24
    endloop
  endfacet
  facet normal 0.751842 0.659343 0
    outer loop
      vertex 89.4142 69.4142 0
      vertex 89.5867 69.2175 24
      vertex 89.5867 69.2175 0
    endloop
  endfacet
  facet normal 0.321359 -0.946957 0
    outer loop
      vertex 88.5176 0.0681477 0
      vertex 88.7654 0.152241 24
      vertex 88.5176 0.0681477 24
    endloop
  endfacet
  facet normal 0.321359 -0.946957 0
    outer loop
      vertex 88.7654 0.152241 24
      vertex 88.5176 0.0681477 0
      vertex 88.7654 0.152241 0
    endloop
  endfacet
  facet normal -0.555452 0.831549 0
    outer loop
      vertex 1 69.732 0
      vertex 0.782476 69.5867 24
      vertex 1 69.732 24
    endloop
  endfacet
  facet normal -0.555452 0.831549 0
    outer loop
      vertex 0.782476 69.5867 24
      vertex 1 69.732 0
      vertex 0.782476 69.5867 0
    endloop
  endfacet
  facet normal -0.442575 0.896731 0
    outer loop
      vertex 1.23463 69.8478 0
      vertex 1 69.732 24
      vertex 1.23463 69.8478 24
    endloop
  endfacet
  facet normal -0.442575 0.896731 0
    outer loop
      vertex 1 69.732 24
      vertex 1.23463 69.8478 0
      vertex 1 69.732 0
    endloop
  endfacet
  facet normal -0.980773 0.195152 0
    outer loop
      vertex 0.0171099 68.2611 0
      vertex 0.0681477 68.5176 24
      vertex 0.0681477 68.5176 0
    endloop
  endfacet
  facet normal -0.980773 0.195152 0
    outer loop
      vertex 0.0681477 68.5176 24
      vertex 0.0171099 68.2611 0
      vertex 0.0171099 68.2611 24
    endloop
  endfacet
  facet normal -0.896848 0.442338 0
    outer loop
      vertex 0.152241 68.7654 0
      vertex 0.267949 69 24
      vertex 0.267949 69 0
    endloop
  endfacet
  facet normal -0.896848 0.442338 0
    outer loop
      vertex 0.267949 69 24
      vertex 0.152241 68.7654 0
      vertex 0.152241 68.7654 24
    endloop
  endfacet
  facet normal 0.94695 0.321382 0
    outer loop
      vertex 89.9319 68.5176 24
      vertex 89.8478 68.7654 0
      vertex 89.8478 68.7654 24
    endloop
  endfacet
  facet normal 0.94695 0.321382 0
    outer loop
      vertex 89.8478 68.7654 0
      vertex 89.9319 68.5176 24
      vertex 89.9319 68.5176 0
    endloop
  endfacet
  facet normal 0.896709 0.442621 0
    outer loop
      vertex 89.8478 68.7654 24
      vertex 89.732 69 0
      vertex 89.732 69 24
    endloop
  endfacet
  facet normal 0.896709 0.442621 0
    outer loop
      vertex 89.732 69 0
      vertex 89.8478 68.7654 24
      vertex 89.8478 68.7654 0
    endloop
  endfacet
  facet normal 0.195152 -0.980773 0
    outer loop
      vertex 88.2611 0.0171099 0
      vertex 88.5176 0.0681477 24
      vertex 88.2611 0.0171099 24
    endloop
  endfacet
  facet normal 0.195152 -0.980773 0
    outer loop
      vertex 88.5176 0.0681477 24
      vertex 88.2611 0.0171099 0
      vertex 88.5176 0.0681477 0
    endloop
  endfacet
  facet normal 0.0653898 -0.99786 0
    outer loop
      vertex 88 0 0
      vertex 88.2611 0.0171099 24
      vertex 88 0 24
    endloop
  endfacet
  facet normal 0.0653898 -0.99786 0
    outer loop
      vertex 88.2611 0.0171099 24
      vertex 88 0 0
      vertex 88.2611 0.0171099 0
    endloop
  endfacet
  facet normal -0.946957 0.321359 0
    outer loop
      vertex 0.0681477 68.5176 0
      vertex 0.152241 68.7654 24
      vertex 0.152241 68.7654 0
    endloop
  endfacet
  facet normal -0.946957 0.321359 0
    outer loop
      vertex 0.152241 68.7654 24
      vertex 0.0681477 68.5176 0
      vertex 0.0681477 68.5176 24
    endloop
  endfacet
  facet normal 0.751826 -0.659362 0
    outer loop
      vertex 89.4142 0.585786 24
      vertex 89.5867 0.782476 0
      vertex 89.5867 0.782476 24
    endloop
  endfacet
  facet normal 0.751826 -0.659362 0
    outer loop
      vertex 89.5867 0.782476 0
      vertex 89.4142 0.585786 24
      vertex 89.4142 0.585786 0
    endloop
  endfacet
  facet normal 0.896792 0.442452 0
    outer loop
      vertex 37.4412 21.1 2.4
      vertex 37.337 21.3112 2.3
      vertex 37.337 21.3112 2.4
    endloop
  endfacet
  facet normal 0.896792 0.442452 0
    outer loop
      vertex 37.337 21.3112 2.3
      vertex 37.4412 21.1 2.4
      vertex 37.4412 21.1 2.3
    endloop
  endfacet
  facet normal -0.980825 -0.194891 0
    outer loop
      vertex 40.7846 22.2349 2.3
      vertex 40.7387 22.4659 2.4
      vertex 40.7387 22.4659 2.3
    endloop
  endfacet
  facet normal -0.980825 -0.194891 0
    outer loop
      vertex 40.7387 22.4659 2.4
      vertex 40.7846 22.2349 2.3
      vertex 40.7846 22.2349 2.4
    endloop
  endfacet
  facet normal -0.997858 -0.0654194 0
    outer loop
      vertex 40.8 22 2.3
      vertex 40.7846 22.2349 2.4
      vertex 40.7846 22.2349 2.3
    endloop
  endfacet
  facet normal -0.997858 -0.0654194 0
    outer loop
      vertex 40.7846 22.2349 2.4
      vertex 40.8 22 2.3
      vertex 40.8 22 2.4
    endloop
  endfacet
  facet normal -0.946884 -0.321575 0
    outer loop
      vertex 40.7387 22.4659 2.3
      vertex 40.663 22.6888 2.4
      vertex 40.663 22.6888 2.3
    endloop
  endfacet
  facet normal -0.946884 -0.321575 0
    outer loop
      vertex 40.663 22.6888 2.4
      vertex 40.7387 22.4659 2.3
      vertex 40.7387 22.4659 2.4
    endloop
  endfacet
  facet normal 0.896792 -0.442452 0
    outer loop
      vertex 37.337 22.6888 2.4
      vertex 37.4412 22.9 2.3
      vertex 37.4412 22.9 2.4
    endloop
  endfacet
  facet normal 0.896792 -0.442452 0
    outer loop
      vertex 37.4412 22.9 2.3
      vertex 37.337 22.6888 2.4
      vertex 37.337 22.6888 2.3
    endloop
  endfacet
  facet normal -0.659286 0.751892 0
    outer loop
      vertex 40.2728 20.7272 2.3
      vertex 40.0958 20.572 2.4
      vertex 40.2728 20.7272 2.4
    endloop
  endfacet
  facet normal -0.659286 0.751892 0
    outer loop
      vertex 40.0958 20.572 2.4
      vertex 40.2728 20.7272 2.3
      vertex 40.0958 20.572 2.3
    endloop
  endfacet
  facet normal 0.751892 0.659286 0
    outer loop
      vertex 37.7272 20.7272 2.4
      vertex 37.572 20.9042 2.3
      vertex 37.572 20.9042 2.4
    endloop
  endfacet
  facet normal 0.751892 0.659286 0
    outer loop
      vertex 37.572 20.9042 2.3
      vertex 37.7272 20.7272 2.4
      vertex 37.7272 20.7272 2.3
    endloop
  endfacet
  facet normal -0.321575 -0.946884 0
    outer loop
      vertex 39.4659 23.7387 2.3
      vertex 39.6888 23.663 2.4
      vertex 39.4659 23.7387 2.4
    endloop
  endfacet
  facet normal -0.321575 -0.946884 -0
    outer loop
      vertex 39.6888 23.663 2.4
      vertex 39.4659 23.7387 2.3
      vertex 39.6888 23.663 2.3
    endloop
  endfacet
  facet normal -0.997858 0.0654194 0
    outer loop
      vertex 40.7846 21.7651 2.3
      vertex 40.8 22 2.4
      vertex 40.8 22 2.3
    endloop
  endfacet
  facet normal -0.997858 0.0654194 0
    outer loop
      vertex 40.8 22 2.4
      vertex 40.7846 21.7651 2.3
      vertex 40.7846 21.7651 2.4
    endloop
  endfacet
  facet normal -0.321575 0.946884 0
    outer loop
      vertex 39.6888 20.337 2.3
      vertex 39.4659 20.2613 2.4
      vertex 39.6888 20.337 2.4
    endloop
  endfacet
  facet normal -0.321575 0.946884 0
    outer loop
      vertex 39.4659 20.2613 2.4
      vertex 39.6888 20.337 2.3
      vertex 39.4659 20.2613 2.3
    endloop
  endfacet
  facet normal -0.555484 0.831527 0
    outer loop
      vertex 40.0958 20.572 2.3
      vertex 39.9 20.4412 2.4
      vertex 40.0958 20.572 2.4
    endloop
  endfacet
  facet normal -0.555484 0.831527 0
    outer loop
      vertex 39.9 20.4412 2.4
      vertex 40.0958 20.572 2.3
      vertex 39.9 20.4412 2.3
    endloop
  endfacet
  facet normal -0.896792 -0.442452 0
    outer loop
      vertex 40.663 22.6888 2.3
      vertex 40.5588 22.9 2.4
      vertex 40.5588 22.9 2.3
    endloop
  endfacet
  facet normal -0.896792 -0.442452 0
    outer loop
      vertex 40.5588 22.9 2.4
      vertex 40.663 22.6888 2.3
      vertex 40.663 22.6888 2.4
    endloop
  endfacet
  facet normal -0.831527 0.555484 0
    outer loop
      vertex 40.428 20.9042 2.3
      vertex 40.5588 21.1 2.4
      vertex 40.5588 21.1 2.3
    endloop
  endfacet
  facet normal -0.831527 0.555484 0
    outer loop
      vertex 40.5588 21.1 2.4
      vertex 40.428 20.9042 2.3
      vertex 40.428 20.9042 2.4
    endloop
  endfacet
  facet normal -0.980825 0.194891 0
    outer loop
      vertex 40.7387 21.5341 2.3
      vertex 40.7846 21.7651 2.4
      vertex 40.7846 21.7651 2.3
    endloop
  endfacet
  facet normal -0.980825 0.194891 0
    outer loop
      vertex 40.7846 21.7651 2.4
      vertex 40.7387 21.5341 2.3
      vertex 40.7387 21.5341 2.4
    endloop
  endfacet
  facet normal -0.751892 0.659286 0
    outer loop
      vertex 40.2728 20.7272 2.3
      vertex 40.428 20.9042 2.4
      vertex 40.428 20.9042 2.3
    endloop
  endfacet
  facet normal -0.751892 0.659286 0
    outer loop
      vertex 40.428 20.9042 2.4
      vertex 40.2728 20.7272 2.3
      vertex 40.2728 20.7272 2.4
    endloop
  endfacet
  facet normal 0.194891 -0.980825 0
    outer loop
      vertex 38.5341 23.7387 2.3
      vertex 38.7651 23.7846 2.4
      vertex 38.5341 23.7387 2.4
    endloop
  endfacet
  facet normal 0.194891 -0.980825 0
    outer loop
      vertex 38.7651 23.7846 2.4
      vertex 38.5341 23.7387 2.3
      vertex 38.7651 23.7846 2.3
    endloop
  endfacet
  facet normal 0.659286 -0.751892 0
    outer loop
      vertex 37.7272 23.2728 2.3
      vertex 37.9042 23.428 2.4
      vertex 37.7272 23.2728 2.4
    endloop
  endfacet
  facet normal 0.659286 -0.751892 0
    outer loop
      vertex 37.9042 23.428 2.4
      vertex 37.7272 23.2728 2.3
      vertex 37.9042 23.428 2.3
    endloop
  endfacet
  facet normal 0.442452 -0.896792 0
    outer loop
      vertex 38.1 23.5588 2.3
      vertex 38.3112 23.663 2.4
      vertex 38.1 23.5588 2.4
    endloop
  endfacet
  facet normal 0.442452 -0.896792 0
    outer loop
      vertex 38.3112 23.663 2.4
      vertex 38.1 23.5588 2.3
      vertex 38.3112 23.663 2.3
    endloop
  endfacet
  facet normal 0.831527 -0.555484 0
    outer loop
      vertex 37.4412 22.9 2.4
      vertex 37.572 23.0958 2.3
      vertex 37.572 23.0958 2.4
    endloop
  endfacet
  facet normal 0.831527 -0.555484 0
    outer loop
      vertex 37.572 23.0958 2.3
      vertex 37.4412 22.9 2.4
      vertex 37.4412 22.9 2.3
    endloop
  endfacet
  facet normal -0.831527 -0.555484 0
    outer loop
      vertex 40.5588 22.9 2.3
      vertex 40.428 23.0958 2.4
      vertex 40.428 23.0958 2.3
    endloop
  endfacet
  facet normal -0.831527 -0.555484 0
    outer loop
      vertex 40.428 23.0958 2.4
      vertex 40.5588 22.9 2.3
      vertex 40.5588 22.9 2.4
    endloop
  endfacet
  facet normal -0.194891 0.980825 0
    outer loop
      vertex 39.4659 20.2613 2.3
      vertex 39.2349 20.2154 2.4
      vertex 39.4659 20.2613 2.4
    endloop
  endfacet
  facet normal -0.194891 0.980825 0
    outer loop
      vertex 39.2349 20.2154 2.4
      vertex 39.4659 20.2613 2.3
      vertex 39.2349 20.2154 2.3
    endloop
  endfacet
  facet normal 0.194891 0.980825 -0
    outer loop
      vertex 38.7651 20.2154 2.3
      vertex 38.5341 20.2613 2.4
      vertex 38.7651 20.2154 2.4
    endloop
  endfacet
  facet normal 0.194891 0.980825 0
    outer loop
      vertex 38.5341 20.2613 2.4
      vertex 38.7651 20.2154 2.3
      vertex 38.5341 20.2613 2.3
    endloop
  endfacet
  facet normal 0.946884 -0.321575 0
    outer loop
      vertex 37.2613 22.4659 2.4
      vertex 37.337 22.6888 2.3
      vertex 37.337 22.6888 2.4
    endloop
  endfacet
  facet normal 0.946884 -0.321575 0
    outer loop
      vertex 37.337 22.6888 2.3
      vertex 37.2613 22.4659 2.4
      vertex 37.2613 22.4659 2.3
    endloop
  endfacet
  facet normal -0.659286 -0.751892 0
    outer loop
      vertex 40.0958 23.428 2.3
      vertex 40.2728 23.2728 2.4
      vertex 40.0958 23.428 2.4
    endloop
  endfacet
  facet normal -0.659286 -0.751892 -0
    outer loop
      vertex 40.2728 23.2728 2.4
      vertex 40.0958 23.428 2.3
      vertex 40.2728 23.2728 2.3
    endloop
  endfacet
  facet normal 0.555484 -0.831527 0
    outer loop
      vertex 37.9042 23.428 2.3
      vertex 38.1 23.5588 2.4
      vertex 37.9042 23.428 2.4
    endloop
  endfacet
  facet normal 0.555484 -0.831527 0
    outer loop
      vertex 38.1 23.5588 2.4
      vertex 37.9042 23.428 2.3
      vertex 38.1 23.5588 2.3
    endloop
  endfacet
  facet normal 0 0 1
    outer loop
      vertex 40.7846 22.2349 2.3
      vertex 40.7846 21.7651 2.3
      vertex 40.8 22 2.3
    endloop
  endfacet
  facet normal 0 0 1
    outer loop
      vertex 40.7387 22.4659 2.3
      vertex 40.7846 21.7651 2.3
      vertex 40.7846 22.2349 2.3
    endloop
  endfacet
  facet normal 0 0 1
    outer loop
      vertex 40.7387 22.4659 2.3
      vertex 40.7387 21.5341 2.3
      vertex 40.7846 21.7651 2.3
    endloop
  endfacet
  facet normal 0 0 1
    outer loop
      vertex 40.663 22.6888 2.3
      vertex 40.7387 21.5341 2.3
      vertex 40.7387 22.4659 2.3
    endloop
  endfacet
  facet normal 0 0 1
    outer loop
      vertex 40.663 22.6888 2.3
      vertex 40.663 21.3112 2.3
      vertex 40.7387 21.5341 2.3
    endloop
  endfacet
  facet normal 0 0 1
    outer loop
      vertex 40.5588 22.9 2.3
      vertex 40.663 21.3112 2.3
      vertex 40.663 22.6888 2.3
    endloop
  endfacet
  facet normal 0 0 1
    outer loop
      vertex 40.5588 22.9 2.3
      vertex 40.5588 21.1 2.3
      vertex 40.663 21.3112 2.3
    endloop
  endfacet
  facet normal 0 0 1
    outer loop
      vertex 40.428 23.0958 2.3
      vertex 40.5588 21.1 2.3
      vertex 40.5588 22.9 2.3
    endloop
  endfacet
  facet normal 0 0 1
    outer loop
      vertex 40.428 23.0958 2.3
      vertex 40.428 20.9042 2.3
      vertex 40.5588 21.1 2.3
    endloop
  endfacet
  facet normal 0 0 1
    outer loop
      vertex 40.2728 23.2728 2.3
      vertex 40.428 20.9042 2.3
      vertex 40.428 23.0958 2.3
    endloop
  endfacet
  facet normal 0 0 1
    outer loop
      vertex 40.2728 23.2728 2.3
      vertex 40.2728 20.7272 2.3
      vertex 40.428 20.9042 2.3
    endloop
  endfacet
  facet normal 0 0 1
    outer loop
      vertex 40.0958 23.428 2.3
      vertex 40.2728 20.7272 2.3
      vertex 40.2728 23.2728 2.3
    endloop
  endfacet
  facet normal 0 0 1
    outer loop
      vertex 40.0958 23.428 2.3
      vertex 40.0958 20.572 2.3
      vertex 40.2728 20.7272 2.3
    endloop
  endfacet
  facet normal 0 0 1
    outer loop
      vertex 39.9 23.5588 2.3
      vertex 40.0958 20.572 2.3
      vertex 40.0958 23.428 2.3
    endloop
  endfacet
  facet normal 0 0 1
    outer loop
      vertex 39.9 23.5588 2.3
      vertex 39.9 20.4412 2.3
      vertex 40.0958 20.572 2.3
    endloop
  endfacet
  facet normal 0 0 1
    outer loop
      vertex 39.6888 23.663 2.3
      vertex 39.9 20.4412 2.3
      vertex 39.9 23.5588 2.3
    endloop
  endfacet
  facet normal 0 0 1
    outer loop
      vertex 39.6888 23.663 2.3
      vertex 39.6888 20.337 2.3
      vertex 39.9 20.4412 2.3
    endloop
  endfacet
  facet normal 0 0 1
    outer loop
      vertex 39.4659 23.7387 2.3
      vertex 39.6888 20.337 2.3
      vertex 39.6888 23.663 2.3
    endloop
  endfacet
  facet normal 0 0 1
    outer loop
      vertex 39.4659 23.7387 2.3
      vertex 39.4659 20.2613 2.3
      vertex 39.6888 20.337 2.3
    endloop
  endfacet
  facet normal 0 0 1
    outer loop
      vertex 39.2349 23.7846 2.3
      vertex 39.4659 20.2613 2.3
      vertex 39.4659 23.7387 2.3
    endloop
  endfacet
  facet normal 0 0 1
    outer loop
      vertex 39.2349 23.7846 2.3
      vertex 39.2349 20.2154 2.3
      vertex 39.4659 20.2613 2.3
    endloop
  endfacet
  facet normal 0 0 1
    outer loop
      vertex 39 23.8 2.3
      vertex 39.2349 20.2154 2.3
      vertex 39.2349 23.7846 2.3
    endloop
  endfacet
  facet normal 0 0 1
    outer loop
      vertex 39 23.8 2.3
      vertex 39 20.2 2.3
      vertex 39.2349 20.2154 2.3
    endloop
  endfacet
  facet normal -0 0 1
    outer loop
      vertex 38.7651 23.7846 2.3
      vertex 39 20.2 2.3
      vertex 39 23.8 2.3
    endloop
  endfacet
  facet normal 0 0 1
    outer loop
      vertex 38.7651 23.7846 2.3
      vertex 38.7651 20.2154 2.3
      vertex 39 20.2 2.3
    endloop
  endfacet
  facet normal -0 0 1
    outer loop
      vertex 38.5341 23.7387 2.3
      vertex 38.7651 20.2154 2.3
      vertex 38.7651 23.7846 2.3
    endloop
  endfacet
  facet normal 0 0 1
    outer loop
      vertex 38.5341 23.7387 2.3
      vertex 38.5341 20.2613 2.3
      vertex 38.7651 20.2154 2.3
    endloop
  endfacet
  facet normal -0 0 1
    outer loop
      vertex 38.3112 23.663 2.3
      vertex 38.5341 20.2613 2.3
      vertex 38.5341 23.7387 2.3
    endloop
  endfacet
  facet normal 0 0 1
    outer loop
      vertex 38.3112 23.663 2.3
      vertex 38.3112 20.337 2.3
      vertex 38.5341 20.2613 2.3
    endloop
  endfacet
  facet normal -0 0 1
    outer loop
      vertex 38.1 23.5588 2.3
      vertex 38.3112 20.337 2.3
      vertex 38.3112 23.663 2.3
    endloop
  endfacet
  facet normal 0 0 1
    outer loop
      vertex 38.1 23.5588 2.3
      vertex 38.1 20.4412 2.3
      vertex 38.3112 20.337 2.3
    endloop
  endfacet
  facet normal -0 0 1
    outer loop
      vertex 37.9042 23.428 2.3
      vertex 38.1 20.4412 2.3
      vertex 38.1 23.5588 2.3
    endloop
  endfacet
  facet normal 0 0 1
    outer loop
      vertex 37.9042 23.428 2.3
      vertex 37.9042 20.572 2.3
      vertex 38.1 20.4412 2.3
    endloop
  endfacet
  facet normal -0 0 1
    outer loop
      vertex 37.7272 23.2728 2.3
      vertex 37.9042 20.572 2.3
      vertex 37.9042 23.428 2.3
    endloop
  endfacet
  facet normal 0 0 1
    outer loop
      vertex 37.7272 23.2728 2.3
      vertex 37.7272 20.7272 2.3
      vertex 37.9042 20.572 2.3
    endloop
  endfacet
  facet normal -0 0 1
    outer loop
      vertex 37.572 23.0958 2.3
      vertex 37.7272 20.7272 2.3
      vertex 37.7272 23.2728 2.3
    endloop
  endfacet
  facet normal 0 0 1
    outer loop
      vertex 37.572 23.0958 2.3
      vertex 37.572 20.9042 2.3
      vertex 37.7272 20.7272 2.3
    endloop
  endfacet
  facet normal -0 0 1
    outer loop
      vertex 37.4412 22.9 2.3
      vertex 37.572 20.9042 2.3
      vertex 37.572 23.0958 2.3
    endloop
  endfacet
  facet normal 0 0 1
    outer loop
      vertex 37.4412 22.9 2.3
      vertex 37.4412 21.1 2.3
      vertex 37.572 20.9042 2.3
    endloop
  endfacet
  facet normal -0 0 1
    outer loop
      vertex 37.337 22.6888 2.3
      vertex 37.4412 21.1 2.3
      vertex 37.4412 22.9 2.3
    endloop
  endfacet
  facet normal 0 0 1
    outer loop
      vertex 37.337 22.6888 2.3
      vertex 37.337 21.3112 2.3
      vertex 37.4412 21.1 2.3
    endloop
  endfacet
  facet normal -0 0 1
    outer loop
      vertex 37.2613 22.4659 2.3
      vertex 37.337 21.3112 2.3
      vertex 37.337 22.6888 2.3
    endloop
  endfacet
  facet normal 0 0 1
    outer loop
      vertex 37.2613 22.4659 2.3
      vertex 37.2613 21.5341 2.3
      vertex 37.337 21.3112 2.3
    endloop
  endfacet
  facet normal -0 0 1
    outer loop
      vertex 37.2154 22.2349 2.3
      vertex 37.2613 21.5341 2.3
      vertex 37.2613 22.4659 2.3
    endloop
  endfacet
  facet normal 0 0 1
    outer loop
      vertex 37.2154 22.2349 2.3
      vertex 37.2154 21.7651 2.3
      vertex 37.2613 21.5341 2.3
    endloop
  endfacet
  facet normal 0 -0 1
    outer loop
      vertex 37.2154 21.7651 2.3
      vertex 37.2154 22.2349 2.3
      vertex 37.2 22 2.3
    endloop
  endfacet
  facet normal -0.751892 -0.659286 0
    outer loop
      vertex 40.428 23.0958 2.3
      vertex 40.2728 23.2728 2.4
      vertex 40.2728 23.2728 2.3
    endloop
  endfacet
  facet normal -0.751892 -0.659286 0
    outer loop
      vertex 40.2728 23.2728 2.4
      vertex 40.428 23.0958 2.3
      vertex 40.428 23.0958 2.4
    endloop
  endfacet
  facet normal -0.442452 0.896792 0
    outer loop
      vertex 39.9 20.4412 2.3
      vertex 39.6888 20.337 2.4
      vertex 39.9 20.4412 2.4
    endloop
  endfacet
  facet normal -0.442452 0.896792 0
    outer loop
      vertex 39.6888 20.337 2.4
      vertex 39.9 20.4412 2.3
      vertex 39.6888 20.337 2.3
    endloop
  endfacet
  facet normal 0.0654194 0.997858 -0
    outer loop
      vertex 39 20.2 2.3
      vertex 38.7651 20.2154 2.4
      vertex 39 20.2 2.4
    endloop
  endfacet
  facet normal 0.0654194 0.997858 0
    outer loop
      vertex 38.7651 20.2154 2.4
      vertex 39 20.2 2.3
      vertex 38.7651 20.2154 2.3
    endloop
  endfacet
  facet normal -0.555484 -0.831527 0
    outer loop
      vertex 39.9 23.5588 2.3
      vertex 40.0958 23.428 2.4
      vertex 39.9 23.5588 2.4
    endloop
  endfacet
  facet normal -0.555484 -0.831527 -0
    outer loop
      vertex 40.0958 23.428 2.4
      vertex 39.9 23.5588 2.3
      vertex 40.0958 23.428 2.3
    endloop
  endfacet
  facet normal 0.997858 -0.0654194 0
    outer loop
      vertex 37.2 22 2.4
      vertex 37.2154 22.2349 2.3
      vertex 37.2154 22.2349 2.4
    endloop
  endfacet
  facet normal 0.997858 -0.0654194 0
    outer loop
      vertex 37.2154 22.2349 2.3
      vertex 37.2 22 2.4
      vertex 37.2 22 2.3
    endloop
  endfacet
  facet normal 0.997858 0.0654194 0
    outer loop
      vertex 37.2154 21.7651 2.4
      vertex 37.2 22 2.3
      vertex 37.2 22 2.4
    endloop
  endfacet
  facet normal 0.997858 0.0654194 0
    outer loop
      vertex 37.2 22 2.3
      vertex 37.2154 21.7651 2.4
      vertex 37.2154 21.7651 2.3
    endloop
  endfacet
  facet normal -0.442452 -0.896792 0
    outer loop
      vertex 39.6888 23.663 2.3
      vertex 39.9 23.5588 2.4
      vertex 39.6888 23.663 2.4
    endloop
  endfacet
  facet normal -0.442452 -0.896792 -0
    outer loop
      vertex 39.9 23.5588 2.4
      vertex 39.6888 23.663 2.3
      vertex 39.9 23.5588 2.3
    endloop
  endfacet
  facet normal -0.194891 -0.980825 0
    outer loop
      vertex 39.2349 23.7846 2.3
      vertex 39.4659 23.7387 2.4
      vertex 39.2349 23.7846 2.4
    endloop
  endfacet
  facet normal -0.194891 -0.980825 -0
    outer loop
      vertex 39.4659 23.7387 2.4
      vertex 39.2349 23.7846 2.3
      vertex 39.4659 23.7387 2.3
    endloop
  endfacet
  facet normal -0.896792 0.442452 0
    outer loop
      vertex 40.5588 21.1 2.3
      vertex 40.663 21.3112 2.4
      vertex 40.663 21.3112 2.3
    endloop
  endfacet
  facet normal -0.896792 0.442452 0
    outer loop
      vertex 40.663 21.3112 2.4
      vertex 40.5588 21.1 2.3
      vertex 40.5588 21.1 2.4
    endloop
  endfacet
  facet normal 0.321575 -0.946884 0
    outer loop
      vertex 38.3112 23.663 2.3
      vertex 38.5341 23.7387 2.4
      vertex 38.3112 23.663 2.4
    endloop
  endfacet
  facet normal 0.321575 -0.946884 0
    outer loop
      vertex 38.5341 23.7387 2.4
      vertex 38.3112 23.663 2.3
      vertex 38.5341 23.7387 2.3
    endloop
  endfacet
  facet normal -0.0654194 -0.997858 0
    outer loop
      vertex 39 23.8 2.3
      vertex 39.2349 23.7846 2.4
      vertex 39 23.8 2.4
    endloop
  endfacet
  facet normal -0.0654194 -0.997858 -0
    outer loop
      vertex 39.2349 23.7846 2.4
      vertex 39 23.8 2.3
      vertex 39.2349 23.7846 2.3
    endloop
  endfacet
  facet normal 0.321575 0.946884 -0
    outer loop
      vertex 38.5341 20.2613 2.3
      vertex 38.3112 20.337 2.4
      vertex 38.5341 20.2613 2.4
    endloop
  endfacet
  facet normal 0.321575 0.946884 0
    outer loop
      vertex 38.3112 20.337 2.4
      vertex 38.5341 20.2613 2.3
      vertex 38.3112 20.337 2.3
    endloop
  endfacet
  facet normal 0.980825 0.194891 0
    outer loop
      vertex 37.2613 21.5341 2.4
      vertex 37.2154 21.7651 2.3
      vertex 37.2154 21.7651 2.4
    endloop
  endfacet
  facet normal 0.980825 0.194891 0
    outer loop
      vertex 37.2154 21.7651 2.3
      vertex 37.2613 21.5341 2.4
      vertex 37.2613 21.5341 2.3
    endloop
  endfacet
  facet normal -0.0654194 0.997858 0
    outer loop
      vertex 39.2349 20.2154 2.3
      vertex 39 20.2 2.4
      vertex 39.2349 20.2154 2.4
    endloop
  endfacet
  facet normal -0.0654194 0.997858 0
    outer loop
      vertex 39 20.2 2.4
      vertex 39.2349 20.2154 2.3
      vertex 39 20.2 2.3
    endloop
  endfacet
  facet normal 0.946884 0.321575 0
    outer loop
      vertex 37.337 21.3112 2.4
      vertex 37.2613 21.5341 2.3
      vertex 37.2613 21.5341 2.4
    endloop
  endfacet
  facet normal 0.946884 0.321575 0
    outer loop
      vertex 37.2613 21.5341 2.3
      vertex 37.337 21.3112 2.4
      vertex 37.337 21.3112 2.3
    endloop
  endfacet
  facet normal -0.946884 0.321575 0
    outer loop
      vertex 40.663 21.3112 2.3
      vertex 40.7387 21.5341 2.4
      vertex 40.7387 21.5341 2.3
    endloop
  endfacet
  facet normal -0.946884 0.321575 0
    outer loop
      vertex 40.7387 21.5341 2.4
      vertex 40.663 21.3112 2.3
      vertex 40.663 21.3112 2.4
    endloop
  endfacet
  facet normal 0.0654194 -0.997858 0
    outer loop
      vertex 38.7651 23.7846 2.3
      vertex 39 23.8 2.4
      vertex 38.7651 23.7846 2.4
    endloop
  endfacet
  facet normal 0.0654194 -0.997858 0
    outer loop
      vertex 39 23.8 2.4
      vertex 38.7651 23.7846 2.3
      vertex 39 23.8 2.3
    endloop
  endfacet
  facet normal 0.442452 0.896792 -0
    outer loop
      vertex 38.3112 20.337 2.3
      vertex 38.1 20.4412 2.4
      vertex 38.3112 20.337 2.4
    endloop
  endfacet
  facet normal 0.442452 0.896792 0
    outer loop
      vertex 38.1 20.4412 2.4
      vertex 38.3112 20.337 2.3
      vertex 38.1 20.4412 2.3
    endloop
  endfacet
  facet normal 0.980825 -0.194891 0
    outer loop
      vertex 37.2154 22.2349 2.4
      vertex 37.2613 22.4659 2.3
      vertex 37.2613 22.4659 2.4
    endloop
  endfacet
  facet normal 0.980825 -0.194891 0
    outer loop
      vertex 37.2613 22.4659 2.3
      vertex 37.2154 22.2349 2.4
      vertex 37.2154 22.2349 2.3
    endloop
  endfacet
  facet normal 0.831527 0.555484 0
    outer loop
      vertex 37.572 20.9042 2.4
      vertex 37.4412 21.1 2.3
      vertex 37.4412 21.1 2.4
    endloop
  endfacet
  facet normal 0.831527 0.555484 0
    outer loop
      vertex 37.4412 21.1 2.3
      vertex 37.572 20.9042 2.4
      vertex 37.572 20.9042 2.3
    endloop
  endfacet
  facet normal 0.751892 -0.659286 0
    outer loop
      vertex 37.572 23.0958 2.4
      vertex 37.7272 23.2728 2.3
      vertex 37.7272 23.2728 2.4
    endloop
  endfacet
  facet normal 0.751892 -0.659286 0
    outer loop
      vertex 37.7272 23.2728 2.3
      vertex 37.572 23.0958 2.4
      vertex 37.572 23.0958 2.3
    endloop
  endfacet
  facet normal 0.659286 0.751892 -0
    outer loop
      vertex 37.9042 20.572 2.3
      vertex 37.7272 20.7272 2.4
      vertex 37.9042 20.572 2.4
    endloop
  endfacet
  facet normal 0.659286 0.751892 0
    outer loop
      vertex 37.7272 20.7272 2.4
      vertex 37.9042 20.572 2.3
      vertex 37.7272 20.7272 2.3
    endloop
  endfacet
  facet normal 0.555484 0.831527 -0
    outer loop
      vertex 38.1 20.4412 2.3
      vertex 37.9042 20.572 2.4
      vertex 38.1 20.4412 2.4
    endloop
  endfacet
  facet normal 0.555484 0.831527 0
    outer loop
      vertex 37.9042 20.572 2.4
      vertex 38.1 20.4412 2.3
      vertex 37.9042 20.572 2.3
    endloop
  endfacet
  facet normal -0.980825 -0.194891 0
    outer loop
      vertex 40.7846 48.2349 2.3
      vertex 40.7387 48.4659 2.4
      vertex 40.7387 48.4659 2.3
    endloop
  endfacet
  facet normal -0.980825 -0.194891 0
    outer loop
      vertex 40.7387 48.4659 2.4
      vertex 40.7846 48.2349 2.3
      vertex 40.7846 48.2349 2.4
    endloop
  endfacet
  facet normal -0.997858 -0.0654194 0
    outer loop
      vertex 40.8 48 2.3
      vertex 40.7846 48.2349 2.4
      vertex 40.7846 48.2349 2.3
    endloop
  endfacet
  facet normal -0.997858 -0.0654194 0
    outer loop
      vertex 40.7846 48.2349 2.4
      vertex 40.8 48 2.3
      vertex 40.8 48 2.4
    endloop
  endfacet
  facet normal -0.946884 -0.321575 0
    outer loop
      vertex 40.7387 48.4659 2.3
      vertex 40.663 48.6888 2.4
      vertex 40.663 48.6888 2.3
    endloop
  endfacet
  facet normal -0.946884 -0.321575 0
    outer loop
      vertex 40.663 48.6888 2.4
      vertex 40.7387 48.4659 2.3
      vertex 40.7387 48.4659 2.4
    endloop
  endfacet
  facet normal -0.946884 0.321575 0
    outer loop
      vertex 40.663 47.3112 2.3
      vertex 40.7387 47.5341 2.4
      vertex 40.7387 47.5341 2.3
    endloop
  endfacet
  facet normal -0.946884 0.321575 0
    outer loop
      vertex 40.7387 47.5341 2.4
      vertex 40.663 47.3112 2.3
      vertex 40.663 47.3112 2.4
    endloop
  endfacet
  facet normal -0.980825 0.194891 0
    outer loop
      vertex 40.7387 47.5341 2.3
      vertex 40.7846 47.7651 2.4
      vertex 40.7846 47.7651 2.3
    endloop
  endfacet
  facet normal -0.980825 0.194891 0
    outer loop
      vertex 40.7846 47.7651 2.4
      vertex 40.7387 47.5341 2.3
      vertex 40.7387 47.5341 2.4
    endloop
  endfacet
  facet normal -0.555484 -0.831527 0
    outer loop
      vertex 39.9 49.5588 2.3
      vertex 40.0958 49.428 2.4
      vertex 39.9 49.5588 2.4
    endloop
  endfacet
  facet normal -0.555484 -0.831527 -0
    outer loop
      vertex 40.0958 49.428 2.4
      vertex 39.9 49.5588 2.3
      vertex 40.0958 49.428 2.3
    endloop
  endfacet
  facet normal -0.194891 0.980825 0
    outer loop
      vertex 39.4659 46.2613 2.3
      vertex 39.2349 46.2154 2.4
      vertex 39.4659 46.2613 2.4
    endloop
  endfacet
  facet normal -0.194891 0.980825 0
    outer loop
      vertex 39.2349 46.2154 2.4
      vertex 39.4659 46.2613 2.3
      vertex 39.2349 46.2154 2.3
    endloop
  endfacet
  facet normal -0.896792 0.442452 0
    outer loop
      vertex 40.5588 47.1 2.3
      vertex 40.663 47.3112 2.4
      vertex 40.663 47.3112 2.3
    endloop
  endfacet
  facet normal -0.896792 0.442452 0
    outer loop
      vertex 40.663 47.3112 2.4
      vertex 40.5588 47.1 2.3
      vertex 40.5588 47.1 2.4
    endloop
  endfacet
  facet normal -0.442452 0.896792 0
    outer loop
      vertex 39.9 46.4412 2.3
      vertex 39.6888 46.337 2.4
      vertex 39.9 46.4412 2.4
    endloop
  endfacet
  facet normal -0.442452 0.896792 0
    outer loop
      vertex 39.6888 46.337 2.4
      vertex 39.9 46.4412 2.3
      vertex 39.6888 46.337 2.3
    endloop
  endfacet
  facet normal 0.831527 -0.555484 0
    outer loop
      vertex 37.4412 48.9 2.4
      vertex 37.572 49.0958 2.3
      vertex 37.572 49.0958 2.4
    endloop
  endfacet
  facet normal 0.831527 -0.555484 0
    outer loop
      vertex 37.572 49.0958 2.3
      vertex 37.4412 48.9 2.4
      vertex 37.4412 48.9 2.3
    endloop
  endfacet
  facet normal -0.896792 -0.442452 0
    outer loop
      vertex 40.663 48.6888 2.3
      vertex 40.5588 48.9 2.4
      vertex 40.5588 48.9 2.3
    endloop
  endfacet
  facet normal -0.896792 -0.442452 0
    outer loop
      vertex 40.5588 48.9 2.4
      vertex 40.663 48.6888 2.3
      vertex 40.663 48.6888 2.4
    endloop
  endfacet
  facet normal 0.751892 -0.659286 0
    outer loop
      vertex 37.572 49.0958 2.4
      vertex 37.7272 49.2728 2.3
      vertex 37.7272 49.2728 2.4
    endloop
  endfacet
  facet normal 0.751892 -0.659286 0
    outer loop
      vertex 37.7272 49.2728 2.3
      vertex 37.572 49.0958 2.4
      vertex 37.572 49.0958 2.3
    endloop
  endfacet
  facet normal -0.194891 -0.980825 0
    outer loop
      vertex 39.2349 49.7846 2.3
      vertex 39.4659 49.7387 2.4
      vertex 39.2349 49.7846 2.4
    endloop
  endfacet
  facet normal -0.194891 -0.980825 -0
    outer loop
      vertex 39.4659 49.7387 2.4
      vertex 39.2349 49.7846 2.3
      vertex 39.4659 49.7387 2.3
    endloop
  endfacet
  facet normal -0.831527 0.555484 0
    outer loop
      vertex 40.428 46.9042 2.3
      vertex 40.5588 47.1 2.4
      vertex 40.5588 47.1 2.3
    endloop
  endfacet
  facet normal -0.831527 0.555484 0
    outer loop
      vertex 40.5588 47.1 2.4
      vertex 40.428 46.9042 2.3
      vertex 40.428 46.9042 2.4
    endloop
  endfacet
  facet normal -0.0654194 0.997858 0
    outer loop
      vertex 39.2349 46.2154 2.3
      vertex 39 46.2 2.4
      vertex 39.2349 46.2154 2.4
    endloop
  endfacet
  facet normal -0.0654194 0.997858 0
    outer loop
      vertex 39 46.2 2.4
      vertex 39.2349 46.2154 2.3
      vertex 39 46.2 2.3
    endloop
  endfacet
  facet normal 0.659286 0.751892 -0
    outer loop
      vertex 37.9042 46.572 2.3
      vertex 37.7272 46.7272 2.4
      vertex 37.9042 46.572 2.4
    endloop
  endfacet
  facet normal 0.659286 0.751892 0
    outer loop
      vertex 37.7272 46.7272 2.4
      vertex 37.9042 46.572 2.3
      vertex 37.7272 46.7272 2.3
    endloop
  endfacet
  facet normal 0.997858 -0.0654194 0
    outer loop
      vertex 37.2 48 2.4
      vertex 37.2154 48.2349 2.3
      vertex 37.2154 48.2349 2.4
    endloop
  endfacet
  facet normal 0.997858 -0.0654194 0
    outer loop
      vertex 37.2154 48.2349 2.3
      vertex 37.2 48 2.4
      vertex 37.2 48 2.3
    endloop
  endfacet
  facet normal -0.442452 -0.896792 0
    outer loop
      vertex 39.6888 49.663 2.3
      vertex 39.9 49.5588 2.4
      vertex 39.6888 49.663 2.4
    endloop
  endfacet
  facet normal -0.442452 -0.896792 -0
    outer loop
      vertex 39.9 49.5588 2.4
      vertex 39.6888 49.663 2.3
      vertex 39.9 49.5588 2.3
    endloop
  endfacet
  facet normal 0.896792 -0.442452 0
    outer loop
      vertex 37.337 48.6888 2.4
      vertex 37.4412 48.9 2.3
      vertex 37.4412 48.9 2.4
    endloop
  endfacet
  facet normal 0.896792 -0.442452 0
    outer loop
      vertex 37.4412 48.9 2.3
      vertex 37.337 48.6888 2.4
      vertex 37.337 48.6888 2.3
    endloop
  endfacet
  facet normal 0.946884 0.321575 0
    outer loop
      vertex 37.337 47.3112 2.4
      vertex 37.2613 47.5341 2.3
      vertex 37.2613 47.5341 2.4
    endloop
  endfacet
  facet normal 0.946884 0.321575 0
    outer loop
      vertex 37.2613 47.5341 2.3
      vertex 37.337 47.3112 2.4
      vertex 37.337 47.3112 2.3
    endloop
  endfacet
  facet normal -0.831527 -0.555484 0
    outer loop
      vertex 40.5588 48.9 2.3
      vertex 40.428 49.0958 2.4
      vertex 40.428 49.0958 2.3
    endloop
  endfacet
  facet normal -0.831527 -0.555484 0
    outer loop
      vertex 40.428 49.0958 2.4
      vertex 40.5588 48.9 2.3
      vertex 40.5588 48.9 2.4
    endloop
  endfacet
  facet normal 0.0654194 0.997858 -0
    outer loop
      vertex 39 46.2 2.3
      vertex 38.7651 46.2154 2.4
      vertex 39 46.2 2.4
    endloop
  endfacet
  facet normal 0.0654194 0.997858 0
    outer loop
      vertex 38.7651 46.2154 2.4
      vertex 39 46.2 2.3
      vertex 38.7651 46.2154 2.3
    endloop
  endfacet
  facet normal -0.751892 -0.659286 0
    outer loop
      vertex 40.428 49.0958 2.3
      vertex 40.2728 49.2728 2.4
      vertex 40.2728 49.2728 2.3
    endloop
  endfacet
  facet normal -0.751892 -0.659286 0
    outer loop
      vertex 40.2728 49.2728 2.4
      vertex 40.428 49.0958 2.3
      vertex 40.428 49.0958 2.4
    endloop
  endfacet
  facet normal -0.997858 0.0654194 0
    outer loop
      vertex 40.7846 47.7651 2.3
      vertex 40.8 48 2.4
      vertex 40.8 48 2.3
    endloop
  endfacet
  facet normal -0.997858 0.0654194 0
    outer loop
      vertex 40.8 48 2.4
      vertex 40.7846 47.7651 2.3
      vertex 40.7846 47.7651 2.4
    endloop
  endfacet
  facet normal -0.659286 -0.751892 0
    outer loop
      vertex 40.0958 49.428 2.3
      vertex 40.2728 49.2728 2.4
      vertex 40.0958 49.428 2.4
    endloop
  endfacet
  facet normal -0.659286 -0.751892 -0
    outer loop
      vertex 40.2728 49.2728 2.4
      vertex 40.0958 49.428 2.3
      vertex 40.2728 49.2728 2.3
    endloop
  endfacet
  facet normal 0.442452 0.896792 -0
    outer loop
      vertex 38.3112 46.337 2.3
      vertex 38.1 46.4412 2.4
      vertex 38.3112 46.337 2.4
    endloop
  endfacet
  facet normal 0.442452 0.896792 0
    outer loop
      vertex 38.1 46.4412 2.4
      vertex 38.3112 46.337 2.3
      vertex 38.1 46.4412 2.3
    endloop
  endfacet
  facet normal -0.321575 -0.946884 0
    outer loop
      vertex 39.4659 49.7387 2.3
      vertex 39.6888 49.663 2.4
      vertex 39.4659 49.7387 2.4
    endloop
  endfacet
  facet normal -0.321575 -0.946884 -0
    outer loop
      vertex 39.6888 49.663 2.4
      vertex 39.4659 49.7387 2.3
      vertex 39.6888 49.663 2.3
    endloop
  endfacet
  facet normal -0.555484 0.831527 0
    outer loop
      vertex 40.0958 46.572 2.3
      vertex 39.9 46.4412 2.4
      vertex 40.0958 46.572 2.4
    endloop
  endfacet
  facet normal -0.555484 0.831527 0
    outer loop
      vertex 39.9 46.4412 2.4
      vertex 40.0958 46.572 2.3
      vertex 39.9 46.4412 2.3
    endloop
  endfacet
  facet normal 0.442452 -0.896792 0
    outer loop
      vertex 38.1 49.5588 2.3
      vertex 38.3112 49.663 2.4
      vertex 38.1 49.5588 2.4
    endloop
  endfacet
  facet normal 0.442452 -0.896792 0
    outer loop
      vertex 38.3112 49.663 2.4
      vertex 38.1 49.5588 2.3
      vertex 38.3112 49.663 2.3
    endloop
  endfacet
  facet normal 0.321575 0.946884 -0
    outer loop
      vertex 38.5341 46.2613 2.3
      vertex 38.3112 46.337 2.4
      vertex 38.5341 46.2613 2.4
    endloop
  endfacet
  facet normal 0.321575 0.946884 0
    outer loop
      vertex 38.3112 46.337 2.4
      vertex 38.5341 46.2613 2.3
      vertex 38.3112 46.337 2.3
    endloop
  endfacet
  facet normal 0.555484 0.831527 -0
    outer loop
      vertex 38.1 46.4412 2.3
      vertex 37.9042 46.572 2.4
      vertex 38.1 46.4412 2.4
    endloop
  endfacet
  facet normal 0.555484 0.831527 0
    outer loop
      vertex 37.9042 46.572 2.4
      vertex 38.1 46.4412 2.3
      vertex 37.9042 46.572 2.3
    endloop
  endfacet
  facet normal 0.997858 0.0654194 0
    outer loop
      vertex 37.2154 47.7651 2.4
      vertex 37.2 48 2.3
      vertex 37.2 48 2.4
    endloop
  endfacet
  facet normal 0.997858 0.0654194 0
    outer loop
      vertex 37.2 48 2.3
      vertex 37.2154 47.7651 2.4
      vertex 37.2154 47.7651 2.3
    endloop
  endfacet
  facet normal 0.896792 0.442452 0
    outer loop
      vertex 37.4412 47.1 2.4
      vertex 37.337 47.3112 2.3
      vertex 37.337 47.3112 2.4
    endloop
  endfacet
  facet normal 0.896792 0.442452 0
    outer loop
      vertex 37.337 47.3112 2.3
      vertex 37.4412 47.1 2.4
      vertex 37.4412 47.1 2.3
    endloop
  endfacet
  facet normal -0.321575 0.946884 0
    outer loop
      vertex 39.6888 46.337 2.3
      vertex 39.4659 46.2613 2.4
      vertex 39.6888 46.337 2.4
    endloop
  endfacet
  facet normal -0.321575 0.946884 0
    outer loop
      vertex 39.4659 46.2613 2.4
      vertex 39.6888 46.337 2.3
      vertex 39.4659 46.2613 2.3
    endloop
  endfacet
  facet normal -0.751892 0.659286 0
    outer loop
      vertex 40.2728 46.7272 2.3
      vertex 40.428 46.9042 2.4
      vertex 40.428 46.9042 2.3
    endloop
  endfacet
  facet normal -0.751892 0.659286 0
    outer loop
      vertex 40.428 46.9042 2.4
      vertex 40.2728 46.7272 2.3
      vertex 40.2728 46.7272 2.4
    endloop
  endfacet
  facet normal 0.659286 -0.751892 0
    outer loop
      vertex 37.7272 49.2728 2.3
      vertex 37.9042 49.428 2.4
      vertex 37.7272 49.2728 2.4
    endloop
  endfacet
  facet normal 0.659286 -0.751892 0
    outer loop
      vertex 37.9042 49.428 2.4
      vertex 37.7272 49.2728 2.3
      vertex 37.9042 49.428 2.3
    endloop
  endfacet
  facet normal 0.555484 -0.831527 0
    outer loop
      vertex 37.9042 49.428 2.3
      vertex 38.1 49.5588 2.4
      vertex 37.9042 49.428 2.4
    endloop
  endfacet
  facet normal 0.555484 -0.831527 0
    outer loop
      vertex 38.1 49.5588 2.4
      vertex 37.9042 49.428 2.3
      vertex 38.1 49.5588 2.3
    endloop
  endfacet
  facet normal 0.751892 0.659286 0
    outer loop
      vertex 37.7272 46.7272 2.4
      vertex 37.572 46.9042 2.3
      vertex 37.572 46.9042 2.4
    endloop
  endfacet
  facet normal 0.751892 0.659286 0
    outer loop
      vertex 37.572 46.9042 2.3
      vertex 37.7272 46.7272 2.4
      vertex 37.7272 46.7272 2.3
    endloop
  endfacet
  facet normal 0.980825 -0.194891 0
    outer loop
      vertex 37.2154 48.2349 2.4
      vertex 37.2613 48.4659 2.3
      vertex 37.2613 48.4659 2.4
    endloop
  endfacet
  facet normal 0.980825 -0.194891 0
    outer loop
      vertex 37.2613 48.4659 2.3
      vertex 37.2154 48.2349 2.4
      vertex 37.2154 48.2349 2.3
    endloop
  endfacet
  facet normal 0.321575 -0.946884 0
    outer loop
      vertex 38.3112 49.663 2.3
      vertex 38.5341 49.7387 2.4
      vertex 38.3112 49.663 2.4
    endloop
  endfacet
  facet normal 0.321575 -0.946884 0
    outer loop
      vertex 38.5341 49.7387 2.4
      vertex 38.3112 49.663 2.3
      vertex 38.5341 49.7387 2.3
    endloop
  endfacet
  facet normal 0.980825 0.194891 0
    outer loop
      vertex 37.2613 47.5341 2.4
      vertex 37.2154 47.7651 2.3
      vertex 37.2154 47.7651 2.4
    endloop
  endfacet
  facet normal 0.980825 0.194891 0
    outer loop
      vertex 37.2154 47.7651 2.3
      vertex 37.2613 47.5341 2.4
      vertex 37.2613 47.5341 2.3
    endloop
  endfacet
  facet normal -0.0654194 -0.997858 0
    outer loop
      vertex 39 49.8 2.3
      vertex 39.2349 49.7846 2.4
      vertex 39 49.8 2.4
    endloop
  endfacet
  facet normal -0.0654194 -0.997858 -0
    outer loop
      vertex 39.2349 49.7846 2.4
      vertex 39 49.8 2.3
      vertex 39.2349 49.7846 2.3
    endloop
  endfacet
  facet normal 0.194891 -0.980825 0
    outer loop
      vertex 38.5341 49.7387 2.3
      vertex 38.7651 49.7846 2.4
      vertex 38.5341 49.7387 2.4
    endloop
  endfacet
  facet normal 0.194891 -0.980825 0
    outer loop
      vertex 38.7651 49.7846 2.4
      vertex 38.5341 49.7387 2.3
      vertex 38.7651 49.7846 2.3
    endloop
  endfacet
  facet normal -0.659286 0.751892 0
    outer loop
      vertex 40.2728 46.7272 2.3
      vertex 40.0958 46.572 2.4
      vertex 40.2728 46.7272 2.4
    endloop
  endfacet
  facet normal -0.659286 0.751892 0
    outer loop
      vertex 40.0958 46.572 2.4
      vertex 40.2728 46.7272 2.3
      vertex 40.0958 46.572 2.3
    endloop
  endfacet
  facet normal 0.194891 0.980825 -0
    outer loop
      vertex 38.7651 46.2154 2.3
      vertex 38.5341 46.2613 2.4
      vertex 38.7651 46.2154 2.4
    endloop
  endfacet
  facet normal 0.194891 0.980825 0
    outer loop
      vertex 38.5341 46.2613 2.4
      vertex 38.7651 46.2154 2.3
      vertex 38.5341 46.2613 2.3
    endloop
  endfacet
  facet normal 0.0654194 -0.997858 0
    outer loop
      vertex 38.7651 49.7846 2.3
      vertex 39 49.8 2.4
      vertex 38.7651 49.7846 2.4
    endloop
  endfacet
  facet normal 0.0654194 -0.997858 0
    outer loop
      vertex 39 49.8 2.4
      vertex 38.7651 49.7846 2.3
      vertex 39 49.8 2.3
    endloop
  endfacet
  facet normal 0.831527 0.555484 0
    outer loop
      vertex 37.572 46.9042 2.4
      vertex 37.4412 47.1 2.3
      vertex 37.4412 47.1 2.4
    endloop
  endfacet
  facet normal 0.831527 0.555484 0
    outer loop
      vertex 37.4412 47.1 2.3
      vertex 37.572 46.9042 2.4
      vertex 37.572 46.9042 2.3
    endloop
  endfacet
  facet normal 0 0 1
    outer loop
      vertex 40.7846 48.2349 2.3
      vertex 40.7846 47.7651 2.3
      vertex 40.8 48 2.3
    endloop
  endfacet
  facet normal 0 0 1
    outer loop
      vertex 40.7387 48.4659 2.3
      vertex 40.7846 47.7651 2.3
      vertex 40.7846 48.2349 2.3
    endloop
  endfacet
  facet normal 0 0 1
    outer loop
      vertex 40.7387 48.4659 2.3
      vertex 40.7387 47.5341 2.3
      vertex 40.7846 47.7651 2.3
    endloop
  endfacet
  facet normal 0 0 1
    outer loop
      vertex 40.663 48.6888 2.3
      vertex 40.7387 47.5341 2.3
      vertex 40.7387 48.4659 2.3
    endloop
  endfacet
  facet normal 0 0 1
    outer loop
      vertex 40.663 48.6888 2.3
      vertex 40.663 47.3112 2.3
      vertex 40.7387 47.5341 2.3
    endloop
  endfacet
  facet normal 0 0 1
    outer loop
      vertex 40.5588 48.9 2.3
      vertex 40.663 47.3112 2.3
      vertex 40.663 48.6888 2.3
    endloop
  endfacet
  facet normal 0 0 1
    outer loop
      vertex 40.5588 48.9 2.3
      vertex 40.5588 47.1 2.3
      vertex 40.663 47.3112 2.3
    endloop
  endfacet
  facet normal 0 0 1
    outer loop
      vertex 40.428 49.0958 2.3
      vertex 40.5588 47.1 2.3
      vertex 40.5588 48.9 2.3
    endloop
  endfacet
  facet normal 0 0 1
    outer loop
      vertex 40.428 49.0958 2.3
      vertex 40.428 46.9042 2.3
      vertex 40.5588 47.1 2.3
    endloop
  endfacet
  facet normal 0 0 1
    outer loop
      vertex 40.2728 49.2728 2.3
      vertex 40.428 46.9042 2.3
      vertex 40.428 49.0958 2.3
    endloop
  endfacet
  facet normal 0 0 1
    outer loop
      vertex 40.2728 49.2728 2.3
      vertex 40.2728 46.7272 2.3
      vertex 40.428 46.9042 2.3
    endloop
  endfacet
  facet normal 0 0 1
    outer loop
      vertex 40.0958 49.428 2.3
      vertex 40.2728 46.7272 2.3
      vertex 40.2728 49.2728 2.3
    endloop
  endfacet
  facet normal 0 0 1
    outer loop
      vertex 40.0958 49.428 2.3
      vertex 40.0958 46.572 2.3
      vertex 40.2728 46.7272 2.3
    endloop
  endfacet
  facet normal 0 0 1
    outer loop
      vertex 39.9 49.5588 2.3
      vertex 40.0958 46.572 2.3
      vertex 40.0958 49.428 2.3
    endloop
  endfacet
  facet normal 0 0 1
    outer loop
      vertex 39.9 49.5588 2.3
      vertex 39.9 46.4412 2.3
      vertex 40.0958 46.572 2.3
    endloop
  endfacet
  facet normal 0 0 1
    outer loop
      vertex 39.6888 49.663 2.3
      vertex 39.9 46.4412 2.3
      vertex 39.9 49.5588 2.3
    endloop
  endfacet
  facet normal 0 0 1
    outer loop
      vertex 39.6888 49.663 2.3
      vertex 39.6888 46.337 2.3
      vertex 39.9 46.4412 2.3
    endloop
  endfacet
  facet normal 0 0 1
    outer loop
      vertex 39.4659 49.7387 2.3
      vertex 39.6888 46.337 2.3
      vertex 39.6888 49.663 2.3
    endloop
  endfacet
  facet normal 0 0 1
    outer loop
      vertex 39.4659 49.7387 2.3
      vertex 39.4659 46.2613 2.3
      vertex 39.6888 46.337 2.3
    endloop
  endfacet
  facet normal 0 0 1
    outer loop
      vertex 39.2349 49.7846 2.3
      vertex 39.4659 46.2613 2.3
      vertex 39.4659 49.7387 2.3
    endloop
  endfacet
  facet normal 0 0 1
    outer loop
      vertex 39.2349 49.7846 2.3
      vertex 39.2349 46.2154 2.3
      vertex 39.4659 46.2613 2.3
    endloop
  endfacet
  facet normal 0 0 1
    outer loop
      vertex 39 49.8 2.3
      vertex 39.2349 46.2154 2.3
      vertex 39.2349 49.7846 2.3
    endloop
  endfacet
  facet normal 0 0 1
    outer loop
      vertex 39 49.8 2.3
      vertex 39 46.2 2.3
      vertex 39.2349 46.2154 2.3
    endloop
  endfacet
  facet normal -0 0 1
    outer loop
      vertex 38.7651 49.7846 2.3
      vertex 39 46.2 2.3
      vertex 39 49.8 2.3
    endloop
  endfacet
  facet normal 0 0 1
    outer loop
      vertex 38.7651 49.7846 2.3
      vertex 38.7651 46.2154 2.3
      vertex 39 46.2 2.3
    endloop
  endfacet
  facet normal -0 0 1
    outer loop
      vertex 38.5341 49.7387 2.3
      vertex 38.7651 46.2154 2.3
      vertex 38.7651 49.7846 2.3
    endloop
  endfacet
  facet normal 0 0 1
    outer loop
      vertex 38.5341 49.7387 2.3
      vertex 38.5341 46.2613 2.3
      vertex 38.7651 46.2154 2.3
    endloop
  endfacet
  facet normal -0 0 1
    outer loop
      vertex 38.3112 49.663 2.3
      vertex 38.5341 46.2613 2.3
      vertex 38.5341 49.7387 2.3
    endloop
  endfacet
  facet normal 0 0 1
    outer loop
      vertex 38.3112 49.663 2.3
      vertex 38.3112 46.337 2.3
      vertex 38.5341 46.2613 2.3
    endloop
  endfacet
  facet normal -0 0 1
    outer loop
      vertex 38.1 49.5588 2.3
      vertex 38.3112 46.337 2.3
      vertex 38.3112 49.663 2.3
    endloop
  endfacet
  facet normal 0 0 1
    outer loop
      vertex 38.1 49.5588 2.3
      vertex 38.1 46.4412 2.3
      vertex 38.3112 46.337 2.3
    endloop
  endfacet
  facet normal -0 0 1
    outer loop
      vertex 37.9042 49.428 2.3
      vertex 38.1 46.4412 2.3
      vertex 38.1 49.5588 2.3
    endloop
  endfacet
  facet normal 0 0 1
    outer loop
      vertex 37.9042 49.428 2.3
      vertex 37.9042 46.572 2.3
      vertex 38.1 46.4412 2.3
    endloop
  endfacet
  facet normal -0 0 1
    outer loop
      vertex 37.7272 49.2728 2.3
      vertex 37.9042 46.572 2.3
      vertex 37.9042 49.428 2.3
    endloop
  endfacet
  facet normal 0 0 1
    outer loop
      vertex 37.7272 49.2728 2.3
      vertex 37.7272 46.7272 2.3
      vertex 37.9042 46.572 2.3
    endloop
  endfacet
  facet normal -0 0 1
    outer loop
      vertex 37.572 49.0958 2.3
      vertex 37.7272 46.7272 2.3
      vertex 37.7272 49.2728 2.3
    endloop
  endfacet
  facet normal 0 0 1
    outer loop
      vertex 37.572 49.0958 2.3
      vertex 37.572 46.9042 2.3
      vertex 37.7272 46.7272 2.3
    endloop
  endfacet
  facet normal -0 0 1
    outer loop
      vertex 37.4412 48.9 2.3
      vertex 37.572 46.9042 2.3
      vertex 37.572 49.0958 2.3
    endloop
  endfacet
  facet normal 0 0 1
    outer loop
      vertex 37.4412 48.9 2.3
      vertex 37.4412 47.1 2.3
      vertex 37.572 46.9042 2.3
    endloop
  endfacet
  facet normal -0 0 1
    outer loop
      vertex 37.337 48.6888 2.3
      vertex 37.4412 47.1 2.3
      vertex 37.4412 48.9 2.3
    endloop
  endfacet
  facet normal 0 0 1
    outer loop
      vertex 37.337 48.6888 2.3
      vertex 37.337 47.3112 2.3
      vertex 37.4412 47.1 2.3
    endloop
  endfacet
  facet normal -0 0 1
    outer loop
      vertex 37.2613 48.4659 2.3
      vertex 37.337 47.3112 2.3
      vertex 37.337 48.6888 2.3
    endloop
  endfacet
  facet normal 0 0 1
    outer loop
      vertex 37.2613 48.4659 2.3
      vertex 37.2613 47.5341 2.3
      vertex 37.337 47.3112 2.3
    endloop
  endfacet
  facet normal -0 0 1
    outer loop
      vertex 37.2154 48.2349 2.3
      vertex 37.2613 47.5341 2.3
      vertex 37.2613 48.4659 2.3
    endloop
  endfacet
  facet normal 0 0 1
    outer loop
      vertex 37.2154 48.2349 2.3
      vertex 37.2154 47.7651 2.3
      vertex 37.2613 47.5341 2.3
    endloop
  endfacet
  facet normal 0 -0 1
    outer loop
      vertex 37.2154 47.7651 2.3
      vertex 37.2154 48.2349 2.3
      vertex 37.2 48 2.3
    endloop
  endfacet
  facet normal 0.946884 -0.321575 0
    outer loop
      vertex 37.2613 48.4659 2.4
      vertex 37.337 48.6888 2.3
      vertex 37.337 48.6888 2.4
    endloop
  endfacet
  facet normal 0.946884 -0.321575 0
    outer loop
      vertex 37.337 48.6888 2.3
      vertex 37.2613 48.4659 2.4
      vertex 37.2613 48.4659 2.3
    endloop
  endfacet
  facet normal 0.896792 0.442452 0
    outer loop
      vertex 71.4412 21.1 2.4
      vertex 71.337 21.3112 2.3
      vertex 71.337 21.3112 2.4
    endloop
  endfacet
  facet normal 0.896792 0.442452 0
    outer loop
      vertex 71.337 21.3112 2.3
      vertex 71.4412 21.1 2.4
      vertex 71.4412 21.1 2.3
    endloop
  endfacet
  facet normal -0.980825 -0.194891 0
    outer loop
      vertex 74.7846 22.2349 2.3
      vertex 74.7387 22.4659 2.4
      vertex 74.7387 22.4659 2.3
    endloop
  endfacet
  facet normal -0.980825 -0.194891 0
    outer loop
      vertex 74.7387 22.4659 2.4
      vertex 74.7846 22.2349 2.3
      vertex 74.7846 22.2349 2.4
    endloop
  endfacet
  facet normal -0.997858 -0.0654194 0
    outer loop
      vertex 74.8 22 2.3
      vertex 74.7846 22.2349 2.4
      vertex 74.7846 22.2349 2.3
    endloop
  endfacet
  facet normal -0.997858 -0.0654194 0
    outer loop
      vertex 74.7846 22.2349 2.4
      vertex 74.8 22 2.3
      vertex 74.8 22 2.4
    endloop
  endfacet
  facet normal -0.946884 -0.321575 0
    outer loop
      vertex 74.7387 22.4659 2.3
      vertex 74.663 22.6888 2.4
      vertex 74.663 22.6888 2.3
    endloop
  endfacet
  facet normal -0.946884 -0.321575 0
    outer loop
      vertex 74.663 22.6888 2.4
      vertex 74.7387 22.4659 2.3
      vertex 74.7387 22.4659 2.4
    endloop
  endfacet
  facet normal 0.896792 -0.442452 0
    outer loop
      vertex 71.337 22.6888 2.4
      vertex 71.4412 22.9 2.3
      vertex 71.4412 22.9 2.4
    endloop
  endfacet
  facet normal 0.896792 -0.442452 0
    outer loop
      vertex 71.4412 22.9 2.3
      vertex 71.337 22.6888 2.4
      vertex 71.337 22.6888 2.3
    endloop
  endfacet
  facet normal -0.659286 0.751892 0
    outer loop
      vertex 74.2728 20.7272 2.3
      vertex 74.0958 20.572 2.4
      vertex 74.2728 20.7272 2.4
    endloop
  endfacet
  facet normal -0.659286 0.751892 0
    outer loop
      vertex 74.0958 20.572 2.4
      vertex 74.2728 20.7272 2.3
      vertex 74.0958 20.572 2.3
    endloop
  endfacet
  facet normal 0.751892 0.659286 0
    outer loop
      vertex 71.7272 20.7272 2.4
      vertex 71.572 20.9042 2.3
      vertex 71.572 20.9042 2.4
    endloop
  endfacet
  facet normal 0.751892 0.659286 0
    outer loop
      vertex 71.572 20.9042 2.3
      vertex 71.7272 20.7272 2.4
      vertex 71.7272 20.7272 2.3
    endloop
  endfacet
  facet normal -0.321575 -0.946884 0
    outer loop
      vertex 73.4659 23.7387 2.3
      vertex 73.6888 23.663 2.4
      vertex 73.4659 23.7387 2.4
    endloop
  endfacet
  facet normal -0.321575 -0.946884 -0
    outer loop
      vertex 73.6888 23.663 2.4
      vertex 73.4659 23.7387 2.3
      vertex 73.6888 23.663 2.3
    endloop
  endfacet
  facet normal -0.997858 0.0654194 0
    outer loop
      vertex 74.7846 21.7651 2.3
      vertex 74.8 22 2.4
      vertex 74.8 22 2.3
    endloop
  endfacet
  facet normal -0.997858 0.0654194 0
    outer loop
      vertex 74.8 22 2.4
      vertex 74.7846 21.7651 2.3
      vertex 74.7846 21.7651 2.4
    endloop
  endfacet
  facet normal -0.321575 0.946884 0
    outer loop
      vertex 73.6888 20.337 2.3
      vertex 73.4659 20.2613 2.4
      vertex 73.6888 20.337 2.4
    endloop
  endfacet
  facet normal -0.321575 0.946884 0
    outer loop
      vertex 73.4659 20.2613 2.4
      vertex 73.6888 20.337 2.3
      vertex 73.4659 20.2613 2.3
    endloop
  endfacet
  facet normal -0.555484 0.831527 0
    outer loop
      vertex 74.0958 20.572 2.3
      vertex 73.9 20.4412 2.4
      vertex 74.0958 20.572 2.4
    endloop
  endfacet
  facet normal -0.555484 0.831527 0
    outer loop
      vertex 73.9 20.4412 2.4
      vertex 74.0958 20.572 2.3
      vertex 73.9 20.4412 2.3
    endloop
  endfacet
  facet normal -0.896792 -0.442452 0
    outer loop
      vertex 74.663 22.6888 2.3
      vertex 74.5588 22.9 2.4
      vertex 74.5588 22.9 2.3
    endloop
  endfacet
  facet normal -0.896792 -0.442452 0
    outer loop
      vertex 74.5588 22.9 2.4
      vertex 74.663 22.6888 2.3
      vertex 74.663 22.6888 2.4
    endloop
  endfacet
  facet normal -0.831527 0.555484 0
    outer loop
      vertex 74.428 20.9042 2.3
      vertex 74.5588 21.1 2.4
      vertex 74.5588 21.1 2.3
    endloop
  endfacet
  facet normal -0.831527 0.555484 0
    outer loop
      vertex 74.5588 21.1 2.4
      vertex 74.428 20.9042 2.3
      vertex 74.428 20.9042 2.4
    endloop
  endfacet
  facet normal -0.442452 -0.896792 0
    outer loop
      vertex 73.6888 23.663 2.3
      vertex 73.9 23.5588 2.4
      vertex 73.6888 23.663 2.4
    endloop
  endfacet
  facet normal -0.442452 -0.896792 -0
    outer loop
      vertex 73.9 23.5588 2.4
      vertex 73.6888 23.663 2.3
      vertex 73.9 23.5588 2.3
    endloop
  endfacet
  facet normal -0.980825 0.194891 0
    outer loop
      vertex 74.7387 21.5341 2.3
      vertex 74.7846 21.7651 2.4
      vertex 74.7846 21.7651 2.3
    endloop
  endfacet
  facet normal -0.980825 0.194891 0
    outer loop
      vertex 74.7846 21.7651 2.4
      vertex 74.7387 21.5341 2.3
      vertex 74.7387 21.5341 2.4
    endloop
  endfacet
  facet normal -0.751892 0.659286 0
    outer loop
      vertex 74.2728 20.7272 2.3
      vertex 74.428 20.9042 2.4
      vertex 74.428 20.9042 2.3
    endloop
  endfacet
  facet normal -0.751892 0.659286 0
    outer loop
      vertex 74.428 20.9042 2.4
      vertex 74.2728 20.7272 2.3
      vertex 74.2728 20.7272 2.4
    endloop
  endfacet
  facet normal 0.194891 -0.980825 0
    outer loop
      vertex 72.5341 23.7387 2.3
      vertex 72.7651 23.7846 2.4
      vertex 72.5341 23.7387 2.4
    endloop
  endfacet
  facet normal 0.194891 -0.980825 0
    outer loop
      vertex 72.7651 23.7846 2.4
      vertex 72.5341 23.7387 2.3
      vertex 72.7651 23.7846 2.3
    endloop
  endfacet
  facet normal 0.659286 -0.751892 0
    outer loop
      vertex 71.7272 23.2728 2.3
      vertex 71.9042 23.428 2.4
      vertex 71.7272 23.2728 2.4
    endloop
  endfacet
  facet normal 0.659286 -0.751892 0
    outer loop
      vertex 71.9042 23.428 2.4
      vertex 71.7272 23.2728 2.3
      vertex 71.9042 23.428 2.3
    endloop
  endfacet
  facet normal 0.442452 -0.896792 0
    outer loop
      vertex 72.1 23.5588 2.3
      vertex 72.3112 23.663 2.4
      vertex 72.1 23.5588 2.4
    endloop
  endfacet
  facet normal 0.442452 -0.896792 0
    outer loop
      vertex 72.3112 23.663 2.4
      vertex 72.1 23.5588 2.3
      vertex 72.3112 23.663 2.3
    endloop
  endfacet
  facet normal 0.831527 -0.555484 0
    outer loop
      vertex 71.4412 22.9 2.4
      vertex 71.572 23.0958 2.3
      vertex 71.572 23.0958 2.4
    endloop
  endfacet
  facet normal 0.831527 -0.555484 0
    outer loop
      vertex 71.572 23.0958 2.3
      vertex 71.4412 22.9 2.4
      vertex 71.4412 22.9 2.3
    endloop
  endfacet
  facet normal -0.831527 -0.555484 0
    outer loop
      vertex 74.5588 22.9 2.3
      vertex 74.428 23.0958 2.4
      vertex 74.428 23.0958 2.3
    endloop
  endfacet
  facet normal -0.831527 -0.555484 0
    outer loop
      vertex 74.428 23.0958 2.4
      vertex 74.5588 22.9 2.3
      vertex 74.5588 22.9 2.4
    endloop
  endfacet
  facet normal -0.194891 0.980825 0
    outer loop
      vertex 73.4659 20.2613 2.3
      vertex 73.2349 20.2154 2.4
      vertex 73.4659 20.2613 2.4
    endloop
  endfacet
  facet normal -0.194891 0.980825 0
    outer loop
      vertex 73.2349 20.2154 2.4
      vertex 73.4659 20.2613 2.3
      vertex 73.2349 20.2154 2.3
    endloop
  endfacet
  facet normal 0.194891 0.980825 -0
    outer loop
      vertex 72.7651 20.2154 2.3
      vertex 72.5341 20.2613 2.4
      vertex 72.7651 20.2154 2.4
    endloop
  endfacet
  facet normal 0.194891 0.980825 0
    outer loop
      vertex 72.5341 20.2613 2.4
      vertex 72.7651 20.2154 2.3
      vertex 72.5341 20.2613 2.3
    endloop
  endfacet
  facet normal 0.946884 -0.321575 0
    outer loop
      vertex 71.2613 22.4659 2.4
      vertex 71.337 22.6888 2.3
      vertex 71.337 22.6888 2.4
    endloop
  endfacet
  facet normal 0.946884 -0.321575 0
    outer loop
      vertex 71.337 22.6888 2.3
      vertex 71.2613 22.4659 2.4
      vertex 71.2613 22.4659 2.3
    endloop
  endfacet
  facet normal -0.659286 -0.751892 0
    outer loop
      vertex 74.0958 23.428 2.3
      vertex 74.2728 23.2728 2.4
      vertex 74.0958 23.428 2.4
    endloop
  endfacet
  facet normal -0.659286 -0.751892 -0
    outer loop
      vertex 74.2728 23.2728 2.4
      vertex 74.0958 23.428 2.3
      vertex 74.2728 23.2728 2.3
    endloop
  endfacet
  facet normal 0.555484 -0.831527 0
    outer loop
      vertex 71.9042 23.428 2.3
      vertex 72.1 23.5588 2.4
      vertex 71.9042 23.428 2.4
    endloop
  endfacet
  facet normal 0.555484 -0.831527 0
    outer loop
      vertex 72.1 23.5588 2.4
      vertex 71.9042 23.428 2.3
      vertex 72.1 23.5588 2.3
    endloop
  endfacet
  facet normal 0 0 1
    outer loop
      vertex 74.7846 22.2349 2.3
      vertex 74.7846 21.7651 2.3
      vertex 74.8 22 2.3
    endloop
  endfacet
  facet normal 0 0 1
    outer loop
      vertex 74.7387 22.4659 2.3
      vertex 74.7846 21.7651 2.3
      vertex 74.7846 22.2349 2.3
    endloop
  endfacet
  facet normal 0 0 1
    outer loop
      vertex 74.7387 22.4659 2.3
      vertex 74.7387 21.5341 2.3
      vertex 74.7846 21.7651 2.3
    endloop
  endfacet
  facet normal 0 0 1
    outer loop
      vertex 74.663 22.6888 2.3
      vertex 74.7387 21.5341 2.3
      vertex 74.7387 22.4659 2.3
    endloop
  endfacet
  facet normal 0 0 1
    outer loop
      vertex 74.663 22.6888 2.3
      vertex 74.663 21.3112 2.3
      vertex 74.7387 21.5341 2.3
    endloop
  endfacet
  facet normal 0 0 1
    outer loop
      vertex 74.5588 22.9 2.3
      vertex 74.663 21.3112 2.3
      vertex 74.663 22.6888 2.3
    endloop
  endfacet
  facet normal 0 0 1
    outer loop
      vertex 74.5588 22.9 2.3
      vertex 74.5588 21.1 2.3
      vertex 74.663 21.3112 2.3
    endloop
  endfacet
  facet normal 0 0 1
    outer loop
      vertex 74.428 23.0958 2.3
      vertex 74.5588 21.1 2.3
      vertex 74.5588 22.9 2.3
    endloop
  endfacet
  facet normal 0 0 1
    outer loop
      vertex 74.428 23.0958 2.3
      vertex 74.428 20.9042 2.3
      vertex 74.5588 21.1 2.3
    endloop
  endfacet
  facet normal 0 0 1
    outer loop
      vertex 74.2728 23.2728 2.3
      vertex 74.428 20.9042 2.3
      vertex 74.428 23.0958 2.3
    endloop
  endfacet
  facet normal 0 0 1
    outer loop
      vertex 74.2728 23.2728 2.3
      vertex 74.2728 20.7272 2.3
      vertex 74.428 20.9042 2.3
    endloop
  endfacet
  facet normal 0 0 1
    outer loop
      vertex 74.0958 23.428 2.3
      vertex 74.2728 20.7272 2.3
      vertex 74.2728 23.2728 2.3
    endloop
  endfacet
  facet normal 0 0 1
    outer loop
      vertex 74.0958 23.428 2.3
      vertex 74.0958 20.572 2.3
      vertex 74.2728 20.7272 2.3
    endloop
  endfacet
  facet normal 0 0 1
    outer loop
      vertex 73.9 23.5588 2.3
      vertex 74.0958 20.572 2.3
      vertex 74.0958 23.428 2.3
    endloop
  endfacet
  facet normal 0 0 1
    outer loop
      vertex 73.9 23.5588 2.3
      vertex 73.9 20.4412 2.3
      vertex 74.0958 20.572 2.3
    endloop
  endfacet
  facet normal 0 0 1
    outer loop
      vertex 73.6888 23.663 2.3
      vertex 73.9 20.4412 2.3
      vertex 73.9 23.5588 2.3
    endloop
  endfacet
  facet normal 0 0 1
    outer loop
      vertex 73.6888 23.663 2.3
      vertex 73.6888 20.337 2.3
      vertex 73.9 20.4412 2.3
    endloop
  endfacet
  facet normal 0 0 1
    outer loop
      vertex 73.4659 23.7387 2.3
      vertex 73.6888 20.337 2.3
      vertex 73.6888 23.663 2.3
    endloop
  endfacet
  facet normal 0 0 1
    outer loop
      vertex 73.4659 23.7387 2.3
      vertex 73.4659 20.2613 2.3
      vertex 73.6888 20.337 2.3
    endloop
  endfacet
  facet normal 0 0 1
    outer loop
      vertex 73.2349 23.7846 2.3
      vertex 73.4659 20.2613 2.3
      vertex 73.4659 23.7387 2.3
    endloop
  endfacet
  facet normal 0 0 1
    outer loop
      vertex 73.2349 23.7846 2.3
      vertex 73.2349 20.2154 2.3
      vertex 73.4659 20.2613 2.3
    endloop
  endfacet
  facet normal 0 0 1
    outer loop
      vertex 73 23.8 2.3
      vertex 73.2349 20.2154 2.3
      vertex 73.2349 23.7846 2.3
    endloop
  endfacet
  facet normal 0 0 1
    outer loop
      vertex 73 23.8 2.3
      vertex 73 20.2 2.3
      vertex 73.2349 20.2154 2.3
    endloop
  endfacet
  facet normal -0 0 1
    outer loop
      vertex 72.7651 23.7846 2.3
      vertex 73 20.2 2.3
      vertex 73 23.8 2.3
    endloop
  endfacet
  facet normal 0 0 1
    outer loop
      vertex 72.7651 23.7846 2.3
      vertex 72.7651 20.2154 2.3
      vertex 73 20.2 2.3
    endloop
  endfacet
  facet normal -0 0 1
    outer loop
      vertex 72.5341 23.7387 2.3
      vertex 72.7651 20.2154 2.3
      vertex 72.7651 23.7846 2.3
    endloop
  endfacet
  facet normal 0 0 1
    outer loop
      vertex 72.5341 23.7387 2.3
      vertex 72.5341 20.2613 2.3
      vertex 72.7651 20.2154 2.3
    endloop
  endfacet
  facet normal -0 0 1
    outer loop
      vertex 72.3112 23.663 2.3
      vertex 72.5341 20.2613 2.3
      vertex 72.5341 23.7387 2.3
    endloop
  endfacet
  facet normal 0 0 1
    outer loop
      vertex 72.3112 23.663 2.3
      vertex 72.3112 20.337 2.3
      vertex 72.5341 20.2613 2.3
    endloop
  endfacet
  facet normal -0 0 1
    outer loop
      vertex 72.1 23.5588 2.3
      vertex 72.3112 20.337 2.3
      vertex 72.3112 23.663 2.3
    endloop
  endfacet
  facet normal 0 0 1
    outer loop
      vertex 72.1 23.5588 2.3
      vertex 72.1 20.4412 2.3
      vertex 72.3112 20.337 2.3
    endloop
  endfacet
  facet normal -0 0 1
    outer loop
      vertex 71.9042 23.428 2.3
      vertex 72.1 20.4412 2.3
      vertex 72.1 23.5588 2.3
    endloop
  endfacet
  facet normal 0 0 1
    outer loop
      vertex 71.9042 23.428 2.3
      vertex 71.9042 20.572 2.3
      vertex 72.1 20.4412 2.3
    endloop
  endfacet
  facet normal -0 0 1
    outer loop
      vertex 71.7272 23.2728 2.3
      vertex 71.9042 20.572 2.3
      vertex 71.9042 23.428 2.3
    endloop
  endfacet
  facet normal 0 0 1
    outer loop
      vertex 71.7272 23.2728 2.3
      vertex 71.7272 20.7272 2.3
      vertex 71.9042 20.572 2.3
    endloop
  endfacet
  facet normal -0 0 1
    outer loop
      vertex 71.572 23.0958 2.3
      vertex 71.7272 20.7272 2.3
      vertex 71.7272 23.2728 2.3
    endloop
  endfacet
  facet normal 0 0 1
    outer loop
      vertex 71.572 23.0958 2.3
      vertex 71.572 20.9042 2.3
      vertex 71.7272 20.7272 2.3
    endloop
  endfacet
  facet normal -0 0 1
    outer loop
      vertex 71.4412 22.9 2.3
      vertex 71.572 20.9042 2.3
      vertex 71.572 23.0958 2.3
    endloop
  endfacet
  facet normal 0 0 1
    outer loop
      vertex 71.4412 22.9 2.3
      vertex 71.4412 21.1 2.3
      vertex 71.572 20.9042 2.3
    endloop
  endfacet
  facet normal -0 0 1
    outer loop
      vertex 71.337 22.6888 2.3
      vertex 71.4412 21.1 2.3
      vertex 71.4412 22.9 2.3
    endloop
  endfacet
  facet normal 0 0 1
    outer loop
      vertex 71.337 22.6888 2.3
      vertex 71.337 21.3112 2.3
      vertex 71.4412 21.1 2.3
    endloop
  endfacet
  facet normal -0 0 1
    outer loop
      vertex 71.2613 22.4659 2.3
      vertex 71.337 21.3112 2.3
      vertex 71.337 22.6888 2.3
    endloop
  endfacet
  facet normal 0 0 1
    outer loop
      vertex 71.2613 22.4659 2.3
      vertex 71.2613 21.5341 2.3
      vertex 71.337 21.3112 2.3
    endloop
  endfacet
  facet normal -0 0 1
    outer loop
      vertex 71.2154 22.2349 2.3
      vertex 71.2613 21.5341 2.3
      vertex 71.2613 22.4659 2.3
    endloop
  endfacet
  facet normal 0 0 1
    outer loop
      vertex 71.2154 22.2349 2.3
      vertex 71.2154 21.7651 2.3
      vertex 71.2613 21.5341 2.3
    endloop
  endfacet
  facet normal 0 -0 1
    outer loop
      vertex 71.2154 21.7651 2.3
      vertex 71.2154 22.2349 2.3
      vertex 71.2 22 2.3
    endloop
  endfacet
  facet normal -0.751892 -0.659286 0
    outer loop
      vertex 74.428 23.0958 2.3
      vertex 74.2728 23.2728 2.4
      vertex 74.2728 23.2728 2.3
    endloop
  endfacet
  facet normal -0.751892 -0.659286 0
    outer loop
      vertex 74.2728 23.2728 2.4
      vertex 74.428 23.0958 2.3
      vertex 74.428 23.0958 2.4
    endloop
  endfacet
  facet normal -0.442452 0.896792 0
    outer loop
      vertex 73.9 20.4412 2.3
      vertex 73.6888 20.337 2.4
      vertex 73.9 20.4412 2.4
    endloop
  endfacet
  facet normal -0.442452 0.896792 0
    outer loop
      vertex 73.6888 20.337 2.4
      vertex 73.9 20.4412 2.3
      vertex 73.6888 20.337 2.3
    endloop
  endfacet
  facet normal 0.0654194 0.997858 -0
    outer loop
      vertex 73 20.2 2.3
      vertex 72.7651 20.2154 2.4
      vertex 73 20.2 2.4
    endloop
  endfacet
  facet normal 0.0654194 0.997858 0
    outer loop
      vertex 72.7651 20.2154 2.4
      vertex 73 20.2 2.3
      vertex 72.7651 20.2154 2.3
    endloop
  endfacet
  facet normal -0.555484 -0.831527 0
    outer loop
      vertex 73.9 23.5588 2.3
      vertex 74.0958 23.428 2.4
      vertex 73.9 23.5588 2.4
    endloop
  endfacet
  facet normal -0.555484 -0.831527 -0
    outer loop
      vertex 74.0958 23.428 2.4
      vertex 73.9 23.5588 2.3
      vertex 74.0958 23.428 2.3
    endloop
  endfacet
  facet normal 0.997858 0.0654194 0
    outer loop
      vertex 71.2154 21.7651 2.4
      vertex 71.2 22 2.3
      vertex 71.2 22 2.4
    endloop
  endfacet
  facet normal 0.997858 0.0654194 0
    outer loop
      vertex 71.2 22 2.3
      vertex 71.2154 21.7651 2.4
      vertex 71.2154 21.7651 2.3
    endloop
  endfacet
  facet normal -0.194891 -0.980825 0
    outer loop
      vertex 73.2349 23.7846 2.3
      vertex 73.4659 23.7387 2.4
      vertex 73.2349 23.7846 2.4
    endloop
  endfacet
  facet normal -0.194891 -0.980825 -0
    outer loop
      vertex 73.4659 23.7387 2.4
      vertex 73.2349 23.7846 2.3
      vertex 73.4659 23.7387 2.3
    endloop
  endfacet
  facet normal 0.997858 -0.0654194 0
    outer loop
      vertex 71.2 22 2.4
      vertex 71.2154 22.2349 2.3
      vertex 71.2154 22.2349 2.4
    endloop
  endfacet
  facet normal 0.997858 -0.0654194 0
    outer loop
      vertex 71.2154 22.2349 2.3
      vertex 71.2 22 2.4
      vertex 71.2 22 2.3
    endloop
  endfacet
  facet normal -0.896792 0.442452 0
    outer loop
      vertex 74.5588 21.1 2.3
      vertex 74.663 21.3112 2.4
      vertex 74.663 21.3112 2.3
    endloop
  endfacet
  facet normal -0.896792 0.442452 0
    outer loop
      vertex 74.663 21.3112 2.4
      vertex 74.5588 21.1 2.3
      vertex 74.5588 21.1 2.4
    endloop
  endfacet
  facet normal 0.321575 -0.946884 0
    outer loop
      vertex 72.3112 23.663 2.3
      vertex 72.5341 23.7387 2.4
      vertex 72.3112 23.663 2.4
    endloop
  endfacet
  facet normal 0.321575 -0.946884 0
    outer loop
      vertex 72.5341 23.7387 2.4
      vertex 72.3112 23.663 2.3
      vertex 72.5341 23.7387 2.3
    endloop
  endfacet
  facet normal -0.0654194 -0.997858 0
    outer loop
      vertex 73 23.8 2.3
      vertex 73.2349 23.7846 2.4
      vertex 73 23.8 2.4
    endloop
  endfacet
  facet normal -0.0654194 -0.997858 -0
    outer loop
      vertex 73.2349 23.7846 2.4
      vertex 73 23.8 2.3
      vertex 73.2349 23.7846 2.3
    endloop
  endfacet
  facet normal 0.321575 0.946884 -0
    outer loop
      vertex 72.5341 20.2613 2.3
      vertex 72.3112 20.337 2.4
      vertex 72.5341 20.2613 2.4
    endloop
  endfacet
  facet normal 0.321575 0.946884 0
    outer loop
      vertex 72.3112 20.337 2.4
      vertex 72.5341 20.2613 2.3
      vertex 72.3112 20.337 2.3
    endloop
  endfacet
  facet normal 0.980825 0.194891 0
    outer loop
      vertex 71.2613 21.5341 2.4
      vertex 71.2154 21.7651 2.3
      vertex 71.2154 21.7651 2.4
    endloop
  endfacet
  facet normal 0.980825 0.194891 0
    outer loop
      vertex 71.2154 21.7651 2.3
      vertex 71.2613 21.5341 2.4
      vertex 71.2613 21.5341 2.3
    endloop
  endfacet
  facet normal -0.0654194 0.997858 0
    outer loop
      vertex 73.2349 20.2154 2.3
      vertex 73 20.2 2.4
      vertex 73.2349 20.2154 2.4
    endloop
  endfacet
  facet normal -0.0654194 0.997858 0
    outer loop
      vertex 73 20.2 2.4
      vertex 73.2349 20.2154 2.3
      vertex 73 20.2 2.3
    endloop
  endfacet
  facet normal 0.555484 0.831527 -0
    outer loop
      vertex 72.1 20.4412 2.3
      vertex 71.9042 20.572 2.4
      vertex 72.1 20.4412 2.4
    endloop
  endfacet
  facet normal 0.555484 0.831527 0
    outer loop
      vertex 71.9042 20.572 2.4
      vertex 72.1 20.4412 2.3
      vertex 71.9042 20.572 2.3
    endloop
  endfacet
  facet normal 0.946884 0.321575 0
    outer loop
      vertex 71.337 21.3112 2.4
      vertex 71.2613 21.5341 2.3
      vertex 71.2613 21.5341 2.4
    endloop
  endfacet
  facet normal 0.946884 0.321575 0
    outer loop
      vertex 71.2613 21.5341 2.3
      vertex 71.337 21.3112 2.4
      vertex 71.337 21.3112 2.3
    endloop
  endfacet
  facet normal -0.946884 0.321575 0
    outer loop
      vertex 74.663 21.3112 2.3
      vertex 74.7387 21.5341 2.4
      vertex 74.7387 21.5341 2.3
    endloop
  endfacet
  facet normal -0.946884 0.321575 0
    outer loop
      vertex 74.7387 21.5341 2.4
      vertex 74.663 21.3112 2.3
      vertex 74.663 21.3112 2.4
    endloop
  endfacet
  facet normal 0.0654194 -0.997858 0
    outer loop
      vertex 72.7651 23.7846 2.3
      vertex 73 23.8 2.4
      vertex 72.7651 23.7846 2.4
    endloop
  endfacet
  facet normal 0.0654194 -0.997858 0
    outer loop
      vertex 73 23.8 2.4
      vertex 72.7651 23.7846 2.3
      vertex 73 23.8 2.3
    endloop
  endfacet
  facet normal 0.442452 0.896792 -0
    outer loop
      vertex 72.3112 20.337 2.3
      vertex 72.1 20.4412 2.4
      vertex 72.3112 20.337 2.4
    endloop
  endfacet
  facet normal 0.442452 0.896792 0
    outer loop
      vertex 72.1 20.4412 2.4
      vertex 72.3112 20.337 2.3
      vertex 72.1 20.4412 2.3
    endloop
  endfacet
  facet normal 0.980825 -0.194891 0
    outer loop
      vertex 71.2154 22.2349 2.4
      vertex 71.2613 22.4659 2.3
      vertex 71.2613 22.4659 2.4
    endloop
  endfacet
  facet normal 0.980825 -0.194891 0
    outer loop
      vertex 71.2613 22.4659 2.3
      vertex 71.2154 22.2349 2.4
      vertex 71.2154 22.2349 2.3
    endloop
  endfacet
  facet normal 0.831527 0.555484 0
    outer loop
      vertex 71.572 20.9042 2.4
      vertex 71.4412 21.1 2.3
      vertex 71.4412 21.1 2.4
    endloop
  endfacet
  facet normal 0.831527 0.555484 0
    outer loop
      vertex 71.4412 21.1 2.3
      vertex 71.572 20.9042 2.4
      vertex 71.572 20.9042 2.3
    endloop
  endfacet
  facet normal 0.659286 0.751892 -0
    outer loop
      vertex 71.9042 20.572 2.3
      vertex 71.7272 20.7272 2.4
      vertex 71.9042 20.572 2.4
    endloop
  endfacet
  facet normal 0.659286 0.751892 0
    outer loop
      vertex 71.7272 20.7272 2.4
      vertex 71.9042 20.572 2.3
      vertex 71.7272 20.7272 2.3
    endloop
  endfacet
  facet normal 0.751892 -0.659286 0
    outer loop
      vertex 71.572 23.0958 2.4
      vertex 71.7272 23.2728 2.3
      vertex 71.7272 23.2728 2.4
    endloop
  endfacet
  facet normal 0.751892 -0.659286 0
    outer loop
      vertex 71.7272 23.2728 2.3
      vertex 71.572 23.0958 2.4
      vertex 71.572 23.0958 2.3
    endloop
  endfacet
  facet normal -0.980825 -0.194891 0
    outer loop
      vertex 74.7846 48.2349 2.3
      vertex 74.7387 48.4659 2.4
      vertex 74.7387 48.4659 2.3
    endloop
  endfacet
  facet normal -0.980825 -0.194891 0
    outer loop
      vertex 74.7387 48.4659 2.4
      vertex 74.7846 48.2349 2.3
      vertex 74.7846 48.2349 2.4
    endloop
  endfacet
  facet normal -0.997858 -0.0654194 0
    outer loop
      vertex 74.8 48 2.3
      vertex 74.7846 48.2349 2.4
      vertex 74.7846 48.2349 2.3
    endloop
  endfacet
  facet normal -0.997858 -0.0654194 0
    outer loop
      vertex 74.7846 48.2349 2.4
      vertex 74.8 48 2.3
      vertex 74.8 48 2.4
    endloop
  endfacet
  facet normal -0.946884 -0.321575 0
    outer loop
      vertex 74.7387 48.4659 2.3
      vertex 74.663 48.6888 2.4
      vertex 74.663 48.6888 2.3
    endloop
  endfacet
  facet normal -0.946884 -0.321575 0
    outer loop
      vertex 74.663 48.6888 2.4
      vertex 74.7387 48.4659 2.3
      vertex 74.7387 48.4659 2.4
    endloop
  endfacet
  facet normal -0.946884 0.321575 0
    outer loop
      vertex 74.663 47.3112 2.3
      vertex 74.7387 47.5341 2.4
      vertex 74.7387 47.5341 2.3
    endloop
  endfacet
  facet normal -0.946884 0.321575 0
    outer loop
      vertex 74.7387 47.5341 2.4
      vertex 74.663 47.3112 2.3
      vertex 74.663 47.3112 2.4
    endloop
  endfacet
  facet normal -0.980825 0.194891 0
    outer loop
      vertex 74.7387 47.5341 2.3
      vertex 74.7846 47.7651 2.4
      vertex 74.7846 47.7651 2.3
    endloop
  endfacet
  facet normal -0.980825 0.194891 0
    outer loop
      vertex 74.7846 47.7651 2.4
      vertex 74.7387 47.5341 2.3
      vertex 74.7387 47.5341 2.4
    endloop
  endfacet
  facet normal -0.194891 0.980825 0
    outer loop
      vertex 73.4659 46.2613 2.3
      vertex 73.2349 46.2154 2.4
      vertex 73.4659 46.2613 2.4
    endloop
  endfacet
  facet normal -0.194891 0.980825 0
    outer loop
      vertex 73.2349 46.2154 2.4
      vertex 73.4659 46.2613 2.3
      vertex 73.2349 46.2154 2.3
    endloop
  endfacet
  facet normal -0.896792 0.442452 0
    outer loop
      vertex 74.5588 47.1 2.3
      vertex 74.663 47.3112 2.4
      vertex 74.663 47.3112 2.3
    endloop
  endfacet
  facet normal -0.896792 0.442452 0
    outer loop
      vertex 74.663 47.3112 2.4
      vertex 74.5588 47.1 2.3
      vertex 74.5588 47.1 2.4
    endloop
  endfacet
  facet normal -0.442452 0.896792 0
    outer loop
      vertex 73.9 46.4412 2.3
      vertex 73.6888 46.337 2.4
      vertex 73.9 46.4412 2.4
    endloop
  endfacet
  facet normal -0.442452 0.896792 0
    outer loop
      vertex 73.6888 46.337 2.4
      vertex 73.9 46.4412 2.3
      vertex 73.6888 46.337 2.3
    endloop
  endfacet
  facet normal 0.831527 -0.555484 0
    outer loop
      vertex 71.4412 48.9 2.4
      vertex 71.572 49.0958 2.3
      vertex 71.572 49.0958 2.4
    endloop
  endfacet
  facet normal 0.831527 -0.555484 0
    outer loop
      vertex 71.572 49.0958 2.3
      vertex 71.4412 48.9 2.4
      vertex 71.4412 48.9 2.3
    endloop
  endfacet
  facet normal -0.896792 -0.442452 0
    outer loop
      vertex 74.663 48.6888 2.3
      vertex 74.5588 48.9 2.4
      vertex 74.5588 48.9 2.3
    endloop
  endfacet
  facet normal -0.896792 -0.442452 0
    outer loop
      vertex 74.5588 48.9 2.4
      vertex 74.663 48.6888 2.3
      vertex 74.663 48.6888 2.4
    endloop
  endfacet
  facet normal 0.751892 -0.659286 0
    outer loop
      vertex 71.572 49.0958 2.4
      vertex 71.7272 49.2728 2.3
      vertex 71.7272 49.2728 2.4
    endloop
  endfacet
  facet normal 0.751892 -0.659286 0
    outer loop
      vertex 71.7272 49.2728 2.3
      vertex 71.572 49.0958 2.4
      vertex 71.572 49.0958 2.3
    endloop
  endfacet
  facet normal 0.194891 0.980825 -0
    outer loop
      vertex 72.7651 46.2154 2.3
      vertex 72.5341 46.2613 2.4
      vertex 72.7651 46.2154 2.4
    endloop
  endfacet
  facet normal 0.194891 0.980825 0
    outer loop
      vertex 72.5341 46.2613 2.4
      vertex 72.7651 46.2154 2.3
      vertex 72.5341 46.2613 2.3
    endloop
  endfacet
  facet normal -0.194891 -0.980825 0
    outer loop
      vertex 73.2349 49.7846 2.3
      vertex 73.4659 49.7387 2.4
      vertex 73.2349 49.7846 2.4
    endloop
  endfacet
  facet normal -0.194891 -0.980825 -0
    outer loop
      vertex 73.4659 49.7387 2.4
      vertex 73.2349 49.7846 2.3
      vertex 73.4659 49.7387 2.3
    endloop
  endfacet
  facet normal -0.831527 0.555484 0
    outer loop
      vertex 74.428 46.9042 2.3
      vertex 74.5588 47.1 2.4
      vertex 74.5588 47.1 2.3
    endloop
  endfacet
  facet normal -0.831527 0.555484 0
    outer loop
      vertex 74.5588 47.1 2.4
      vertex 74.428 46.9042 2.3
      vertex 74.428 46.9042 2.4
    endloop
  endfacet
  facet normal -0.0654194 0.997858 0
    outer loop
      vertex 73.2349 46.2154 2.3
      vertex 73 46.2 2.4
      vertex 73.2349 46.2154 2.4
    endloop
  endfacet
  facet normal -0.0654194 0.997858 0
    outer loop
      vertex 73 46.2 2.4
      vertex 73.2349 46.2154 2.3
      vertex 73 46.2 2.3
    endloop
  endfacet
  facet normal 0.659286 0.751892 -0
    outer loop
      vertex 71.9042 46.572 2.3
      vertex 71.7272 46.7272 2.4
      vertex 71.9042 46.572 2.4
    endloop
  endfacet
  facet normal 0.659286 0.751892 0
    outer loop
      vertex 71.7272 46.7272 2.4
      vertex 71.9042 46.572 2.3
      vertex 71.7272 46.7272 2.3
    endloop
  endfacet
  facet normal 0.997858 -0.0654194 0
    outer loop
      vertex 71.2 48 2.4
      vertex 71.2154 48.2349 2.3
      vertex 71.2154 48.2349 2.4
    endloop
  endfacet
  facet normal 0.997858 -0.0654194 0
    outer loop
      vertex 71.2154 48.2349 2.3
      vertex 71.2 48 2.4
      vertex 71.2 48 2.3
    endloop
  endfacet
  facet normal -0.442452 -0.896792 0
    outer loop
      vertex 73.6888 49.663 2.3
      vertex 73.9 49.5588 2.4
      vertex 73.6888 49.663 2.4
    endloop
  endfacet
  facet normal -0.442452 -0.896792 -0
    outer loop
      vertex 73.9 49.5588 2.4
      vertex 73.6888 49.663 2.3
      vertex 73.9 49.5588 2.3
    endloop
  endfacet
  facet normal 0.896792 -0.442452 0
    outer loop
      vertex 71.337 48.6888 2.4
      vertex 71.4412 48.9 2.3
      vertex 71.4412 48.9 2.4
    endloop
  endfacet
  facet normal 0.896792 -0.442452 0
    outer loop
      vertex 71.4412 48.9 2.3
      vertex 71.337 48.6888 2.4
      vertex 71.337 48.6888 2.3
    endloop
  endfacet
  facet normal 0.946884 0.321575 0
    outer loop
      vertex 71.337 47.3112 2.4
      vertex 71.2613 47.5341 2.3
      vertex 71.2613 47.5341 2.4
    endloop
  endfacet
  facet normal 0.946884 0.321575 0
    outer loop
      vertex 71.2613 47.5341 2.3
      vertex 71.337 47.3112 2.4
      vertex 71.337 47.3112 2.3
    endloop
  endfacet
  facet normal -0.831527 -0.555484 0
    outer loop
      vertex 74.5588 48.9 2.3
      vertex 74.428 49.0958 2.4
      vertex 74.428 49.0958 2.3
    endloop
  endfacet
  facet normal -0.831527 -0.555484 0
    outer loop
      vertex 74.428 49.0958 2.4
      vertex 74.5588 48.9 2.3
      vertex 74.5588 48.9 2.4
    endloop
  endfacet
  facet normal 0.0654194 0.997858 -0
    outer loop
      vertex 73 46.2 2.3
      vertex 72.7651 46.2154 2.4
      vertex 73 46.2 2.4
    endloop
  endfacet
  facet normal 0.0654194 0.997858 0
    outer loop
      vertex 72.7651 46.2154 2.4
      vertex 73 46.2 2.3
      vertex 72.7651 46.2154 2.3
    endloop
  endfacet
  facet normal -0.751892 -0.659286 0
    outer loop
      vertex 74.428 49.0958 2.3
      vertex 74.2728 49.2728 2.4
      vertex 74.2728 49.2728 2.3
    endloop
  endfacet
  facet normal -0.751892 -0.659286 0
    outer loop
      vertex 74.2728 49.2728 2.4
      vertex 74.428 49.0958 2.3
      vertex 74.428 49.0958 2.4
    endloop
  endfacet
  facet normal -0.997858 0.0654194 0
    outer loop
      vertex 74.7846 47.7651 2.3
      vertex 74.8 48 2.4
      vertex 74.8 48 2.3
    endloop
  endfacet
  facet normal -0.997858 0.0654194 0
    outer loop
      vertex 74.8 48 2.4
      vertex 74.7846 47.7651 2.3
      vertex 74.7846 47.7651 2.4
    endloop
  endfacet
  facet normal -0.659286 -0.751892 0
    outer loop
      vertex 74.0958 49.428 2.3
      vertex 74.2728 49.2728 2.4
      vertex 74.0958 49.428 2.4
    endloop
  endfacet
  facet normal -0.659286 -0.751892 -0
    outer loop
      vertex 74.2728 49.2728 2.4
      vertex 74.0958 49.428 2.3
      vertex 74.2728 49.2728 2.3
    endloop
  endfacet
  facet normal -0.555484 -0.831527 0
    outer loop
      vertex 73.9 49.5588 2.3
      vertex 74.0958 49.428 2.4
      vertex 73.9 49.5588 2.4
    endloop
  endfacet
  facet normal -0.555484 -0.831527 -0
    outer loop
      vertex 74.0958 49.428 2.4
      vertex 73.9 49.5588 2.3
      vertex 74.0958 49.428 2.3
    endloop
  endfacet
  facet normal 0.442452 0.896792 -0
    outer loop
      vertex 72.3112 46.337 2.3
      vertex 72.1 46.4412 2.4
      vertex 72.3112 46.337 2.4
    endloop
  endfacet
  facet normal 0.442452 0.896792 0
    outer loop
      vertex 72.1 46.4412 2.4
      vertex 72.3112 46.337 2.3
      vertex 72.1 46.4412 2.3
    endloop
  endfacet
  facet normal -0.321575 -0.946884 0
    outer loop
      vertex 73.4659 49.7387 2.3
      vertex 73.6888 49.663 2.4
      vertex 73.4659 49.7387 2.4
    endloop
  endfacet
  facet normal -0.321575 -0.946884 -0
    outer loop
      vertex 73.6888 49.663 2.4
      vertex 73.4659 49.7387 2.3
      vertex 73.6888 49.663 2.3
    endloop
  endfacet
  facet normal -0.555484 0.831527 0
    outer loop
      vertex 74.0958 46.572 2.3
      vertex 73.9 46.4412 2.4
      vertex 74.0958 46.572 2.4
    endloop
  endfacet
  facet normal -0.555484 0.831527 0
    outer loop
      vertex 73.9 46.4412 2.4
      vertex 74.0958 46.572 2.3
      vertex 73.9 46.4412 2.3
    endloop
  endfacet
  facet normal 0.442452 -0.896792 0
    outer loop
      vertex 72.1 49.5588 2.3
      vertex 72.3112 49.663 2.4
      vertex 72.1 49.5588 2.4
    endloop
  endfacet
  facet normal 0.442452 -0.896792 0
    outer loop
      vertex 72.3112 49.663 2.4
      vertex 72.1 49.5588 2.3
      vertex 72.3112 49.663 2.3
    endloop
  endfacet
  facet normal 0.321575 0.946884 -0
    outer loop
      vertex 72.5341 46.2613 2.3
      vertex 72.3112 46.337 2.4
      vertex 72.5341 46.2613 2.4
    endloop
  endfacet
  facet normal 0.321575 0.946884 0
    outer loop
      vertex 72.3112 46.337 2.4
      vertex 72.5341 46.2613 2.3
      vertex 72.3112 46.337 2.3
    endloop
  endfacet
  facet normal 0.555484 0.831527 -0
    outer loop
      vertex 72.1 46.4412 2.3
      vertex 71.9042 46.572 2.4
      vertex 72.1 46.4412 2.4
    endloop
  endfacet
  facet normal 0.555484 0.831527 0
    outer loop
      vertex 71.9042 46.572 2.4
      vertex 72.1 46.4412 2.3
      vertex 71.9042 46.572 2.3
    endloop
  endfacet
  facet normal 0.997858 0.0654194 0
    outer loop
      vertex 71.2154 47.7651 2.4
      vertex 71.2 48 2.3
      vertex 71.2 48 2.4
    endloop
  endfacet
  facet normal 0.997858 0.0654194 0
    outer loop
      vertex 71.2 48 2.3
      vertex 71.2154 47.7651 2.4
      vertex 71.2154 47.7651 2.3
    endloop
  endfacet
  facet normal 0.896792 0.442452 0
    outer loop
      vertex 71.4412 47.1 2.4
      vertex 71.337 47.3112 2.3
      vertex 71.337 47.3112 2.4
    endloop
  endfacet
  facet normal 0.896792 0.442452 0
    outer loop
      vertex 71.337 47.3112 2.3
      vertex 71.4412 47.1 2.4
      vertex 71.4412 47.1 2.3
    endloop
  endfacet
  facet normal -0.321575 0.946884 0
    outer loop
      vertex 73.6888 46.337 2.3
      vertex 73.4659 46.2613 2.4
      vertex 73.6888 46.337 2.4
    endloop
  endfacet
  facet normal -0.321575 0.946884 0
    outer loop
      vertex 73.4659 46.2613 2.4
      vertex 73.6888 46.337 2.3
      vertex 73.4659 46.2613 2.3
    endloop
  endfacet
  facet normal -0.751892 0.659286 0
    outer loop
      vertex 74.2728 46.7272 2.3
      vertex 74.428 46.9042 2.4
      vertex 74.428 46.9042 2.3
    endloop
  endfacet
  facet normal -0.751892 0.659286 0
    outer loop
      vertex 74.428 46.9042 2.4
      vertex 74.2728 46.7272 2.3
      vertex 74.2728 46.7272 2.4
    endloop
  endfacet
  facet normal 0.659286 -0.751892 0
    outer loop
      vertex 71.7272 49.2728 2.3
      vertex 71.9042 49.428 2.4
      vertex 71.7272 49.2728 2.4
    endloop
  endfacet
  facet normal 0.659286 -0.751892 0
    outer loop
      vertex 71.9042 49.428 2.4
      vertex 71.7272 49.2728 2.3
      vertex 71.9042 49.428 2.3
    endloop
  endfacet
  facet normal 0.555484 -0.831527 0
    outer loop
      vertex 71.9042 49.428 2.3
      vertex 72.1 49.5588 2.4
      vertex 71.9042 49.428 2.4
    endloop
  endfacet
  facet normal 0.555484 -0.831527 0
    outer loop
      vertex 72.1 49.5588 2.4
      vertex 71.9042 49.428 2.3
      vertex 72.1 49.5588 2.3
    endloop
  endfacet
  facet normal 0.751892 0.659286 0
    outer loop
      vertex 71.7272 46.7272 2.4
      vertex 71.572 46.9042 2.3
      vertex 71.572 46.9042 2.4
    endloop
  endfacet
  facet normal 0.751892 0.659286 0
    outer loop
      vertex 71.572 46.9042 2.3
      vertex 71.7272 46.7272 2.4
      vertex 71.7272 46.7272 2.3
    endloop
  endfacet
  facet normal 0.980825 -0.194891 0
    outer loop
      vertex 71.2154 48.2349 2.4
      vertex 71.2613 48.4659 2.3
      vertex 71.2613 48.4659 2.4
    endloop
  endfacet
  facet normal 0.980825 -0.194891 0
    outer loop
      vertex 71.2613 48.4659 2.3
      vertex 71.2154 48.2349 2.4
      vertex 71.2154 48.2349 2.3
    endloop
  endfacet
  facet normal 0.321575 -0.946884 0
    outer loop
      vertex 72.3112 49.663 2.3
      vertex 72.5341 49.7387 2.4
      vertex 72.3112 49.663 2.4
    endloop
  endfacet
  facet normal 0.321575 -0.946884 0
    outer loop
      vertex 72.5341 49.7387 2.4
      vertex 72.3112 49.663 2.3
      vertex 72.5341 49.7387 2.3
    endloop
  endfacet
  facet normal 0.980825 0.194891 0
    outer loop
      vertex 71.2613 47.5341 2.4
      vertex 71.2154 47.7651 2.3
      vertex 71.2154 47.7651 2.4
    endloop
  endfacet
  facet normal 0.980825 0.194891 0
    outer loop
      vertex 71.2154 47.7651 2.3
      vertex 71.2613 47.5341 2.4
      vertex 71.2613 47.5341 2.3
    endloop
  endfacet
  facet normal -0.0654194 -0.997858 0
    outer loop
      vertex 73 49.8 2.3
      vertex 73.2349 49.7846 2.4
      vertex 73 49.8 2.4
    endloop
  endfacet
  facet normal -0.0654194 -0.997858 -0
    outer loop
      vertex 73.2349 49.7846 2.4
      vertex 73 49.8 2.3
      vertex 73.2349 49.7846 2.3
    endloop
  endfacet
  facet normal 0.194891 -0.980825 0
    outer loop
      vertex 72.5341 49.7387 2.3
      vertex 72.7651 49.7846 2.4
      vertex 72.5341 49.7387 2.4
    endloop
  endfacet
  facet normal 0.194891 -0.980825 0
    outer loop
      vertex 72.7651 49.7846 2.4
      vertex 72.5341 49.7387 2.3
      vertex 72.7651 49.7846 2.3
    endloop
  endfacet
  facet normal -0.659286 0.751892 0
    outer loop
      vertex 74.2728 46.7272 2.3
      vertex 74.0958 46.572 2.4
      vertex 74.2728 46.7272 2.4
    endloop
  endfacet
  facet normal -0.659286 0.751892 0
    outer loop
      vertex 74.0958 46.572 2.4
      vertex 74.2728 46.7272 2.3
      vertex 74.0958 46.572 2.3
    endloop
  endfacet
  facet normal 0.0654194 -0.997858 0
    outer loop
      vertex 72.7651 49.7846 2.3
      vertex 73 49.8 2.4
      vertex 72.7651 49.7846 2.4
    endloop
  endfacet
  facet normal 0.0654194 -0.997858 0
    outer loop
      vertex 73 49.8 2.4
      vertex 72.7651 49.7846 2.3
      vertex 73 49.8 2.3
    endloop
  endfacet
  facet normal 0.831527 0.555484 0
    outer loop
      vertex 71.572 46.9042 2.4
      vertex 71.4412 47.1 2.3
      vertex 71.4412 47.1 2.4
    endloop
  endfacet
  facet normal 0.831527 0.555484 0
    outer loop
      vertex 71.4412 47.1 2.3
      vertex 71.572 46.9042 2.4
      vertex 71.572 46.9042 2.3
    endloop
  endfacet
  facet normal 0 0 1
    outer loop
      vertex 74.7846 48.2349 2.3
      vertex 74.7846 47.7651 2.3
      vertex 74.8 48 2.3
    endloop
  endfacet
  facet normal 0 0 1
    outer loop
      vertex 74.7387 48.4659 2.3
      vertex 74.7846 47.7651 2.3
      vertex 74.7846 48.2349 2.3
    endloop
  endfacet
  facet normal 0 0 1
    outer loop
      vertex 74.7387 48.4659 2.3
      vertex 74.7387 47.5341 2.3
      vertex 74.7846 47.7651 2.3
    endloop
  endfacet
  facet normal 0 0 1
    outer loop
      vertex 74.663 48.6888 2.3
      vertex 74.7387 47.5341 2.3
      vertex 74.7387 48.4659 2.3
    endloop
  endfacet
  facet normal 0 0 1
    outer loop
      vertex 74.663 48.6888 2.3
      vertex 74.663 47.3112 2.3
      vertex 74.7387 47.5341 2.3
    endloop
  endfacet
  facet normal 0 0 1
    outer loop
      vertex 74.5588 48.9 2.3
      vertex 74.663 47.3112 2.3
      vertex 74.663 48.6888 2.3
    endloop
  endfacet
  facet normal 0 0 1
    outer loop
      vertex 74.5588 48.9 2.3
      vertex 74.5588 47.1 2.3
      vertex 74.663 47.3112 2.3
    endloop
  endfacet
  facet normal 0 0 1
    outer loop
      vertex 74.428 49.0958 2.3
      vertex 74.5588 47.1 2.3
      vertex 74.5588 48.9 2.3
    endloop
  endfacet
  facet normal 0 0 1
    outer loop
      vertex 74.428 49.0958 2.3
      vertex 74.428 46.9042 2.3
      vertex 74.5588 47.1 2.3
    endloop
  endfacet
  facet normal 0 0 1
    outer loop
      vertex 74.2728 49.2728 2.3
      vertex 74.428 46.9042 2.3
      vertex 74.428 49.0958 2.3
    endloop
  endfacet
  facet normal 0 0 1
    outer loop
      vertex 74.2728 49.2728 2.3
      vertex 74.2728 46.7272 2.3
      vertex 74.428 46.9042 2.3
    endloop
  endfacet
  facet normal 0 0 1
    outer loop
      vertex 74.0958 49.428 2.3
      vertex 74.2728 46.7272 2.3
      vertex 74.2728 49.2728 2.3
    endloop
  endfacet
  facet normal 0 0 1
    outer loop
      vertex 74.0958 49.428 2.3
      vertex 74.0958 46.572 2.3
      vertex 74.2728 46.7272 2.3
    endloop
  endfacet
  facet normal 0 0 1
    outer loop
      vertex 73.9 49.5588 2.3
      vertex 74.0958 46.572 2.3
      vertex 74.0958 49.428 2.3
    endloop
  endfacet
  facet normal 0 0 1
    outer loop
      vertex 73.9 49.5588 2.3
      vertex 73.9 46.4412 2.3
      vertex 74.0958 46.572 2.3
    endloop
  endfacet
  facet normal 0 0 1
    outer loop
      vertex 73.6888 49.663 2.3
      vertex 73.9 46.4412 2.3
      vertex 73.9 49.5588 2.3
    endloop
  endfacet
  facet normal 0 0 1
    outer loop
      vertex 73.6888 49.663 2.3
      vertex 73.6888 46.337 2.3
      vertex 73.9 46.4412 2.3
    endloop
  endfacet
  facet normal 0 0 1
    outer loop
      vertex 73.4659 49.7387 2.3
      vertex 73.6888 46.337 2.3
      vertex 73.6888 49.663 2.3
    endloop
  endfacet
  facet normal 0 0 1
    outer loop
      vertex 73.4659 49.7387 2.3
      vertex 73.4659 46.2613 2.3
      vertex 73.6888 46.337 2.3
    endloop
  endfacet
  facet normal 0 0 1
    outer loop
      vertex 73.2349 49.7846 2.3
      vertex 73.4659 46.2613 2.3
      vertex 73.4659 49.7387 2.3
    endloop
  endfacet
  facet normal 0 0 1
    outer loop
      vertex 73.2349 49.7846 2.3
      vertex 73.2349 46.2154 2.3
      vertex 73.4659 46.2613 2.3
    endloop
  endfacet
  facet normal 0 0 1
    outer loop
      vertex 73 49.8 2.3
      vertex 73.2349 46.2154 2.3
      vertex 73.2349 49.7846 2.3
    endloop
  endfacet
  facet normal 0 0 1
    outer loop
      vertex 73 49.8 2.3
      vertex 73 46.2 2.3
      vertex 73.2349 46.2154 2.3
    endloop
  endfacet
  facet normal -0 0 1
    outer loop
      vertex 72.7651 49.7846 2.3
      vertex 73 46.2 2.3
      vertex 73 49.8 2.3
    endloop
  endfacet
  facet normal 0 0 1
    outer loop
      vertex 72.7651 49.7846 2.3
      vertex 72.7651 46.2154 2.3
      vertex 73 46.2 2.3
    endloop
  endfacet
  facet normal -0 0 1
    outer loop
      vertex 72.5341 49.7387 2.3
      vertex 72.7651 46.2154 2.3
      vertex 72.7651 49.7846 2.3
    endloop
  endfacet
  facet normal 0 0 1
    outer loop
      vertex 72.5341 49.7387 2.3
      vertex 72.5341 46.2613 2.3
      vertex 72.7651 46.2154 2.3
    endloop
  endfacet
  facet normal -0 0 1
    outer loop
      vertex 72.3112 49.663 2.3
      vertex 72.5341 46.2613 2.3
      vertex 72.5341 49.7387 2.3
    endloop
  endfacet
  facet normal 0 0 1
    outer loop
      vertex 72.3112 49.663 2.3
      vertex 72.3112 46.337 2.3
      vertex 72.5341 46.2613 2.3
    endloop
  endfacet
  facet normal -0 0 1
    outer loop
      vertex 72.1 49.5588 2.3
      vertex 72.3112 46.337 2.3
      vertex 72.3112 49.663 2.3
    endloop
  endfacet
  facet normal 0 0 1
    outer loop
      vertex 72.1 49.5588 2.3
      vertex 72.1 46.4412 2.3
      vertex 72.3112 46.337 2.3
    endloop
  endfacet
  facet normal -0 0 1
    outer loop
      vertex 71.9042 49.428 2.3
      vertex 72.1 46.4412 2.3
      vertex 72.1 49.5588 2.3
    endloop
  endfacet
  facet normal 0 0 1
    outer loop
      vertex 71.9042 49.428 2.3
      vertex 71.9042 46.572 2.3
      vertex 72.1 46.4412 2.3
    endloop
  endfacet
  facet normal -0 0 1
    outer loop
      vertex 71.7272 49.2728 2.3
      vertex 71.9042 46.572 2.3
      vertex 71.9042 49.428 2.3
    endloop
  endfacet
  facet normal 0 0 1
    outer loop
      vertex 71.7272 49.2728 2.3
      vertex 71.7272 46.7272 2.3
      vertex 71.9042 46.572 2.3
    endloop
  endfacet
  facet normal -0 0 1
    outer loop
      vertex 71.572 49.0958 2.3
      vertex 71.7272 46.7272 2.3
      vertex 71.7272 49.2728 2.3
    endloop
  endfacet
  facet normal 0 0 1
    outer loop
      vertex 71.572 49.0958 2.3
      vertex 71.572 46.9042 2.3
      vertex 71.7272 46.7272 2.3
    endloop
  endfacet
  facet normal -0 0 1
    outer loop
      vertex 71.4412 48.9 2.3
      vertex 71.572 46.9042 2.3
      vertex 71.572 49.0958 2.3
    endloop
  endfacet
  facet normal 0 0 1
    outer loop
      vertex 71.4412 48.9 2.3
      vertex 71.4412 47.1 2.3
      vertex 71.572 46.9042 2.3
    endloop
  endfacet
  facet normal -0 0 1
    outer loop
      vertex 71.337 48.6888 2.3
      vertex 71.4412 47.1 2.3
      vertex 71.4412 48.9 2.3
    endloop
  endfacet
  facet normal 0 0 1
    outer loop
      vertex 71.337 48.6888 2.3
      vertex 71.337 47.3112 2.3
      vertex 71.4412 47.1 2.3
    endloop
  endfacet
  facet normal -0 0 1
    outer loop
      vertex 71.2613 48.4659 2.3
      vertex 71.337 47.3112 2.3
      vertex 71.337 48.6888 2.3
    endloop
  endfacet
  facet normal 0 0 1
    outer loop
      vertex 71.2613 48.4659 2.3
      vertex 71.2613 47.5341 2.3
      vertex 71.337 47.3112 2.3
    endloop
  endfacet
  facet normal -0 0 1
    outer loop
      vertex 71.2154 48.2349 2.3
      vertex 71.2613 47.5341 2.3
      vertex 71.2613 48.4659 2.3
    endloop
  endfacet
  facet normal 0 0 1
    outer loop
      vertex 71.2154 48.2349 2.3
      vertex 71.2154 47.7651 2.3
      vertex 71.2613 47.5341 2.3
    endloop
  endfacet
  facet normal 0 -0 1
    outer loop
      vertex 71.2154 47.7651 2.3
      vertex 71.2154 48.2349 2.3
      vertex 71.2 48 2.3
    endloop
  endfacet
  facet normal 0.946884 -0.321575 0
    outer loop
      vertex 71.2613 48.4659 2.4
      vertex 71.337 48.6888 2.3
      vertex 71.337 48.6888 2.4
    endloop
  endfacet
  facet normal 0.946884 -0.321575 0
    outer loop
      vertex 71.337 48.6888 2.3
      vertex 71.2613 48.4659 2.4
      vertex 71.2613 48.4659 2.3
    endloop
  endfacet
  facet normal 0.0654332 -0.997857 0
    outer loop
      vertex 11.7194 19.9816 0
      vertex 12 20 2.4
      vertex 11.7194 19.9816 2.4
    endloop
  endfacet
  facet normal 0.0654332 -0.997857 0
    outer loop
      vertex 12 20 2.4
      vertex 11.7194 19.9816 0
      vertex 12 20 0
    endloop
  endfacet
  facet normal -0.94693 0.321439 0
    outer loop
      vertex 13.9863 1.32723 0
      vertex 14.0767 1.59354 4.3
      vertex 14.0767 1.59354 0
    endloop
  endfacet
  facet normal -0.94693 0.321439 0
    outer loop
      vertex 14.0767 1.59354 4.3
      vertex 13.9863 1.32723 0
      vertex 13.9863 1.32723 4.3
    endloop
  endfacet
  facet normal -0.659184 -0.751982 0
    outer loop
      vertex 13.3088 19.5557 0
      vertex 13.5203 19.3703 2.4
      vertex 13.3088 19.5557 2.4
    endloop
  endfacet
  facet normal -0.659184 -0.751982 -0
    outer loop
      vertex 13.5203 19.3703 2.4
      vertex 13.3088 19.5557 0
      vertex 13.5203 19.3703 0
    endloop
  endfacet
  facet normal 0.946887 0.321567 0
    outer loop
      vertex 10.0137 1.32723 4.3
      vertex 9.92326 1.59354 0
      vertex 9.92326 1.59354 4.3
    endloop
  endfacet
  facet normal 0.946887 0.321567 0
    outer loop
      vertex 9.92326 1.59354 0
      vertex 10.0137 1.32723 4.3
      vertex 10.0137 1.32723 0
    endloop
  endfacet
  facet normal 1 0 0
    outer loop
      vertex 9.85 2.4 4.3
      vertex 9.85 2.15 4.3
      vertex 9.85 2.4 2.4
    endloop
  endfacet
  facet normal 1 -0 0
    outer loop
      vertex 9.85 2.4 2.4
      vertex 9.85 17.85 0
      vertex 9.85 17.85 2.4
    endloop
  endfacet
  facet normal 1 0 0
    outer loop
      vertex 9.85 2.4 2.4
      vertex 9.85 2.15 0
      vertex 9.85 17.85 0
    endloop
  endfacet
  facet normal 1 0 0
    outer loop
      vertex 9.85 2.15 0
      vertex 9.85 2.4 2.4
      vertex 9.85 2.15 4.3
    endloop
  endfacet
  facet normal 0.831379 0.555706 0
    outer loop
      vertex 10.2943 0.841163 4.3
      vertex 10.138 1.075 0
      vertex 10.138 1.075 4.3
    endloop
  endfacet
  facet normal 0.831379 0.555706 0
    outer loop
      vertex 10.138 1.075 0
      vertex 10.2943 0.841163 4.3
      vertex 10.2943 0.841163 0
    endloop
  endfacet
  facet normal 0.555631 0.831429 -0
    outer loop
      vertex 10.925 0.288045 0
      vertex 10.6912 0.44429 4.3
      vertex 10.925 0.288045 4.3
    endloop
  endfacet
  facet normal 0.555631 0.831429 0
    outer loop
      vertex 10.6912 0.44429 4.3
      vertex 10.925 0.288045 0
      vertex 10.6912 0.44429 0
    endloop
  endfacet
  facet normal 0.896973 -0.442085 0
    outer loop
      vertex 10.0137 18.6728 2.4
      vertex 10.138 18.925 0
      vertex 10.138 18.925 2.4
    endloop
  endfacet
  facet normal 0.896973 -0.442085 0
    outer loop
      vertex 10.138 18.925 0
      vertex 10.0137 18.6728 2.4
      vertex 10.0137 18.6728 0
    endloop
  endfacet
  facet normal 0.980783 0.195104 0
    outer loop
      vertex 9.92326 1.59354 4.3
      vertex 9.86839 1.86937 0
      vertex 9.86839 1.86937 4.3
    endloop
  endfacet
  facet normal 0.980783 0.195104 0
    outer loop
      vertex 9.86839 1.86937 0
      vertex 9.92326 1.59354 4.3
      vertex 9.92326 1.59354 0
    endloop
  endfacet
  facet normal -0.896973 -0.442085 0
    outer loop
      vertex 13.9863 18.6728 0
      vertex 13.862 18.925 2.4
      vertex 13.862 18.925 0
    endloop
  endfacet
  facet normal -0.896973 -0.442085 0
    outer loop
      vertex 13.862 18.925 2.4
      vertex 13.9863 18.6728 0
      vertex 13.9863 18.6728 2.4
    endloop
  endfacet
  facet normal 0.751982 -0.659184 0
    outer loop
      vertex 10.2943 19.1588 2.4
      vertex 10.4797 19.3703 0
      vertex 10.4797 19.3703 2.4
    endloop
  endfacet
  facet normal 0.751982 -0.659184 0
    outer loop
      vertex 10.4797 19.3703 0
      vertex 10.2943 19.1588 2.4
      vertex 10.2943 19.1588 0
    endloop
  endfacet
  facet normal 0.659184 -0.751982 0
    outer loop
      vertex 10.4797 19.3703 0
      vertex 10.6912 19.5557 2.4
      vertex 10.4797 19.3703 2.4
    endloop
  endfacet
  facet normal 0.659184 -0.751982 0
    outer loop
      vertex 10.6912 19.5557 2.4
      vertex 10.4797 19.3703 0
      vertex 10.6912 19.5557 0
    endloop
  endfacet
  facet normal 0.997859 -0.0653978 0
    outer loop
      vertex 9.85 17.85 2.4
      vertex 9.86839 18.1306 0
      vertex 9.86839 18.1306 2.4
    endloop
  endfacet
  facet normal 0.997859 -0.0653978 0
    outer loop
      vertex 9.86839 18.1306 0
      vertex 9.85 17.85 2.4
      vertex 9.85 17.85 0
    endloop
  endfacet
  facet normal 0.32145 -0.946927 0
    outer loop
      vertex 11.1772 19.8363 0
      vertex 11.4435 19.9267 2.4
      vertex 11.1772 19.8363 2.4
    endloop
  endfacet
  facet normal 0.32145 -0.946927 0
    outer loop
      vertex 11.4435 19.9267 2.4
      vertex 11.1772 19.8363 0
      vertex 11.4435 19.9267 0
    endloop
  endfacet
  facet normal -0.980772 -0.195159 0
    outer loop
      vertex 14.1316 18.1306 0
      vertex 14.0767 18.4065 2.4
      vertex 14.0767 18.4065 0
    endloop
  endfacet
  facet normal -0.980772 -0.195159 0
    outer loop
      vertex 14.0767 18.4065 2.4
      vertex 14.1316 18.1306 0
      vertex 14.1316 18.1306 2.4
    endloop
  endfacet
  facet normal 0.946883 -0.321578 0
    outer loop
      vertex 9.92326 18.4065 2.4
      vertex 10.0137 18.6728 0
      vertex 10.0137 18.6728 2.4
    endloop
  endfacet
  facet normal 0.946883 -0.321578 0
    outer loop
      vertex 10.0137 18.6728 0
      vertex 9.92326 18.4065 2.4
      vertex 9.92326 18.4065 0
    endloop
  endfacet
  facet normal -1 0 0
    outer loop
      vertex 14.15 17.85 0
      vertex 14.15 2.4 2.4
      vertex 14.15 17.85 2.4
    endloop
  endfacet
  facet normal -1 0 0
    outer loop
      vertex 14.15 2.15 0
      vertex 14.15 2.4 2.4
      vertex 14.15 17.85 0
    endloop
  endfacet
  facet normal -1 0 0
    outer loop
      vertex 14.15 2.15 4.3
      vertex 14.15 2.4 2.4
      vertex 14.15 2.15 0
    endloop
  endfacet
  facet normal -1 0 0
    outer loop
      vertex 14.15 2.4 2.4
      vertex 14.15 2.15 4.3
      vertex 14.15 2.4 4.3
    endloop
  endfacet
  facet normal 0.99786 0.0653909 0
    outer loop
      vertex 9.86839 1.86937 4.3
      vertex 9.85 2.15 0
      vertex 9.85 2.15 4.3
    endloop
  endfacet
  facet normal 0.99786 0.0653909 0
    outer loop
      vertex 9.85 2.15 0
      vertex 9.86839 1.86937 4.3
      vertex 9.86839 1.86937 0
    endloop
  endfacet
  facet normal -0.751894 0.659284 0
    outer loop
      vertex 13.5203 0.62972 0
      vertex 13.7057 0.841163 4.3
      vertex 13.7057 0.841163 0
    endloop
  endfacet
  facet normal -0.751894 0.659284 0
    outer loop
      vertex 13.7057 0.841163 4.3
      vertex 13.5203 0.62972 0
      vertex 13.5203 0.62972 4.3
    endloop
  endfacet
  facet normal -0.997857 0.0654263 0
    outer loop
      vertex 14.1316 1.86937 0
      vertex 14.15 2.15 4.3
      vertex 14.15 2.15 0
    endloop
  endfacet
  facet normal -0.997857 0.0654263 0
    outer loop
      vertex 14.15 2.15 4.3
      vertex 14.1316 1.86937 0
      vertex 14.1316 1.86937 4.3
    endloop
  endfacet
  facet normal -0.321446 0.946928 0
    outer loop
      vertex 12.8228 0.163658 0
      vertex 12.5565 0.0732594 4.3
      vertex 12.8228 0.163658 4.3
    endloop
  endfacet
  facet normal -0.321446 0.946928 0
    outer loop
      vertex 12.5565 0.0732594 4.3
      vertex 12.8228 0.163658 0
      vertex 12.5565 0.0732594 0
    endloop
  endfacet
  facet normal -0.831379 0.555706 0
    outer loop
      vertex 13.7057 0.841163 0
      vertex 13.862 1.075 4.3
      vertex 13.862 1.075 0
    endloop
  endfacet
  facet normal -0.831379 0.555706 0
    outer loop
      vertex 13.862 1.075 4.3
      vertex 13.7057 0.841163 0
      vertex 13.7057 0.841163 4.3
    endloop
  endfacet
  facet normal -0.997857 -0.0654332 0
    outer loop
      vertex 14.15 17.85 0
      vertex 14.1316 18.1306 2.4
      vertex 14.1316 18.1306 0
    endloop
  endfacet
  facet normal -0.997857 -0.0654332 0
    outer loop
      vertex 14.1316 18.1306 2.4
      vertex 14.15 17.85 0
      vertex 14.15 17.85 2.4
    endloop
  endfacet
  facet normal 0.980792 -0.195056 0
    outer loop
      vertex 9.86839 18.1306 2.4
      vertex 9.92326 18.4065 0
      vertex 9.92326 18.4065 2.4
    endloop
  endfacet
  facet normal 0.980792 -0.195056 0
    outer loop
      vertex 9.92326 18.4065 0
      vertex 9.86839 18.1306 2.4
      vertex 9.86839 18.1306 0
    endloop
  endfacet
  facet normal 0.555766 -0.831338 0
    outer loop
      vertex 10.6912 19.5557 0
      vertex 10.925 19.712 2.4
      vertex 10.6912 19.5557 2.4
    endloop
  endfacet
  facet normal 0.555766 -0.831338 0
    outer loop
      vertex 10.925 19.712 2.4
      vertex 10.6912 19.5557 0
      vertex 10.925 19.712 0
    endloop
  endfacet
  facet normal -0.195042 0.980795 0
    outer loop
      vertex 12.5565 0.0732594 0
      vertex 12.2806 0.0183935 4.3
      vertex 12.5565 0.0732594 4.3
    endloop
  endfacet
  facet normal -0.195042 0.980795 0
    outer loop
      vertex 12.2806 0.0183935 4.3
      vertex 12.5565 0.0732594 0
      vertex 12.2806 0.0183935 0
    endloop
  endfacet
  facet normal -0.0654102 0.997858 0
    outer loop
      vertex 12.2806 0.0183935 0
      vertex 12 0 4.3
      vertex 12.2806 0.0183935 4.3
    endloop
  endfacet
  facet normal -0.0654102 0.997858 0
    outer loop
      vertex 12 0 4.3
      vertex 12.2806 0.0183935 0
      vertex 12 0 0
    endloop
  endfacet
  facet normal 0.442085 -0.896973 0
    outer loop
      vertex 10.925 19.712 0
      vertex 11.1772 19.8363 2.4
      vertex 10.925 19.712 2.4
    endloop
  endfacet
  facet normal 0.442085 -0.896973 0
    outer loop
      vertex 11.1772 19.8363 2.4
      vertex 10.925 19.712 0
      vertex 11.1772 19.8363 0
    endloop
  endfacet
  facet normal -0.659244 0.751929 0
    outer loop
      vertex 13.5203 0.62972 0
      vertex 13.3088 0.44429 4.3
      vertex 13.5203 0.62972 4.3
    endloop
  endfacet
  facet normal -0.659244 0.751929 0
    outer loop
      vertex 13.3088 0.44429 4.3
      vertex 13.5203 0.62972 0
      vertex 13.3088 0.44429 0
    endloop
  endfacet
  facet normal 0.831338 -0.555766 0
    outer loop
      vertex 10.138 18.925 2.4
      vertex 10.2943 19.1588 0
      vertex 10.2943 19.1588 2.4
    endloop
  endfacet
  facet normal 0.831338 -0.555766 0
    outer loop
      vertex 10.2943 19.1588 0
      vertex 10.138 18.925 2.4
      vertex 10.138 18.925 0
    endloop
  endfacet
  facet normal -0.0654332 -0.997857 0
    outer loop
      vertex 12 20 0
      vertex 12.2806 19.9816 2.4
      vertex 12 20 2.4
    endloop
  endfacet
  facet normal -0.0654332 -0.997857 -0
    outer loop
      vertex 12.2806 19.9816 2.4
      vertex 12 20 0
      vertex 12.2806 19.9816 0
    endloop
  endfacet
  facet normal -0.946927 -0.32145 0
    outer loop
      vertex 14.0767 18.4065 0
      vertex 13.9863 18.6728 2.4
      vertex 13.9863 18.6728 0
    endloop
  endfacet
  facet normal -0.946927 -0.32145 0
    outer loop
      vertex 13.9863 18.6728 2.4
      vertex 14.0767 18.4065 0
      vertex 14.0767 18.4065 2.4
    endloop
  endfacet
  facet normal -0.32145 -0.946927 0
    outer loop
      vertex 12.5565 19.9267 0
      vertex 12.8228 19.8363 2.4
      vertex 12.5565 19.9267 2.4
    endloop
  endfacet
  facet normal -0.32145 -0.946927 -0
    outer loop
      vertex 12.8228 19.8363 2.4
      vertex 12.5565 19.9267 0
      vertex 12.8228 19.8363 0
    endloop
  endfacet
  facet normal -0.980762 0.195207 0
    outer loop
      vertex 14.0767 1.59354 0
      vertex 14.1316 1.86937 4.3
      vertex 14.1316 1.86937 0
    endloop
  endfacet
  facet normal -0.980762 0.195207 0
    outer loop
      vertex 14.1316 1.86937 4.3
      vertex 14.0767 1.59354 0
      vertex 14.0767 1.59354 4.3
    endloop
  endfacet
  facet normal 0.0654102 0.997858 -0
    outer loop
      vertex 12 0 0
      vertex 11.7194 0.0183935 4.3
      vertex 12 0 4.3
    endloop
  endfacet
  facet normal 0.0654102 0.997858 0
    outer loop
      vertex 11.7194 0.0183935 4.3
      vertex 12 0 0
      vertex 11.7194 0.0183935 0
    endloop
  endfacet
  facet normal -0.751982 -0.659184 0
    outer loop
      vertex 13.7057 19.1588 0
      vertex 13.5203 19.3703 2.4
      vertex 13.5203 19.3703 0
    endloop
  endfacet
  facet normal -0.751982 -0.659184 0
    outer loop
      vertex 13.5203 19.3703 2.4
      vertex 13.7057 19.1588 0
      vertex 13.7057 19.1588 2.4
    endloop
  endfacet
  facet normal 0.896994 0.442042 0
    outer loop
      vertex 10.138 1.075 4.3
      vertex 10.0137 1.32723 0
      vertex 10.0137 1.32723 4.3
    endloop
  endfacet
  facet normal 0.896994 0.442042 0
    outer loop
      vertex 10.0137 1.32723 0
      vertex 10.138 1.075 4.3
      vertex 10.138 1.075 0
    endloop
  endfacet
  facet normal -0.896994 0.442042 0
    outer loop
      vertex 13.862 1.075 0
      vertex 13.9863 1.32723 4.3
      vertex 13.9863 1.32723 0
    endloop
  endfacet
  facet normal -0.896994 0.442042 0
    outer loop
      vertex 13.9863 1.32723 4.3
      vertex 13.862 1.075 0
      vertex 13.862 1.075 4.3
    endloop
  endfacet
  facet normal 0.442334 0.896851 -0
    outer loop
      vertex 11.1772 0.163658 0
      vertex 10.925 0.288045 4.3
      vertex 11.1772 0.163658 4.3
    endloop
  endfacet
  facet normal 0.442334 0.896851 0
    outer loop
      vertex 10.925 0.288045 4.3
      vertex 11.1772 0.163658 0
      vertex 10.925 0.288045 0
    endloop
  endfacet
  facet normal -0.555631 0.831429 0
    outer loop
      vertex 13.3088 0.44429 0
      vertex 13.075 0.288045 4.3
      vertex 13.3088 0.44429 4.3
    endloop
  endfacet
  facet normal -0.555631 0.831429 0
    outer loop
      vertex 13.075 0.288045 4.3
      vertex 13.3088 0.44429 0
      vertex 13.075 0.288045 0
    endloop
  endfacet
  facet normal -0.831338 -0.555766 0
    outer loop
      vertex 13.862 18.925 0
      vertex 13.7057 19.1588 2.4
      vertex 13.7057 19.1588 0
    endloop
  endfacet
  facet normal -0.831338 -0.555766 0
    outer loop
      vertex 13.7057 19.1588 2.4
      vertex 13.862 18.925 0
      vertex 13.862 18.925 2.4
    endloop
  endfacet
  facet normal 0.751894 0.659284 0
    outer loop
      vertex 10.4797 0.62972 4.3
      vertex 10.2943 0.841163 0
      vertex 10.2943 0.841163 4.3
    endloop
  endfacet
  facet normal 0.751894 0.659284 0
    outer loop
      vertex 10.2943 0.841163 0
      vertex 10.4797 0.62972 4.3
      vertex 10.4797 0.62972 0
    endloop
  endfacet
  facet normal -0.442085 -0.896973 0
    outer loop
      vertex 12.8228 19.8363 0
      vertex 13.075 19.712 2.4
      vertex 12.8228 19.8363 2.4
    endloop
  endfacet
  facet normal -0.442085 -0.896973 -0
    outer loop
      vertex 13.075 19.712 2.4
      vertex 12.8228 19.8363 0
      vertex 13.075 19.712 0
    endloop
  endfacet
  facet normal 0.659244 0.751929 -0
    outer loop
      vertex 10.6912 0.44429 0
      vertex 10.4797 0.62972 4.3
      vertex 10.6912 0.44429 4.3
    endloop
  endfacet
  facet normal 0.659244 0.751929 0
    outer loop
      vertex 10.4797 0.62972 4.3
      vertex 10.6912 0.44429 0
      vertex 10.4797 0.62972 0
    endloop
  endfacet
  facet normal 0.321446 0.946928 -0
    outer loop
      vertex 11.4435 0.0732594 0
      vertex 11.1772 0.163658 4.3
      vertex 11.4435 0.0732594 4.3
    endloop
  endfacet
  facet normal 0.321446 0.946928 0
    outer loop
      vertex 11.1772 0.163658 4.3
      vertex 11.4435 0.0732594 0
      vertex 11.1772 0.163658 0
    endloop
  endfacet
  facet normal 0.195042 0.980795 -0
    outer loop
      vertex 11.7194 0.0183935 0
      vertex 11.4435 0.0732594 4.3
      vertex 11.7194 0.0183935 4.3
    endloop
  endfacet
  facet normal 0.195042 0.980795 0
    outer loop
      vertex 11.4435 0.0732594 4.3
      vertex 11.7194 0.0183935 0
      vertex 11.4435 0.0732594 0
    endloop
  endfacet
  facet normal 0.195159 -0.980772 0
    outer loop
      vertex 11.4435 19.9267 0
      vertex 11.7194 19.9816 2.4
      vertex 11.4435 19.9267 2.4
    endloop
  endfacet
  facet normal 0.195159 -0.980772 0
    outer loop
      vertex 11.7194 19.9816 2.4
      vertex 11.4435 19.9267 0
      vertex 11.7194 19.9816 0
    endloop
  endfacet
  facet normal -0.555766 -0.831338 0
    outer loop
      vertex 13.075 19.712 0
      vertex 13.3088 19.5557 2.4
      vertex 13.075 19.712 2.4
    endloop
  endfacet
  facet normal -0.555766 -0.831338 -0
    outer loop
      vertex 13.3088 19.5557 2.4
      vertex 13.075 19.712 0
      vertex 13.3088 19.5557 0
    endloop
  endfacet
  facet normal -0.195159 -0.980772 0
    outer loop
      vertex 12.2806 19.9816 0
      vertex 12.5565 19.9267 2.4
      vertex 12.2806 19.9816 2.4
    endloop
  endfacet
  facet normal -0.195159 -0.980772 -0
    outer loop
      vertex 12.5565 19.9267 2.4
      vertex 12.2806 19.9816 0
      vertex 12.5565 19.9267 0
    endloop
  endfacet
  facet normal 0 0 -1
    outer loop
      vertex 9.85 2.15 4.3
      vertex 14.15 2.15 4.3
      vertex 14.1316 1.86937 4.3
    endloop
  endfacet
  facet normal 0 0 -1
    outer loop
      vertex 13.9863 1.32723 4.3
      vertex 14.1316 1.86937 4.3
      vertex 14.0767 1.59354 4.3
    endloop
  endfacet
  facet normal 0 0 -1
    outer loop
      vertex 13.862 1.075 4.3
      vertex 14.1316 1.86937 4.3
      vertex 13.9863 1.32723 4.3
    endloop
  endfacet
  facet normal 0 0 -1
    outer loop
      vertex 13.7057 0.841163 4.3
      vertex 14.1316 1.86937 4.3
      vertex 13.862 1.075 4.3
    endloop
  endfacet
  facet normal 0 0 -1
    outer loop
      vertex 13.5203 0.62972 4.3
      vertex 14.1316 1.86937 4.3
      vertex 13.7057 0.841163 4.3
    endloop
  endfacet
  facet normal 0 0 -1
    outer loop
      vertex 13.3088 0.44429 4.3
      vertex 14.1316 1.86937 4.3
      vertex 13.5203 0.62972 4.3
    endloop
  endfacet
  facet normal 0 0 -1
    outer loop
      vertex 13.075 0.288045 4.3
      vertex 14.1316 1.86937 4.3
      vertex 13.3088 0.44429 4.3
    endloop
  endfacet
  facet normal 0 0 -1
    outer loop
      vertex 12.8228 0.163658 4.3
      vertex 14.1316 1.86937 4.3
      vertex 13.075 0.288045 4.3
    endloop
  endfacet
  facet normal 0 0 -1
    outer loop
      vertex 12.5565 0.0732594 4.3
      vertex 14.1316 1.86937 4.3
      vertex 12.8228 0.163658 4.3
    endloop
  endfacet
  facet normal 0 0 -1
    outer loop
      vertex 12.2806 0.0183935 4.3
      vertex 14.1316 1.86937 4.3
      vertex 12.5565 0.0732594 4.3
    endloop
  endfacet
  facet normal 0 0 -1
    outer loop
      vertex 12 0 4.3
      vertex 14.1316 1.86937 4.3
      vertex 12.2806 0.0183935 4.3
    endloop
  endfacet
  facet normal 0 0 -1
    outer loop
      vertex 11.7194 0.0183935 4.3
      vertex 14.1316 1.86937 4.3
      vertex 12 0 4.3
    endloop
  endfacet
  facet normal 0 0 -1
    outer loop
      vertex 11.4435 0.0732594 4.3
      vertex 14.1316 1.86937 4.3
      vertex 11.7194 0.0183935 4.3
    endloop
  endfacet
  facet normal 0 0 -1
    outer loop
      vertex 11.1772 0.163658 4.3
      vertex 14.1316 1.86937 4.3
      vertex 11.4435 0.0732594 4.3
    endloop
  endfacet
  facet normal 0 0 -1
    outer loop
      vertex 10.925 0.288045 4.3
      vertex 14.1316 1.86937 4.3
      vertex 11.1772 0.163658 4.3
    endloop
  endfacet
  facet normal 0 0 -1
    outer loop
      vertex 10.6912 0.44429 4.3
      vertex 14.1316 1.86937 4.3
      vertex 10.925 0.288045 4.3
    endloop
  endfacet
  facet normal 0 0 -1
    outer loop
      vertex 10.4797 0.62972 4.3
      vertex 14.1316 1.86937 4.3
      vertex 10.6912 0.44429 4.3
    endloop
  endfacet
  facet normal 0 0 -1
    outer loop
      vertex 10.2943 0.841163 4.3
      vertex 14.1316 1.86937 4.3
      vertex 10.4797 0.62972 4.3
    endloop
  endfacet
  facet normal 0 0 -1
    outer loop
      vertex 10.138 1.075 4.3
      vertex 14.1316 1.86937 4.3
      vertex 10.2943 0.841163 4.3
    endloop
  endfacet
  facet normal 0 0 -1
    outer loop
      vertex 10.0137 1.32723 4.3
      vertex 14.1316 1.86937 4.3
      vertex 10.138 1.075 4.3
    endloop
  endfacet
  facet normal 0 0 -1
    outer loop
      vertex 9.92326 1.59354 4.3
      vertex 14.1316 1.86937 4.3
      vertex 10.0137 1.32723 4.3
    endloop
  endfacet
  facet normal 0 0 -1
    outer loop
      vertex 9.86839 1.86937 4.3
      vertex 14.1316 1.86937 4.3
      vertex 9.92326 1.59354 4.3
    endloop
  endfacet
  facet normal 0 0 -1
    outer loop
      vertex 9.85 2.15 4.3
      vertex 14.1316 1.86937 4.3
      vertex 9.86839 1.86937 4.3
    endloop
  endfacet
  facet normal 0 0 -1
    outer loop
      vertex 14.15 2.15 4.3
      vertex 9.85 2.15 4.3
      vertex 14.15 2.4 4.3
    endloop
  endfacet
  facet normal -0 0 -1
    outer loop
      vertex 14.15 2.4 4.3
      vertex 9.85 2.15 4.3
      vertex 9.85 2.4 4.3
    endloop
  endfacet
  facet normal -0.442334 0.896851 0
    outer loop
      vertex 13.075 0.288045 0
      vertex 12.8228 0.163658 4.3
      vertex 13.075 0.288045 4.3
    endloop
  endfacet
  facet normal -0.442334 0.896851 0
    outer loop
      vertex 12.8228 0.163658 4.3
      vertex 13.075 0.288045 0
      vertex 12.8228 0.163658 0
    endloop
  endfacet
  facet normal 0.0654332 -0.997857 0
    outer loop
      vertex 11.7194 69.9816 0
      vertex 12 70 4.3
      vertex 11.7194 69.9816 4.3
    endloop
  endfacet
  facet normal 0.0654332 -0.997857 0
    outer loop
      vertex 12 70 4.3
      vertex 11.7194 69.9816 0
      vertex 12 70 0
    endloop
  endfacet
  facet normal -0.946927 0.32145 0
    outer loop
      vertex 13.9863 51.3272 0
      vertex 14.0767 51.5935 2.4
      vertex 14.0767 51.5935 0
    endloop
  endfacet
  facet normal -0.946927 0.32145 0
    outer loop
      vertex 14.0767 51.5935 2.4
      vertex 13.9863 51.3272 0
      vertex 13.9863 51.3272 2.4
    endloop
  endfacet
  facet normal -0.659184 -0.751982 0
    outer loop
      vertex 13.3088 69.5557 0
      vertex 13.5203 69.3703 4.3
      vertex 13.3088 69.5557 4.3
    endloop
  endfacet
  facet normal -0.659184 -0.751982 -0
    outer loop
      vertex 13.5203 69.3703 4.3
      vertex 13.3088 69.5557 0
      vertex 13.5203 69.3703 0
    endloop
  endfacet
  facet normal 0.946883 0.321578 0
    outer loop
      vertex 10.0137 51.3272 2.4
      vertex 9.92326 51.5935 0
      vertex 9.92326 51.5935 2.4
    endloop
  endfacet
  facet normal 0.946883 0.321578 0
    outer loop
      vertex 9.92326 51.5935 0
      vertex 10.0137 51.3272 2.4
      vertex 10.0137 51.3272 0
    endloop
  endfacet
  facet normal 1 0 0
    outer loop
      vertex 9.85 67.6 2.4
      vertex 9.85 67.85 4.3
      vertex 9.85 67.6 4.3
    endloop
  endfacet
  facet normal 1 0 0
    outer loop
      vertex 9.85 67.85 4.3
      vertex 9.85 67.6 2.4
      vertex 9.85 67.85 0
    endloop
  endfacet
  facet normal 1 0 0
    outer loop
      vertex 9.85 52.15 0
      vertex 9.85 67.6 2.4
      vertex 9.85 52.15 2.4
    endloop
  endfacet
  facet normal 1 0 0
    outer loop
      vertex 9.85 67.6 2.4
      vertex 9.85 52.15 0
      vertex 9.85 67.85 0
    endloop
  endfacet
  facet normal 0.831338 0.555766 0
    outer loop
      vertex 10.2943 50.8412 2.4
      vertex 10.138 51.075 0
      vertex 10.138 51.075 2.4
    endloop
  endfacet
  facet normal 0.831338 0.555766 0
    outer loop
      vertex 10.138 51.075 0
      vertex 10.2943 50.8412 2.4
      vertex 10.2943 50.8412 0
    endloop
  endfacet
  facet normal 0.555766 0.831338 -0
    outer loop
      vertex 10.925 50.288 0
      vertex 10.6912 50.4443 2.4
      vertex 10.925 50.288 2.4
    endloop
  endfacet
  facet normal 0.555766 0.831338 0
    outer loop
      vertex 10.6912 50.4443 2.4
      vertex 10.925 50.288 0
      vertex 10.6912 50.4443 0
    endloop
  endfacet
  facet normal 0.896973 -0.442085 0
    outer loop
      vertex 10.0137 68.6728 4.3
      vertex 10.138 68.925 0
      vertex 10.138 68.925 4.3
    endloop
  endfacet
  facet normal 0.896973 -0.442085 0
    outer loop
      vertex 10.138 68.925 0
      vertex 10.0137 68.6728 4.3
      vertex 10.0137 68.6728 0
    endloop
  endfacet
  facet normal 0.980792 0.195056 0
    outer loop
      vertex 9.92326 51.5935 2.4
      vertex 9.86839 51.8694 0
      vertex 9.86839 51.8694 2.4
    endloop
  endfacet
  facet normal 0.980792 0.195056 0
    outer loop
      vertex 9.86839 51.8694 0
      vertex 9.92326 51.5935 2.4
      vertex 9.92326 51.5935 0
    endloop
  endfacet
  facet normal -0.896973 -0.442085 0
    outer loop
      vertex 13.9863 68.6728 0
      vertex 13.862 68.925 4.3
      vertex 13.862 68.925 0
    endloop
  endfacet
  facet normal -0.896973 -0.442085 0
    outer loop
      vertex 13.862 68.925 4.3
      vertex 13.9863 68.6728 0
      vertex 13.9863 68.6728 4.3
    endloop
  endfacet
  facet normal 0.751982 -0.659184 0
    outer loop
      vertex 10.2943 69.1588 4.3
      vertex 10.4797 69.3703 0
      vertex 10.4797 69.3703 4.3
    endloop
  endfacet
  facet normal 0.751982 -0.659184 0
    outer loop
      vertex 10.4797 69.3703 0
      vertex 10.2943 69.1588 4.3
      vertex 10.2943 69.1588 0
    endloop
  endfacet
  facet normal 0.659184 -0.751982 0
    outer loop
      vertex 10.4797 69.3703 0
      vertex 10.6912 69.5557 4.3
      vertex 10.4797 69.3703 4.3
    endloop
  endfacet
  facet normal 0.659184 -0.751982 0
    outer loop
      vertex 10.6912 69.5557 4.3
      vertex 10.4797 69.3703 0
      vertex 10.6912 69.5557 0
    endloop
  endfacet
  facet normal 0.997859 -0.0653978 0
    outer loop
      vertex 9.85 67.85 4.3
      vertex 9.86839 68.1306 0
      vertex 9.86839 68.1306 4.3
    endloop
  endfacet
  facet normal 0.997859 -0.0653978 0
    outer loop
      vertex 9.86839 68.1306 0
      vertex 9.85 67.85 4.3
      vertex 9.85 67.85 0
    endloop
  endfacet
  facet normal 0.32145 -0.946927 0
    outer loop
      vertex 11.1772 69.8363 0
      vertex 11.4435 69.9267 4.3
      vertex 11.1772 69.8363 4.3
    endloop
  endfacet
  facet normal 0.32145 -0.946927 0
    outer loop
      vertex 11.4435 69.9267 4.3
      vertex 11.1772 69.8363 0
      vertex 11.4435 69.9267 0
    endloop
  endfacet
  facet normal -0.980772 -0.195159 0
    outer loop
      vertex 14.1316 68.1306 0
      vertex 14.0767 68.4065 4.3
      vertex 14.0767 68.4065 0
    endloop
  endfacet
  facet normal -0.980772 -0.195159 0
    outer loop
      vertex 14.0767 68.4065 4.3
      vertex 14.1316 68.1306 0
      vertex 14.1316 68.1306 4.3
    endloop
  endfacet
  facet normal 0.946883 -0.321578 0
    outer loop
      vertex 9.92326 68.4065 4.3
      vertex 10.0137 68.6728 0
      vertex 10.0137 68.6728 4.3
    endloop
  endfacet
  facet normal 0.946883 -0.321578 0
    outer loop
      vertex 10.0137 68.6728 0
      vertex 9.92326 68.4065 4.3
      vertex 9.92326 68.4065 0
    endloop
  endfacet
  facet normal -1 0 0
    outer loop
      vertex 14.15 67.85 0
      vertex 14.15 67.6 2.4
      vertex 14.15 67.85 4.3
    endloop
  endfacet
  facet normal -1 0 0
    outer loop
      vertex 14.15 52.15 0
      vertex 14.15 67.6 2.4
      vertex 14.15 67.85 0
    endloop
  endfacet
  facet normal -1 -0 0
    outer loop
      vertex 14.15 67.6 2.4
      vertex 14.15 52.15 0
      vertex 14.15 52.15 2.4
    endloop
  endfacet
  facet normal -1 -0 0
    outer loop
      vertex 14.15 67.85 4.3
      vertex 14.15 67.6 2.4
      vertex 14.15 67.6 4.3
    endloop
  endfacet
  facet normal 0.997859 0.0653978 0
    outer loop
      vertex 9.86839 51.8694 2.4
      vertex 9.85 52.15 0
      vertex 9.85 52.15 2.4
    endloop
  endfacet
  facet normal 0.997859 0.0653978 0
    outer loop
      vertex 9.85 52.15 0
      vertex 9.86839 51.8694 2.4
      vertex 9.86839 51.8694 0
    endloop
  endfacet
  facet normal -0.751982 0.659184 0
    outer loop
      vertex 13.5203 50.6297 0
      vertex 13.7057 50.8412 2.4
      vertex 13.7057 50.8412 0
    endloop
  endfacet
  facet normal -0.751982 0.659184 0
    outer loop
      vertex 13.7057 50.8412 2.4
      vertex 13.5203 50.6297 0
      vertex 13.5203 50.6297 2.4
    endloop
  endfacet
  facet normal -0.997857 0.0654332 0
    outer loop
      vertex 14.1316 51.8694 0
      vertex 14.15 52.15 2.4
      vertex 14.15 52.15 0
    endloop
  endfacet
  facet normal -0.997857 0.0654332 0
    outer loop
      vertex 14.15 52.15 2.4
      vertex 14.1316 51.8694 0
      vertex 14.1316 51.8694 2.4
    endloop
  endfacet
  facet normal -0.32145 0.946927 0
    outer loop
      vertex 12.8228 50.1637 0
      vertex 12.5565 50.0733 2.4
      vertex 12.8228 50.1637 2.4
    endloop
  endfacet
  facet normal -0.32145 0.946927 0
    outer loop
      vertex 12.5565 50.0733 2.4
      vertex 12.8228 50.1637 0
      vertex 12.5565 50.0733 0
    endloop
  endfacet
  facet normal -0.831338 0.555766 0
    outer loop
      vertex 13.7057 50.8412 0
      vertex 13.862 51.075 2.4
      vertex 13.862 51.075 0
    endloop
  endfacet
  facet normal -0.831338 0.555766 0
    outer loop
      vertex 13.862 51.075 2.4
      vertex 13.7057 50.8412 0
      vertex 13.7057 50.8412 2.4
    endloop
  endfacet
  facet normal -0.997857 -0.0654332 0
    outer loop
      vertex 14.15 67.85 0
      vertex 14.1316 68.1306 4.3
      vertex 14.1316 68.1306 0
    endloop
  endfacet
  facet normal -0.997857 -0.0654332 0
    outer loop
      vertex 14.1316 68.1306 4.3
      vertex 14.15 67.85 0
      vertex 14.15 67.85 4.3
    endloop
  endfacet
  facet normal 0.980792 -0.195056 0
    outer loop
      vertex 9.86839 68.1306 4.3
      vertex 9.92326 68.4065 0
      vertex 9.92326 68.4065 4.3
    endloop
  endfacet
  facet normal 0.980792 -0.195056 0
    outer loop
      vertex 9.92326 68.4065 0
      vertex 9.86839 68.1306 4.3
      vertex 9.86839 68.1306 0
    endloop
  endfacet
  facet normal 0.555766 -0.831338 0
    outer loop
      vertex 10.6912 69.5557 0
      vertex 10.925 69.712 4.3
      vertex 10.6912 69.5557 4.3
    endloop
  endfacet
  facet normal 0.555766 -0.831338 0
    outer loop
      vertex 10.925 69.712 4.3
      vertex 10.6912 69.5557 0
      vertex 10.925 69.712 0
    endloop
  endfacet
  facet normal -0.195159 0.980772 0
    outer loop
      vertex 12.5565 50.0733 0
      vertex 12.2806 50.0184 2.4
      vertex 12.5565 50.0733 2.4
    endloop
  endfacet
  facet normal -0.195159 0.980772 0
    outer loop
      vertex 12.2806 50.0184 2.4
      vertex 12.5565 50.0733 0
      vertex 12.2806 50.0184 0
    endloop
  endfacet
  facet normal -0.0654332 0.997857 0
    outer loop
      vertex 12.2806 50.0184 0
      vertex 12 50 2.4
      vertex 12.2806 50.0184 2.4
    endloop
  endfacet
  facet normal -0.0654332 0.997857 0
    outer loop
      vertex 12 50 2.4
      vertex 12.2806 50.0184 0
      vertex 12 50 0
    endloop
  endfacet
  facet normal 0.442085 -0.896973 0
    outer loop
      vertex 10.925 69.712 0
      vertex 11.1772 69.8363 4.3
      vertex 10.925 69.712 4.3
    endloop
  endfacet
  facet normal 0.442085 -0.896973 0
    outer loop
      vertex 11.1772 69.8363 4.3
      vertex 10.925 69.712 0
      vertex 11.1772 69.8363 0
    endloop
  endfacet
  facet normal -0.659184 0.751982 0
    outer loop
      vertex 13.5203 50.6297 0
      vertex 13.3088 50.4443 2.4
      vertex 13.5203 50.6297 2.4
    endloop
  endfacet
  facet normal -0.659184 0.751982 0
    outer loop
      vertex 13.3088 50.4443 2.4
      vertex 13.5203 50.6297 0
      vertex 13.3088 50.4443 0
    endloop
  endfacet
  facet normal 0.831338 -0.555766 0
    outer loop
      vertex 10.138 68.925 4.3
      vertex 10.2943 69.1588 0
      vertex 10.2943 69.1588 4.3
    endloop
  endfacet
  facet normal 0.831338 -0.555766 0
    outer loop
      vertex 10.2943 69.1588 0
      vertex 10.138 68.925 4.3
      vertex 10.138 68.925 0
    endloop
  endfacet
  facet normal -0.0654332 -0.997857 0
    outer loop
      vertex 12 70 0
      vertex 12.2806 69.9816 4.3
      vertex 12 70 4.3
    endloop
  endfacet
  facet normal -0.0654332 -0.997857 -0
    outer loop
      vertex 12.2806 69.9816 4.3
      vertex 12 70 0
      vertex 12.2806 69.9816 0
    endloop
  endfacet
  facet normal -0.946927 -0.32145 0
    outer loop
      vertex 14.0767 68.4065 0
      vertex 13.9863 68.6728 4.3
      vertex 13.9863 68.6728 0
    endloop
  endfacet
  facet normal -0.946927 -0.32145 0
    outer loop
      vertex 13.9863 68.6728 4.3
      vertex 14.0767 68.4065 0
      vertex 14.0767 68.4065 4.3
    endloop
  endfacet
  facet normal -0.32145 -0.946927 0
    outer loop
      vertex 12.5565 69.9267 0
      vertex 12.8228 69.8363 4.3
      vertex 12.5565 69.9267 4.3
    endloop
  endfacet
  facet normal -0.32145 -0.946927 -0
    outer loop
      vertex 12.8228 69.8363 4.3
      vertex 12.5565 69.9267 0
      vertex 12.8228 69.8363 0
    endloop
  endfacet
  facet normal -0.980772 0.195159 0
    outer loop
      vertex 14.0767 51.5935 0
      vertex 14.1316 51.8694 2.4
      vertex 14.1316 51.8694 0
    endloop
  endfacet
  facet normal -0.980772 0.195159 0
    outer loop
      vertex 14.1316 51.8694 2.4
      vertex 14.0767 51.5935 0
      vertex 14.0767 51.5935 2.4
    endloop
  endfacet
  facet normal 0.0654332 0.997857 -0
    outer loop
      vertex 12 50 0
      vertex 11.7194 50.0184 2.4
      vertex 12 50 2.4
    endloop
  endfacet
  facet normal 0.0654332 0.997857 0
    outer loop
      vertex 11.7194 50.0184 2.4
      vertex 12 50 0
      vertex 11.7194 50.0184 0
    endloop
  endfacet
  facet normal -0.751982 -0.659184 0
    outer loop
      vertex 13.7057 69.1588 0
      vertex 13.5203 69.3703 4.3
      vertex 13.5203 69.3703 0
    endloop
  endfacet
  facet normal -0.751982 -0.659184 0
    outer loop
      vertex 13.5203 69.3703 4.3
      vertex 13.7057 69.1588 0
      vertex 13.7057 69.1588 4.3
    endloop
  endfacet
  facet normal 0.896973 0.442085 0
    outer loop
      vertex 10.138 51.075 2.4
      vertex 10.0137 51.3272 0
      vertex 10.0137 51.3272 2.4
    endloop
  endfacet
  facet normal 0.896973 0.442085 0
    outer loop
      vertex 10.0137 51.3272 0
      vertex 10.138 51.075 2.4
      vertex 10.138 51.075 0
    endloop
  endfacet
  facet normal -0.896973 0.442085 0
    outer loop
      vertex 13.862 51.075 0
      vertex 13.9863 51.3272 2.4
      vertex 13.9863 51.3272 0
    endloop
  endfacet
  facet normal -0.896973 0.442085 0
    outer loop
      vertex 13.9863 51.3272 2.4
      vertex 13.862 51.075 0
      vertex 13.862 51.075 2.4
    endloop
  endfacet
  facet normal 0.442085 0.896973 -0
    outer loop
      vertex 11.1772 50.1637 0
      vertex 10.925 50.288 2.4
      vertex 11.1772 50.1637 2.4
    endloop
  endfacet
  facet normal 0.442085 0.896973 0
    outer loop
      vertex 10.925 50.288 2.4
      vertex 11.1772 50.1637 0
      vertex 10.925 50.288 0
    endloop
  endfacet
  facet normal -0.555766 0.831338 0
    outer loop
      vertex 13.3088 50.4443 0
      vertex 13.075 50.288 2.4
      vertex 13.3088 50.4443 2.4
    endloop
  endfacet
  facet normal -0.555766 0.831338 0
    outer loop
      vertex 13.075 50.288 2.4
      vertex 13.3088 50.4443 0
      vertex 13.075 50.288 0
    endloop
  endfacet
  facet normal -0.831338 -0.555766 0
    outer loop
      vertex 13.862 68.925 0
      vertex 13.7057 69.1588 4.3
      vertex 13.7057 69.1588 0
    endloop
  endfacet
  facet normal -0.831338 -0.555766 0
    outer loop
      vertex 13.7057 69.1588 4.3
      vertex 13.862 68.925 0
      vertex 13.862 68.925 4.3
    endloop
  endfacet
  facet normal 0.751982 0.659184 0
    outer loop
      vertex 10.4797 50.6297 2.4
      vertex 10.2943 50.8412 0
      vertex 10.2943 50.8412 2.4
    endloop
  endfacet
  facet normal 0.751982 0.659184 0
    outer loop
      vertex 10.2943 50.8412 0
      vertex 10.4797 50.6297 2.4
      vertex 10.4797 50.6297 0
    endloop
  endfacet
  facet normal -0.442085 -0.896973 0
    outer loop
      vertex 12.8228 69.8363 0
      vertex 13.075 69.712 4.3
      vertex 12.8228 69.8363 4.3
    endloop
  endfacet
  facet normal -0.442085 -0.896973 -0
    outer loop
      vertex 13.075 69.712 4.3
      vertex 12.8228 69.8363 0
      vertex 13.075 69.712 0
    endloop
  endfacet
  facet normal 0.659184 0.751982 -0
    outer loop
      vertex 10.6912 50.4443 0
      vertex 10.4797 50.6297 2.4
      vertex 10.6912 50.4443 2.4
    endloop
  endfacet
  facet normal 0.659184 0.751982 0
    outer loop
      vertex 10.4797 50.6297 2.4
      vertex 10.6912 50.4443 0
      vertex 10.4797 50.6297 0
    endloop
  endfacet
  facet normal 0.32145 0.946927 -0
    outer loop
      vertex 11.4435 50.0733 0
      vertex 11.1772 50.1637 2.4
      vertex 11.4435 50.0733 2.4
    endloop
  endfacet
  facet normal 0.32145 0.946927 0
    outer loop
      vertex 11.1772 50.1637 2.4
      vertex 11.4435 50.0733 0
      vertex 11.1772 50.1637 0
    endloop
  endfacet
  facet normal 0.195159 0.980772 -0
    outer loop
      vertex 11.7194 50.0184 0
      vertex 11.4435 50.0733 2.4
      vertex 11.7194 50.0184 2.4
    endloop
  endfacet
  facet normal 0.195159 0.980772 0
    outer loop
      vertex 11.4435 50.0733 2.4
      vertex 11.7194 50.0184 0
      vertex 11.4435 50.0733 0
    endloop
  endfacet
  facet normal 0.195159 -0.980772 0
    outer loop
      vertex 11.4435 69.9267 0
      vertex 11.7194 69.9816 4.3
      vertex 11.4435 69.9267 4.3
    endloop
  endfacet
  facet normal 0.195159 -0.980772 0
    outer loop
      vertex 11.7194 69.9816 4.3
      vertex 11.4435 69.9267 0
      vertex 11.7194 69.9816 0
    endloop
  endfacet
  facet normal -0.555766 -0.831338 0
    outer loop
      vertex 13.075 69.712 0
      vertex 13.3088 69.5557 4.3
      vertex 13.075 69.712 4.3
    endloop
  endfacet
  facet normal -0.555766 -0.831338 -0
    outer loop
      vertex 13.3088 69.5557 4.3
      vertex 13.075 69.712 0
      vertex 13.3088 69.5557 0
    endloop
  endfacet
  facet normal -0.195159 -0.980772 0
    outer loop
      vertex 12.2806 69.9816 0
      vertex 12.5565 69.9267 4.3
      vertex 12.2806 69.9816 4.3
    endloop
  endfacet
  facet normal -0.195159 -0.980772 -0
    outer loop
      vertex 12.5565 69.9267 4.3
      vertex 12.2806 69.9816 0
      vertex 12.5565 69.9267 0
    endloop
  endfacet
  facet normal 0 0 -1
    outer loop
      vertex 9.85 67.85 4.3
      vertex 14.15 67.85 4.3
      vertex 14.15 67.6 4.3
    endloop
  endfacet
  facet normal 0 0 -1
    outer loop
      vertex 14.15 67.85 4.3
      vertex 9.85 67.85 4.3
      vertex 14.1316 68.1306 4.3
    endloop
  endfacet
  facet normal 0 0 -1
    outer loop
      vertex 14.1316 68.1306 4.3
      vertex 13.9863 68.6728 4.3
      vertex 14.0767 68.4065 4.3
    endloop
  endfacet
  facet normal 0 0 -1
    outer loop
      vertex 14.1316 68.1306 4.3
      vertex 13.862 68.925 4.3
      vertex 13.9863 68.6728 4.3
    endloop
  endfacet
  facet normal 0 0 -1
    outer loop
      vertex 14.1316 68.1306 4.3
      vertex 13.7057 69.1588 4.3
      vertex 13.862 68.925 4.3
    endloop
  endfacet
  facet normal 0 0 -1
    outer loop
      vertex 14.1316 68.1306 4.3
      vertex 13.5203 69.3703 4.3
      vertex 13.7057 69.1588 4.3
    endloop
  endfacet
  facet normal 0 0 -1
    outer loop
      vertex 14.1316 68.1306 4.3
      vertex 13.3088 69.5557 4.3
      vertex 13.5203 69.3703 4.3
    endloop
  endfacet
  facet normal 0 0 -1
    outer loop
      vertex 14.1316 68.1306 4.3
      vertex 13.075 69.712 4.3
      vertex 13.3088 69.5557 4.3
    endloop
  endfacet
  facet normal 0 0 -1
    outer loop
      vertex 14.1316 68.1306 4.3
      vertex 12.8228 69.8363 4.3
      vertex 13.075 69.712 4.3
    endloop
  endfacet
  facet normal 0 0 -1
    outer loop
      vertex 14.1316 68.1306 4.3
      vertex 12.5565 69.9267 4.3
      vertex 12.8228 69.8363 4.3
    endloop
  endfacet
  facet normal 0 0 -1
    outer loop
      vertex 14.1316 68.1306 4.3
      vertex 12.2806 69.9816 4.3
      vertex 12.5565 69.9267 4.3
    endloop
  endfacet
  facet normal 0 0 -1
    outer loop
      vertex 14.1316 68.1306 4.3
      vertex 12 70 4.3
      vertex 12.2806 69.9816 4.3
    endloop
  endfacet
  facet normal 0 0 -1
    outer loop
      vertex 14.1316 68.1306 4.3
      vertex 11.7194 69.9816 4.3
      vertex 12 70 4.3
    endloop
  endfacet
  facet normal 0 0 -1
    outer loop
      vertex 14.1316 68.1306 4.3
      vertex 11.4435 69.9267 4.3
      vertex 11.7194 69.9816 4.3
    endloop
  endfacet
  facet normal 0 0 -1
    outer loop
      vertex 14.1316 68.1306 4.3
      vertex 11.1772 69.8363 4.3
      vertex 11.4435 69.9267 4.3
    endloop
  endfacet
  facet normal 0 0 -1
    outer loop
      vertex 14.1316 68.1306 4.3
      vertex 10.925 69.712 4.3
      vertex 11.1772 69.8363 4.3
    endloop
  endfacet
  facet normal 0 0 -1
    outer loop
      vertex 14.1316 68.1306 4.3
      vertex 10.6912 69.5557 4.3
      vertex 10.925 69.712 4.3
    endloop
  endfacet
  facet normal 0 0 -1
    outer loop
      vertex 14.1316 68.1306 4.3
      vertex 10.4797 69.3703 4.3
      vertex 10.6912 69.5557 4.3
    endloop
  endfacet
  facet normal 0 0 -1
    outer loop
      vertex 14.1316 68.1306 4.3
      vertex 10.2943 69.1588 4.3
      vertex 10.4797 69.3703 4.3
    endloop
  endfacet
  facet normal 0 0 -1
    outer loop
      vertex 14.1316 68.1306 4.3
      vertex 10.138 68.925 4.3
      vertex 10.2943 69.1588 4.3
    endloop
  endfacet
  facet normal 0 0 -1
    outer loop
      vertex 14.1316 68.1306 4.3
      vertex 10.0137 68.6728 4.3
      vertex 10.138 68.925 4.3
    endloop
  endfacet
  facet normal 0 0 -1
    outer loop
      vertex 14.1316 68.1306 4.3
      vertex 9.92326 68.4065 4.3
      vertex 10.0137 68.6728 4.3
    endloop
  endfacet
  facet normal 0 0 -1
    outer loop
      vertex 14.1316 68.1306 4.3
      vertex 9.86839 68.1306 4.3
      vertex 9.92326 68.4065 4.3
    endloop
  endfacet
  facet normal 0 0 -1
    outer loop
      vertex 9.85 67.85 4.3
      vertex 14.15 67.6 4.3
      vertex 9.85 67.6 4.3
    endloop
  endfacet
  facet normal -0 0 -1
    outer loop
      vertex 14.1316 68.1306 4.3
      vertex 9.85 67.85 4.3
      vertex 9.86839 68.1306 4.3
    endloop
  endfacet
  facet normal -0.442085 0.896973 0
    outer loop
      vertex 13.075 50.288 0
      vertex 12.8228 50.1637 2.4
      vertex 13.075 50.288 2.4
    endloop
  endfacet
  facet normal -0.442085 0.896973 0
    outer loop
      vertex 12.8228 50.1637 2.4
      vertex 13.075 50.288 0
      vertex 12.8228 50.1637 0
    endloop
  endfacet
  facet normal 0.0654332 -0.997857 0
    outer loop
      vertex 77.7194 19.9816 0
      vertex 78 20 2.4
      vertex 77.7194 19.9816 2.4
    endloop
  endfacet
  facet normal 0.0654332 -0.997857 0
    outer loop
      vertex 78 20 2.4
      vertex 77.7194 19.9816 0
      vertex 78 20 0
    endloop
  endfacet
  facet normal -0.94693 0.321439 0
    outer loop
      vertex 79.9863 1.32723 0
      vertex 80.0767 1.59354 4.3
      vertex 80.0767 1.59354 0
    endloop
  endfacet
  facet normal -0.94693 0.321439 0
    outer loop
      vertex 80.0767 1.59354 4.3
      vertex 79.9863 1.32723 0
      vertex 79.9863 1.32723 4.3
    endloop
  endfacet
  facet normal -0.659184 -0.751982 0
    outer loop
      vertex 79.3088 19.5557 0
      vertex 79.5203 19.3703 2.4
      vertex 79.3088 19.5557 2.4
    endloop
  endfacet
  facet normal -0.659184 -0.751982 -0
    outer loop
      vertex 79.5203 19.3703 2.4
      vertex 79.3088 19.5557 0
      vertex 79.5203 19.3703 0
    endloop
  endfacet
  facet normal 0.94693 0.321439 0
    outer loop
      vertex 76.0137 1.32723 4.3
      vertex 75.9233 1.59354 0
      vertex 75.9233 1.59354 4.3
    endloop
  endfacet
  facet normal 0.94693 0.321439 0
    outer loop
      vertex 75.9233 1.59354 0
      vertex 76.0137 1.32723 4.3
      vertex 76.0137 1.32723 0
    endloop
  endfacet
  facet normal 1 0 0
    outer loop
      vertex 75.85 2.4 4.3
      vertex 75.85 2.15 4.3
      vertex 75.85 2.4 2.4
    endloop
  endfacet
  facet normal 1 -0 0
    outer loop
      vertex 75.85 2.4 2.4
      vertex 75.85 17.85 0
      vertex 75.85 17.85 2.4
    endloop
  endfacet
  facet normal 1 0 0
    outer loop
      vertex 75.85 2.4 2.4
      vertex 75.85 2.15 0
      vertex 75.85 17.85 0
    endloop
  endfacet
  facet normal 1 0 0
    outer loop
      vertex 75.85 2.15 0
      vertex 75.85 2.4 2.4
      vertex 75.85 2.15 4.3
    endloop
  endfacet
  facet normal 0.831379 0.555706 0
    outer loop
      vertex 76.2943 0.841163 4.3
      vertex 76.138 1.075 0
      vertex 76.138 1.075 4.3
    endloop
  endfacet
  facet normal 0.831379 0.555706 0
    outer loop
      vertex 76.138 1.075 0
      vertex 76.2943 0.841163 4.3
      vertex 76.2943 0.841163 0
    endloop
  endfacet
  facet normal 0.555631 0.831429 -0
    outer loop
      vertex 76.925 0.288045 0
      vertex 76.6912 0.44429 4.3
      vertex 76.925 0.288045 4.3
    endloop
  endfacet
  facet normal 0.555631 0.831429 0
    outer loop
      vertex 76.6912 0.44429 4.3
      vertex 76.925 0.288045 0
      vertex 76.6912 0.44429 0
    endloop
  endfacet
  facet normal 0.896973 -0.442085 0
    outer loop
      vertex 76.0137 18.6728 2.4
      vertex 76.138 18.925 0
      vertex 76.138 18.925 2.4
    endloop
  endfacet
  facet normal 0.896973 -0.442085 0
    outer loop
      vertex 76.138 18.925 0
      vertex 76.0137 18.6728 2.4
      vertex 76.0137 18.6728 0
    endloop
  endfacet
  facet normal 0.980762 0.195207 0
    outer loop
      vertex 75.9233 1.59354 4.3
      vertex 75.8684 1.86937 0
      vertex 75.8684 1.86937 4.3
    endloop
  endfacet
  facet normal 0.980762 0.195207 0
    outer loop
      vertex 75.8684 1.86937 0
      vertex 75.9233 1.59354 4.3
      vertex 75.9233 1.59354 0
    endloop
  endfacet
  facet normal -0.896973 -0.442085 0
    outer loop
      vertex 79.9863 18.6728 0
      vertex 79.862 18.925 2.4
      vertex 79.862 18.925 0
    endloop
  endfacet
  facet normal -0.896973 -0.442085 0
    outer loop
      vertex 79.862 18.925 2.4
      vertex 79.9863 18.6728 0
      vertex 79.9863 18.6728 2.4
    endloop
  endfacet
  facet normal 0.751982 -0.659184 0
    outer loop
      vertex 76.2943 19.1588 2.4
      vertex 76.4797 19.3703 0
      vertex 76.4797 19.3703 2.4
    endloop
  endfacet
  facet normal 0.751982 -0.659184 0
    outer loop
      vertex 76.4797 19.3703 0
      vertex 76.2943 19.1588 2.4
      vertex 76.2943 19.1588 0
    endloop
  endfacet
  facet normal 0.659184 -0.751982 0
    outer loop
      vertex 76.4797 19.3703 0
      vertex 76.6912 19.5557 2.4
      vertex 76.4797 19.3703 2.4
    endloop
  endfacet
  facet normal 0.659184 -0.751982 0
    outer loop
      vertex 76.6912 19.5557 2.4
      vertex 76.4797 19.3703 0
      vertex 76.6912 19.5557 0
    endloop
  endfacet
  facet normal 0.997857 -0.0654332 0
    outer loop
      vertex 75.85 17.85 2.4
      vertex 75.8684 18.1306 0
      vertex 75.8684 18.1306 2.4
    endloop
  endfacet
  facet normal 0.997857 -0.0654332 0
    outer loop
      vertex 75.8684 18.1306 0
      vertex 75.85 17.85 2.4
      vertex 75.85 17.85 0
    endloop
  endfacet
  facet normal 0.32145 -0.946927 0
    outer loop
      vertex 77.1772 19.8363 0
      vertex 77.4435 19.9267 2.4
      vertex 77.1772 19.8363 2.4
    endloop
  endfacet
  facet normal 0.32145 -0.946927 0
    outer loop
      vertex 77.4435 19.9267 2.4
      vertex 77.1772 19.8363 0
      vertex 77.4435 19.9267 0
    endloop
  endfacet
  facet normal -0.980772 -0.195159 0
    outer loop
      vertex 80.1316 18.1306 0
      vertex 80.0767 18.4065 2.4
      vertex 80.0767 18.4065 0
    endloop
  endfacet
  facet normal -0.980772 -0.195159 0
    outer loop
      vertex 80.0767 18.4065 2.4
      vertex 80.1316 18.1306 0
      vertex 80.1316 18.1306 2.4
    endloop
  endfacet
  facet normal 0.946927 -0.32145 0
    outer loop
      vertex 75.9233 18.4065 2.4
      vertex 76.0137 18.6728 0
      vertex 76.0137 18.6728 2.4
    endloop
  endfacet
  facet normal 0.946927 -0.32145 0
    outer loop
      vertex 76.0137 18.6728 0
      vertex 75.9233 18.4065 2.4
      vertex 75.9233 18.4065 0
    endloop
  endfacet
  facet normal -1 0 0
    outer loop
      vertex 80.15 6.75983 0
      vertex 80.15 2.4 2.4
      vertex 80.15 6.75983 2.4
    endloop
  endfacet
  facet normal -1 0 0
    outer loop
      vertex 80.15 2.15 0
      vertex 80.15 2.4 2.4
      vertex 80.15 6.75983 0
    endloop
  endfacet
  facet normal -1 0 0
    outer loop
      vertex 80.15 2.15 4.3
      vertex 80.15 2.4 2.4
      vertex 80.15 2.15 0
    endloop
  endfacet
  facet normal -1 0 0
    outer loop
      vertex 80.15 2.4 2.4
      vertex 80.15 2.15 4.3
      vertex 80.15 2.4 4.3
    endloop
  endfacet
  facet normal -1 0 0
    outer loop
      vertex 80.15 10.0402 0
      vertex 80.15 17.85 2.4
      vertex 80.15 17.85 0
    endloop
  endfacet
  facet normal -1 -0 0
    outer loop
      vertex 80.15 17.85 2.4
      vertex 80.15 10.0402 0
      vertex 80.15 10.0402 2.4
    endloop
  endfacet
  facet normal 0.997857 0.0654263 0
    outer loop
      vertex 75.8684 1.86937 4.3
      vertex 75.85 2.15 0
      vertex 75.85 2.15 4.3
    endloop
  endfacet
  facet normal 0.997857 0.0654263 0
    outer loop
      vertex 75.85 2.15 0
      vertex 75.8684 1.86937 4.3
      vertex 75.8684 1.86937 0
    endloop
  endfacet
  facet normal -0.751894 0.659284 0
    outer loop
      vertex 79.5203 0.62972 0
      vertex 79.7057 0.841163 4.3
      vertex 79.7057 0.841163 0
    endloop
  endfacet
  facet normal -0.751894 0.659284 0
    outer loop
      vertex 79.7057 0.841163 4.3
      vertex 79.5203 0.62972 0
      vertex 79.5203 0.62972 4.3
    endloop
  endfacet
  facet normal -0.997857 0.0654263 0
    outer loop
      vertex 80.1316 1.86937 0
      vertex 80.15 2.15 4.3
      vertex 80.15 2.15 0
    endloop
  endfacet
  facet normal -0.997857 0.0654263 0
    outer loop
      vertex 80.15 2.15 4.3
      vertex 80.1316 1.86937 0
      vertex 80.1316 1.86937 4.3
    endloop
  endfacet
  facet normal -0.321446 0.946928 0
    outer loop
      vertex 78.8228 0.163658 0
      vertex 78.5565 0.0732594 4.3
      vertex 78.8228 0.163658 4.3
    endloop
  endfacet
  facet normal -0.321446 0.946928 0
    outer loop
      vertex 78.5565 0.0732594 4.3
      vertex 78.8228 0.163658 0
      vertex 78.5565 0.0732594 0
    endloop
  endfacet
  facet normal -0.831379 0.555706 0
    outer loop
      vertex 79.7057 0.841163 0
      vertex 79.862 1.075 4.3
      vertex 79.862 1.075 0
    endloop
  endfacet
  facet normal -0.831379 0.555706 0
    outer loop
      vertex 79.862 1.075 4.3
      vertex 79.7057 0.841163 0
      vertex 79.7057 0.841163 4.3
    endloop
  endfacet
  facet normal -0.997857 -0.0654332 0
    outer loop
      vertex 80.15 17.85 0
      vertex 80.1316 18.1306 2.4
      vertex 80.1316 18.1306 0
    endloop
  endfacet
  facet normal -0.997857 -0.0654332 0
    outer loop
      vertex 80.1316 18.1306 2.4
      vertex 80.15 17.85 0
      vertex 80.15 17.85 2.4
    endloop
  endfacet
  facet normal 0.980772 -0.195159 0
    outer loop
      vertex 75.8684 18.1306 2.4
      vertex 75.9233 18.4065 0
      vertex 75.9233 18.4065 2.4
    endloop
  endfacet
  facet normal 0.980772 -0.195159 0
    outer loop
      vertex 75.9233 18.4065 0
      vertex 75.8684 18.1306 2.4
      vertex 75.8684 18.1306 0
    endloop
  endfacet
  facet normal 0.555766 -0.831338 0
    outer loop
      vertex 76.6912 19.5557 0
      vertex 76.925 19.712 2.4
      vertex 76.6912 19.5557 2.4
    endloop
  endfacet
  facet normal 0.555766 -0.831338 0
    outer loop
      vertex 76.925 19.712 2.4
      vertex 76.6912 19.5557 0
      vertex 76.925 19.712 0
    endloop
  endfacet
  facet normal -0.195042 0.980795 0
    outer loop
      vertex 78.5565 0.0732594 0
      vertex 78.2806 0.0183935 4.3
      vertex 78.5565 0.0732594 4.3
    endloop
  endfacet
  facet normal -0.195042 0.980795 0
    outer loop
      vertex 78.2806 0.0183935 4.3
      vertex 78.5565 0.0732594 0
      vertex 78.2806 0.0183935 0
    endloop
  endfacet
  facet normal -0.0654102 0.997858 0
    outer loop
      vertex 78.2806 0.0183935 0
      vertex 78 0 4.3
      vertex 78.2806 0.0183935 4.3
    endloop
  endfacet
  facet normal -0.0654102 0.997858 0
    outer loop
      vertex 78 0 4.3
      vertex 78.2806 0.0183935 0
      vertex 78 0 0
    endloop
  endfacet
  facet normal 0.442085 -0.896973 0
    outer loop
      vertex 76.925 19.712 0
      vertex 77.1772 19.8363 2.4
      vertex 76.925 19.712 2.4
    endloop
  endfacet
  facet normal 0.442085 -0.896973 0
    outer loop
      vertex 77.1772 19.8363 2.4
      vertex 76.925 19.712 0
      vertex 77.1772 19.8363 0
    endloop
  endfacet
  facet normal -0.659244 0.751929 0
    outer loop
      vertex 79.5203 0.62972 0
      vertex 79.3088 0.44429 4.3
      vertex 79.5203 0.62972 4.3
    endloop
  endfacet
  facet normal -0.659244 0.751929 0
    outer loop
      vertex 79.3088 0.44429 4.3
      vertex 79.5203 0.62972 0
      vertex 79.3088 0.44429 0
    endloop
  endfacet
  facet normal 0.831338 -0.555766 0
    outer loop
      vertex 76.138 18.925 2.4
      vertex 76.2943 19.1588 0
      vertex 76.2943 19.1588 2.4
    endloop
  endfacet
  facet normal 0.831338 -0.555766 0
    outer loop
      vertex 76.2943 19.1588 0
      vertex 76.138 18.925 2.4
      vertex 76.138 18.925 0
    endloop
  endfacet
  facet normal -0.0654332 -0.997857 0
    outer loop
      vertex 78 20 0
      vertex 78.2806 19.9816 2.4
      vertex 78 20 2.4
    endloop
  endfacet
  facet normal -0.0654332 -0.997857 -0
    outer loop
      vertex 78.2806 19.9816 2.4
      vertex 78 20 0
      vertex 78.2806 19.9816 0
    endloop
  endfacet
  facet normal -0.946927 -0.32145 0
    outer loop
      vertex 80.0767 18.4065 0
      vertex 79.9863 18.6728 2.4
      vertex 79.9863 18.6728 0
    endloop
  endfacet
  facet normal -0.946927 -0.32145 0
    outer loop
      vertex 79.9863 18.6728 2.4
      vertex 80.0767 18.4065 0
      vertex 80.0767 18.4065 2.4
    endloop
  endfacet
  facet normal -0.32145 -0.946927 0
    outer loop
      vertex 78.5565 19.9267 0
      vertex 78.8228 19.8363 2.4
      vertex 78.5565 19.9267 2.4
    endloop
  endfacet
  facet normal -0.32145 -0.946927 -0
    outer loop
      vertex 78.8228 19.8363 2.4
      vertex 78.5565 19.9267 0
      vertex 78.8228 19.8363 0
    endloop
  endfacet
  facet normal -0.980762 0.195207 0
    outer loop
      vertex 80.0767 1.59354 0
      vertex 80.1316 1.86937 4.3
      vertex 80.1316 1.86937 0
    endloop
  endfacet
  facet normal -0.980762 0.195207 0
    outer loop
      vertex 80.1316 1.86937 4.3
      vertex 80.0767 1.59354 0
      vertex 80.0767 1.59354 4.3
    endloop
  endfacet
  facet normal 0.0654102 0.997858 -0
    outer loop
      vertex 78 0 0
      vertex 77.7194 0.0183935 4.3
      vertex 78 0 4.3
    endloop
  endfacet
  facet normal 0.0654102 0.997858 0
    outer loop
      vertex 77.7194 0.0183935 4.3
      vertex 78 0 0
      vertex 77.7194 0.0183935 0
    endloop
  endfacet
  facet normal -0.751982 -0.659184 0
    outer loop
      vertex 79.7057 19.1588 0
      vertex 79.5203 19.3703 2.4
      vertex 79.5203 19.3703 0
    endloop
  endfacet
  facet normal -0.751982 -0.659184 0
    outer loop
      vertex 79.5203 19.3703 2.4
      vertex 79.7057 19.1588 0
      vertex 79.7057 19.1588 2.4
    endloop
  endfacet
  facet normal 0.896994 0.442042 0
    outer loop
      vertex 76.138 1.075 4.3
      vertex 76.0137 1.32723 0
      vertex 76.0137 1.32723 4.3
    endloop
  endfacet
  facet normal 0.896994 0.442042 0
    outer loop
      vertex 76.0137 1.32723 0
      vertex 76.138 1.075 4.3
      vertex 76.138 1.075 0
    endloop
  endfacet
  facet normal -0.896994 0.442042 0
    outer loop
      vertex 79.862 1.075 0
      vertex 79.9863 1.32723 4.3
      vertex 79.9863 1.32723 0
    endloop
  endfacet
  facet normal -0.896994 0.442042 0
    outer loop
      vertex 79.9863 1.32723 4.3
      vertex 79.862 1.075 0
      vertex 79.862 1.075 4.3
    endloop
  endfacet
  facet normal 0.442334 0.896851 -0
    outer loop
      vertex 77.1772 0.163658 0
      vertex 76.925 0.288045 4.3
      vertex 77.1772 0.163658 4.3
    endloop
  endfacet
  facet normal 0.442334 0.896851 0
    outer loop
      vertex 76.925 0.288045 4.3
      vertex 77.1772 0.163658 0
      vertex 76.925 0.288045 0
    endloop
  endfacet
  facet normal -0.555631 0.831429 0
    outer loop
      vertex 79.3088 0.44429 0
      vertex 79.075 0.288045 4.3
      vertex 79.3088 0.44429 4.3
    endloop
  endfacet
  facet normal -0.555631 0.831429 0
    outer loop
      vertex 79.075 0.288045 4.3
      vertex 79.3088 0.44429 0
      vertex 79.075 0.288045 0
    endloop
  endfacet
  facet normal -0.831338 -0.555766 0
    outer loop
      vertex 79.862 18.925 0
      vertex 79.7057 19.1588 2.4
      vertex 79.7057 19.1588 0
    endloop
  endfacet
  facet normal -0.831338 -0.555766 0
    outer loop
      vertex 79.7057 19.1588 2.4
      vertex 79.862 18.925 0
      vertex 79.862 18.925 2.4
    endloop
  endfacet
  facet normal 0.751894 0.659284 0
    outer loop
      vertex 76.4797 0.62972 4.3
      vertex 76.2943 0.841163 0
      vertex 76.2943 0.841163 4.3
    endloop
  endfacet
  facet normal 0.751894 0.659284 0
    outer loop
      vertex 76.2943 0.841163 0
      vertex 76.4797 0.62972 4.3
      vertex 76.4797 0.62972 0
    endloop
  endfacet
  facet normal -0.442085 -0.896973 0
    outer loop
      vertex 78.8228 19.8363 0
      vertex 79.075 19.712 2.4
      vertex 78.8228 19.8363 2.4
    endloop
  endfacet
  facet normal -0.442085 -0.896973 -0
    outer loop
      vertex 79.075 19.712 2.4
      vertex 78.8228 19.8363 0
      vertex 79.075 19.712 0
    endloop
  endfacet
  facet normal 0.659244 0.751929 -0
    outer loop
      vertex 76.6912 0.44429 0
      vertex 76.4797 0.62972 4.3
      vertex 76.6912 0.44429 4.3
    endloop
  endfacet
  facet normal 0.659244 0.751929 0
    outer loop
      vertex 76.4797 0.62972 4.3
      vertex 76.6912 0.44429 0
      vertex 76.4797 0.62972 0
    endloop
  endfacet
  facet normal 0.321446 0.946928 -0
    outer loop
      vertex 77.4435 0.0732594 0
      vertex 77.1772 0.163658 4.3
      vertex 77.4435 0.0732594 4.3
    endloop
  endfacet
  facet normal 0.321446 0.946928 0
    outer loop
      vertex 77.1772 0.163658 4.3
      vertex 77.4435 0.0732594 0
      vertex 77.1772 0.163658 0
    endloop
  endfacet
  facet normal 0.195042 0.980795 -0
    outer loop
      vertex 77.7194 0.0183935 0
      vertex 77.4435 0.0732594 4.3
      vertex 77.7194 0.0183935 4.3
    endloop
  endfacet
  facet normal 0.195042 0.980795 0
    outer loop
      vertex 77.4435 0.0732594 4.3
      vertex 77.7194 0.0183935 0
      vertex 77.4435 0.0732594 0
    endloop
  endfacet
  facet normal 0.195159 -0.980772 0
    outer loop
      vertex 77.4435 19.9267 0
      vertex 77.7194 19.9816 2.4
      vertex 77.4435 19.9267 2.4
    endloop
  endfacet
  facet normal 0.195159 -0.980772 0
    outer loop
      vertex 77.7194 19.9816 2.4
      vertex 77.4435 19.9267 0
      vertex 77.7194 19.9816 0
    endloop
  endfacet
  facet normal -0.555766 -0.831338 0
    outer loop
      vertex 79.075 19.712 0
      vertex 79.3088 19.5557 2.4
      vertex 79.075 19.712 2.4
    endloop
  endfacet
  facet normal -0.555766 -0.831338 -0
    outer loop
      vertex 79.3088 19.5557 2.4
      vertex 79.075 19.712 0
      vertex 79.3088 19.5557 0
    endloop
  endfacet
  facet normal -0.195159 -0.980772 0
    outer loop
      vertex 78.2806 19.9816 0
      vertex 78.5565 19.9267 2.4
      vertex 78.2806 19.9816 2.4
    endloop
  endfacet
  facet normal -0.195159 -0.980772 -0
    outer loop
      vertex 78.5565 19.9267 2.4
      vertex 78.2806 19.9816 0
      vertex 78.5565 19.9267 0
    endloop
  endfacet
  facet normal 0 0 -1
    outer loop
      vertex 75.85 2.15 4.3
      vertex 80.15 2.15 4.3
      vertex 80.1316 1.86937 4.3
    endloop
  endfacet
  facet normal 0 0 -1
    outer loop
      vertex 79.9863 1.32723 4.3
      vertex 80.1316 1.86937 4.3
      vertex 80.0767 1.59354 4.3
    endloop
  endfacet
  facet normal 0 0 -1
    outer loop
      vertex 79.862 1.075 4.3
      vertex 80.1316 1.86937 4.3
      vertex 79.9863 1.32723 4.3
    endloop
  endfacet
  facet normal 0 0 -1
    outer loop
      vertex 79.7057 0.841163 4.3
      vertex 80.1316 1.86937 4.3
      vertex 79.862 1.075 4.3
    endloop
  endfacet
  facet normal 0 0 -1
    outer loop
      vertex 79.5203 0.62972 4.3
      vertex 80.1316 1.86937 4.3
      vertex 79.7057 0.841163 4.3
    endloop
  endfacet
  facet normal 0 0 -1
    outer loop
      vertex 79.3088 0.44429 4.3
      vertex 80.1316 1.86937 4.3
      vertex 79.5203 0.62972 4.3
    endloop
  endfacet
  facet normal 0 0 -1
    outer loop
      vertex 79.075 0.288045 4.3
      vertex 80.1316 1.86937 4.3
      vertex 79.3088 0.44429 4.3
    endloop
  endfacet
  facet normal 0 0 -1
    outer loop
      vertex 78.8228 0.163658 4.3
      vertex 80.1316 1.86937 4.3
      vertex 79.075 0.288045 4.3
    endloop
  endfacet
  facet normal 0 0 -1
    outer loop
      vertex 78.5565 0.0732594 4.3
      vertex 80.1316 1.86937 4.3
      vertex 78.8228 0.163658 4.3
    endloop
  endfacet
  facet normal 0 0 -1
    outer loop
      vertex 78.2806 0.0183935 4.3
      vertex 80.1316 1.86937 4.3
      vertex 78.5565 0.0732594 4.3
    endloop
  endfacet
  facet normal 0 0 -1
    outer loop
      vertex 78 0 4.3
      vertex 80.1316 1.86937 4.3
      vertex 78.2806 0.0183935 4.3
    endloop
  endfacet
  facet normal 0 0 -1
    outer loop
      vertex 77.7194 0.0183935 4.3
      vertex 80.1316 1.86937 4.3
      vertex 78 0 4.3
    endloop
  endfacet
  facet normal 0 0 -1
    outer loop
      vertex 77.4435 0.0732594 4.3
      vertex 80.1316 1.86937 4.3
      vertex 77.7194 0.0183935 4.3
    endloop
  endfacet
  facet normal 0 0 -1
    outer loop
      vertex 77.1772 0.163658 4.3
      vertex 80.1316 1.86937 4.3
      vertex 77.4435 0.0732594 4.3
    endloop
  endfacet
  facet normal 0 0 -1
    outer loop
      vertex 76.925 0.288045 4.3
      vertex 80.1316 1.86937 4.3
      vertex 77.1772 0.163658 4.3
    endloop
  endfacet
  facet normal 0 0 -1
    outer loop
      vertex 76.6912 0.44429 4.3
      vertex 80.1316 1.86937 4.3
      vertex 76.925 0.288045 4.3
    endloop
  endfacet
  facet normal 0 0 -1
    outer loop
      vertex 76.4797 0.62972 4.3
      vertex 80.1316 1.86937 4.3
      vertex 76.6912 0.44429 4.3
    endloop
  endfacet
  facet normal 0 0 -1
    outer loop
      vertex 76.2943 0.841163 4.3
      vertex 80.1316 1.86937 4.3
      vertex 76.4797 0.62972 4.3
    endloop
  endfacet
  facet normal 0 0 -1
    outer loop
      vertex 76.138 1.075 4.3
      vertex 80.1316 1.86937 4.3
      vertex 76.2943 0.841163 4.3
    endloop
  endfacet
  facet normal 0 0 -1
    outer loop
      vertex 76.0137 1.32723 4.3
      vertex 80.1316 1.86937 4.3
      vertex 76.138 1.075 4.3
    endloop
  endfacet
  facet normal 0 0 -1
    outer loop
      vertex 75.9233 1.59354 4.3
      vertex 80.1316 1.86937 4.3
      vertex 76.0137 1.32723 4.3
    endloop
  endfacet
  facet normal 0 0 -1
    outer loop
      vertex 75.8684 1.86937 4.3
      vertex 80.1316 1.86937 4.3
      vertex 75.9233 1.59354 4.3
    endloop
  endfacet
  facet normal 0 0 -1
    outer loop
      vertex 75.85 2.15 4.3
      vertex 80.1316 1.86937 4.3
      vertex 75.8684 1.86937 4.3
    endloop
  endfacet
  facet normal 0 0 -1
    outer loop
      vertex 80.15 2.15 4.3
      vertex 75.85 2.15 4.3
      vertex 80.15 2.4 4.3
    endloop
  endfacet
  facet normal -0 0 -1
    outer loop
      vertex 80.15 2.4 4.3
      vertex 75.85 2.15 4.3
      vertex 75.85 2.4 4.3
    endloop
  endfacet
  facet normal -0.442334 0.896851 0
    outer loop
      vertex 79.075 0.288045 0
      vertex 78.8228 0.163658 4.3
      vertex 79.075 0.288045 4.3
    endloop
  endfacet
  facet normal -0.442334 0.896851 0
    outer loop
      vertex 78.8228 0.163658 4.3
      vertex 79.075 0.288045 0
      vertex 78.8228 0.163658 0
    endloop
  endfacet
  facet normal 0.0654332 -0.997857 0
    outer loop
      vertex 77.7194 69.9816 0
      vertex 78 70 4.3
      vertex 77.7194 69.9816 4.3
    endloop
  endfacet
  facet normal 0.0654332 -0.997857 0
    outer loop
      vertex 78 70 4.3
      vertex 77.7194 69.9816 0
      vertex 78 70 0
    endloop
  endfacet
  facet normal -0.946927 0.32145 0
    outer loop
      vertex 79.9863 51.3272 0
      vertex 80.0767 51.5935 2.4
      vertex 80.0767 51.5935 0
    endloop
  endfacet
  facet normal -0.946927 0.32145 0
    outer loop
      vertex 80.0767 51.5935 2.4
      vertex 79.9863 51.3272 0
      vertex 79.9863 51.3272 2.4
    endloop
  endfacet
  facet normal -0.659184 -0.751982 0
    outer loop
      vertex 79.3088 69.5557 0
      vertex 79.5203 69.3703 4.3
      vertex 79.3088 69.5557 4.3
    endloop
  endfacet
  facet normal -0.659184 -0.751982 -0
    outer loop
      vertex 79.5203 69.3703 4.3
      vertex 79.3088 69.5557 0
      vertex 79.5203 69.3703 0
    endloop
  endfacet
  facet normal 0.946927 0.32145 0
    outer loop
      vertex 76.0137 51.3272 2.4
      vertex 75.9233 51.5935 0
      vertex 75.9233 51.5935 2.4
    endloop
  endfacet
  facet normal 0.946927 0.32145 0
    outer loop
      vertex 75.9233 51.5935 0
      vertex 76.0137 51.3272 2.4
      vertex 76.0137 51.3272 0
    endloop
  endfacet
  facet normal 1 0 0
    outer loop
      vertex 75.85 67.6 2.4
      vertex 75.85 67.85 4.3
      vertex 75.85 67.6 4.3
    endloop
  endfacet
  facet normal 1 0 0
    outer loop
      vertex 75.85 67.85 4.3
      vertex 75.85 67.6 2.4
      vertex 75.85 67.85 0
    endloop
  endfacet
  facet normal 1 0 0
    outer loop
      vertex 75.85 52.15 0
      vertex 75.85 67.6 2.4
      vertex 75.85 52.15 2.4
    endloop
  endfacet
  facet normal 1 0 0
    outer loop
      vertex 75.85 67.6 2.4
      vertex 75.85 52.15 0
      vertex 75.85 67.85 0
    endloop
  endfacet
  facet normal 0.831338 0.555766 0
    outer loop
      vertex 76.2943 50.8412 2.4
      vertex 76.138 51.075 0
      vertex 76.138 51.075 2.4
    endloop
  endfacet
  facet normal 0.831338 0.555766 0
    outer loop
      vertex 76.138 51.075 0
      vertex 76.2943 50.8412 2.4
      vertex 76.2943 50.8412 0
    endloop
  endfacet
  facet normal 0.555766 0.831338 -0
    outer loop
      vertex 76.925 50.288 0
      vertex 76.6912 50.4443 2.4
      vertex 76.925 50.288 2.4
    endloop
  endfacet
  facet normal 0.555766 0.831338 0
    outer loop
      vertex 76.6912 50.4443 2.4
      vertex 76.925 50.288 0
      vertex 76.6912 50.4443 0
    endloop
  endfacet
  facet normal 0.896973 -0.442085 0
    outer loop
      vertex 76.0137 68.6728 4.3
      vertex 76.138 68.925 0
      vertex 76.138 68.925 4.3
    endloop
  endfacet
  facet normal 0.896973 -0.442085 0
    outer loop
      vertex 76.138 68.925 0
      vertex 76.0137 68.6728 4.3
      vertex 76.0137 68.6728 0
    endloop
  endfacet
  facet normal 0.980772 0.195159 0
    outer loop
      vertex 75.9233 51.5935 2.4
      vertex 75.8684 51.8694 0
      vertex 75.8684 51.8694 2.4
    endloop
  endfacet
  facet normal 0.980772 0.195159 0
    outer loop
      vertex 75.8684 51.8694 0
      vertex 75.9233 51.5935 2.4
      vertex 75.9233 51.5935 0
    endloop
  endfacet
  facet normal -0.896973 -0.442085 0
    outer loop
      vertex 79.9863 68.6728 0
      vertex 79.862 68.925 4.3
      vertex 79.862 68.925 0
    endloop
  endfacet
  facet normal -0.896973 -0.442085 0
    outer loop
      vertex 79.862 68.925 4.3
      vertex 79.9863 68.6728 0
      vertex 79.9863 68.6728 4.3
    endloop
  endfacet
  facet normal 0.751982 -0.659184 0
    outer loop
      vertex 76.2943 69.1588 4.3
      vertex 76.4797 69.3703 0
      vertex 76.4797 69.3703 4.3
    endloop
  endfacet
  facet normal 0.751982 -0.659184 0
    outer loop
      vertex 76.4797 69.3703 0
      vertex 76.2943 69.1588 4.3
      vertex 76.2943 69.1588 0
    endloop
  endfacet
  facet normal 0.659184 -0.751982 0
    outer loop
      vertex 76.4797 69.3703 0
      vertex 76.6912 69.5557 4.3
      vertex 76.4797 69.3703 4.3
    endloop
  endfacet
  facet normal 0.659184 -0.751982 0
    outer loop
      vertex 76.6912 69.5557 4.3
      vertex 76.4797 69.3703 0
      vertex 76.6912 69.5557 0
    endloop
  endfacet
  facet normal 0.997857 -0.0654332 0
    outer loop
      vertex 75.85 67.85 4.3
      vertex 75.8684 68.1306 0
      vertex 75.8684 68.1306 4.3
    endloop
  endfacet
  facet normal 0.997857 -0.0654332 0
    outer loop
      vertex 75.8684 68.1306 0
      vertex 75.85 67.85 4.3
      vertex 75.85 67.85 0
    endloop
  endfacet
  facet normal 0.32145 -0.946927 0
    outer loop
      vertex 77.1772 69.8363 0
      vertex 77.4435 69.9267 4.3
      vertex 77.1772 69.8363 4.3
    endloop
  endfacet
  facet normal 0.32145 -0.946927 0
    outer loop
      vertex 77.4435 69.9267 4.3
      vertex 77.1772 69.8363 0
      vertex 77.4435 69.9267 0
    endloop
  endfacet
  facet normal -0.980772 -0.195159 0
    outer loop
      vertex 80.1316 68.1306 0
      vertex 80.0767 68.4065 4.3
      vertex 80.0767 68.4065 0
    endloop
  endfacet
  facet normal -0.980772 -0.195159 0
    outer loop
      vertex 80.0767 68.4065 4.3
      vertex 80.1316 68.1306 0
      vertex 80.1316 68.1306 4.3
    endloop
  endfacet
  facet normal 0.946927 -0.32145 0
    outer loop
      vertex 75.9233 68.4065 4.3
      vertex 76.0137 68.6728 0
      vertex 76.0137 68.6728 4.3
    endloop
  endfacet
  facet normal 0.946927 -0.32145 0
    outer loop
      vertex 76.0137 68.6728 0
      vertex 75.9233 68.4065 4.3
      vertex 75.9233 68.4065 0
    endloop
  endfacet
  facet normal -1 0 0
    outer loop
      vertex 80.15 67.85 0
      vertex 80.15 67.6 2.4
      vertex 80.15 67.85 4.3
    endloop
  endfacet
  facet normal -1 0 0
    outer loop
      vertex 80.15 52.15 0
      vertex 80.15 67.6 2.4
      vertex 80.15 67.85 0
    endloop
  endfacet
  facet normal -1 -0 0
    outer loop
      vertex 80.15 67.6 2.4
      vertex 80.15 52.15 0
      vertex 80.15 52.15 2.4
    endloop
  endfacet
  facet normal -1 -0 0
    outer loop
      vertex 80.15 67.85 4.3
      vertex 80.15 67.6 2.4
      vertex 80.15 67.6 4.3
    endloop
  endfacet
  facet normal 0.997857 0.0654332 0
    outer loop
      vertex 75.8684 51.8694 2.4
      vertex 75.85 52.15 0
      vertex 75.85 52.15 2.4
    endloop
  endfacet
  facet normal 0.997857 0.0654332 0
    outer loop
      vertex 75.85 52.15 0
      vertex 75.8684 51.8694 2.4
      vertex 75.8684 51.8694 0
    endloop
  endfacet
  facet normal -0.751982 0.659184 0
    outer loop
      vertex 79.5203 50.6297 0
      vertex 79.7057 50.8412 2.4
      vertex 79.7057 50.8412 0
    endloop
  endfacet
  facet normal -0.751982 0.659184 0
    outer loop
      vertex 79.7057 50.8412 2.4
      vertex 79.5203 50.6297 0
      vertex 79.5203 50.6297 2.4
    endloop
  endfacet
  facet normal -0.997857 0.0654332 0
    outer loop
      vertex 80.1316 51.8694 0
      vertex 80.15 52.15 2.4
      vertex 80.15 52.15 0
    endloop
  endfacet
  facet normal -0.997857 0.0654332 0
    outer loop
      vertex 80.15 52.15 2.4
      vertex 80.1316 51.8694 0
      vertex 80.1316 51.8694 2.4
    endloop
  endfacet
  facet normal -0.32145 0.946927 0
    outer loop
      vertex 78.8228 50.1637 0
      vertex 78.5565 50.0733 2.4
      vertex 78.8228 50.1637 2.4
    endloop
  endfacet
  facet normal -0.32145 0.946927 0
    outer loop
      vertex 78.5565 50.0733 2.4
      vertex 78.8228 50.1637 0
      vertex 78.5565 50.0733 0
    endloop
  endfacet
  facet normal -0.831338 0.555766 0
    outer loop
      vertex 79.7057 50.8412 0
      vertex 79.862 51.075 2.4
      vertex 79.862 51.075 0
    endloop
  endfacet
  facet normal -0.831338 0.555766 0
    outer loop
      vertex 79.862 51.075 2.4
      vertex 79.7057 50.8412 0
      vertex 79.7057 50.8412 2.4
    endloop
  endfacet
  facet normal -0.997857 -0.0654332 0
    outer loop
      vertex 80.15 67.85 0
      vertex 80.1316 68.1306 4.3
      vertex 80.1316 68.1306 0
    endloop
  endfacet
  facet normal -0.997857 -0.0654332 0
    outer loop
      vertex 80.1316 68.1306 4.3
      vertex 80.15 67.85 0
      vertex 80.15 67.85 4.3
    endloop
  endfacet
  facet normal 0.980772 -0.195159 0
    outer loop
      vertex 75.8684 68.1306 4.3
      vertex 75.9233 68.4065 0
      vertex 75.9233 68.4065 4.3
    endloop
  endfacet
  facet normal 0.980772 -0.195159 0
    outer loop
      vertex 75.9233 68.4065 0
      vertex 75.8684 68.1306 4.3
      vertex 75.8684 68.1306 0
    endloop
  endfacet
  facet normal 0.555766 -0.831338 0
    outer loop
      vertex 76.6912 69.5557 0
      vertex 76.925 69.712 4.3
      vertex 76.6912 69.5557 4.3
    endloop
  endfacet
  facet normal 0.555766 -0.831338 0
    outer loop
      vertex 76.925 69.712 4.3
      vertex 76.6912 69.5557 0
      vertex 76.925 69.712 0
    endloop
  endfacet
  facet normal -0.195159 0.980772 0
    outer loop
      vertex 78.5565 50.0733 0
      vertex 78.2806 50.0184 2.4
      vertex 78.5565 50.0733 2.4
    endloop
  endfacet
  facet normal -0.195159 0.980772 0
    outer loop
      vertex 78.2806 50.0184 2.4
      vertex 78.5565 50.0733 0
      vertex 78.2806 50.0184 0
    endloop
  endfacet
  facet normal -0.0654332 0.997857 0
    outer loop
      vertex 78.2806 50.0184 0
      vertex 78 50 2.4
      vertex 78.2806 50.0184 2.4
    endloop
  endfacet
  facet normal -0.0654332 0.997857 0
    outer loop
      vertex 78 50 2.4
      vertex 78.2806 50.0184 0
      vertex 78 50 0
    endloop
  endfacet
  facet normal 0.442085 -0.896973 0
    outer loop
      vertex 76.925 69.712 0
      vertex 77.1772 69.8363 4.3
      vertex 76.925 69.712 4.3
    endloop
  endfacet
  facet normal 0.442085 -0.896973 0
    outer loop
      vertex 77.1772 69.8363 4.3
      vertex 76.925 69.712 0
      vertex 77.1772 69.8363 0
    endloop
  endfacet
  facet normal -0.659184 0.751982 0
    outer loop
      vertex 79.5203 50.6297 0
      vertex 79.3088 50.4443 2.4
      vertex 79.5203 50.6297 2.4
    endloop
  endfacet
  facet normal -0.659184 0.751982 0
    outer loop
      vertex 79.3088 50.4443 2.4
      vertex 79.5203 50.6297 0
      vertex 79.3088 50.4443 0
    endloop
  endfacet
  facet normal 0.831338 -0.555766 0
    outer loop
      vertex 76.138 68.925 4.3
      vertex 76.2943 69.1588 0
      vertex 76.2943 69.1588 4.3
    endloop
  endfacet
  facet normal 0.831338 -0.555766 0
    outer loop
      vertex 76.2943 69.1588 0
      vertex 76.138 68.925 4.3
      vertex 76.138 68.925 0
    endloop
  endfacet
  facet normal -0.0654332 -0.997857 0
    outer loop
      vertex 78 70 0
      vertex 78.2806 69.9816 4.3
      vertex 78 70 4.3
    endloop
  endfacet
  facet normal -0.0654332 -0.997857 -0
    outer loop
      vertex 78.2806 69.9816 4.3
      vertex 78 70 0
      vertex 78.2806 69.9816 0
    endloop
  endfacet
  facet normal -0.946927 -0.32145 0
    outer loop
      vertex 80.0767 68.4065 0
      vertex 79.9863 68.6728 4.3
      vertex 79.9863 68.6728 0
    endloop
  endfacet
  facet normal -0.946927 -0.32145 0
    outer loop
      vertex 79.9863 68.6728 4.3
      vertex 80.0767 68.4065 0
      vertex 80.0767 68.4065 4.3
    endloop
  endfacet
  facet normal -0.32145 -0.946927 0
    outer loop
      vertex 78.5565 69.9267 0
      vertex 78.8228 69.8363 4.3
      vertex 78.5565 69.9267 4.3
    endloop
  endfacet
  facet normal -0.32145 -0.946927 -0
    outer loop
      vertex 78.8228 69.8363 4.3
      vertex 78.5565 69.9267 0
      vertex 78.8228 69.8363 0
    endloop
  endfacet
  facet normal -0.980772 0.195159 0
    outer loop
      vertex 80.0767 51.5935 0
      vertex 80.1316 51.8694 2.4
      vertex 80.1316 51.8694 0
    endloop
  endfacet
  facet normal -0.980772 0.195159 0
    outer loop
      vertex 80.1316 51.8694 2.4
      vertex 80.0767 51.5935 0
      vertex 80.0767 51.5935 2.4
    endloop
  endfacet
  facet normal 0.0654332 0.997857 -0
    outer loop
      vertex 78 50 0
      vertex 77.7194 50.0184 2.4
      vertex 78 50 2.4
    endloop
  endfacet
  facet normal 0.0654332 0.997857 0
    outer loop
      vertex 77.7194 50.0184 2.4
      vertex 78 50 0
      vertex 77.7194 50.0184 0
    endloop
  endfacet
  facet normal -0.751982 -0.659184 0
    outer loop
      vertex 79.7057 69.1588 0
      vertex 79.5203 69.3703 4.3
      vertex 79.5203 69.3703 0
    endloop
  endfacet
  facet normal -0.751982 -0.659184 0
    outer loop
      vertex 79.5203 69.3703 4.3
      vertex 79.7057 69.1588 0
      vertex 79.7057 69.1588 4.3
    endloop
  endfacet
  facet normal 0.896973 0.442085 0
    outer loop
      vertex 76.138 51.075 2.4
      vertex 76.0137 51.3272 0
      vertex 76.0137 51.3272 2.4
    endloop
  endfacet
  facet normal 0.896973 0.442085 0
    outer loop
      vertex 76.0137 51.3272 0
      vertex 76.138 51.075 2.4
      vertex 76.138 51.075 0
    endloop
  endfacet
  facet normal -0.896973 0.442085 0
    outer loop
      vertex 79.862 51.075 0
      vertex 79.9863 51.3272 2.4
      vertex 79.9863 51.3272 0
    endloop
  endfacet
  facet normal -0.896973 0.442085 0
    outer loop
      vertex 79.9863 51.3272 2.4
      vertex 79.862 51.075 0
      vertex 79.862 51.075 2.4
    endloop
  endfacet
  facet normal 0.442085 0.896973 -0
    outer loop
      vertex 77.1772 50.1637 0
      vertex 76.925 50.288 2.4
      vertex 77.1772 50.1637 2.4
    endloop
  endfacet
  facet normal 0.442085 0.896973 0
    outer loop
      vertex 76.925 50.288 2.4
      vertex 77.1772 50.1637 0
      vertex 76.925 50.288 0
    endloop
  endfacet
  facet normal -0.555766 0.831338 0
    outer loop
      vertex 79.3088 50.4443 0
      vertex 79.075 50.288 2.4
      vertex 79.3088 50.4443 2.4
    endloop
  endfacet
  facet normal -0.555766 0.831338 0
    outer loop
      vertex 79.075 50.288 2.4
      vertex 79.3088 50.4443 0
      vertex 79.075 50.288 0
    endloop
  endfacet
  facet normal -0.831338 -0.555766 0
    outer loop
      vertex 79.862 68.925 0
      vertex 79.7057 69.1588 4.3
      vertex 79.7057 69.1588 0
    endloop
  endfacet
  facet normal -0.831338 -0.555766 0
    outer loop
      vertex 79.7057 69.1588 4.3
      vertex 79.862 68.925 0
      vertex 79.862 68.925 4.3
    endloop
  endfacet
  facet normal 0.751982 0.659184 0
    outer loop
      vertex 76.4797 50.6297 2.4
      vertex 76.2943 50.8412 0
      vertex 76.2943 50.8412 2.4
    endloop
  endfacet
  facet normal 0.751982 0.659184 0
    outer loop
      vertex 76.2943 50.8412 0
      vertex 76.4797 50.6297 2.4
      vertex 76.4797 50.6297 0
    endloop
  endfacet
  facet normal -0.442085 -0.896973 0
    outer loop
      vertex 78.8228 69.8363 0
      vertex 79.075 69.712 4.3
      vertex 78.8228 69.8363 4.3
    endloop
  endfacet
  facet normal -0.442085 -0.896973 -0
    outer loop
      vertex 79.075 69.712 4.3
      vertex 78.8228 69.8363 0
      vertex 79.075 69.712 0
    endloop
  endfacet
  facet normal 0.659184 0.751982 -0
    outer loop
      vertex 76.6912 50.4443 0
      vertex 76.4797 50.6297 2.4
      vertex 76.6912 50.4443 2.4
    endloop
  endfacet
  facet normal 0.659184 0.751982 0
    outer loop
      vertex 76.4797 50.6297 2.4
      vertex 76.6912 50.4443 0
      vertex 76.4797 50.6297 0
    endloop
  endfacet
  facet normal 0.32145 0.946927 -0
    outer loop
      vertex 77.4435 50.0733 0
      vertex 77.1772 50.1637 2.4
      vertex 77.4435 50.0733 2.4
    endloop
  endfacet
  facet normal 0.32145 0.946927 0
    outer loop
      vertex 77.1772 50.1637 2.4
      vertex 77.4435 50.0733 0
      vertex 77.1772 50.1637 0
    endloop
  endfacet
  facet normal 0.195159 0.980772 -0
    outer loop
      vertex 77.7194 50.0184 0
      vertex 77.4435 50.0733 2.4
      vertex 77.7194 50.0184 2.4
    endloop
  endfacet
  facet normal 0.195159 0.980772 0
    outer loop
      vertex 77.4435 50.0733 2.4
      vertex 77.7194 50.0184 0
      vertex 77.4435 50.0733 0
    endloop
  endfacet
  facet normal 0.195159 -0.980772 0
    outer loop
      vertex 77.4435 69.9267 0
      vertex 77.7194 69.9816 4.3
      vertex 77.4435 69.9267 4.3
    endloop
  endfacet
  facet normal 0.195159 -0.980772 0
    outer loop
      vertex 77.7194 69.9816 4.3
      vertex 77.4435 69.9267 0
      vertex 77.7194 69.9816 0
    endloop
  endfacet
  facet normal -0.555766 -0.831338 0
    outer loop
      vertex 79.075 69.712 0
      vertex 79.3088 69.5557 4.3
      vertex 79.075 69.712 4.3
    endloop
  endfacet
  facet normal -0.555766 -0.831338 -0
    outer loop
      vertex 79.3088 69.5557 4.3
      vertex 79.075 69.712 0
      vertex 79.3088 69.5557 0
    endloop
  endfacet
  facet normal -0.195159 -0.980772 0
    outer loop
      vertex 78.2806 69.9816 0
      vertex 78.5565 69.9267 4.3
      vertex 78.2806 69.9816 4.3
    endloop
  endfacet
  facet normal -0.195159 -0.980772 -0
    outer loop
      vertex 78.5565 69.9267 4.3
      vertex 78.2806 69.9816 0
      vertex 78.5565 69.9267 0
    endloop
  endfacet
  facet normal 0 0 -1
    outer loop
      vertex 75.85 67.85 4.3
      vertex 80.15 67.85 4.3
      vertex 80.15 67.6 4.3
    endloop
  endfacet
  facet normal 0 0 -1
    outer loop
      vertex 80.15 67.85 4.3
      vertex 75.85 67.85 4.3
      vertex 80.1316 68.1306 4.3
    endloop
  endfacet
  facet normal 0 0 -1
    outer loop
      vertex 80.1316 68.1306 4.3
      vertex 79.9863 68.6728 4.3
      vertex 80.0767 68.4065 4.3
    endloop
  endfacet
  facet normal 0 0 -1
    outer loop
      vertex 80.1316 68.1306 4.3
      vertex 79.862 68.925 4.3
      vertex 79.9863 68.6728 4.3
    endloop
  endfacet
  facet normal 0 0 -1
    outer loop
      vertex 80.1316 68.1306 4.3
      vertex 79.7057 69.1588 4.3
      vertex 79.862 68.925 4.3
    endloop
  endfacet
  facet normal 0 0 -1
    outer loop
      vertex 80.1316 68.1306 4.3
      vertex 79.5203 69.3703 4.3
      vertex 79.7057 69.1588 4.3
    endloop
  endfacet
  facet normal 0 0 -1
    outer loop
      vertex 80.1316 68.1306 4.3
      vertex 79.3088 69.5557 4.3
      vertex 79.5203 69.3703 4.3
    endloop
  endfacet
  facet normal 0 0 -1
    outer loop
      vertex 80.1316 68.1306 4.3
      vertex 79.075 69.712 4.3
      vertex 79.3088 69.5557 4.3
    endloop
  endfacet
  facet normal 0 0 -1
    outer loop
      vertex 80.1316 68.1306 4.3
      vertex 78.8228 69.8363 4.3
      vertex 79.075 69.712 4.3
    endloop
  endfacet
  facet normal 0 0 -1
    outer loop
      vertex 80.1316 68.1306 4.3
      vertex 78.5565 69.9267 4.3
      vertex 78.8228 69.8363 4.3
    endloop
  endfacet
  facet normal 0 0 -1
    outer loop
      vertex 80.1316 68.1306 4.3
      vertex 78.2806 69.9816 4.3
      vertex 78.5565 69.9267 4.3
    endloop
  endfacet
  facet normal 0 0 -1
    outer loop
      vertex 80.1316 68.1306 4.3
      vertex 78 70 4.3
      vertex 78.2806 69.9816 4.3
    endloop
  endfacet
  facet normal 0 0 -1
    outer loop
      vertex 80.1316 68.1306 4.3
      vertex 77.7194 69.9816 4.3
      vertex 78 70 4.3
    endloop
  endfacet
  facet normal 0 0 -1
    outer loop
      vertex 80.1316 68.1306 4.3
      vertex 77.4435 69.9267 4.3
      vertex 77.7194 69.9816 4.3
    endloop
  endfacet
  facet normal 0 0 -1
    outer loop
      vertex 80.1316 68.1306 4.3
      vertex 77.1772 69.8363 4.3
      vertex 77.4435 69.9267 4.3
    endloop
  endfacet
  facet normal 0 0 -1
    outer loop
      vertex 80.1316 68.1306 4.3
      vertex 76.925 69.712 4.3
      vertex 77.1772 69.8363 4.3
    endloop
  endfacet
  facet normal 0 0 -1
    outer loop
      vertex 80.1316 68.1306 4.3
      vertex 76.6912 69.5557 4.3
      vertex 76.925 69.712 4.3
    endloop
  endfacet
  facet normal 0 0 -1
    outer loop
      vertex 80.1316 68.1306 4.3
      vertex 76.4797 69.3703 4.3
      vertex 76.6912 69.5557 4.3
    endloop
  endfacet
  facet normal 0 0 -1
    outer loop
      vertex 80.1316 68.1306 4.3
      vertex 76.2943 69.1588 4.3
      vertex 76.4797 69.3703 4.3
    endloop
  endfacet
  facet normal 0 0 -1
    outer loop
      vertex 80.1316 68.1306 4.3
      vertex 76.138 68.925 4.3
      vertex 76.2943 69.1588 4.3
    endloop
  endfacet
  facet normal 0 0 -1
    outer loop
      vertex 80.1316 68.1306 4.3
      vertex 76.0137 68.6728 4.3
      vertex 76.138 68.925 4.3
    endloop
  endfacet
  facet normal 0 0 -1
    outer loop
      vertex 80.1316 68.1306 4.3
      vertex 75.9233 68.4065 4.3
      vertex 76.0137 68.6728 4.3
    endloop
  endfacet
  facet normal 0 0 -1
    outer loop
      vertex 80.1316 68.1306 4.3
      vertex 75.8684 68.1306 4.3
      vertex 75.9233 68.4065 4.3
    endloop
  endfacet
  facet normal 0 0 -1
    outer loop
      vertex 75.85 67.85 4.3
      vertex 80.15 67.6 4.3
      vertex 75.85 67.6 4.3
    endloop
  endfacet
  facet normal -0 0 -1
    outer loop
      vertex 80.1316 68.1306 4.3
      vertex 75.85 67.85 4.3
      vertex 75.8684 68.1306 4.3
    endloop
  endfacet
  facet normal -0.442085 0.896973 0
    outer loop
      vertex 79.075 50.288 0
      vertex 78.8228 50.1637 2.4
      vertex 79.075 50.288 2.4
    endloop
  endfacet
  facet normal -0.442085 0.896973 0
    outer loop
      vertex 78.8228 50.1637 2.4
      vertex 79.075 50.288 0
      vertex 78.8228 50.1637 0
    endloop
  endfacet
  facet normal 0.896792 -0 0.442452
    outer loop
      vertex 34.6685 0 17.6556
      vertex 34.7206 2.4 17.55
      vertex 34.6685 2.4 17.6556
    endloop
  endfacet
  facet normal 0.896792 0 0.442452
    outer loop
      vertex 34.7206 2.4 17.55
      vertex 34.6685 0 17.6556
      vertex 34.7206 0 17.55
    endloop
  endfacet
  facet normal -0.321065 0 0.947057
    outer loop
      vertex 35.7329 2.4 17.1307
      vertex 35.8444 0 17.1685
      vertex 35.8444 2.4 17.1685
    endloop
  endfacet
  facet normal -0.321065 0 0.947057
    outer loop
      vertex 35.8444 0 17.1685
      vertex 35.7329 2.4 17.1307
      vertex 35.7329 0 17.1307
    endloop
  endfacet
  facet normal -0.980711 0 -0.195462
    outer loop
      vertex 36.3923 0 18.1175
      vertex 36.3693 2.4 18.2329
      vertex 36.3923 2.4 18.1175
    endloop
  endfacet
  facet normal -0.980711 -0 -0.195462
    outer loop
      vertex 36.3693 2.4 18.2329
      vertex 36.3923 0 18.1175
      vertex 36.3693 0 18.2329
    endloop
  endfacet
  facet normal -0.99786 0 -0.0653917
    outer loop
      vertex 36.4 0 18
      vertex 36.3923 2.4 18.1175
      vertex 36.4 2.4 18
    endloop
  endfacet
  facet normal -0.99786 -0 -0.0653917
    outer loop
      vertex 36.3923 2.4 18.1175
      vertex 36.4 0 18
      vertex 36.3923 0 18.1175
    endloop
  endfacet
  facet normal -0.947057 0 -0.321065
    outer loop
      vertex 36.3693 0 18.2329
      vertex 36.3315 2.4 18.3444
      vertex 36.3693 2.4 18.2329
    endloop
  endfacet
  facet normal -0.947057 -0 -0.321065
    outer loop
      vertex 36.3315 2.4 18.3444
      vertex 36.3693 0 18.2329
      vertex 36.3315 0 18.3444
    endloop
  endfacet
  facet normal -0.442452 0 0.896792
    outer loop
      vertex 35.8444 2.4 17.1685
      vertex 35.95 0 17.2206
      vertex 35.95 2.4 17.2206
    endloop
  endfacet
  facet normal -0.442452 0 0.896792
    outer loop
      vertex 35.95 0 17.2206
      vertex 35.8444 2.4 17.1685
      vertex 35.8444 0 17.1685
    endloop
  endfacet
  facet normal -0.321065 0 -0.947057
    outer loop
      vertex 35.7329 0 18.8693
      vertex 35.8444 2.4 18.8315
      vertex 35.8444 0 18.8315
    endloop
  endfacet
  facet normal -0.321065 0 -0.947057
    outer loop
      vertex 35.8444 2.4 18.8315
      vertex 35.7329 0 18.8693
      vertex 35.7329 2.4 18.8693
    endloop
  endfacet
  facet normal 0.831527 0 -0.555484
    outer loop
      vertex 34.786 0 18.5479
      vertex 34.7206 2.4 18.45
      vertex 34.786 2.4 18.5479
    endloop
  endfacet
  facet normal 0.831527 0 -0.555484
    outer loop
      vertex 34.7206 2.4 18.45
      vertex 34.786 0 18.5479
      vertex 34.7206 0 18.45
    endloop
  endfacet
  facet normal 0.896792 0 -0.442452
    outer loop
      vertex 34.7206 0 18.45
      vertex 34.6685 2.4 18.3444
      vertex 34.7206 2.4 18.45
    endloop
  endfacet
  facet normal 0.896792 0 -0.442452
    outer loop
      vertex 34.6685 2.4 18.3444
      vertex 34.7206 0 18.45
      vertex 34.6685 0 18.3444
    endloop
  endfacet
  facet normal 0.659286 0 0.751892
    outer loop
      vertex 34.8636 2.4 17.3636
      vertex 34.9521 0 17.286
      vertex 34.9521 2.4 17.286
    endloop
  endfacet
  facet normal 0.659286 0 0.751892
    outer loop
      vertex 34.9521 0 17.286
      vertex 34.8636 2.4 17.3636
      vertex 34.8636 0 17.3636
    endloop
  endfacet
  facet normal 0.99786 0 -0.0653917
    outer loop
      vertex 34.6077 0 18.1175
      vertex 34.6 2.4 18
      vertex 34.6077 2.4 18.1175
    endloop
  endfacet
  facet normal 0.99786 0 -0.0653917
    outer loop
      vertex 34.6 2.4 18
      vertex 34.6077 0 18.1175
      vertex 34.6 0 18
    endloop
  endfacet
  facet normal -0.947057 0 0.321065
    outer loop
      vertex 36.3315 0 17.6556
      vertex 36.3693 2.4 17.7671
      vertex 36.3315 2.4 17.6556
    endloop
  endfacet
  facet normal -0.947057 0 0.321065
    outer loop
      vertex 36.3693 2.4 17.7671
      vertex 36.3315 0 17.6556
      vertex 36.3693 0 17.7671
    endloop
  endfacet
  facet normal 0.980711 -0 0.195462
    outer loop
      vertex 34.6077 0 17.8825
      vertex 34.6307 2.4 17.7671
      vertex 34.6077 2.4 17.8825
    endloop
  endfacet
  facet normal 0.980711 0 0.195462
    outer loop
      vertex 34.6307 2.4 17.7671
      vertex 34.6077 0 17.8825
      vertex 34.6307 0 17.7671
    endloop
  endfacet
  facet normal 0.195462 0 -0.980711
    outer loop
      vertex 35.2671 0 18.8693
      vertex 35.3825 2.4 18.8923
      vertex 35.3825 0 18.8923
    endloop
  endfacet
  facet normal 0.195462 0 -0.980711
    outer loop
      vertex 35.3825 2.4 18.8923
      vertex 35.2671 0 18.8693
      vertex 35.2671 2.4 18.8693
    endloop
  endfacet
  facet normal 0.947057 0 -0.321065
    outer loop
      vertex 34.6685 0 18.3444
      vertex 34.6307 2.4 18.2329
      vertex 34.6685 2.4 18.3444
    endloop
  endfacet
  facet normal 0.947057 0 -0.321065
    outer loop
      vertex 34.6307 2.4 18.2329
      vertex 34.6685 0 18.3444
      vertex 34.6307 0 18.2329
    endloop
  endfacet
  facet normal 0.442452 0 -0.896792
    outer loop
      vertex 35.05 0 18.7794
      vertex 35.1556 2.4 18.8315
      vertex 35.1556 0 18.8315
    endloop
  endfacet
  facet normal 0.442452 0 -0.896792
    outer loop
      vertex 35.1556 2.4 18.8315
      vertex 35.05 0 18.7794
      vertex 35.05 2.4 18.7794
    endloop
  endfacet
  facet normal -0.896792 0 -0.442452
    outer loop
      vertex 36.3315 0 18.3444
      vertex 36.2794 2.4 18.45
      vertex 36.3315 2.4 18.3444
    endloop
  endfacet
  facet normal -0.896792 -0 -0.442452
    outer loop
      vertex 36.2794 2.4 18.45
      vertex 36.3315 0 18.3444
      vertex 36.2794 0 18.45
    endloop
  endfacet
  facet normal 0.321065 0 0.947057
    outer loop
      vertex 35.1556 2.4 17.1685
      vertex 35.2671 0 17.1307
      vertex 35.2671 2.4 17.1307
    endloop
  endfacet
  facet normal 0.321065 0 0.947057
    outer loop
      vertex 35.2671 0 17.1307
      vertex 35.1556 2.4 17.1685
      vertex 35.1556 0 17.1685
    endloop
  endfacet
  facet normal -0.980711 0 0.195462
    outer loop
      vertex 36.3693 0 17.7671
      vertex 36.3923 2.4 17.8825
      vertex 36.3693 2.4 17.7671
    endloop
  endfacet
  facet normal -0.980711 0 0.195462
    outer loop
      vertex 36.3923 2.4 17.8825
      vertex 36.3693 0 17.7671
      vertex 36.3923 0 17.8825
    endloop
  endfacet
  facet normal -0.831527 0 0.555484
    outer loop
      vertex 36.214 0 17.4521
      vertex 36.2794 2.4 17.55
      vertex 36.214 2.4 17.4521
    endloop
  endfacet
  facet normal -0.831527 0 0.555484
    outer loop
      vertex 36.2794 2.4 17.55
      vertex 36.214 0 17.4521
      vertex 36.2794 0 17.55
    endloop
  endfacet
  facet normal -0.195462 0 0.980711
    outer loop
      vertex 35.6175 2.4 17.1077
      vertex 35.7329 0 17.1307
      vertex 35.7329 2.4 17.1307
    endloop
  endfacet
  facet normal -0.195462 0 0.980711
    outer loop
      vertex 35.7329 0 17.1307
      vertex 35.6175 2.4 17.1077
      vertex 35.6175 0 17.1077
    endloop
  endfacet
  facet normal -0.0653917 0 -0.99786
    outer loop
      vertex 35.5 0 18.9
      vertex 35.6175 2.4 18.8923
      vertex 35.6175 0 18.8923
    endloop
  endfacet
  facet normal -0.0653917 0 -0.99786
    outer loop
      vertex 35.6175 2.4 18.8923
      vertex 35.5 0 18.9
      vertex 35.5 2.4 18.9
    endloop
  endfacet
  facet normal 0.751892 -0 0.659286
    outer loop
      vertex 34.786 0 17.4521
      vertex 34.8636 2.4 17.3636
      vertex 34.786 2.4 17.4521
    endloop
  endfacet
  facet normal 0.751892 0 0.659286
    outer loop
      vertex 34.8636 2.4 17.3636
      vertex 34.786 0 17.4521
      vertex 34.8636 0 17.3636
    endloop
  endfacet
  facet normal 0.659286 0 -0.751892
    outer loop
      vertex 34.8636 0 18.6364
      vertex 34.9521 2.4 18.714
      vertex 34.9521 0 18.714
    endloop
  endfacet
  facet normal 0.659286 0 -0.751892
    outer loop
      vertex 34.9521 2.4 18.714
      vertex 34.8636 0 18.6364
      vertex 34.8636 2.4 18.6364
    endloop
  endfacet
  facet normal 0.555484 0 -0.831527
    outer loop
      vertex 34.9521 0 18.714
      vertex 35.05 2.4 18.7794
      vertex 35.05 0 18.7794
    endloop
  endfacet
  facet normal 0.555484 0 -0.831527
    outer loop
      vertex 35.05 2.4 18.7794
      vertex 34.9521 0 18.714
      vertex 34.9521 2.4 18.714
    endloop
  endfacet
  facet normal 0.0653917 0 0.99786
    outer loop
      vertex 35.3825 2.4 17.1077
      vertex 35.5 0 17.1
      vertex 35.5 2.4 17.1
    endloop
  endfacet
  facet normal 0.0653917 0 0.99786
    outer loop
      vertex 35.5 0 17.1
      vertex 35.3825 2.4 17.1077
      vertex 35.3825 0 17.1077
    endloop
  endfacet
  facet normal -0.751892 0 0.659286
    outer loop
      vertex 36.1364 0 17.3636
      vertex 36.214 2.4 17.4521
      vertex 36.1364 2.4 17.3636
    endloop
  endfacet
  facet normal -0.751892 0 0.659286
    outer loop
      vertex 36.214 2.4 17.4521
      vertex 36.1364 0 17.3636
      vertex 36.214 0 17.4521
    endloop
  endfacet
  facet normal -0.659286 0 -0.751892
    outer loop
      vertex 36.0479 0 18.714
      vertex 36.1364 2.4 18.6364
      vertex 36.1364 0 18.6364
    endloop
  endfacet
  facet normal -0.659286 0 -0.751892
    outer loop
      vertex 36.1364 2.4 18.6364
      vertex 36.0479 0 18.714
      vertex 36.0479 2.4 18.714
    endloop
  endfacet
  facet normal -0.831527 0 -0.555484
    outer loop
      vertex 36.2794 0 18.45
      vertex 36.214 2.4 18.5479
      vertex 36.2794 2.4 18.45
    endloop
  endfacet
  facet normal -0.831527 -0 -0.555484
    outer loop
      vertex 36.214 2.4 18.5479
      vertex 36.2794 0 18.45
      vertex 36.214 0 18.5479
    endloop
  endfacet
  facet normal -0.555484 0 -0.831527
    outer loop
      vertex 35.95 0 18.7794
      vertex 36.0479 2.4 18.714
      vertex 36.0479 0 18.714
    endloop
  endfacet
  facet normal -0.555484 0 -0.831527
    outer loop
      vertex 36.0479 2.4 18.714
      vertex 35.95 0 18.7794
      vertex 35.95 2.4 18.7794
    endloop
  endfacet
  facet normal 0.321065 0 -0.947057
    outer loop
      vertex 35.1556 0 18.8315
      vertex 35.2671 2.4 18.8693
      vertex 35.2671 0 18.8693
    endloop
  endfacet
  facet normal 0.321065 0 -0.947057
    outer loop
      vertex 35.2671 2.4 18.8693
      vertex 35.1556 0 18.8315
      vertex 35.1556 2.4 18.8315
    endloop
  endfacet
  facet normal 0.0653917 0 -0.99786
    outer loop
      vertex 35.3825 0 18.8923
      vertex 35.5 2.4 18.9
      vertex 35.5 0 18.9
    endloop
  endfacet
  facet normal 0.0653917 0 -0.99786
    outer loop
      vertex 35.5 2.4 18.9
      vertex 35.3825 0 18.8923
      vertex 35.3825 2.4 18.8923
    endloop
  endfacet
  facet normal -0.99786 0 0.0653917
    outer loop
      vertex 36.3923 0 17.8825
      vertex 36.4 2.4 18
      vertex 36.3923 2.4 17.8825
    endloop
  endfacet
  facet normal -0.99786 0 0.0653917
    outer loop
      vertex 36.4 2.4 18
      vertex 36.3923 0 17.8825
      vertex 36.4 0 18
    endloop
  endfacet
  facet normal 0.195462 0 0.980711
    outer loop
      vertex 35.2671 2.4 17.1307
      vertex 35.3825 0 17.1077
      vertex 35.3825 2.4 17.1077
    endloop
  endfacet
  facet normal 0.195462 0 0.980711
    outer loop
      vertex 35.3825 0 17.1077
      vertex 35.2671 2.4 17.1307
      vertex 35.2671 0 17.1307
    endloop
  endfacet
  facet normal -0.555484 0 0.831527
    outer loop
      vertex 35.95 2.4 17.2206
      vertex 36.0479 0 17.286
      vertex 36.0479 2.4 17.286
    endloop
  endfacet
  facet normal -0.555484 0 0.831527
    outer loop
      vertex 36.0479 0 17.286
      vertex 35.95 2.4 17.2206
      vertex 35.95 0 17.2206
    endloop
  endfacet
  facet normal -0.896792 0 0.442452
    outer loop
      vertex 36.2794 0 17.55
      vertex 36.3315 2.4 17.6556
      vertex 36.2794 2.4 17.55
    endloop
  endfacet
  facet normal -0.896792 0 0.442452
    outer loop
      vertex 36.3315 2.4 17.6556
      vertex 36.2794 0 17.55
      vertex 36.3315 0 17.6556
    endloop
  endfacet
  facet normal -0.0653917 0 0.99786
    outer loop
      vertex 35.5 2.4 17.1
      vertex 35.6175 0 17.1077
      vertex 35.6175 2.4 17.1077
    endloop
  endfacet
  facet normal -0.0653917 0 0.99786
    outer loop
      vertex 35.6175 0 17.1077
      vertex 35.5 2.4 17.1
      vertex 35.5 0 17.1
    endloop
  endfacet
  facet normal 0.442452 0 0.896792
    outer loop
      vertex 35.05 2.4 17.2206
      vertex 35.1556 0 17.1685
      vertex 35.1556 2.4 17.1685
    endloop
  endfacet
  facet normal 0.442452 0 0.896792
    outer loop
      vertex 35.1556 0 17.1685
      vertex 35.05 2.4 17.2206
      vertex 35.05 0 17.2206
    endloop
  endfacet
  facet normal 0.831527 -0 0.555484
    outer loop
      vertex 34.7206 0 17.55
      vertex 34.786 2.4 17.4521
      vertex 34.7206 2.4 17.55
    endloop
  endfacet
  facet normal 0.831527 0 0.555484
    outer loop
      vertex 34.786 2.4 17.4521
      vertex 34.7206 0 17.55
      vertex 34.786 0 17.4521
    endloop
  endfacet
  facet normal -0.751892 0 -0.659286
    outer loop
      vertex 36.214 0 18.5479
      vertex 36.1364 2.4 18.6364
      vertex 36.214 2.4 18.5479
    endloop
  endfacet
  facet normal -0.751892 -0 -0.659286
    outer loop
      vertex 36.1364 2.4 18.6364
      vertex 36.214 0 18.5479
      vertex 36.1364 0 18.6364
    endloop
  endfacet
  facet normal 0.751892 0 -0.659286
    outer loop
      vertex 34.8636 0 18.6364
      vertex 34.786 2.4 18.5479
      vertex 34.8636 2.4 18.6364
    endloop
  endfacet
  facet normal 0.751892 0 -0.659286
    outer loop
      vertex 34.786 2.4 18.5479
      vertex 34.8636 0 18.6364
      vertex 34.786 0 18.5479
    endloop
  endfacet
  facet normal -0.442452 0 -0.896792
    outer loop
      vertex 35.8444 0 18.8315
      vertex 35.95 2.4 18.7794
      vertex 35.95 0 18.7794
    endloop
  endfacet
  facet normal -0.442452 0 -0.896792
    outer loop
      vertex 35.95 2.4 18.7794
      vertex 35.8444 0 18.8315
      vertex 35.8444 2.4 18.8315
    endloop
  endfacet
  facet normal 0.947057 -0 0.321065
    outer loop
      vertex 34.6307 0 17.7671
      vertex 34.6685 2.4 17.6556
      vertex 34.6307 2.4 17.7671
    endloop
  endfacet
  facet normal 0.947057 0 0.321065
    outer loop
      vertex 34.6685 2.4 17.6556
      vertex 34.6307 0 17.7671
      vertex 34.6685 0 17.6556
    endloop
  endfacet
  facet normal -0.195462 0 -0.980711
    outer loop
      vertex 35.6175 0 18.8923
      vertex 35.7329 2.4 18.8693
      vertex 35.7329 0 18.8693
    endloop
  endfacet
  facet normal -0.195462 0 -0.980711
    outer loop
      vertex 35.7329 2.4 18.8693
      vertex 35.6175 0 18.8923
      vertex 35.6175 2.4 18.8923
    endloop
  endfacet
  facet normal 0.99786 -0 0.0653917
    outer loop
      vertex 34.6 0 18
      vertex 34.6077 2.4 17.8825
      vertex 34.6 2.4 18
    endloop
  endfacet
  facet normal 0.99786 0 0.0653917
    outer loop
      vertex 34.6077 2.4 17.8825
      vertex 34.6 0 18
      vertex 34.6077 0 17.8825
    endloop
  endfacet
  facet normal 0.555484 0 0.831527
    outer loop
      vertex 34.9521 2.4 17.286
      vertex 35.05 0 17.2206
      vertex 35.05 2.4 17.2206
    endloop
  endfacet
  facet normal 0.555484 0 0.831527
    outer loop
      vertex 35.05 0 17.2206
      vertex 34.9521 2.4 17.286
      vertex 34.9521 0 17.286
    endloop
  endfacet
  facet normal 0.980711 0 -0.195462
    outer loop
      vertex 34.6307 0 18.2329
      vertex 34.6077 2.4 18.1175
      vertex 34.6307 2.4 18.2329
    endloop
  endfacet
  facet normal 0.980711 0 -0.195462
    outer loop
      vertex 34.6077 2.4 18.1175
      vertex 34.6307 0 18.2329
      vertex 34.6077 0 18.1175
    endloop
  endfacet
  facet normal -0.659286 0 0.751892
    outer loop
      vertex 36.0479 2.4 17.286
      vertex 36.1364 0 17.3636
      vertex 36.1364 2.4 17.3636
    endloop
  endfacet
  facet normal -0.659286 0 0.751892
    outer loop
      vertex 36.1364 0 17.3636
      vertex 36.0479 2.4 17.286
      vertex 36.0479 0 17.286
    endloop
  endfacet
  facet normal -0.555484 0 -0.831527
    outer loop
      vertex 34.9452 0 15.0294
      vertex 35.0431 2.4 14.964
      vertex 35.0431 0 14.964
    endloop
  endfacet
  facet normal -0.555484 0 -0.831527
    outer loop
      vertex 35.0431 2.4 14.964
      vertex 34.9452 0 15.0294
      vertex 34.9452 2.4 15.0294
    endloop
  endfacet
  facet normal 0.555484 0 0.831527
    outer loop
      vertex 33.9473 2.4 13.536
      vertex 34.0452 0 13.4706
      vertex 34.0452 2.4 13.4706
    endloop
  endfacet
  facet normal 0.555484 0 0.831527
    outer loop
      vertex 34.0452 0 13.4706
      vertex 33.9473 2.4 13.536
      vertex 33.9473 0 13.536
    endloop
  endfacet
  facet normal -0.896792 0 0.442452
    outer loop
      vertex 35.2746 0 13.8
      vertex 35.3267 2.4 13.9056
      vertex 35.2746 2.4 13.8
    endloop
  endfacet
  facet normal -0.896792 0 0.442452
    outer loop
      vertex 35.3267 2.4 13.9056
      vertex 35.2746 0 13.8
      vertex 35.3267 0 13.9056
    endloop
  endfacet
  facet normal 0.980711 0 -0.195462
    outer loop
      vertex 33.6259 0 14.4829
      vertex 33.6029 2.4 14.3675
      vertex 33.6259 2.4 14.4829
    endloop
  endfacet
  facet normal 0.980711 0 -0.195462
    outer loop
      vertex 33.6029 2.4 14.3675
      vertex 33.6259 0 14.4829
      vertex 33.6029 0 14.3675
    endloop
  endfacet
  facet normal -0.555484 0 0.831527
    outer loop
      vertex 34.9452 2.4 13.4706
      vertex 35.0431 0 13.536
      vertex 35.0431 2.4 13.536
    endloop
  endfacet
  facet normal -0.555484 0 0.831527
    outer loop
      vertex 35.0431 0 13.536
      vertex 34.9452 2.4 13.4706
      vertex 34.9452 0 13.4706
    endloop
  endfacet
  facet normal -0.831527 0 -0.555484
    outer loop
      vertex 35.2746 0 14.7
      vertex 35.2092 2.4 14.7979
      vertex 35.2746 2.4 14.7
    endloop
  endfacet
  facet normal -0.831527 -0 -0.555484
    outer loop
      vertex 35.2092 2.4 14.7979
      vertex 35.2746 0 14.7
      vertex 35.2092 0 14.7979
    endloop
  endfacet
  facet normal -0.980711 0 -0.195462
    outer loop
      vertex 35.3875 0 14.3675
      vertex 35.3645 2.4 14.4829
      vertex 35.3875 2.4 14.3675
    endloop
  endfacet
  facet normal -0.980711 -0 -0.195462
    outer loop
      vertex 35.3645 2.4 14.4829
      vertex 35.3875 0 14.3675
      vertex 35.3645 0 14.4829
    endloop
  endfacet
  facet normal 0.195462 0 -0.980711
    outer loop
      vertex 34.2623 0 15.1193
      vertex 34.3777 2.4 15.1423
      vertex 34.3777 0 15.1423
    endloop
  endfacet
  facet normal 0.195462 0 -0.980711
    outer loop
      vertex 34.3777 2.4 15.1423
      vertex 34.2623 0 15.1193
      vertex 34.2623 2.4 15.1193
    endloop
  endfacet
  facet normal -0.321065 0 -0.947057
    outer loop
      vertex 34.7281 0 15.1193
      vertex 34.8396 2.4 15.0815
      vertex 34.8396 0 15.0815
    endloop
  endfacet
  facet normal -0.321065 0 -0.947057
    outer loop
      vertex 34.8396 2.4 15.0815
      vertex 34.7281 0 15.1193
      vertex 34.7281 2.4 15.1193
    endloop
  endfacet
  facet normal -0.980711 0 0.195462
    outer loop
      vertex 35.3645 0 14.0171
      vertex 35.3875 2.4 14.1325
      vertex 35.3645 2.4 14.0171
    endloop
  endfacet
  facet normal -0.980711 0 0.195462
    outer loop
      vertex 35.3875 2.4 14.1325
      vertex 35.3645 0 14.0171
      vertex 35.3875 0 14.1325
    endloop
  endfacet
  facet normal 0.659286 0 0.751892
    outer loop
      vertex 33.8588 2.4 13.6136
      vertex 33.9473 0 13.536
      vertex 33.9473 2.4 13.536
    endloop
  endfacet
  facet normal 0.659286 0 0.751892
    outer loop
      vertex 33.9473 0 13.536
      vertex 33.8588 2.4 13.6136
      vertex 33.8588 0 13.6136
    endloop
  endfacet
  facet normal 0.442452 0 0.896792
    outer loop
      vertex 34.0452 2.4 13.4706
      vertex 34.1508 0 13.4185
      vertex 34.1508 2.4 13.4185
    endloop
  endfacet
  facet normal 0.442452 0 0.896792
    outer loop
      vertex 34.1508 0 13.4185
      vertex 34.0452 2.4 13.4706
      vertex 34.0452 0 13.4706
    endloop
  endfacet
  facet normal -0.751892 0 -0.659286
    outer loop
      vertex 35.2092 0 14.7979
      vertex 35.1316 2.4 14.8864
      vertex 35.2092 2.4 14.7979
    endloop
  endfacet
  facet normal -0.751892 -0 -0.659286
    outer loop
      vertex 35.1316 2.4 14.8864
      vertex 35.2092 0 14.7979
      vertex 35.1316 0 14.8864
    endloop
  endfacet
  facet normal -0.0653917 0 -0.99786
    outer loop
      vertex 34.4952 0 15.15
      vertex 34.6127 2.4 15.1423
      vertex 34.6127 0 15.1423
    endloop
  endfacet
  facet normal -0.0653917 0 -0.99786
    outer loop
      vertex 34.6127 2.4 15.1423
      vertex 34.4952 0 15.15
      vertex 34.4952 2.4 15.15
    endloop
  endfacet
  facet normal -0.99786 0 0.0653917
    outer loop
      vertex 35.3875 0 14.1325
      vertex 35.3952 2.4 14.25
      vertex 35.3875 2.4 14.1325
    endloop
  endfacet
  facet normal -0.99786 0 0.0653917
    outer loop
      vertex 35.3952 2.4 14.25
      vertex 35.3875 0 14.1325
      vertex 35.3952 0 14.25
    endloop
  endfacet
  facet normal 0.659286 0 -0.751892
    outer loop
      vertex 33.8588 0 14.8864
      vertex 33.9473 2.4 14.964
      vertex 33.9473 0 14.964
    endloop
  endfacet
  facet normal 0.659286 0 -0.751892
    outer loop
      vertex 33.9473 2.4 14.964
      vertex 33.8588 0 14.8864
      vertex 33.8588 2.4 14.8864
    endloop
  endfacet
  facet normal -0.659286 0 0.751892
    outer loop
      vertex 35.0431 2.4 13.536
      vertex 35.1316 0 13.6136
      vertex 35.1316 2.4 13.6136
    endloop
  endfacet
  facet normal -0.659286 0 0.751892
    outer loop
      vertex 35.1316 0 13.6136
      vertex 35.0431 2.4 13.536
      vertex 35.0431 0 13.536
    endloop
  endfacet
  facet normal 0.99786 -0 0.0653917
    outer loop
      vertex 33.5952 0 14.25
      vertex 33.6029 2.4 14.1325
      vertex 33.5952 2.4 14.25
    endloop
  endfacet
  facet normal 0.99786 0 0.0653917
    outer loop
      vertex 33.6029 2.4 14.1325
      vertex 33.5952 0 14.25
      vertex 33.6029 0 14.1325
    endloop
  endfacet
  facet normal -0.659286 0 -0.751892
    outer loop
      vertex 35.0431 0 14.964
      vertex 35.1316 2.4 14.8864
      vertex 35.1316 0 14.8864
    endloop
  endfacet
  facet normal -0.659286 0 -0.751892
    outer loop
      vertex 35.1316 2.4 14.8864
      vertex 35.0431 0 14.964
      vertex 35.0431 2.4 14.964
    endloop
  endfacet
  facet normal 0.947057 -0 0.321065
    outer loop
      vertex 33.6259 0 14.0171
      vertex 33.6637 2.4 13.9056
      vertex 33.6259 2.4 14.0171
    endloop
  endfacet
  facet normal 0.947057 0 0.321065
    outer loop
      vertex 33.6637 2.4 13.9056
      vertex 33.6259 0 14.0171
      vertex 33.6637 0 13.9056
    endloop
  endfacet
  facet normal -0.195462 0 -0.980711
    outer loop
      vertex 34.6127 0 15.1423
      vertex 34.7281 2.4 15.1193
      vertex 34.7281 0 15.1193
    endloop
  endfacet
  facet normal -0.195462 0 -0.980711
    outer loop
      vertex 34.7281 2.4 15.1193
      vertex 34.6127 0 15.1423
      vertex 34.6127 2.4 15.1423
    endloop
  endfacet
  facet normal -0.831527 0 0.555484
    outer loop
      vertex 35.2092 0 13.7021
      vertex 35.2746 2.4 13.8
      vertex 35.2092 2.4 13.7021
    endloop
  endfacet
  facet normal -0.831527 0 0.555484
    outer loop
      vertex 35.2746 2.4 13.8
      vertex 35.2092 0 13.7021
      vertex 35.2746 0 13.8
    endloop
  endfacet
  facet normal 0.896792 0 -0.442452
    outer loop
      vertex 33.7158 0 14.7
      vertex 33.6637 2.4 14.5944
      vertex 33.7158 2.4 14.7
    endloop
  endfacet
  facet normal 0.896792 0 -0.442452
    outer loop
      vertex 33.6637 2.4 14.5944
      vertex 33.7158 0 14.7
      vertex 33.6637 0 14.5944
    endloop
  endfacet
  facet normal 0.0653917 0 0.99786
    outer loop
      vertex 34.3777 2.4 13.3577
      vertex 34.4952 0 13.35
      vertex 34.4952 2.4 13.35
    endloop
  endfacet
  facet normal 0.0653917 0 0.99786
    outer loop
      vertex 34.4952 0 13.35
      vertex 34.3777 2.4 13.3577
      vertex 34.3777 0 13.3577
    endloop
  endfacet
  facet normal -0.99786 0 -0.0653917
    outer loop
      vertex 35.3952 0 14.25
      vertex 35.3875 2.4 14.3675
      vertex 35.3952 2.4 14.25
    endloop
  endfacet
  facet normal -0.99786 -0 -0.0653917
    outer loop
      vertex 35.3875 2.4 14.3675
      vertex 35.3952 0 14.25
      vertex 35.3875 0 14.3675
    endloop
  endfacet
  facet normal 0.321065 0 -0.947057
    outer loop
      vertex 34.1508 0 15.0815
      vertex 34.2623 2.4 15.1193
      vertex 34.2623 0 15.1193
    endloop
  endfacet
  facet normal 0.321065 0 -0.947057
    outer loop
      vertex 34.2623 2.4 15.1193
      vertex 34.1508 0 15.0815
      vertex 34.1508 2.4 15.0815
    endloop
  endfacet
  facet normal -0.896792 0 -0.442452
    outer loop
      vertex 35.3267 0 14.5944
      vertex 35.2746 2.4 14.7
      vertex 35.3267 2.4 14.5944
    endloop
  endfacet
  facet normal -0.896792 -0 -0.442452
    outer loop
      vertex 35.2746 2.4 14.7
      vertex 35.3267 0 14.5944
      vertex 35.2746 0 14.7
    endloop
  endfacet
  facet normal -0.947057 0 0.321065
    outer loop
      vertex 35.3267 0 13.9056
      vertex 35.3645 2.4 14.0171
      vertex 35.3267 2.4 13.9056
    endloop
  endfacet
  facet normal -0.947057 0 0.321065
    outer loop
      vertex 35.3645 2.4 14.0171
      vertex 35.3267 0 13.9056
      vertex 35.3645 0 14.0171
    endloop
  endfacet
  facet normal -0.0653917 0 0.99786
    outer loop
      vertex 34.4952 2.4 13.35
      vertex 34.6127 0 13.3577
      vertex 34.6127 2.4 13.3577
    endloop
  endfacet
  facet normal -0.0653917 0 0.99786
    outer loop
      vertex 34.6127 0 13.3577
      vertex 34.4952 2.4 13.35
      vertex 34.4952 0 13.35
    endloop
  endfacet
  facet normal -0.442452 0 -0.896792
    outer loop
      vertex 34.8396 0 15.0815
      vertex 34.9452 2.4 15.0294
      vertex 34.9452 0 15.0294
    endloop
  endfacet
  facet normal -0.442452 0 -0.896792
    outer loop
      vertex 34.9452 2.4 15.0294
      vertex 34.8396 0 15.0815
      vertex 34.8396 2.4 15.0815
    endloop
  endfacet
  facet normal 0.99786 0 -0.0653917
    outer loop
      vertex 33.6029 0 14.3675
      vertex 33.5952 2.4 14.25
      vertex 33.6029 2.4 14.3675
    endloop
  endfacet
  facet normal 0.99786 0 -0.0653917
    outer loop
      vertex 33.5952 2.4 14.25
      vertex 33.6029 0 14.3675
      vertex 33.5952 0 14.25
    endloop
  endfacet
  facet normal 0.321065 0 0.947057
    outer loop
      vertex 34.1508 2.4 13.4185
      vertex 34.2623 0 13.3807
      vertex 34.2623 2.4 13.3807
    endloop
  endfacet
  facet normal 0.321065 0 0.947057
    outer loop
      vertex 34.2623 0 13.3807
      vertex 34.1508 2.4 13.4185
      vertex 34.1508 0 13.4185
    endloop
  endfacet
  facet normal 0.0653917 0 -0.99786
    outer loop
      vertex 34.3777 0 15.1423
      vertex 34.4952 2.4 15.15
      vertex 34.4952 0 15.15
    endloop
  endfacet
  facet normal 0.0653917 0 -0.99786
    outer loop
      vertex 34.4952 2.4 15.15
      vertex 34.3777 0 15.1423
      vertex 34.3777 2.4 15.1423
    endloop
  endfacet
  facet normal 0.751892 0 -0.659286
    outer loop
      vertex 33.8588 0 14.8864
      vertex 33.7812 2.4 14.7979
      vertex 33.8588 2.4 14.8864
    endloop
  endfacet
  facet normal 0.751892 0 -0.659286
    outer loop
      vertex 33.7812 2.4 14.7979
      vertex 33.8588 0 14.8864
      vertex 33.7812 0 14.7979
    endloop
  endfacet
  facet normal 0.751892 -0 0.659286
    outer loop
      vertex 33.7812 0 13.7021
      vertex 33.8588 2.4 13.6136
      vertex 33.7812 2.4 13.7021
    endloop
  endfacet
  facet normal 0.751892 0 0.659286
    outer loop
      vertex 33.8588 2.4 13.6136
      vertex 33.7812 0 13.7021
      vertex 33.8588 0 13.6136
    endloop
  endfacet
  facet normal 0.831527 -0 0.555484
    outer loop
      vertex 33.7158 0 13.8
      vertex 33.7812 2.4 13.7021
      vertex 33.7158 2.4 13.8
    endloop
  endfacet
  facet normal 0.831527 0 0.555484
    outer loop
      vertex 33.7812 2.4 13.7021
      vertex 33.7158 0 13.8
      vertex 33.7812 0 13.7021
    endloop
  endfacet
  facet normal 0.947057 0 -0.321065
    outer loop
      vertex 33.6637 0 14.5944
      vertex 33.6259 2.4 14.4829
      vertex 33.6637 2.4 14.5944
    endloop
  endfacet
  facet normal 0.947057 0 -0.321065
    outer loop
      vertex 33.6259 2.4 14.4829
      vertex 33.6637 0 14.5944
      vertex 33.6259 0 14.4829
    endloop
  endfacet
  facet normal -0.947057 0 -0.321065
    outer loop
      vertex 35.3645 0 14.4829
      vertex 35.3267 2.4 14.5944
      vertex 35.3645 2.4 14.4829
    endloop
  endfacet
  facet normal -0.947057 -0 -0.321065
    outer loop
      vertex 35.3267 2.4 14.5944
      vertex 35.3645 0 14.4829
      vertex 35.3267 0 14.5944
    endloop
  endfacet
  facet normal 0.442452 0 -0.896792
    outer loop
      vertex 34.0452 0 15.0294
      vertex 34.1508 2.4 15.0815
      vertex 34.1508 0 15.0815
    endloop
  endfacet
  facet normal 0.442452 0 -0.896792
    outer loop
      vertex 34.1508 2.4 15.0815
      vertex 34.0452 0 15.0294
      vertex 34.0452 2.4 15.0294
    endloop
  endfacet
  facet normal -0.751892 0 0.659286
    outer loop
      vertex 35.1316 0 13.6136
      vertex 35.2092 2.4 13.7021
      vertex 35.1316 2.4 13.6136
    endloop
  endfacet
  facet normal -0.751892 0 0.659286
    outer loop
      vertex 35.2092 2.4 13.7021
      vertex 35.1316 0 13.6136
      vertex 35.2092 0 13.7021
    endloop
  endfacet
  facet normal -0.442452 0 0.896792
    outer loop
      vertex 34.8396 2.4 13.4185
      vertex 34.9452 0 13.4706
      vertex 34.9452 2.4 13.4706
    endloop
  endfacet
  facet normal -0.442452 0 0.896792
    outer loop
      vertex 34.9452 0 13.4706
      vertex 34.8396 2.4 13.4185
      vertex 34.8396 0 13.4185
    endloop
  endfacet
  facet normal 0.831527 0 -0.555484
    outer loop
      vertex 33.7812 0 14.7979
      vertex 33.7158 2.4 14.7
      vertex 33.7812 2.4 14.7979
    endloop
  endfacet
  facet normal 0.831527 0 -0.555484
    outer loop
      vertex 33.7158 2.4 14.7
      vertex 33.7812 0 14.7979
      vertex 33.7158 0 14.7
    endloop
  endfacet
  facet normal 0.195462 0 0.980711
    outer loop
      vertex 34.2623 2.4 13.3807
      vertex 34.3777 0 13.3577
      vertex 34.3777 2.4 13.3577
    endloop
  endfacet
  facet normal 0.195462 0 0.980711
    outer loop
      vertex 34.3777 0 13.3577
      vertex 34.2623 2.4 13.3807
      vertex 34.2623 0 13.3807
    endloop
  endfacet
  facet normal 0.980711 -0 0.195462
    outer loop
      vertex 33.6029 0 14.1325
      vertex 33.6259 2.4 14.0171
      vertex 33.6029 2.4 14.1325
    endloop
  endfacet
  facet normal 0.980711 0 0.195462
    outer loop
      vertex 33.6259 2.4 14.0171
      vertex 33.6029 0 14.1325
      vertex 33.6259 0 14.0171
    endloop
  endfacet
  facet normal 0.555484 0 -0.831527
    outer loop
      vertex 33.9473 0 14.964
      vertex 34.0452 2.4 15.0294
      vertex 34.0452 0 15.0294
    endloop
  endfacet
  facet normal 0.555484 0 -0.831527
    outer loop
      vertex 34.0452 2.4 15.0294
      vertex 33.9473 0 14.964
      vertex 33.9473 2.4 14.964
    endloop
  endfacet
  facet normal 0.896792 -0 0.442452
    outer loop
      vertex 33.6637 0 13.9056
      vertex 33.7158 2.4 13.8
      vertex 33.6637 2.4 13.9056
    endloop
  endfacet
  facet normal 0.896792 0 0.442452
    outer loop
      vertex 33.7158 2.4 13.8
      vertex 33.6637 0 13.9056
      vertex 33.7158 0 13.8
    endloop
  endfacet
  facet normal -0.195462 0 0.980711
    outer loop
      vertex 34.6127 2.4 13.3577
      vertex 34.7281 0 13.3807
      vertex 34.7281 2.4 13.3807
    endloop
  endfacet
  facet normal -0.195462 0 0.980711
    outer loop
      vertex 34.7281 0 13.3807
      vertex 34.6127 2.4 13.3577
      vertex 34.6127 0 13.3577
    endloop
  endfacet
  facet normal -0.321065 0 0.947057
    outer loop
      vertex 34.7281 2.4 13.3807
      vertex 34.8396 0 13.4185
      vertex 34.8396 2.4 13.4185
    endloop
  endfacet
  facet normal -0.321065 0 0.947057
    outer loop
      vertex 34.8396 0 13.4185
      vertex 34.7281 2.4 13.3807
      vertex 34.7281 0 13.3807
    endloop
  endfacet
  facet normal 0.831527 -0 0.555484
    outer loop
      vertex 30.9706 0 11.0548
      vertex 31.036 2.4 10.9569
      vertex 30.9706 2.4 11.0548
    endloop
  endfacet
  facet normal 0.831527 0 0.555484
    outer loop
      vertex 31.036 2.4 10.9569
      vertex 30.9706 0 11.0548
      vertex 31.036 0 10.9569
    endloop
  endfacet
  facet normal -0.99786 0 -0.0653917
    outer loop
      vertex 32.65 0 11.5048
      vertex 32.6423 2.4 11.6223
      vertex 32.65 2.4 11.5048
    endloop
  endfacet
  facet normal -0.99786 -0 -0.0653917
    outer loop
      vertex 32.6423 2.4 11.6223
      vertex 32.65 0 11.5048
      vertex 32.6423 0 11.6223
    endloop
  endfacet
  facet normal 0.947057 -0 0.321065
    outer loop
      vertex 30.8807 0 11.2719
      vertex 30.9185 2.4 11.1604
      vertex 30.8807 2.4 11.2719
    endloop
  endfacet
  facet normal 0.947057 0 0.321065
    outer loop
      vertex 30.9185 2.4 11.1604
      vertex 30.8807 0 11.2719
      vertex 30.9185 0 11.1604
    endloop
  endfacet
  facet normal -0.555484 0 0.831527
    outer loop
      vertex 32.2 2.4 10.7254
      vertex 32.2979 0 10.7908
      vertex 32.2979 2.4 10.7908
    endloop
  endfacet
  facet normal -0.555484 0 0.831527
    outer loop
      vertex 32.2979 0 10.7908
      vertex 32.2 2.4 10.7254
      vertex 32.2 0 10.7254
    endloop
  endfacet
  facet normal -0.555484 0 -0.831527
    outer loop
      vertex 32.2 0 12.2842
      vertex 32.2979 2.4 12.2188
      vertex 32.2979 0 12.2188
    endloop
  endfacet
  facet normal -0.555484 0 -0.831527
    outer loop
      vertex 32.2979 2.4 12.2188
      vertex 32.2 0 12.2842
      vertex 32.2 2.4 12.2842
    endloop
  endfacet
  facet normal -0.321065 0 0.947057
    outer loop
      vertex 31.9829 2.4 10.6355
      vertex 32.0944 0 10.6733
      vertex 32.0944 2.4 10.6733
    endloop
  endfacet
  facet normal -0.321065 0 0.947057
    outer loop
      vertex 32.0944 0 10.6733
      vertex 31.9829 2.4 10.6355
      vertex 31.9829 0 10.6355
    endloop
  endfacet
  facet normal -0.831527 0 -0.555484
    outer loop
      vertex 32.5294 0 11.9548
      vertex 32.464 2.4 12.0527
      vertex 32.5294 2.4 11.9548
    endloop
  endfacet
  facet normal -0.831527 -0 -0.555484
    outer loop
      vertex 32.464 2.4 12.0527
      vertex 32.5294 0 11.9548
      vertex 32.464 0 12.0527
    endloop
  endfacet
  facet normal -0.896792 0 0.442452
    outer loop
      vertex 32.5294 0 11.0548
      vertex 32.5815 2.4 11.1604
      vertex 32.5294 2.4 11.0548
    endloop
  endfacet
  facet normal -0.896792 0 0.442452
    outer loop
      vertex 32.5815 2.4 11.1604
      vertex 32.5294 0 11.0548
      vertex 32.5815 0 11.1604
    endloop
  endfacet
  facet normal 0.442452 0 0.896792
    outer loop
      vertex 31.3 2.4 10.7254
      vertex 31.4056 0 10.6733
      vertex 31.4056 2.4 10.6733
    endloop
  endfacet
  facet normal 0.442452 0 0.896792
    outer loop
      vertex 31.4056 0 10.6733
      vertex 31.3 2.4 10.7254
      vertex 31.3 0 10.7254
    endloop
  endfacet
  facet normal 0.0653917 0 0.99786
    outer loop
      vertex 31.6325 2.4 10.6125
      vertex 31.75 0 10.6048
      vertex 31.75 2.4 10.6048
    endloop
  endfacet
  facet normal 0.0653917 0 0.99786
    outer loop
      vertex 31.75 0 10.6048
      vertex 31.6325 2.4 10.6125
      vertex 31.6325 0 10.6125
    endloop
  endfacet
  facet normal 0.980711 0 -0.195462
    outer loop
      vertex 30.8807 0 11.7377
      vertex 30.8577 2.4 11.6223
      vertex 30.8807 2.4 11.7377
    endloop
  endfacet
  facet normal 0.980711 0 -0.195462
    outer loop
      vertex 30.8577 2.4 11.6223
      vertex 30.8807 0 11.7377
      vertex 30.8577 0 11.6223
    endloop
  endfacet
  facet normal -0.321065 0 -0.947057
    outer loop
      vertex 31.9829 0 12.3741
      vertex 32.0944 2.4 12.3363
      vertex 32.0944 0 12.3363
    endloop
  endfacet
  facet normal -0.321065 0 -0.947057
    outer loop
      vertex 32.0944 2.4 12.3363
      vertex 31.9829 0 12.3741
      vertex 31.9829 2.4 12.3741
    endloop
  endfacet
  facet normal -0.751892 0 0.659286
    outer loop
      vertex 32.3864 0 10.8684
      vertex 32.464 2.4 10.9569
      vertex 32.3864 2.4 10.8684
    endloop
  endfacet
  facet normal -0.751892 0 0.659286
    outer loop
      vertex 32.464 2.4 10.9569
      vertex 32.3864 0 10.8684
      vertex 32.464 0 10.9569
    endloop
  endfacet
  facet normal 0.99786 -0 0.0653917
    outer loop
      vertex 30.85 0 11.5048
      vertex 30.8577 2.4 11.3873
      vertex 30.85 2.4 11.5048
    endloop
  endfacet
  facet normal 0.99786 0 0.0653917
    outer loop
      vertex 30.8577 2.4 11.3873
      vertex 30.85 0 11.5048
      vertex 30.8577 0 11.3873
    endloop
  endfacet
  facet normal -0.831527 0 0.555484
    outer loop
      vertex 32.464 0 10.9569
      vertex 32.5294 2.4 11.0548
      vertex 32.464 2.4 10.9569
    endloop
  endfacet
  facet normal -0.831527 0 0.555484
    outer loop
      vertex 32.5294 2.4 11.0548
      vertex 32.464 0 10.9569
      vertex 32.5294 0 11.0548
    endloop
  endfacet
  facet normal 0.659286 0 -0.751892
    outer loop
      vertex 31.1136 0 12.1412
      vertex 31.2021 2.4 12.2188
      vertex 31.2021 0 12.2188
    endloop
  endfacet
  facet normal 0.659286 0 -0.751892
    outer loop
      vertex 31.2021 2.4 12.2188
      vertex 31.1136 0 12.1412
      vertex 31.1136 2.4 12.1412
    endloop
  endfacet
  facet normal 0.555484 0 -0.831527
    outer loop
      vertex 31.2021 0 12.2188
      vertex 31.3 2.4 12.2842
      vertex 31.3 0 12.2842
    endloop
  endfacet
  facet normal 0.555484 0 -0.831527
    outer loop
      vertex 31.3 2.4 12.2842
      vertex 31.2021 0 12.2188
      vertex 31.2021 2.4 12.2188
    endloop
  endfacet
  facet normal 0.751892 -0 0.659286
    outer loop
      vertex 31.036 0 10.9569
      vertex 31.1136 2.4 10.8684
      vertex 31.036 2.4 10.9569
    endloop
  endfacet
  facet normal 0.751892 0 0.659286
    outer loop
      vertex 31.1136 2.4 10.8684
      vertex 31.036 0 10.9569
      vertex 31.1136 0 10.8684
    endloop
  endfacet
  facet normal -0.0653917 0 0.99786
    outer loop
      vertex 31.75 2.4 10.6048
      vertex 31.8675 0 10.6125
      vertex 31.8675 2.4 10.6125
    endloop
  endfacet
  facet normal -0.0653917 0 0.99786
    outer loop
      vertex 31.8675 0 10.6125
      vertex 31.75 2.4 10.6048
      vertex 31.75 0 10.6048
    endloop
  endfacet
  facet normal -0.751892 0 -0.659286
    outer loop
      vertex 32.464 0 12.0527
      vertex 32.3864 2.4 12.1412
      vertex 32.464 2.4 12.0527
    endloop
  endfacet
  facet normal -0.751892 -0 -0.659286
    outer loop
      vertex 32.3864 2.4 12.1412
      vertex 32.464 0 12.0527
      vertex 32.3864 0 12.1412
    endloop
  endfacet
  facet normal -0.659286 0 -0.751892
    outer loop
      vertex 32.2979 0 12.2188
      vertex 32.3864 2.4 12.1412
      vertex 32.3864 0 12.1412
    endloop
  endfacet
  facet normal -0.659286 0 -0.751892
    outer loop
      vertex 32.3864 2.4 12.1412
      vertex 32.2979 0 12.2188
      vertex 32.2979 2.4 12.2188
    endloop
  endfacet
  facet normal -0.980711 0 0.195462
    outer loop
      vertex 32.6193 0 11.2719
      vertex 32.6423 2.4 11.3873
      vertex 32.6193 2.4 11.2719
    endloop
  endfacet
  facet normal -0.980711 0 0.195462
    outer loop
      vertex 32.6423 2.4 11.3873
      vertex 32.6193 0 11.2719
      vertex 32.6423 0 11.3873
    endloop
  endfacet
  facet normal -0.99786 0 0.0653917
    outer loop
      vertex 32.6423 0 11.3873
      vertex 32.65 2.4 11.5048
      vertex 32.6423 2.4 11.3873
    endloop
  endfacet
  facet normal -0.99786 0 0.0653917
    outer loop
      vertex 32.65 2.4 11.5048
      vertex 32.6423 0 11.3873
      vertex 32.65 0 11.5048
    endloop
  endfacet
  facet normal 0.321065 0 0.947057
    outer loop
      vertex 31.4056 2.4 10.6733
      vertex 31.5171 0 10.6355
      vertex 31.5171 2.4 10.6355
    endloop
  endfacet
  facet normal 0.321065 0 0.947057
    outer loop
      vertex 31.5171 0 10.6355
      vertex 31.4056 2.4 10.6733
      vertex 31.4056 0 10.6733
    endloop
  endfacet
  facet normal -0.442452 0 0.896792
    outer loop
      vertex 32.0944 2.4 10.6733
      vertex 32.2 0 10.7254
      vertex 32.2 2.4 10.7254
    endloop
  endfacet
  facet normal -0.442452 0 0.896792
    outer loop
      vertex 32.2 0 10.7254
      vertex 32.0944 2.4 10.6733
      vertex 32.0944 0 10.6733
    endloop
  endfacet
  facet normal -0.896792 0 -0.442452
    outer loop
      vertex 32.5815 0 11.8492
      vertex 32.5294 2.4 11.9548
      vertex 32.5815 2.4 11.8492
    endloop
  endfacet
  facet normal -0.896792 -0 -0.442452
    outer loop
      vertex 32.5294 2.4 11.9548
      vertex 32.5815 0 11.8492
      vertex 32.5294 0 11.9548
    endloop
  endfacet
  facet normal -0.659286 0 0.751892
    outer loop
      vertex 32.2979 2.4 10.7908
      vertex 32.3864 0 10.8684
      vertex 32.3864 2.4 10.8684
    endloop
  endfacet
  facet normal -0.659286 0 0.751892
    outer loop
      vertex 32.3864 0 10.8684
      vertex 32.2979 2.4 10.7908
      vertex 32.2979 0 10.7908
    endloop
  endfacet
  facet normal -0.980711 0 -0.195462
    outer loop
      vertex 32.6423 0 11.6223
      vertex 32.6193 2.4 11.7377
      vertex 32.6423 2.4 11.6223
    endloop
  endfacet
  facet normal -0.980711 -0 -0.195462
    outer loop
      vertex 32.6193 2.4 11.7377
      vertex 32.6423 0 11.6223
      vertex 32.6193 0 11.7377
    endloop
  endfacet
  facet normal 0.831527 0 -0.555484
    outer loop
      vertex 31.036 0 12.0527
      vertex 30.9706 2.4 11.9548
      vertex 31.036 2.4 12.0527
    endloop
  endfacet
  facet normal 0.831527 0 -0.555484
    outer loop
      vertex 30.9706 2.4 11.9548
      vertex 31.036 0 12.0527
      vertex 30.9706 0 11.9548
    endloop
  endfacet
  facet normal -0.442452 0 -0.896792
    outer loop
      vertex 32.0944 0 12.3363
      vertex 32.2 2.4 12.2842
      vertex 32.2 0 12.2842
    endloop
  endfacet
  facet normal -0.442452 0 -0.896792
    outer loop
      vertex 32.2 2.4 12.2842
      vertex 32.0944 0 12.3363
      vertex 32.0944 2.4 12.3363
    endloop
  endfacet
  facet normal 0.751892 0 -0.659286
    outer loop
      vertex 31.1136 0 12.1412
      vertex 31.036 2.4 12.0527
      vertex 31.1136 2.4 12.1412
    endloop
  endfacet
  facet normal 0.751892 0 -0.659286
    outer loop
      vertex 31.036 2.4 12.0527
      vertex 31.1136 0 12.1412
      vertex 31.036 0 12.0527
    endloop
  endfacet
  facet normal 0.195462 0 -0.980711
    outer loop
      vertex 31.5171 0 12.3741
      vertex 31.6325 2.4 12.3971
      vertex 31.6325 0 12.3971
    endloop
  endfacet
  facet normal 0.195462 0 -0.980711
    outer loop
      vertex 31.6325 2.4 12.3971
      vertex 31.5171 0 12.3741
      vertex 31.5171 2.4 12.3741
    endloop
  endfacet
  facet normal 0.947057 0 -0.321065
    outer loop
      vertex 30.9185 0 11.8492
      vertex 30.8807 2.4 11.7377
      vertex 30.9185 2.4 11.8492
    endloop
  endfacet
  facet normal 0.947057 0 -0.321065
    outer loop
      vertex 30.8807 2.4 11.7377
      vertex 30.9185 0 11.8492
      vertex 30.8807 0 11.7377
    endloop
  endfacet
  facet normal -0.947057 0 0.321065
    outer loop
      vertex 32.5815 0 11.1604
      vertex 32.6193 2.4 11.2719
      vertex 32.5815 2.4 11.1604
    endloop
  endfacet
  facet normal -0.947057 0 0.321065
    outer loop
      vertex 32.6193 2.4 11.2719
      vertex 32.5815 0 11.1604
      vertex 32.6193 0 11.2719
    endloop
  endfacet
  facet normal 0.980711 -0 0.195462
    outer loop
      vertex 30.8577 0 11.3873
      vertex 30.8807 2.4 11.2719
      vertex 30.8577 2.4 11.3873
    endloop
  endfacet
  facet normal 0.980711 0 0.195462
    outer loop
      vertex 30.8807 2.4 11.2719
      vertex 30.8577 0 11.3873
      vertex 30.8807 0 11.2719
    endloop
  endfacet
  facet normal -0.195462 0 -0.980711
    outer loop
      vertex 31.8675 0 12.3971
      vertex 31.9829 2.4 12.3741
      vertex 31.9829 0 12.3741
    endloop
  endfacet
  facet normal -0.195462 0 -0.980711
    outer loop
      vertex 31.9829 2.4 12.3741
      vertex 31.8675 0 12.3971
      vertex 31.8675 2.4 12.3971
    endloop
  endfacet
  facet normal 0.195462 0 0.980711
    outer loop
      vertex 31.5171 2.4 10.6355
      vertex 31.6325 0 10.6125
      vertex 31.6325 2.4 10.6125
    endloop
  endfacet
  facet normal 0.195462 0 0.980711
    outer loop
      vertex 31.6325 0 10.6125
      vertex 31.5171 2.4 10.6355
      vertex 31.5171 0 10.6355
    endloop
  endfacet
  facet normal 0.896792 -0 0.442452
    outer loop
      vertex 30.9185 0 11.1604
      vertex 30.9706 2.4 11.0548
      vertex 30.9185 2.4 11.1604
    endloop
  endfacet
  facet normal 0.896792 0 0.442452
    outer loop
      vertex 30.9706 2.4 11.0548
      vertex 30.9185 0 11.1604
      vertex 30.9706 0 11.0548
    endloop
  endfacet
  facet normal -0.195462 0 0.980711
    outer loop
      vertex 31.8675 2.4 10.6125
      vertex 31.9829 0 10.6355
      vertex 31.9829 2.4 10.6355
    endloop
  endfacet
  facet normal -0.195462 0 0.980711
    outer loop
      vertex 31.9829 0 10.6355
      vertex 31.8675 2.4 10.6125
      vertex 31.8675 0 10.6125
    endloop
  endfacet
  facet normal 0.321065 0 -0.947057
    outer loop
      vertex 31.4056 0 12.3363
      vertex 31.5171 2.4 12.3741
      vertex 31.5171 0 12.3741
    endloop
  endfacet
  facet normal 0.321065 0 -0.947057
    outer loop
      vertex 31.5171 2.4 12.3741
      vertex 31.4056 0 12.3363
      vertex 31.4056 2.4 12.3363
    endloop
  endfacet
  facet normal 0.659286 0 0.751892
    outer loop
      vertex 31.1136 2.4 10.8684
      vertex 31.2021 0 10.7908
      vertex 31.2021 2.4 10.7908
    endloop
  endfacet
  facet normal 0.659286 0 0.751892
    outer loop
      vertex 31.2021 0 10.7908
      vertex 31.1136 2.4 10.8684
      vertex 31.1136 0 10.8684
    endloop
  endfacet
  facet normal 0.555484 0 0.831527
    outer loop
      vertex 31.2021 2.4 10.7908
      vertex 31.3 0 10.7254
      vertex 31.3 2.4 10.7254
    endloop
  endfacet
  facet normal 0.555484 0 0.831527
    outer loop
      vertex 31.3 0 10.7254
      vertex 31.2021 2.4 10.7908
      vertex 31.2021 0 10.7908
    endloop
  endfacet
  facet normal 0.442452 0 -0.896792
    outer loop
      vertex 31.3 0 12.2842
      vertex 31.4056 2.4 12.3363
      vertex 31.4056 0 12.3363
    endloop
  endfacet
  facet normal 0.442452 0 -0.896792
    outer loop
      vertex 31.4056 2.4 12.3363
      vertex 31.3 0 12.2842
      vertex 31.3 2.4 12.2842
    endloop
  endfacet
  facet normal 0.99786 0 -0.0653917
    outer loop
      vertex 30.8577 0 11.6223
      vertex 30.85 2.4 11.5048
      vertex 30.8577 2.4 11.6223
    endloop
  endfacet
  facet normal 0.99786 0 -0.0653917
    outer loop
      vertex 30.85 2.4 11.5048
      vertex 30.8577 0 11.6223
      vertex 30.85 0 11.5048
    endloop
  endfacet
  facet normal -0.947057 0 -0.321065
    outer loop
      vertex 32.6193 0 11.7377
      vertex 32.5815 2.4 11.8492
      vertex 32.6193 2.4 11.7377
    endloop
  endfacet
  facet normal -0.947057 -0 -0.321065
    outer loop
      vertex 32.5815 2.4 11.8492
      vertex 32.6193 0 11.7377
      vertex 32.5815 0 11.8492
    endloop
  endfacet
  facet normal 0.0653917 0 -0.99786
    outer loop
      vertex 31.6325 0 12.3971
      vertex 31.75 2.4 12.4048
      vertex 31.75 0 12.4048
    endloop
  endfacet
  facet normal 0.0653917 0 -0.99786
    outer loop
      vertex 31.75 2.4 12.4048
      vertex 31.6325 0 12.3971
      vertex 31.6325 2.4 12.3971
    endloop
  endfacet
  facet normal -0.0653917 0 -0.99786
    outer loop
      vertex 31.75 0 12.4048
      vertex 31.8675 2.4 12.3971
      vertex 31.8675 0 12.3971
    endloop
  endfacet
  facet normal -0.0653917 0 -0.99786
    outer loop
      vertex 31.8675 2.4 12.3971
      vertex 31.75 0 12.4048
      vertex 31.75 2.4 12.4048
    endloop
  endfacet
  facet normal 0.896792 0 -0.442452
    outer loop
      vertex 30.9706 0 11.9548
      vertex 30.9185 2.4 11.8492
      vertex 30.9706 2.4 11.9548
    endloop
  endfacet
  facet normal 0.896792 0 -0.442452
    outer loop
      vertex 30.9185 2.4 11.8492
      vertex 30.9706 0 11.9548
      vertex 30.9185 0 11.8492
    endloop
  endfacet
  facet normal -0.0656309 -0.997844 0
    outer loop
      vertex 86.4 67.6 2.4
      vertex 86.5566 67.5897 24
      vertex 86.4 67.6 24
    endloop
  endfacet
  facet normal -0.0656309 -0.997844 -0
    outer loop
      vertex 86.5566 67.5897 24
      vertex 86.4 67.6 2.4
      vertex 86.5566 67.5897 2.4
    endloop
  endfacet
  facet normal -0.194891 -0.980825 0
    outer loop
      vertex 86.5566 67.5897 2.4
      vertex 86.7106 67.5591 24
      vertex 86.5566 67.5897 24
    endloop
  endfacet
  facet normal -0.194891 -0.980825 -0
    outer loop
      vertex 86.7106 67.5591 24
      vertex 86.5566 67.5897 2.4
      vertex 86.7106 67.5591 2.4
    endloop
  endfacet
  facet normal -0.32148 0.946916 0
    outer loop
      vertex 86.8592 2.49134 2.4
      vertex 86.7106 2.44089 24
      vertex 86.8592 2.49134 24
    endloop
  endfacet
  facet normal -0.32148 0.946916 0
    outer loop
      vertex 86.7106 2.44089 24
      vertex 86.8592 2.49134 2.4
      vertex 86.7106 2.44089 2.4
    endloop
  endfacet
  facet normal -0.997844 -0.0656309 0
    outer loop
      vertex 87.6 66.4 2.4
      vertex 87.5897 66.5566 24
      vertex 87.5897 66.5566 2.4
    endloop
  endfacet
  facet normal -0.997844 -0.0656309 0
    outer loop
      vertex 87.5897 66.5566 24
      vertex 87.6 66.4 2.4
      vertex 87.6 66.4 24
    endloop
  endfacet
  facet normal 0.321402 0.946943 -0
    outer loop
      vertex 3.28942 2.44089 2.4
      vertex 3.14078 2.49134 24
      vertex 3.28942 2.44089 24
    endloop
  endfacet
  facet normal 0.321402 0.946943 0
    outer loop
      vertex 3.14078 2.49134 24
      vertex 3.28942 2.44089 2.4
      vertex 3.14078 2.49134 2.4
    endloop
  endfacet
  facet normal -0.442264 0.896885 0
    outer loop
      vertex 87 2.56077 2.4
      vertex 86.8592 2.49134 24
      vertex 87 2.56077 24
    endloop
  endfacet
  facet normal -0.442264 0.896885 0
    outer loop
      vertex 86.8592 2.49134 24
      vertex 87 2.56077 2.4
      vertex 86.8592 2.49134 2.4
    endloop
  endfacet
  facet normal -0.555582 -0.831462 0
    outer loop
      vertex 87 67.4392 2.4
      vertex 87.1305 67.352 24
      vertex 87 67.4392 24
    endloop
  endfacet
  facet normal -0.555582 -0.831462 -0
    outer loop
      vertex 87.1305 67.352 24
      vertex 87 67.4392 2.4
      vertex 87.1305 67.352 2.4
    endloop
  endfacet
  facet normal -0 0 1
    outer loop
      vertex 2.4 66.4 2.4
      vertex 9.85 52.15 2.4
      vertex 9.85 67.6 2.4
    endloop
  endfacet
  facet normal 0 0 1
    outer loop
      vertex 9.85 52.15 2.4
      vertex 2.4 66.4 2.4
      vertex 9.85 17.85 2.4
    endloop
  endfacet
  facet normal 0 0 1
    outer loop
      vertex 2.4 66.4 2.4
      vertex 9.85 67.6 2.4
      vertex 3.6 67.6 2.4
    endloop
  endfacet
  facet normal 0 0 1
    outer loop
      vertex 2.4 3.6 2.4
      vertex 9.85 17.85 2.4
      vertex 2.4 66.4 2.4
    endloop
  endfacet
  facet normal 0 0 1
    outer loop
      vertex 2.4 66.4 2.4
      vertex 3.6 67.6 2.4
      vertex 3.44337 67.5897 2.4
    endloop
  endfacet
  facet normal 0 0 1
    outer loop
      vertex 9.85 17.85 2.4
      vertex 2.4 3.6 2.4
      vertex 9.85 2.4 2.4
    endloop
  endfacet
  facet normal 0 0 1
    outer loop
      vertex 2.4 66.4 2.4
      vertex 3.44337 67.5897 2.4
      vertex 3.28942 67.5591 2.4
    endloop
  endfacet
  facet normal 0 0 1
    outer loop
      vertex 9.85 2.4 2.4
      vertex 2.4 3.6 2.4
      vertex 3.6 2.4 2.4
    endloop
  endfacet
  facet normal 0 0 1
    outer loop
      vertex 2.4 66.4 2.4
      vertex 3.28942 67.5591 2.4
      vertex 3.14078 67.5087 2.4
    endloop
  endfacet
  facet normal 0 0 1
    outer loop
      vertex 3.6 2.4 2.4
      vertex 2.4 3.6 2.4
      vertex 3.44337 2.41026 2.4
    endloop
  endfacet
  facet normal 0 0 1
    outer loop
      vertex 2.4 66.4 2.4
      vertex 3.14078 67.5087 2.4
      vertex 3 67.4392 2.4
    endloop
  endfacet
  facet normal 0 0 1
    outer loop
      vertex 3.44337 2.41026 2.4
      vertex 2.4 3.6 2.4
      vertex 3.28942 2.44089 2.4
    endloop
  endfacet
  facet normal 0 0 1
    outer loop
      vertex 2.4 66.4 2.4
      vertex 3 67.4392 2.4
      vertex 2.86949 67.352 2.4
    endloop
  endfacet
  facet normal 0 0 1
    outer loop
      vertex 3.28942 2.44089 2.4
      vertex 2.4 3.6 2.4
      vertex 3.14078 2.49134 2.4
    endloop
  endfacet
  facet normal 0 0 1
    outer loop
      vertex 2.4 66.4 2.4
      vertex 2.86949 67.352 2.4
      vertex 2.75147 67.2485 2.4
    endloop
  endfacet
  facet normal 0 0 1
    outer loop
      vertex 3.14078 2.49134 2.4
      vertex 2.4 3.6 2.4
      vertex 3 2.56077 2.4
    endloop
  endfacet
  facet normal 0 0 1
    outer loop
      vertex 2.4 66.4 2.4
      vertex 2.75147 67.2485 2.4
      vertex 2.64797 67.1305 2.4
    endloop
  endfacet
  facet normal 0 0 1
    outer loop
      vertex 3 2.56077 2.4
      vertex 2.4 3.6 2.4
      vertex 2.86949 2.64797 2.4
    endloop
  endfacet
  facet normal 0 0 1
    outer loop
      vertex 2.4 66.4 2.4
      vertex 2.64797 67.1305 2.4
      vertex 2.56077 67 2.4
    endloop
  endfacet
  facet normal 0 0 1
    outer loop
      vertex 2.86949 2.64797 2.4
      vertex 2.4 3.6 2.4
      vertex 2.75147 2.75147 2.4
    endloop
  endfacet
  facet normal 0 0 1
    outer loop
      vertex 2.4 66.4 2.4
      vertex 2.56077 67 2.4
      vertex 2.49134 66.8592 2.4
    endloop
  endfacet
  facet normal 0 0 1
    outer loop
      vertex 2.75147 2.75147 2.4
      vertex 2.4 3.6 2.4
      vertex 2.64797 2.86949 2.4
    endloop
  endfacet
  facet normal 0 0 1
    outer loop
      vertex 2.4 66.4 2.4
      vertex 2.49134 66.8592 2.4
      vertex 2.44089 66.7106 2.4
    endloop
  endfacet
  facet normal 0 0 1
    outer loop
      vertex 2.64797 2.86949 2.4
      vertex 2.4 3.6 2.4
      vertex 2.56077 3 2.4
    endloop
  endfacet
  facet normal 0 0 1
    outer loop
      vertex 2.4 66.4 2.4
      vertex 2.44089 66.7106 2.4
      vertex 2.41026 66.5566 2.4
    endloop
  endfacet
  facet normal 0 0 1
    outer loop
      vertex 2.56077 3 2.4
      vertex 2.4 3.6 2.4
      vertex 2.49134 3.14078 2.4
    endloop
  endfacet
  facet normal 0 0 1
    outer loop
      vertex 2.49134 3.14078 2.4
      vertex 2.4 3.6 2.4
      vertex 2.44089 3.28942 2.4
    endloop
  endfacet
  facet normal 0 0 1
    outer loop
      vertex 2.44089 3.28942 2.4
      vertex 2.4 3.6 2.4
      vertex 2.41026 3.44337 2.4
    endloop
  endfacet
  facet normal 0 0 1
    outer loop
      vertex 37.2613 47.5341 2.4
      vertex 13.7057 50.8412 2.4
      vertex 37.337 47.3112 2.4
    endloop
  endfacet
  facet normal 0 0 1
    outer loop
      vertex 40.9 35 2.4
      vertex 14.1316 18.1306 2.4
      vertex 14.15 17.85 2.4
    endloop
  endfacet
  facet normal -0 0 1
    outer loop
      vertex 13.5203 50.6297 2.4
      vertex 37.337 47.3112 2.4
      vertex 13.7057 50.8412 2.4
    endloop
  endfacet
  facet normal 0 0 1
    outer loop
      vertex 40.9 35 2.4
      vertex 14.0767 18.4065 2.4
      vertex 14.1316 18.1306 2.4
    endloop
  endfacet
  facet normal 0 0 1
    outer loop
      vertex 37.337 47.3112 2.4
      vertex 13.5203 50.6297 2.4
      vertex 37.4412 47.1 2.4
    endloop
  endfacet
  facet normal 0 0 1
    outer loop
      vertex 40.9 35 2.4
      vertex 13.9863 18.6728 2.4
      vertex 14.0767 18.4065 2.4
    endloop
  endfacet
  facet normal -0 0 1
    outer loop
      vertex 13.3088 50.4443 2.4
      vertex 37.4412 47.1 2.4
      vertex 13.5203 50.6297 2.4
    endloop
  endfacet
  facet normal 0 0 1
    outer loop
      vertex 40.9 35 2.4
      vertex 13.862 18.925 2.4
      vertex 13.9863 18.6728 2.4
    endloop
  endfacet
  facet normal 0 0 1
    outer loop
      vertex 37.4412 47.1 2.4
      vertex 13.3088 50.4443 2.4
      vertex 37.572 46.9042 2.4
    endloop
  endfacet
  facet normal 0 0 1
    outer loop
      vertex 40.9 35 2.4
      vertex 13.7057 19.1588 2.4
      vertex 13.862 18.925 2.4
    endloop
  endfacet
  facet normal 0 0 1
    outer loop
      vertex 37.572 46.9042 2.4
      vertex 13.3088 50.4443 2.4
      vertex 40.9 35 2.4
    endloop
  endfacet
  facet normal 0 0 1
    outer loop
      vertex 40.9 35 2.4
      vertex 13.5203 19.3703 2.4
      vertex 13.7057 19.1588 2.4
    endloop
  endfacet
  facet normal -0 0 1
    outer loop
      vertex 13.075 50.288 2.4
      vertex 40.9 35 2.4
      vertex 13.3088 50.4443 2.4
    endloop
  endfacet
  facet normal 0 0 1
    outer loop
      vertex 40.9 35 2.4
      vertex 13.3088 19.5557 2.4
      vertex 13.5203 19.3703 2.4
    endloop
  endfacet
  facet normal 0 0 1
    outer loop
      vertex 13.075 19.712 2.4
      vertex 40.9 35 2.4
      vertex 13.075 50.288 2.4
    endloop
  endfacet
  facet normal 0 0 1
    outer loop
      vertex 40.9 35 2.4
      vertex 13.075 19.712 2.4
      vertex 13.3088 19.5557 2.4
    endloop
  endfacet
  facet normal -0 0 1
    outer loop
      vertex 12.8228 50.1637 2.4
      vertex 13.075 19.712 2.4
      vertex 13.075 50.288 2.4
    endloop
  endfacet
  facet normal 0 0 1
    outer loop
      vertex 12.8228 50.1637 2.4
      vertex 12.8228 19.8363 2.4
      vertex 13.075 19.712 2.4
    endloop
  endfacet
  facet normal -0 0 1
    outer loop
      vertex 12.5565 50.0733 2.4
      vertex 12.8228 19.8363 2.4
      vertex 12.8228 50.1637 2.4
    endloop
  endfacet
  facet normal 0 0 1
    outer loop
      vertex 12.5565 50.0733 2.4
      vertex 12.5565 19.9267 2.4
      vertex 12.8228 19.8363 2.4
    endloop
  endfacet
  facet normal -0 0 1
    outer loop
      vertex 12.2806 50.0184 2.4
      vertex 12.5565 19.9267 2.4
      vertex 12.5565 50.0733 2.4
    endloop
  endfacet
  facet normal 0 0 1
    outer loop
      vertex 12.2806 50.0184 2.4
      vertex 12.2806 19.9816 2.4
      vertex 12.5565 19.9267 2.4
    endloop
  endfacet
  facet normal -0 0 1
    outer loop
      vertex 12 50 2.4
      vertex 12.2806 19.9816 2.4
      vertex 12.2806 50.0184 2.4
    endloop
  endfacet
  facet normal 0 0 1
    outer loop
      vertex 12 50 2.4
      vertex 12 20 2.4
      vertex 12.2806 19.9816 2.4
    endloop
  endfacet
  facet normal 0 0 1
    outer loop
      vertex 11.7194 50.0184 2.4
      vertex 12 20 2.4
      vertex 12 50 2.4
    endloop
  endfacet
  facet normal 0 0 1
    outer loop
      vertex 11.7194 50.0184 2.4
      vertex 11.7194 19.9816 2.4
      vertex 12 20 2.4
    endloop
  endfacet
  facet normal 0 0 1
    outer loop
      vertex 11.4435 50.0733 2.4
      vertex 11.7194 19.9816 2.4
      vertex 11.7194 50.0184 2.4
    endloop
  endfacet
  facet normal 0 0 1
    outer loop
      vertex 11.4435 50.0733 2.4
      vertex 11.4435 19.9267 2.4
      vertex 11.7194 19.9816 2.4
    endloop
  endfacet
  facet normal 0 0 1
    outer loop
      vertex 11.1772 50.1637 2.4
      vertex 11.4435 19.9267 2.4
      vertex 11.4435 50.0733 2.4
    endloop
  endfacet
  facet normal 0 0 1
    outer loop
      vertex 11.1772 50.1637 2.4
      vertex 11.1772 19.8363 2.4
      vertex 11.4435 19.9267 2.4
    endloop
  endfacet
  facet normal 0 0 1
    outer loop
      vertex 10.925 50.288 2.4
      vertex 11.1772 19.8363 2.4
      vertex 11.1772 50.1637 2.4
    endloop
  endfacet
  facet normal 0 0 1
    outer loop
      vertex 10.925 50.288 2.4
      vertex 10.925 19.712 2.4
      vertex 11.1772 19.8363 2.4
    endloop
  endfacet
  facet normal 0 0 1
    outer loop
      vertex 10.6912 50.4443 2.4
      vertex 10.925 19.712 2.4
      vertex 10.925 50.288 2.4
    endloop
  endfacet
  facet normal 0 0 1
    outer loop
      vertex 10.6912 50.4443 2.4
      vertex 10.6912 19.5557 2.4
      vertex 10.925 19.712 2.4
    endloop
  endfacet
  facet normal 0 0 1
    outer loop
      vertex 10.4797 50.6297 2.4
      vertex 10.6912 19.5557 2.4
      vertex 10.6912 50.4443 2.4
    endloop
  endfacet
  facet normal 0 0 1
    outer loop
      vertex 10.4797 50.6297 2.4
      vertex 10.4797 19.3703 2.4
      vertex 10.6912 19.5557 2.4
    endloop
  endfacet
  facet normal 0 0 1
    outer loop
      vertex 10.2943 50.8412 2.4
      vertex 10.4797 19.3703 2.4
      vertex 10.4797 50.6297 2.4
    endloop
  endfacet
  facet normal 0 0 1
    outer loop
      vertex 10.2943 50.8412 2.4
      vertex 10.2943 19.1588 2.4
      vertex 10.4797 19.3703 2.4
    endloop
  endfacet
  facet normal 0 0 1
    outer loop
      vertex 10.138 51.075 2.4
      vertex 10.2943 19.1588 2.4
      vertex 10.2943 50.8412 2.4
    endloop
  endfacet
  facet normal 0 0 1
    outer loop
      vertex 10.138 51.075 2.4
      vertex 10.138 18.925 2.4
      vertex 10.2943 19.1588 2.4
    endloop
  endfacet
  facet normal 0 0 1
    outer loop
      vertex 10.0137 51.3272 2.4
      vertex 10.138 18.925 2.4
      vertex 10.138 51.075 2.4
    endloop
  endfacet
  facet normal 0 0 1
    outer loop
      vertex 10.0137 51.3272 2.4
      vertex 10.0137 18.6728 2.4
      vertex 10.138 18.925 2.4
    endloop
  endfacet
  facet normal 0 0 1
    outer loop
      vertex 9.92326 51.5935 2.4
      vertex 10.0137 18.6728 2.4
      vertex 10.0137 51.3272 2.4
    endloop
  endfacet
  facet normal 0 0 1
    outer loop
      vertex 9.92326 51.5935 2.4
      vertex 9.92326 18.4065 2.4
      vertex 10.0137 18.6728 2.4
    endloop
  endfacet
  facet normal 0 0 1
    outer loop
      vertex 9.86839 51.8694 2.4
      vertex 9.92326 18.4065 2.4
      vertex 9.92326 51.5935 2.4
    endloop
  endfacet
  facet normal 0 0 1
    outer loop
      vertex 9.86839 51.8694 2.4
      vertex 9.86839 18.1306 2.4
      vertex 9.92326 18.4065 2.4
    endloop
  endfacet
  facet normal 0 0 1
    outer loop
      vertex 9.85 52.15 2.4
      vertex 9.86839 18.1306 2.4
      vertex 9.86839 51.8694 2.4
    endloop
  endfacet
  facet normal 0 0 1
    outer loop
      vertex 9.86839 18.1306 2.4
      vertex 9.85 52.15 2.4
      vertex 9.85 17.85 2.4
    endloop
  endfacet
  facet normal -0 0 1
    outer loop
      vertex 39.4659 46.2613 2.4
      vertex 42.95 38.5507 2.4
      vertex 39.6888 46.337 2.4
    endloop
  endfacet
  facet normal 0 0 1
    outer loop
      vertex 40.9 35 2.4
      vertex 40.7846 22.2349 2.4
      vertex 40.8 22 2.4
    endloop
  endfacet
  facet normal 0 0 1
    outer loop
      vertex 42.95 38.5507 2.4
      vertex 39.4659 46.2613 2.4
      vertex 42.5041 38.2527 2.4
    endloop
  endfacet
  facet normal 0 0 1
    outer loop
      vertex 40.9 35 2.4
      vertex 40.7387 22.4659 2.4
      vertex 40.7846 22.2349 2.4
    endloop
  endfacet
  facet normal -0 0 1
    outer loop
      vertex 39.2349 46.2154 2.4
      vertex 42.5041 38.2527 2.4
      vertex 39.4659 46.2613 2.4
    endloop
  endfacet
  facet normal 0 0 1
    outer loop
      vertex 40.9 35 2.4
      vertex 40.663 22.6888 2.4
      vertex 40.7387 22.4659 2.4
    endloop
  endfacet
  facet normal -0 0 1
    outer loop
      vertex 39 46.2 2.4
      vertex 42.5041 38.2527 2.4
      vertex 39.2349 46.2154 2.4
    endloop
  endfacet
  facet normal 0 0 1
    outer loop
      vertex 40.9 35 2.4
      vertex 40.5588 22.9 2.4
      vertex 40.663 22.6888 2.4
    endloop
  endfacet
  facet normal 0 0 1
    outer loop
      vertex 42.5041 38.2527 2.4
      vertex 39 46.2 2.4
      vertex 42.1009 37.8991 2.4
    endloop
  endfacet
  facet normal 0 0 1
    outer loop
      vertex 40.9 35 2.4
      vertex 40.428 23.0958 2.4
      vertex 40.5588 22.9 2.4
    endloop
  endfacet
  facet normal 0 0 1
    outer loop
      vertex 38.7651 46.2154 2.4
      vertex 42.1009 37.8991 2.4
      vertex 39 46.2 2.4
    endloop
  endfacet
  facet normal 0 0 1
    outer loop
      vertex 40.9 35 2.4
      vertex 40.2728 23.2728 2.4
      vertex 40.428 23.0958 2.4
    endloop
  endfacet
  facet normal 0 0 1
    outer loop
      vertex 42.1009 37.8991 2.4
      vertex 38.7651 46.2154 2.4
      vertex 41.7472 37.4959 2.4
    endloop
  endfacet
  facet normal 0 0 1
    outer loop
      vertex 40.9 35 2.4
      vertex 40.0958 23.428 2.4
      vertex 40.2728 23.2728 2.4
    endloop
  endfacet
  facet normal 0 0 1
    outer loop
      vertex 38.5341 46.2613 2.4
      vertex 41.7472 37.4959 2.4
      vertex 38.7651 46.2154 2.4
    endloop
  endfacet
  facet normal 0 0 1
    outer loop
      vertex 40.9 35 2.4
      vertex 39.9 23.5588 2.4
      vertex 40.0958 23.428 2.4
    endloop
  endfacet
  facet normal 0 0 1
    outer loop
      vertex 41.7472 37.4959 2.4
      vertex 38.5341 46.2613 2.4
      vertex 41.4493 37.05 2.4
    endloop
  endfacet
  facet normal 0 0 1
    outer loop
      vertex 40.9 35 2.4
      vertex 39.6888 23.663 2.4
      vertex 39.9 23.5588 2.4
    endloop
  endfacet
  facet normal 0 0 1
    outer loop
      vertex 38.3112 46.337 2.4
      vertex 41.4493 37.05 2.4
      vertex 38.5341 46.2613 2.4
    endloop
  endfacet
  facet normal 0 0 1
    outer loop
      vertex 40.9 35 2.4
      vertex 39.4659 23.7387 2.4
      vertex 39.6888 23.663 2.4
    endloop
  endfacet
  facet normal 0 0 1
    outer loop
      vertex 38.1 46.4412 2.4
      vertex 41.4493 37.05 2.4
      vertex 38.3112 46.337 2.4
    endloop
  endfacet
  facet normal 0 0 1
    outer loop
      vertex 40.9 35 2.4
      vertex 39.2349 23.7846 2.4
      vertex 39.4659 23.7387 2.4
    endloop
  endfacet
  facet normal 0 0 1
    outer loop
      vertex 41.4493 37.05 2.4
      vertex 38.1 46.4412 2.4
      vertex 41.2121 36.569 2.4
    endloop
  endfacet
  facet normal 0 0 1
    outer loop
      vertex 40.9 35 2.4
      vertex 39 23.8 2.4
      vertex 39.2349 23.7846 2.4
    endloop
  endfacet
  facet normal 0 0 1
    outer loop
      vertex 37.9042 46.572 2.4
      vertex 41.2121 36.569 2.4
      vertex 38.1 46.4412 2.4
    endloop
  endfacet
  facet normal 0 0 1
    outer loop
      vertex 40.9 35 2.4
      vertex 38.7651 23.7846 2.4
      vertex 39 23.8 2.4
    endloop
  endfacet
  facet normal 0 0 1
    outer loop
      vertex 41.2121 36.569 2.4
      vertex 37.9042 46.572 2.4
      vertex 41.0397 36.0612 2.4
    endloop
  endfacet
  facet normal 0 0 1
    outer loop
      vertex 40.9 35 2.4
      vertex 38.5341 23.7387 2.4
      vertex 38.7651 23.7846 2.4
    endloop
  endfacet
  facet normal 0 0 1
    outer loop
      vertex 37.7272 46.7272 2.4
      vertex 41.0397 36.0612 2.4
      vertex 37.9042 46.572 2.4
    endloop
  endfacet
  facet normal 0 0 1
    outer loop
      vertex 40.9 35 2.4
      vertex 38.3112 23.663 2.4
      vertex 38.5341 23.7387 2.4
    endloop
  endfacet
  facet normal 0 0 1
    outer loop
      vertex 41.0397 36.0612 2.4
      vertex 37.7272 46.7272 2.4
      vertex 40.9351 35.5352 2.4
    endloop
  endfacet
  facet normal 0 0 1
    outer loop
      vertex 40.9 35 2.4
      vertex 38.1 23.5588 2.4
      vertex 38.3112 23.663 2.4
    endloop
  endfacet
  facet normal 0 0 1
    outer loop
      vertex 37.572 46.9042 2.4
      vertex 40.9351 35.5352 2.4
      vertex 37.7272 46.7272 2.4
    endloop
  endfacet
  facet normal 0 0 1
    outer loop
      vertex 40.9 35 2.4
      vertex 37.9042 23.428 2.4
      vertex 38.1 23.5588 2.4
    endloop
  endfacet
  facet normal 0 0 1
    outer loop
      vertex 40.9351 35.5352 2.4
      vertex 37.572 46.9042 2.4
      vertex 40.9 35 2.4
    endloop
  endfacet
  facet normal 0 0 1
    outer loop
      vertex 40.9 35 2.4
      vertex 37.7272 23.2728 2.4
      vertex 37.9042 23.428 2.4
    endloop
  endfacet
  facet normal 0 0 1
    outer loop
      vertex 37.2154 47.7651 2.4
      vertex 13.862 51.075 2.4
      vertex 37.2613 47.5341 2.4
    endloop
  endfacet
  facet normal 0 0 1
    outer loop
      vertex 40.9 35 2.4
      vertex 37.572 23.0958 2.4
      vertex 37.7272 23.2728 2.4
    endloop
  endfacet
  facet normal -0 0 1
    outer loop
      vertex 13.862 51.075 2.4
      vertex 37.2154 47.7651 2.4
      vertex 13.9863 51.3272 2.4
    endloop
  endfacet
  facet normal -0 0 1
    outer loop
      vertex 13.7057 50.8412 2.4
      vertex 37.2613 47.5341 2.4
      vertex 13.862 51.075 2.4
    endloop
  endfacet
  facet normal 0 0 1
    outer loop
      vertex 37.2 48 2.4
      vertex 13.9863 51.3272 2.4
      vertex 37.2154 47.7651 2.4
    endloop
  endfacet
  facet normal 0 0 1
    outer loop
      vertex 40.9 35 2.4
      vertex 14.15 17.85 2.4
      vertex 37.572 23.0958 2.4
    endloop
  endfacet
  facet normal -0 0 1
    outer loop
      vertex 13.9863 51.3272 2.4
      vertex 37.2 48 2.4
      vertex 14.0767 51.5935 2.4
    endloop
  endfacet
  facet normal 0 0 1
    outer loop
      vertex 37.572 23.0958 2.4
      vertex 14.15 17.85 2.4
      vertex 37.4412 22.9 2.4
    endloop
  endfacet
  facet normal 0 0 1
    outer loop
      vertex 37.2154 48.2349 2.4
      vertex 14.0767 51.5935 2.4
      vertex 37.2 48 2.4
    endloop
  endfacet
  facet normal 0 0 1
    outer loop
      vertex 37.4412 22.9 2.4
      vertex 14.15 17.85 2.4
      vertex 37.337 22.6888 2.4
    endloop
  endfacet
  facet normal -0 0 1
    outer loop
      vertex 14.0767 51.5935 2.4
      vertex 37.2154 48.2349 2.4
      vertex 14.1316 51.8694 2.4
    endloop
  endfacet
  facet normal 0 0 1
    outer loop
      vertex 37.337 22.6888 2.4
      vertex 14.15 17.85 2.4
      vertex 37.2613 22.4659 2.4
    endloop
  endfacet
  facet normal 0 0 1
    outer loop
      vertex 76.4797 19.3703 2.4
      vertex 74.428 20.9042 2.4
      vertex 76.2943 19.1588 2.4
    endloop
  endfacet
  facet normal 0 0 1
    outer loop
      vertex 78.8228 19.8363 2.4
      vertex 74.7846 22.2349 2.4
      vertex 74.8 22 2.4
    endloop
  endfacet
  facet normal 0 0 1
    outer loop
      vertex 74.428 46.9042 2.4
      vertex 78.5565 50.0733 2.4
      vertex 74.5588 47.1 2.4
    endloop
  endfacet
  facet normal 0 0 1
    outer loop
      vertex 78.8228 19.8363 2.4
      vertex 74.7387 22.4659 2.4
      vertex 74.7846 22.2349 2.4
    endloop
  endfacet
  facet normal -0 0 1
    outer loop
      vertex 78.5565 50.0733 2.4
      vertex 74.428 46.9042 2.4
      vertex 78.8228 50.1637 2.4
    endloop
  endfacet
  facet normal 0 0 1
    outer loop
      vertex 78.8228 19.8363 2.4
      vertex 74.663 22.6888 2.4
      vertex 74.7387 22.4659 2.4
    endloop
  endfacet
  facet normal 0 0 1
    outer loop
      vertex 74.2728 46.7272 2.4
      vertex 78.8228 50.1637 2.4
      vertex 74.428 46.9042 2.4
    endloop
  endfacet
  facet normal 0 0 1
    outer loop
      vertex 78.8228 19.8363 2.4
      vertex 74.5588 22.9 2.4
      vertex 74.663 22.6888 2.4
    endloop
  endfacet
  facet normal 0 0 1
    outer loop
      vertex 78.8228 50.1637 2.4
      vertex 74.2728 46.7272 2.4
      vertex 78.8228 19.8363 2.4
    endloop
  endfacet
  facet normal 0 0 1
    outer loop
      vertex 78.8228 19.8363 2.4
      vertex 74.428 23.0958 2.4
      vertex 74.5588 22.9 2.4
    endloop
  endfacet
  facet normal -0 0 1
    outer loop
      vertex 74.2728 23.2728 2.4
      vertex 78.8228 19.8363 2.4
      vertex 74.2728 46.7272 2.4
    endloop
  endfacet
  facet normal 0 0 1
    outer loop
      vertex 78.8228 19.8363 2.4
      vertex 74.2728 23.2728 2.4
      vertex 74.428 23.0958 2.4
    endloop
  endfacet
  facet normal -0 0 1
    outer loop
      vertex 74.0958 46.572 2.4
      vertex 74.2728 23.2728 2.4
      vertex 74.2728 46.7272 2.4
    endloop
  endfacet
  facet normal 0 0 1
    outer loop
      vertex 74.0958 46.572 2.4
      vertex 74.0958 23.428 2.4
      vertex 74.2728 23.2728 2.4
    endloop
  endfacet
  facet normal -0 0 1
    outer loop
      vertex 73.9 46.4412 2.4
      vertex 74.0958 23.428 2.4
      vertex 74.0958 46.572 2.4
    endloop
  endfacet
  facet normal 0 0 1
    outer loop
      vertex 73.9 46.4412 2.4
      vertex 73.9 23.5588 2.4
      vertex 74.0958 23.428 2.4
    endloop
  endfacet
  facet normal -0 0 1
    outer loop
      vertex 73.6888 46.337 2.4
      vertex 73.9 23.5588 2.4
      vertex 73.9 46.4412 2.4
    endloop
  endfacet
  facet normal 0 0 1
    outer loop
      vertex 73.6888 46.337 2.4
      vertex 73.6888 23.663 2.4
      vertex 73.9 23.5588 2.4
    endloop
  endfacet
  facet normal -0 0 1
    outer loop
      vertex 73.4659 46.2613 2.4
      vertex 73.6888 23.663 2.4
      vertex 73.6888 46.337 2.4
    endloop
  endfacet
  facet normal 0 0 1
    outer loop
      vertex 73.4659 46.2613 2.4
      vertex 73.4659 23.7387 2.4
      vertex 73.6888 23.663 2.4
    endloop
  endfacet
  facet normal -0 0 1
    outer loop
      vertex 73.2349 46.2154 2.4
      vertex 73.4659 23.7387 2.4
      vertex 73.4659 46.2613 2.4
    endloop
  endfacet
  facet normal 0 0 1
    outer loop
      vertex 73.2349 46.2154 2.4
      vertex 73.2349 23.7846 2.4
      vertex 73.4659 23.7387 2.4
    endloop
  endfacet
  facet normal -0 0 1
    outer loop
      vertex 73 46.2 2.4
      vertex 73.2349 23.7846 2.4
      vertex 73.2349 46.2154 2.4
    endloop
  endfacet
  facet normal 0 0 1
    outer loop
      vertex 73 46.2 2.4
      vertex 73 23.8 2.4
      vertex 73.2349 23.7846 2.4
    endloop
  endfacet
  facet normal 0 0 1
    outer loop
      vertex 72.7651 46.2154 2.4
      vertex 73 23.8 2.4
      vertex 73 46.2 2.4
    endloop
  endfacet
  facet normal 0 0 1
    outer loop
      vertex 72.7651 46.2154 2.4
      vertex 72.7651 23.7846 2.4
      vertex 73 23.8 2.4
    endloop
  endfacet
  facet normal 0 0 1
    outer loop
      vertex 72.5341 46.2613 2.4
      vertex 72.7651 23.7846 2.4
      vertex 72.7651 46.2154 2.4
    endloop
  endfacet
  facet normal 0 0 1
    outer loop
      vertex 72.5341 46.2613 2.4
      vertex 72.5341 23.7387 2.4
      vertex 72.7651 23.7846 2.4
    endloop
  endfacet
  facet normal 0 0 1
    outer loop
      vertex 72.3112 46.337 2.4
      vertex 72.5341 23.7387 2.4
      vertex 72.5341 46.2613 2.4
    endloop
  endfacet
  facet normal 0 0 1
    outer loop
      vertex 72.3112 46.337 2.4
      vertex 72.3112 23.663 2.4
      vertex 72.5341 23.7387 2.4
    endloop
  endfacet
  facet normal 0 0 1
    outer loop
      vertex 72.1 46.4412 2.4
      vertex 72.3112 23.663 2.4
      vertex 72.3112 46.337 2.4
    endloop
  endfacet
  facet normal 0 0 1
    outer loop
      vertex 72.1 46.4412 2.4
      vertex 72.1 23.5588 2.4
      vertex 72.3112 23.663 2.4
    endloop
  endfacet
  facet normal 0 0 1
    outer loop
      vertex 71.9042 46.572 2.4
      vertex 72.1 23.5588 2.4
      vertex 72.1 46.4412 2.4
    endloop
  endfacet
  facet normal 0 0 1
    outer loop
      vertex 71.9042 46.572 2.4
      vertex 71.9042 23.428 2.4
      vertex 72.1 23.5588 2.4
    endloop
  endfacet
  facet normal 0 0 1
    outer loop
      vertex 49.0649 35.5352 2.4
      vertex 71.9042 46.572 2.4
      vertex 71.7272 46.7272 2.4
    endloop
  endfacet
  facet normal 0 0 1
    outer loop
      vertex 71.9042 46.572 2.4
      vertex 49.1 35 2.4
      vertex 71.9042 23.428 2.4
    endloop
  endfacet
  facet normal 0 0 1
    outer loop
      vertex 49.0649 35.5352 2.4
      vertex 71.7272 46.7272 2.4
      vertex 71.572 46.9042 2.4
    endloop
  endfacet
  facet normal -0 0 1
    outer loop
      vertex 49.0649 34.4648 2.4
      vertex 71.9042 23.428 2.4
      vertex 49.1 35 2.4
    endloop
  endfacet
  facet normal 0 0 1
    outer loop
      vertex 48.9603 36.0612 2.4
      vertex 71.572 46.9042 2.4
      vertex 71.4412 47.1 2.4
    endloop
  endfacet
  facet normal 0 0 1
    outer loop
      vertex 71.9042 23.428 2.4
      vertex 49.0649 34.4648 2.4
      vertex 71.7272 23.2728 2.4
    endloop
  endfacet
  facet normal 0 0 1
    outer loop
      vertex 48.7879 36.569 2.4
      vertex 71.4412 47.1 2.4
      vertex 71.337 47.3112 2.4
    endloop
  endfacet
  facet normal 0 0 1
    outer loop
      vertex 71.7272 23.2728 2.4
      vertex 49.0649 34.4648 2.4
      vertex 71.572 23.0958 2.4
    endloop
  endfacet
  facet normal 0 0 1
    outer loop
      vertex 48.5507 37.05 2.4
      vertex 71.337 47.3112 2.4
      vertex 71.2613 47.5341 2.4
    endloop
  endfacet
  facet normal -0 0 1
    outer loop
      vertex 48.9603 33.9388 2.4
      vertex 71.572 23.0958 2.4
      vertex 49.0649 34.4648 2.4
    endloop
  endfacet
  facet normal 0 0 1
    outer loop
      vertex 48.2527 37.4959 2.4
      vertex 71.2613 47.5341 2.4
      vertex 71.2154 47.7651 2.4
    endloop
  endfacet
  facet normal 0 0 1
    outer loop
      vertex 71.572 23.0958 2.4
      vertex 48.9603 33.9388 2.4
      vertex 71.4412 22.9 2.4
    endloop
  endfacet
  facet normal 0 0 1
    outer loop
      vertex 47.8991 37.8991 2.4
      vertex 71.2154 47.7651 2.4
      vertex 71.2 48 2.4
    endloop
  endfacet
  facet normal -0 0 1
    outer loop
      vertex 48.7879 33.431 2.4
      vertex 71.4412 22.9 2.4
      vertex 48.9603 33.9388 2.4
    endloop
  endfacet
  facet normal 0 0 1
    outer loop
      vertex 72.3112 49.663 2.4
      vertex 75.85 52.15 2.4
      vertex 75.85 67.6 2.4
    endloop
  endfacet
  facet normal 0 0 1
    outer loop
      vertex 74.7846 47.7651 2.4
      vertex 75.85 52.15 2.4
      vertex 74.8 48 2.4
    endloop
  endfacet
  facet normal -0 0 1
    outer loop
      vertex 74.428 20.9042 2.4
      vertex 76.4797 19.3703 2.4
      vertex 74.5588 21.1 2.4
    endloop
  endfacet
  facet normal 0 0 1
    outer loop
      vertex 75.85 52.15 2.4
      vertex 74.7846 48.2349 2.4
      vertex 74.8 48 2.4
    endloop
  endfacet
  facet normal 0 0 1
    outer loop
      vertex 75.85 52.15 2.4
      vertex 74.7387 48.4659 2.4
      vertex 74.7846 48.2349 2.4
    endloop
  endfacet
  facet normal 0 0 1
    outer loop
      vertex 75.85 52.15 2.4
      vertex 74.663 48.6888 2.4
      vertex 74.7387 48.4659 2.4
    endloop
  endfacet
  facet normal 0 0 1
    outer loop
      vertex 75.85 52.15 2.4
      vertex 74.5588 48.9 2.4
      vertex 74.663 48.6888 2.4
    endloop
  endfacet
  facet normal 0 0 1
    outer loop
      vertex 75.85 52.15 2.4
      vertex 74.428 49.0958 2.4
      vertex 74.5588 48.9 2.4
    endloop
  endfacet
  facet normal 0 0 1
    outer loop
      vertex 75.85 52.15 2.4
      vertex 74.2728 49.2728 2.4
      vertex 74.428 49.0958 2.4
    endloop
  endfacet
  facet normal 0 0 1
    outer loop
      vertex 75.85 52.15 2.4
      vertex 74.0958 49.428 2.4
      vertex 74.2728 49.2728 2.4
    endloop
  endfacet
  facet normal 0 0 1
    outer loop
      vertex 75.85 52.15 2.4
      vertex 73.9 49.5588 2.4
      vertex 74.0958 49.428 2.4
    endloop
  endfacet
  facet normal 0 0 1
    outer loop
      vertex 75.85 52.15 2.4
      vertex 73.6888 49.663 2.4
      vertex 73.9 49.5588 2.4
    endloop
  endfacet
  facet normal 0 0 1
    outer loop
      vertex 75.85 52.15 2.4
      vertex 73.4659 49.7387 2.4
      vertex 73.6888 49.663 2.4
    endloop
  endfacet
  facet normal 0 0 1
    outer loop
      vertex 75.85 52.15 2.4
      vertex 73.2349 49.7846 2.4
      vertex 73.4659 49.7387 2.4
    endloop
  endfacet
  facet normal 0 0 1
    outer loop
      vertex 75.85 52.15 2.4
      vertex 73 49.8 2.4
      vertex 73.2349 49.7846 2.4
    endloop
  endfacet
  facet normal 0 0 1
    outer loop
      vertex 75.85 52.15 2.4
      vertex 72.7651 49.7846 2.4
      vertex 73 49.8 2.4
    endloop
  endfacet
  facet normal 0 0 1
    outer loop
      vertex 75.85 52.15 2.4
      vertex 72.5341 49.7387 2.4
      vertex 72.7651 49.7846 2.4
    endloop
  endfacet
  facet normal 0 0 1
    outer loop
      vertex 75.85 52.15 2.4
      vertex 72.3112 49.663 2.4
      vertex 72.5341 49.7387 2.4
    endloop
  endfacet
  facet normal 0 0 1
    outer loop
      vertex 75.85 67.6 2.4
      vertex 72.1 49.5588 2.4
      vertex 72.3112 49.663 2.4
    endloop
  endfacet
  facet normal 0 0 1
    outer loop
      vertex 75.85 67.6 2.4
      vertex 71.9042 49.428 2.4
      vertex 72.1 49.5588 2.4
    endloop
  endfacet
  facet normal 0 0 1
    outer loop
      vertex 75.85 67.6 2.4
      vertex 71.7272 49.2728 2.4
      vertex 71.9042 49.428 2.4
    endloop
  endfacet
  facet normal 0 0 1
    outer loop
      vertex 75.85 67.6 2.4
      vertex 71.572 49.0958 2.4
      vertex 71.7272 49.2728 2.4
    endloop
  endfacet
  facet normal 0 0 1
    outer loop
      vertex 40.428 49.0958 2.4
      vertex 71.572 49.0958 2.4
      vertex 75.85 67.6 2.4
    endloop
  endfacet
  facet normal 0 0 1
    outer loop
      vertex 71.572 49.0958 2.4
      vertex 40.428 49.0958 2.4
      vertex 71.4412 48.9 2.4
    endloop
  endfacet
  facet normal 0 -0 1
    outer loop
      vertex 40.5588 48.9 2.4
      vertex 71.4412 48.9 2.4
      vertex 40.428 49.0958 2.4
    endloop
  endfacet
  facet normal 0 0 1
    outer loop
      vertex 71.4412 22.9 2.4
      vertex 48.7879 33.431 2.4
      vertex 71.337 22.6888 2.4
    endloop
  endfacet
  facet normal 0 0 1
    outer loop
      vertex 47.4959 38.2527 2.4
      vertex 71.2 48 2.4
      vertex 71.2154 48.2349 2.4
    endloop
  endfacet
  facet normal 0 0 1
    outer loop
      vertex 40.7846 48.2349 2.4
      vertex 71.2154 48.2349 2.4
      vertex 71.2613 48.4659 2.4
    endloop
  endfacet
  facet normal 0 0 1
    outer loop
      vertex 71.4412 48.9 2.4
      vertex 40.5588 48.9 2.4
      vertex 71.337 48.6888 2.4
    endloop
  endfacet
  facet normal 0 0 1
    outer loop
      vertex 71.9042 46.572 2.4
      vertex 49.0649 35.5352 2.4
      vertex 49.1 35 2.4
    endloop
  endfacet
  facet normal 0 0 1
    outer loop
      vertex 71.572 46.9042 2.4
      vertex 48.9603 36.0612 2.4
      vertex 49.0649 35.5352 2.4
    endloop
  endfacet
  facet normal 0 0 1
    outer loop
      vertex 71.4412 47.1 2.4
      vertex 48.7879 36.569 2.4
      vertex 48.9603 36.0612 2.4
    endloop
  endfacet
  facet normal 0 0 1
    outer loop
      vertex 71.337 47.3112 2.4
      vertex 48.5507 37.05 2.4
      vertex 48.7879 36.569 2.4
    endloop
  endfacet
  facet normal 0 0 1
    outer loop
      vertex 71.2613 47.5341 2.4
      vertex 48.2527 37.4959 2.4
      vertex 48.5507 37.05 2.4
    endloop
  endfacet
  facet normal 0 0 1
    outer loop
      vertex 71.2154 47.7651 2.4
      vertex 47.8991 37.8991 2.4
      vertex 48.2527 37.4959 2.4
    endloop
  endfacet
  facet normal 0 0 1
    outer loop
      vertex 71.2 48 2.4
      vertex 47.4959 38.2527 2.4
      vertex 47.8991 37.8991 2.4
    endloop
  endfacet
  facet normal 0 -0 1
    outer loop
      vertex 40.7846 48.2349 2.4
      vertex 71.2613 48.4659 2.4
      vertex 40.7387 48.4659 2.4
    endloop
  endfacet
  facet normal 0 0 1
    outer loop
      vertex 71.2154 48.2349 2.4
      vertex 40.7846 48.2349 2.4
      vertex 47.4959 38.2527 2.4
    endloop
  endfacet
  facet normal 0 0 1
    outer loop
      vertex 47.4959 38.2527 2.4
      vertex 40.7846 48.2349 2.4
      vertex 47.05 38.5507 2.4
    endloop
  endfacet
  facet normal -0 -0 1
    outer loop
      vertex 40.8 48 2.4
      vertex 47.05 38.5507 2.4
      vertex 40.7846 48.2349 2.4
    endloop
  endfacet
  facet normal 0 0 1
    outer loop
      vertex 47.05 38.5507 2.4
      vertex 40.8 48 2.4
      vertex 46.569 38.7879 2.4
    endloop
  endfacet
  facet normal 0 0 1
    outer loop
      vertex 46.569 38.7879 2.4
      vertex 40.7846 47.7651 2.4
      vertex 46.0612 38.9603 2.4
    endloop
  endfacet
  facet normal -0 0 1
    outer loop
      vertex 40.7387 47.5341 2.4
      vertex 46.0612 38.9603 2.4
      vertex 40.7846 47.7651 2.4
    endloop
  endfacet
  facet normal 0 0 1
    outer loop
      vertex 46.0612 38.9603 2.4
      vertex 40.7387 47.5341 2.4
      vertex 45.5352 39.0649 2.4
    endloop
  endfacet
  facet normal 0 0 1
    outer loop
      vertex 45.5352 39.0649 2.4
      vertex 40.663 47.3112 2.4
      vertex 45 39.1 2.4
    endloop
  endfacet
  facet normal -0 0 1
    outer loop
      vertex 40.5588 47.1 2.4
      vertex 45 39.1 2.4
      vertex 40.663 47.3112 2.4
    endloop
  endfacet
  facet normal -0 0 1
    outer loop
      vertex 40.428 46.9042 2.4
      vertex 45 39.1 2.4
      vertex 40.5588 47.1 2.4
    endloop
  endfacet
  facet normal -0 0 1
    outer loop
      vertex 39.6888 46.337 2.4
      vertex 43.431 38.7879 2.4
      vertex 39.9 46.4412 2.4
    endloop
  endfacet
  facet normal 0 0 1
    outer loop
      vertex 43.9388 38.9603 2.4
      vertex 39.9 46.4412 2.4
      vertex 43.431 38.7879 2.4
    endloop
  endfacet
  facet normal -0 0 1
    outer loop
      vertex 39.9 46.4412 2.4
      vertex 43.9388 38.9603 2.4
      vertex 40.0958 46.572 2.4
    endloop
  endfacet
  facet normal -0 0 1
    outer loop
      vertex 40.0958 46.572 2.4
      vertex 43.9388 38.9603 2.4
      vertex 40.2728 46.7272 2.4
    endloop
  endfacet
  facet normal 0 0 1
    outer loop
      vertex 44.4648 39.0649 2.4
      vertex 40.2728 46.7272 2.4
      vertex 43.9388 38.9603 2.4
    endloop
  endfacet
  facet normal -0 0 1
    outer loop
      vertex 40.2728 46.7272 2.4
      vertex 44.4648 39.0649 2.4
      vertex 40.428 46.9042 2.4
    endloop
  endfacet
  facet normal 0 0 1
    outer loop
      vertex 45 39.1 2.4
      vertex 40.428 46.9042 2.4
      vertex 44.4648 39.0649 2.4
    endloop
  endfacet
  facet normal -0 0 1
    outer loop
      vertex 40.663 47.3112 2.4
      vertex 45.5352 39.0649 2.4
      vertex 40.7387 47.5341 2.4
    endloop
  endfacet
  facet normal -0 0 1
    outer loop
      vertex 40.7846 47.7651 2.4
      vertex 46.569 38.7879 2.4
      vertex 40.8 48 2.4
    endloop
  endfacet
  facet normal 0 0 1
    outer loop
      vertex 71.2613 48.4659 2.4
      vertex 40.663 48.6888 2.4
      vertex 40.7387 48.4659 2.4
    endloop
  endfacet
  facet normal 0 0 1
    outer loop
      vertex 71.337 48.6888 2.4
      vertex 40.663 48.6888 2.4
      vertex 71.2613 48.4659 2.4
    endloop
  endfacet
  facet normal 0 -0 1
    outer loop
      vertex 40.663 48.6888 2.4
      vertex 71.337 48.6888 2.4
      vertex 40.5588 48.9 2.4
    endloop
  endfacet
  facet normal 0 0 1
    outer loop
      vertex 75.85 67.6 2.4
      vertex 40.2728 49.2728 2.4
      vertex 40.428 49.0958 2.4
    endloop
  endfacet
  facet normal 0 0 1
    outer loop
      vertex 75.85 67.6 2.4
      vertex 40.0958 49.428 2.4
      vertex 40.2728 49.2728 2.4
    endloop
  endfacet
  facet normal 0 0 1
    outer loop
      vertex 75.85 67.6 2.4
      vertex 39.9 49.5588 2.4
      vertex 40.0958 49.428 2.4
    endloop
  endfacet
  facet normal 0 0 1
    outer loop
      vertex 75.85 67.6 2.4
      vertex 39.6888 49.663 2.4
      vertex 39.9 49.5588 2.4
    endloop
  endfacet
  facet normal 0 0 1
    outer loop
      vertex 75.85 67.6 2.4
      vertex 39.4659 49.7387 2.4
      vertex 39.6888 49.663 2.4
    endloop
  endfacet
  facet normal 0 0 1
    outer loop
      vertex 75.85 67.6 2.4
      vertex 39.2349 49.7846 2.4
      vertex 39.4659 49.7387 2.4
    endloop
  endfacet
  facet normal -0 0 1
    outer loop
      vertex 14.15 67.6 2.4
      vertex 39.2349 49.7846 2.4
      vertex 75.85 67.6 2.4
    endloop
  endfacet
  facet normal 0 0 1
    outer loop
      vertex 39.2349 49.7846 2.4
      vertex 14.15 67.6 2.4
      vertex 39 49.8 2.4
    endloop
  endfacet
  facet normal 0 0 1
    outer loop
      vertex 39 49.8 2.4
      vertex 14.15 67.6 2.4
      vertex 38.7651 49.7846 2.4
    endloop
  endfacet
  facet normal 0 0 1
    outer loop
      vertex 38.7651 49.7846 2.4
      vertex 14.15 67.6 2.4
      vertex 38.5341 49.7387 2.4
    endloop
  endfacet
  facet normal 0 0 1
    outer loop
      vertex 37.2613 48.4659 2.4
      vertex 14.1316 51.8694 2.4
      vertex 37.2154 48.2349 2.4
    endloop
  endfacet
  facet normal -0 0 1
    outer loop
      vertex 14.1316 51.8694 2.4
      vertex 37.2613 48.4659 2.4
      vertex 14.15 52.15 2.4
    endloop
  endfacet
  facet normal 0 0 1
    outer loop
      vertex 37.337 48.6888 2.4
      vertex 14.15 52.15 2.4
      vertex 37.2613 48.4659 2.4
    endloop
  endfacet
  facet normal 0 0 1
    outer loop
      vertex 37.4412 48.9 2.4
      vertex 14.15 52.15 2.4
      vertex 37.337 48.6888 2.4
    endloop
  endfacet
  facet normal 0 0 1
    outer loop
      vertex 37.572 49.0958 2.4
      vertex 14.15 52.15 2.4
      vertex 37.4412 48.9 2.4
    endloop
  endfacet
  facet normal 0 0 1
    outer loop
      vertex 37.7272 49.2728 2.4
      vertex 14.15 52.15 2.4
      vertex 37.572 49.0958 2.4
    endloop
  endfacet
  facet normal -0 0 1
    outer loop
      vertex 14.15 52.15 2.4
      vertex 37.7272 49.2728 2.4
      vertex 14.15 67.6 2.4
    endloop
  endfacet
  facet normal 0 0 1
    outer loop
      vertex 37.9042 49.428 2.4
      vertex 14.15 67.6 2.4
      vertex 37.7272 49.2728 2.4
    endloop
  endfacet
  facet normal 0 0 1
    outer loop
      vertex 38.1 49.5588 2.4
      vertex 14.15 67.6 2.4
      vertex 37.9042 49.428 2.4
    endloop
  endfacet
  facet normal 0 0 1
    outer loop
      vertex 38.3112 49.663 2.4
      vertex 14.15 67.6 2.4
      vertex 38.1 49.5588 2.4
    endloop
  endfacet
  facet normal 0 0 1
    outer loop
      vertex 38.5341 49.7387 2.4
      vertex 14.15 67.6 2.4
      vertex 38.3112 49.663 2.4
    endloop
  endfacet
  facet normal 0 0 1
    outer loop
      vertex 80.0767 51.5935 2.4
      vertex 87.6 66.4 2.4
      vertex 80.1316 51.8694 2.4
    endloop
  endfacet
  facet normal 0 0 1
    outer loop
      vertex 87.6 66.4 2.4
      vertex 80.1316 18.1306 2.4
      vertex 80.15 17.85 2.4
    endloop
  endfacet
  facet normal 0 0 1
    outer loop
      vertex 80.0767 18.4065 2.4
      vertex 87.6 66.4 2.4
      vertex 80.0767 51.5935 2.4
    endloop
  endfacet
  facet normal 0 0 1
    outer loop
      vertex 87.6 66.4 2.4
      vertex 80.0767 18.4065 2.4
      vertex 80.1316 18.1306 2.4
    endloop
  endfacet
  facet normal -0 0 1
    outer loop
      vertex 79.9863 51.3272 2.4
      vertex 80.0767 18.4065 2.4
      vertex 80.0767 51.5935 2.4
    endloop
  endfacet
  facet normal 0 0 1
    outer loop
      vertex 79.9863 51.3272 2.4
      vertex 79.9863 18.6728 2.4
      vertex 80.0767 18.4065 2.4
    endloop
  endfacet
  facet normal -0 0 1
    outer loop
      vertex 79.862 51.075 2.4
      vertex 79.9863 18.6728 2.4
      vertex 79.9863 51.3272 2.4
    endloop
  endfacet
  facet normal 0 0 1
    outer loop
      vertex 79.862 51.075 2.4
      vertex 79.862 18.925 2.4
      vertex 79.9863 18.6728 2.4
    endloop
  endfacet
  facet normal -0 0 1
    outer loop
      vertex 79.7057 50.8412 2.4
      vertex 79.862 18.925 2.4
      vertex 79.862 51.075 2.4
    endloop
  endfacet
  facet normal 0 0 1
    outer loop
      vertex 79.7057 50.8412 2.4
      vertex 79.7057 19.1588 2.4
      vertex 79.862 18.925 2.4
    endloop
  endfacet
  facet normal -0 0 1
    outer loop
      vertex 79.5203 50.6297 2.4
      vertex 79.7057 19.1588 2.4
      vertex 79.7057 50.8412 2.4
    endloop
  endfacet
  facet normal 0 0 1
    outer loop
      vertex 79.5203 50.6297 2.4
      vertex 79.5203 19.3703 2.4
      vertex 79.7057 19.1588 2.4
    endloop
  endfacet
  facet normal -0 0 1
    outer loop
      vertex 79.3088 50.4443 2.4
      vertex 79.5203 19.3703 2.4
      vertex 79.5203 50.6297 2.4
    endloop
  endfacet
  facet normal 0 0 1
    outer loop
      vertex 79.3088 50.4443 2.4
      vertex 79.3088 19.5557 2.4
      vertex 79.5203 19.3703 2.4
    endloop
  endfacet
  facet normal -0 0 1
    outer loop
      vertex 79.075 50.288 2.4
      vertex 79.3088 19.5557 2.4
      vertex 79.3088 50.4443 2.4
    endloop
  endfacet
  facet normal 0 0 1
    outer loop
      vertex 79.075 50.288 2.4
      vertex 79.075 19.712 2.4
      vertex 79.3088 19.5557 2.4
    endloop
  endfacet
  facet normal -0 0 1
    outer loop
      vertex 78.8228 50.1637 2.4
      vertex 79.075 19.712 2.4
      vertex 79.075 50.288 2.4
    endloop
  endfacet
  facet normal 0 0 1
    outer loop
      vertex 78.8228 50.1637 2.4
      vertex 78.8228 19.8363 2.4
      vertex 79.075 19.712 2.4
    endloop
  endfacet
  facet normal -0 0 1
    outer loop
      vertex 78 50 2.4
      vertex 74.663 47.3112 2.4
      vertex 78.2806 50.0184 2.4
    endloop
  endfacet
  facet normal 0 0 1
    outer loop
      vertex 74.5588 47.1 2.4
      vertex 78.2806 50.0184 2.4
      vertex 74.663 47.3112 2.4
    endloop
  endfacet
  facet normal 0 0 1
    outer loop
      vertex 74.663 47.3112 2.4
      vertex 78 50 2.4
      vertex 74.7387 47.5341 2.4
    endloop
  endfacet
  facet normal -0 0 1
    outer loop
      vertex 78.2806 50.0184 2.4
      vertex 74.5588 47.1 2.4
      vertex 78.5565 50.0733 2.4
    endloop
  endfacet
  facet normal 0 0 1
    outer loop
      vertex 74.7387 47.5341 2.4
      vertex 78 50 2.4
      vertex 74.7846 47.7651 2.4
    endloop
  endfacet
  facet normal 0 0 1
    outer loop
      vertex 78.8228 19.8363 2.4
      vertex 74.8 22 2.4
      vertex 78.5565 19.9267 2.4
    endloop
  endfacet
  facet normal 0 0 1
    outer loop
      vertex 74.7846 47.7651 2.4
      vertex 78 50 2.4
      vertex 77.7194 50.0184 2.4
    endloop
  endfacet
  facet normal 0 0 1
    outer loop
      vertex 78.5565 19.9267 2.4
      vertex 74.8 22 2.4
      vertex 78.2806 19.9816 2.4
    endloop
  endfacet
  facet normal 0 0 1
    outer loop
      vertex 74.7846 47.7651 2.4
      vertex 77.7194 50.0184 2.4
      vertex 77.4435 50.0733 2.4
    endloop
  endfacet
  facet normal 0 0 1
    outer loop
      vertex 78.2806 19.9816 2.4
      vertex 74.8 22 2.4
      vertex 78 20 2.4
    endloop
  endfacet
  facet normal 0 0 1
    outer loop
      vertex 74.7846 47.7651 2.4
      vertex 77.4435 50.0733 2.4
      vertex 77.1772 50.1637 2.4
    endloop
  endfacet
  facet normal 0 0 1
    outer loop
      vertex 78 20 2.4
      vertex 74.8 22 2.4
      vertex 77.7194 19.9816 2.4
    endloop
  endfacet
  facet normal 0 0 1
    outer loop
      vertex 74.7846 47.7651 2.4
      vertex 77.1772 50.1637 2.4
      vertex 76.925 50.288 2.4
    endloop
  endfacet
  facet normal 0 0 1
    outer loop
      vertex 77.7194 19.9816 2.4
      vertex 74.8 22 2.4
      vertex 77.4435 19.9267 2.4
    endloop
  endfacet
  facet normal 0 0 1
    outer loop
      vertex 74.7846 47.7651 2.4
      vertex 76.925 50.288 2.4
      vertex 76.6912 50.4443 2.4
    endloop
  endfacet
  facet normal -0 0 1
    outer loop
      vertex 74.7846 21.7651 2.4
      vertex 77.4435 19.9267 2.4
      vertex 74.8 22 2.4
    endloop
  endfacet
  facet normal 0 0 1
    outer loop
      vertex 74.7846 47.7651 2.4
      vertex 76.6912 50.4443 2.4
      vertex 76.4797 50.6297 2.4
    endloop
  endfacet
  facet normal 0 0 1
    outer loop
      vertex 77.4435 19.9267 2.4
      vertex 74.7846 21.7651 2.4
      vertex 77.1772 19.8363 2.4
    endloop
  endfacet
  facet normal 0 0 1
    outer loop
      vertex 74.7846 47.7651 2.4
      vertex 76.4797 50.6297 2.4
      vertex 76.2943 50.8412 2.4
    endloop
  endfacet
  facet normal -0 0 1
    outer loop
      vertex 74.7387 21.5341 2.4
      vertex 77.1772 19.8363 2.4
      vertex 74.7846 21.7651 2.4
    endloop
  endfacet
  facet normal 0 0 1
    outer loop
      vertex 74.7846 47.7651 2.4
      vertex 76.2943 50.8412 2.4
      vertex 76.138 51.075 2.4
    endloop
  endfacet
  facet normal 0 0 1
    outer loop
      vertex 77.1772 19.8363 2.4
      vertex 74.7387 21.5341 2.4
      vertex 76.925 19.712 2.4
    endloop
  endfacet
  facet normal 0 0 1
    outer loop
      vertex 74.7846 47.7651 2.4
      vertex 76.138 51.075 2.4
      vertex 76.0137 51.3272 2.4
    endloop
  endfacet
  facet normal -0 0 1
    outer loop
      vertex 74.663 21.3112 2.4
      vertex 76.925 19.712 2.4
      vertex 74.7387 21.5341 2.4
    endloop
  endfacet
  facet normal 0 0 1
    outer loop
      vertex 74.7846 47.7651 2.4
      vertex 76.0137 51.3272 2.4
      vertex 75.9233 51.5935 2.4
    endloop
  endfacet
  facet normal 0 0 1
    outer loop
      vertex 76.925 19.712 2.4
      vertex 74.663 21.3112 2.4
      vertex 76.6912 19.5557 2.4
    endloop
  endfacet
  facet normal 0 0 1
    outer loop
      vertex 74.7846 47.7651 2.4
      vertex 75.9233 51.5935 2.4
      vertex 75.8684 51.8694 2.4
    endloop
  endfacet
  facet normal -0 0 1
    outer loop
      vertex 74.5588 21.1 2.4
      vertex 76.6912 19.5557 2.4
      vertex 74.663 21.3112 2.4
    endloop
  endfacet
  facet normal 0 0 1
    outer loop
      vertex 74.7846 47.7651 2.4
      vertex 75.8684 51.8694 2.4
      vertex 75.85 52.15 2.4
    endloop
  endfacet
  facet normal 0 0 1
    outer loop
      vertex 76.6912 19.5557 2.4
      vertex 74.5588 21.1 2.4
      vertex 76.4797 19.3703 2.4
    endloop
  endfacet
  facet normal 0 0 1
    outer loop
      vertex 86.4 67.6 2.4
      vertex 87.6 66.4 2.4
      vertex 87.5897 66.5566 2.4
    endloop
  endfacet
  facet normal 0 0 1
    outer loop
      vertex 87.6 66.4 2.4
      vertex 80.15 17.85 2.4
      vertex 87.6 3.6 2.4
    endloop
  endfacet
  facet normal 0 0 1
    outer loop
      vertex 86.4 67.6 2.4
      vertex 87.5897 66.5566 2.4
      vertex 87.5591 66.7106 2.4
    endloop
  endfacet
  facet normal -0 -0 1
    outer loop
      vertex 81.4289 9.225 2.4
      vertex 87.6 3.6 2.4
      vertex 80.15 17.85 2.4
    endloop
  endfacet
  facet normal 0 0 1
    outer loop
      vertex 86.4 67.6 2.4
      vertex 87.5591 66.7106 2.4
      vertex 87.5087 66.8592 2.4
    endloop
  endfacet
  facet normal -0 -0 1
    outer loop
      vertex 81.5244 9.03143 2.4
      vertex 87.6 3.6 2.4
      vertex 81.4289 9.225 2.4
    endloop
  endfacet
  facet normal 0 0 1
    outer loop
      vertex 86.4 67.6 2.4
      vertex 87.5087 66.8592 2.4
      vertex 87.4392 67 2.4
    endloop
  endfacet
  facet normal -0 -0 1
    outer loop
      vertex 81.5938 8.82705 2.4
      vertex 87.6 3.6 2.4
      vertex 81.5244 9.03143 2.4
    endloop
  endfacet
  facet normal 0 0 1
    outer loop
      vertex 86.4 67.6 2.4
      vertex 87.4392 67 2.4
      vertex 87.352 67.1305 2.4
    endloop
  endfacet
  facet normal -0 -0 1
    outer loop
      vertex 81.6359 8.61537 2.4
      vertex 87.6 3.6 2.4
      vertex 81.5938 8.82705 2.4
    endloop
  endfacet
  facet normal 0 0 1
    outer loop
      vertex 86.4 67.6 2.4
      vertex 87.352 67.1305 2.4
      vertex 87.2485 67.2485 2.4
    endloop
  endfacet
  facet normal -0 0 1
    outer loop
      vertex 81.6359 8.18463 2.4
      vertex 87.6 3.6 2.4
      vertex 81.65 8.4 2.4
    endloop
  endfacet
  facet normal 0 0 1
    outer loop
      vertex 86.4 67.6 2.4
      vertex 87.2485 67.2485 2.4
      vertex 87.1305 67.352 2.4
    endloop
  endfacet
  facet normal -0 0 1
    outer loop
      vertex 81.5938 7.97295 2.4
      vertex 87.6 3.6 2.4
      vertex 81.6359 8.18463 2.4
    endloop
  endfacet
  facet normal 0 0 1
    outer loop
      vertex 86.4 67.6 2.4
      vertex 87.1305 67.352 2.4
      vertex 87 67.4392 2.4
    endloop
  endfacet
  facet normal -0 0 1
    outer loop
      vertex 81.5244 7.76857 2.4
      vertex 87.6 3.6 2.4
      vertex 81.5938 7.97295 2.4
    endloop
  endfacet
  facet normal 0 0 1
    outer loop
      vertex 86.4 67.6 2.4
      vertex 87 67.4392 2.4
      vertex 86.8592 67.5087 2.4
    endloop
  endfacet
  facet normal -0 0 1
    outer loop
      vertex 81.4289 7.575 2.4
      vertex 87.6 3.6 2.4
      vertex 81.5244 7.76857 2.4
    endloop
  endfacet
  facet normal 0 0 1
    outer loop
      vertex 86.4 67.6 2.4
      vertex 86.8592 67.5087 2.4
      vertex 86.7106 67.5591 2.4
    endloop
  endfacet
  facet normal 0 -0 1
    outer loop
      vertex 86.4 2.4 2.4
      vertex 87.6 3.6 2.4
      vertex 81.4289 7.575 2.4
    endloop
  endfacet
  facet normal 0 0 1
    outer loop
      vertex 86.4 67.6 2.4
      vertex 86.7106 67.5591 2.4
      vertex 86.5566 67.5897 2.4
    endloop
  endfacet
  facet normal 0 0 1
    outer loop
      vertex 87.6 3.6 2.4
      vertex 86.4 2.4 2.4
      vertex 87.5897 3.44337 2.4
    endloop
  endfacet
  facet normal 0 0 1
    outer loop
      vertex 87.6 66.4 2.4
      vertex 86.4 67.6 2.4
      vertex 80.15 67.6 2.4
    endloop
  endfacet
  facet normal 0 0 1
    outer loop
      vertex 87.5897 3.44337 2.4
      vertex 86.4 2.4 2.4
      vertex 87.5591 3.28942 2.4
    endloop
  endfacet
  facet normal 0 0 1
    outer loop
      vertex 87.5087 3.14078 2.4
      vertex 86.4 2.4 2.4
      vertex 87.4392 3 2.4
    endloop
  endfacet
  facet normal 0 0 1
    outer loop
      vertex 87 2.56077 2.4
      vertex 86.4 2.4 2.4
      vertex 86.8592 2.49134 2.4
    endloop
  endfacet
  facet normal 0 0 1
    outer loop
      vertex 87.1305 2.64797 2.4
      vertex 86.4 2.4 2.4
      vertex 87 2.56077 2.4
    endloop
  endfacet
  facet normal 0 0 1
    outer loop
      vertex 87.4392 3 2.4
      vertex 86.4 2.4 2.4
      vertex 87.352 2.86949 2.4
    endloop
  endfacet
  facet normal 0 0 1
    outer loop
      vertex 87.352 2.86949 2.4
      vertex 86.4 2.4 2.4
      vertex 87.2485 2.75147 2.4
    endloop
  endfacet
  facet normal -0 -0 1
    outer loop
      vertex 81.65 8.4 2.4
      vertex 87.6 3.6 2.4
      vertex 81.6359 8.61537 2.4
    endloop
  endfacet
  facet normal 0 0 1
    outer loop
      vertex 81.4289 9.225 2.4
      vertex 80.15 17.85 2.4
      vertex 81.309 9.40446 2.4
    endloop
  endfacet
  facet normal 0 0 1
    outer loop
      vertex 81.309 9.40446 2.4
      vertex 80.15 17.85 2.4
      vertex 81.1667 9.56673 2.4
    endloop
  endfacet
  facet normal 0 0 1
    outer loop
      vertex 81.1667 9.56673 2.4
      vertex 80.15 17.85 2.4
      vertex 81.0045 9.70903 2.4
    endloop
  endfacet
  facet normal 0 0 1
    outer loop
      vertex 81.0045 9.70903 2.4
      vertex 80.15 17.85 2.4
      vertex 80.825 9.82894 2.4
    endloop
  endfacet
  facet normal 0 0 1
    outer loop
      vertex 80.825 9.82894 2.4
      vertex 80.15 17.85 2.4
      vertex 80.6314 9.9244 2.4
    endloop
  endfacet
  facet normal 0 0 1
    outer loop
      vertex 80.6314 9.9244 2.4
      vertex 80.15 17.85 2.4
      vertex 80.427 9.99378 2.4
    endloop
  endfacet
  facet normal 0 0 1
    outer loop
      vertex 87.6 66.4 2.4
      vertex 80.15 67.6 2.4
      vertex 80.15 52.15 2.4
    endloop
  endfacet
  facet normal 0 0 1
    outer loop
      vertex 80.1316 51.8694 2.4
      vertex 87.6 66.4 2.4
      vertex 80.15 52.15 2.4
    endloop
  endfacet
  facet normal 0 0 1
    outer loop
      vertex 80.427 9.99378 2.4
      vertex 80.15 17.85 2.4
      vertex 80.2154 10.0359 2.4
    endloop
  endfacet
  facet normal 0 0 1
    outer loop
      vertex 80.2154 10.0359 2.4
      vertex 80.15 17.85 2.4
      vertex 80.15 10.0402 2.4
    endloop
  endfacet
  facet normal 0 0 1
    outer loop
      vertex 86.8592 2.49134 2.4
      vertex 86.4 2.4 2.4
      vertex 86.7106 2.44089 2.4
    endloop
  endfacet
  facet normal 0 0 1
    outer loop
      vertex 86.7106 2.44089 2.4
      vertex 86.4 2.4 2.4
      vertex 86.5566 2.41026 2.4
    endloop
  endfacet
  facet normal 0 0 1
    outer loop
      vertex 87.2485 2.75147 2.4
      vertex 86.4 2.4 2.4
      vertex 87.1305 2.64797 2.4
    endloop
  endfacet
  facet normal 0 0 1
    outer loop
      vertex 87.5591 3.28942 2.4
      vertex 86.4 2.4 2.4
      vertex 87.5087 3.14078 2.4
    endloop
  endfacet
  facet normal -0 0 1
    outer loop
      vertex 81.309 7.39554 2.4
      vertex 86.4 2.4 2.4
      vertex 81.4289 7.575 2.4
    endloop
  endfacet
  facet normal -0 0 1
    outer loop
      vertex 81.1667 7.23327 2.4
      vertex 86.4 2.4 2.4
      vertex 81.309 7.39554 2.4
    endloop
  endfacet
  facet normal -0 0 1
    outer loop
      vertex 81.0045 7.09097 2.4
      vertex 86.4 2.4 2.4
      vertex 81.1667 7.23327 2.4
    endloop
  endfacet
  facet normal 0 0 1
    outer loop
      vertex 80.15 2.4 2.4
      vertex 81.0045 7.09097 2.4
      vertex 80.825 6.97106 2.4
    endloop
  endfacet
  facet normal 0 0 1
    outer loop
      vertex 80.15 2.4 2.4
      vertex 80.825 6.97106 2.4
      vertex 80.6314 6.8756 2.4
    endloop
  endfacet
  facet normal 0 0 1
    outer loop
      vertex 80.15 2.4 2.4
      vertex 80.6314 6.8756 2.4
      vertex 80.427 6.80622 2.4
    endloop
  endfacet
  facet normal 0 0 1
    outer loop
      vertex 80.15 2.4 2.4
      vertex 80.427 6.80622 2.4
      vertex 80.2154 6.76412 2.4
    endloop
  endfacet
  facet normal 0 0 1
    outer loop
      vertex 80.15 2.4 2.4
      vertex 80.2154 6.76412 2.4
      vertex 80.15 6.75983 2.4
    endloop
  endfacet
  facet normal 0 0 1
    outer loop
      vertex 81.0045 7.09097 2.4
      vertex 80.15 2.4 2.4
      vertex 86.4 2.4 2.4
    endloop
  endfacet
  facet normal -0 0 1
    outer loop
      vertex 74.2728 20.7272 2.4
      vertex 76.2943 19.1588 2.4
      vertex 74.428 20.9042 2.4
    endloop
  endfacet
  facet normal 0 0 1
    outer loop
      vertex 76.2943 19.1588 2.4
      vertex 74.2728 20.7272 2.4
      vertex 76.138 18.925 2.4
    endloop
  endfacet
  facet normal -0 0 1
    outer loop
      vertex 74.0958 20.572 2.4
      vertex 76.138 18.925 2.4
      vertex 74.2728 20.7272 2.4
    endloop
  endfacet
  facet normal 0 0 1
    outer loop
      vertex 76.138 18.925 2.4
      vertex 74.0958 20.572 2.4
      vertex 76.0137 18.6728 2.4
    endloop
  endfacet
  facet normal -0 0 1
    outer loop
      vertex 73.9 20.4412 2.4
      vertex 76.0137 18.6728 2.4
      vertex 74.0958 20.572 2.4
    endloop
  endfacet
  facet normal 0 0 1
    outer loop
      vertex 76.0137 18.6728 2.4
      vertex 73.9 20.4412 2.4
      vertex 75.9233 18.4065 2.4
    endloop
  endfacet
  facet normal -0 0 1
    outer loop
      vertex 73.6888 20.337 2.4
      vertex 75.9233 18.4065 2.4
      vertex 73.9 20.4412 2.4
    endloop
  endfacet
  facet normal 0 0 1
    outer loop
      vertex 75.9233 18.4065 2.4
      vertex 73.6888 20.337 2.4
      vertex 75.8684 18.1306 2.4
    endloop
  endfacet
  facet normal -0 0 1
    outer loop
      vertex 73.4659 20.2613 2.4
      vertex 75.8684 18.1306 2.4
      vertex 73.6888 20.337 2.4
    endloop
  endfacet
  facet normal -0 0 1
    outer loop
      vertex 73.2349 20.2154 2.4
      vertex 75.8684 18.1306 2.4
      vertex 73.4659 20.2613 2.4
    endloop
  endfacet
  facet normal 0 0 1
    outer loop
      vertex 75.8684 18.1306 2.4
      vertex 73.2349 20.2154 2.4
      vertex 75.85 17.85 2.4
    endloop
  endfacet
  facet normal -0 0 1
    outer loop
      vertex 73 20.2 2.4
      vertex 75.85 17.85 2.4
      vertex 73.2349 20.2154 2.4
    endloop
  endfacet
  facet normal 0 0 1
    outer loop
      vertex 72.7651 20.2154 2.4
      vertex 75.85 17.85 2.4
      vertex 73 20.2 2.4
    endloop
  endfacet
  facet normal 0 0 1
    outer loop
      vertex 72.5341 20.2613 2.4
      vertex 75.85 17.85 2.4
      vertex 72.7651 20.2154 2.4
    endloop
  endfacet
  facet normal 0 0 1
    outer loop
      vertex 72.3112 20.337 2.4
      vertex 75.85 17.85 2.4
      vertex 72.5341 20.2613 2.4
    endloop
  endfacet
  facet normal 0 0 1
    outer loop
      vertex 75.85 17.85 2.4
      vertex 72.3112 20.337 2.4
      vertex 75.85 2.4 2.4
    endloop
  endfacet
  facet normal 0 0 1
    outer loop
      vertex 72.1 20.4412 2.4
      vertex 75.85 2.4 2.4
      vertex 72.3112 20.337 2.4
    endloop
  endfacet
  facet normal 0 0 1
    outer loop
      vertex 71.9042 20.572 2.4
      vertex 75.85 2.4 2.4
      vertex 72.1 20.4412 2.4
    endloop
  endfacet
  facet normal 0 0 1
    outer loop
      vertex 71.7272 20.7272 2.4
      vertex 75.85 2.4 2.4
      vertex 71.9042 20.572 2.4
    endloop
  endfacet
  facet normal 0 0 1
    outer loop
      vertex 71.572 20.9042 2.4
      vertex 75.85 2.4 2.4
      vertex 71.7272 20.7272 2.4
    endloop
  endfacet
  facet normal 0 0 1
    outer loop
      vertex 40.428 20.9042 2.4
      vertex 71.572 20.9042 2.4
      vertex 71.4412 21.1 2.4
    endloop
  endfacet
  facet normal 0 0 1
    outer loop
      vertex 40.5588 21.1 2.4
      vertex 71.4412 21.1 2.4
      vertex 71.337 21.3112 2.4
    endloop
  endfacet
  facet normal 0 0 1
    outer loop
      vertex 40.663 21.3112 2.4
      vertex 71.337 21.3112 2.4
      vertex 71.2613 21.5341 2.4
    endloop
  endfacet
  facet normal -0 0 1
    outer loop
      vertex 48.5507 32.95 2.4
      vertex 71.337 22.6888 2.4
      vertex 48.7879 33.431 2.4
    endloop
  endfacet
  facet normal 0 0 1
    outer loop
      vertex 71.337 22.6888 2.4
      vertex 48.5507 32.95 2.4
      vertex 71.2613 22.4659 2.4
    endloop
  endfacet
  facet normal -0 0 1
    outer loop
      vertex 48.2527 32.5041 2.4
      vertex 71.2613 22.4659 2.4
      vertex 48.5507 32.95 2.4
    endloop
  endfacet
  facet normal 0 0 1
    outer loop
      vertex 71.2613 22.4659 2.4
      vertex 48.2527 32.5041 2.4
      vertex 71.2154 22.2349 2.4
    endloop
  endfacet
  facet normal -0 0 1
    outer loop
      vertex 47.8991 32.1009 2.4
      vertex 71.2154 22.2349 2.4
      vertex 48.2527 32.5041 2.4
    endloop
  endfacet
  facet normal 0 0 1
    outer loop
      vertex 71.2154 22.2349 2.4
      vertex 47.8991 32.1009 2.4
      vertex 71.2 22 2.4
    endloop
  endfacet
  facet normal -0 0 1
    outer loop
      vertex 47.4959 31.7472 2.4
      vertex 71.2 22 2.4
      vertex 47.8991 32.1009 2.4
    endloop
  endfacet
  facet normal 0 0 1
    outer loop
      vertex 71.2 22 2.4
      vertex 47.4959 31.7472 2.4
      vertex 71.2154 21.7651 2.4
    endloop
  endfacet
  facet normal 0 0 1
    outer loop
      vertex 40.7846 21.7651 2.4
      vertex 71.2154 21.7651 2.4
      vertex 47.4959 31.7472 2.4
    endloop
  endfacet
  facet normal 0 0 1
    outer loop
      vertex 71.2154 21.7651 2.4
      vertex 40.7846 21.7651 2.4
      vertex 71.2613 21.5341 2.4
    endloop
  endfacet
  facet normal 0 0 1
    outer loop
      vertex 40.7846 21.7651 2.4
      vertex 47.4959 31.7472 2.4
      vertex 47.05 31.4493 2.4
    endloop
  endfacet
  facet normal 0 0 1
    outer loop
      vertex 40.8 22 2.4
      vertex 47.05 31.4493 2.4
      vertex 46.569 31.2121 2.4
    endloop
  endfacet
  facet normal 0 0 1
    outer loop
      vertex 40.8 22 2.4
      vertex 46.569 31.2121 2.4
      vertex 46.0612 31.0397 2.4
    endloop
  endfacet
  facet normal 0 0 1
    outer loop
      vertex 40.8 22 2.4
      vertex 46.0612 31.0397 2.4
      vertex 45.5352 30.9351 2.4
    endloop
  endfacet
  facet normal 0 0 1
    outer loop
      vertex 40.8 22 2.4
      vertex 45.5352 30.9351 2.4
      vertex 45 30.9 2.4
    endloop
  endfacet
  facet normal 0 0 1
    outer loop
      vertex 40.8 22 2.4
      vertex 45 30.9 2.4
      vertex 44.4648 30.9351 2.4
    endloop
  endfacet
  facet normal 0 0 1
    outer loop
      vertex 40.8 22 2.4
      vertex 44.4648 30.9351 2.4
      vertex 43.9388 31.0397 2.4
    endloop
  endfacet
  facet normal 0 0 1
    outer loop
      vertex 40.8 22 2.4
      vertex 43.9388 31.0397 2.4
      vertex 43.431 31.2121 2.4
    endloop
  endfacet
  facet normal 0 0 1
    outer loop
      vertex 40.8 22 2.4
      vertex 43.431 31.2121 2.4
      vertex 42.95 31.4493 2.4
    endloop
  endfacet
  facet normal 0 0 1
    outer loop
      vertex 40.8 22 2.4
      vertex 42.95 31.4493 2.4
      vertex 42.5041 31.7472 2.4
    endloop
  endfacet
  facet normal 0 0 1
    outer loop
      vertex 40.8 22 2.4
      vertex 42.5041 31.7472 2.4
      vertex 42.1009 32.1009 2.4
    endloop
  endfacet
  facet normal 0 0 1
    outer loop
      vertex 43.431 38.7879 2.4
      vertex 39.6888 46.337 2.4
      vertex 42.95 38.5507 2.4
    endloop
  endfacet
  facet normal 0 0 1
    outer loop
      vertex 40.8 22 2.4
      vertex 40.9351 34.4648 2.4
      vertex 40.9 35 2.4
    endloop
  endfacet
  facet normal 0 0 1
    outer loop
      vertex 40.8 22 2.4
      vertex 41.0397 33.9388 2.4
      vertex 40.9351 34.4648 2.4
    endloop
  endfacet
  facet normal 0 0 1
    outer loop
      vertex 40.8 22 2.4
      vertex 41.2121 33.431 2.4
      vertex 41.0397 33.9388 2.4
    endloop
  endfacet
  facet normal 0 0 1
    outer loop
      vertex 40.8 22 2.4
      vertex 41.4493 32.95 2.4
      vertex 41.2121 33.431 2.4
    endloop
  endfacet
  facet normal 0 0 1
    outer loop
      vertex 40.8 22 2.4
      vertex 41.7472 32.5041 2.4
      vertex 41.4493 32.95 2.4
    endloop
  endfacet
  facet normal 0 0 1
    outer loop
      vertex 40.8 22 2.4
      vertex 42.1009 32.1009 2.4
      vertex 41.7472 32.5041 2.4
    endloop
  endfacet
  facet normal 0 0 1
    outer loop
      vertex 47.05 31.4493 2.4
      vertex 40.8 22 2.4
      vertex 40.7846 21.7651 2.4
    endloop
  endfacet
  facet normal 0 0 1
    outer loop
      vertex 71.2613 21.5341 2.4
      vertex 40.7846 21.7651 2.4
      vertex 40.7387 21.5341 2.4
    endloop
  endfacet
  facet normal 0 0 1
    outer loop
      vertex 40.663 21.3112 2.4
      vertex 71.2613 21.5341 2.4
      vertex 40.7387 21.5341 2.4
    endloop
  endfacet
  facet normal 0 0 1
    outer loop
      vertex 71.337 21.3112 2.4
      vertex 40.663 21.3112 2.4
      vertex 40.5588 21.1 2.4
    endloop
  endfacet
  facet normal 0 0 1
    outer loop
      vertex 71.4412 21.1 2.4
      vertex 40.5588 21.1 2.4
      vertex 40.428 20.9042 2.4
    endloop
  endfacet
  facet normal 0 0 1
    outer loop
      vertex 71.572 20.9042 2.4
      vertex 40.428 20.9042 2.4
      vertex 75.85 2.4 2.4
    endloop
  endfacet
  facet normal -0 0 1
    outer loop
      vertex 40.2728 20.7272 2.4
      vertex 75.85 2.4 2.4
      vertex 40.428 20.9042 2.4
    endloop
  endfacet
  facet normal -0 0 1
    outer loop
      vertex 40.0958 20.572 2.4
      vertex 75.85 2.4 2.4
      vertex 40.2728 20.7272 2.4
    endloop
  endfacet
  facet normal -0 0 1
    outer loop
      vertex 39.9 20.4412 2.4
      vertex 75.85 2.4 2.4
      vertex 40.0958 20.572 2.4
    endloop
  endfacet
  facet normal -0 0 1
    outer loop
      vertex 39.6888 20.337 2.4
      vertex 75.85 2.4 2.4
      vertex 39.9 20.4412 2.4
    endloop
  endfacet
  facet normal -0 0 1
    outer loop
      vertex 39.4659 20.2613 2.4
      vertex 75.85 2.4 2.4
      vertex 39.6888 20.337 2.4
    endloop
  endfacet
  facet normal -0 0 1
    outer loop
      vertex 39.2349 20.2154 2.4
      vertex 75.85 2.4 2.4
      vertex 39.4659 20.2613 2.4
    endloop
  endfacet
  facet normal 0 0 1
    outer loop
      vertex 14.15 2.4 2.4
      vertex 39.2349 20.2154 2.4
      vertex 39 20.2 2.4
    endloop
  endfacet
  facet normal 0 0 1
    outer loop
      vertex 14.15 2.4 2.4
      vertex 39 20.2 2.4
      vertex 38.7651 20.2154 2.4
    endloop
  endfacet
  facet normal 0 0 1
    outer loop
      vertex 14.15 2.4 2.4
      vertex 38.7651 20.2154 2.4
      vertex 38.5341 20.2613 2.4
    endloop
  endfacet
  facet normal 0 0 1
    outer loop
      vertex 14.15 2.4 2.4
      vertex 38.5341 20.2613 2.4
      vertex 38.3112 20.337 2.4
    endloop
  endfacet
  facet normal 0 0 1
    outer loop
      vertex 37.2613 22.4659 2.4
      vertex 14.15 17.85 2.4
      vertex 37.2154 22.2349 2.4
    endloop
  endfacet
  facet normal 0 0 1
    outer loop
      vertex 37.2154 22.2349 2.4
      vertex 14.15 17.85 2.4
      vertex 37.2 22 2.4
    endloop
  endfacet
  facet normal 0 0 1
    outer loop
      vertex 37.2 22 2.4
      vertex 14.15 17.85 2.4
      vertex 37.2154 21.7651 2.4
    endloop
  endfacet
  facet normal 0 0 1
    outer loop
      vertex 37.2154 21.7651 2.4
      vertex 14.15 17.85 2.4
      vertex 37.2613 21.5341 2.4
    endloop
  endfacet
  facet normal 0 0 1
    outer loop
      vertex 37.2613 21.5341 2.4
      vertex 14.15 17.85 2.4
      vertex 37.337 21.3112 2.4
    endloop
  endfacet
  facet normal 0 0 1
    outer loop
      vertex 37.337 21.3112 2.4
      vertex 14.15 17.85 2.4
      vertex 37.4412 21.1 2.4
    endloop
  endfacet
  facet normal 0 0 1
    outer loop
      vertex 37.4412 21.1 2.4
      vertex 14.15 17.85 2.4
      vertex 37.572 20.9042 2.4
    endloop
  endfacet
  facet normal 0 0 1
    outer loop
      vertex 14.15 17.85 2.4
      vertex 37.7272 20.7272 2.4
      vertex 37.572 20.9042 2.4
    endloop
  endfacet
  facet normal 0 0 1
    outer loop
      vertex 14.15 2.4 2.4
      vertex 37.7272 20.7272 2.4
      vertex 14.15 17.85 2.4
    endloop
  endfacet
  facet normal 0 0 1
    outer loop
      vertex 37.7272 20.7272 2.4
      vertex 14.15 2.4 2.4
      vertex 37.9042 20.572 2.4
    endloop
  endfacet
  facet normal 0 0 1
    outer loop
      vertex 37.9042 20.572 2.4
      vertex 14.15 2.4 2.4
      vertex 38.1 20.4412 2.4
    endloop
  endfacet
  facet normal 0 0 1
    outer loop
      vertex 38.1 20.4412 2.4
      vertex 14.15 2.4 2.4
      vertex 38.3112 20.337 2.4
    endloop
  endfacet
  facet normal 0 0 1
    outer loop
      vertex 39.2349 20.2154 2.4
      vertex 14.15 2.4 2.4
      vertex 75.85 2.4 2.4
    endloop
  endfacet
  facet normal -0.659406 -0.751787 0
    outer loop
      vertex 87.1305 67.352 2.4
      vertex 87.2485 67.2485 24
      vertex 87.1305 67.352 24
    endloop
  endfacet
  facet normal -0.659406 -0.751787 -0
    outer loop
      vertex 87.2485 67.2485 24
      vertex 87.1305 67.352 2.4
      vertex 87.2485 67.2485 2.4
    endloop
  endfacet
  facet normal 1 0 0
    outer loop
      vertex 2.4 66.4 24
      vertex 2.4 41 12.4
      vertex 2.4 66.4 2.4
    endloop
  endfacet
  facet normal 1 0 0
    outer loop
      vertex 2.4 66.4 24
      vertex 2.4 29 12.4
      vertex 2.4 41 12.4
    endloop
  endfacet
  facet normal 1 0 0
    outer loop
      vertex 2.4 29 12.4
      vertex 2.4 26 10.4
      vertex 2.4 29 4.4
    endloop
  endfacet
  facet normal 1 0 0
    outer loop
      vertex 2.4 29 12.4
      vertex 2.4 18 10.4
      vertex 2.4 26 10.4
    endloop
  endfacet
  facet normal 1 -0 0
    outer loop
      vertex 2.4 3.6 24
      vertex 2.4 29 12.4
      vertex 2.4 66.4 24
    endloop
  endfacet
  facet normal 1 0 0
    outer loop
      vertex 2.4 3.6 2.4
      vertex 2.4 18 10.4
      vertex 2.4 3.6 24
    endloop
  endfacet
  facet normal 1 0 0
    outer loop
      vertex 2.4 29 12.4
      vertex 2.4 3.6 24
      vertex 2.4 18 10.4
    endloop
  endfacet
  facet normal 1 -0 0
    outer loop
      vertex 2.4 41 4.4
      vertex 2.4 66.4 2.4
      vertex 2.4 41 12.4
    endloop
  endfacet
  facet normal 1 -0 0
    outer loop
      vertex 2.4 29 4.4
      vertex 2.4 66.4 2.4
      vertex 2.4 41 4.4
    endloop
  endfacet
  facet normal 1 0 0
    outer loop
      vertex 2.4 26 4.4
      vertex 2.4 29 4.4
      vertex 2.4 26 10.4
    endloop
  endfacet
  facet normal 1 0 0
    outer loop
      vertex 2.4 3.6 2.4
      vertex 2.4 29 4.4
      vertex 2.4 26 4.4
    endloop
  endfacet
  facet normal 1 0 0
    outer loop
      vertex 2.4 3.6 2.4
      vertex 2.4 26 4.4
      vertex 2.4 18 4.4
    endloop
  endfacet
  facet normal 1 0 0
    outer loop
      vertex 2.4 29 4.4
      vertex 2.4 3.6 2.4
      vertex 2.4 66.4 2.4
    endloop
  endfacet
  facet normal 1 0 0
    outer loop
      vertex 2.4 18 10.4
      vertex 2.4 3.6 2.4
      vertex 2.4 18 4.4
    endloop
  endfacet
  facet normal 0.195136 0.980776 -0
    outer loop
      vertex 3.44337 2.41026 2.4
      vertex 3.28942 2.44089 24
      vertex 3.44337 2.41026 24
    endloop
  endfacet
  facet normal 0.195136 0.980776 0
    outer loop
      vertex 3.28942 2.44089 24
      vertex 3.44337 2.41026 2.4
      vertex 3.28942 2.44089 2.4
    endloop
  endfacet
  facet normal -0.896683 0.442673 0
    outer loop
      vertex 87.4392 3 2.4
      vertex 87.5087 3.14078 24
      vertex 87.5087 3.14078 2.4
    endloop
  endfacet
  facet normal -0.896683 0.442673 0
    outer loop
      vertex 87.5087 3.14078 24
      vertex 87.4392 3 2.4
      vertex 87.4392 3 24
    endloop
  endfacet
  facet normal -0.94704 0.321117 0
    outer loop
      vertex 87.5087 3.14078 2.4
      vertex 87.5591 3.28942 24
      vertex 87.5591 3.28942 2.4
    endloop
  endfacet
  facet normal -0.94704 0.321117 0
    outer loop
      vertex 87.5591 3.28942 24
      vertex 87.5087 3.14078 2.4
      vertex 87.5087 3.14078 24
    endloop
  endfacet
  facet normal -0.442622 -0.896708 0
    outer loop
      vertex 86.8592 67.5087 2.4
      vertex 87 67.4392 24
      vertex 86.8592 67.5087 24
    endloop
  endfacet
  facet normal -0.442622 -0.896708 -0
    outer loop
      vertex 87 67.4392 24
      vertex 86.8592 67.5087 2.4
      vertex 87 67.4392 2.4
    endloop
  endfacet
  facet normal 0 1 0
    outer loop
      vertex 31.9829 2.4 10.6355
      vertex 14.15 2.4 2.4
      vertex 31.8675 2.4 10.6125
    endloop
  endfacet
  facet normal 0 1 0
    outer loop
      vertex 31.8675 2.4 10.6125
      vertex 14.15 2.4 2.4
      vertex 14.15 2.4 4.3
    endloop
  endfacet
  facet normal 0 1 -0
    outer loop
      vertex 28.2154 2.4 19.6359
      vertex 3.6 2.4 24
      vertex 86.4 2.4 24
    endloop
  endfacet
  facet normal 0 1 0
    outer loop
      vertex 3.6 2.4 24
      vertex 28.2154 2.4 19.6359
      vertex 28 2.4 19.65
    endloop
  endfacet
  facet normal 0 1 -0
    outer loop
      vertex 35.5 2.4 18.9
      vertex 28.2154 2.4 19.6359
      vertex 86.4 2.4 24
    endloop
  endfacet
  facet normal 0 1 0
    outer loop
      vertex 28.2154 2.4 19.6359
      vertex 35.5 2.4 18.9
      vertex 28.4271 2.4 19.5938
    endloop
  endfacet
  facet normal 0 1 -0
    outer loop
      vertex 35.3825 2.4 18.8923
      vertex 28.4271 2.4 19.5938
      vertex 35.5 2.4 18.9
    endloop
  endfacet
  facet normal 0 1 0
    outer loop
      vertex 28.4271 2.4 19.5938
      vertex 35.3825 2.4 18.8923
      vertex 28.6314 2.4 19.5244
    endloop
  endfacet
  facet normal 0 1 -0
    outer loop
      vertex 35.2671 2.4 18.8693
      vertex 28.6314 2.4 19.5244
      vertex 35.3825 2.4 18.8923
    endloop
  endfacet
  facet normal 0 1 0
    outer loop
      vertex 28.6314 2.4 19.5244
      vertex 35.2671 2.4 18.8693
      vertex 28.825 2.4 19.4289
    endloop
  endfacet
  facet normal 0 1 -0
    outer loop
      vertex 35.1556 2.4 18.8315
      vertex 28.825 2.4 19.4289
      vertex 35.2671 2.4 18.8693
    endloop
  endfacet
  facet normal 0 1 0
    outer loop
      vertex 86.4 2.4 24
      vertex 35.6175 2.4 18.8923
      vertex 35.5 2.4 18.9
    endloop
  endfacet
  facet normal 0 1 0
    outer loop
      vertex 86.4 2.4 24
      vertex 35.7329 2.4 18.8693
      vertex 35.6175 2.4 18.8923
    endloop
  endfacet
  facet normal 0 1 0
    outer loop
      vertex 86.4 2.4 24
      vertex 35.8444 2.4 18.8315
      vertex 35.7329 2.4 18.8693
    endloop
  endfacet
  facet normal 0 1 0
    outer loop
      vertex 86.4 2.4 24
      vertex 35.95 2.4 18.7794
      vertex 35.8444 2.4 18.8315
    endloop
  endfacet
  facet normal 0 1 0
    outer loop
      vertex 86.4 2.4 24
      vertex 36.0479 2.4 18.714
      vertex 35.95 2.4 18.7794
    endloop
  endfacet
  facet normal 0 1 0
    outer loop
      vertex 86.4 2.4 24
      vertex 36.1364 2.4 18.6364
      vertex 36.0479 2.4 18.714
    endloop
  endfacet
  facet normal 0 1 0
    outer loop
      vertex 86.4 2.4 24
      vertex 36.214 2.4 18.5479
      vertex 36.1364 2.4 18.6364
    endloop
  endfacet
  facet normal 0 1 0
    outer loop
      vertex 86.4 2.4 24
      vertex 36.2794 2.4 18.45
      vertex 36.214 2.4 18.5479
    endloop
  endfacet
  facet normal 0 1 0
    outer loop
      vertex 86.4 2.4 24
      vertex 36.3315 2.4 18.3444
      vertex 36.2794 2.4 18.45
    endloop
  endfacet
  facet normal 0 1 0
    outer loop
      vertex 86.4 2.4 24
      vertex 36.3693 2.4 18.2329
      vertex 36.3315 2.4 18.3444
    endloop
  endfacet
  facet normal 0 1 -0
    outer loop
      vertex 75.85 2.4 4.3
      vertex 36.3693 2.4 18.2329
      vertex 86.4 2.4 24
    endloop
  endfacet
  facet normal 0 1 0
    outer loop
      vertex 36.3693 2.4 18.2329
      vertex 75.85 2.4 4.3
      vertex 36.3923 2.4 18.1175
    endloop
  endfacet
  facet normal 0 1 0
    outer loop
      vertex 36.3923 2.4 18.1175
      vertex 75.85 2.4 4.3
      vertex 36.4 2.4 18
    endloop
  endfacet
  facet normal 0 1 0
    outer loop
      vertex 36.4 2.4 18
      vertex 75.85 2.4 4.3
      vertex 36.3923 2.4 17.8825
    endloop
  endfacet
  facet normal 0 1 0
    outer loop
      vertex 36.3923 2.4 17.8825
      vertex 75.85 2.4 4.3
      vertex 36.3693 2.4 17.7671
    endloop
  endfacet
  facet normal 0 1 0
    outer loop
      vertex 36.3693 2.4 17.7671
      vertex 75.85 2.4 4.3
      vertex 36.3315 2.4 17.6556
    endloop
  endfacet
  facet normal -0 1 0
    outer loop
      vertex 35.3875 2.4 14.1325
      vertex 36.3315 2.4 17.6556
      vertex 75.85 2.4 4.3
    endloop
  endfacet
  facet normal 0 1 0
    outer loop
      vertex 36.3315 2.4 17.6556
      vertex 35.3875 2.4 14.1325
      vertex 36.2794 2.4 17.55
    endloop
  endfacet
  facet normal -0 1 0
    outer loop
      vertex 35.3952 2.4 14.25
      vertex 36.2794 2.4 17.55
      vertex 35.3875 2.4 14.1325
    endloop
  endfacet
  facet normal 0 1 0
    outer loop
      vertex 36.2794 2.4 17.55
      vertex 35.3952 2.4 14.25
      vertex 36.214 2.4 17.4521
    endloop
  endfacet
  facet normal -0 1 0
    outer loop
      vertex 35.3875 2.4 14.3675
      vertex 36.214 2.4 17.4521
      vertex 35.3952 2.4 14.25
    endloop
  endfacet
  facet normal 0 1 0
    outer loop
      vertex 36.214 2.4 17.4521
      vertex 35.3875 2.4 14.3675
      vertex 36.1364 2.4 17.3636
    endloop
  endfacet
  facet normal -0 1 0
    outer loop
      vertex 35.3645 2.4 14.4829
      vertex 36.1364 2.4 17.3636
      vertex 35.3875 2.4 14.3675
    endloop
  endfacet
  facet normal 0 1 0
    outer loop
      vertex 34.9521 2.4 17.286
      vertex 29.1667 2.4 16.8333
      vertex 29.309 2.4 16.9955
    endloop
  endfacet
  facet normal 0 1 0
    outer loop
      vertex 35.3825 2.4 17.1077
      vertex 34.0452 2.4 15.0294
      vertex 29.1667 2.4 16.8333
    endloop
  endfacet
  facet normal 0 1 -0
    outer loop
      vertex 33.9473 2.4 14.964
      vertex 29.1667 2.4 16.8333
      vertex 34.0452 2.4 15.0294
    endloop
  endfacet
  facet normal 0 1 0
    outer loop
      vertex 34.9452 2.4 15.0294
      vertex 35.5 2.4 17.1
      vertex 35.6175 2.4 17.1077
    endloop
  endfacet
  facet normal 0 1 -0
    outer loop
      vertex 33.8588 2.4 14.8864
      vertex 29.1667 2.4 16.8333
      vertex 33.9473 2.4 14.964
    endloop
  endfacet
  facet normal 0 1 -0
    outer loop
      vertex 33.7812 2.4 14.7979
      vertex 29.1667 2.4 16.8333
      vertex 33.8588 2.4 14.8864
    endloop
  endfacet
  facet normal 0 1 -0
    outer loop
      vertex 33.7158 2.4 14.7
      vertex 29.1667 2.4 16.8333
      vertex 33.7812 2.4 14.7979
    endloop
  endfacet
  facet normal 0 1 0
    outer loop
      vertex 35.3825 2.4 17.1077
      vertex 34.3777 2.4 15.1423
      vertex 34.2623 2.4 15.1193
    endloop
  endfacet
  facet normal 0 1 0
    outer loop
      vertex 35.3825 2.4 17.1077
      vertex 34.4952 2.4 15.15
      vertex 34.3777 2.4 15.1423
    endloop
  endfacet
  facet normal -0 1 0
    outer loop
      vertex 35.3267 2.4 14.5944
      vertex 36.0479 2.4 17.286
      vertex 35.3645 2.4 14.4829
    endloop
  endfacet
  facet normal 0 1 0
    outer loop
      vertex 35.3825 2.4 17.1077
      vertex 34.6127 2.4 15.1423
      vertex 34.4952 2.4 15.15
    endloop
  endfacet
  facet normal 0 1 0
    outer loop
      vertex 35.3825 2.4 17.1077
      vertex 34.7281 2.4 15.1193
      vertex 34.6127 2.4 15.1423
    endloop
  endfacet
  facet normal 0 1 0
    outer loop
      vertex 35.3825 2.4 17.1077
      vertex 34.8396 2.4 15.0815
      vertex 34.7281 2.4 15.1193
    endloop
  endfacet
  facet normal 0 1 0
    outer loop
      vertex 35.5 2.4 17.1
      vertex 34.9452 2.4 15.0294
      vertex 34.8396 2.4 15.0815
    endloop
  endfacet
  facet normal 0 1 0
    outer loop
      vertex 35.6175 2.4 17.1077
      vertex 35.0431 2.4 14.964
      vertex 34.9452 2.4 15.0294
    endloop
  endfacet
  facet normal 0 1 0
    outer loop
      vertex 35.6175 2.4 17.1077
      vertex 35.1316 2.4 14.8864
      vertex 35.0431 2.4 14.964
    endloop
  endfacet
  facet normal 0 1 0
    outer loop
      vertex 35.7329 2.4 17.1307
      vertex 35.1316 2.4 14.8864
      vertex 35.6175 2.4 17.1077
    endloop
  endfacet
  facet normal -0 1 0
    outer loop
      vertex 35.1316 2.4 14.8864
      vertex 35.7329 2.4 17.1307
      vertex 35.2092 2.4 14.7979
    endloop
  endfacet
  facet normal 0 1 0
    outer loop
      vertex 35.8444 2.4 17.1685
      vertex 35.2092 2.4 14.7979
      vertex 35.7329 2.4 17.1307
    endloop
  endfacet
  facet normal 0 1 0
    outer loop
      vertex 36.0479 2.4 17.286
      vertex 35.3267 2.4 14.5944
      vertex 35.95 2.4 17.2206
    endloop
  endfacet
  facet normal -0 1 0
    outer loop
      vertex 35.2092 2.4 14.7979
      vertex 35.8444 2.4 17.1685
      vertex 35.2746 2.4 14.7
    endloop
  endfacet
  facet normal 0 1 0
    outer loop
      vertex 35.95 2.4 17.2206
      vertex 35.2746 2.4 14.7
      vertex 35.8444 2.4 17.1685
    endloop
  endfacet
  facet normal -0 1 0
    outer loop
      vertex 35.2746 2.4 14.7
      vertex 35.95 2.4 17.2206
      vertex 35.3267 2.4 14.5944
    endloop
  endfacet
  facet normal 0 1 0
    outer loop
      vertex 36.1364 2.4 17.3636
      vertex 35.3645 2.4 14.4829
      vertex 36.0479 2.4 17.286
    endloop
  endfacet
  facet normal 0 1 0
    outer loop
      vertex 35.3875 2.4 14.1325
      vertex 75.85 2.4 4.3
      vertex 35.3645 2.4 14.0171
    endloop
  endfacet
  facet normal 0 1 0
    outer loop
      vertex 35.3645 2.4 14.0171
      vertex 75.85 2.4 4.3
      vertex 35.3267 2.4 13.9056
    endloop
  endfacet
  facet normal 0 1 0
    outer loop
      vertex 35.3267 2.4 13.9056
      vertex 75.85 2.4 4.3
      vertex 35.2746 2.4 13.8
    endloop
  endfacet
  facet normal 0 1 -0
    outer loop
      vertex 75.85 2.4 2.4
      vertex 35.2746 2.4 13.8
      vertex 75.85 2.4 4.3
    endloop
  endfacet
  facet normal 0 1 0
    outer loop
      vertex 35.2746 2.4 13.8
      vertex 75.85 2.4 2.4
      vertex 35.2092 2.4 13.7021
    endloop
  endfacet
  facet normal 0 1 0
    outer loop
      vertex 35.2092 2.4 13.7021
      vertex 75.85 2.4 2.4
      vertex 35.1316 2.4 13.6136
    endloop
  endfacet
  facet normal 0 1 0
    outer loop
      vertex 35.1316 2.4 13.6136
      vertex 75.85 2.4 2.4
      vertex 35.0431 2.4 13.536
    endloop
  endfacet
  facet normal 0 1 0
    outer loop
      vertex 35.0431 2.4 13.536
      vertex 32.464 2.4 10.9569
      vertex 34.9452 2.4 13.4706
    endloop
  endfacet
  facet normal 0 1 0
    outer loop
      vertex 32.65 2.4 11.5048
      vertex 34.4952 2.4 13.35
      vertex 34.6127 2.4 13.3577
    endloop
  endfacet
  facet normal 0 1 0
    outer loop
      vertex 32.6423 2.4 11.3873
      vertex 34.6127 2.4 13.3577
      vertex 34.7281 2.4 13.3807
    endloop
  endfacet
  facet normal -0 1 0
    outer loop
      vertex 32.5294 2.4 11.0548
      vertex 34.9452 2.4 13.4706
      vertex 32.464 2.4 10.9569
    endloop
  endfacet
  facet normal 0 1 0
    outer loop
      vertex 34.4952 2.4 13.35
      vertex 31.8675 2.4 12.3971
      vertex 31.75 2.4 12.4048
    endloop
  endfacet
  facet normal 0 1 0
    outer loop
      vertex 34.4952 2.4 13.35
      vertex 31.9829 2.4 12.3741
      vertex 31.8675 2.4 12.3971
    endloop
  endfacet
  facet normal 0 1 0
    outer loop
      vertex 34.4952 2.4 13.35
      vertex 32.0944 2.4 12.3363
      vertex 31.9829 2.4 12.3741
    endloop
  endfacet
  facet normal 0 1 0
    outer loop
      vertex 34.4952 2.4 13.35
      vertex 32.2 2.4 12.2842
      vertex 32.0944 2.4 12.3363
    endloop
  endfacet
  facet normal 0 1 0
    outer loop
      vertex 34.4952 2.4 13.35
      vertex 32.2979 2.4 12.2188
      vertex 32.2 2.4 12.2842
    endloop
  endfacet
  facet normal 0 1 0
    outer loop
      vertex 34.4952 2.4 13.35
      vertex 32.3864 2.4 12.1412
      vertex 32.2979 2.4 12.2188
    endloop
  endfacet
  facet normal 0 1 0
    outer loop
      vertex 34.4952 2.4 13.35
      vertex 32.464 2.4 12.0527
      vertex 32.3864 2.4 12.1412
    endloop
  endfacet
  facet normal 0 1 0
    outer loop
      vertex 34.4952 2.4 13.35
      vertex 32.5294 2.4 11.9548
      vertex 32.464 2.4 12.0527
    endloop
  endfacet
  facet normal 0 1 0
    outer loop
      vertex 34.9452 2.4 13.4706
      vertex 32.5294 2.4 11.0548
      vertex 34.8396 2.4 13.4185
    endloop
  endfacet
  facet normal 0 1 0
    outer loop
      vertex 34.4952 2.4 13.35
      vertex 32.5815 2.4 11.8492
      vertex 32.5294 2.4 11.9548
    endloop
  endfacet
  facet normal 0 1 0
    outer loop
      vertex 34.4952 2.4 13.35
      vertex 32.6193 2.4 11.7377
      vertex 32.5815 2.4 11.8492
    endloop
  endfacet
  facet normal 0 1 0
    outer loop
      vertex 34.4952 2.4 13.35
      vertex 32.6423 2.4 11.6223
      vertex 32.6193 2.4 11.7377
    endloop
  endfacet
  facet normal 0 1 0
    outer loop
      vertex 34.4952 2.4 13.35
      vertex 32.65 2.4 11.5048
      vertex 32.6423 2.4 11.6223
    endloop
  endfacet
  facet normal 0 1 0
    outer loop
      vertex 34.6127 2.4 13.3577
      vertex 32.6423 2.4 11.3873
      vertex 32.65 2.4 11.5048
    endloop
  endfacet
  facet normal 0 1 0
    outer loop
      vertex 34.7281 2.4 13.3807
      vertex 32.6193 2.4 11.2719
      vertex 32.6423 2.4 11.3873
    endloop
  endfacet
  facet normal 0 1 0
    outer loop
      vertex 34.7281 2.4 13.3807
      vertex 32.5815 2.4 11.1604
      vertex 32.6193 2.4 11.2719
    endloop
  endfacet
  facet normal 0 1 0
    outer loop
      vertex 34.8396 2.4 13.4185
      vertex 32.5815 2.4 11.1604
      vertex 34.7281 2.4 13.3807
    endloop
  endfacet
  facet normal -0 1 0
    outer loop
      vertex 32.5815 2.4 11.1604
      vertex 34.8396 2.4 13.4185
      vertex 32.5294 2.4 11.0548
    endloop
  endfacet
  facet normal 0 1 0
    outer loop
      vertex 35.0431 2.4 13.536
      vertex 75.85 2.4 2.4
      vertex 32.464 2.4 10.9569
    endloop
  endfacet
  facet normal 0 1 0
    outer loop
      vertex 32.464 2.4 10.9569
      vertex 75.85 2.4 2.4
      vertex 32.3864 2.4 10.8684
    endloop
  endfacet
  facet normal 0 1 0
    outer loop
      vertex 32.3864 2.4 10.8684
      vertex 75.85 2.4 2.4
      vertex 32.2979 2.4 10.7908
    endloop
  endfacet
  facet normal 0 1 0
    outer loop
      vertex 32.2979 2.4 10.7908
      vertex 75.85 2.4 2.4
      vertex 32.2 2.4 10.7254
    endloop
  endfacet
  facet normal 0 1 0
    outer loop
      vertex 32.0944 2.4 10.6733
      vertex 75.85 2.4 2.4
      vertex 31.9829 2.4 10.6355
    endloop
  endfacet
  facet normal 0 1 0
    outer loop
      vertex 32.2 2.4 10.7254
      vertex 75.85 2.4 2.4
      vertex 32.0944 2.4 10.6733
    endloop
  endfacet
  facet normal 0 1 0
    outer loop
      vertex 75.85 2.4 4.3
      vertex 86.4 2.4 24
      vertex 80.15 2.4 4.3
    endloop
  endfacet
  facet normal 0 1 -0
    outer loop
      vertex 86.4 2.4 2.4
      vertex 80.15 2.4 4.3
      vertex 86.4 2.4 24
    endloop
  endfacet
  facet normal 0 1 0
    outer loop
      vertex 80.15 2.4 4.3
      vertex 86.4 2.4 2.4
      vertex 80.15 2.4 2.4
    endloop
  endfacet
  facet normal 0 1 -0
    outer loop
      vertex 27.7846 2.4 19.6359
      vertex 3.6 2.4 24
      vertex 28 2.4 19.65
    endloop
  endfacet
  facet normal 0 1 -0
    outer loop
      vertex 27.5729 2.4 19.5938
      vertex 3.6 2.4 24
      vertex 27.7846 2.4 19.6359
    endloop
  endfacet
  facet normal 0 1 -0
    outer loop
      vertex 27.3686 2.4 19.5244
      vertex 3.6 2.4 24
      vertex 27.5729 2.4 19.5938
    endloop
  endfacet
  facet normal 0 1 -0
    outer loop
      vertex 27.175 2.4 19.4289
      vertex 3.6 2.4 24
      vertex 27.3686 2.4 19.5244
    endloop
  endfacet
  facet normal 0 1 -0
    outer loop
      vertex 26.9955 2.4 19.309
      vertex 3.6 2.4 24
      vertex 27.175 2.4 19.4289
    endloop
  endfacet
  facet normal 0 1 -0
    outer loop
      vertex 26.8333 2.4 19.1667
      vertex 3.6 2.4 24
      vertex 26.9955 2.4 19.309
    endloop
  endfacet
  facet normal 0 1 -0
    outer loop
      vertex 26.691 2.4 19.0045
      vertex 3.6 2.4 24
      vertex 26.8333 2.4 19.1667
    endloop
  endfacet
  facet normal 0 1 -0
    outer loop
      vertex 26.5711 2.4 18.825
      vertex 3.6 2.4 24
      vertex 26.691 2.4 19.0045
    endloop
  endfacet
  facet normal 0 1 -0
    outer loop
      vertex 26.4756 2.4 18.6314
      vertex 3.6 2.4 24
      vertex 26.5711 2.4 18.825
    endloop
  endfacet
  facet normal 0 1 -0
    outer loop
      vertex 26.4062 2.4 18.4271
      vertex 3.6 2.4 24
      vertex 26.4756 2.4 18.6314
    endloop
  endfacet
  facet normal 0 1 -0
    outer loop
      vertex 26.3641 2.4 18.2154
      vertex 3.6 2.4 24
      vertex 26.4062 2.4 18.4271
    endloop
  endfacet
  facet normal 0 1 -0
    outer loop
      vertex 26.35 2.4 18
      vertex 3.6 2.4 24
      vertex 26.3641 2.4 18.2154
    endloop
  endfacet
  facet normal 0 1 0
    outer loop
      vertex 26.3641 2.4 17.7846
      vertex 3.6 2.4 24
      vertex 26.35 2.4 18
    endloop
  endfacet
  facet normal 0 1 0
    outer loop
      vertex 14.15 2.4 4.3
      vertex 26.3641 2.4 17.7846
      vertex 26.4062 2.4 17.5729
    endloop
  endfacet
  facet normal 0 1 0
    outer loop
      vertex 14.15 2.4 4.3
      vertex 26.4062 2.4 17.5729
      vertex 26.4756 2.4 17.3686
    endloop
  endfacet
  facet normal 0 1 0
    outer loop
      vertex 14.15 2.4 4.3
      vertex 26.4756 2.4 17.3686
      vertex 26.5711 2.4 17.175
    endloop
  endfacet
  facet normal 0 1 0
    outer loop
      vertex 14.15 2.4 4.3
      vertex 26.5711 2.4 17.175
      vertex 26.691 2.4 16.9955
    endloop
  endfacet
  facet normal 0 1 0
    outer loop
      vertex 14.15 2.4 4.3
      vertex 26.691 2.4 16.9955
      vertex 26.8333 2.4 16.8333
    endloop
  endfacet
  facet normal 0 1 0
    outer loop
      vertex 14.15 2.4 4.3
      vertex 26.8333 2.4 16.8333
      vertex 26.9955 2.4 16.691
    endloop
  endfacet
  facet normal 0 1 0
    outer loop
      vertex 14.15 2.4 4.3
      vertex 26.9955 2.4 16.691
      vertex 27.175 2.4 16.5711
    endloop
  endfacet
  facet normal 0 1 0
    outer loop
      vertex 30.8577 2.4 11.3873
      vertex 27.175 2.4 16.5711
      vertex 27.3686 2.4 16.4756
    endloop
  endfacet
  facet normal 0 1 0
    outer loop
      vertex 30.85 2.4 11.5048
      vertex 27.3686 2.4 16.4756
      vertex 27.5729 2.4 16.4062
    endloop
  endfacet
  facet normal 0 1 0
    outer loop
      vertex 35.3825 2.4 17.1077
      vertex 34.2623 2.4 15.1193
      vertex 34.1508 2.4 15.0815
    endloop
  endfacet
  facet normal 0 1 0
    outer loop
      vertex 35.3825 2.4 17.1077
      vertex 34.1508 2.4 15.0815
      vertex 34.0452 2.4 15.0294
    endloop
  endfacet
  facet normal 0 1 -0
    outer loop
      vertex 33.6637 2.4 14.5944
      vertex 29.1667 2.4 16.8333
      vertex 33.7158 2.4 14.7
    endloop
  endfacet
  facet normal 0 1 -0
    outer loop
      vertex 33.6259 2.4 14.4829
      vertex 29.1667 2.4 16.8333
      vertex 33.6637 2.4 14.5944
    endloop
  endfacet
  facet normal 0 1 -0
    outer loop
      vertex 31.5171 2.4 12.3741
      vertex 29.1667 2.4 16.8333
      vertex 33.6259 2.4 14.4829
    endloop
  endfacet
  facet normal 0 1 0
    outer loop
      vertex 29.1667 2.4 16.8333
      vertex 31.5171 2.4 12.3741
      vertex 29.0045 2.4 16.691
    endloop
  endfacet
  facet normal 0 1 -0
    outer loop
      vertex 31.4056 2.4 12.3363
      vertex 29.0045 2.4 16.691
      vertex 31.5171 2.4 12.3741
    endloop
  endfacet
  facet normal 0 1 0
    outer loop
      vertex 29.0045 2.4 16.691
      vertex 31.4056 2.4 12.3363
      vertex 28.825 2.4 16.5711
    endloop
  endfacet
  facet normal 0 1 -0
    outer loop
      vertex 31.3 2.4 12.2842
      vertex 28.825 2.4 16.5711
      vertex 31.4056 2.4 12.3363
    endloop
  endfacet
  facet normal 0 1 -0
    outer loop
      vertex 31.2021 2.4 12.2188
      vertex 28.825 2.4 16.5711
      vertex 31.3 2.4 12.2842
    endloop
  endfacet
  facet normal 0 1 0
    outer loop
      vertex 28.825 2.4 16.5711
      vertex 31.2021 2.4 12.2188
      vertex 28.6314 2.4 16.4756
    endloop
  endfacet
  facet normal 0 1 -0
    outer loop
      vertex 31.1136 2.4 12.1412
      vertex 28.6314 2.4 16.4756
      vertex 31.2021 2.4 12.2188
    endloop
  endfacet
  facet normal 0 1 0
    outer loop
      vertex 28.6314 2.4 16.4756
      vertex 31.1136 2.4 12.1412
      vertex 28.4271 2.4 16.4062
    endloop
  endfacet
  facet normal 0 1 0
    outer loop
      vertex 31.5171 2.4 12.3741
      vertex 33.6259 2.4 14.4829
      vertex 33.6029 2.4 14.3675
    endloop
  endfacet
  facet normal 0 1 0
    outer loop
      vertex 31.6325 2.4 12.3971
      vertex 33.6029 2.4 14.3675
      vertex 33.5952 2.4 14.25
    endloop
  endfacet
  facet normal 0 1 0
    outer loop
      vertex 31.75 2.4 12.4048
      vertex 33.5952 2.4 14.25
      vertex 33.6029 2.4 14.1325
    endloop
  endfacet
  facet normal 0 1 0
    outer loop
      vertex 31.75 2.4 12.4048
      vertex 33.6029 2.4 14.1325
      vertex 33.6259 2.4 14.0171
    endloop
  endfacet
  facet normal 0 1 0
    outer loop
      vertex 31.75 2.4 12.4048
      vertex 33.6259 2.4 14.0171
      vertex 33.6637 2.4 13.9056
    endloop
  endfacet
  facet normal 0 1 0
    outer loop
      vertex 31.75 2.4 12.4048
      vertex 33.6637 2.4 13.9056
      vertex 33.7158 2.4 13.8
    endloop
  endfacet
  facet normal 0 1 0
    outer loop
      vertex 31.75 2.4 12.4048
      vertex 33.7158 2.4 13.8
      vertex 33.7812 2.4 13.7021
    endloop
  endfacet
  facet normal 0 1 0
    outer loop
      vertex 31.75 2.4 12.4048
      vertex 33.7812 2.4 13.7021
      vertex 33.8588 2.4 13.6136
    endloop
  endfacet
  facet normal 0 1 0
    outer loop
      vertex 31.75 2.4 12.4048
      vertex 33.8588 2.4 13.6136
      vertex 33.9473 2.4 13.536
    endloop
  endfacet
  facet normal 0 1 0
    outer loop
      vertex 31.75 2.4 12.4048
      vertex 33.9473 2.4 13.536
      vertex 34.0452 2.4 13.4706
    endloop
  endfacet
  facet normal 0 1 0
    outer loop
      vertex 31.75 2.4 12.4048
      vertex 34.0452 2.4 13.4706
      vertex 34.1508 2.4 13.4185
    endloop
  endfacet
  facet normal 0 1 0
    outer loop
      vertex 31.75 2.4 12.4048
      vertex 34.3777 2.4 13.3577
      vertex 34.4952 2.4 13.35
    endloop
  endfacet
  facet normal 0 1 0
    outer loop
      vertex 31.75 2.4 12.4048
      vertex 34.2623 2.4 13.3807
      vertex 34.3777 2.4 13.3577
    endloop
  endfacet
  facet normal 0 1 0
    outer loop
      vertex 31.75 2.4 12.4048
      vertex 34.1508 2.4 13.4185
      vertex 34.2623 2.4 13.3807
    endloop
  endfacet
  facet normal 0 1 0
    outer loop
      vertex 33.5952 2.4 14.25
      vertex 31.75 2.4 12.4048
      vertex 31.6325 2.4 12.3971
    endloop
  endfacet
  facet normal 0 1 0
    outer loop
      vertex 33.6029 2.4 14.3675
      vertex 31.6325 2.4 12.3971
      vertex 31.5171 2.4 12.3741
    endloop
  endfacet
  facet normal 0 1 -0
    outer loop
      vertex 31.036 2.4 12.0527
      vertex 28.4271 2.4 16.4062
      vertex 31.1136 2.4 12.1412
    endloop
  endfacet
  facet normal 0 1 0
    outer loop
      vertex 28.4271 2.4 16.4062
      vertex 31.036 2.4 12.0527
      vertex 28.2154 2.4 16.3641
    endloop
  endfacet
  facet normal 0 1 -0
    outer loop
      vertex 30.9706 2.4 11.9548
      vertex 28.2154 2.4 16.3641
      vertex 31.036 2.4 12.0527
    endloop
  endfacet
  facet normal 0 1 0
    outer loop
      vertex 28.2154 2.4 16.3641
      vertex 30.9706 2.4 11.9548
      vertex 28 2.4 16.35
    endloop
  endfacet
  facet normal 0 1 -0
    outer loop
      vertex 30.9185 2.4 11.8492
      vertex 28 2.4 16.35
      vertex 30.9706 2.4 11.9548
    endloop
  endfacet
  facet normal 0 1 0
    outer loop
      vertex 28 2.4 16.35
      vertex 30.9185 2.4 11.8492
      vertex 27.7846 2.4 16.3641
    endloop
  endfacet
  facet normal 0 1 -0
    outer loop
      vertex 30.8807 2.4 11.7377
      vertex 27.7846 2.4 16.3641
      vertex 30.9185 2.4 11.8492
    endloop
  endfacet
  facet normal 0 1 -0
    outer loop
      vertex 30.8577 2.4 11.6223
      vertex 27.7846 2.4 16.3641
      vertex 30.8807 2.4 11.7377
    endloop
  endfacet
  facet normal 0 1 0
    outer loop
      vertex 27.7846 2.4 16.3641
      vertex 30.8577 2.4 11.6223
      vertex 27.5729 2.4 16.4062
    endloop
  endfacet
  facet normal 0 1 -0
    outer loop
      vertex 30.85 2.4 11.5048
      vertex 27.5729 2.4 16.4062
      vertex 30.8577 2.4 11.6223
    endloop
  endfacet
  facet normal 0 1 0
    outer loop
      vertex 27.3686 2.4 16.4756
      vertex 30.85 2.4 11.5048
      vertex 30.8577 2.4 11.3873
    endloop
  endfacet
  facet normal 0 1 0
    outer loop
      vertex 27.175 2.4 16.5711
      vertex 30.8577 2.4 11.3873
      vertex 30.8807 2.4 11.2719
    endloop
  endfacet
  facet normal 0 1 0
    outer loop
      vertex 27.175 2.4 16.5711
      vertex 30.8807 2.4 11.2719
      vertex 14.15 2.4 4.3
    endloop
  endfacet
  facet normal 0 1 0
    outer loop
      vertex 14.15 2.4 4.3
      vertex 30.8807 2.4 11.2719
      vertex 30.9185 2.4 11.1604
    endloop
  endfacet
  facet normal 0 1 0
    outer loop
      vertex 14.15 2.4 4.3
      vertex 30.9185 2.4 11.1604
      vertex 30.9706 2.4 11.0548
    endloop
  endfacet
  facet normal 0 1 0
    outer loop
      vertex 14.15 2.4 4.3
      vertex 30.9706 2.4 11.0548
      vertex 31.036 2.4 10.9569
    endloop
  endfacet
  facet normal 0 1 0
    outer loop
      vertex 14.15 2.4 4.3
      vertex 31.036 2.4 10.9569
      vertex 31.1136 2.4 10.8684
    endloop
  endfacet
  facet normal 0 1 0
    outer loop
      vertex 14.15 2.4 4.3
      vertex 31.1136 2.4 10.8684
      vertex 31.2021 2.4 10.7908
    endloop
  endfacet
  facet normal 0 1 0
    outer loop
      vertex 14.15 2.4 4.3
      vertex 31.2021 2.4 10.7908
      vertex 31.3 2.4 10.7254
    endloop
  endfacet
  facet normal 0 1 0
    outer loop
      vertex 14.15 2.4 4.3
      vertex 31.3 2.4 10.7254
      vertex 31.4056 2.4 10.6733
    endloop
  endfacet
  facet normal 0 1 0
    outer loop
      vertex 14.15 2.4 2.4
      vertex 31.9829 2.4 10.6355
      vertex 75.85 2.4 2.4
    endloop
  endfacet
  facet normal 0 1 0
    outer loop
      vertex 31.8675 2.4 10.6125
      vertex 14.15 2.4 4.3
      vertex 31.75 2.4 10.6048
    endloop
  endfacet
  facet normal 0 1 0
    outer loop
      vertex 31.75 2.4 10.6048
      vertex 14.15 2.4 4.3
      vertex 31.6325 2.4 10.6125
    endloop
  endfacet
  facet normal 0 1 0
    outer loop
      vertex 14.15 2.4 4.3
      vertex 31.5171 2.4 10.6355
      vertex 31.6325 2.4 10.6125
    endloop
  endfacet
  facet normal 0 1 0
    outer loop
      vertex 14.15 2.4 4.3
      vertex 31.4056 2.4 10.6733
      vertex 31.5171 2.4 10.6355
    endloop
  endfacet
  facet normal 0 1 0
    outer loop
      vertex 26.3641 2.4 17.7846
      vertex 14.15 2.4 4.3
      vertex 3.6 2.4 24
    endloop
  endfacet
  facet normal 0 1 -0
    outer loop
      vertex 9.85 2.4 4.3
      vertex 3.6 2.4 24
      vertex 14.15 2.4 4.3
    endloop
  endfacet
  facet normal 0 1 0
    outer loop
      vertex 3.6 2.4 2.4
      vertex 9.85 2.4 4.3
      vertex 9.85 2.4 2.4
    endloop
  endfacet
  facet normal 0 1 0
    outer loop
      vertex 9.85 2.4 4.3
      vertex 3.6 2.4 2.4
      vertex 3.6 2.4 24
    endloop
  endfacet
  facet normal 0 1 0
    outer loop
      vertex 28.825 2.4 19.4289
      vertex 35.1556 2.4 18.8315
      vertex 29.0045 2.4 19.309
    endloop
  endfacet
  facet normal 0 1 -0
    outer loop
      vertex 35.05 2.4 18.7794
      vertex 29.0045 2.4 19.309
      vertex 35.1556 2.4 18.8315
    endloop
  endfacet
  facet normal 0 1 0
    outer loop
      vertex 29.0045 2.4 19.309
      vertex 35.05 2.4 18.7794
      vertex 29.1667 2.4 19.1667
    endloop
  endfacet
  facet normal 0 1 -0
    outer loop
      vertex 34.9521 2.4 18.714
      vertex 29.1667 2.4 19.1667
      vertex 35.05 2.4 18.7794
    endloop
  endfacet
  facet normal 0 1 0
    outer loop
      vertex 29.1667 2.4 19.1667
      vertex 34.9521 2.4 18.714
      vertex 29.309 2.4 19.0045
    endloop
  endfacet
  facet normal 0 1 -0
    outer loop
      vertex 34.8636 2.4 18.6364
      vertex 29.309 2.4 19.0045
      vertex 34.9521 2.4 18.714
    endloop
  endfacet
  facet normal 0 1 -0
    outer loop
      vertex 34.786 2.4 18.5479
      vertex 29.309 2.4 19.0045
      vertex 34.8636 2.4 18.6364
    endloop
  endfacet
  facet normal 0 1 0
    outer loop
      vertex 29.309 2.4 19.0045
      vertex 34.786 2.4 18.5479
      vertex 29.4289 2.4 18.825
    endloop
  endfacet
  facet normal 0 1 -0
    outer loop
      vertex 34.7206 2.4 18.45
      vertex 29.4289 2.4 18.825
      vertex 34.786 2.4 18.5479
    endloop
  endfacet
  facet normal 0 1 0
    outer loop
      vertex 29.4289 2.4 18.825
      vertex 34.7206 2.4 18.45
      vertex 29.5244 2.4 18.6314
    endloop
  endfacet
  facet normal 0 1 -0
    outer loop
      vertex 34.6685 2.4 18.3444
      vertex 29.5244 2.4 18.6314
      vertex 34.7206 2.4 18.45
    endloop
  endfacet
  facet normal 0 1 0
    outer loop
      vertex 29.5244 2.4 18.6314
      vertex 34.6685 2.4 18.3444
      vertex 29.5938 2.4 18.4271
    endloop
  endfacet
  facet normal 0 1 -0
    outer loop
      vertex 34.6307 2.4 18.2329
      vertex 29.5938 2.4 18.4271
      vertex 34.6685 2.4 18.3444
    endloop
  endfacet
  facet normal 0 1 0
    outer loop
      vertex 34.6307 2.4 18.2329
      vertex 29.6359 2.4 18.2154
      vertex 29.5938 2.4 18.4271
    endloop
  endfacet
  facet normal 0 1 -0
    outer loop
      vertex 34.6077 2.4 18.1175
      vertex 29.6359 2.4 18.2154
      vertex 34.6307 2.4 18.2329
    endloop
  endfacet
  facet normal 0 1 0
    outer loop
      vertex 29.65 2.4 18
      vertex 34.6077 2.4 18.1175
      vertex 34.6 2.4 18
    endloop
  endfacet
  facet normal 0 1 0
    outer loop
      vertex 34.6077 2.4 18.1175
      vertex 29.65 2.4 18
      vertex 29.6359 2.4 18.2154
    endloop
  endfacet
  facet normal 0 1 0
    outer loop
      vertex 34.6077 2.4 17.8825
      vertex 29.65 2.4 18
      vertex 34.6 2.4 18
    endloop
  endfacet
  facet normal 0 1 0
    outer loop
      vertex 34.6077 2.4 17.8825
      vertex 29.6359 2.4 17.7846
      vertex 29.65 2.4 18
    endloop
  endfacet
  facet normal 0 1 0
    outer loop
      vertex 34.6307 2.4 17.7671
      vertex 29.6359 2.4 17.7846
      vertex 34.6077 2.4 17.8825
    endloop
  endfacet
  facet normal 0 1 0
    outer loop
      vertex 29.5938 2.4 17.5729
      vertex 34.6307 2.4 17.7671
      vertex 34.6685 2.4 17.6556
    endloop
  endfacet
  facet normal 0 1 0
    outer loop
      vertex 34.6307 2.4 17.7671
      vertex 29.5938 2.4 17.5729
      vertex 29.6359 2.4 17.7846
    endloop
  endfacet
  facet normal 0 1 0
    outer loop
      vertex 29.5244 2.4 17.3686
      vertex 34.6685 2.4 17.6556
      vertex 34.7206 2.4 17.55
    endloop
  endfacet
  facet normal 0 1 0
    outer loop
      vertex 29.4289 2.4 17.175
      vertex 34.7206 2.4 17.55
      vertex 34.786 2.4 17.4521
    endloop
  endfacet
  facet normal 0 1 0
    outer loop
      vertex 34.6685 2.4 17.6556
      vertex 29.5244 2.4 17.3686
      vertex 29.5938 2.4 17.5729
    endloop
  endfacet
  facet normal 0 1 0
    outer loop
      vertex 29.309 2.4 16.9955
      vertex 34.786 2.4 17.4521
      vertex 34.8636 2.4 17.3636
    endloop
  endfacet
  facet normal 0 1 0
    outer loop
      vertex 29.309 2.4 16.9955
      vertex 34.8636 2.4 17.3636
      vertex 34.9521 2.4 17.286
    endloop
  endfacet
  facet normal 0 1 0
    outer loop
      vertex 29.1667 2.4 16.8333
      vertex 34.9521 2.4 17.286
      vertex 35.05 2.4 17.2206
    endloop
  endfacet
  facet normal 0 1 0
    outer loop
      vertex 34.7206 2.4 17.55
      vertex 29.4289 2.4 17.175
      vertex 29.5244 2.4 17.3686
    endloop
  endfacet
  facet normal 0 1 0
    outer loop
      vertex 29.1667 2.4 16.8333
      vertex 35.05 2.4 17.2206
      vertex 35.1556 2.4 17.1685
    endloop
  endfacet
  facet normal 0 1 0
    outer loop
      vertex 29.1667 2.4 16.8333
      vertex 35.1556 2.4 17.1685
      vertex 35.2671 2.4 17.1307
    endloop
  endfacet
  facet normal 0 1 0
    outer loop
      vertex 29.1667 2.4 16.8333
      vertex 35.2671 2.4 17.1307
      vertex 35.3825 2.4 17.1077
    endloop
  endfacet
  facet normal 0 1 0
    outer loop
      vertex 34.8396 2.4 15.0815
      vertex 35.3825 2.4 17.1077
      vertex 35.5 2.4 17.1
    endloop
  endfacet
  facet normal 0 1 0
    outer loop
      vertex 34.786 2.4 17.4521
      vertex 29.309 2.4 16.9955
      vertex 29.4289 2.4 17.175
    endloop
  endfacet
  facet normal 0 -1 0
    outer loop
      vertex 67.5954 67.6 4.92652
      vertex 75.85 67.6 2.4
      vertex 68 67.6 4.9
    endloop
  endfacet
  facet normal 0 -1 0
    outer loop
      vertex 68 67.6 4.9
      vertex 75.85 67.6 2.4
      vertex 75.85 67.6 4.3
    endloop
  endfacet
  facet normal 0 -1 0
    outer loop
      vertex 28.2154 67.6 19.6359
      vertex 3.6 67.6 24
      vertex 28 67.6 19.65
    endloop
  endfacet
  facet normal 0 -1 0
    outer loop
      vertex 3.6 67.6 24
      vertex 27.7846 67.6 19.6359
      vertex 28 67.6 19.65
    endloop
  endfacet
  facet normal 0 -1 0
    outer loop
      vertex 3.6 67.6 24
      vertex 27.5729 67.6 19.5938
      vertex 27.7846 67.6 19.6359
    endloop
  endfacet
  facet normal 0 -1 0
    outer loop
      vertex 3.6 67.6 24
      vertex 27.3686 67.6 19.5244
      vertex 27.5729 67.6 19.5938
    endloop
  endfacet
  facet normal 0 -1 0
    outer loop
      vertex 3.6 67.6 24
      vertex 27.175 67.6 19.4289
      vertex 27.3686 67.6 19.5244
    endloop
  endfacet
  facet normal 0 -1 0
    outer loop
      vertex 3.6 67.6 24
      vertex 26.9955 67.6 19.309
      vertex 27.175 67.6 19.4289
    endloop
  endfacet
  facet normal 0 -1 0
    outer loop
      vertex 3.6 67.6 24
      vertex 26.8333 67.6 19.1667
      vertex 26.9955 67.6 19.309
    endloop
  endfacet
  facet normal 0 -1 0
    outer loop
      vertex 3.6 67.6 24
      vertex 26.691 67.6 19.0045
      vertex 26.8333 67.6 19.1667
    endloop
  endfacet
  facet normal 0 -1 0
    outer loop
      vertex 3.6 67.6 24
      vertex 26.5711 67.6 18.825
      vertex 26.691 67.6 19.0045
    endloop
  endfacet
  facet normal 0 -1 0
    outer loop
      vertex 3.6 67.6 24
      vertex 26.4756 67.6 18.6314
      vertex 26.5711 67.6 18.825
    endloop
  endfacet
  facet normal 0 -1 0
    outer loop
      vertex 3.6 67.6 24
      vertex 26.4062 67.6 18.4271
      vertex 26.4756 67.6 18.6314
    endloop
  endfacet
  facet normal 0 -1 0
    outer loop
      vertex 3.6 67.6 24
      vertex 26.3641 67.6 18.2154
      vertex 26.4062 67.6 18.4271
    endloop
  endfacet
  facet normal 0 -1 0
    outer loop
      vertex 3.6 67.6 24
      vertex 26.35 67.6 18
      vertex 26.3641 67.6 18.2154
    endloop
  endfacet
  facet normal 0 -1 0
    outer loop
      vertex 3.6 67.6 24
      vertex 26.3641 67.6 17.7846
      vertex 26.35 67.6 18
    endloop
  endfacet
  facet normal 0 -1 0
    outer loop
      vertex 14.15 67.6 4.3
      vertex 26.3641 67.6 17.7846
      vertex 3.6 67.6 24
    endloop
  endfacet
  facet normal 0 -1 -0
    outer loop
      vertex 26.3641 67.6 17.7846
      vertex 14.15 67.6 4.3
      vertex 26.4062 67.6 17.5729
    endloop
  endfacet
  facet normal 0 -1 -0
    outer loop
      vertex 26.4062 67.6 17.5729
      vertex 14.15 67.6 4.3
      vertex 26.4756 67.6 17.3686
    endloop
  endfacet
  facet normal 0 -1 -0
    outer loop
      vertex 26.4756 67.6 17.3686
      vertex 14.15 67.6 4.3
      vertex 26.5711 67.6 17.175
    endloop
  endfacet
  facet normal 0 -1 -0
    outer loop
      vertex 26.5711 67.6 17.175
      vertex 14.15 67.6 4.3
      vertex 26.691 67.6 16.9955
    endloop
  endfacet
  facet normal 0 -1 -0
    outer loop
      vertex 26.691 67.6 16.9955
      vertex 14.15 67.6 4.3
      vertex 26.8333 67.6 16.8333
    endloop
  endfacet
  facet normal 0 -1 -0
    outer loop
      vertex 26.8333 67.6 16.8333
      vertex 14.15 67.6 4.3
      vertex 26.9955 67.6 16.691
    endloop
  endfacet
  facet normal 0 -1 -0
    outer loop
      vertex 26.9955 67.6 16.691
      vertex 14.15 67.6 4.3
      vertex 27.175 67.6 16.5711
    endloop
  endfacet
  facet normal 0 -1 -0
    outer loop
      vertex 27.175 67.6 16.5711
      vertex 14.15 67.6 4.3
      vertex 27.3686 67.6 16.4756
    endloop
  endfacet
  facet normal 0 -1 0
    outer loop
      vertex 14.15 67.6 4.3
      vertex 28 67.6 16.35
      vertex 27.7846 67.6 16.3641
    endloop
  endfacet
  facet normal 0 -1 0
    outer loop
      vertex 28 67.6 16.35
      vertex 67.5954 67.6 11.0735
      vertex 68 67.6 11.1
    endloop
  endfacet
  facet normal 0 -1 0
    outer loop
      vertex 28 67.6 16.35
      vertex 67.1977 67.6 10.9944
      vertex 67.5954 67.6 11.0735
    endloop
  endfacet
  facet normal 0 -1 0
    outer loop
      vertex 28 67.6 16.35
      vertex 66.8137 67.6 10.864
      vertex 67.1977 67.6 10.9944
    endloop
  endfacet
  facet normal 0 -1 0
    outer loop
      vertex 28 67.6 16.35
      vertex 66.45 67.6 10.6847
      vertex 66.8137 67.6 10.864
    endloop
  endfacet
  facet normal 0 -1 0
    outer loop
      vertex 28 67.6 16.35
      vertex 66.1128 67.6 10.4594
      vertex 66.45 67.6 10.6847
    endloop
  endfacet
  facet normal 0 -1 0
    outer loop
      vertex 28 67.6 16.35
      vertex 65.808 67.6 10.192
      vertex 66.1128 67.6 10.4594
    endloop
  endfacet
  facet normal 0 -1 0
    outer loop
      vertex 28 67.6 16.35
      vertex 65.5406 67.6 9.88716
      vertex 65.808 67.6 10.192
    endloop
  endfacet
  facet normal 0 -1 0
    outer loop
      vertex 28 67.6 16.35
      vertex 65.3153 67.6 9.55
      vertex 65.5406 67.6 9.88716
    endloop
  endfacet
  facet normal 0 -1 0
    outer loop
      vertex 28 67.6 16.35
      vertex 65.136 67.6 9.18632
      vertex 65.3153 67.6 9.55
    endloop
  endfacet
  facet normal 0 -1 0
    outer loop
      vertex 28 67.6 16.35
      vertex 65.0056 67.6 8.80234
      vertex 65.136 67.6 9.18632
    endloop
  endfacet
  facet normal 0 -1 0
    outer loop
      vertex 14.15 67.6 4.3
      vertex 27.7846 67.6 16.3641
      vertex 27.5729 67.6 16.4062
    endloop
  endfacet
  facet normal 0 -1 0
    outer loop
      vertex 28 67.6 16.35
      vertex 64.9265 67.6 8.40463
      vertex 65.0056 67.6 8.80234
    endloop
  endfacet
  facet normal 0 -1 0
    outer loop
      vertex 28 67.6 16.35
      vertex 64.9 67.6 8
      vertex 64.9265 67.6 8.40463
    endloop
  endfacet
  facet normal 0 -1 0
    outer loop
      vertex 28 67.6 16.35
      vertex 64.9265 67.6 7.59537
      vertex 64.9 67.6 8
    endloop
  endfacet
  facet normal 0 -1 0
    outer loop
      vertex 28 67.6 16.35
      vertex 65.0056 67.6 7.19766
      vertex 64.9265 67.6 7.59537
    endloop
  endfacet
  facet normal 0 -1 0
    outer loop
      vertex 28 67.6 16.35
      vertex 65.136 67.6 6.81368
      vertex 65.0056 67.6 7.19766
    endloop
  endfacet
  facet normal 0 -1 0
    outer loop
      vertex 28 67.6 16.35
      vertex 65.3153 67.6 6.45
      vertex 65.136 67.6 6.81368
    endloop
  endfacet
  facet normal 0 -1 0
    outer loop
      vertex 28 67.6 16.35
      vertex 65.5406 67.6 6.11284
      vertex 65.3153 67.6 6.45
    endloop
  endfacet
  facet normal 0 -1 0
    outer loop
      vertex 14.15 67.6 2.4
      vertex 28 67.6 16.35
      vertex 14.15 67.6 4.3
    endloop
  endfacet
  facet normal 0 -1 -0
    outer loop
      vertex 28 67.6 16.35
      vertex 14.15 67.6 2.4
      vertex 65.5406 67.6 6.11284
    endloop
  endfacet
  facet normal 0 -1 -0
    outer loop
      vertex 65.5406 67.6 6.11284
      vertex 14.15 67.6 2.4
      vertex 65.808 67.6 5.80797
    endloop
  endfacet
  facet normal 0 -1 -0
    outer loop
      vertex 65.808 67.6 5.80797
      vertex 14.15 67.6 2.4
      vertex 66.1128 67.6 5.5406
    endloop
  endfacet
  facet normal 0 -1 -0
    outer loop
      vertex 66.1128 67.6 5.5406
      vertex 14.15 67.6 2.4
      vertex 66.45 67.6 5.31532
    endloop
  endfacet
  facet normal 0 -1 -0
    outer loop
      vertex 66.8137 67.6 5.13597
      vertex 14.15 67.6 2.4
      vertex 67.1977 67.6 5.00563
    endloop
  endfacet
  facet normal 0 -1 -0
    outer loop
      vertex 66.45 67.6 5.31532
      vertex 14.15 67.6 2.4
      vertex 66.8137 67.6 5.13597
    endloop
  endfacet
  facet normal 0 -1 -0
    outer loop
      vertex 27.3686 67.6 16.4756
      vertex 14.15 67.6 4.3
      vertex 27.5729 67.6 16.4062
    endloop
  endfacet
  facet normal 0 -1 0
    outer loop
      vertex 14.15 67.6 4.3
      vertex 3.6 67.6 24
      vertex 9.85 67.6 4.3
    endloop
  endfacet
  facet normal 0 -1 0
    outer loop
      vertex 3.6 67.6 2.4
      vertex 9.85 67.6 4.3
      vertex 3.6 67.6 24
    endloop
  endfacet
  facet normal 0 -1 -0
    outer loop
      vertex 9.85 67.6 4.3
      vertex 3.6 67.6 2.4
      vertex 9.85 67.6 2.4
    endloop
  endfacet
  facet normal 0 -1 0
    outer loop
      vertex 3.6 67.6 24
      vertex 28.2154 67.6 19.6359
      vertex 86.4 67.6 24
    endloop
  endfacet
  facet normal 0 -1 0
    outer loop
      vertex 28.4271 67.6 19.5938
      vertex 86.4 67.6 24
      vertex 28.2154 67.6 19.6359
    endloop
  endfacet
  facet normal 0 -1 0
    outer loop
      vertex 28.6314 67.6 19.5244
      vertex 86.4 67.6 24
      vertex 28.4271 67.6 19.5938
    endloop
  endfacet
  facet normal 0 -1 0
    outer loop
      vertex 28.825 67.6 19.4289
      vertex 86.4 67.6 24
      vertex 28.6314 67.6 19.5244
    endloop
  endfacet
  facet normal 0 -1 0
    outer loop
      vertex 29.0045 67.6 19.309
      vertex 86.4 67.6 24
      vertex 28.825 67.6 19.4289
    endloop
  endfacet
  facet normal 0 -1 0
    outer loop
      vertex 29.1667 67.6 19.1667
      vertex 86.4 67.6 24
      vertex 29.0045 67.6 19.309
    endloop
  endfacet
  facet normal 0 -1 0
    outer loop
      vertex 68 67.6 11.1
      vertex 29.1667 67.6 19.1667
      vertex 29.309 67.6 19.0045
    endloop
  endfacet
  facet normal 0 -1 0
    outer loop
      vertex 68 67.6 11.1
      vertex 29.309 67.6 19.0045
      vertex 29.4289 67.6 18.825
    endloop
  endfacet
  facet normal 0 -1 0
    outer loop
      vertex 68 67.6 11.1
      vertex 29.4289 67.6 18.825
      vertex 29.5244 67.6 18.6314
    endloop
  endfacet
  facet normal 0 -1 0
    outer loop
      vertex 68 67.6 11.1
      vertex 29.5244 67.6 18.6314
      vertex 29.5938 67.6 18.4271
    endloop
  endfacet
  facet normal 0 -1 0
    outer loop
      vertex 68 67.6 11.1
      vertex 29.5938 67.6 18.4271
      vertex 29.6359 67.6 18.2154
    endloop
  endfacet
  facet normal 0 -1 0
    outer loop
      vertex 68 67.6 11.1
      vertex 29.6359 67.6 18.2154
      vertex 29.65 67.6 18
    endloop
  endfacet
  facet normal 0 -1 0
    outer loop
      vertex 68 67.6 11.1
      vertex 29.65 67.6 18
      vertex 29.6359 67.6 17.7846
    endloop
  endfacet
  facet normal 0 -1 0
    outer loop
      vertex 68 67.6 11.1
      vertex 29.6359 67.6 17.7846
      vertex 29.5938 67.6 17.5729
    endloop
  endfacet
  facet normal 0 -1 0
    outer loop
      vertex 68 67.6 11.1
      vertex 29.5938 67.6 17.5729
      vertex 29.5244 67.6 17.3686
    endloop
  endfacet
  facet normal 0 -1 0
    outer loop
      vertex 68 67.6 11.1
      vertex 29.5244 67.6 17.3686
      vertex 29.4289 67.6 17.175
    endloop
  endfacet
  facet normal 0 -1 0
    outer loop
      vertex 68 67.6 11.1
      vertex 29.4289 67.6 17.175
      vertex 29.309 67.6 16.9955
    endloop
  endfacet
  facet normal 0 -1 0
    outer loop
      vertex 68 67.6 11.1
      vertex 29.309 67.6 16.9955
      vertex 29.1667 67.6 16.8333
    endloop
  endfacet
  facet normal 0 -1 0
    outer loop
      vertex 68 67.6 11.1
      vertex 29.1667 67.6 16.8333
      vertex 29.0045 67.6 16.691
    endloop
  endfacet
  facet normal 0 -1 0
    outer loop
      vertex 68 67.6 11.1
      vertex 29.0045 67.6 16.691
      vertex 28.825 67.6 16.5711
    endloop
  endfacet
  facet normal 0 -1 0
    outer loop
      vertex 68 67.6 11.1
      vertex 28.825 67.6 16.5711
      vertex 28.6314 67.6 16.4756
    endloop
  endfacet
  facet normal 0 -1 0
    outer loop
      vertex 68 67.6 11.1
      vertex 28.6314 67.6 16.4756
      vertex 28.4271 67.6 16.4062
    endloop
  endfacet
  facet normal 0 -1 0
    outer loop
      vertex 68 67.6 11.1
      vertex 28.4271 67.6 16.4062
      vertex 28.2154 67.6 16.3641
    endloop
  endfacet
  facet normal 0 -1 0
    outer loop
      vertex 68 67.6 11.1
      vertex 28.2154 67.6 16.3641
      vertex 28 67.6 16.35
    endloop
  endfacet
  facet normal 0 -1 0
    outer loop
      vertex 29.1667 67.6 19.1667
      vertex 68 67.6 11.1
      vertex 86.4 67.6 24
    endloop
  endfacet
  facet normal 0 -1 0
    outer loop
      vertex 68.4046 67.6 11.0735
      vertex 86.4 67.6 24
      vertex 68 67.6 11.1
    endloop
  endfacet
  facet normal 0 -1 0
    outer loop
      vertex 68.8023 67.6 10.9944
      vertex 86.4 67.6 24
      vertex 68.4046 67.6 11.0735
    endloop
  endfacet
  facet normal 0 -1 0
    outer loop
      vertex 69.1863 67.6 10.864
      vertex 86.4 67.6 24
      vertex 68.8023 67.6 10.9944
    endloop
  endfacet
  facet normal 0 -1 0
    outer loop
      vertex 69.55 67.6 10.6847
      vertex 86.4 67.6 24
      vertex 69.1863 67.6 10.864
    endloop
  endfacet
  facet normal 0 -1 0
    outer loop
      vertex 69.8872 67.6 10.4594
      vertex 86.4 67.6 24
      vertex 69.55 67.6 10.6847
    endloop
  endfacet
  facet normal 0 -1 0
    outer loop
      vertex 70.192 67.6 10.192
      vertex 86.4 67.6 24
      vertex 69.8872 67.6 10.4594
    endloop
  endfacet
  facet normal 0 -1 0
    outer loop
      vertex 70.4594 67.6 9.88716
      vertex 86.4 67.6 24
      vertex 70.192 67.6 10.192
    endloop
  endfacet
  facet normal 0 -1 0
    outer loop
      vertex 70.6847 67.6 9.55
      vertex 86.4 67.6 24
      vertex 70.4594 67.6 9.88716
    endloop
  endfacet
  facet normal 0 -1 0
    outer loop
      vertex 80.15 67.6 4.3
      vertex 70.6847 67.6 9.55
      vertex 70.864 67.6 9.18632
    endloop
  endfacet
  facet normal 0 -1 0
    outer loop
      vertex 75.85 67.6 4.3
      vertex 70.864 67.6 9.18632
      vertex 70.9944 67.6 8.80234
    endloop
  endfacet
  facet normal 0 -1 0
    outer loop
      vertex 75.85 67.6 4.3
      vertex 70.9944 67.6 8.80234
      vertex 71.0735 67.6 8.40463
    endloop
  endfacet
  facet normal 0 -1 0
    outer loop
      vertex 75.85 67.6 4.3
      vertex 71.0735 67.6 8.40463
      vertex 71.1 67.6 8
    endloop
  endfacet
  facet normal 0 -1 0
    outer loop
      vertex 75.85 67.6 4.3
      vertex 71.1 67.6 8
      vertex 71.0735 67.6 7.59537
    endloop
  endfacet
  facet normal 0 -1 0
    outer loop
      vertex 75.85 67.6 4.3
      vertex 71.0735 67.6 7.59537
      vertex 70.9944 67.6 7.19766
    endloop
  endfacet
  facet normal 0 -1 0
    outer loop
      vertex 75.85 67.6 4.3
      vertex 70.9944 67.6 7.19766
      vertex 70.864 67.6 6.81368
    endloop
  endfacet
  facet normal 0 -1 0
    outer loop
      vertex 75.85 67.6 4.3
      vertex 70.864 67.6 6.81368
      vertex 70.6847 67.6 6.45
    endloop
  endfacet
  facet normal 0 -1 0
    outer loop
      vertex 75.85 67.6 4.3
      vertex 70.6847 67.6 6.45
      vertex 70.4594 67.6 6.11284
    endloop
  endfacet
  facet normal 0 -1 0
    outer loop
      vertex 75.85 67.6 4.3
      vertex 70.4594 67.6 6.11284
      vertex 70.192 67.6 5.80797
    endloop
  endfacet
  facet normal 0 -1 0
    outer loop
      vertex 75.85 67.6 2.4
      vertex 67.1977 67.6 5.00563
      vertex 14.15 67.6 2.4
    endloop
  endfacet
  facet normal 0 -1 0
    outer loop
      vertex 67.1977 67.6 5.00563
      vertex 75.85 67.6 2.4
      vertex 67.5954 67.6 4.92652
    endloop
  endfacet
  facet normal 0 -1 0
    outer loop
      vertex 75.85 67.6 4.3
      vertex 68.4046 67.6 4.92652
      vertex 68 67.6 4.9
    endloop
  endfacet
  facet normal 0 -1 0
    outer loop
      vertex 75.85 67.6 4.3
      vertex 68.8023 67.6 5.00563
      vertex 68.4046 67.6 4.92652
    endloop
  endfacet
  facet normal 0 -1 0
    outer loop
      vertex 75.85 67.6 4.3
      vertex 69.1863 67.6 5.13597
      vertex 68.8023 67.6 5.00563
    endloop
  endfacet
  facet normal 0 -1 0
    outer loop
      vertex 75.85 67.6 4.3
      vertex 69.55 67.6 5.31532
      vertex 69.1863 67.6 5.13597
    endloop
  endfacet
  facet normal 0 -1 0
    outer loop
      vertex 75.85 67.6 4.3
      vertex 69.8872 67.6 5.5406
      vertex 69.55 67.6 5.31532
    endloop
  endfacet
  facet normal 0 -1 0
    outer loop
      vertex 75.85 67.6 4.3
      vertex 70.192 67.6 5.80797
      vertex 69.8872 67.6 5.5406
    endloop
  endfacet
  facet normal 0 -1 0
    outer loop
      vertex 70.864 67.6 9.18632
      vertex 75.85 67.6 4.3
      vertex 80.15 67.6 4.3
    endloop
  endfacet
  facet normal 0 -1 0
    outer loop
      vertex 70.6847 67.6 9.55
      vertex 80.15 67.6 4.3
      vertex 86.4 67.6 24
    endloop
  endfacet
  facet normal 0 -1 0
    outer loop
      vertex 86.4 67.6 2.4
      vertex 80.15 67.6 4.3
      vertex 80.15 67.6 2.4
    endloop
  endfacet
  facet normal 0 -1 0
    outer loop
      vertex 80.15 67.6 4.3
      vertex 86.4 67.6 2.4
      vertex 86.4 67.6 24
    endloop
  endfacet
  facet normal 0.0656183 -0.997845 0
    outer loop
      vertex 3.44337 67.5897 2.4
      vertex 3.6 67.6 24
      vertex 3.44337 67.5897 24
    endloop
  endfacet
  facet normal 0.0656183 -0.997845 0
    outer loop
      vertex 3.6 67.6 24
      vertex 3.44337 67.5897 2.4
      vertex 3.6 67.6 2.4
    endloop
  endfacet
  facet normal 0.896885 -0.442264 0
    outer loop
      vertex 2.49134 66.8592 24
      vertex 2.56077 67 2.4
      vertex 2.56077 67 24
    endloop
  endfacet
  facet normal 0.896885 -0.442264 0
    outer loop
      vertex 2.56077 67 2.4
      vertex 2.49134 66.8592 24
      vertex 2.49134 66.8592 2.4
    endloop
  endfacet
  facet normal 0.0653646 0.997861 -0
    outer loop
      vertex 3.6 2.4 2.4
      vertex 3.44337 2.41026 24
      vertex 3.6 2.4 24
    endloop
  endfacet
  facet normal 0.0653646 0.997861 0
    outer loop
      vertex 3.44337 2.41026 24
      vertex 3.6 2.4 2.4
      vertex 3.44337 2.41026 2.4
    endloop
  endfacet
  facet normal 0.751787 -0.659406 0
    outer loop
      vertex 2.64797 67.1305 24
      vertex 2.75147 67.2485 2.4
      vertex 2.75147 67.2485 24
    endloop
  endfacet
  facet normal 0.751787 -0.659406 0
    outer loop
      vertex 2.75147 67.2485 2.4
      vertex 2.64797 67.1305 24
      vertex 2.64797 67.1305 2.4
    endloop
  endfacet
  facet normal 0.442314 0.89686 -0
    outer loop
      vertex 3.14078 2.49134 2.4
      vertex 3 2.56077 24
      vertex 3.14078 2.49134 24
    endloop
  endfacet
  facet normal 0.442314 0.89686 0
    outer loop
      vertex 3 2.56077 24
      vertex 3.14078 2.49134 2.4
      vertex 3 2.56077 2.4
    endloop
  endfacet
  facet normal 0.194952 -0.980813 0
    outer loop
      vertex 3.28942 67.5591 2.4
      vertex 3.44337 67.5897 24
      vertex 3.28942 67.5591 24
    endloop
  endfacet
  facet normal 0.194952 -0.980813 0
    outer loop
      vertex 3.44337 67.5897 24
      vertex 3.28942 67.5591 2.4
      vertex 3.44337 67.5897 2.4
    endloop
  endfacet
  facet normal 0.946943 0.321402 0
    outer loop
      vertex 2.49134 3.14078 24
      vertex 2.44089 3.28942 2.4
      vertex 2.44089 3.28942 24
    endloop
  endfacet
  facet normal 0.946943 0.321402 0
    outer loop
      vertex 2.44089 3.28942 2.4
      vertex 2.49134 3.14078 24
      vertex 2.49134 3.14078 2.4
    endloop
  endfacet
  facet normal -0.947013 -0.321194 0
    outer loop
      vertex 87.5591 66.7106 2.4
      vertex 87.5087 66.8592 24
      vertex 87.5087 66.8592 2.4
    endloop
  endfacet
  facet normal -0.947013 -0.321194 0
    outer loop
      vertex 87.5087 66.8592 24
      vertex 87.5591 66.7106 2.4
      vertex 87.5591 66.7106 24
    endloop
  endfacet
  facet normal -0.195075 0.980788 0
    outer loop
      vertex 86.7106 2.44089 2.4
      vertex 86.5566 2.41026 24
      vertex 86.7106 2.44089 24
    endloop
  endfacet
  facet normal -0.195075 0.980788 0
    outer loop
      vertex 86.5566 2.41026 24
      vertex 86.7106 2.44089 2.4
      vertex 86.5566 2.41026 2.4
    endloop
  endfacet
  facet normal -0.0653771 0.997861 0
    outer loop
      vertex 86.5566 2.41026 2.4
      vertex 86.4 2.4 24
      vertex 86.5566 2.41026 24
    endloop
  endfacet
  facet normal -0.0653771 0.997861 0
    outer loop
      vertex 86.4 2.4 24
      vertex 86.5566 2.41026 2.4
      vertex 86.4 2.4 2.4
    endloop
  endfacet
  facet normal 0.831481 0.555553 0
    outer loop
      vertex 2.64797 2.86949 24
      vertex 2.56077 3 2.4
      vertex 2.56077 3 24
    endloop
  endfacet
  facet normal 0.831481 0.555553 0
    outer loop
      vertex 2.56077 3 2.4
      vertex 2.64797 2.86949 24
      vertex 2.64797 2.86949 2.4
    endloop
  endfacet
  facet normal -1 0 0
    outer loop
      vertex 87.6 3.6 2.4
      vertex 87.6 66.4 24
      vertex 87.6 66.4 2.4
    endloop
  endfacet
  facet normal -1 -0 0
    outer loop
      vertex 87.6 66.4 24
      vertex 87.6 3.6 2.4
      vertex 87.6 3.6 24
    endloop
  endfacet
  facet normal 0.946916 -0.32148 0
    outer loop
      vertex 2.44089 66.7106 24
      vertex 2.49134 66.8592 2.4
      vertex 2.49134 66.8592 24
    endloop
  endfacet
  facet normal 0.946916 -0.32148 0
    outer loop
      vertex 2.49134 66.8592 2.4
      vertex 2.44089 66.7106 24
      vertex 2.44089 66.7106 2.4
    endloop
  endfacet
  facet normal 0.442673 -0.896683 0
    outer loop
      vertex 3 67.4392 2.4
      vertex 3.14078 67.5087 24
      vertex 3 67.4392 24
    endloop
  endfacet
  facet normal 0.442673 -0.896683 0
    outer loop
      vertex 3.14078 67.5087 24
      vertex 3 67.4392 2.4
      vertex 3.14078 67.5087 2.4
    endloop
  endfacet
  facet normal 0.555553 0.831481 -0
    outer loop
      vertex 3 2.56077 2.4
      vertex 2.86949 2.64797 24
      vertex 3 2.56077 24
    endloop
  endfacet
  facet normal 0.555553 0.831481 0
    outer loop
      vertex 2.86949 2.64797 24
      vertex 3 2.56077 2.4
      vertex 2.86949 2.64797 2.4
    endloop
  endfacet
  facet normal 0.321117 -0.94704 0
    outer loop
      vertex 3.14078 67.5087 2.4
      vertex 3.28942 67.5591 24
      vertex 3.14078 67.5087 24
    endloop
  endfacet
  facet normal 0.321117 -0.94704 0
    outer loop
      vertex 3.28942 67.5591 24
      vertex 3.14078 67.5087 2.4
      vertex 3.28942 67.5591 2.4
    endloop
  endfacet
  facet normal 0.997861 0.0653646 0
    outer loop
      vertex 2.41026 3.44337 24
      vertex 2.4 3.6 2.4
      vertex 2.4 3.6 24
    endloop
  endfacet
  facet normal 0.997861 0.0653646 0
    outer loop
      vertex 2.4 3.6 2.4
      vertex 2.41026 3.44337 24
      vertex 2.41026 3.44337 2.4
    endloop
  endfacet
  facet normal 0.751842 0.659343 0
    outer loop
      vertex 2.75147 2.75147 24
      vertex 2.64797 2.86949 2.4
      vertex 2.64797 2.86949 24
    endloop
  endfacet
  facet normal 0.751842 0.659343 0
    outer loop
      vertex 2.64797 2.86949 2.4
      vertex 2.75147 2.75147 24
      vertex 2.75147 2.75147 2.4
    endloop
  endfacet
  facet normal -0.980825 -0.194891 0
    outer loop
      vertex 87.5897 66.5566 2.4
      vertex 87.5591 66.7106 24
      vertex 87.5591 66.7106 2.4
    endloop
  endfacet
  facet normal -0.980825 -0.194891 0
    outer loop
      vertex 87.5591 66.7106 24
      vertex 87.5897 66.5566 2.4
      vertex 87.5897 66.5566 24
    endloop
  endfacet
  facet normal -0.997845 0.0656183 0
    outer loop
      vertex 87.5897 3.44337 2.4
      vertex 87.6 3.6 24
      vertex 87.6 3.6 2.4
    endloop
  endfacet
  facet normal -0.997845 0.0656183 0
    outer loop
      vertex 87.6 3.6 24
      vertex 87.5897 3.44337 2.4
      vertex 87.5897 3.44337 24
    endloop
  endfacet
  facet normal 0.980776 0.195136 0
    outer loop
      vertex 2.44089 3.28942 24
      vertex 2.41026 3.44337 2.4
      vertex 2.41026 3.44337 24
    endloop
  endfacet
  facet normal 0.980776 0.195136 0
    outer loop
      vertex 2.41026 3.44337 2.4
      vertex 2.44089 3.28942 24
      vertex 2.44089 3.28942 2.4
    endloop
  endfacet
  facet normal -0.980813 0.194952 0
    outer loop
      vertex 87.5591 3.28942 2.4
      vertex 87.5897 3.44337 24
      vertex 87.5897 3.44337 2.4
    endloop
  endfacet
  facet normal -0.980813 0.194952 0
    outer loop
      vertex 87.5897 3.44337 24
      vertex 87.5591 3.28942 2.4
      vertex 87.5591 3.28942 24
    endloop
  endfacet
  facet normal 0.659343 -0.751842 0
    outer loop
      vertex 2.75147 67.2485 2.4
      vertex 2.86949 67.352 24
      vertex 2.75147 67.2485 24
    endloop
  endfacet
  facet normal 0.659343 -0.751842 0
    outer loop
      vertex 2.86949 67.352 24
      vertex 2.75147 67.2485 2.4
      vertex 2.86949 67.352 2.4
    endloop
  endfacet
  facet normal -0.659406 0.751787 0
    outer loop
      vertex 87.2485 2.75147 2.4
      vertex 87.1305 2.64797 24
      vertex 87.2485 2.75147 24
    endloop
  endfacet
  facet normal -0.659406 0.751787 0
    outer loop
      vertex 87.1305 2.64797 24
      vertex 87.2485 2.75147 2.4
      vertex 87.1305 2.64797 2.4
    endloop
  endfacet
  facet normal -0.896708 -0.442622 0
    outer loop
      vertex 87.5087 66.8592 2.4
      vertex 87.4392 67 24
      vertex 87.4392 67 2.4
    endloop
  endfacet
  facet normal -0.896708 -0.442622 0
    outer loop
      vertex 87.4392 67 24
      vertex 87.5087 66.8592 2.4
      vertex 87.5087 66.8592 24
    endloop
  endfacet
  facet normal 0.997861 -0.0653771 0
    outer loop
      vertex 2.4 66.4 24
      vertex 2.41026 66.5566 2.4
      vertex 2.41026 66.5566 24
    endloop
  endfacet
  facet normal 0.997861 -0.0653771 0
    outer loop
      vertex 2.41026 66.5566 2.4
      vertex 2.4 66.4 24
      vertex 2.4 66.4 2.4
    endloop
  endfacet
  facet normal -0.751787 -0.659406 0
    outer loop
      vertex 87.352 67.1305 2.4
      vertex 87.2485 67.2485 24
      vertex 87.2485 67.2485 2.4
    endloop
  endfacet
  facet normal -0.751787 -0.659406 0
    outer loop
      vertex 87.2485 67.2485 24
      vertex 87.352 67.1305 2.4
      vertex 87.352 67.1305 24
    endloop
  endfacet
  facet normal -0.321194 -0.947013 0
    outer loop
      vertex 86.7106 67.5591 2.4
      vertex 86.8592 67.5087 24
      vertex 86.7106 67.5591 24
    endloop
  endfacet
  facet normal -0.321194 -0.947013 -0
    outer loop
      vertex 86.8592 67.5087 24
      vertex 86.7106 67.5591 2.4
      vertex 86.8592 67.5087 2.4
    endloop
  endfacet
  facet normal 0.89686 0.442314 0
    outer loop
      vertex 2.56077 3 24
      vertex 2.49134 3.14078 2.4
      vertex 2.49134 3.14078 24
    endloop
  endfacet
  facet normal 0.89686 0.442314 0
    outer loop
      vertex 2.49134 3.14078 2.4
      vertex 2.56077 3 24
      vertex 2.56077 3 2.4
    endloop
  endfacet
  facet normal 0.831462 -0.555582 0
    outer loop
      vertex 2.56077 67 24
      vertex 2.64797 67.1305 2.4
      vertex 2.64797 67.1305 24
    endloop
  endfacet
  facet normal 0.831462 -0.555582 0
    outer loop
      vertex 2.64797 67.1305 2.4
      vertex 2.56077 67 24
      vertex 2.56077 67 2.4
    endloop
  endfacet
  facet normal -0.751842 0.659343 0
    outer loop
      vertex 87.2485 2.75147 2.4
      vertex 87.352 2.86949 24
      vertex 87.352 2.86949 2.4
    endloop
  endfacet
  facet normal -0.751842 0.659343 0
    outer loop
      vertex 87.352 2.86949 24
      vertex 87.2485 2.75147 2.4
      vertex 87.2485 2.75147 24
    endloop
  endfacet
  facet normal 0.555553 -0.831481 0
    outer loop
      vertex 2.86949 67.352 2.4
      vertex 3 67.4392 24
      vertex 2.86949 67.352 24
    endloop
  endfacet
  facet normal 0.555553 -0.831481 0
    outer loop
      vertex 3 67.4392 24
      vertex 2.86949 67.352 2.4
      vertex 3 67.4392 2.4
    endloop
  endfacet
  facet normal -0.831481 0.555553 0
    outer loop
      vertex 87.352 2.86949 2.4
      vertex 87.4392 3 24
      vertex 87.4392 3 2.4
    endloop
  endfacet
  facet normal -0.831481 0.555553 0
    outer loop
      vertex 87.4392 3 24
      vertex 87.352 2.86949 2.4
      vertex 87.352 2.86949 24
    endloop
  endfacet
  facet normal 0.659343 0.751842 -0
    outer loop
      vertex 2.86949 2.64797 2.4
      vertex 2.75147 2.75147 24
      vertex 2.86949 2.64797 24
    endloop
  endfacet
  facet normal 0.659343 0.751842 0
    outer loop
      vertex 2.75147 2.75147 24
      vertex 2.86949 2.64797 2.4
      vertex 2.75147 2.75147 2.4
    endloop
  endfacet
  facet normal 0.980788 -0.195075 0
    outer loop
      vertex 2.41026 66.5566 24
      vertex 2.44089 66.7106 2.4
      vertex 2.44089 66.7106 24
    endloop
  endfacet
  facet normal 0.980788 -0.195075 0
    outer loop
      vertex 2.44089 66.7106 2.4
      vertex 2.41026 66.5566 24
      vertex 2.41026 66.5566 2.4
    endloop
  endfacet
  facet normal -0.831462 -0.555582 0
    outer loop
      vertex 87.4392 67 2.4
      vertex 87.352 67.1305 24
      vertex 87.352 67.1305 2.4
    endloop
  endfacet
  facet normal -0.831462 -0.555582 0
    outer loop
      vertex 87.352 67.1305 24
      vertex 87.4392 67 2.4
      vertex 87.4392 67 24
    endloop
  endfacet
  facet normal -0.555582 0.831462 0
    outer loop
      vertex 87.1305 2.64797 2.4
      vertex 87 2.56077 24
      vertex 87.1305 2.64797 24
    endloop
  endfacet
  facet normal -0.555582 0.831462 0
    outer loop
      vertex 87 2.56077 24
      vertex 87.1305 2.64797 2.4
      vertex 87 2.56077 2.4
    endloop
  endfacet
  facet normal 0 0 -1
    outer loop
      vertex 0 29 12.4
      vertex 2.4 41 12.4
      vertex 2.4 29 12.4
    endloop
  endfacet
  facet normal -0 0 -1
    outer loop
      vertex 2.4 41 12.4
      vertex 0 29 12.4
      vertex 0 41 12.4
    endloop
  endfacet
  facet normal -0 0 1
    outer loop
      vertex 0 41 4.4
      vertex 2.4 29 4.4
      vertex 2.4 41 4.4
    endloop
  endfacet
  facet normal 0 0 1
    outer loop
      vertex 2.4 29 4.4
      vertex 0 41 4.4
      vertex 0 29 4.4
    endloop
  endfacet
  facet normal 0 -1 0
    outer loop
      vertex 0 41 4.4
      vertex 2.4 41 12.4
      vertex 0 41 12.4
    endloop
  endfacet
  facet normal 0 -1 -0
    outer loop
      vertex 2.4 41 12.4
      vertex 0 41 4.4
      vertex 2.4 41 4.4
    endloop
  endfacet
  facet normal 0 1 -0
    outer loop
      vertex 2.4 29 4.4
      vertex 0 29 12.4
      vertex 2.4 29 12.4
    endloop
  endfacet
  facet normal 0 1 0
    outer loop
      vertex 0 29 12.4
      vertex 2.4 29 4.4
      vertex 0 29 4.4
    endloop
  endfacet
  facet normal 0.896919 0 -0.442195
    outer loop
      vertex 65.3153 67.6 9.55
      vertex 65.136 70 9.18632
      vertex 65.3153 70 9.55
    endloop
  endfacet
  facet normal 0.896919 0 -0.442195
    outer loop
      vertex 65.136 70 9.18632
      vertex 65.3153 67.6 9.55
      vertex 65.136 67.6 9.18632
    endloop
  endfacet
  facet normal -0.442176 0 -0.896928
    outer loop
      vertex 69.1863 67.6 10.864
      vertex 69.55 70 10.6847
      vertex 69.55 67.6 10.6847
    endloop
  endfacet
  facet normal -0.442176 0 -0.896928
    outer loop
      vertex 69.55 70 10.6847
      vertex 69.1863 67.6 10.864
      vertex 69.1863 70 10.864
    endloop
  endfacet
  facet normal -0.98079 0 0.195068
    outer loop
      vertex 70.9944 67.6 7.19766
      vertex 71.0735 70 7.59537
      vertex 70.9944 70 7.19766
    endloop
  endfacet
  facet normal -0.98079 0 0.195068
    outer loop
      vertex 71.0735 70 7.59537
      vertex 70.9944 67.6 7.19766
      vertex 71.0735 67.6 7.59537
    endloop
  endfacet
  facet normal -0.997862 0 0.0653519
    outer loop
      vertex 71.0735 67.6 7.59537
      vertex 71.1 70 8
      vertex 71.0735 70 7.59537
    endloop
  endfacet
  facet normal -0.997862 0 0.0653519
    outer loop
      vertex 71.1 70 8
      vertex 71.0735 67.6 7.59537
      vertex 71.1 67.6 8
    endloop
  endfacet
  facet normal -0.946888 0 0.321564
    outer loop
      vertex 70.864 67.6 6.81368
      vertex 70.9944 70 7.19766
      vertex 70.864 70 6.81368
    endloop
  endfacet
  facet normal -0.946888 0 0.321564
    outer loop
      vertex 70.9944 70 7.19766
      vertex 70.864 67.6 6.81368
      vertex 70.9944 67.6 7.19766
    endloop
  endfacet
  facet normal -0.751763 0 -0.659433
    outer loop
      vertex 70.4594 67.6 9.88716
      vertex 70.192 70 10.192
      vertex 70.4594 70 9.88716
    endloop
  endfacet
  facet normal -0.751763 -0 -0.659433
    outer loop
      vertex 70.192 70 10.192
      vertex 70.4594 67.6 9.88716
      vertex 70.192 67.6 10.192
    endloop
  endfacet
  facet normal -0.321416 0 0.946938
    outer loop
      vertex 68.8023 70 5.00563
      vertex 69.1863 67.6 5.13597
      vertex 69.1863 70 5.13597
    endloop
  endfacet
  facet normal -0.321416 0 0.946938
    outer loop
      vertex 69.1863 67.6 5.13597
      vertex 68.8023 70 5.00563
      vertex 68.8023 67.6 5.00563
    endloop
  endfacet
  facet normal -0.555519 0 0.831504
    outer loop
      vertex 69.55 70 5.31532
      vertex 69.8872 67.6 5.5406
      vertex 69.8872 70 5.5406
    endloop
  endfacet
  facet normal -0.555519 0 0.831504
    outer loop
      vertex 69.8872 67.6 5.5406
      vertex 69.55 70 5.31532
      vertex 69.55 67.6 5.31532
    endloop
  endfacet
  facet normal -0.896919 0 -0.442195
    outer loop
      vertex 70.864 67.6 9.18632
      vertex 70.6847 70 9.55
      vertex 70.864 70 9.18632
    endloop
  endfacet
  facet normal -0.896919 -0 -0.442195
    outer loop
      vertex 70.6847 70 9.55
      vertex 70.864 67.6 9.18632
      vertex 70.6847 67.6 9.55
    endloop
  endfacet
  facet normal -0.321549 0 -0.946893
    outer loop
      vertex 68.8023 67.6 10.9944
      vertex 69.1863 70 10.864
      vertex 69.1863 67.6 10.864
    endloop
  endfacet
  facet normal -0.321549 0 -0.946893
    outer loop
      vertex 69.1863 70 10.864
      vertex 68.8023 67.6 10.9944
      vertex 68.8023 70 10.9944
    endloop
  endfacet
  facet normal -0.896919 0 0.442195
    outer loop
      vertex 70.6847 67.6 6.45
      vertex 70.864 70 6.81368
      vertex 70.6847 70 6.45
    endloop
  endfacet
  facet normal -0.896919 0 0.442195
    outer loop
      vertex 70.864 70 6.81368
      vertex 70.6847 67.6 6.45
      vertex 70.864 67.6 6.81368
    endloop
  endfacet
  facet normal 0.195096 0 0.980784
    outer loop
      vertex 67.1977 70 5.00563
      vertex 67.5954 67.6 4.92652
      vertex 67.5954 70 4.92652
    endloop
  endfacet
  facet normal 0.195096 0 0.980784
    outer loop
      vertex 67.5954 67.6 4.92652
      vertex 67.1977 70 5.00563
      vertex 67.1977 67.6 5.00563
    endloop
  endfacet
  facet normal 0.0653568 0 -0.997862
    outer loop
      vertex 67.5954 67.6 11.0735
      vertex 68 70 11.1
      vertex 68 67.6 11.1
    endloop
  endfacet
  facet normal 0.0653568 0 -0.997862
    outer loop
      vertex 68 70 11.1
      vertex 67.5954 67.6 11.0735
      vertex 67.5954 70 11.0735
    endloop
  endfacet
  facet normal 0.555519 0 0.831504
    outer loop
      vertex 66.1128 70 5.5406
      vertex 66.45 67.6 5.31532
      vertex 66.45 70 5.31532
    endloop
  endfacet
  facet normal 0.555519 0 0.831504
    outer loop
      vertex 66.45 67.6 5.31532
      vertex 66.1128 70 5.5406
      vertex 66.1128 67.6 5.5406
    endloop
  endfacet
  facet normal 0.321549 0 -0.946893
    outer loop
      vertex 66.8137 67.6 10.864
      vertex 67.1977 70 10.9944
      vertex 67.1977 67.6 10.9944
    endloop
  endfacet
  facet normal 0.321549 0 -0.946893
    outer loop
      vertex 67.1977 70 10.9944
      vertex 66.8137 67.6 10.864
      vertex 66.8137 70 10.864
    endloop
  endfacet
  facet normal -0.946888 0 -0.321564
    outer loop
      vertex 70.9944 67.6 8.80234
      vertex 70.864 70 9.18632
      vertex 70.9944 70 8.80234
    endloop
  endfacet
  facet normal -0.946888 -0 -0.321564
    outer loop
      vertex 70.864 70 9.18632
      vertex 70.9944 67.6 8.80234
      vertex 70.864 67.6 9.18632
    endloop
  endfacet
  facet normal 0.83145 0 -0.555599
    outer loop
      vertex 65.5406 67.6 9.88716
      vertex 65.3153 70 9.55
      vertex 65.5406 70 9.88716
    endloop
  endfacet
  facet normal 0.83145 0 -0.555599
    outer loop
      vertex 65.3153 70 9.55
      vertex 65.5406 67.6 9.88716
      vertex 65.3153 67.6 9.55
    endloop
  endfacet
  facet normal 0.659482 0 -0.751721
    outer loop
      vertex 65.808 67.6 10.192
      vertex 66.1128 70 10.4594
      vertex 66.1128 67.6 10.4594
    endloop
  endfacet
  facet normal 0.659482 0 -0.751721
    outer loop
      vertex 66.1128 70 10.4594
      vertex 65.808 67.6 10.192
      vertex 65.808 70 10.192
    endloop
  endfacet
  facet normal 0.65944 0 0.751757
    outer loop
      vertex 65.808 70 5.80797
      vertex 66.1128 67.6 5.5406
      vertex 66.1128 70 5.5406
    endloop
  endfacet
  facet normal 0.65944 0 0.751757
    outer loop
      vertex 66.1128 67.6 5.5406
      vertex 65.808 70 5.80797
      vertex 65.808 67.6 5.80797
    endloop
  endfacet
  facet normal 0.946888 -0 0.321564
    outer loop
      vertex 65.0056 67.6 7.19766
      vertex 65.136 70 6.81368
      vertex 65.0056 70 7.19766
    endloop
  endfacet
  facet normal 0.946888 0 0.321564
    outer loop
      vertex 65.136 70 6.81368
      vertex 65.0056 67.6 7.19766
      vertex 65.136 67.6 6.81368
    endloop
  endfacet
  facet normal 0.442275 0 0.89688
    outer loop
      vertex 66.45 70 5.31532
      vertex 66.8137 67.6 5.13597
      vertex 66.8137 70 5.13597
    endloop
  endfacet
  facet normal 0.442275 0 0.89688
    outer loop
      vertex 66.8137 67.6 5.13597
      vertex 66.45 70 5.31532
      vertex 66.45 67.6 5.31532
    endloop
  endfacet
  facet normal 0.98079 -0 0.195068
    outer loop
      vertex 64.9265 67.6 7.59537
      vertex 65.0056 70 7.19766
      vertex 64.9265 70 7.59537
    endloop
  endfacet
  facet normal 0.98079 0 0.195068
    outer loop
      vertex 65.0056 70 7.19766
      vertex 64.9265 67.6 7.59537
      vertex 65.0056 67.6 7.19766
    endloop
  endfacet
  facet normal 0.321416 0 0.946938
    outer loop
      vertex 66.8137 70 5.13597
      vertex 67.1977 67.6 5.00563
      vertex 67.1977 70 5.00563
    endloop
  endfacet
  facet normal 0.321416 0 0.946938
    outer loop
      vertex 67.1977 67.6 5.00563
      vertex 66.8137 70 5.13597
      vertex 66.8137 67.6 5.13597
    endloop
  endfacet
  facet normal -0.659482 0 -0.751721
    outer loop
      vertex 69.8872 67.6 10.4594
      vertex 70.192 70 10.192
      vertex 70.192 67.6 10.192
    endloop
  endfacet
  facet normal -0.659482 0 -0.751721
    outer loop
      vertex 70.192 70 10.192
      vertex 69.8872 67.6 10.4594
      vertex 69.8872 70 10.4594
    endloop
  endfacet
  facet normal -0.0654059 0 0.997859
    outer loop
      vertex 68 70 4.9
      vertex 68.4046 67.6 4.92652
      vertex 68.4046 70 4.92652
    endloop
  endfacet
  facet normal -0.0654059 0 0.997859
    outer loop
      vertex 68.4046 67.6 4.92652
      vertex 68 70 4.9
      vertex 68 67.6 4.9
    endloop
  endfacet
  facet normal -0.83145 0 0.555599
    outer loop
      vertex 70.4594 67.6 6.11284
      vertex 70.6847 70 6.45
      vertex 70.4594 70 6.11284
    endloop
  endfacet
  facet normal -0.83145 0 0.555599
    outer loop
      vertex 70.6847 70 6.45
      vertex 70.4594 67.6 6.11284
      vertex 70.6847 67.6 6.45
    endloop
  endfacet
  facet normal -0.195073 0 -0.980789
    outer loop
      vertex 68.4046 67.6 11.0735
      vertex 68.8023 70 10.9944
      vertex 68.8023 67.6 10.9944
    endloop
  endfacet
  facet normal -0.195073 0 -0.980789
    outer loop
      vertex 68.8023 70 10.9944
      vertex 68.4046 67.6 11.0735
      vertex 68.4046 70 11.0735
    endloop
  endfacet
  facet normal 0.98079 0 -0.195068
    outer loop
      vertex 65.0056 67.6 8.80234
      vertex 64.9265 70 8.40463
      vertex 65.0056 70 8.80234
    endloop
  endfacet
  facet normal 0.98079 0 -0.195068
    outer loop
      vertex 64.9265 70 8.40463
      vertex 65.0056 67.6 8.80234
      vertex 64.9265 67.6 8.40463
    endloop
  endfacet
  facet normal 0.751796 -0 0.659396
    outer loop
      vertex 65.5406 67.6 6.11284
      vertex 65.808 70 5.80797
      vertex 65.5406 70 6.11284
    endloop
  endfacet
  facet normal 0.751796 0 0.659396
    outer loop
      vertex 65.808 70 5.80797
      vertex 65.5406 67.6 6.11284
      vertex 65.808 67.6 5.80797
    endloop
  endfacet
  facet normal -0.65944 0 0.751757
    outer loop
      vertex 69.8872 70 5.5406
      vertex 70.192 67.6 5.80797
      vertex 70.192 70 5.80797
    endloop
  endfacet
  facet normal -0.65944 0 0.751757
    outer loop
      vertex 70.192 67.6 5.80797
      vertex 69.8872 70 5.5406
      vertex 69.8872 67.6 5.5406
    endloop
  endfacet
  facet normal -0.997862 0 -0.0653519
    outer loop
      vertex 71.1 67.6 8
      vertex 71.0735 70 8.40463
      vertex 71.1 70 8
    endloop
  endfacet
  facet normal -0.997862 -0 -0.0653519
    outer loop
      vertex 71.0735 70 8.40463
      vertex 71.1 67.6 8
      vertex 71.0735 67.6 8.40463
    endloop
  endfacet
  facet normal -0.98079 0 -0.195068
    outer loop
      vertex 71.0735 67.6 8.40463
      vertex 70.9944 70 8.80234
      vertex 71.0735 70 8.40463
    endloop
  endfacet
  facet normal -0.98079 -0 -0.195068
    outer loop
      vertex 70.9944 70 8.80234
      vertex 71.0735 67.6 8.40463
      vertex 70.9944 67.6 8.80234
    endloop
  endfacet
  facet normal -0.555553 0 -0.831481
    outer loop
      vertex 69.55 67.6 10.6847
      vertex 69.8872 70 10.4594
      vertex 69.8872 67.6 10.4594
    endloop
  endfacet
  facet normal -0.555553 0 -0.831481
    outer loop
      vertex 69.8872 70 10.4594
      vertex 69.55 67.6 10.6847
      vertex 69.55 70 10.6847
    endloop
  endfacet
  facet normal -0.195096 0 0.980784
    outer loop
      vertex 68.4046 70 4.92652
      vertex 68.8023 67.6 5.00563
      vertex 68.8023 70 5.00563
    endloop
  endfacet
  facet normal -0.195096 0 0.980784
    outer loop
      vertex 68.8023 67.6 5.00563
      vertex 68.4046 70 4.92652
      vertex 68.4046 67.6 4.92652
    endloop
  endfacet
  facet normal -0.751796 0 0.659396
    outer loop
      vertex 70.192 67.6 5.80797
      vertex 70.4594 70 6.11284
      vertex 70.192 70 5.80797
    endloop
  endfacet
  facet normal -0.751796 0 0.659396
    outer loop
      vertex 70.4594 70 6.11284
      vertex 70.192 67.6 5.80797
      vertex 70.4594 67.6 6.11284
    endloop
  endfacet
  facet normal -0.442275 0 0.89688
    outer loop
      vertex 69.1863 70 5.13597
      vertex 69.55 67.6 5.31532
      vertex 69.55 70 5.31532
    endloop
  endfacet
  facet normal -0.442275 0 0.89688
    outer loop
      vertex 69.55 67.6 5.31532
      vertex 69.1863 70 5.13597
      vertex 69.1863 67.6 5.13597
    endloop
  endfacet
  facet normal 0.997862 0 -0.0653519
    outer loop
      vertex 64.9265 67.6 8.40463
      vertex 64.9 70 8
      vertex 64.9265 70 8.40463
    endloop
  endfacet
  facet normal 0.997862 0 -0.0653519
    outer loop
      vertex 64.9 70 8
      vertex 64.9265 67.6 8.40463
      vertex 64.9 67.6 8
    endloop
  endfacet
  facet normal -0.83145 0 -0.555599
    outer loop
      vertex 70.6847 67.6 9.55
      vertex 70.4594 70 9.88716
      vertex 70.6847 70 9.55
    endloop
  endfacet
  facet normal -0.83145 -0 -0.555599
    outer loop
      vertex 70.4594 70 9.88716
      vertex 70.6847 67.6 9.55
      vertex 70.4594 67.6 9.88716
    endloop
  endfacet
  facet normal 0.751763 0 -0.659433
    outer loop
      vertex 65.808 67.6 10.192
      vertex 65.5406 70 9.88716
      vertex 65.808 70 10.192
    endloop
  endfacet
  facet normal 0.751763 0 -0.659433
    outer loop
      vertex 65.5406 70 9.88716
      vertex 65.808 67.6 10.192
      vertex 65.5406 67.6 9.88716
    endloop
  endfacet
  facet normal 0.997862 -0 0.0653519
    outer loop
      vertex 64.9 67.6 8
      vertex 64.9265 70 7.59537
      vertex 64.9 70 8
    endloop
  endfacet
  facet normal 0.997862 0 0.0653519
    outer loop
      vertex 64.9265 70 7.59537
      vertex 64.9 67.6 8
      vertex 64.9265 67.6 7.59537
    endloop
  endfacet
  facet normal 0.442176 0 -0.896928
    outer loop
      vertex 66.45 67.6 10.6847
      vertex 66.8137 70 10.864
      vertex 66.8137 67.6 10.864
    endloop
  endfacet
  facet normal 0.442176 0 -0.896928
    outer loop
      vertex 66.8137 70 10.864
      vertex 66.45 67.6 10.6847
      vertex 66.45 70 10.6847
    endloop
  endfacet
  facet normal 0.946888 0 -0.321564
    outer loop
      vertex 65.136 67.6 9.18632
      vertex 65.0056 70 8.80234
      vertex 65.136 70 9.18632
    endloop
  endfacet
  facet normal 0.946888 0 -0.321564
    outer loop
      vertex 65.0056 70 8.80234
      vertex 65.136 67.6 9.18632
      vertex 65.0056 67.6 8.80234
    endloop
  endfacet
  facet normal 0.195073 0 -0.980789
    outer loop
      vertex 67.1977 67.6 10.9944
      vertex 67.5954 70 11.0735
      vertex 67.5954 67.6 11.0735
    endloop
  endfacet
  facet normal 0.195073 0 -0.980789
    outer loop
      vertex 67.5954 70 11.0735
      vertex 67.1977 67.6 10.9944
      vertex 67.1977 70 10.9944
    endloop
  endfacet
  facet normal -0.0653568 0 -0.997862
    outer loop
      vertex 68 67.6 11.1
      vertex 68.4046 70 11.0735
      vertex 68.4046 67.6 11.0735
    endloop
  endfacet
  facet normal -0.0653568 0 -0.997862
    outer loop
      vertex 68.4046 70 11.0735
      vertex 68 67.6 11.1
      vertex 68 70 11.1
    endloop
  endfacet
  facet normal 0.0654059 0 0.997859
    outer loop
      vertex 67.5954 70 4.92652
      vertex 68 67.6 4.9
      vertex 68 70 4.9
    endloop
  endfacet
  facet normal 0.0654059 0 0.997859
    outer loop
      vertex 68 67.6 4.9
      vertex 67.5954 70 4.92652
      vertex 67.5954 67.6 4.92652
    endloop
  endfacet
  facet normal 0.896919 -0 0.442195
    outer loop
      vertex 65.136 67.6 6.81368
      vertex 65.3153 70 6.45
      vertex 65.136 70 6.81368
    endloop
  endfacet
  facet normal 0.896919 0 0.442195
    outer loop
      vertex 65.3153 70 6.45
      vertex 65.136 67.6 6.81368
      vertex 65.3153 67.6 6.45
    endloop
  endfacet
  facet normal 0.83145 -0 0.555599
    outer loop
      vertex 65.3153 67.6 6.45
      vertex 65.5406 70 6.11284
      vertex 65.3153 70 6.45
    endloop
  endfacet
  facet normal 0.83145 0 0.555599
    outer loop
      vertex 65.5406 70 6.11284
      vertex 65.3153 67.6 6.45
      vertex 65.5406 67.6 6.11284
    endloop
  endfacet
  facet normal 0.555553 0 -0.831481
    outer loop
      vertex 66.1128 67.6 10.4594
      vertex 66.45 70 10.6847
      vertex 66.45 67.6 10.6847
    endloop
  endfacet
  facet normal 0.555553 0 -0.831481
    outer loop
      vertex 66.45 70 10.6847
      vertex 66.1128 67.6 10.4594
      vertex 66.1128 70 10.4594
    endloop
  endfacet
  facet normal -0.98079 -0.195065 0
    outer loop
      vertex 81.6359 8.61537 0
      vertex 81.5938 8.82705 2.4
      vertex 81.5938 8.82705 0
    endloop
  endfacet
  facet normal -0.98079 -0.195065 0
    outer loop
      vertex 81.5938 8.82705 2.4
      vertex 81.6359 8.61537 0
      vertex 81.6359 8.61537 2.4
    endloop
  endfacet
  facet normal -0.997864 -0.0653289 0
    outer loop
      vertex 81.65 8.4 0
      vertex 81.6359 8.61537 2.4
      vertex 81.6359 8.61537 0
    endloop
  endfacet
  facet normal -0.997864 -0.0653289 0
    outer loop
      vertex 81.6359 8.61537 2.4
      vertex 81.65 8.4 0
      vertex 81.65 8.4 2.4
    endloop
  endfacet
  facet normal -0.946899 -0.321532 0
    outer loop
      vertex 81.5938 8.82705 0
      vertex 81.5244 9.03143 2.4
      vertex 81.5244 9.03143 0
    endloop
  endfacet
  facet normal -0.946899 -0.321532 0
    outer loop
      vertex 81.5244 9.03143 2.4
      vertex 81.5938 8.82705 0
      vertex 81.5938 8.82705 2.4
    endloop
  endfacet
  facet normal -0.0656076 -0.997846 0
    outer loop
      vertex 80.15 10.0402 0
      vertex 80.2154 10.0359 2.4
      vertex 80.15 10.0402 2.4
    endloop
  endfacet
  facet normal -0.0656076 -0.997846 -0
    outer loop
      vertex 80.2154 10.0359 2.4
      vertex 80.15 10.0402 0
      vertex 80.2154 10.0359 0
    endloop
  endfacet
  facet normal -0.321421 0.946936 0
    outer loop
      vertex 80.6314 6.8756 0
      vertex 80.427 6.80622 2.4
      vertex 80.6314 6.8756 2.4
    endloop
  endfacet
  facet normal -0.321421 0.946936 0
    outer loop
      vertex 80.427 6.80622 2.4
      vertex 80.6314 6.8756 0
      vertex 80.427 6.80622 0
    endloop
  endfacet
  facet normal -0.946899 0.321532 0
    outer loop
      vertex 81.5244 7.76857 0
      vertex 81.5938 7.97295 2.4
      vertex 81.5938 7.97295 0
    endloop
  endfacet
  facet normal -0.946899 0.321532 0
    outer loop
      vertex 81.5938 7.97295 2.4
      vertex 81.5244 7.76857 0
      vertex 81.5244 7.76857 2.4
    endloop
  endfacet
  facet normal -0.896796 -0.442445 0
    outer loop
      vertex 81.5244 9.03143 0
      vertex 81.4289 9.225 2.4
      vertex 81.4289 9.225 0
    endloop
  endfacet
  facet normal -0.896796 -0.442445 0
    outer loop
      vertex 81.4289 9.225 2.4
      vertex 81.5244 9.03143 0
      vertex 81.5244 9.03143 2.4
    endloop
  endfacet
  facet normal -0.659488 0.751715 0
    outer loop
      vertex 81.1667 7.23327 0
      vertex 81.0045 7.09097 2.4
      vertex 81.1667 7.23327 2.4
    endloop
  endfacet
  facet normal -0.659488 0.751715 0
    outer loop
      vertex 81.0045 7.09097 2.4
      vertex 81.1667 7.23327 0
      vertex 81.0045 7.09097 0
    endloop
  endfacet
  facet normal -0.0654557 0.997855 0
    outer loop
      vertex 80.2154 6.76412 0
      vertex 80.15 6.75983 2.4
      vertex 80.2154 6.76412 2.4
    endloop
  endfacet
  facet normal -0.0654557 0.997855 0
    outer loop
      vertex 80.15 6.75983 2.4
      vertex 80.2154 6.76412 0
      vertex 80.15 6.75983 0
    endloop
  endfacet
  facet normal -0.195136 0.980776 0
    outer loop
      vertex 80.427 6.80622 0
      vertex 80.2154 6.76412 2.4
      vertex 80.427 6.80622 2.4
    endloop
  endfacet
  facet normal -0.195136 0.980776 0
    outer loop
      vertex 80.2154 6.76412 2.4
      vertex 80.427 6.80622 0
      vertex 80.2154 6.76412 0
    endloop
  endfacet
  facet normal -0.997864 0.0653289 0
    outer loop
      vertex 81.6359 8.18463 0
      vertex 81.65 8.4 2.4
      vertex 81.65 8.4 0
    endloop
  endfacet
  facet normal -0.997864 0.0653289 0
    outer loop
      vertex 81.65 8.4 2.4
      vertex 81.6359 8.18463 0
      vertex 81.6359 8.18463 2.4
    endloop
  endfacet
  facet normal -0.55548 -0.83153 0
    outer loop
      vertex 80.825 9.82894 0
      vertex 81.0045 9.70903 2.4
      vertex 80.825 9.82894 2.4
    endloop
  endfacet
  facet normal -0.55548 -0.83153 -0
    outer loop
      vertex 81.0045 9.70903 2.4
      vertex 80.825 9.82894 0
      vertex 81.0045 9.70903 0
    endloop
  endfacet
  facet normal -0.896796 0.442445 0
    outer loop
      vertex 81.4289 7.575 0
      vertex 81.5244 7.76857 2.4
      vertex 81.5244 7.76857 0
    endloop
  endfacet
  facet normal -0.896796 0.442445 0
    outer loop
      vertex 81.5244 7.76857 2.4
      vertex 81.4289 7.575 0
      vertex 81.4289 7.575 2.4
    endloop
  endfacet
  facet normal -0.831494 -0.555534 0
    outer loop
      vertex 81.4289 9.225 0
      vertex 81.309 9.40446 2.4
      vertex 81.309 9.40446 0
    endloop
  endfacet
  facet normal -0.831494 -0.555534 0
    outer loop
      vertex 81.309 9.40446 2.4
      vertex 81.4289 9.225 0
      vertex 81.4289 9.225 2.4
    endloop
  endfacet
  facet normal -0.44224 -0.896897 0
    outer loop
      vertex 80.6314 9.9244 0
      vertex 80.825 9.82894 2.4
      vertex 80.6314 9.9244 2.4
    endloop
  endfacet
  facet normal -0.44224 -0.896897 -0
    outer loop
      vertex 80.825 9.82894 2.4
      vertex 80.6314 9.9244 0
      vertex 80.825 9.82894 0
    endloop
  endfacet
  facet normal -0.659488 -0.751715 0
    outer loop
      vertex 81.0045 9.70903 0
      vertex 81.1667 9.56673 2.4
      vertex 81.0045 9.70903 2.4
    endloop
  endfacet
  facet normal -0.659488 -0.751715 -0
    outer loop
      vertex 81.1667 9.56673 2.4
      vertex 81.0045 9.70903 0
      vertex 81.1667 9.56673 0
    endloop
  endfacet
  facet normal -0.831494 0.555534 0
    outer loop
      vertex 81.309 7.39554 0
      vertex 81.4289 7.575 2.4
      vertex 81.4289 7.575 0
    endloop
  endfacet
  facet normal -0.831494 0.555534 0
    outer loop
      vertex 81.4289 7.575 2.4
      vertex 81.309 7.39554 0
      vertex 81.309 7.39554 2.4
    endloop
  endfacet
  facet normal -0.98079 0.195065 0
    outer loop
      vertex 81.5938 7.97295 0
      vertex 81.6359 8.18463 2.4
      vertex 81.6359 8.18463 0
    endloop
  endfacet
  facet normal -0.98079 0.195065 0
    outer loop
      vertex 81.6359 8.18463 2.4
      vertex 81.5938 7.97295 0
      vertex 81.5938 7.97295 2.4
    endloop
  endfacet
  facet normal -0.751856 -0.659328 0
    outer loop
      vertex 81.309 9.40446 0
      vertex 81.1667 9.56673 2.4
      vertex 81.1667 9.56673 0
    endloop
  endfacet
  facet normal -0.751856 -0.659328 0
    outer loop
      vertex 81.1667 9.56673 2.4
      vertex 81.309 9.40446 0
      vertex 81.309 9.40446 2.4
    endloop
  endfacet
  facet normal -0.55548 0.83153 0
    outer loop
      vertex 81.0045 7.09097 0
      vertex 80.825 6.97106 2.4
      vertex 81.0045 7.09097 2.4
    endloop
  endfacet
  facet normal -0.55548 0.83153 0
    outer loop
      vertex 80.825 6.97106 2.4
      vertex 81.0045 7.09097 0
      vertex 80.825 6.97106 0
    endloop
  endfacet
  facet normal -0.321421 -0.946936 0
    outer loop
      vertex 80.427 9.99378 0
      vertex 80.6314 9.9244 2.4
      vertex 80.427 9.99378 2.4
    endloop
  endfacet
  facet normal -0.321421 -0.946936 -0
    outer loop
      vertex 80.6314 9.9244 2.4
      vertex 80.427 9.99378 0
      vertex 80.6314 9.9244 0
    endloop
  endfacet
  facet normal -0.751856 0.659328 0
    outer loop
      vertex 81.1667 7.23327 0
      vertex 81.309 7.39554 2.4
      vertex 81.309 7.39554 0
    endloop
  endfacet
  facet normal -0.751856 0.659328 0
    outer loop
      vertex 81.309 7.39554 2.4
      vertex 81.1667 7.23327 0
      vertex 81.1667 7.23327 2.4
    endloop
  endfacet
  facet normal -0.44224 0.896897 0
    outer loop
      vertex 80.825 6.97106 0
      vertex 80.6314 6.8756 2.4
      vertex 80.825 6.97106 2.4
    endloop
  endfacet
  facet normal -0.44224 0.896897 0
    outer loop
      vertex 80.6314 6.8756 2.4
      vertex 80.825 6.97106 0
      vertex 80.6314 6.8756 0
    endloop
  endfacet
  facet normal -0.195225 -0.980759 0
    outer loop
      vertex 80.2154 10.0359 0
      vertex 80.427 9.99378 2.4
      vertex 80.2154 10.0359 2.4
    endloop
  endfacet
  facet normal -0.195225 -0.980759 -0
    outer loop
      vertex 80.427 9.99378 2.4
      vertex 80.2154 10.0359 0
      vertex 80.427 9.99378 0
    endloop
  endfacet
  facet normal -0.980795 -0.19504 0
    outer loop
      vertex 49.0649 35.5352 0
      vertex 48.9603 36.0612 2.4
      vertex 48.9603 36.0612 0
    endloop
  endfacet
  facet normal -0.980795 -0.19504 0
    outer loop
      vertex 48.9603 36.0612 2.4
      vertex 49.0649 35.5352 0
      vertex 49.0649 35.5352 2.4
    endloop
  endfacet
  facet normal -0.997856 -0.0654424 0
    outer loop
      vertex 49.1 35 0
      vertex 49.0649 35.5352 2.4
      vertex 49.0649 35.5352 0
    endloop
  endfacet
  facet normal -0.997856 -0.0654424 0
    outer loop
      vertex 49.0649 35.5352 2.4
      vertex 49.1 35 0
      vertex 49.1 35 2.4
    endloop
  endfacet
  facet normal -0.442284 -0.896875 0
    outer loop
      vertex 46.569 38.7879 0
      vertex 47.05 38.5507 2.4
      vertex 46.569 38.7879 2.4
    endloop
  endfacet
  facet normal -0.442284 -0.896875 -0
    outer loop
      vertex 47.05 38.5507 2.4
      vertex 46.569 38.7879 0
      vertex 47.05 38.5507 0
    endloop
  endfacet
  facet normal -0.659349 -0.751837 0
    outer loop
      vertex 47.4959 38.2527 0
      vertex 47.8991 37.8991 2.4
      vertex 47.4959 38.2527 2.4
    endloop
  endfacet
  facet normal -0.659349 -0.751837 -0
    outer loop
      vertex 47.8991 37.8991 2.4
      vertex 47.4959 38.2527 0
      vertex 47.8991 37.8991 0
    endloop
  endfacet
  facet normal -0.896875 -0.442284 0
    outer loop
      vertex 48.7879 36.569 0
      vertex 48.5507 37.05 2.4
      vertex 48.5507 37.05 0
    endloop
  endfacet
  facet normal -0.896875 -0.442284 0
    outer loop
      vertex 48.5507 37.05 2.4
      vertex 48.7879 36.569 0
      vertex 48.7879 36.569 2.4
    endloop
  endfacet
  facet normal 0.946916 -0.321481 0
    outer loop
      vertex 41.0397 36.0612 2.4
      vertex 41.2121 36.569 0
      vertex 41.2121 36.569 2.4
    endloop
  endfacet
  facet normal 0.946916 -0.321481 0
    outer loop
      vertex 41.2121 36.569 0
      vertex 41.0397 36.0612 2.4
      vertex 41.0397 36.0612 0
    endloop
  endfacet
  facet normal 0.997856 0.0654424 0
    outer loop
      vertex 40.9351 34.4648 2.4
      vertex 40.9 35 0
      vertex 40.9 35 2.4
    endloop
  endfacet
  facet normal 0.997856 0.0654424 0
    outer loop
      vertex 40.9 35 0
      vertex 40.9351 34.4648 2.4
      vertex 40.9351 34.4648 0
    endloop
  endfacet
  facet normal -0.946916 0.321481 0
    outer loop
      vertex 48.7879 33.431 0
      vertex 48.9603 33.9388 2.4
      vertex 48.9603 33.9388 0
    endloop
  endfacet
  facet normal -0.946916 0.321481 0
    outer loop
      vertex 48.9603 33.9388 2.4
      vertex 48.7879 33.431 0
      vertex 48.7879 33.431 2.4
    endloop
  endfacet
  facet normal 0.0654424 -0.997856 0
    outer loop
      vertex 44.4648 39.0649 0
      vertex 45 39.1 2.4
      vertex 44.4648 39.0649 2.4
    endloop
  endfacet
  facet normal 0.0654424 -0.997856 0
    outer loop
      vertex 45 39.1 2.4
      vertex 44.4648 39.0649 0
      vertex 45 39.1 0
    endloop
  endfacet
  facet normal 0.321481 0.946916 -0
    outer loop
      vertex 43.9388 31.0397 0
      vertex 43.431 31.2121 2.4
      vertex 43.9388 31.0397 2.4
    endloop
  endfacet
  facet normal 0.321481 0.946916 0
    outer loop
      vertex 43.431 31.2121 2.4
      vertex 43.9388 31.0397 0
      vertex 43.431 31.2121 0
    endloop
  endfacet
  facet normal 0.19504 0.980795 -0
    outer loop
      vertex 44.4648 30.9351 0
      vertex 43.9388 31.0397 2.4
      vertex 44.4648 30.9351 2.4
    endloop
  endfacet
  facet normal 0.19504 0.980795 0
    outer loop
      vertex 43.9388 31.0397 2.4
      vertex 44.4648 30.9351 0
      vertex 43.9388 31.0397 0
    endloop
  endfacet
  facet normal 0.442284 -0.896875 0
    outer loop
      vertex 42.95 38.5507 0
      vertex 43.431 38.7879 2.4
      vertex 42.95 38.5507 2.4
    endloop
  endfacet
  facet normal 0.442284 -0.896875 0
    outer loop
      vertex 43.431 38.7879 2.4
      vertex 42.95 38.5507 0
      vertex 43.431 38.7879 0
    endloop
  endfacet
  facet normal 0.896875 0.442284 0
    outer loop
      vertex 41.4493 32.95 2.4
      vertex 41.2121 33.431 0
      vertex 41.2121 33.431 2.4
    endloop
  endfacet
  facet normal 0.896875 0.442284 0
    outer loop
      vertex 41.2121 33.431 0
      vertex 41.4493 32.95 2.4
      vertex 41.4493 32.95 0
    endloop
  endfacet
  facet normal -0.831419 0.555646 0
    outer loop
      vertex 48.2527 32.5041 0
      vertex 48.5507 32.95 2.4
      vertex 48.5507 32.95 0
    endloop
  endfacet
  facet normal -0.831419 0.555646 0
    outer loop
      vertex 48.5507 32.95 2.4
      vertex 48.2527 32.5041 0
      vertex 48.2527 32.5041 2.4
    endloop
  endfacet
  facet normal 0.555646 -0.831419 0
    outer loop
      vertex 42.5041 38.2527 0
      vertex 42.95 38.5507 2.4
      vertex 42.5041 38.2527 2.4
    endloop
  endfacet
  facet normal 0.555646 -0.831419 0
    outer loop
      vertex 42.95 38.5507 2.4
      vertex 42.5041 38.2527 0
      vertex 42.95 38.5507 0
    endloop
  endfacet
  facet normal 0.831505 -0.555518 0
    outer loop
      vertex 41.4493 37.05 2.4
      vertex 41.7472 37.4959 0
      vertex 41.7472 37.4959 2.4
    endloop
  endfacet
  facet normal 0.831505 -0.555518 0
    outer loop
      vertex 41.7472 37.4959 0
      vertex 41.4493 37.05 2.4
      vertex 41.4493 37.05 0
    endloop
  endfacet
  facet normal -0.831419 -0.555646 0
    outer loop
      vertex 48.5507 37.05 0
      vertex 48.2527 37.4959 2.4
      vertex 48.2527 37.4959 0
    endloop
  endfacet
  facet normal -0.831419 -0.555646 0
    outer loop
      vertex 48.2527 37.4959 2.4
      vertex 48.5507 37.05 0
      vertex 48.5507 37.05 2.4
    endloop
  endfacet
  facet normal -0.896875 0.442284 0
    outer loop
      vertex 48.5507 32.95 0
      vertex 48.7879 33.431 2.4
      vertex 48.7879 33.431 0
    endloop
  endfacet
  facet normal -0.896875 0.442284 0
    outer loop
      vertex 48.7879 33.431 2.4
      vertex 48.5507 32.95 0
      vertex 48.5507 32.95 2.4
    endloop
  endfacet
  facet normal 0.831505 0.555518 0
    outer loop
      vertex 41.7472 32.5041 2.4
      vertex 41.4493 32.95 0
      vertex 41.4493 32.95 2.4
    endloop
  endfacet
  facet normal 0.831505 0.555518 0
    outer loop
      vertex 41.4493 32.95 0
      vertex 41.7472 32.5041 2.4
      vertex 41.7472 32.5041 0
    endloop
  endfacet
  facet normal 0.751745 0.659454 0
    outer loop
      vertex 42.1009 32.1009 2.4
      vertex 41.7472 32.5041 0
      vertex 41.7472 32.5041 2.4
    endloop
  endfacet
  facet normal 0.751745 0.659454 0
    outer loop
      vertex 41.7472 32.5041 0
      vertex 42.1009 32.1009 2.4
      vertex 42.1009 32.1009 0
    endloop
  endfacet
  facet normal 0.751745 -0.659454 0
    outer loop
      vertex 41.7472 37.4959 2.4
      vertex 42.1009 37.8991 0
      vertex 42.1009 37.8991 2.4
    endloop
  endfacet
  facet normal 0.751745 -0.659454 0
    outer loop
      vertex 42.1009 37.8991 0
      vertex 41.7472 37.4959 2.4
      vertex 41.7472 37.4959 0
    endloop
  endfacet
  facet normal 0.659349 -0.751837 0
    outer loop
      vertex 42.1009 37.8991 0
      vertex 42.5041 38.2527 2.4
      vertex 42.1009 37.8991 2.4
    endloop
  endfacet
  facet normal 0.659349 -0.751837 0
    outer loop
      vertex 42.5041 38.2527 2.4
      vertex 42.1009 37.8991 0
      vertex 42.5041 38.2527 0
    endloop
  endfacet
  facet normal -0.19504 0.980795 0
    outer loop
      vertex 46.0612 31.0397 0
      vertex 45.5352 30.9351 2.4
      vertex 46.0612 31.0397 2.4
    endloop
  endfacet
  facet normal -0.19504 0.980795 0
    outer loop
      vertex 45.5352 30.9351 2.4
      vertex 46.0612 31.0397 0
      vertex 45.5352 30.9351 0
    endloop
  endfacet
  facet normal -0.997856 0.0654424 0
    outer loop
      vertex 49.0649 34.4648 0
      vertex 49.1 35 2.4
      vertex 49.1 35 0
    endloop
  endfacet
  facet normal -0.997856 0.0654424 0
    outer loop
      vertex 49.1 35 2.4
      vertex 49.0649 34.4648 0
      vertex 49.0649 34.4648 2.4
    endloop
  endfacet
  facet normal -0.980795 0.19504 0
    outer loop
      vertex 48.9603 33.9388 0
      vertex 49.0649 34.4648 2.4
      vertex 49.0649 34.4648 0
    endloop
  endfacet
  facet normal -0.980795 0.19504 0
    outer loop
      vertex 49.0649 34.4648 2.4
      vertex 48.9603 33.9388 0
      vertex 48.9603 33.9388 2.4
    endloop
  endfacet
  facet normal -0.555646 -0.831419 0
    outer loop
      vertex 47.05 38.5507 0
      vertex 47.4959 38.2527 2.4
      vertex 47.05 38.5507 2.4
    endloop
  endfacet
  facet normal -0.555646 -0.831419 -0
    outer loop
      vertex 47.4959 38.2527 2.4
      vertex 47.05 38.5507 0
      vertex 47.4959 38.2527 0
    endloop
  endfacet
  facet normal -0.555518 0.831505 0
    outer loop
      vertex 47.4959 31.7472 0
      vertex 47.05 31.4493 2.4
      vertex 47.4959 31.7472 2.4
    endloop
  endfacet
  facet normal -0.555518 0.831505 0
    outer loop
      vertex 47.05 31.4493 2.4
      vertex 47.4959 31.7472 0
      vertex 47.05 31.4493 0
    endloop
  endfacet
  facet normal 0.0654424 0.997856 -0
    outer loop
      vertex 45 30.9 0
      vertex 44.4648 30.9351 2.4
      vertex 45 30.9 2.4
    endloop
  endfacet
  facet normal 0.0654424 0.997856 0
    outer loop
      vertex 44.4648 30.9351 2.4
      vertex 45 30.9 0
      vertex 44.4648 30.9351 0
    endloop
  endfacet
  facet normal -0.659454 0.751745 0
    outer loop
      vertex 47.8991 32.1009 0
      vertex 47.4959 31.7472 2.4
      vertex 47.8991 32.1009 2.4
    endloop
  endfacet
  facet normal -0.659454 0.751745 0
    outer loop
      vertex 47.4959 31.7472 2.4
      vertex 47.8991 32.1009 0
      vertex 47.4959 31.7472 0
    endloop
  endfacet
  facet normal 0.19504 -0.980795 0
    outer loop
      vertex 43.9388 38.9603 0
      vertex 44.4648 39.0649 2.4
      vertex 43.9388 38.9603 2.4
    endloop
  endfacet
  facet normal 0.19504 -0.980795 0
    outer loop
      vertex 44.4648 39.0649 2.4
      vertex 43.9388 38.9603 0
      vertex 44.4648 39.0649 0
    endloop
  endfacet
  facet normal -0.751837 0.659349 0
    outer loop
      vertex 47.8991 32.1009 0
      vertex 48.2527 32.5041 2.4
      vertex 48.2527 32.5041 0
    endloop
  endfacet
  facet normal -0.751837 0.659349 0
    outer loop
      vertex 48.2527 32.5041 2.4
      vertex 47.8991 32.1009 0
      vertex 47.8991 32.1009 2.4
    endloop
  endfacet
  facet normal -0.442284 0.896875 0
    outer loop
      vertex 47.05 31.4493 0
      vertex 46.569 31.2121 2.4
      vertex 47.05 31.4493 2.4
    endloop
  endfacet
  facet normal -0.442284 0.896875 0
    outer loop
      vertex 46.569 31.2121 2.4
      vertex 47.05 31.4493 0
      vertex 46.569 31.2121 0
    endloop
  endfacet
  facet normal -0.0654424 0.997856 0
    outer loop
      vertex 45.5352 30.9351 0
      vertex 45 30.9 2.4
      vertex 45.5352 30.9351 2.4
    endloop
  endfacet
  facet normal -0.0654424 0.997856 0
    outer loop
      vertex 45 30.9 2.4
      vertex 45.5352 30.9351 0
      vertex 45 30.9 0
    endloop
  endfacet
  facet normal -0.19504 -0.980795 0
    outer loop
      vertex 45.5352 39.0649 0
      vertex 46.0612 38.9603 2.4
      vertex 45.5352 39.0649 2.4
    endloop
  endfacet
  facet normal -0.19504 -0.980795 -0
    outer loop
      vertex 46.0612 38.9603 2.4
      vertex 45.5352 39.0649 0
      vertex 46.0612 38.9603 0
    endloop
  endfacet
  facet normal -0.0654424 -0.997856 0
    outer loop
      vertex 45 39.1 0
      vertex 45.5352 39.0649 2.4
      vertex 45 39.1 2.4
    endloop
  endfacet
  facet normal -0.0654424 -0.997856 -0
    outer loop
      vertex 45.5352 39.0649 2.4
      vertex 45 39.1 0
      vertex 45.5352 39.0649 0
    endloop
  endfacet
  facet normal -0.321481 0.946916 0
    outer loop
      vertex 46.569 31.2121 0
      vertex 46.0612 31.0397 2.4
      vertex 46.569 31.2121 2.4
    endloop
  endfacet
  facet normal -0.321481 0.946916 0
    outer loop
      vertex 46.0612 31.0397 2.4
      vertex 46.569 31.2121 0
      vertex 46.0612 31.0397 0
    endloop
  endfacet
  facet normal -0.321481 -0.946916 0
    outer loop
      vertex 46.0612 38.9603 0
      vertex 46.569 38.7879 2.4
      vertex 46.0612 38.9603 2.4
    endloop
  endfacet
  facet normal -0.321481 -0.946916 -0
    outer loop
      vertex 46.569 38.7879 2.4
      vertex 46.0612 38.9603 0
      vertex 46.569 38.7879 0
    endloop
  endfacet
  facet normal 0.980795 -0.19504 0
    outer loop
      vertex 40.9351 35.5352 2.4
      vertex 41.0397 36.0612 0
      vertex 41.0397 36.0612 2.4
    endloop
  endfacet
  facet normal 0.980795 -0.19504 0
    outer loop
      vertex 41.0397 36.0612 0
      vertex 40.9351 35.5352 2.4
      vertex 40.9351 35.5352 0
    endloop
  endfacet
  facet normal -0.751837 -0.659349 0
    outer loop
      vertex 48.2527 37.4959 0
      vertex 47.8991 37.8991 2.4
      vertex 47.8991 37.8991 0
    endloop
  endfacet
  facet normal -0.751837 -0.659349 0
    outer loop
      vertex 47.8991 37.8991 2.4
      vertex 48.2527 37.4959 0
      vertex 48.2527 37.4959 2.4
    endloop
  endfacet
  facet normal -0.946916 -0.321481 0
    outer loop
      vertex 48.9603 36.0612 0
      vertex 48.7879 36.569 2.4
      vertex 48.7879 36.569 0
    endloop
  endfacet
  facet normal -0.946916 -0.321481 0
    outer loop
      vertex 48.7879 36.569 2.4
      vertex 48.9603 36.0612 0
      vertex 48.9603 36.0612 2.4
    endloop
  endfacet
  facet normal 0.321481 -0.946916 0
    outer loop
      vertex 43.431 38.7879 0
      vertex 43.9388 38.9603 2.4
      vertex 43.431 38.7879 2.4
    endloop
  endfacet
  facet normal 0.321481 -0.946916 0
    outer loop
      vertex 43.9388 38.9603 2.4
      vertex 43.431 38.7879 0
      vertex 43.9388 38.9603 0
    endloop
  endfacet
  facet normal 0.442284 0.896875 -0
    outer loop
      vertex 43.431 31.2121 0
      vertex 42.95 31.4493 2.4
      vertex 43.431 31.2121 2.4
    endloop
  endfacet
  facet normal 0.442284 0.896875 0
    outer loop
      vertex 42.95 31.4493 2.4
      vertex 43.431 31.2121 0
      vertex 42.95 31.4493 0
    endloop
  endfacet
  facet normal 0.946916 0.321481 0
    outer loop
      vertex 41.2121 33.431 2.4
      vertex 41.0397 33.9388 0
      vertex 41.0397 33.9388 2.4
    endloop
  endfacet
  facet normal 0.946916 0.321481 0
    outer loop
      vertex 41.0397 33.9388 0
      vertex 41.2121 33.431 2.4
      vertex 41.2121 33.431 0
    endloop
  endfacet
  facet normal 0.997856 -0.0654424 0
    outer loop
      vertex 40.9 35 2.4
      vertex 40.9351 35.5352 0
      vertex 40.9351 35.5352 2.4
    endloop
  endfacet
  facet normal 0.997856 -0.0654424 0
    outer loop
      vertex 40.9351 35.5352 0
      vertex 40.9 35 2.4
      vertex 40.9 35 0
    endloop
  endfacet
  facet normal 0.980795 0.19504 0
    outer loop
      vertex 41.0397 33.9388 2.4
      vertex 40.9351 34.4648 0
      vertex 40.9351 34.4648 2.4
    endloop
  endfacet
  facet normal 0.980795 0.19504 0
    outer loop
      vertex 40.9351 34.4648 0
      vertex 41.0397 33.9388 2.4
      vertex 41.0397 33.9388 0
    endloop
  endfacet
  facet normal 0.555518 0.831505 -0
    outer loop
      vertex 42.95 31.4493 0
      vertex 42.5041 31.7472 2.4
      vertex 42.95 31.4493 2.4
    endloop
  endfacet
  facet normal 0.555518 0.831505 0
    outer loop
      vertex 42.5041 31.7472 2.4
      vertex 42.95 31.4493 0
      vertex 42.5041 31.7472 0
    endloop
  endfacet
  facet normal 0.896875 -0.442284 0
    outer loop
      vertex 41.2121 36.569 2.4
      vertex 41.4493 37.05 0
      vertex 41.4493 37.05 2.4
    endloop
  endfacet
  facet normal 0.896875 -0.442284 0
    outer loop
      vertex 41.4493 37.05 0
      vertex 41.2121 36.569 2.4
      vertex 41.2121 36.569 0
    endloop
  endfacet
  facet normal 0.659454 0.751745 -0
    outer loop
      vertex 42.5041 31.7472 0
      vertex 42.1009 32.1009 2.4
      vertex 42.5041 31.7472 2.4
    endloop
  endfacet
  facet normal 0.659454 0.751745 0
    outer loop
      vertex 42.1009 32.1009 2.4
      vertex 42.5041 31.7472 0
      vertex 42.1009 32.1009 0
    endloop
  endfacet
  facet normal -0.0653198 0 -0.997864
    outer loop
      vertex 28 67.6 19.65
      vertex 28.2154 70 19.6359
      vertex 28.2154 67.6 19.6359
    endloop
  endfacet
  facet normal -0.0653198 0 -0.997864
    outer loop
      vertex 28.2154 70 19.6359
      vertex 28 67.6 19.65
      vertex 28 70 19.65
    endloop
  endfacet
  facet normal -0.0653198 0 -0.997864
    outer loop
      vertex 28 0 19.65
      vertex 28.2154 2.4 19.6359
      vertex 28.2154 0 19.6359
    endloop
  endfacet
  facet normal -0.0653198 0 -0.997864
    outer loop
      vertex 28.2154 2.4 19.6359
      vertex 28 0 19.65
      vertex 28 2.4 19.65
    endloop
  endfacet
  facet normal -0.980794 0 0.195047
    outer loop
      vertex 29.5938 0 17.5729
      vertex 29.6359 2.4 17.7846
      vertex 29.5938 2.4 17.5729
    endloop
  endfacet
  facet normal -0.980794 0 0.195047
    outer loop
      vertex 29.6359 2.4 17.7846
      vertex 29.5938 0 17.5729
      vertex 29.6359 0 17.7846
    endloop
  endfacet
  facet normal -0.980794 0 0.195047
    outer loop
      vertex 29.5938 67.6 17.5729
      vertex 29.6359 70 17.7846
      vertex 29.5938 70 17.5729
    endloop
  endfacet
  facet normal -0.980794 0 0.195047
    outer loop
      vertex 29.6359 70 17.7846
      vertex 29.5938 67.6 17.5729
      vertex 29.6359 67.6 17.7846
    endloop
  endfacet
  facet normal -0.997864 0 0.0653198
    outer loop
      vertex 29.6359 0 17.7846
      vertex 29.65 2.4 18
      vertex 29.6359 2.4 17.7846
    endloop
  endfacet
  facet normal -0.997864 0 0.0653198
    outer loop
      vertex 29.65 2.4 18
      vertex 29.6359 0 17.7846
      vertex 29.65 0 18
    endloop
  endfacet
  facet normal -0.997864 0 0.0653198
    outer loop
      vertex 29.6359 67.6 17.7846
      vertex 29.65 70 18
      vertex 29.6359 70 17.7846
    endloop
  endfacet
  facet normal -0.997864 0 0.0653198
    outer loop
      vertex 29.65 70 18
      vertex 29.6359 67.6 17.7846
      vertex 29.65 67.6 18
    endloop
  endfacet
  facet normal -0.94686 0 0.321645
    outer loop
      vertex 29.5244 0 17.3686
      vertex 29.5938 2.4 17.5729
      vertex 29.5244 2.4 17.3686
    endloop
  endfacet
  facet normal -0.94686 0 0.321645
    outer loop
      vertex 29.5938 2.4 17.5729
      vertex 29.5244 0 17.3686
      vertex 29.5938 0 17.5729
    endloop
  endfacet
  facet normal -0.94686 0 0.321645
    outer loop
      vertex 29.5244 67.6 17.3686
      vertex 29.5938 70 17.5729
      vertex 29.5244 70 17.3686
    endloop
  endfacet
  facet normal -0.94686 0 0.321645
    outer loop
      vertex 29.5938 70 17.5729
      vertex 29.5244 67.6 17.3686
      vertex 29.5938 67.6 17.5729
    endloop
  endfacet
  facet normal -0.321645 0 0.94686
    outer loop
      vertex 28.4271 2.4 16.4062
      vertex 28.6314 0 16.4756
      vertex 28.6314 2.4 16.4756
    endloop
  endfacet
  facet normal -0.321645 0 0.94686
    outer loop
      vertex 28.6314 0 16.4756
      vertex 28.4271 2.4 16.4062
      vertex 28.4271 0 16.4062
    endloop
  endfacet
  facet normal -0.321645 0 0.94686
    outer loop
      vertex 28.4271 70 16.4062
      vertex 28.6314 67.6 16.4756
      vertex 28.6314 70 16.4756
    endloop
  endfacet
  facet normal -0.321645 0 0.94686
    outer loop
      vertex 28.6314 67.6 16.4756
      vertex 28.4271 70 16.4062
      vertex 28.4271 67.6 16.4062
    endloop
  endfacet
  facet normal -0.0653198 0 0.997864
    outer loop
      vertex 28 70 16.35
      vertex 28.2154 67.6 16.3641
      vertex 28.2154 70 16.3641
    endloop
  endfacet
  facet normal -0.0653198 0 0.997864
    outer loop
      vertex 28.2154 67.6 16.3641
      vertex 28 70 16.35
      vertex 28 67.6 16.35
    endloop
  endfacet
  facet normal -0.0653198 0 0.997864
    outer loop
      vertex 28 2.4 16.35
      vertex 28.2154 0 16.3641
      vertex 28.2154 2.4 16.3641
    endloop
  endfacet
  facet normal -0.0653198 0 0.997864
    outer loop
      vertex 28.2154 0 16.3641
      vertex 28 2.4 16.35
      vertex 28 0 16.35
    endloop
  endfacet
  facet normal 0.659488 0 -0.751715
    outer loop
      vertex 26.8333 0 19.1667
      vertex 26.9955 2.4 19.309
      vertex 26.9955 0 19.309
    endloop
  endfacet
  facet normal 0.659488 0 -0.751715
    outer loop
      vertex 26.9955 2.4 19.309
      vertex 26.8333 0 19.1667
      vertex 26.8333 2.4 19.1667
    endloop
  endfacet
  facet normal 0.659488 0 -0.751715
    outer loop
      vertex 26.8333 67.6 19.1667
      vertex 26.9955 70 19.309
      vertex 26.9955 67.6 19.309
    endloop
  endfacet
  facet normal 0.659488 0 -0.751715
    outer loop
      vertex 26.9955 70 19.309
      vertex 26.8333 67.6 19.1667
      vertex 26.8333 70 19.1667
    endloop
  endfacet
  facet normal 0.997864 0 -0.0653198
    outer loop
      vertex 26.3641 0 18.2154
      vertex 26.35 2.4 18
      vertex 26.3641 2.4 18.2154
    endloop
  endfacet
  facet normal 0.997864 0 -0.0653198
    outer loop
      vertex 26.35 2.4 18
      vertex 26.3641 0 18.2154
      vertex 26.35 0 18
    endloop
  endfacet
  facet normal 0.997864 0 -0.0653198
    outer loop
      vertex 26.3641 67.6 18.2154
      vertex 26.35 70 18
      vertex 26.3641 70 18.2154
    endloop
  endfacet
  facet normal 0.997864 0 -0.0653198
    outer loop
      vertex 26.35 70 18
      vertex 26.3641 67.6 18.2154
      vertex 26.35 67.6 18
    endloop
  endfacet
  facet normal 0.659488 0 0.751715
    outer loop
      vertex 26.8333 2.4 16.8333
      vertex 26.9955 0 16.691
      vertex 26.9955 2.4 16.691
    endloop
  endfacet
  facet normal 0.659488 0 0.751715
    outer loop
      vertex 26.9955 0 16.691
      vertex 26.8333 2.4 16.8333
      vertex 26.8333 0 16.8333
    endloop
  endfacet
  facet normal 0.659488 0 0.751715
    outer loop
      vertex 26.8333 70 16.8333
      vertex 26.9955 67.6 16.691
      vertex 26.9955 70 16.691
    endloop
  endfacet
  facet normal 0.659488 0 0.751715
    outer loop
      vertex 26.9955 67.6 16.691
      vertex 26.8333 70 16.8333
      vertex 26.8333 67.6 16.8333
    endloop
  endfacet
  facet normal -0.751715 0 0.659488
    outer loop
      vertex 29.1667 0 16.8333
      vertex 29.309 2.4 16.9955
      vertex 29.1667 2.4 16.8333
    endloop
  endfacet
  facet normal -0.751715 0 0.659488
    outer loop
      vertex 29.309 2.4 16.9955
      vertex 29.1667 0 16.8333
      vertex 29.309 0 16.9955
    endloop
  endfacet
  facet normal -0.751715 0 0.659488
    outer loop
      vertex 29.1667 67.6 16.8333
      vertex 29.309 70 16.9955
      vertex 29.1667 70 16.8333
    endloop
  endfacet
  facet normal -0.751715 0 0.659488
    outer loop
      vertex 29.309 70 16.9955
      vertex 29.1667 67.6 16.8333
      vertex 29.309 67.6 16.9955
    endloop
  endfacet
  facet normal -0.997864 0 -0.0653198
    outer loop
      vertex 29.65 0 18
      vertex 29.6359 2.4 18.2154
      vertex 29.65 2.4 18
    endloop
  endfacet
  facet normal -0.997864 -0 -0.0653198
    outer loop
      vertex 29.6359 2.4 18.2154
      vertex 29.65 0 18
      vertex 29.6359 0 18.2154
    endloop
  endfacet
  facet normal -0.997864 0 -0.0653198
    outer loop
      vertex 29.65 67.6 18
      vertex 29.6359 70 18.2154
      vertex 29.65 70 18
    endloop
  endfacet
  facet normal -0.997864 -0 -0.0653198
    outer loop
      vertex 29.6359 70 18.2154
      vertex 29.65 67.6 18
      vertex 29.6359 67.6 18.2154
    endloop
  endfacet
  facet normal -0.442389 0 0.896823
    outer loop
      vertex 28.6314 2.4 16.4756
      vertex 28.825 0 16.5711
      vertex 28.825 2.4 16.5711
    endloop
  endfacet
  facet normal -0.442389 0 0.896823
    outer loop
      vertex 28.825 0 16.5711
      vertex 28.6314 2.4 16.4756
      vertex 28.6314 0 16.4756
    endloop
  endfacet
  facet normal -0.442389 0 0.896823
    outer loop
      vertex 28.6314 70 16.4756
      vertex 28.825 67.6 16.5711
      vertex 28.825 70 16.5711
    endloop
  endfacet
  facet normal -0.442389 0 0.896823
    outer loop
      vertex 28.825 67.6 16.5711
      vertex 28.6314 70 16.4756
      vertex 28.6314 67.6 16.4756
    endloop
  endfacet
  facet normal -0.896823 0 -0.442389
    outer loop
      vertex 29.5244 0 18.6314
      vertex 29.4289 2.4 18.825
      vertex 29.5244 2.4 18.6314
    endloop
  endfacet
  facet normal -0.896823 -0 -0.442389
    outer loop
      vertex 29.4289 2.4 18.825
      vertex 29.5244 0 18.6314
      vertex 29.4289 0 18.825
    endloop
  endfacet
  facet normal -0.896823 0 -0.442389
    outer loop
      vertex 29.5244 67.6 18.6314
      vertex 29.4289 70 18.825
      vertex 29.5244 70 18.6314
    endloop
  endfacet
  facet normal -0.896823 -0 -0.442389
    outer loop
      vertex 29.4289 70 18.825
      vertex 29.5244 67.6 18.6314
      vertex 29.4289 67.6 18.825
    endloop
  endfacet
  facet normal 0.321645 0 -0.94686
    outer loop
      vertex 27.3686 67.6 19.5244
      vertex 27.5729 70 19.5938
      vertex 27.5729 67.6 19.5938
    endloop
  endfacet
  facet normal 0.321645 0 -0.94686
    outer loop
      vertex 27.5729 70 19.5938
      vertex 27.3686 67.6 19.5244
      vertex 27.3686 70 19.5244
    endloop
  endfacet
  facet normal 0.321645 0 -0.94686
    outer loop
      vertex 27.3686 0 19.5244
      vertex 27.5729 2.4 19.5938
      vertex 27.5729 0 19.5938
    endloop
  endfacet
  facet normal 0.321645 0 -0.94686
    outer loop
      vertex 27.5729 2.4 19.5938
      vertex 27.3686 0 19.5244
      vertex 27.3686 2.4 19.5244
    endloop
  endfacet
  facet normal -0.831551 0 0.555448
    outer loop
      vertex 29.309 0 16.9955
      vertex 29.4289 2.4 17.175
      vertex 29.309 2.4 16.9955
    endloop
  endfacet
  facet normal -0.831551 0 0.555448
    outer loop
      vertex 29.4289 2.4 17.175
      vertex 29.309 0 16.9955
      vertex 29.4289 0 17.175
    endloop
  endfacet
  facet normal -0.831551 0 0.555448
    outer loop
      vertex 29.309 67.6 16.9955
      vertex 29.4289 70 17.175
      vertex 29.309 70 16.9955
    endloop
  endfacet
  facet normal -0.831551 0 0.555448
    outer loop
      vertex 29.4289 70 17.175
      vertex 29.309 67.6 16.9955
      vertex 29.4289 67.6 17.175
    endloop
  endfacet
  facet normal -0.896823 0 0.442389
    outer loop
      vertex 29.4289 0 17.175
      vertex 29.5244 2.4 17.3686
      vertex 29.4289 2.4 17.175
    endloop
  endfacet
  facet normal -0.896823 0 0.442389
    outer loop
      vertex 29.5244 2.4 17.3686
      vertex 29.4289 0 17.175
      vertex 29.5244 0 17.3686
    endloop
  endfacet
  facet normal -0.896823 0 0.442389
    outer loop
      vertex 29.4289 67.6 17.175
      vertex 29.5244 70 17.3686
      vertex 29.4289 70 17.175
    endloop
  endfacet
  facet normal -0.896823 0 0.442389
    outer loop
      vertex 29.5244 70 17.3686
      vertex 29.4289 67.6 17.175
      vertex 29.5244 67.6 17.3686
    endloop
  endfacet
  facet normal 0.831551 0 -0.555448
    outer loop
      vertex 26.691 0 19.0045
      vertex 26.5711 2.4 18.825
      vertex 26.691 2.4 19.0045
    endloop
  endfacet
  facet normal 0.831551 0 -0.555448
    outer loop
      vertex 26.5711 2.4 18.825
      vertex 26.691 0 19.0045
      vertex 26.5711 0 18.825
    endloop
  endfacet
  facet normal 0.831551 0 -0.555448
    outer loop
      vertex 26.691 67.6 19.0045
      vertex 26.5711 70 18.825
      vertex 26.691 70 19.0045
    endloop
  endfacet
  facet normal 0.831551 0 -0.555448
    outer loop
      vertex 26.5711 70 18.825
      vertex 26.691 67.6 19.0045
      vertex 26.5711 67.6 18.825
    endloop
  endfacet
  facet normal -0.442389 0 -0.896823
    outer loop
      vertex 28.6314 67.6 19.5244
      vertex 28.825 70 19.4289
      vertex 28.825 67.6 19.4289
    endloop
  endfacet
  facet normal -0.442389 0 -0.896823
    outer loop
      vertex 28.825 70 19.4289
      vertex 28.6314 67.6 19.5244
      vertex 28.6314 70 19.5244
    endloop
  endfacet
  facet normal -0.442389 0 -0.896823
    outer loop
      vertex 28.6314 0 19.5244
      vertex 28.825 2.4 19.4289
      vertex 28.825 0 19.4289
    endloop
  endfacet
  facet normal -0.442389 0 -0.896823
    outer loop
      vertex 28.825 2.4 19.4289
      vertex 28.6314 0 19.5244
      vertex 28.6314 2.4 19.5244
    endloop
  endfacet
  facet normal 0.997864 -0 0.0653198
    outer loop
      vertex 26.35 0 18
      vertex 26.3641 2.4 17.7846
      vertex 26.35 2.4 18
    endloop
  endfacet
  facet normal 0.997864 0 0.0653198
    outer loop
      vertex 26.3641 2.4 17.7846
      vertex 26.35 0 18
      vertex 26.3641 0 17.7846
    endloop
  endfacet
  facet normal 0.997864 -0 0.0653198
    outer loop
      vertex 26.35 67.6 18
      vertex 26.3641 70 17.7846
      vertex 26.35 70 18
    endloop
  endfacet
  facet normal 0.997864 0 0.0653198
    outer loop
      vertex 26.3641 70 17.7846
      vertex 26.35 67.6 18
      vertex 26.3641 67.6 17.7846
    endloop
  endfacet
  facet normal 0.442389 0 0.896823
    outer loop
      vertex 27.175 2.4 16.5711
      vertex 27.3686 0 16.4756
      vertex 27.3686 2.4 16.4756
    endloop
  endfacet
  facet normal 0.442389 0 0.896823
    outer loop
      vertex 27.3686 0 16.4756
      vertex 27.175 2.4 16.5711
      vertex 27.175 0 16.5711
    endloop
  endfacet
  facet normal 0.442389 0 0.896823
    outer loop
      vertex 27.175 70 16.5711
      vertex 27.3686 67.6 16.4756
      vertex 27.3686 70 16.4756
    endloop
  endfacet
  facet normal 0.442389 0 0.896823
    outer loop
      vertex 27.3686 67.6 16.4756
      vertex 27.175 70 16.5711
      vertex 27.175 67.6 16.5711
    endloop
  endfacet
  facet normal -0.195047 0 0.980794
    outer loop
      vertex 28.2154 2.4 16.3641
      vertex 28.4271 0 16.4062
      vertex 28.4271 2.4 16.4062
    endloop
  endfacet
  facet normal -0.195047 0 0.980794
    outer loop
      vertex 28.4271 0 16.4062
      vertex 28.2154 2.4 16.3641
      vertex 28.2154 0 16.3641
    endloop
  endfacet
  facet normal -0.195047 0 0.980794
    outer loop
      vertex 28.2154 70 16.3641
      vertex 28.4271 67.6 16.4062
      vertex 28.4271 70 16.4062
    endloop
  endfacet
  facet normal -0.195047 0 0.980794
    outer loop
      vertex 28.4271 67.6 16.4062
      vertex 28.2154 70 16.3641
      vertex 28.2154 67.6 16.3641
    endloop
  endfacet
  facet normal 0.751715 -0 0.659488
    outer loop
      vertex 26.691 0 16.9955
      vertex 26.8333 2.4 16.8333
      vertex 26.691 2.4 16.9955
    endloop
  endfacet
  facet normal 0.751715 0 0.659488
    outer loop
      vertex 26.8333 2.4 16.8333
      vertex 26.691 0 16.9955
      vertex 26.8333 0 16.8333
    endloop
  endfacet
  facet normal 0.751715 -0 0.659488
    outer loop
      vertex 26.691 67.6 16.9955
      vertex 26.8333 70 16.8333
      vertex 26.691 70 16.9955
    endloop
  endfacet
  facet normal 0.751715 0 0.659488
    outer loop
      vertex 26.8333 70 16.8333
      vertex 26.691 67.6 16.9955
      vertex 26.8333 67.6 16.8333
    endloop
  endfacet
  facet normal 0.94686 0 -0.321645
    outer loop
      vertex 26.4756 0 18.6314
      vertex 26.4062 2.4 18.4271
      vertex 26.4756 2.4 18.6314
    endloop
  endfacet
  facet normal 0.94686 0 -0.321645
    outer loop
      vertex 26.4062 2.4 18.4271
      vertex 26.4756 0 18.6314
      vertex 26.4062 0 18.4271
    endloop
  endfacet
  facet normal 0.94686 0 -0.321645
    outer loop
      vertex 26.4756 67.6 18.6314
      vertex 26.4062 70 18.4271
      vertex 26.4756 70 18.6314
    endloop
  endfacet
  facet normal 0.94686 0 -0.321645
    outer loop
      vertex 26.4062 70 18.4271
      vertex 26.4756 67.6 18.6314
      vertex 26.4062 67.6 18.4271
    endloop
  endfacet
  facet normal -0.94686 0 -0.321645
    outer loop
      vertex 29.5938 0 18.4271
      vertex 29.5244 2.4 18.6314
      vertex 29.5938 2.4 18.4271
    endloop
  endfacet
  facet normal -0.94686 -0 -0.321645
    outer loop
      vertex 29.5244 2.4 18.6314
      vertex 29.5938 0 18.4271
      vertex 29.5244 0 18.6314
    endloop
  endfacet
  facet normal -0.94686 0 -0.321645
    outer loop
      vertex 29.5938 67.6 18.4271
      vertex 29.5244 70 18.6314
      vertex 29.5938 70 18.4271
    endloop
  endfacet
  facet normal -0.94686 -0 -0.321645
    outer loop
      vertex 29.5244 70 18.6314
      vertex 29.5938 67.6 18.4271
      vertex 29.5244 67.6 18.6314
    endloop
  endfacet
  facet normal 0.980794 -0 0.195047
    outer loop
      vertex 26.3641 0 17.7846
      vertex 26.4062 2.4 17.5729
      vertex 26.3641 2.4 17.7846
    endloop
  endfacet
  facet normal 0.980794 0 0.195047
    outer loop
      vertex 26.4062 2.4 17.5729
      vertex 26.3641 0 17.7846
      vertex 26.4062 0 17.5729
    endloop
  endfacet
  facet normal 0.980794 -0 0.195047
    outer loop
      vertex 26.3641 67.6 17.7846
      vertex 26.4062 70 17.5729
      vertex 26.3641 70 17.7846
    endloop
  endfacet
  facet normal 0.980794 0 0.195047
    outer loop
      vertex 26.4062 70 17.5729
      vertex 26.3641 67.6 17.7846
      vertex 26.4062 67.6 17.5729
    endloop
  endfacet
  facet normal 0.442389 0 -0.896823
    outer loop
      vertex 27.175 67.6 19.4289
      vertex 27.3686 70 19.5244
      vertex 27.3686 67.6 19.5244
    endloop
  endfacet
  facet normal 0.442389 0 -0.896823
    outer loop
      vertex 27.3686 70 19.5244
      vertex 27.175 67.6 19.4289
      vertex 27.175 70 19.4289
    endloop
  endfacet
  facet normal 0.442389 0 -0.896823
    outer loop
      vertex 27.175 0 19.4289
      vertex 27.3686 2.4 19.5244
      vertex 27.3686 0 19.5244
    endloop
  endfacet
  facet normal 0.442389 0 -0.896823
    outer loop
      vertex 27.3686 2.4 19.5244
      vertex 27.175 0 19.4289
      vertex 27.175 2.4 19.4289
    endloop
  endfacet
  facet normal 0.555448 0 0.831551
    outer loop
      vertex 26.9955 2.4 16.691
      vertex 27.175 0 16.5711
      vertex 27.175 2.4 16.5711
    endloop
  endfacet
  facet normal 0.555448 0 0.831551
    outer loop
      vertex 27.175 0 16.5711
      vertex 26.9955 2.4 16.691
      vertex 26.9955 0 16.691
    endloop
  endfacet
  facet normal 0.555448 0 0.831551
    outer loop
      vertex 26.9955 70 16.691
      vertex 27.175 67.6 16.5711
      vertex 27.175 70 16.5711
    endloop
  endfacet
  facet normal 0.555448 0 0.831551
    outer loop
      vertex 27.175 67.6 16.5711
      vertex 26.9955 70 16.691
      vertex 26.9955 67.6 16.691
    endloop
  endfacet
  facet normal -0.659488 0 -0.751715
    outer loop
      vertex 29.0045 0 19.309
      vertex 29.1667 2.4 19.1667
      vertex 29.1667 0 19.1667
    endloop
  endfacet
  facet normal -0.659488 0 -0.751715
    outer loop
      vertex 29.1667 2.4 19.1667
      vertex 29.0045 0 19.309
      vertex 29.0045 2.4 19.309
    endloop
  endfacet
  facet normal -0.659488 0 -0.751715
    outer loop
      vertex 29.0045 67.6 19.309
      vertex 29.1667 70 19.1667
      vertex 29.1667 67.6 19.1667
    endloop
  endfacet
  facet normal -0.659488 0 -0.751715
    outer loop
      vertex 29.1667 70 19.1667
      vertex 29.0045 67.6 19.309
      vertex 29.0045 70 19.309
    endloop
  endfacet
  facet normal 0.321645 0 0.94686
    outer loop
      vertex 27.3686 2.4 16.4756
      vertex 27.5729 0 16.4062
      vertex 27.5729 2.4 16.4062
    endloop
  endfacet
  facet normal 0.321645 0 0.94686
    outer loop
      vertex 27.5729 0 16.4062
      vertex 27.3686 2.4 16.4756
      vertex 27.3686 0 16.4756
    endloop
  endfacet
  facet normal 0.321645 0 0.94686
    outer loop
      vertex 27.3686 70 16.4756
      vertex 27.5729 67.6 16.4062
      vertex 27.5729 70 16.4062
    endloop
  endfacet
  facet normal 0.321645 0 0.94686
    outer loop
      vertex 27.5729 67.6 16.4062
      vertex 27.3686 70 16.4756
      vertex 27.3686 67.6 16.4756
    endloop
  endfacet
  facet normal -0.831551 0 -0.555448
    outer loop
      vertex 29.4289 0 18.825
      vertex 29.309 2.4 19.0045
      vertex 29.4289 2.4 18.825
    endloop
  endfacet
  facet normal -0.831551 -0 -0.555448
    outer loop
      vertex 29.309 2.4 19.0045
      vertex 29.4289 0 18.825
      vertex 29.309 0 19.0045
    endloop
  endfacet
  facet normal -0.831551 0 -0.555448
    outer loop
      vertex 29.4289 67.6 18.825
      vertex 29.309 70 19.0045
      vertex 29.4289 70 18.825
    endloop
  endfacet
  facet normal -0.831551 -0 -0.555448
    outer loop
      vertex 29.309 70 19.0045
      vertex 29.4289 67.6 18.825
      vertex 29.309 67.6 19.0045
    endloop
  endfacet
  facet normal -0.555448 0 -0.831551
    outer loop
      vertex 28.825 0 19.4289
      vertex 29.0045 2.4 19.309
      vertex 29.0045 0 19.309
    endloop
  endfacet
  facet normal -0.555448 0 -0.831551
    outer loop
      vertex 29.0045 2.4 19.309
      vertex 28.825 0 19.4289
      vertex 28.825 2.4 19.4289
    endloop
  endfacet
  facet normal -0.555448 0 -0.831551
    outer loop
      vertex 28.825 67.6 19.4289
      vertex 29.0045 70 19.309
      vertex 29.0045 67.6 19.309
    endloop
  endfacet
  facet normal -0.555448 0 -0.831551
    outer loop
      vertex 29.0045 70 19.309
      vertex 28.825 67.6 19.4289
      vertex 28.825 70 19.4289
    endloop
  endfacet
  facet normal -0.751715 0 -0.659488
    outer loop
      vertex 29.309 0 19.0045
      vertex 29.1667 2.4 19.1667
      vertex 29.309 2.4 19.0045
    endloop
  endfacet
  facet normal -0.751715 -0 -0.659488
    outer loop
      vertex 29.1667 2.4 19.1667
      vertex 29.309 0 19.0045
      vertex 29.1667 0 19.1667
    endloop
  endfacet
  facet normal -0.751715 0 -0.659488
    outer loop
      vertex 29.309 67.6 19.0045
      vertex 29.1667 70 19.1667
      vertex 29.309 70 19.0045
    endloop
  endfacet
  facet normal -0.751715 -0 -0.659488
    outer loop
      vertex 29.1667 70 19.1667
      vertex 29.309 67.6 19.0045
      vertex 29.1667 67.6 19.1667
    endloop
  endfacet
  facet normal -0.980794 0 -0.195047
    outer loop
      vertex 29.6359 0 18.2154
      vertex 29.5938 2.4 18.4271
      vertex 29.6359 2.4 18.2154
    endloop
  endfacet
  facet normal -0.980794 -0 -0.195047
    outer loop
      vertex 29.5938 2.4 18.4271
      vertex 29.6359 0 18.2154
      vertex 29.5938 0 18.4271
    endloop
  endfacet
  facet normal -0.980794 0 -0.195047
    outer loop
      vertex 29.6359 67.6 18.2154
      vertex 29.5938 70 18.4271
      vertex 29.6359 70 18.2154
    endloop
  endfacet
  facet normal -0.980794 -0 -0.195047
    outer loop
      vertex 29.5938 70 18.4271
      vertex 29.6359 67.6 18.2154
      vertex 29.5938 67.6 18.4271
    endloop
  endfacet
  facet normal 0.0653198 0 0.997864
    outer loop
      vertex 27.7846 70 16.3641
      vertex 28 67.6 16.35
      vertex 28 70 16.35
    endloop
  endfacet
  facet normal 0.0653198 0 0.997864
    outer loop
      vertex 28 67.6 16.35
      vertex 27.7846 70 16.3641
      vertex 27.7846 67.6 16.3641
    endloop
  endfacet
  facet normal 0.0653198 0 0.997864
    outer loop
      vertex 27.7846 2.4 16.3641
      vertex 28 0 16.35
      vertex 28 2.4 16.35
    endloop
  endfacet
  facet normal 0.0653198 0 0.997864
    outer loop
      vertex 28 0 16.35
      vertex 27.7846 2.4 16.3641
      vertex 27.7846 0 16.3641
    endloop
  endfacet
  facet normal 0.896823 0 -0.442389
    outer loop
      vertex 26.5711 0 18.825
      vertex 26.4756 2.4 18.6314
      vertex 26.5711 2.4 18.825
    endloop
  endfacet
  facet normal 0.896823 0 -0.442389
    outer loop
      vertex 26.4756 2.4 18.6314
      vertex 26.5711 0 18.825
      vertex 26.4756 0 18.6314
    endloop
  endfacet
  facet normal 0.896823 0 -0.442389
    outer loop
      vertex 26.5711 67.6 18.825
      vertex 26.4756 70 18.6314
      vertex 26.5711 70 18.825
    endloop
  endfacet
  facet normal 0.896823 0 -0.442389
    outer loop
      vertex 26.4756 70 18.6314
      vertex 26.5711 67.6 18.825
      vertex 26.4756 67.6 18.6314
    endloop
  endfacet
  facet normal 0.896823 -0 0.442389
    outer loop
      vertex 26.4756 0 17.3686
      vertex 26.5711 2.4 17.175
      vertex 26.4756 2.4 17.3686
    endloop
  endfacet
  facet normal 0.896823 0 0.442389
    outer loop
      vertex 26.5711 2.4 17.175
      vertex 26.4756 0 17.3686
      vertex 26.5711 0 17.175
    endloop
  endfacet
  facet normal 0.896823 -0 0.442389
    outer loop
      vertex 26.4756 67.6 17.3686
      vertex 26.5711 70 17.175
      vertex 26.4756 70 17.3686
    endloop
  endfacet
  facet normal 0.896823 0 0.442389
    outer loop
      vertex 26.5711 70 17.175
      vertex 26.4756 67.6 17.3686
      vertex 26.5711 67.6 17.175
    endloop
  endfacet
  facet normal -0.555448 0 0.831551
    outer loop
      vertex 28.825 2.4 16.5711
      vertex 29.0045 0 16.691
      vertex 29.0045 2.4 16.691
    endloop
  endfacet
  facet normal -0.555448 0 0.831551
    outer loop
      vertex 29.0045 0 16.691
      vertex 28.825 2.4 16.5711
      vertex 28.825 0 16.5711
    endloop
  endfacet
  facet normal -0.555448 0 0.831551
    outer loop
      vertex 28.825 70 16.5711
      vertex 29.0045 67.6 16.691
      vertex 29.0045 70 16.691
    endloop
  endfacet
  facet normal -0.555448 0 0.831551
    outer loop
      vertex 29.0045 67.6 16.691
      vertex 28.825 70 16.5711
      vertex 28.825 67.6 16.5711
    endloop
  endfacet
  facet normal 0.980794 0 -0.195047
    outer loop
      vertex 26.4062 0 18.4271
      vertex 26.3641 2.4 18.2154
      vertex 26.4062 2.4 18.4271
    endloop
  endfacet
  facet normal 0.980794 0 -0.195047
    outer loop
      vertex 26.3641 2.4 18.2154
      vertex 26.4062 0 18.4271
      vertex 26.3641 0 18.2154
    endloop
  endfacet
  facet normal 0.980794 0 -0.195047
    outer loop
      vertex 26.4062 67.6 18.4271
      vertex 26.3641 70 18.2154
      vertex 26.4062 70 18.4271
    endloop
  endfacet
  facet normal 0.980794 0 -0.195047
    outer loop
      vertex 26.3641 70 18.2154
      vertex 26.4062 67.6 18.4271
      vertex 26.3641 67.6 18.2154
    endloop
  endfacet
  facet normal -0.321645 0 -0.94686
    outer loop
      vertex 28.4271 67.6 19.5938
      vertex 28.6314 70 19.5244
      vertex 28.6314 67.6 19.5244
    endloop
  endfacet
  facet normal -0.321645 0 -0.94686
    outer loop
      vertex 28.6314 70 19.5244
      vertex 28.4271 67.6 19.5938
      vertex 28.4271 70 19.5938
    endloop
  endfacet
  facet normal -0.321645 0 -0.94686
    outer loop
      vertex 28.4271 0 19.5938
      vertex 28.6314 2.4 19.5244
      vertex 28.6314 0 19.5244
    endloop
  endfacet
  facet normal -0.321645 0 -0.94686
    outer loop
      vertex 28.6314 2.4 19.5244
      vertex 28.4271 0 19.5938
      vertex 28.4271 2.4 19.5938
    endloop
  endfacet
  facet normal -0.659488 0 0.751715
    outer loop
      vertex 29.0045 2.4 16.691
      vertex 29.1667 0 16.8333
      vertex 29.1667 2.4 16.8333
    endloop
  endfacet
  facet normal -0.659488 0 0.751715
    outer loop
      vertex 29.1667 0 16.8333
      vertex 29.0045 2.4 16.691
      vertex 29.0045 0 16.691
    endloop
  endfacet
  facet normal -0.659488 0 0.751715
    outer loop
      vertex 29.0045 70 16.691
      vertex 29.1667 67.6 16.8333
      vertex 29.1667 70 16.8333
    endloop
  endfacet
  facet normal -0.659488 0 0.751715
    outer loop
      vertex 29.1667 67.6 16.8333
      vertex 29.0045 70 16.691
      vertex 29.0045 67.6 16.691
    endloop
  endfacet
  facet normal -0.195047 0 -0.980794
    outer loop
      vertex 28.2154 67.6 19.6359
      vertex 28.4271 70 19.5938
      vertex 28.4271 67.6 19.5938
    endloop
  endfacet
  facet normal -0.195047 0 -0.980794
    outer loop
      vertex 28.4271 70 19.5938
      vertex 28.2154 67.6 19.6359
      vertex 28.2154 70 19.6359
    endloop
  endfacet
  facet normal -0.195047 0 -0.980794
    outer loop
      vertex 28.2154 0 19.6359
      vertex 28.4271 2.4 19.5938
      vertex 28.4271 0 19.5938
    endloop
  endfacet
  facet normal -0.195047 0 -0.980794
    outer loop
      vertex 28.4271 2.4 19.5938
      vertex 28.2154 0 19.6359
      vertex 28.2154 2.4 19.6359
    endloop
  endfacet
  facet normal 0.94686 -0 0.321645
    outer loop
      vertex 26.4062 0 17.5729
      vertex 26.4756 2.4 17.3686
      vertex 26.4062 2.4 17.5729
    endloop
  endfacet
  facet normal 0.94686 0 0.321645
    outer loop
      vertex 26.4756 2.4 17.3686
      vertex 26.4062 0 17.5729
      vertex 26.4756 0 17.3686
    endloop
  endfacet
  facet normal 0.94686 -0 0.321645
    outer loop
      vertex 26.4062 67.6 17.5729
      vertex 26.4756 70 17.3686
      vertex 26.4062 70 17.5729
    endloop
  endfacet
  facet normal 0.94686 0 0.321645
    outer loop
      vertex 26.4756 70 17.3686
      vertex 26.4062 67.6 17.5729
      vertex 26.4756 67.6 17.3686
    endloop
  endfacet
  facet normal 0.195047 0 0.980794
    outer loop
      vertex 27.5729 2.4 16.4062
      vertex 27.7846 0 16.3641
      vertex 27.7846 2.4 16.3641
    endloop
  endfacet
  facet normal 0.195047 0 0.980794
    outer loop
      vertex 27.7846 0 16.3641
      vertex 27.5729 2.4 16.4062
      vertex 27.5729 0 16.4062
    endloop
  endfacet
  facet normal 0.195047 0 0.980794
    outer loop
      vertex 27.5729 70 16.4062
      vertex 27.7846 67.6 16.3641
      vertex 27.7846 70 16.3641
    endloop
  endfacet
  facet normal 0.195047 0 0.980794
    outer loop
      vertex 27.7846 67.6 16.3641
      vertex 27.5729 70 16.4062
      vertex 27.5729 67.6 16.4062
    endloop
  endfacet
  facet normal 0.0653198 0 -0.997864
    outer loop
      vertex 27.7846 67.6 19.6359
      vertex 28 70 19.65
      vertex 28 67.6 19.65
    endloop
  endfacet
  facet normal 0.0653198 0 -0.997864
    outer loop
      vertex 28 70 19.65
      vertex 27.7846 67.6 19.6359
      vertex 27.7846 70 19.6359
    endloop
  endfacet
  facet normal 0.0653198 0 -0.997864
    outer loop
      vertex 27.7846 0 19.6359
      vertex 28 2.4 19.65
      vertex 28 0 19.65
    endloop
  endfacet
  facet normal 0.0653198 0 -0.997864
    outer loop
      vertex 28 2.4 19.65
      vertex 27.7846 0 19.6359
      vertex 27.7846 2.4 19.6359
    endloop
  endfacet
  facet normal 0.751715 0 -0.659488
    outer loop
      vertex 26.8333 0 19.1667
      vertex 26.691 2.4 19.0045
      vertex 26.8333 2.4 19.1667
    endloop
  endfacet
  facet normal 0.751715 0 -0.659488
    outer loop
      vertex 26.691 2.4 19.0045
      vertex 26.8333 0 19.1667
      vertex 26.691 0 19.0045
    endloop
  endfacet
  facet normal 0.751715 0 -0.659488
    outer loop
      vertex 26.8333 67.6 19.1667
      vertex 26.691 70 19.0045
      vertex 26.8333 70 19.1667
    endloop
  endfacet
  facet normal 0.751715 0 -0.659488
    outer loop
      vertex 26.691 70 19.0045
      vertex 26.8333 67.6 19.1667
      vertex 26.691 67.6 19.0045
    endloop
  endfacet
  facet normal 0.195047 0 -0.980794
    outer loop
      vertex 27.5729 67.6 19.5938
      vertex 27.7846 70 19.6359
      vertex 27.7846 67.6 19.6359
    endloop
  endfacet
  facet normal 0.195047 0 -0.980794
    outer loop
      vertex 27.7846 70 19.6359
      vertex 27.5729 67.6 19.5938
      vertex 27.5729 70 19.5938
    endloop
  endfacet
  facet normal 0.195047 0 -0.980794
    outer loop
      vertex 27.5729 0 19.5938
      vertex 27.7846 2.4 19.6359
      vertex 27.7846 0 19.6359
    endloop
  endfacet
  facet normal 0.195047 0 -0.980794
    outer loop
      vertex 27.7846 2.4 19.6359
      vertex 27.5729 0 19.5938
      vertex 27.5729 2.4 19.5938
    endloop
  endfacet
  facet normal 0.555448 0 -0.831551
    outer loop
      vertex 26.9955 0 19.309
      vertex 27.175 2.4 19.4289
      vertex 27.175 0 19.4289
    endloop
  endfacet
  facet normal 0.555448 0 -0.831551
    outer loop
      vertex 27.175 2.4 19.4289
      vertex 26.9955 0 19.309
      vertex 26.9955 2.4 19.309
    endloop
  endfacet
  facet normal 0.555448 0 -0.831551
    outer loop
      vertex 26.9955 67.6 19.309
      vertex 27.175 70 19.4289
      vertex 27.175 67.6 19.4289
    endloop
  endfacet
  facet normal 0.555448 0 -0.831551
    outer loop
      vertex 27.175 70 19.4289
      vertex 26.9955 67.6 19.309
      vertex 26.9955 70 19.309
    endloop
  endfacet
  facet normal 0.831551 -0 0.555448
    outer loop
      vertex 26.5711 0 17.175
      vertex 26.691 2.4 16.9955
      vertex 26.5711 2.4 17.175
    endloop
  endfacet
  facet normal 0.831551 0 0.555448
    outer loop
      vertex 26.691 2.4 16.9955
      vertex 26.5711 0 17.175
      vertex 26.691 0 16.9955
    endloop
  endfacet
  facet normal 0.831551 -0 0.555448
    outer loop
      vertex 26.5711 67.6 17.175
      vertex 26.691 70 16.9955
      vertex 26.5711 70 17.175
    endloop
  endfacet
  facet normal 0.831551 0 0.555448
    outer loop
      vertex 26.691 70 16.9955
      vertex 26.5711 67.6 17.175
      vertex 26.691 67.6 16.9955
    endloop
  endfacet
  facet normal 0 0 -1
    outer loop
      vertex 2.2 18 10.4
      vertex 2.4 26 10.4
      vertex 2.4 18 10.4
    endloop
  endfacet
  facet normal -0 0 -1
    outer loop
      vertex 2.4 26 10.4
      vertex 2.2 18 10.4
      vertex 2.2 26 10.4
    endloop
  endfacet
  facet normal -0 0 1
    outer loop
      vertex 2.2 26 4.4
      vertex 2.4 18 4.4
      vertex 2.4 26 4.4
    endloop
  endfacet
  facet normal 0 0 1
    outer loop
      vertex 2.4 18 4.4
      vertex 2.2 26 4.4
      vertex 2.2 18 4.4
    endloop
  endfacet
  facet normal 1 -0 0
    outer loop
      vertex 2.2 18 10.4
      vertex 2.2 26 4.4
      vertex 2.2 26 10.4
    endloop
  endfacet
  facet normal 1 0 0
    outer loop
      vertex 2.2 26 4.4
      vertex 2.2 18 10.4
      vertex 2.2 18 4.4
    endloop
  endfacet
  facet normal 0 -1 0
    outer loop
      vertex 2.2 26 4.4
      vertex 2.4 26 10.4
      vertex 2.2 26 10.4
    endloop
  endfacet
  facet normal 0 -1 -0
    outer loop
      vertex 2.4 26 10.4
      vertex 2.2 26 4.4
      vertex 2.4 26 4.4
    endloop
  endfacet
  facet normal 0 1 -0
    outer loop
      vertex 2.4 18 4.4
      vertex 2.2 18 10.4
      vertex 2.4 18 10.4
    endloop
  endfacet
  facet normal 0 1 0
    outer loop
      vertex 2.2 18 10.4
      vertex 2.4 18 4.4
      vertex 2.2 18 4.4
    endloop
  endfacet
  facet normal -0.980761 -0.195211 0
    outer loop
      vertex 40.2889 22.1697 2.4
      vertex 40.2557 22.3365 4
      vertex 40.2557 22.3365 2.4
    endloop
  endfacet
  facet normal -0.980761 -0.195211 0
    outer loop
      vertex 40.2557 22.3365 4
      vertex 40.2889 22.1697 2.4
      vertex 40.2889 22.1697 4
    endloop
  endfacet
  facet normal -0.997868 -0.0652701 0
    outer loop
      vertex 40.3 22 2.4
      vertex 40.2889 22.1697 4
      vertex 40.2889 22.1697 2.4
    endloop
  endfacet
  facet normal -0.997868 -0.0652701 0
    outer loop
      vertex 40.2889 22.1697 4
      vertex 40.3 22 2.4
      vertex 40.3 22 4
    endloop
  endfacet
  facet normal -0.946844 -0.321692 0
    outer loop
      vertex 40.2557 22.3365 2.4
      vertex 40.201 22.4975 4
      vertex 40.201 22.4975 2.4
    endloop
  endfacet
  facet normal -0.946844 -0.321692 0
    outer loop
      vertex 40.201 22.4975 4
      vertex 40.2557 22.3365 2.4
      vertex 40.2557 22.3365 4
    endloop
  endfacet
  facet normal 0.195211 0.980761 -0
    outer loop
      vertex 38.8303 20.7111 2.4
      vertex 38.6635 20.7443 4
      vertex 38.8303 20.7111 4
    endloop
  endfacet
  facet normal 0.195211 0.980761 0
    outer loop
      vertex 38.6635 20.7443 4
      vertex 38.8303 20.7111 2.4
      vertex 38.6635 20.7443 2.4
    endloop
  endfacet
  facet normal -0.442267 -0.896884 0
    outer loop
      vertex 39.4975 23.201 2.4
      vertex 39.65 23.1258 4
      vertex 39.4975 23.201 4
    endloop
  endfacet
  facet normal -0.442267 -0.896884 -0
    outer loop
      vertex 39.65 23.1258 4
      vertex 39.4975 23.201 2.4
      vertex 39.65 23.1258 2.4
    endloop
  endfacet
  facet normal -0.896884 -0.442267 0
    outer loop
      vertex 40.201 22.4975 2.4
      vertex 40.1258 22.65 4
      vertex 40.1258 22.65 2.4
    endloop
  endfacet
  facet normal -0.896884 -0.442267 0
    outer loop
      vertex 40.1258 22.65 4
      vertex 40.201 22.4975 2.4
      vertex 40.201 22.4975 4
    endloop
  endfacet
  facet normal -0.831688 -0.555243 0
    outer loop
      vertex 40.1258 22.65 2.4
      vertex 40.0314 22.7914 4
      vertex 40.0314 22.7914 2.4
    endloop
  endfacet
  facet normal -0.831688 -0.555243 0
    outer loop
      vertex 40.0314 22.7914 4
      vertex 40.1258 22.65 2.4
      vertex 40.1258 22.65 4
    endloop
  endfacet
  facet normal 0.555243 0.831688 -0
    outer loop
      vertex 38.35 20.8742 2.4
      vertex 38.2086 20.9686 4
      vertex 38.35 20.8742 4
    endloop
  endfacet
  facet normal 0.555243 0.831688 0
    outer loop
      vertex 38.2086 20.9686 4
      vertex 38.35 20.8742 2.4
      vertex 38.2086 20.9686 2.4
    endloop
  endfacet
  facet normal 0.442267 -0.896884 0
    outer loop
      vertex 38.35 23.1258 2.4
      vertex 38.5025 23.201 4
      vertex 38.35 23.1258 4
    endloop
  endfacet
  facet normal 0.442267 -0.896884 0
    outer loop
      vertex 38.5025 23.201 4
      vertex 38.35 23.1258 2.4
      vertex 38.5025 23.201 2.4
    endloop
  endfacet
  facet normal 0.997868 0.0652701 0
    outer loop
      vertex 37.7111 21.8303 4
      vertex 37.7 22 2.4
      vertex 37.7 22 4
    endloop
  endfacet
  facet normal 0.997868 0.0652701 0
    outer loop
      vertex 37.7 22 2.4
      vertex 37.7111 21.8303 4
      vertex 37.7111 21.8303 2.4
    endloop
  endfacet
  facet normal -0.896884 0.442267 0
    outer loop
      vertex 40.1258 21.35 2.4
      vertex 40.201 21.5025 4
      vertex 40.201 21.5025 2.4
    endloop
  endfacet
  facet normal -0.896884 0.442267 0
    outer loop
      vertex 40.201 21.5025 4
      vertex 40.1258 21.35 2.4
      vertex 40.1258 21.35 4
    endloop
  endfacet
  facet normal 0.659753 -0.751483 0
    outer loop
      vertex 38.0808 22.9192 2.4
      vertex 38.2086 23.0314 4
      vertex 38.0808 22.9192 4
    endloop
  endfacet
  facet normal 0.659753 -0.751483 0
    outer loop
      vertex 38.2086 23.0314 4
      vertex 38.0808 22.9192 2.4
      vertex 38.2086 23.0314 2.4
    endloop
  endfacet
  facet normal -0.751483 -0.659753 0
    outer loop
      vertex 40.0314 22.7914 2.4
      vertex 39.9192 22.9192 4
      vertex 39.9192 22.9192 2.4
    endloop
  endfacet
  facet normal -0.751483 -0.659753 0
    outer loop
      vertex 39.9192 22.9192 4
      vertex 40.0314 22.7914 2.4
      vertex 40.0314 22.7914 4
    endloop
  endfacet
  facet normal -0.980761 0.195211 0
    outer loop
      vertex 40.2557 21.6635 2.4
      vertex 40.2889 21.8303 4
      vertex 40.2889 21.8303 2.4
    endloop
  endfacet
  facet normal -0.980761 0.195211 0
    outer loop
      vertex 40.2889 21.8303 4
      vertex 40.2557 21.6635 2.4
      vertex 40.2557 21.6635 4
    endloop
  endfacet
  facet normal -0.946844 0.321692 0
    outer loop
      vertex 40.201 21.5025 2.4
      vertex 40.2557 21.6635 4
      vertex 40.2557 21.6635 2.4
    endloop
  endfacet
  facet normal -0.946844 0.321692 0
    outer loop
      vertex 40.2557 21.6635 4
      vertex 40.201 21.5025 2.4
      vertex 40.201 21.5025 4
    endloop
  endfacet
  facet normal 0.980761 0.195211 0
    outer loop
      vertex 37.7443 21.6635 4
      vertex 37.7111 21.8303 2.4
      vertex 37.7111 21.8303 4
    endloop
  endfacet
  facet normal 0.980761 0.195211 0
    outer loop
      vertex 37.7111 21.8303 2.4
      vertex 37.7443 21.6635 4
      vertex 37.7443 21.6635 2.4
    endloop
  endfacet
  facet normal 0.751483 0.659753 0
    outer loop
      vertex 38.0808 21.0808 4
      vertex 37.9686 21.2086 2.4
      vertex 37.9686 21.2086 4
    endloop
  endfacet
  facet normal 0.751483 0.659753 0
    outer loop
      vertex 37.9686 21.2086 2.4
      vertex 38.0808 21.0808 4
      vertex 38.0808 21.0808 2.4
    endloop
  endfacet
  facet normal -0.555243 -0.831688 0
    outer loop
      vertex 39.65 23.1258 2.4
      vertex 39.7914 23.0314 4
      vertex 39.65 23.1258 4
    endloop
  endfacet
  facet normal -0.555243 -0.831688 -0
    outer loop
      vertex 39.7914 23.0314 4
      vertex 39.65 23.1258 2.4
      vertex 39.7914 23.0314 2.4
    endloop
  endfacet
  facet normal -0.831688 0.555243 0
    outer loop
      vertex 40.0314 21.2086 2.4
      vertex 40.1258 21.35 4
      vertex 40.1258 21.35 2.4
    endloop
  endfacet
  facet normal -0.831688 0.555243 0
    outer loop
      vertex 40.1258 21.35 4
      vertex 40.0314 21.2086 2.4
      vertex 40.0314 21.2086 4
    endloop
  endfacet
  facet normal -0.321692 0.946844 0
    outer loop
      vertex 39.4975 20.799 2.4
      vertex 39.3365 20.7443 4
      vertex 39.4975 20.799 4
    endloop
  endfacet
  facet normal -0.321692 0.946844 0
    outer loop
      vertex 39.3365 20.7443 4
      vertex 39.4975 20.799 2.4
      vertex 39.3365 20.7443 2.4
    endloop
  endfacet
  facet normal 0.555243 -0.831688 0
    outer loop
      vertex 38.2086 23.0314 2.4
      vertex 38.35 23.1258 4
      vertex 38.2086 23.0314 4
    endloop
  endfacet
  facet normal 0.555243 -0.831688 0
    outer loop
      vertex 38.35 23.1258 4
      vertex 38.2086 23.0314 2.4
      vertex 38.35 23.1258 2.4
    endloop
  endfacet
  facet normal -0.195211 0.980761 0
    outer loop
      vertex 39.3365 20.7443 2.4
      vertex 39.1697 20.7111 4
      vertex 39.3365 20.7443 4
    endloop
  endfacet
  facet normal -0.195211 0.980761 0
    outer loop
      vertex 39.1697 20.7111 4
      vertex 39.3365 20.7443 2.4
      vertex 39.1697 20.7111 2.4
    endloop
  endfacet
  facet normal 0.0652701 0.997868 -0
    outer loop
      vertex 39 20.7 2.4
      vertex 38.8303 20.7111 4
      vertex 39 20.7 4
    endloop
  endfacet
  facet normal 0.0652701 0.997868 0
    outer loop
      vertex 38.8303 20.7111 4
      vertex 39 20.7 2.4
      vertex 38.8303 20.7111 2.4
    endloop
  endfacet
  facet normal -0.0652701 -0.997868 0
    outer loop
      vertex 39 23.3 2.4
      vertex 39.1697 23.2889 4
      vertex 39 23.3 4
    endloop
  endfacet
  facet normal -0.0652701 -0.997868 -0
    outer loop
      vertex 39.1697 23.2889 4
      vertex 39 23.3 2.4
      vertex 39.1697 23.2889 2.4
    endloop
  endfacet
  facet normal 0.659753 0.751483 -0
    outer loop
      vertex 38.2086 20.9686 2.4
      vertex 38.0808 21.0808 4
      vertex 38.2086 20.9686 4
    endloop
  endfacet
  facet normal 0.659753 0.751483 0
    outer loop
      vertex 38.0808 21.0808 4
      vertex 38.2086 20.9686 2.4
      vertex 38.0808 21.0808 2.4
    endloop
  endfacet
  facet normal 0.831688 -0.555243 0
    outer loop
      vertex 37.8742 22.65 4
      vertex 37.9686 22.7914 2.4
      vertex 37.9686 22.7914 4
    endloop
  endfacet
  facet normal 0.831688 -0.555243 0
    outer loop
      vertex 37.9686 22.7914 2.4
      vertex 37.8742 22.65 4
      vertex 37.8742 22.65 2.4
    endloop
  endfacet
  facet normal -0.659753 -0.751483 0
    outer loop
      vertex 39.7914 23.0314 2.4
      vertex 39.9192 22.9192 4
      vertex 39.7914 23.0314 4
    endloop
  endfacet
  facet normal -0.659753 -0.751483 -0
    outer loop
      vertex 39.9192 22.9192 4
      vertex 39.7914 23.0314 2.4
      vertex 39.9192 22.9192 2.4
    endloop
  endfacet
  facet normal 0.980761 -0.195211 0
    outer loop
      vertex 37.7111 22.1697 4
      vertex 37.7443 22.3365 2.4
      vertex 37.7443 22.3365 4
    endloop
  endfacet
  facet normal 0.980761 -0.195211 0
    outer loop
      vertex 37.7443 22.3365 2.4
      vertex 37.7111 22.1697 4
      vertex 37.7111 22.1697 2.4
    endloop
  endfacet
  facet normal 0.321692 -0.946844 0
    outer loop
      vertex 38.5025 23.201 2.4
      vertex 38.6635 23.2557 4
      vertex 38.5025 23.201 4
    endloop
  endfacet
  facet normal 0.321692 -0.946844 0
    outer loop
      vertex 38.6635 23.2557 4
      vertex 38.5025 23.201 2.4
      vertex 38.6635 23.2557 2.4
    endloop
  endfacet
  facet normal 0.946844 0.321692 0
    outer loop
      vertex 37.799 21.5025 4
      vertex 37.7443 21.6635 2.4
      vertex 37.7443 21.6635 4
    endloop
  endfacet
  facet normal 0.946844 0.321692 0
    outer loop
      vertex 37.7443 21.6635 2.4
      vertex 37.799 21.5025 4
      vertex 37.799 21.5025 2.4
    endloop
  endfacet
  facet normal -0.0652701 0.997868 0
    outer loop
      vertex 39.1697 20.7111 2.4
      vertex 39 20.7 4
      vertex 39.1697 20.7111 4
    endloop
  endfacet
  facet normal -0.0652701 0.997868 0
    outer loop
      vertex 39 20.7 4
      vertex 39.1697 20.7111 2.4
      vertex 39 20.7 2.4
    endloop
  endfacet
  facet normal 0.751483 -0.659753 0
    outer loop
      vertex 37.9686 22.7914 4
      vertex 38.0808 22.9192 2.4
      vertex 38.0808 22.9192 4
    endloop
  endfacet
  facet normal 0.751483 -0.659753 0
    outer loop
      vertex 38.0808 22.9192 2.4
      vertex 37.9686 22.7914 4
      vertex 37.9686 22.7914 2.4
    endloop
  endfacet
  facet normal 0.896884 -0.442267 0
    outer loop
      vertex 37.799 22.4975 4
      vertex 37.8742 22.65 2.4
      vertex 37.8742 22.65 4
    endloop
  endfacet
  facet normal 0.896884 -0.442267 0
    outer loop
      vertex 37.8742 22.65 2.4
      vertex 37.799 22.4975 4
      vertex 37.799 22.4975 2.4
    endloop
  endfacet
  facet normal 0.946844 -0.321692 0
    outer loop
      vertex 37.7443 22.3365 4
      vertex 37.799 22.4975 2.4
      vertex 37.799 22.4975 4
    endloop
  endfacet
  facet normal 0.946844 -0.321692 0
    outer loop
      vertex 37.799 22.4975 2.4
      vertex 37.7443 22.3365 4
      vertex 37.7443 22.3365 2.4
    endloop
  endfacet
  facet normal -0.321692 -0.946844 0
    outer loop
      vertex 39.3365 23.2557 2.4
      vertex 39.4975 23.201 4
      vertex 39.3365 23.2557 4
    endloop
  endfacet
  facet normal -0.321692 -0.946844 -0
    outer loop
      vertex 39.4975 23.201 4
      vertex 39.3365 23.2557 2.4
      vertex 39.4975 23.201 2.4
    endloop
  endfacet
  facet normal 0.997868 -0.0652701 0
    outer loop
      vertex 37.7 22 4
      vertex 37.7111 22.1697 2.4
      vertex 37.7111 22.1697 4
    endloop
  endfacet
  facet normal 0.997868 -0.0652701 0
    outer loop
      vertex 37.7111 22.1697 2.4
      vertex 37.7 22 4
      vertex 37.7 22 2.4
    endloop
  endfacet
  facet normal 0.831688 0.555243 0
    outer loop
      vertex 37.9686 21.2086 4
      vertex 37.8742 21.35 2.4
      vertex 37.8742 21.35 4
    endloop
  endfacet
  facet normal 0.831688 0.555243 0
    outer loop
      vertex 37.8742 21.35 2.4
      vertex 37.9686 21.2086 4
      vertex 37.9686 21.2086 2.4
    endloop
  endfacet
  facet normal -0.997868 0.0652701 0
    outer loop
      vertex 40.2889 21.8303 2.4
      vertex 40.3 22 4
      vertex 40.3 22 2.4
    endloop
  endfacet
  facet normal -0.997868 0.0652701 0
    outer loop
      vertex 40.3 22 4
      vertex 40.2889 21.8303 2.4
      vertex 40.2889 21.8303 4
    endloop
  endfacet
  facet normal 0.0652701 -0.997868 0
    outer loop
      vertex 38.8303 23.2889 2.4
      vertex 39 23.3 4
      vertex 38.8303 23.2889 4
    endloop
  endfacet
  facet normal 0.0652701 -0.997868 0
    outer loop
      vertex 39 23.3 4
      vertex 38.8303 23.2889 2.4
      vertex 39 23.3 2.4
    endloop
  endfacet
  facet normal -0.555243 0.831688 0
    outer loop
      vertex 39.7914 20.9686 2.4
      vertex 39.65 20.8742 4
      vertex 39.7914 20.9686 4
    endloop
  endfacet
  facet normal -0.555243 0.831688 0
    outer loop
      vertex 39.65 20.8742 4
      vertex 39.7914 20.9686 2.4
      vertex 39.65 20.8742 2.4
    endloop
  endfacet
  facet normal 0.195211 -0.980761 0
    outer loop
      vertex 38.6635 23.2557 2.4
      vertex 38.8303 23.2889 4
      vertex 38.6635 23.2557 4
    endloop
  endfacet
  facet normal 0.195211 -0.980761 0
    outer loop
      vertex 38.8303 23.2889 4
      vertex 38.6635 23.2557 2.4
      vertex 38.8303 23.2889 2.4
    endloop
  endfacet
  facet normal 0.321692 0.946844 -0
    outer loop
      vertex 38.6635 20.7443 2.4
      vertex 38.5025 20.799 4
      vertex 38.6635 20.7443 4
    endloop
  endfacet
  facet normal 0.321692 0.946844 0
    outer loop
      vertex 38.5025 20.799 4
      vertex 38.6635 20.7443 2.4
      vertex 38.5025 20.799 2.4
    endloop
  endfacet
  facet normal -0.195211 -0.980761 0
    outer loop
      vertex 39.1697 23.2889 2.4
      vertex 39.3365 23.2557 4
      vertex 39.1697 23.2889 4
    endloop
  endfacet
  facet normal -0.195211 -0.980761 -0
    outer loop
      vertex 39.3365 23.2557 4
      vertex 39.1697 23.2889 2.4
      vertex 39.3365 23.2557 2.4
    endloop
  endfacet
  facet normal -0.442267 0.896884 0
    outer loop
      vertex 39.65 20.8742 2.4
      vertex 39.4975 20.799 4
      vertex 39.65 20.8742 4
    endloop
  endfacet
  facet normal -0.442267 0.896884 0
    outer loop
      vertex 39.4975 20.799 4
      vertex 39.65 20.8742 2.4
      vertex 39.4975 20.799 2.4
    endloop
  endfacet
  facet normal 0.442267 0.896884 -0
    outer loop
      vertex 38.5025 20.799 2.4
      vertex 38.35 20.8742 4
      vertex 38.5025 20.799 4
    endloop
  endfacet
  facet normal 0.442267 0.896884 0
    outer loop
      vertex 38.35 20.8742 4
      vertex 38.5025 20.799 2.4
      vertex 38.35 20.8742 2.4
    endloop
  endfacet
  facet normal 0.896884 0.442267 0
    outer loop
      vertex 37.8742 21.35 4
      vertex 37.799 21.5025 2.4
      vertex 37.799 21.5025 4
    endloop
  endfacet
  facet normal 0.896884 0.442267 0
    outer loop
      vertex 37.799 21.5025 2.4
      vertex 37.8742 21.35 4
      vertex 37.8742 21.35 2.4
    endloop
  endfacet
  facet normal -0.659753 0.751483 0
    outer loop
      vertex 39.9192 21.0808 2.4
      vertex 39.7914 20.9686 4
      vertex 39.9192 21.0808 4
    endloop
  endfacet
  facet normal -0.659753 0.751483 0
    outer loop
      vertex 39.7914 20.9686 4
      vertex 39.9192 21.0808 2.4
      vertex 39.7914 20.9686 2.4
    endloop
  endfacet
  facet normal -0.751483 0.659753 0
    outer loop
      vertex 39.9192 21.0808 2.4
      vertex 40.0314 21.2086 4
      vertex 40.0314 21.2086 2.4
    endloop
  endfacet
  facet normal -0.751483 0.659753 0
    outer loop
      vertex 40.0314 21.2086 4
      vertex 39.9192 21.0808 2.4
      vertex 39.9192 21.0808 4
    endloop
  endfacet
  facet normal -0.321692 0.946844 0
    outer loop
      vertex 39.4975 46.799 2.4
      vertex 39.3365 46.7443 4
      vertex 39.4975 46.799 4
    endloop
  endfacet
  facet normal -0.321692 0.946844 0
    outer loop
      vertex 39.3365 46.7443 4
      vertex 39.4975 46.799 2.4
      vertex 39.3365 46.7443 2.4
    endloop
  endfacet
  facet normal -0.980761 -0.195211 0
    outer loop
      vertex 40.2889 48.1697 2.4
      vertex 40.2557 48.3365 4
      vertex 40.2557 48.3365 2.4
    endloop
  endfacet
  facet normal -0.980761 -0.195211 0
    outer loop
      vertex 40.2557 48.3365 4
      vertex 40.2889 48.1697 2.4
      vertex 40.2889 48.1697 4
    endloop
  endfacet
  facet normal -0.997868 -0.0652701 0
    outer loop
      vertex 40.3 48 2.4
      vertex 40.2889 48.1697 4
      vertex 40.2889 48.1697 2.4
    endloop
  endfacet
  facet normal -0.997868 -0.0652701 0
    outer loop
      vertex 40.2889 48.1697 4
      vertex 40.3 48 2.4
      vertex 40.3 48 4
    endloop
  endfacet
  facet normal -0.946844 -0.321692 0
    outer loop
      vertex 40.2557 48.3365 2.4
      vertex 40.201 48.4975 4
      vertex 40.201 48.4975 2.4
    endloop
  endfacet
  facet normal -0.946844 -0.321692 0
    outer loop
      vertex 40.201 48.4975 4
      vertex 40.2557 48.3365 2.4
      vertex 40.2557 48.3365 4
    endloop
  endfacet
  facet normal -0.321692 -0.946844 0
    outer loop
      vertex 39.3365 49.2557 2.4
      vertex 39.4975 49.201 4
      vertex 39.3365 49.2557 4
    endloop
  endfacet
  facet normal -0.321692 -0.946844 -0
    outer loop
      vertex 39.4975 49.201 4
      vertex 39.3365 49.2557 2.4
      vertex 39.4975 49.201 2.4
    endloop
  endfacet
  facet normal 0.896884 -0.442267 0
    outer loop
      vertex 37.799 48.4975 4
      vertex 37.8742 48.65 2.4
      vertex 37.8742 48.65 4
    endloop
  endfacet
  facet normal 0.896884 -0.442267 0
    outer loop
      vertex 37.8742 48.65 2.4
      vertex 37.799 48.4975 4
      vertex 37.799 48.4975 2.4
    endloop
  endfacet
  facet normal -0.831688 -0.555243 0
    outer loop
      vertex 40.1258 48.65 2.4
      vertex 40.0314 48.7914 4
      vertex 40.0314 48.7914 2.4
    endloop
  endfacet
  facet normal -0.831688 -0.555243 0
    outer loop
      vertex 40.0314 48.7914 4
      vertex 40.1258 48.65 2.4
      vertex 40.1258 48.65 4
    endloop
  endfacet
  facet normal -0.896884 -0.442267 0
    outer loop
      vertex 40.201 48.4975 2.4
      vertex 40.1258 48.65 4
      vertex 40.1258 48.65 2.4
    endloop
  endfacet
  facet normal -0.896884 -0.442267 0
    outer loop
      vertex 40.1258 48.65 4
      vertex 40.201 48.4975 2.4
      vertex 40.201 48.4975 4
    endloop
  endfacet
  facet normal 0.442267 0.896884 -0
    outer loop
      vertex 38.5025 46.799 2.4
      vertex 38.35 46.8742 4
      vertex 38.5025 46.799 4
    endloop
  endfacet
  facet normal 0.442267 0.896884 0
    outer loop
      vertex 38.35 46.8742 4
      vertex 38.5025 46.799 2.4
      vertex 38.35 46.8742 2.4
    endloop
  endfacet
  facet normal 0.946844 -0.321692 0
    outer loop
      vertex 37.7443 48.3365 4
      vertex 37.799 48.4975 2.4
      vertex 37.799 48.4975 4
    endloop
  endfacet
  facet normal 0.946844 -0.321692 0
    outer loop
      vertex 37.799 48.4975 2.4
      vertex 37.7443 48.3365 4
      vertex 37.7443 48.3365 2.4
    endloop
  endfacet
  facet normal 0.751483 -0.659753 0
    outer loop
      vertex 37.9686 48.7914 4
      vertex 38.0808 48.9192 2.4
      vertex 38.0808 48.9192 4
    endloop
  endfacet
  facet normal 0.751483 -0.659753 0
    outer loop
      vertex 38.0808 48.9192 2.4
      vertex 37.9686 48.7914 4
      vertex 37.9686 48.7914 2.4
    endloop
  endfacet
  facet normal -0.946844 0.321692 0
    outer loop
      vertex 40.201 47.5025 2.4
      vertex 40.2557 47.6635 4
      vertex 40.2557 47.6635 2.4
    endloop
  endfacet
  facet normal -0.946844 0.321692 0
    outer loop
      vertex 40.2557 47.6635 4
      vertex 40.201 47.5025 2.4
      vertex 40.201 47.5025 4
    endloop
  endfacet
  facet normal -0.659753 -0.751483 0
    outer loop
      vertex 39.7914 49.0314 2.4
      vertex 39.9192 48.9192 4
      vertex 39.7914 49.0314 4
    endloop
  endfacet
  facet normal -0.659753 -0.751483 -0
    outer loop
      vertex 39.9192 48.9192 4
      vertex 39.7914 49.0314 2.4
      vertex 39.9192 48.9192 2.4
    endloop
  endfacet
  facet normal -0.442267 0.896884 0
    outer loop
      vertex 39.65 46.8742 2.4
      vertex 39.4975 46.799 4
      vertex 39.65 46.8742 4
    endloop
  endfacet
  facet normal -0.442267 0.896884 0
    outer loop
      vertex 39.4975 46.799 4
      vertex 39.65 46.8742 2.4
      vertex 39.4975 46.799 2.4
    endloop
  endfacet
  facet normal 0.442267 -0.896884 0
    outer loop
      vertex 38.35 49.1258 2.4
      vertex 38.5025 49.201 4
      vertex 38.35 49.1258 4
    endloop
  endfacet
  facet normal 0.442267 -0.896884 0
    outer loop
      vertex 38.5025 49.201 4
      vertex 38.35 49.1258 2.4
      vertex 38.5025 49.201 2.4
    endloop
  endfacet
  facet normal -0.831688 0.555243 0
    outer loop
      vertex 40.0314 47.2086 2.4
      vertex 40.1258 47.35 4
      vertex 40.1258 47.35 2.4
    endloop
  endfacet
  facet normal -0.831688 0.555243 0
    outer loop
      vertex 40.1258 47.35 4
      vertex 40.0314 47.2086 2.4
      vertex 40.0314 47.2086 4
    endloop
  endfacet
  facet normal 0.321692 0.946844 -0
    outer loop
      vertex 38.6635 46.7443 2.4
      vertex 38.5025 46.799 4
      vertex 38.6635 46.7443 4
    endloop
  endfacet
  facet normal 0.321692 0.946844 0
    outer loop
      vertex 38.5025 46.799 4
      vertex 38.6635 46.7443 2.4
      vertex 38.5025 46.799 2.4
    endloop
  endfacet
  facet normal -0.195211 0.980761 0
    outer loop
      vertex 39.3365 46.7443 2.4
      vertex 39.1697 46.7111 4
      vertex 39.3365 46.7443 4
    endloop
  endfacet
  facet normal -0.195211 0.980761 0
    outer loop
      vertex 39.1697 46.7111 4
      vertex 39.3365 46.7443 2.4
      vertex 39.1697 46.7111 2.4
    endloop
  endfacet
  facet normal -0.0652701 -0.997868 0
    outer loop
      vertex 39 49.3 2.4
      vertex 39.1697 49.2889 4
      vertex 39 49.3 4
    endloop
  endfacet
  facet normal -0.0652701 -0.997868 -0
    outer loop
      vertex 39.1697 49.2889 4
      vertex 39 49.3 2.4
      vertex 39.1697 49.2889 2.4
    endloop
  endfacet
  facet normal -0.980761 0.195211 0
    outer loop
      vertex 40.2557 47.6635 2.4
      vertex 40.2889 47.8303 4
      vertex 40.2889 47.8303 2.4
    endloop
  endfacet
  facet normal -0.980761 0.195211 0
    outer loop
      vertex 40.2889 47.8303 4
      vertex 40.2557 47.6635 2.4
      vertex 40.2557 47.6635 4
    endloop
  endfacet
  facet normal 0.659753 0.751483 -0
    outer loop
      vertex 38.2086 46.9686 2.4
      vertex 38.0808 47.0808 4
      vertex 38.2086 46.9686 4
    endloop
  endfacet
  facet normal 0.659753 0.751483 0
    outer loop
      vertex 38.0808 47.0808 4
      vertex 38.2086 46.9686 2.4
      vertex 38.0808 47.0808 2.4
    endloop
  endfacet
  facet normal -0.555243 0.831688 0
    outer loop
      vertex 39.7914 46.9686 2.4
      vertex 39.65 46.8742 4
      vertex 39.7914 46.9686 4
    endloop
  endfacet
  facet normal -0.555243 0.831688 0
    outer loop
      vertex 39.65 46.8742 4
      vertex 39.7914 46.9686 2.4
      vertex 39.65 46.8742 2.4
    endloop
  endfacet
  facet normal -0.555243 -0.831688 0
    outer loop
      vertex 39.65 49.1258 2.4
      vertex 39.7914 49.0314 4
      vertex 39.65 49.1258 4
    endloop
  endfacet
  facet normal -0.555243 -0.831688 -0
    outer loop
      vertex 39.7914 49.0314 4
      vertex 39.65 49.1258 2.4
      vertex 39.7914 49.0314 2.4
    endloop
  endfacet
  facet normal -0.896884 0.442267 0
    outer loop
      vertex 40.1258 47.35 2.4
      vertex 40.201 47.5025 4
      vertex 40.201 47.5025 2.4
    endloop
  endfacet
  facet normal -0.896884 0.442267 0
    outer loop
      vertex 40.201 47.5025 4
      vertex 40.1258 47.35 2.4
      vertex 40.1258 47.35 4
    endloop
  endfacet
  facet normal 0.555243 -0.831688 0
    outer loop
      vertex 38.2086 49.0314 2.4
      vertex 38.35 49.1258 4
      vertex 38.2086 49.0314 4
    endloop
  endfacet
  facet normal 0.555243 -0.831688 0
    outer loop
      vertex 38.35 49.1258 4
      vertex 38.2086 49.0314 2.4
      vertex 38.35 49.1258 2.4
    endloop
  endfacet
  facet normal -0.751483 0.659753 0
    outer loop
      vertex 39.9192 47.0808 2.4
      vertex 40.0314 47.2086 4
      vertex 40.0314 47.2086 2.4
    endloop
  endfacet
  facet normal -0.751483 0.659753 0
    outer loop
      vertex 40.0314 47.2086 4
      vertex 39.9192 47.0808 2.4
      vertex 39.9192 47.0808 4
    endloop
  endfacet
  facet normal -0.195211 -0.980761 0
    outer loop
      vertex 39.1697 49.2889 2.4
      vertex 39.3365 49.2557 4
      vertex 39.1697 49.2889 4
    endloop
  endfacet
  facet normal -0.195211 -0.980761 -0
    outer loop
      vertex 39.3365 49.2557 4
      vertex 39.1697 49.2889 2.4
      vertex 39.3365 49.2557 2.4
    endloop
  endfacet
  facet normal 0.997868 -0.0652701 0
    outer loop
      vertex 37.7 48 4
      vertex 37.7111 48.1697 2.4
      vertex 37.7111 48.1697 4
    endloop
  endfacet
  facet normal 0.997868 -0.0652701 0
    outer loop
      vertex 37.7111 48.1697 2.4
      vertex 37.7 48 4
      vertex 37.7 48 2.4
    endloop
  endfacet
  facet normal 0.659753 -0.751483 0
    outer loop
      vertex 38.0808 48.9192 2.4
      vertex 38.2086 49.0314 4
      vertex 38.0808 48.9192 4
    endloop
  endfacet
  facet normal 0.659753 -0.751483 0
    outer loop
      vertex 38.2086 49.0314 4
      vertex 38.0808 48.9192 2.4
      vertex 38.2086 49.0314 2.4
    endloop
  endfacet
  facet normal 0.321692 -0.946844 0
    outer loop
      vertex 38.5025 49.201 2.4
      vertex 38.6635 49.2557 4
      vertex 38.5025 49.201 4
    endloop
  endfacet
  facet normal 0.321692 -0.946844 0
    outer loop
      vertex 38.6635 49.2557 4
      vertex 38.5025 49.201 2.4
      vertex 38.6635 49.2557 2.4
    endloop
  endfacet
  facet normal -0.997868 0.0652701 0
    outer loop
      vertex 40.2889 47.8303 2.4
      vertex 40.3 48 4
      vertex 40.3 48 2.4
    endloop
  endfacet
  facet normal -0.997868 0.0652701 0
    outer loop
      vertex 40.3 48 4
      vertex 40.2889 47.8303 2.4
      vertex 40.2889 47.8303 4
    endloop
  endfacet
  facet normal 0.980761 0.195211 0
    outer loop
      vertex 37.7443 47.6635 4
      vertex 37.7111 47.8303 2.4
      vertex 37.7111 47.8303 4
    endloop
  endfacet
  facet normal 0.980761 0.195211 0
    outer loop
      vertex 37.7111 47.8303 2.4
      vertex 37.7443 47.6635 4
      vertex 37.7443 47.6635 2.4
    endloop
  endfacet
  facet normal -0.0652701 0.997868 0
    outer loop
      vertex 39.1697 46.7111 2.4
      vertex 39 46.7 4
      vertex 39.1697 46.7111 4
    endloop
  endfacet
  facet normal -0.0652701 0.997868 0
    outer loop
      vertex 39 46.7 4
      vertex 39.1697 46.7111 2.4
      vertex 39 46.7 2.4
    endloop
  endfacet
  facet normal 0.896884 0.442267 0
    outer loop
      vertex 37.8742 47.35 4
      vertex 37.799 47.5025 2.4
      vertex 37.799 47.5025 4
    endloop
  endfacet
  facet normal 0.896884 0.442267 0
    outer loop
      vertex 37.799 47.5025 2.4
      vertex 37.8742 47.35 4
      vertex 37.8742 47.35 2.4
    endloop
  endfacet
  facet normal 0.831688 0.555243 0
    outer loop
      vertex 37.9686 47.2086 4
      vertex 37.8742 47.35 2.4
      vertex 37.8742 47.35 4
    endloop
  endfacet
  facet normal 0.831688 0.555243 0
    outer loop
      vertex 37.8742 47.35 2.4
      vertex 37.9686 47.2086 4
      vertex 37.9686 47.2086 2.4
    endloop
  endfacet
  facet normal 0.0652701 -0.997868 0
    outer loop
      vertex 38.8303 49.2889 2.4
      vertex 39 49.3 4
      vertex 38.8303 49.2889 4
    endloop
  endfacet
  facet normal 0.0652701 -0.997868 0
    outer loop
      vertex 39 49.3 4
      vertex 38.8303 49.2889 2.4
      vertex 39 49.3 2.4
    endloop
  endfacet
  facet normal 0.751483 0.659753 0
    outer loop
      vertex 38.0808 47.0808 4
      vertex 37.9686 47.2086 2.4
      vertex 37.9686 47.2086 4
    endloop
  endfacet
  facet normal 0.751483 0.659753 0
    outer loop
      vertex 37.9686 47.2086 2.4
      vertex 38.0808 47.0808 4
      vertex 38.0808 47.0808 2.4
    endloop
  endfacet
  facet normal -0.442267 -0.896884 0
    outer loop
      vertex 39.4975 49.201 2.4
      vertex 39.65 49.1258 4
      vertex 39.4975 49.201 4
    endloop
  endfacet
  facet normal -0.442267 -0.896884 -0
    outer loop
      vertex 39.65 49.1258 4
      vertex 39.4975 49.201 2.4
      vertex 39.65 49.1258 2.4
    endloop
  endfacet
  facet normal 0.946844 0.321692 0
    outer loop
      vertex 37.799 47.5025 4
      vertex 37.7443 47.6635 2.4
      vertex 37.7443 47.6635 4
    endloop
  endfacet
  facet normal 0.946844 0.321692 0
    outer loop
      vertex 37.7443 47.6635 2.4
      vertex 37.799 47.5025 4
      vertex 37.799 47.5025 2.4
    endloop
  endfacet
  facet normal 0.195211 -0.980761 0
    outer loop
      vertex 38.6635 49.2557 2.4
      vertex 38.8303 49.2889 4
      vertex 38.6635 49.2557 4
    endloop
  endfacet
  facet normal 0.195211 -0.980761 0
    outer loop
      vertex 38.8303 49.2889 4
      vertex 38.6635 49.2557 2.4
      vertex 38.8303 49.2889 2.4
    endloop
  endfacet
  facet normal 0.997868 0.0652701 0
    outer loop
      vertex 37.7111 47.8303 4
      vertex 37.7 48 2.4
      vertex 37.7 48 4
    endloop
  endfacet
  facet normal 0.997868 0.0652701 0
    outer loop
      vertex 37.7 48 2.4
      vertex 37.7111 47.8303 4
      vertex 37.7111 47.8303 2.4
    endloop
  endfacet
  facet normal 0.195211 0.980761 -0
    outer loop
      vertex 38.8303 46.7111 2.4
      vertex 38.6635 46.7443 4
      vertex 38.8303 46.7111 4
    endloop
  endfacet
  facet normal 0.195211 0.980761 0
    outer loop
      vertex 38.6635 46.7443 4
      vertex 38.8303 46.7111 2.4
      vertex 38.6635 46.7443 2.4
    endloop
  endfacet
  facet normal -0.751483 -0.659753 0
    outer loop
      vertex 40.0314 48.7914 2.4
      vertex 39.9192 48.9192 4
      vertex 39.9192 48.9192 2.4
    endloop
  endfacet
  facet normal -0.751483 -0.659753 0
    outer loop
      vertex 39.9192 48.9192 4
      vertex 40.0314 48.7914 2.4
      vertex 40.0314 48.7914 4
    endloop
  endfacet
  facet normal 0.831688 -0.555243 0
    outer loop
      vertex 37.8742 48.65 4
      vertex 37.9686 48.7914 2.4
      vertex 37.9686 48.7914 4
    endloop
  endfacet
  facet normal 0.831688 -0.555243 0
    outer loop
      vertex 37.9686 48.7914 2.4
      vertex 37.8742 48.65 4
      vertex 37.8742 48.65 2.4
    endloop
  endfacet
  facet normal 0.555243 0.831688 -0
    outer loop
      vertex 38.35 46.8742 2.4
      vertex 38.2086 46.9686 4
      vertex 38.35 46.8742 4
    endloop
  endfacet
  facet normal 0.555243 0.831688 0
    outer loop
      vertex 38.2086 46.9686 4
      vertex 38.35 46.8742 2.4
      vertex 38.2086 46.9686 2.4
    endloop
  endfacet
  facet normal 0.980761 -0.195211 0
    outer loop
      vertex 37.7111 48.1697 4
      vertex 37.7443 48.3365 2.4
      vertex 37.7443 48.3365 4
    endloop
  endfacet
  facet normal 0.980761 -0.195211 0
    outer loop
      vertex 37.7443 48.3365 2.4
      vertex 37.7111 48.1697 4
      vertex 37.7111 48.1697 2.4
    endloop
  endfacet
  facet normal 0.0652701 0.997868 -0
    outer loop
      vertex 39 46.7 2.4
      vertex 38.8303 46.7111 4
      vertex 39 46.7 4
    endloop
  endfacet
  facet normal 0.0652701 0.997868 0
    outer loop
      vertex 38.8303 46.7111 4
      vertex 39 46.7 2.4
      vertex 38.8303 46.7111 2.4
    endloop
  endfacet
  facet normal -0.659753 0.751483 0
    outer loop
      vertex 39.9192 47.0808 2.4
      vertex 39.7914 46.9686 4
      vertex 39.9192 47.0808 4
    endloop
  endfacet
  facet normal -0.659753 0.751483 0
    outer loop
      vertex 39.7914 46.9686 4
      vertex 39.9192 47.0808 2.4
      vertex 39.7914 46.9686 2.4
    endloop
  endfacet
  facet normal -0.980761 -0.195211 0
    outer loop
      vertex 74.2889 22.1697 2.4
      vertex 74.2557 22.3365 4
      vertex 74.2557 22.3365 2.4
    endloop
  endfacet
  facet normal -0.980761 -0.195211 0
    outer loop
      vertex 74.2557 22.3365 4
      vertex 74.2889 22.1697 2.4
      vertex 74.2889 22.1697 4
    endloop
  endfacet
  facet normal -0.997868 -0.0652701 0
    outer loop
      vertex 74.3 22 2.4
      vertex 74.2889 22.1697 4
      vertex 74.2889 22.1697 2.4
    endloop
  endfacet
  facet normal -0.997868 -0.0652701 0
    outer loop
      vertex 74.2889 22.1697 4
      vertex 74.3 22 2.4
      vertex 74.3 22 4
    endloop
  endfacet
  facet normal -0.946844 -0.321692 0
    outer loop
      vertex 74.2557 22.3365 2.4
      vertex 74.201 22.4975 4
      vertex 74.201 22.4975 2.4
    endloop
  endfacet
  facet normal -0.946844 -0.321692 0
    outer loop
      vertex 74.201 22.4975 4
      vertex 74.2557 22.3365 2.4
      vertex 74.2557 22.3365 4
    endloop
  endfacet
  facet normal 0.195211 0.980761 -0
    outer loop
      vertex 72.8303 20.7111 2.4
      vertex 72.6635 20.7443 4
      vertex 72.8303 20.7111 4
    endloop
  endfacet
  facet normal 0.195211 0.980761 0
    outer loop
      vertex 72.6635 20.7443 4
      vertex 72.8303 20.7111 2.4
      vertex 72.6635 20.7443 2.4
    endloop
  endfacet
  facet normal -0.442267 -0.896884 0
    outer loop
      vertex 73.4975 23.201 2.4
      vertex 73.65 23.1258 4
      vertex 73.4975 23.201 4
    endloop
  endfacet
  facet normal -0.442267 -0.896884 -0
    outer loop
      vertex 73.65 23.1258 4
      vertex 73.4975 23.201 2.4
      vertex 73.65 23.1258 2.4
    endloop
  endfacet
  facet normal 0.442267 0.896884 -0
    outer loop
      vertex 72.5025 20.799 2.4
      vertex 72.35 20.8742 4
      vertex 72.5025 20.799 4
    endloop
  endfacet
  facet normal 0.442267 0.896884 0
    outer loop
      vertex 72.35 20.8742 4
      vertex 72.5025 20.799 2.4
      vertex 72.35 20.8742 2.4
    endloop
  endfacet
  facet normal -0.896884 -0.442267 0
    outer loop
      vertex 74.201 22.4975 2.4
      vertex 74.1258 22.65 4
      vertex 74.1258 22.65 2.4
    endloop
  endfacet
  facet normal -0.896884 -0.442267 0
    outer loop
      vertex 74.1258 22.65 4
      vertex 74.201 22.4975 2.4
      vertex 74.201 22.4975 4
    endloop
  endfacet
  facet normal -0.831688 -0.555243 0
    outer loop
      vertex 74.1258 22.65 2.4
      vertex 74.0314 22.7914 4
      vertex 74.0314 22.7914 2.4
    endloop
  endfacet
  facet normal -0.831688 -0.555243 0
    outer loop
      vertex 74.0314 22.7914 4
      vertex 74.1258 22.65 2.4
      vertex 74.1258 22.65 4
    endloop
  endfacet
  facet normal -0.659753 -0.751483 0
    outer loop
      vertex 73.7914 23.0314 2.4
      vertex 73.9192 22.9192 4
      vertex 73.7914 23.0314 4
    endloop
  endfacet
  facet normal -0.659753 -0.751483 -0
    outer loop
      vertex 73.9192 22.9192 4
      vertex 73.7914 23.0314 2.4
      vertex 73.9192 22.9192 2.4
    endloop
  endfacet
  facet normal -0.896884 0.442267 0
    outer loop
      vertex 74.1258 21.35 2.4
      vertex 74.201 21.5025 4
      vertex 74.201 21.5025 2.4
    endloop
  endfacet
  facet normal -0.896884 0.442267 0
    outer loop
      vertex 74.201 21.5025 4
      vertex 74.1258 21.35 2.4
      vertex 74.1258 21.35 4
    endloop
  endfacet
  facet normal 0.442267 -0.896884 0
    outer loop
      vertex 72.35 23.1258 2.4
      vertex 72.5025 23.201 4
      vertex 72.35 23.1258 4
    endloop
  endfacet
  facet normal 0.442267 -0.896884 0
    outer loop
      vertex 72.5025 23.201 4
      vertex 72.35 23.1258 2.4
      vertex 72.5025 23.201 2.4
    endloop
  endfacet
  facet normal 0.659753 -0.751483 0
    outer loop
      vertex 72.0808 22.9192 2.4
      vertex 72.2086 23.0314 4
      vertex 72.0808 22.9192 4
    endloop
  endfacet
  facet normal 0.659753 -0.751483 0
    outer loop
      vertex 72.2086 23.0314 4
      vertex 72.0808 22.9192 2.4
      vertex 72.2086 23.0314 2.4
    endloop
  endfacet
  facet normal -0.751483 -0.659753 0
    outer loop
      vertex 74.0314 22.7914 2.4
      vertex 73.9192 22.9192 4
      vertex 73.9192 22.9192 2.4
    endloop
  endfacet
  facet normal -0.751483 -0.659753 0
    outer loop
      vertex 73.9192 22.9192 4
      vertex 74.0314 22.7914 2.4
      vertex 74.0314 22.7914 4
    endloop
  endfacet
  facet normal 0.321692 0.946844 -0
    outer loop
      vertex 72.6635 20.7443 2.4
      vertex 72.5025 20.799 4
      vertex 72.6635 20.7443 4
    endloop
  endfacet
  facet normal 0.321692 0.946844 0
    outer loop
      vertex 72.5025 20.799 4
      vertex 72.6635 20.7443 2.4
      vertex 72.5025 20.799 2.4
    endloop
  endfacet
  facet normal -0.946844 0.321692 0
    outer loop
      vertex 74.201 21.5025 2.4
      vertex 74.2557 21.6635 4
      vertex 74.2557 21.6635 2.4
    endloop
  endfacet
  facet normal -0.946844 0.321692 0
    outer loop
      vertex 74.2557 21.6635 4
      vertex 74.201 21.5025 2.4
      vertex 74.201 21.5025 4
    endloop
  endfacet
  facet normal -0.555243 -0.831688 0
    outer loop
      vertex 73.65 23.1258 2.4
      vertex 73.7914 23.0314 4
      vertex 73.65 23.1258 4
    endloop
  endfacet
  facet normal -0.555243 -0.831688 -0
    outer loop
      vertex 73.7914 23.0314 4
      vertex 73.65 23.1258 2.4
      vertex 73.7914 23.0314 2.4
    endloop
  endfacet
  facet normal -0.980761 0.195211 0
    outer loop
      vertex 74.2557 21.6635 2.4
      vertex 74.2889 21.8303 4
      vertex 74.2889 21.8303 2.4
    endloop
  endfacet
  facet normal -0.980761 0.195211 0
    outer loop
      vertex 74.2889 21.8303 4
      vertex 74.2557 21.6635 2.4
      vertex 74.2557 21.6635 4
    endloop
  endfacet
  facet normal -0.321692 0.946844 0
    outer loop
      vertex 73.4975 20.799 2.4
      vertex 73.3365 20.7443 4
      vertex 73.4975 20.799 4
    endloop
  endfacet
  facet normal -0.321692 0.946844 0
    outer loop
      vertex 73.3365 20.7443 4
      vertex 73.4975 20.799 2.4
      vertex 73.3365 20.7443 2.4
    endloop
  endfacet
  facet normal -0.195211 0.980761 0
    outer loop
      vertex 73.3365 20.7443 2.4
      vertex 73.1697 20.7111 4
      vertex 73.3365 20.7443 4
    endloop
  endfacet
  facet normal -0.195211 0.980761 0
    outer loop
      vertex 73.1697 20.7111 4
      vertex 73.3365 20.7443 2.4
      vertex 73.1697 20.7111 2.4
    endloop
  endfacet
  facet normal 0.896884 -0.442267 0
    outer loop
      vertex 71.799 22.4975 4
      vertex 71.8742 22.65 2.4
      vertex 71.8742 22.65 4
    endloop
  endfacet
  facet normal 0.896884 -0.442267 0
    outer loop
      vertex 71.8742 22.65 2.4
      vertex 71.799 22.4975 4
      vertex 71.799 22.4975 2.4
    endloop
  endfacet
  facet normal 0.659753 0.751483 -0
    outer loop
      vertex 72.2086 20.9686 2.4
      vertex 72.0808 21.0808 4
      vertex 72.2086 20.9686 4
    endloop
  endfacet
  facet normal 0.659753 0.751483 0
    outer loop
      vertex 72.0808 21.0808 4
      vertex 72.2086 20.9686 2.4
      vertex 72.0808 21.0808 2.4
    endloop
  endfacet
  facet normal 0.831688 0.555243 0
    outer loop
      vertex 71.9686 21.2086 4
      vertex 71.8742 21.35 2.4
      vertex 71.8742 21.35 4
    endloop
  endfacet
  facet normal 0.831688 0.555243 0
    outer loop
      vertex 71.8742 21.35 2.4
      vertex 71.9686 21.2086 4
      vertex 71.9686 21.2086 2.4
    endloop
  endfacet
  facet normal 0.195211 -0.980761 0
    outer loop
      vertex 72.6635 23.2557 2.4
      vertex 72.8303 23.2889 4
      vertex 72.6635 23.2557 4
    endloop
  endfacet
  facet normal 0.195211 -0.980761 0
    outer loop
      vertex 72.8303 23.2889 4
      vertex 72.6635 23.2557 2.4
      vertex 72.8303 23.2889 2.4
    endloop
  endfacet
  facet normal -0.751483 0.659753 0
    outer loop
      vertex 73.9192 21.0808 2.4
      vertex 74.0314 21.2086 4
      vertex 74.0314 21.2086 2.4
    endloop
  endfacet
  facet normal -0.751483 0.659753 0
    outer loop
      vertex 74.0314 21.2086 4
      vertex 73.9192 21.0808 2.4
      vertex 73.9192 21.0808 4
    endloop
  endfacet
  facet normal 0.980761 -0.195211 0
    outer loop
      vertex 71.7111 22.1697 4
      vertex 71.7443 22.3365 2.4
      vertex 71.7443 22.3365 4
    endloop
  endfacet
  facet normal 0.980761 -0.195211 0
    outer loop
      vertex 71.7443 22.3365 2.4
      vertex 71.7111 22.1697 4
      vertex 71.7111 22.1697 2.4
    endloop
  endfacet
  facet normal 0.0652701 -0.997868 0
    outer loop
      vertex 72.8303 23.2889 2.4
      vertex 73 23.3 4
      vertex 72.8303 23.2889 4
    endloop
  endfacet
  facet normal 0.0652701 -0.997868 0
    outer loop
      vertex 73 23.3 4
      vertex 72.8303 23.2889 2.4
      vertex 73 23.3 2.4
    endloop
  endfacet
  facet normal 0.555243 -0.831688 0
    outer loop
      vertex 72.2086 23.0314 2.4
      vertex 72.35 23.1258 4
      vertex 72.2086 23.0314 4
    endloop
  endfacet
  facet normal 0.555243 -0.831688 0
    outer loop
      vertex 72.35 23.1258 4
      vertex 72.2086 23.0314 2.4
      vertex 72.35 23.1258 2.4
    endloop
  endfacet
  facet normal 0.946844 0.321692 0
    outer loop
      vertex 71.799 21.5025 4
      vertex 71.7443 21.6635 2.4
      vertex 71.7443 21.6635 4
    endloop
  endfacet
  facet normal 0.946844 0.321692 0
    outer loop
      vertex 71.7443 21.6635 2.4
      vertex 71.799 21.5025 4
      vertex 71.799 21.5025 2.4
    endloop
  endfacet
  facet normal -0.831688 0.555243 0
    outer loop
      vertex 74.0314 21.2086 2.4
      vertex 74.1258 21.35 4
      vertex 74.1258 21.35 2.4
    endloop
  endfacet
  facet normal -0.831688 0.555243 0
    outer loop
      vertex 74.1258 21.35 4
      vertex 74.0314 21.2086 2.4
      vertex 74.0314 21.2086 4
    endloop
  endfacet
  facet normal 0.751483 0.659753 0
    outer loop
      vertex 72.0808 21.0808 4
      vertex 71.9686 21.2086 2.4
      vertex 71.9686 21.2086 4
    endloop
  endfacet
  facet normal 0.751483 0.659753 0
    outer loop
      vertex 71.9686 21.2086 2.4
      vertex 72.0808 21.0808 4
      vertex 72.0808 21.0808 2.4
    endloop
  endfacet
  facet normal 0.321692 -0.946844 0
    outer loop
      vertex 72.5025 23.201 2.4
      vertex 72.6635 23.2557 4
      vertex 72.5025 23.201 4
    endloop
  endfacet
  facet normal 0.321692 -0.946844 0
    outer loop
      vertex 72.6635 23.2557 4
      vertex 72.5025 23.201 2.4
      vertex 72.6635 23.2557 2.4
    endloop
  endfacet
  facet normal -0.0652701 0.997868 0
    outer loop
      vertex 73.1697 20.7111 2.4
      vertex 73 20.7 4
      vertex 73.1697 20.7111 4
    endloop
  endfacet
  facet normal -0.0652701 0.997868 0
    outer loop
      vertex 73 20.7 4
      vertex 73.1697 20.7111 2.4
      vertex 73 20.7 2.4
    endloop
  endfacet
  facet normal 0.751483 -0.659753 0
    outer loop
      vertex 71.9686 22.7914 4
      vertex 72.0808 22.9192 2.4
      vertex 72.0808 22.9192 4
    endloop
  endfacet
  facet normal 0.751483 -0.659753 0
    outer loop
      vertex 72.0808 22.9192 2.4
      vertex 71.9686 22.7914 4
      vertex 71.9686 22.7914 2.4
    endloop
  endfacet
  facet normal 0.946844 -0.321692 0
    outer loop
      vertex 71.7443 22.3365 4
      vertex 71.799 22.4975 2.4
      vertex 71.799 22.4975 4
    endloop
  endfacet
  facet normal 0.946844 -0.321692 0
    outer loop
      vertex 71.799 22.4975 2.4
      vertex 71.7443 22.3365 4
      vertex 71.7443 22.3365 2.4
    endloop
  endfacet
  facet normal -0.321692 -0.946844 0
    outer loop
      vertex 73.3365 23.2557 2.4
      vertex 73.4975 23.201 4
      vertex 73.3365 23.2557 4
    endloop
  endfacet
  facet normal -0.321692 -0.946844 -0
    outer loop
      vertex 73.4975 23.201 4
      vertex 73.3365 23.2557 2.4
      vertex 73.4975 23.201 2.4
    endloop
  endfacet
  facet normal 0.997868 -0.0652701 0
    outer loop
      vertex 71.7 22 4
      vertex 71.7111 22.1697 2.4
      vertex 71.7111 22.1697 4
    endloop
  endfacet
  facet normal 0.997868 -0.0652701 0
    outer loop
      vertex 71.7111 22.1697 2.4
      vertex 71.7 22 4
      vertex 71.7 22 2.4
    endloop
  endfacet
  facet normal -0.997868 0.0652701 0
    outer loop
      vertex 74.2889 21.8303 2.4
      vertex 74.3 22 4
      vertex 74.3 22 2.4
    endloop
  endfacet
  facet normal -0.997868 0.0652701 0
    outer loop
      vertex 74.3 22 4
      vertex 74.2889 21.8303 2.4
      vertex 74.2889 21.8303 4
    endloop
  endfacet
  facet normal 0.0652701 0.997868 -0
    outer loop
      vertex 73 20.7 2.4
      vertex 72.8303 20.7111 4
      vertex 73 20.7 4
    endloop
  endfacet
  facet normal 0.0652701 0.997868 0
    outer loop
      vertex 72.8303 20.7111 4
      vertex 73 20.7 2.4
      vertex 72.8303 20.7111 2.4
    endloop
  endfacet
  facet normal -0.0652701 -0.997868 0
    outer loop
      vertex 73 23.3 2.4
      vertex 73.1697 23.2889 4
      vertex 73 23.3 4
    endloop
  endfacet
  facet normal -0.0652701 -0.997868 -0
    outer loop
      vertex 73.1697 23.2889 4
      vertex 73 23.3 2.4
      vertex 73.1697 23.2889 2.4
    endloop
  endfacet
  facet normal -0.195211 -0.980761 0
    outer loop
      vertex 73.1697 23.2889 2.4
      vertex 73.3365 23.2557 4
      vertex 73.1697 23.2889 4
    endloop
  endfacet
  facet normal -0.195211 -0.980761 -0
    outer loop
      vertex 73.3365 23.2557 4
      vertex 73.1697 23.2889 2.4
      vertex 73.3365 23.2557 2.4
    endloop
  endfacet
  facet normal 0.980761 0.195211 0
    outer loop
      vertex 71.7443 21.6635 4
      vertex 71.7111 21.8303 2.4
      vertex 71.7111 21.8303 4
    endloop
  endfacet
  facet normal 0.980761 0.195211 0
    outer loop
      vertex 71.7111 21.8303 2.4
      vertex 71.7443 21.6635 4
      vertex 71.7443 21.6635 2.4
    endloop
  endfacet
  facet normal 0.997868 0.0652701 0
    outer loop
      vertex 71.7111 21.8303 4
      vertex 71.7 22 2.4
      vertex 71.7 22 4
    endloop
  endfacet
  facet normal 0.997868 0.0652701 0
    outer loop
      vertex 71.7 22 2.4
      vertex 71.7111 21.8303 4
      vertex 71.7111 21.8303 2.4
    endloop
  endfacet
  facet normal 0.831688 -0.555243 0
    outer loop
      vertex 71.8742 22.65 4
      vertex 71.9686 22.7914 2.4
      vertex 71.9686 22.7914 4
    endloop
  endfacet
  facet normal 0.831688 -0.555243 0
    outer loop
      vertex 71.9686 22.7914 2.4
      vertex 71.8742 22.65 4
      vertex 71.8742 22.65 2.4
    endloop
  endfacet
  facet normal -0.555243 0.831688 0
    outer loop
      vertex 73.7914 20.9686 2.4
      vertex 73.65 20.8742 4
      vertex 73.7914 20.9686 4
    endloop
  endfacet
  facet normal -0.555243 0.831688 0
    outer loop
      vertex 73.65 20.8742 4
      vertex 73.7914 20.9686 2.4
      vertex 73.65 20.8742 2.4
    endloop
  endfacet
  facet normal -0.442267 0.896884 0
    outer loop
      vertex 73.65 20.8742 2.4
      vertex 73.4975 20.799 4
      vertex 73.65 20.8742 4
    endloop
  endfacet
  facet normal -0.442267 0.896884 0
    outer loop
      vertex 73.4975 20.799 4
      vertex 73.65 20.8742 2.4
      vertex 73.4975 20.799 2.4
    endloop
  endfacet
  facet normal -0.659753 0.751483 0
    outer loop
      vertex 73.9192 21.0808 2.4
      vertex 73.7914 20.9686 4
      vertex 73.9192 21.0808 4
    endloop
  endfacet
  facet normal -0.659753 0.751483 0
    outer loop
      vertex 73.7914 20.9686 4
      vertex 73.9192 21.0808 2.4
      vertex 73.7914 20.9686 2.4
    endloop
  endfacet
  facet normal 0.896884 0.442267 0
    outer loop
      vertex 71.8742 21.35 4
      vertex 71.799 21.5025 2.4
      vertex 71.799 21.5025 4
    endloop
  endfacet
  facet normal 0.896884 0.442267 0
    outer loop
      vertex 71.799 21.5025 2.4
      vertex 71.8742 21.35 4
      vertex 71.8742 21.35 2.4
    endloop
  endfacet
  facet normal 0.555243 0.831688 -0
    outer loop
      vertex 72.35 20.8742 2.4
      vertex 72.2086 20.9686 4
      vertex 72.35 20.8742 4
    endloop
  endfacet
  facet normal 0.555243 0.831688 0
    outer loop
      vertex 72.2086 20.9686 4
      vertex 72.35 20.8742 2.4
      vertex 72.2086 20.9686 2.4
    endloop
  endfacet
  facet normal 0.896884 0.442267 0
    outer loop
      vertex 71.8742 47.35 4
      vertex 71.799 47.5025 2.4
      vertex 71.799 47.5025 4
    endloop
  endfacet
  facet normal 0.896884 0.442267 0
    outer loop
      vertex 71.799 47.5025 2.4
      vertex 71.8742 47.35 4
      vertex 71.8742 47.35 2.4
    endloop
  endfacet
  facet normal -0.321692 0.946844 0
    outer loop
      vertex 73.4975 46.799 2.4
      vertex 73.3365 46.7443 4
      vertex 73.4975 46.799 4
    endloop
  endfacet
  facet normal -0.321692 0.946844 0
    outer loop
      vertex 73.3365 46.7443 4
      vertex 73.4975 46.799 2.4
      vertex 73.3365 46.7443 2.4
    endloop
  endfacet
  facet normal -0.980761 -0.195211 0
    outer loop
      vertex 74.2889 48.1697 2.4
      vertex 74.2557 48.3365 4
      vertex 74.2557 48.3365 2.4
    endloop
  endfacet
  facet normal -0.980761 -0.195211 0
    outer loop
      vertex 74.2557 48.3365 4
      vertex 74.2889 48.1697 2.4
      vertex 74.2889 48.1697 4
    endloop
  endfacet
  facet normal -0.997868 -0.0652701 0
    outer loop
      vertex 74.3 48 2.4
      vertex 74.2889 48.1697 4
      vertex 74.2889 48.1697 2.4
    endloop
  endfacet
  facet normal -0.997868 -0.0652701 0
    outer loop
      vertex 74.2889 48.1697 4
      vertex 74.3 48 2.4
      vertex 74.3 48 4
    endloop
  endfacet
  facet normal -0.946844 -0.321692 0
    outer loop
      vertex 74.2557 48.3365 2.4
      vertex 74.201 48.4975 4
      vertex 74.201 48.4975 2.4
    endloop
  endfacet
  facet normal -0.946844 -0.321692 0
    outer loop
      vertex 74.201 48.4975 4
      vertex 74.2557 48.3365 2.4
      vertex 74.2557 48.3365 4
    endloop
  endfacet
  facet normal -0.321692 -0.946844 0
    outer loop
      vertex 73.3365 49.2557 2.4
      vertex 73.4975 49.201 4
      vertex 73.3365 49.2557 4
    endloop
  endfacet
  facet normal -0.321692 -0.946844 -0
    outer loop
      vertex 73.4975 49.201 4
      vertex 73.3365 49.2557 2.4
      vertex 73.4975 49.201 2.4
    endloop
  endfacet
  facet normal 0.896884 -0.442267 0
    outer loop
      vertex 71.799 48.4975 4
      vertex 71.8742 48.65 2.4
      vertex 71.8742 48.65 4
    endloop
  endfacet
  facet normal 0.896884 -0.442267 0
    outer loop
      vertex 71.8742 48.65 2.4
      vertex 71.799 48.4975 4
      vertex 71.799 48.4975 2.4
    endloop
  endfacet
  facet normal 0.751483 0.659753 0
    outer loop
      vertex 72.0808 47.0808 4
      vertex 71.9686 47.2086 2.4
      vertex 71.9686 47.2086 4
    endloop
  endfacet
  facet normal 0.751483 0.659753 0
    outer loop
      vertex 71.9686 47.2086 2.4
      vertex 72.0808 47.0808 4
      vertex 72.0808 47.0808 2.4
    endloop
  endfacet
  facet normal -0.831688 -0.555243 0
    outer loop
      vertex 74.1258 48.65 2.4
      vertex 74.0314 48.7914 4
      vertex 74.0314 48.7914 2.4
    endloop
  endfacet
  facet normal -0.831688 -0.555243 0
    outer loop
      vertex 74.0314 48.7914 4
      vertex 74.1258 48.65 2.4
      vertex 74.1258 48.65 4
    endloop
  endfacet
  facet normal -0.896884 -0.442267 0
    outer loop
      vertex 74.201 48.4975 2.4
      vertex 74.1258 48.65 4
      vertex 74.1258 48.65 2.4
    endloop
  endfacet
  facet normal -0.896884 -0.442267 0
    outer loop
      vertex 74.1258 48.65 4
      vertex 74.201 48.4975 2.4
      vertex 74.201 48.4975 4
    endloop
  endfacet
  facet normal 0.659753 0.751483 -0
    outer loop
      vertex 72.2086 46.9686 2.4
      vertex 72.0808 47.0808 4
      vertex 72.2086 46.9686 4
    endloop
  endfacet
  facet normal 0.659753 0.751483 0
    outer loop
      vertex 72.0808 47.0808 4
      vertex 72.2086 46.9686 2.4
      vertex 72.0808 47.0808 2.4
    endloop
  endfacet
  facet normal 0.751483 -0.659753 0
    outer loop
      vertex 71.9686 48.7914 4
      vertex 72.0808 48.9192 2.4
      vertex 72.0808 48.9192 4
    endloop
  endfacet
  facet normal 0.751483 -0.659753 0
    outer loop
      vertex 72.0808 48.9192 2.4
      vertex 71.9686 48.7914 4
      vertex 71.9686 48.7914 2.4
    endloop
  endfacet
  facet normal -0.946844 0.321692 0
    outer loop
      vertex 74.201 47.5025 2.4
      vertex 74.2557 47.6635 4
      vertex 74.2557 47.6635 2.4
    endloop
  endfacet
  facet normal -0.946844 0.321692 0
    outer loop
      vertex 74.2557 47.6635 4
      vertex 74.201 47.5025 2.4
      vertex 74.201 47.5025 4
    endloop
  endfacet
  facet normal 0.831688 -0.555243 0
    outer loop
      vertex 71.8742 48.65 4
      vertex 71.9686 48.7914 2.4
      vertex 71.9686 48.7914 4
    endloop
  endfacet
  facet normal 0.831688 -0.555243 0
    outer loop
      vertex 71.9686 48.7914 2.4
      vertex 71.8742 48.65 4
      vertex 71.8742 48.65 2.4
    endloop
  endfacet
  facet normal -0.442267 0.896884 0
    outer loop
      vertex 73.65 46.8742 2.4
      vertex 73.4975 46.799 4
      vertex 73.65 46.8742 4
    endloop
  endfacet
  facet normal -0.442267 0.896884 0
    outer loop
      vertex 73.4975 46.799 4
      vertex 73.65 46.8742 2.4
      vertex 73.4975 46.799 2.4
    endloop
  endfacet
  facet normal 0.946844 -0.321692 0
    outer loop
      vertex 71.7443 48.3365 4
      vertex 71.799 48.4975 2.4
      vertex 71.799 48.4975 4
    endloop
  endfacet
  facet normal 0.946844 -0.321692 0
    outer loop
      vertex 71.799 48.4975 2.4
      vertex 71.7443 48.3365 4
      vertex 71.7443 48.3365 2.4
    endloop
  endfacet
  facet normal 0.442267 -0.896884 0
    outer loop
      vertex 72.35 49.1258 2.4
      vertex 72.5025 49.201 4
      vertex 72.35 49.1258 4
    endloop
  endfacet
  facet normal 0.442267 -0.896884 0
    outer loop
      vertex 72.5025 49.201 4
      vertex 72.35 49.1258 2.4
      vertex 72.5025 49.201 2.4
    endloop
  endfacet
  facet normal 0.321692 0.946844 -0
    outer loop
      vertex 72.6635 46.7443 2.4
      vertex 72.5025 46.799 4
      vertex 72.6635 46.7443 4
    endloop
  endfacet
  facet normal 0.321692 0.946844 0
    outer loop
      vertex 72.5025 46.799 4
      vertex 72.6635 46.7443 2.4
      vertex 72.5025 46.799 2.4
    endloop
  endfacet
  facet normal -0.831688 0.555243 0
    outer loop
      vertex 74.0314 47.2086 2.4
      vertex 74.1258 47.35 4
      vertex 74.1258 47.35 2.4
    endloop
  endfacet
  facet normal -0.831688 0.555243 0
    outer loop
      vertex 74.1258 47.35 4
      vertex 74.0314 47.2086 2.4
      vertex 74.0314 47.2086 4
    endloop
  endfacet
  facet normal -0.195211 0.980761 0
    outer loop
      vertex 73.3365 46.7443 2.4
      vertex 73.1697 46.7111 4
      vertex 73.3365 46.7443 4
    endloop
  endfacet
  facet normal -0.195211 0.980761 0
    outer loop
      vertex 73.1697 46.7111 4
      vertex 73.3365 46.7443 2.4
      vertex 73.1697 46.7111 2.4
    endloop
  endfacet
  facet normal -0.0652701 -0.997868 0
    outer loop
      vertex 73 49.3 2.4
      vertex 73.1697 49.2889 4
      vertex 73 49.3 4
    endloop
  endfacet
  facet normal -0.0652701 -0.997868 -0
    outer loop
      vertex 73.1697 49.2889 4
      vertex 73 49.3 2.4
      vertex 73.1697 49.2889 2.4
    endloop
  endfacet
  facet normal -0.980761 0.195211 0
    outer loop
      vertex 74.2557 47.6635 2.4
      vertex 74.2889 47.8303 4
      vertex 74.2889 47.8303 2.4
    endloop
  endfacet
  facet normal -0.980761 0.195211 0
    outer loop
      vertex 74.2889 47.8303 4
      vertex 74.2557 47.6635 2.4
      vertex 74.2557 47.6635 4
    endloop
  endfacet
  facet normal -0.555243 0.831688 0
    outer loop
      vertex 73.7914 46.9686 2.4
      vertex 73.65 46.8742 4
      vertex 73.7914 46.9686 4
    endloop
  endfacet
  facet normal -0.555243 0.831688 0
    outer loop
      vertex 73.65 46.8742 4
      vertex 73.7914 46.9686 2.4
      vertex 73.65 46.8742 2.4
    endloop
  endfacet
  facet normal -0.555243 -0.831688 0
    outer loop
      vertex 73.65 49.1258 2.4
      vertex 73.7914 49.0314 4
      vertex 73.65 49.1258 4
    endloop
  endfacet
  facet normal -0.555243 -0.831688 -0
    outer loop
      vertex 73.7914 49.0314 4
      vertex 73.65 49.1258 2.4
      vertex 73.7914 49.0314 2.4
    endloop
  endfacet
  facet normal -0.896884 0.442267 0
    outer loop
      vertex 74.1258 47.35 2.4
      vertex 74.201 47.5025 4
      vertex 74.201 47.5025 2.4
    endloop
  endfacet
  facet normal -0.896884 0.442267 0
    outer loop
      vertex 74.201 47.5025 4
      vertex 74.1258 47.35 2.4
      vertex 74.1258 47.35 4
    endloop
  endfacet
  facet normal 0.555243 -0.831688 0
    outer loop
      vertex 72.2086 49.0314 2.4
      vertex 72.35 49.1258 4
      vertex 72.2086 49.0314 4
    endloop
  endfacet
  facet normal 0.555243 -0.831688 0
    outer loop
      vertex 72.35 49.1258 4
      vertex 72.2086 49.0314 2.4
      vertex 72.35 49.1258 2.4
    endloop
  endfacet
  facet normal -0.751483 0.659753 0
    outer loop
      vertex 73.9192 47.0808 2.4
      vertex 74.0314 47.2086 4
      vertex 74.0314 47.2086 2.4
    endloop
  endfacet
  facet normal -0.751483 0.659753 0
    outer loop
      vertex 74.0314 47.2086 4
      vertex 73.9192 47.0808 2.4
      vertex 73.9192 47.0808 4
    endloop
  endfacet
  facet normal -0.195211 -0.980761 0
    outer loop
      vertex 73.1697 49.2889 2.4
      vertex 73.3365 49.2557 4
      vertex 73.1697 49.2889 4
    endloop
  endfacet
  facet normal -0.195211 -0.980761 -0
    outer loop
      vertex 73.3365 49.2557 4
      vertex 73.1697 49.2889 2.4
      vertex 73.3365 49.2557 2.4
    endloop
  endfacet
  facet normal 0.659753 -0.751483 0
    outer loop
      vertex 72.0808 48.9192 2.4
      vertex 72.2086 49.0314 4
      vertex 72.0808 48.9192 4
    endloop
  endfacet
  facet normal 0.659753 -0.751483 0
    outer loop
      vertex 72.2086 49.0314 4
      vertex 72.0808 48.9192 2.4
      vertex 72.2086 49.0314 2.4
    endloop
  endfacet
  facet normal 0.321692 -0.946844 0
    outer loop
      vertex 72.5025 49.201 2.4
      vertex 72.6635 49.2557 4
      vertex 72.5025 49.201 4
    endloop
  endfacet
  facet normal 0.321692 -0.946844 0
    outer loop
      vertex 72.6635 49.2557 4
      vertex 72.5025 49.201 2.4
      vertex 72.6635 49.2557 2.4
    endloop
  endfacet
  facet normal -0.997868 0.0652701 0
    outer loop
      vertex 74.2889 47.8303 2.4
      vertex 74.3 48 4
      vertex 74.3 48 2.4
    endloop
  endfacet
  facet normal -0.997868 0.0652701 0
    outer loop
      vertex 74.3 48 4
      vertex 74.2889 47.8303 2.4
      vertex 74.2889 47.8303 4
    endloop
  endfacet
  facet normal 0.980761 0.195211 0
    outer loop
      vertex 71.7443 47.6635 4
      vertex 71.7111 47.8303 2.4
      vertex 71.7111 47.8303 4
    endloop
  endfacet
  facet normal 0.980761 0.195211 0
    outer loop
      vertex 71.7111 47.8303 2.4
      vertex 71.7443 47.6635 4
      vertex 71.7443 47.6635 2.4
    endloop
  endfacet
  facet normal -0.659753 -0.751483 0
    outer loop
      vertex 73.7914 49.0314 2.4
      vertex 73.9192 48.9192 4
      vertex 73.7914 49.0314 4
    endloop
  endfacet
  facet normal -0.659753 -0.751483 -0
    outer loop
      vertex 73.9192 48.9192 4
      vertex 73.7914 49.0314 2.4
      vertex 73.9192 48.9192 2.4
    endloop
  endfacet
  facet normal -0.0652701 0.997868 0
    outer loop
      vertex 73.1697 46.7111 2.4
      vertex 73 46.7 4
      vertex 73.1697 46.7111 4
    endloop
  endfacet
  facet normal -0.0652701 0.997868 0
    outer loop
      vertex 73 46.7 4
      vertex 73.1697 46.7111 2.4
      vertex 73 46.7 2.4
    endloop
  endfacet
  facet normal 0.442267 0.896884 -0
    outer loop
      vertex 72.5025 46.799 2.4
      vertex 72.35 46.8742 4
      vertex 72.5025 46.799 4
    endloop
  endfacet
  facet normal 0.442267 0.896884 0
    outer loop
      vertex 72.35 46.8742 4
      vertex 72.5025 46.799 2.4
      vertex 72.35 46.8742 2.4
    endloop
  endfacet
  facet normal 0.831688 0.555243 0
    outer loop
      vertex 71.9686 47.2086 4
      vertex 71.8742 47.35 2.4
      vertex 71.8742 47.35 4
    endloop
  endfacet
  facet normal 0.831688 0.555243 0
    outer loop
      vertex 71.8742 47.35 2.4
      vertex 71.9686 47.2086 4
      vertex 71.9686 47.2086 2.4
    endloop
  endfacet
  facet normal -0.751483 -0.659753 0
    outer loop
      vertex 74.0314 48.7914 2.4
      vertex 73.9192 48.9192 4
      vertex 73.9192 48.9192 2.4
    endloop
  endfacet
  facet normal -0.751483 -0.659753 0
    outer loop
      vertex 73.9192 48.9192 4
      vertex 74.0314 48.7914 2.4
      vertex 74.0314 48.7914 4
    endloop
  endfacet
  facet normal 0.0652701 -0.997868 0
    outer loop
      vertex 72.8303 49.2889 2.4
      vertex 73 49.3 4
      vertex 72.8303 49.2889 4
    endloop
  endfacet
  facet normal 0.0652701 -0.997868 0
    outer loop
      vertex 73 49.3 4
      vertex 72.8303 49.2889 2.4
      vertex 73 49.3 2.4
    endloop
  endfacet
  facet normal -0.442267 -0.896884 0
    outer loop
      vertex 73.4975 49.201 2.4
      vertex 73.65 49.1258 4
      vertex 73.4975 49.201 4
    endloop
  endfacet
  facet normal -0.442267 -0.896884 -0
    outer loop
      vertex 73.65 49.1258 4
      vertex 73.4975 49.201 2.4
      vertex 73.65 49.1258 2.4
    endloop
  endfacet
  facet normal 0.980761 -0.195211 0
    outer loop
      vertex 71.7111 48.1697 4
      vertex 71.7443 48.3365 2.4
      vertex 71.7443 48.3365 4
    endloop
  endfacet
  facet normal 0.980761 -0.195211 0
    outer loop
      vertex 71.7443 48.3365 2.4
      vertex 71.7111 48.1697 4
      vertex 71.7111 48.1697 2.4
    endloop
  endfacet
  facet normal 0.946844 0.321692 0
    outer loop
      vertex 71.799 47.5025 4
      vertex 71.7443 47.6635 2.4
      vertex 71.7443 47.6635 4
    endloop
  endfacet
  facet normal 0.946844 0.321692 0
    outer loop
      vertex 71.7443 47.6635 2.4
      vertex 71.799 47.5025 4
      vertex 71.799 47.5025 2.4
    endloop
  endfacet
  facet normal 0.195211 -0.980761 0
    outer loop
      vertex 72.6635 49.2557 2.4
      vertex 72.8303 49.2889 4
      vertex 72.6635 49.2557 4
    endloop
  endfacet
  facet normal 0.195211 -0.980761 0
    outer loop
      vertex 72.8303 49.2889 4
      vertex 72.6635 49.2557 2.4
      vertex 72.8303 49.2889 2.4
    endloop
  endfacet
  facet normal 0.997868 0.0652701 0
    outer loop
      vertex 71.7111 47.8303 4
      vertex 71.7 48 2.4
      vertex 71.7 48 4
    endloop
  endfacet
  facet normal 0.997868 0.0652701 0
    outer loop
      vertex 71.7 48 2.4
      vertex 71.7111 47.8303 4
      vertex 71.7111 47.8303 2.4
    endloop
  endfacet
  facet normal 0.997868 -0.0652701 0
    outer loop
      vertex 71.7 48 4
      vertex 71.7111 48.1697 2.4
      vertex 71.7111 48.1697 4
    endloop
  endfacet
  facet normal 0.997868 -0.0652701 0
    outer loop
      vertex 71.7111 48.1697 2.4
      vertex 71.7 48 4
      vertex 71.7 48 2.4
    endloop
  endfacet
  facet normal 0.555243 0.831688 -0
    outer loop
      vertex 72.35 46.8742 2.4
      vertex 72.2086 46.9686 4
      vertex 72.35 46.8742 4
    endloop
  endfacet
  facet normal 0.555243 0.831688 0
    outer loop
      vertex 72.2086 46.9686 4
      vertex 72.35 46.8742 2.4
      vertex 72.2086 46.9686 2.4
    endloop
  endfacet
  facet normal 0.0652701 0.997868 -0
    outer loop
      vertex 73 46.7 2.4
      vertex 72.8303 46.7111 4
      vertex 73 46.7 4
    endloop
  endfacet
  facet normal 0.0652701 0.997868 0
    outer loop
      vertex 72.8303 46.7111 4
      vertex 73 46.7 2.4
      vertex 72.8303 46.7111 2.4
    endloop
  endfacet
  facet normal 0.195211 0.980761 -0
    outer loop
      vertex 72.8303 46.7111 2.4
      vertex 72.6635 46.7443 4
      vertex 72.8303 46.7111 4
    endloop
  endfacet
  facet normal 0.195211 0.980761 0
    outer loop
      vertex 72.6635 46.7443 4
      vertex 72.8303 46.7111 2.4
      vertex 72.6635 46.7443 2.4
    endloop
  endfacet
  facet normal -0.659753 0.751483 0
    outer loop
      vertex 73.9192 47.0808 2.4
      vertex 73.7914 46.9686 4
      vertex 73.9192 47.0808 4
    endloop
  endfacet
  facet normal -0.659753 0.751483 0
    outer loop
      vertex 73.7914 46.9686 4
      vertex 73.9192 47.0808 2.4
      vertex 73.7914 46.9686 2.4
    endloop
  endfacet
  facet normal 1 -0 0
    outer loop
      vertex 76 19 4
      vertex 76 51 2.4
      vertex 76 51 4
    endloop
  endfacet
  facet normal 1 0 0
    outer loop
      vertex 76 51 2.4
      vertex 76 19 4
      vertex 76 19 2.4
    endloop
  endfacet
  facet normal 0 0 1
    outer loop
      vertex 40.1258 47.35 4
      vertex 71.8742 47.35 4
      vertex 40.201 47.5025 4
    endloop
  endfacet
  facet normal 0 0 1
    outer loop
      vertex 71.9686 22.7914 4
      vertex 40.2889 22.1697 4
      vertex 40.3 22 4
    endloop
  endfacet
  facet normal 0 0 1
    outer loop
      vertex 71.8742 47.35 4
      vertex 40.1258 47.35 4
      vertex 71.9686 47.2086 4
    endloop
  endfacet
  facet normal 0 0 1
    outer loop
      vertex 71.9686 22.7914 4
      vertex 40.2557 22.3365 4
      vertex 40.2889 22.1697 4
    endloop
  endfacet
  facet normal 0 0 1
    outer loop
      vertex 40.0314 47.2086 4
      vertex 71.9686 47.2086 4
      vertex 40.1258 47.35 4
    endloop
  endfacet
  facet normal 0 0 1
    outer loop
      vertex 71.9686 22.7914 4
      vertex 40.201 22.4975 4
      vertex 40.2557 22.3365 4
    endloop
  endfacet
  facet normal 0 0 1
    outer loop
      vertex 71.9686 47.2086 4
      vertex 40.0314 47.2086 4
      vertex 71.9686 22.7914 4
    endloop
  endfacet
  facet normal 0 0 1
    outer loop
      vertex 71.9686 22.7914 4
      vertex 40.1258 22.65 4
      vertex 40.201 22.4975 4
    endloop
  endfacet
  facet normal 0 0 1
    outer loop
      vertex 40.0314 22.7914 4
      vertex 71.9686 22.7914 4
      vertex 40.0314 47.2086 4
    endloop
  endfacet
  facet normal 0 0 1
    outer loop
      vertex 71.9686 22.7914 4
      vertex 40.0314 22.7914 4
      vertex 40.1258 22.65 4
    endloop
  endfacet
  facet normal -0 0 1
    outer loop
      vertex 39.9192 47.0808 4
      vertex 40.0314 22.7914 4
      vertex 40.0314 47.2086 4
    endloop
  endfacet
  facet normal 0 0 1
    outer loop
      vertex 39.9192 47.0808 4
      vertex 39.9192 22.9192 4
      vertex 40.0314 22.7914 4
    endloop
  endfacet
  facet normal -0 0 1
    outer loop
      vertex 39.7914 46.9686 4
      vertex 39.9192 22.9192 4
      vertex 39.9192 47.0808 4
    endloop
  endfacet
  facet normal 0 0 1
    outer loop
      vertex 39.7914 46.9686 4
      vertex 39.7914 23.0314 4
      vertex 39.9192 22.9192 4
    endloop
  endfacet
  facet normal -0 0 1
    outer loop
      vertex 39.65 46.8742 4
      vertex 39.7914 23.0314 4
      vertex 39.7914 46.9686 4
    endloop
  endfacet
  facet normal 0 0 1
    outer loop
      vertex 39.65 46.8742 4
      vertex 39.65 23.1258 4
      vertex 39.7914 23.0314 4
    endloop
  endfacet
  facet normal -0 0 1
    outer loop
      vertex 39.4975 46.799 4
      vertex 39.65 23.1258 4
      vertex 39.65 46.8742 4
    endloop
  endfacet
  facet normal 0 0 1
    outer loop
      vertex 39.4975 46.799 4
      vertex 39.4975 23.201 4
      vertex 39.65 23.1258 4
    endloop
  endfacet
  facet normal -0 0 1
    outer loop
      vertex 39.3365 46.7443 4
      vertex 39.4975 23.201 4
      vertex 39.4975 46.799 4
    endloop
  endfacet
  facet normal 0 0 1
    outer loop
      vertex 39.3365 46.7443 4
      vertex 39.3365 23.2557 4
      vertex 39.4975 23.201 4
    endloop
  endfacet
  facet normal -0 0 1
    outer loop
      vertex 39.1697 46.7111 4
      vertex 39.3365 23.2557 4
      vertex 39.3365 46.7443 4
    endloop
  endfacet
  facet normal 0 0 1
    outer loop
      vertex 39.1697 46.7111 4
      vertex 39.1697 23.2889 4
      vertex 39.3365 23.2557 4
    endloop
  endfacet
  facet normal -0 0 1
    outer loop
      vertex 39 46.7 4
      vertex 39.1697 23.2889 4
      vertex 39.1697 46.7111 4
    endloop
  endfacet
  facet normal 0 0 1
    outer loop
      vertex 39 46.7 4
      vertex 39 23.3 4
      vertex 39.1697 23.2889 4
    endloop
  endfacet
  facet normal 0 0 1
    outer loop
      vertex 38.8303 46.7111 4
      vertex 39 23.3 4
      vertex 39 46.7 4
    endloop
  endfacet
  facet normal 0 0 1
    outer loop
      vertex 38.8303 46.7111 4
      vertex 38.8303 23.2889 4
      vertex 39 23.3 4
    endloop
  endfacet
  facet normal 0 0 1
    outer loop
      vertex 38.6635 46.7443 4
      vertex 38.8303 23.2889 4
      vertex 38.8303 46.7111 4
    endloop
  endfacet
  facet normal 0 0 1
    outer loop
      vertex 38.6635 46.7443 4
      vertex 38.6635 23.2557 4
      vertex 38.8303 23.2889 4
    endloop
  endfacet
  facet normal 0 0 1
    outer loop
      vertex 38.5025 46.799 4
      vertex 38.6635 23.2557 4
      vertex 38.6635 46.7443 4
    endloop
  endfacet
  facet normal 0 0 1
    outer loop
      vertex 38.5025 46.799 4
      vertex 38.5025 23.201 4
      vertex 38.6635 23.2557 4
    endloop
  endfacet
  facet normal 0 0 1
    outer loop
      vertex 38.35 46.8742 4
      vertex 38.5025 23.201 4
      vertex 38.5025 46.799 4
    endloop
  endfacet
  facet normal 0 0 1
    outer loop
      vertex 38.35 46.8742 4
      vertex 38.35 23.1258 4
      vertex 38.5025 23.201 4
    endloop
  endfacet
  facet normal 0 0 1
    outer loop
      vertex 38.2086 46.9686 4
      vertex 38.35 23.1258 4
      vertex 38.35 46.8742 4
    endloop
  endfacet
  facet normal 0 0 1
    outer loop
      vertex 38.2086 46.9686 4
      vertex 38.2086 23.0314 4
      vertex 38.35 23.1258 4
    endloop
  endfacet
  facet normal 0 0 1
    outer loop
      vertex 38.0808 47.0808 4
      vertex 38.2086 23.0314 4
      vertex 38.2086 46.9686 4
    endloop
  endfacet
  facet normal 0 0 1
    outer loop
      vertex 38.0808 47.0808 4
      vertex 38.0808 22.9192 4
      vertex 38.2086 23.0314 4
    endloop
  endfacet
  facet normal 0 0 1
    outer loop
      vertex 37.9686 47.2086 4
      vertex 38.0808 22.9192 4
      vertex 38.0808 47.0808 4
    endloop
  endfacet
  facet normal 0 0 1
    outer loop
      vertex 37.9686 47.2086 4
      vertex 37.9686 22.7914 4
      vertex 38.0808 22.9192 4
    endloop
  endfacet
  facet normal 0 0 1
    outer loop
      vertex 37.8742 47.35 4
      vertex 37.9686 22.7914 4
      vertex 37.9686 47.2086 4
    endloop
  endfacet
  facet normal 0 0 1
    outer loop
      vertex 37.8742 47.35 4
      vertex 37.8742 22.65 4
      vertex 37.9686 22.7914 4
    endloop
  endfacet
  facet normal 0 0 1
    outer loop
      vertex 37.799 47.5025 4
      vertex 37.8742 22.65 4
      vertex 37.8742 47.35 4
    endloop
  endfacet
  facet normal 0 0 1
    outer loop
      vertex 37.799 47.5025 4
      vertex 37.799 22.4975 4
      vertex 37.8742 22.65 4
    endloop
  endfacet
  facet normal 0 0 1
    outer loop
      vertex 36 51 4
      vertex 37.799 47.5025 4
      vertex 37.7443 47.6635 4
    endloop
  endfacet
  facet normal 0 0 1
    outer loop
      vertex 37.799 47.5025 4
      vertex 36 51 4
      vertex 37.799 22.4975 4
    endloop
  endfacet
  facet normal 0 0 1
    outer loop
      vertex 36 51 4
      vertex 37.7443 47.6635 4
      vertex 37.7111 47.8303 4
    endloop
  endfacet
  facet normal 0 0 1
    outer loop
      vertex 36 19 4
      vertex 37.799 22.4975 4
      vertex 36 51 4
    endloop
  endfacet
  facet normal 0 0 1
    outer loop
      vertex 36 51 4
      vertex 37.7111 47.8303 4
      vertex 37.7 48 4
    endloop
  endfacet
  facet normal 0 0 1
    outer loop
      vertex 37.799 22.4975 4
      vertex 36 19 4
      vertex 37.7443 22.3365 4
    endloop
  endfacet
  facet normal 0 0 1
    outer loop
      vertex 74.201 47.5025 4
      vertex 76 51 4
      vertex 74.2557 47.6635 4
    endloop
  endfacet
  facet normal 0 0 1
    outer loop
      vertex 76 19 4
      vertex 74.2889 22.1697 4
      vertex 74.3 22 4
    endloop
  endfacet
  facet normal 0 0 1
    outer loop
      vertex 76 51 4
      vertex 74.201 47.5025 4
      vertex 76 19 4
    endloop
  endfacet
  facet normal 0 0 1
    outer loop
      vertex 76 19 4
      vertex 74.2557 22.3365 4
      vertex 74.2889 22.1697 4
    endloop
  endfacet
  facet normal -0 0 1
    outer loop
      vertex 74.201 22.4975 4
      vertex 76 19 4
      vertex 74.201 47.5025 4
    endloop
  endfacet
  facet normal 0 0 1
    outer loop
      vertex 76 19 4
      vertex 74.201 22.4975 4
      vertex 74.2557 22.3365 4
    endloop
  endfacet
  facet normal -0 0 1
    outer loop
      vertex 74.1258 47.35 4
      vertex 74.201 22.4975 4
      vertex 74.201 47.5025 4
    endloop
  endfacet
  facet normal 0 0 1
    outer loop
      vertex 74.1258 47.35 4
      vertex 74.1258 22.65 4
      vertex 74.201 22.4975 4
    endloop
  endfacet
  facet normal -0 0 1
    outer loop
      vertex 74.0314 47.2086 4
      vertex 74.1258 22.65 4
      vertex 74.1258 47.35 4
    endloop
  endfacet
  facet normal 0 0 1
    outer loop
      vertex 74.0314 47.2086 4
      vertex 74.0314 22.7914 4
      vertex 74.1258 22.65 4
    endloop
  endfacet
  facet normal -0 0 1
    outer loop
      vertex 73.9192 47.0808 4
      vertex 74.0314 22.7914 4
      vertex 74.0314 47.2086 4
    endloop
  endfacet
  facet normal 0 0 1
    outer loop
      vertex 73.9192 47.0808 4
      vertex 73.9192 22.9192 4
      vertex 74.0314 22.7914 4
    endloop
  endfacet
  facet normal -0 0 1
    outer loop
      vertex 73.7914 46.9686 4
      vertex 73.9192 22.9192 4
      vertex 73.9192 47.0808 4
    endloop
  endfacet
  facet normal 0 0 1
    outer loop
      vertex 73.7914 46.9686 4
      vertex 73.7914 23.0314 4
      vertex 73.9192 22.9192 4
    endloop
  endfacet
  facet normal -0 0 1
    outer loop
      vertex 73.65 46.8742 4
      vertex 73.7914 23.0314 4
      vertex 73.7914 46.9686 4
    endloop
  endfacet
  facet normal 0 0 1
    outer loop
      vertex 73.65 46.8742 4
      vertex 73.65 23.1258 4
      vertex 73.7914 23.0314 4
    endloop
  endfacet
  facet normal -0 0 1
    outer loop
      vertex 73.4975 46.799 4
      vertex 73.65 23.1258 4
      vertex 73.65 46.8742 4
    endloop
  endfacet
  facet normal 0 0 1
    outer loop
      vertex 73.4975 46.799 4
      vertex 73.4975 23.201 4
      vertex 73.65 23.1258 4
    endloop
  endfacet
  facet normal -0 0 1
    outer loop
      vertex 73.3365 46.7443 4
      vertex 73.4975 23.201 4
      vertex 73.4975 46.799 4
    endloop
  endfacet
  facet normal 0 0 1
    outer loop
      vertex 73.3365 46.7443 4
      vertex 73.3365 23.2557 4
      vertex 73.4975 23.201 4
    endloop
  endfacet
  facet normal -0 0 1
    outer loop
      vertex 73.1697 46.7111 4
      vertex 73.3365 23.2557 4
      vertex 73.3365 46.7443 4
    endloop
  endfacet
  facet normal 0 0 1
    outer loop
      vertex 73.1697 46.7111 4
      vertex 73.1697 23.2889 4
      vertex 73.3365 23.2557 4
    endloop
  endfacet
  facet normal -0 0 1
    outer loop
      vertex 73 46.7 4
      vertex 73.1697 23.2889 4
      vertex 73.1697 46.7111 4
    endloop
  endfacet
  facet normal 0 0 1
    outer loop
      vertex 73 46.7 4
      vertex 73 23.3 4
      vertex 73.1697 23.2889 4
    endloop
  endfacet
  facet normal 0 0 1
    outer loop
      vertex 72.8303 46.7111 4
      vertex 73 23.3 4
      vertex 73 46.7 4
    endloop
  endfacet
  facet normal 0 0 1
    outer loop
      vertex 72.8303 46.7111 4
      vertex 72.8303 23.2889 4
      vertex 73 23.3 4
    endloop
  endfacet
  facet normal 0 0 1
    outer loop
      vertex 72.6635 46.7443 4
      vertex 72.8303 23.2889 4
      vertex 72.8303 46.7111 4
    endloop
  endfacet
  facet normal 0 0 1
    outer loop
      vertex 72.6635 46.7443 4
      vertex 72.6635 23.2557 4
      vertex 72.8303 23.2889 4
    endloop
  endfacet
  facet normal 0 0 1
    outer loop
      vertex 72.5025 46.799 4
      vertex 72.6635 23.2557 4
      vertex 72.6635 46.7443 4
    endloop
  endfacet
  facet normal 0 0 1
    outer loop
      vertex 72.5025 46.799 4
      vertex 72.5025 23.201 4
      vertex 72.6635 23.2557 4
    endloop
  endfacet
  facet normal 0 0 1
    outer loop
      vertex 72.35 46.8742 4
      vertex 72.5025 23.201 4
      vertex 72.5025 46.799 4
    endloop
  endfacet
  facet normal 0 0 1
    outer loop
      vertex 72.35 46.8742 4
      vertex 72.35 23.1258 4
      vertex 72.5025 23.201 4
    endloop
  endfacet
  facet normal 0 0 1
    outer loop
      vertex 72.2086 46.9686 4
      vertex 72.35 23.1258 4
      vertex 72.35 46.8742 4
    endloop
  endfacet
  facet normal 0 0 1
    outer loop
      vertex 72.2086 46.9686 4
      vertex 72.2086 23.0314 4
      vertex 72.35 23.1258 4
    endloop
  endfacet
  facet normal 0 0 1
    outer loop
      vertex 72.0808 47.0808 4
      vertex 72.2086 23.0314 4
      vertex 72.2086 46.9686 4
    endloop
  endfacet
  facet normal 0 0 1
    outer loop
      vertex 72.0808 47.0808 4
      vertex 72.0808 22.9192 4
      vertex 72.2086 23.0314 4
    endloop
  endfacet
  facet normal 0 0 1
    outer loop
      vertex 71.9686 47.2086 4
      vertex 72.0808 22.9192 4
      vertex 72.0808 47.0808 4
    endloop
  endfacet
  facet normal 0 0 1
    outer loop
      vertex 71.9686 47.2086 4
      vertex 71.9686 22.7914 4
      vertex 72.0808 22.9192 4
    endloop
  endfacet
  facet normal 0 0 1
    outer loop
      vertex 71.7443 47.6635 4
      vertex 40.2557 47.6635 4
      vertex 71.799 47.5025 4
    endloop
  endfacet
  facet normal 0 0 1
    outer loop
      vertex 40.201 47.5025 4
      vertex 71.799 47.5025 4
      vertex 40.2557 47.6635 4
    endloop
  endfacet
  facet normal 0 0 1
    outer loop
      vertex 40.2557 47.6635 4
      vertex 71.7443 47.6635 4
      vertex 40.2889 47.8303 4
    endloop
  endfacet
  facet normal 0 0 1
    outer loop
      vertex 71.799 47.5025 4
      vertex 40.201 47.5025 4
      vertex 71.8742 47.35 4
    endloop
  endfacet
  facet normal 0 0 1
    outer loop
      vertex 71.7111 47.8303 4
      vertex 40.2889 47.8303 4
      vertex 71.7443 47.6635 4
    endloop
  endfacet
  facet normal 0 0 1
    outer loop
      vertex 71.9686 22.7914 4
      vertex 40.3 22 4
      vertex 71.8742 22.65 4
    endloop
  endfacet
  facet normal 0 0 1
    outer loop
      vertex 40.2889 47.8303 4
      vertex 71.7111 47.8303 4
      vertex 40.3 48 4
    endloop
  endfacet
  facet normal 0 0 1
    outer loop
      vertex 71.8742 22.65 4
      vertex 40.3 22 4
      vertex 71.799 22.4975 4
    endloop
  endfacet
  facet normal -0 0 1
    outer loop
      vertex 40.3 48 4
      vertex 71.7111 47.8303 4
      vertex 71.7 48 4
    endloop
  endfacet
  facet normal 0 0 1
    outer loop
      vertex 71.799 22.4975 4
      vertex 40.3 22 4
      vertex 71.7443 22.3365 4
    endloop
  endfacet
  facet normal 0 0 1
    outer loop
      vertex 74.2889 47.8303 4
      vertex 76 51 4
      vertex 74.3 48 4
    endloop
  endfacet
  facet normal 0 0 1
    outer loop
      vertex 76 51 4
      vertex 74.2889 48.1697 4
      vertex 74.3 48 4
    endloop
  endfacet
  facet normal 0 0 1
    outer loop
      vertex 76 51 4
      vertex 74.2557 48.3365 4
      vertex 74.2889 48.1697 4
    endloop
  endfacet
  facet normal 0 0 1
    outer loop
      vertex 76 51 4
      vertex 74.201 48.4975 4
      vertex 74.2557 48.3365 4
    endloop
  endfacet
  facet normal 0 0 1
    outer loop
      vertex 76 51 4
      vertex 74.1258 48.65 4
      vertex 74.201 48.4975 4
    endloop
  endfacet
  facet normal 0 0 1
    outer loop
      vertex 76 51 4
      vertex 74.0314 48.7914 4
      vertex 74.1258 48.65 4
    endloop
  endfacet
  facet normal 0 0 1
    outer loop
      vertex 76 51 4
      vertex 73.9192 48.9192 4
      vertex 74.0314 48.7914 4
    endloop
  endfacet
  facet normal 0 0 1
    outer loop
      vertex 76 51 4
      vertex 73.7914 49.0314 4
      vertex 73.9192 48.9192 4
    endloop
  endfacet
  facet normal 0 0 1
    outer loop
      vertex 76 51 4
      vertex 73.65 49.1258 4
      vertex 73.7914 49.0314 4
    endloop
  endfacet
  facet normal 0 0 1
    outer loop
      vertex 76 51 4
      vertex 73.4975 49.201 4
      vertex 73.65 49.1258 4
    endloop
  endfacet
  facet normal 0 0 1
    outer loop
      vertex 76 51 4
      vertex 73.3365 49.2557 4
      vertex 73.4975 49.201 4
    endloop
  endfacet
  facet normal 0 0 1
    outer loop
      vertex 76 51 4
      vertex 73.1697 49.2889 4
      vertex 73.3365 49.2557 4
    endloop
  endfacet
  facet normal 0 0 1
    outer loop
      vertex 76 51 4
      vertex 73 49.3 4
      vertex 73.1697 49.2889 4
    endloop
  endfacet
  facet normal 0 0 1
    outer loop
      vertex 76 51 4
      vertex 72.8303 49.2889 4
      vertex 73 49.3 4
    endloop
  endfacet
  facet normal 0 0 1
    outer loop
      vertex 76 51 4
      vertex 72.6635 49.2557 4
      vertex 72.8303 49.2889 4
    endloop
  endfacet
  facet normal 0 0 1
    outer loop
      vertex 76 51 4
      vertex 72.5025 49.201 4
      vertex 72.6635 49.2557 4
    endloop
  endfacet
  facet normal 0 0 1
    outer loop
      vertex 39.4975 49.201 4
      vertex 72.5025 49.201 4
      vertex 76 51 4
    endloop
  endfacet
  facet normal 0 0 1
    outer loop
      vertex 71.7443 22.3365 4
      vertex 40.3 22 4
      vertex 71.7111 22.1697 4
    endloop
  endfacet
  facet normal 0 0 1
    outer loop
      vertex 71.7111 48.1697 4
      vertex 40.3 48 4
      vertex 71.7 48 4
    endloop
  endfacet
  facet normal 0 0 1
    outer loop
      vertex 40.2889 48.1697 4
      vertex 71.7111 48.1697 4
      vertex 71.7443 48.3365 4
    endloop
  endfacet
  facet normal 0 0 1
    outer loop
      vertex 40.2557 48.3365 4
      vertex 71.7443 48.3365 4
      vertex 71.799 48.4975 4
    endloop
  endfacet
  facet normal 0 0 1
    outer loop
      vertex 40.201 48.4975 4
      vertex 71.799 48.4975 4
      vertex 71.8742 48.65 4
    endloop
  endfacet
  facet normal 0 0 1
    outer loop
      vertex 40.1258 48.65 4
      vertex 71.8742 48.65 4
      vertex 71.9686 48.7914 4
    endloop
  endfacet
  facet normal 0 0 1
    outer loop
      vertex 40.0314 48.7914 4
      vertex 71.9686 48.7914 4
      vertex 72.0808 48.9192 4
    endloop
  endfacet
  facet normal 0 0 1
    outer loop
      vertex 39.9192 48.9192 4
      vertex 72.0808 48.9192 4
      vertex 72.2086 49.0314 4
    endloop
  endfacet
  facet normal 0 0 1
    outer loop
      vertex 39.7914 49.0314 4
      vertex 72.2086 49.0314 4
      vertex 72.35 49.1258 4
    endloop
  endfacet
  facet normal 0 0 1
    outer loop
      vertex 72.5025 49.201 4
      vertex 39.4975 49.201 4
      vertex 72.35 49.1258 4
    endloop
  endfacet
  facet normal 0 0 1
    outer loop
      vertex 71.7111 48.1697 4
      vertex 40.2889 48.1697 4
      vertex 40.3 48 4
    endloop
  endfacet
  facet normal 0 0 1
    outer loop
      vertex 71.7443 48.3365 4
      vertex 40.2557 48.3365 4
      vertex 40.2889 48.1697 4
    endloop
  endfacet
  facet normal 0 0 1
    outer loop
      vertex 71.799 48.4975 4
      vertex 40.201 48.4975 4
      vertex 40.2557 48.3365 4
    endloop
  endfacet
  facet normal 0 0 1
    outer loop
      vertex 71.8742 48.65 4
      vertex 40.1258 48.65 4
      vertex 40.201 48.4975 4
    endloop
  endfacet
  facet normal 0 0 1
    outer loop
      vertex 71.9686 48.7914 4
      vertex 40.0314 48.7914 4
      vertex 40.1258 48.65 4
    endloop
  endfacet
  facet normal 0 0 1
    outer loop
      vertex 72.0808 48.9192 4
      vertex 39.9192 48.9192 4
      vertex 40.0314 48.7914 4
    endloop
  endfacet
  facet normal 0 0 1
    outer loop
      vertex 72.2086 49.0314 4
      vertex 39.7914 49.0314 4
      vertex 39.9192 48.9192 4
    endloop
  endfacet
  facet normal 0 0 1
    outer loop
      vertex 72.35 49.1258 4
      vertex 39.65 49.1258 4
      vertex 39.7914 49.0314 4
    endloop
  endfacet
  facet normal 0 0 1
    outer loop
      vertex 72.35 49.1258 4
      vertex 39.4975 49.201 4
      vertex 39.65 49.1258 4
    endloop
  endfacet
  facet normal -0 0 1
    outer loop
      vertex 36 51 4
      vertex 39.4975 49.201 4
      vertex 76 51 4
    endloop
  endfacet
  facet normal 0 0 1
    outer loop
      vertex 39.4975 49.201 4
      vertex 36 51 4
      vertex 39.3365 49.2557 4
    endloop
  endfacet
  facet normal 0 0 1
    outer loop
      vertex 39.3365 49.2557 4
      vertex 36 51 4
      vertex 39.1697 49.2889 4
    endloop
  endfacet
  facet normal 0 0 1
    outer loop
      vertex 37.7443 22.3365 4
      vertex 36 19 4
      vertex 37.7111 22.1697 4
    endloop
  endfacet
  facet normal 0 0 1
    outer loop
      vertex 37.7111 48.1697 4
      vertex 36 51 4
      vertex 37.7 48 4
    endloop
  endfacet
  facet normal 0 0 1
    outer loop
      vertex 37.7443 48.3365 4
      vertex 36 51 4
      vertex 37.7111 48.1697 4
    endloop
  endfacet
  facet normal 0 0 1
    outer loop
      vertex 37.799 48.4975 4
      vertex 36 51 4
      vertex 37.7443 48.3365 4
    endloop
  endfacet
  facet normal 0 0 1
    outer loop
      vertex 37.8742 48.65 4
      vertex 36 51 4
      vertex 37.799 48.4975 4
    endloop
  endfacet
  facet normal 0 0 1
    outer loop
      vertex 37.9686 48.7914 4
      vertex 36 51 4
      vertex 37.8742 48.65 4
    endloop
  endfacet
  facet normal 0 0 1
    outer loop
      vertex 38.0808 48.9192 4
      vertex 36 51 4
      vertex 37.9686 48.7914 4
    endloop
  endfacet
  facet normal 0 0 1
    outer loop
      vertex 38.2086 49.0314 4
      vertex 36 51 4
      vertex 38.0808 48.9192 4
    endloop
  endfacet
  facet normal 0 0 1
    outer loop
      vertex 38.35 49.1258 4
      vertex 36 51 4
      vertex 38.2086 49.0314 4
    endloop
  endfacet
  facet normal 0 0 1
    outer loop
      vertex 38.5025 49.201 4
      vertex 36 51 4
      vertex 38.35 49.1258 4
    endloop
  endfacet
  facet normal 0 0 1
    outer loop
      vertex 38.6635 49.2557 4
      vertex 36 51 4
      vertex 38.5025 49.201 4
    endloop
  endfacet
  facet normal 0 0 1
    outer loop
      vertex 38.8303 49.2889 4
      vertex 36 51 4
      vertex 38.6635 49.2557 4
    endloop
  endfacet
  facet normal 0 0 1
    outer loop
      vertex 39 49.3 4
      vertex 36 51 4
      vertex 38.8303 49.2889 4
    endloop
  endfacet
  facet normal 0 0 1
    outer loop
      vertex 39.1697 49.2889 4
      vertex 36 51 4
      vertex 39 49.3 4
    endloop
  endfacet
  facet normal 0 0 1
    outer loop
      vertex 74.2557 47.6635 4
      vertex 76 51 4
      vertex 74.2889 47.8303 4
    endloop
  endfacet
  facet normal -0 0 1
    outer loop
      vertex 74.2889 21.8303 4
      vertex 76 19 4
      vertex 74.3 22 4
    endloop
  endfacet
  facet normal -0 0 1
    outer loop
      vertex 74.2557 21.6635 4
      vertex 76 19 4
      vertex 74.2889 21.8303 4
    endloop
  endfacet
  facet normal -0 0 1
    outer loop
      vertex 74.201 21.5025 4
      vertex 76 19 4
      vertex 74.2557 21.6635 4
    endloop
  endfacet
  facet normal -0 0 1
    outer loop
      vertex 74.1258 21.35 4
      vertex 76 19 4
      vertex 74.201 21.5025 4
    endloop
  endfacet
  facet normal -0 0 1
    outer loop
      vertex 74.0314 21.2086 4
      vertex 76 19 4
      vertex 74.1258 21.35 4
    endloop
  endfacet
  facet normal -0 0 1
    outer loop
      vertex 73.9192 21.0808 4
      vertex 76 19 4
      vertex 74.0314 21.2086 4
    endloop
  endfacet
  facet normal -0 0 1
    outer loop
      vertex 73.7914 20.9686 4
      vertex 76 19 4
      vertex 73.9192 21.0808 4
    endloop
  endfacet
  facet normal -0 0 1
    outer loop
      vertex 73.65 20.8742 4
      vertex 76 19 4
      vertex 73.7914 20.9686 4
    endloop
  endfacet
  facet normal -0 0 1
    outer loop
      vertex 73.4975 20.799 4
      vertex 76 19 4
      vertex 73.65 20.8742 4
    endloop
  endfacet
  facet normal -0 0 1
    outer loop
      vertex 73.3365 20.7443 4
      vertex 76 19 4
      vertex 73.4975 20.799 4
    endloop
  endfacet
  facet normal -0 0 1
    outer loop
      vertex 73.1697 20.7111 4
      vertex 76 19 4
      vertex 73.3365 20.7443 4
    endloop
  endfacet
  facet normal -0 0 1
    outer loop
      vertex 73 20.7 4
      vertex 76 19 4
      vertex 73.1697 20.7111 4
    endloop
  endfacet
  facet normal 0 0 1
    outer loop
      vertex 72.8303 20.7111 4
      vertex 76 19 4
      vertex 73 20.7 4
    endloop
  endfacet
  facet normal 0 0 1
    outer loop
      vertex 72.6635 20.7443 4
      vertex 76 19 4
      vertex 72.8303 20.7111 4
    endloop
  endfacet
  facet normal 0 0 1
    outer loop
      vertex 72.5025 20.799 4
      vertex 76 19 4
      vertex 72.6635 20.7443 4
    endloop
  endfacet
  facet normal 0 0 1
    outer loop
      vertex 39.4975 20.799 4
      vertex 72.5025 20.799 4
      vertex 72.35 20.8742 4
    endloop
  endfacet
  facet normal 0 0 1
    outer loop
      vertex 71.7111 22.1697 4
      vertex 40.3 22 4
      vertex 71.7 22 4
    endloop
  endfacet
  facet normal 0 0 1
    outer loop
      vertex 71.7 22 4
      vertex 40.3 22 4
      vertex 71.7111 21.8303 4
    endloop
  endfacet
  facet normal 0 0 1
    outer loop
      vertex 40.2889 21.8303 4
      vertex 71.7111 21.8303 4
      vertex 40.3 22 4
    endloop
  endfacet
  facet normal 0 0 1
    outer loop
      vertex 71.7111 21.8303 4
      vertex 40.2889 21.8303 4
      vertex 71.7443 21.6635 4
    endloop
  endfacet
  facet normal 0 0 1
    outer loop
      vertex 40.2557 21.6635 4
      vertex 71.7443 21.6635 4
      vertex 40.2889 21.8303 4
    endloop
  endfacet
  facet normal 0 0 1
    outer loop
      vertex 71.7443 21.6635 4
      vertex 40.2557 21.6635 4
      vertex 71.799 21.5025 4
    endloop
  endfacet
  facet normal 0 0 1
    outer loop
      vertex 40.201 21.5025 4
      vertex 71.799 21.5025 4
      vertex 40.2557 21.6635 4
    endloop
  endfacet
  facet normal 0 0 1
    outer loop
      vertex 71.799 21.5025 4
      vertex 40.201 21.5025 4
      vertex 71.8742 21.35 4
    endloop
  endfacet
  facet normal 0 0 1
    outer loop
      vertex 40.1258 21.35 4
      vertex 71.8742 21.35 4
      vertex 40.201 21.5025 4
    endloop
  endfacet
  facet normal 0 0 1
    outer loop
      vertex 71.8742 21.35 4
      vertex 40.1258 21.35 4
      vertex 71.9686 21.2086 4
    endloop
  endfacet
  facet normal 0 0 1
    outer loop
      vertex 40.0314 21.2086 4
      vertex 71.9686 21.2086 4
      vertex 40.1258 21.35 4
    endloop
  endfacet
  facet normal 0 0 1
    outer loop
      vertex 71.9686 21.2086 4
      vertex 40.0314 21.2086 4
      vertex 72.0808 21.0808 4
    endloop
  endfacet
  facet normal 0 0 1
    outer loop
      vertex 39.9192 21.0808 4
      vertex 72.0808 21.0808 4
      vertex 40.0314 21.2086 4
    endloop
  endfacet
  facet normal 0 0 1
    outer loop
      vertex 72.0808 21.0808 4
      vertex 39.9192 21.0808 4
      vertex 72.2086 20.9686 4
    endloop
  endfacet
  facet normal 0 0 1
    outer loop
      vertex 39.7914 20.9686 4
      vertex 72.2086 20.9686 4
      vertex 39.9192 21.0808 4
    endloop
  endfacet
  facet normal 0 0 1
    outer loop
      vertex 72.2086 20.9686 4
      vertex 39.7914 20.9686 4
      vertex 72.35 20.8742 4
    endloop
  endfacet
  facet normal 0 0 1
    outer loop
      vertex 39.65 20.8742 4
      vertex 72.35 20.8742 4
      vertex 39.7914 20.9686 4
    endloop
  endfacet
  facet normal 0 0 1
    outer loop
      vertex 39.4975 20.799 4
      vertex 72.35 20.8742 4
      vertex 39.65 20.8742 4
    endloop
  endfacet
  facet normal 0 0 1
    outer loop
      vertex 72.5025 20.799 4
      vertex 39.4975 20.799 4
      vertex 76 19 4
    endloop
  endfacet
  facet normal 0 0 1
    outer loop
      vertex 36 19 4
      vertex 39.4975 20.799 4
      vertex 39.3365 20.7443 4
    endloop
  endfacet
  facet normal 0 0 1
    outer loop
      vertex 36 19 4
      vertex 39.3365 20.7443 4
      vertex 39.1697 20.7111 4
    endloop
  endfacet
  facet normal 0 0 1
    outer loop
      vertex 36 19 4
      vertex 39.1697 20.7111 4
      vertex 39 20.7 4
    endloop
  endfacet
  facet normal 0 0 1
    outer loop
      vertex 39.4975 20.799 4
      vertex 36 19 4
      vertex 76 19 4
    endloop
  endfacet
  facet normal 0 0 1
    outer loop
      vertex 38.8303 20.7111 4
      vertex 36 19 4
      vertex 39 20.7 4
    endloop
  endfacet
  facet normal 0 0 1
    outer loop
      vertex 38.6635 20.7443 4
      vertex 36 19 4
      vertex 38.8303 20.7111 4
    endloop
  endfacet
  facet normal 0 0 1
    outer loop
      vertex 38.5025 20.799 4
      vertex 36 19 4
      vertex 38.6635 20.7443 4
    endloop
  endfacet
  facet normal 0 0 1
    outer loop
      vertex 38.35 20.8742 4
      vertex 36 19 4
      vertex 38.5025 20.799 4
    endloop
  endfacet
  facet normal 0 0 1
    outer loop
      vertex 38.2086 20.9686 4
      vertex 36 19 4
      vertex 38.35 20.8742 4
    endloop
  endfacet
  facet normal 0 0 1
    outer loop
      vertex 38.0808 21.0808 4
      vertex 36 19 4
      vertex 38.2086 20.9686 4
    endloop
  endfacet
  facet normal 0 0 1
    outer loop
      vertex 37.9686 21.2086 4
      vertex 36 19 4
      vertex 38.0808 21.0808 4
    endloop
  endfacet
  facet normal 0 0 1
    outer loop
      vertex 37.8742 21.35 4
      vertex 36 19 4
      vertex 37.9686 21.2086 4
    endloop
  endfacet
  facet normal 0 0 1
    outer loop
      vertex 37.799 21.5025 4
      vertex 36 19 4
      vertex 37.8742 21.35 4
    endloop
  endfacet
  facet normal 0 0 1
    outer loop
      vertex 37.7443 21.6635 4
      vertex 36 19 4
      vertex 37.799 21.5025 4
    endloop
  endfacet
  facet normal 0 0 1
    outer loop
      vertex 37.7111 21.8303 4
      vertex 36 19 4
      vertex 37.7443 21.6635 4
    endloop
  endfacet
  facet normal 0 0 1
    outer loop
      vertex 37.7 22 4
      vertex 36 19 4
      vertex 37.7111 21.8303 4
    endloop
  endfacet
  facet normal 0 0 1
    outer loop
      vertex 37.7111 22.1697 4
      vertex 36 19 4
      vertex 37.7 22 4
    endloop
  endfacet
  facet normal 0 0 -1
    outer loop
      vertex 40.1258 22.65 2.4
      vertex 71.8742 22.65 2.4
      vertex 40.201 22.4975 2.4
    endloop
  endfacet
  facet normal 0 0 -1
    outer loop
      vertex 71.9686 47.2086 2.4
      vertex 40.2889 47.8303 2.4
      vertex 40.3 48 2.4
    endloop
  endfacet
  facet normal 0 0 -1
    outer loop
      vertex 71.8742 22.65 2.4
      vertex 40.1258 22.65 2.4
      vertex 71.9686 22.7914 2.4
    endloop
  endfacet
  facet normal 0 0 -1
    outer loop
      vertex 71.9686 47.2086 2.4
      vertex 40.2557 47.6635 2.4
      vertex 40.2889 47.8303 2.4
    endloop
  endfacet
  facet normal 0 0 -1
    outer loop
      vertex 40.0314 22.7914 2.4
      vertex 71.9686 22.7914 2.4
      vertex 40.1258 22.65 2.4
    endloop
  endfacet
  facet normal 0 0 -1
    outer loop
      vertex 71.9686 47.2086 2.4
      vertex 40.201 47.5025 2.4
      vertex 40.2557 47.6635 2.4
    endloop
  endfacet
  facet normal 0 0 -1
    outer loop
      vertex 71.9686 22.7914 2.4
      vertex 40.0314 22.7914 2.4
      vertex 71.9686 47.2086 2.4
    endloop
  endfacet
  facet normal 0 0 -1
    outer loop
      vertex 71.9686 47.2086 2.4
      vertex 40.1258 47.35 2.4
      vertex 40.201 47.5025 2.4
    endloop
  endfacet
  facet normal 0 0 -1
    outer loop
      vertex 40.0314 47.2086 2.4
      vertex 71.9686 47.2086 2.4
      vertex 40.0314 22.7914 2.4
    endloop
  endfacet
  facet normal 0 0 -1
    outer loop
      vertex 71.9686 47.2086 2.4
      vertex 40.0314 47.2086 2.4
      vertex 40.1258 47.35 2.4
    endloop
  endfacet
  facet normal 0 0 -1
    outer loop
      vertex 39.9192 22.9192 2.4
      vertex 40.0314 47.2086 2.4
      vertex 40.0314 22.7914 2.4
    endloop
  endfacet
  facet normal 0 0 -1
    outer loop
      vertex 39.9192 22.9192 2.4
      vertex 39.9192 47.0808 2.4
      vertex 40.0314 47.2086 2.4
    endloop
  endfacet
  facet normal 0 0 -1
    outer loop
      vertex 39.7914 23.0314 2.4
      vertex 39.9192 47.0808 2.4
      vertex 39.9192 22.9192 2.4
    endloop
  endfacet
  facet normal 0 0 -1
    outer loop
      vertex 39.7914 23.0314 2.4
      vertex 39.7914 46.9686 2.4
      vertex 39.9192 47.0808 2.4
    endloop
  endfacet
  facet normal 0 0 -1
    outer loop
      vertex 39.65 23.1258 2.4
      vertex 39.7914 46.9686 2.4
      vertex 39.7914 23.0314 2.4
    endloop
  endfacet
  facet normal 0 0 -1
    outer loop
      vertex 39.65 23.1258 2.4
      vertex 39.65 46.8742 2.4
      vertex 39.7914 46.9686 2.4
    endloop
  endfacet
  facet normal 0 0 -1
    outer loop
      vertex 39.4975 23.201 2.4
      vertex 39.65 46.8742 2.4
      vertex 39.65 23.1258 2.4
    endloop
  endfacet
  facet normal 0 0 -1
    outer loop
      vertex 39.4975 23.201 2.4
      vertex 39.4975 46.799 2.4
      vertex 39.65 46.8742 2.4
    endloop
  endfacet
  facet normal 0 0 -1
    outer loop
      vertex 39.3365 23.2557 2.4
      vertex 39.4975 46.799 2.4
      vertex 39.4975 23.201 2.4
    endloop
  endfacet
  facet normal 0 0 -1
    outer loop
      vertex 39.3365 23.2557 2.4
      vertex 39.3365 46.7443 2.4
      vertex 39.4975 46.799 2.4
    endloop
  endfacet
  facet normal 0 0 -1
    outer loop
      vertex 39.1697 23.2889 2.4
      vertex 39.3365 46.7443 2.4
      vertex 39.3365 23.2557 2.4
    endloop
  endfacet
  facet normal 0 0 -1
    outer loop
      vertex 39.1697 23.2889 2.4
      vertex 39.1697 46.7111 2.4
      vertex 39.3365 46.7443 2.4
    endloop
  endfacet
  facet normal 0 0 -1
    outer loop
      vertex 39 23.3 2.4
      vertex 39.1697 46.7111 2.4
      vertex 39.1697 23.2889 2.4
    endloop
  endfacet
  facet normal 0 0 -1
    outer loop
      vertex 39 23.3 2.4
      vertex 39 46.7 2.4
      vertex 39.1697 46.7111 2.4
    endloop
  endfacet
  facet normal 0 0 -1
    outer loop
      vertex 38.8303 23.2889 2.4
      vertex 39 46.7 2.4
      vertex 39 23.3 2.4
    endloop
  endfacet
  facet normal 0 0 -1
    outer loop
      vertex 38.8303 23.2889 2.4
      vertex 38.8303 46.7111 2.4
      vertex 39 46.7 2.4
    endloop
  endfacet
  facet normal 0 0 -1
    outer loop
      vertex 38.6635 23.2557 2.4
      vertex 38.8303 46.7111 2.4
      vertex 38.8303 23.2889 2.4
    endloop
  endfacet
  facet normal 0 0 -1
    outer loop
      vertex 38.6635 23.2557 2.4
      vertex 38.6635 46.7443 2.4
      vertex 38.8303 46.7111 2.4
    endloop
  endfacet
  facet normal 0 0 -1
    outer loop
      vertex 38.5025 23.201 2.4
      vertex 38.6635 46.7443 2.4
      vertex 38.6635 23.2557 2.4
    endloop
  endfacet
  facet normal 0 0 -1
    outer loop
      vertex 38.5025 23.201 2.4
      vertex 38.5025 46.799 2.4
      vertex 38.6635 46.7443 2.4
    endloop
  endfacet
  facet normal 0 0 -1
    outer loop
      vertex 38.35 23.1258 2.4
      vertex 38.5025 46.799 2.4
      vertex 38.5025 23.201 2.4
    endloop
  endfacet
  facet normal 0 0 -1
    outer loop
      vertex 38.35 23.1258 2.4
      vertex 38.35 46.8742 2.4
      vertex 38.5025 46.799 2.4
    endloop
  endfacet
  facet normal 0 0 -1
    outer loop
      vertex 38.2086 23.0314 2.4
      vertex 38.35 46.8742 2.4
      vertex 38.35 23.1258 2.4
    endloop
  endfacet
  facet normal 0 0 -1
    outer loop
      vertex 38.2086 23.0314 2.4
      vertex 38.2086 46.9686 2.4
      vertex 38.35 46.8742 2.4
    endloop
  endfacet
  facet normal 0 0 -1
    outer loop
      vertex 38.0808 22.9192 2.4
      vertex 38.2086 46.9686 2.4
      vertex 38.2086 23.0314 2.4
    endloop
  endfacet
  facet normal 0 0 -1
    outer loop
      vertex 38.0808 22.9192 2.4
      vertex 38.0808 47.0808 2.4
      vertex 38.2086 46.9686 2.4
    endloop
  endfacet
  facet normal 0 0 -1
    outer loop
      vertex 37.9686 22.7914 2.4
      vertex 38.0808 47.0808 2.4
      vertex 38.0808 22.9192 2.4
    endloop
  endfacet
  facet normal 0 0 -1
    outer loop
      vertex 37.9686 22.7914 2.4
      vertex 37.9686 47.2086 2.4
      vertex 38.0808 47.0808 2.4
    endloop
  endfacet
  facet normal 0 0 -1
    outer loop
      vertex 37.8742 22.65 2.4
      vertex 37.9686 47.2086 2.4
      vertex 37.9686 22.7914 2.4
    endloop
  endfacet
  facet normal 0 0 -1
    outer loop
      vertex 37.8742 22.65 2.4
      vertex 37.8742 47.35 2.4
      vertex 37.9686 47.2086 2.4
    endloop
  endfacet
  facet normal 0 0 -1
    outer loop
      vertex 37.799 22.4975 2.4
      vertex 37.8742 47.35 2.4
      vertex 37.8742 22.65 2.4
    endloop
  endfacet
  facet normal 0 0 -1
    outer loop
      vertex 37.799 22.4975 2.4
      vertex 37.799 47.5025 2.4
      vertex 37.8742 47.35 2.4
    endloop
  endfacet
  facet normal 0 0 -1
    outer loop
      vertex 36 19 2.4
      vertex 37.799 22.4975 2.4
      vertex 37.7443 22.3365 2.4
    endloop
  endfacet
  facet normal -0 0 -1
    outer loop
      vertex 37.799 22.4975 2.4
      vertex 36 19 2.4
      vertex 37.799 47.5025 2.4
    endloop
  endfacet
  facet normal 0 0 -1
    outer loop
      vertex 36 19 2.4
      vertex 37.7443 22.3365 2.4
      vertex 37.7111 22.1697 2.4
    endloop
  endfacet
  facet normal 0 0 -1
    outer loop
      vertex 36 51 2.4
      vertex 37.799 47.5025 2.4
      vertex 36 19 2.4
    endloop
  endfacet
  facet normal 0 0 -1
    outer loop
      vertex 36 19 2.4
      vertex 37.7111 22.1697 2.4
      vertex 37.7 22 2.4
    endloop
  endfacet
  facet normal 0 0 -1
    outer loop
      vertex 37.799 47.5025 2.4
      vertex 36 51 2.4
      vertex 37.7443 47.6635 2.4
    endloop
  endfacet
  facet normal 0 0 -1
    outer loop
      vertex 74.201 22.4975 2.4
      vertex 76 19 2.4
      vertex 74.2557 22.3365 2.4
    endloop
  endfacet
  facet normal 0 0 -1
    outer loop
      vertex 76 51 2.4
      vertex 74.2889 47.8303 2.4
      vertex 74.3 48 2.4
    endloop
  endfacet
  facet normal 0 0 -1
    outer loop
      vertex 76 19 2.4
      vertex 74.201 22.4975 2.4
      vertex 76 51 2.4
    endloop
  endfacet
  facet normal 0 0 -1
    outer loop
      vertex 76 51 2.4
      vertex 74.2557 47.6635 2.4
      vertex 74.2889 47.8303 2.4
    endloop
  endfacet
  facet normal 0 0 -1
    outer loop
      vertex 74.201 47.5025 2.4
      vertex 76 51 2.4
      vertex 74.201 22.4975 2.4
    endloop
  endfacet
  facet normal 0 0 -1
    outer loop
      vertex 76 51 2.4
      vertex 74.201 47.5025 2.4
      vertex 74.2557 47.6635 2.4
    endloop
  endfacet
  facet normal 0 0 -1
    outer loop
      vertex 74.1258 22.65 2.4
      vertex 74.201 47.5025 2.4
      vertex 74.201 22.4975 2.4
    endloop
  endfacet
  facet normal 0 0 -1
    outer loop
      vertex 74.1258 22.65 2.4
      vertex 74.1258 47.35 2.4
      vertex 74.201 47.5025 2.4
    endloop
  endfacet
  facet normal 0 0 -1
    outer loop
      vertex 74.0314 22.7914 2.4
      vertex 74.1258 47.35 2.4
      vertex 74.1258 22.65 2.4
    endloop
  endfacet
  facet normal 0 0 -1
    outer loop
      vertex 74.0314 22.7914 2.4
      vertex 74.0314 47.2086 2.4
      vertex 74.1258 47.35 2.4
    endloop
  endfacet
  facet normal 0 0 -1
    outer loop
      vertex 73.9192 22.9192 2.4
      vertex 74.0314 47.2086 2.4
      vertex 74.0314 22.7914 2.4
    endloop
  endfacet
  facet normal 0 0 -1
    outer loop
      vertex 73.9192 22.9192 2.4
      vertex 73.9192 47.0808 2.4
      vertex 74.0314 47.2086 2.4
    endloop
  endfacet
  facet normal 0 0 -1
    outer loop
      vertex 73.7914 23.0314 2.4
      vertex 73.9192 47.0808 2.4
      vertex 73.9192 22.9192 2.4
    endloop
  endfacet
  facet normal 0 0 -1
    outer loop
      vertex 73.7914 23.0314 2.4
      vertex 73.7914 46.9686 2.4
      vertex 73.9192 47.0808 2.4
    endloop
  endfacet
  facet normal 0 0 -1
    outer loop
      vertex 73.65 23.1258 2.4
      vertex 73.7914 46.9686 2.4
      vertex 73.7914 23.0314 2.4
    endloop
  endfacet
  facet normal 0 0 -1
    outer loop
      vertex 73.65 23.1258 2.4
      vertex 73.65 46.8742 2.4
      vertex 73.7914 46.9686 2.4
    endloop
  endfacet
  facet normal 0 0 -1
    outer loop
      vertex 73.4975 23.201 2.4
      vertex 73.65 46.8742 2.4
      vertex 73.65 23.1258 2.4
    endloop
  endfacet
  facet normal 0 0 -1
    outer loop
      vertex 73.4975 23.201 2.4
      vertex 73.4975 46.799 2.4
      vertex 73.65 46.8742 2.4
    endloop
  endfacet
  facet normal 0 0 -1
    outer loop
      vertex 73.3365 23.2557 2.4
      vertex 73.4975 46.799 2.4
      vertex 73.4975 23.201 2.4
    endloop
  endfacet
  facet normal 0 0 -1
    outer loop
      vertex 73.3365 23.2557 2.4
      vertex 73.3365 46.7443 2.4
      vertex 73.4975 46.799 2.4
    endloop
  endfacet
  facet normal 0 0 -1
    outer loop
      vertex 73.1697 23.2889 2.4
      vertex 73.3365 46.7443 2.4
      vertex 73.3365 23.2557 2.4
    endloop
  endfacet
  facet normal 0 0 -1
    outer loop
      vertex 73.1697 23.2889 2.4
      vertex 73.1697 46.7111 2.4
      vertex 73.3365 46.7443 2.4
    endloop
  endfacet
  facet normal 0 0 -1
    outer loop
      vertex 73 23.3 2.4
      vertex 73.1697 46.7111 2.4
      vertex 73.1697 23.2889 2.4
    endloop
  endfacet
  facet normal 0 0 -1
    outer loop
      vertex 73 23.3 2.4
      vertex 73 46.7 2.4
      vertex 73.1697 46.7111 2.4
    endloop
  endfacet
  facet normal 0 0 -1
    outer loop
      vertex 72.8303 23.2889 2.4
      vertex 73 46.7 2.4
      vertex 73 23.3 2.4
    endloop
  endfacet
  facet normal 0 0 -1
    outer loop
      vertex 72.8303 23.2889 2.4
      vertex 72.8303 46.7111 2.4
      vertex 73 46.7 2.4
    endloop
  endfacet
  facet normal 0 0 -1
    outer loop
      vertex 72.6635 23.2557 2.4
      vertex 72.8303 46.7111 2.4
      vertex 72.8303 23.2889 2.4
    endloop
  endfacet
  facet normal 0 0 -1
    outer loop
      vertex 72.6635 23.2557 2.4
      vertex 72.6635 46.7443 2.4
      vertex 72.8303 46.7111 2.4
    endloop
  endfacet
  facet normal 0 0 -1
    outer loop
      vertex 72.5025 23.201 2.4
      vertex 72.6635 46.7443 2.4
      vertex 72.6635 23.2557 2.4
    endloop
  endfacet
  facet normal 0 0 -1
    outer loop
      vertex 72.5025 23.201 2.4
      vertex 72.5025 46.799 2.4
      vertex 72.6635 46.7443 2.4
    endloop
  endfacet
  facet normal 0 0 -1
    outer loop
      vertex 72.35 23.1258 2.4
      vertex 72.5025 46.799 2.4
      vertex 72.5025 23.201 2.4
    endloop
  endfacet
  facet normal 0 0 -1
    outer loop
      vertex 72.35 23.1258 2.4
      vertex 72.35 46.8742 2.4
      vertex 72.5025 46.799 2.4
    endloop
  endfacet
  facet normal 0 0 -1
    outer loop
      vertex 72.2086 23.0314 2.4
      vertex 72.35 46.8742 2.4
      vertex 72.35 23.1258 2.4
    endloop
  endfacet
  facet normal 0 0 -1
    outer loop
      vertex 72.2086 23.0314 2.4
      vertex 72.2086 46.9686 2.4
      vertex 72.35 46.8742 2.4
    endloop
  endfacet
  facet normal 0 0 -1
    outer loop
      vertex 72.0808 22.9192 2.4
      vertex 72.2086 46.9686 2.4
      vertex 72.2086 23.0314 2.4
    endloop
  endfacet
  facet normal 0 0 -1
    outer loop
      vertex 72.0808 22.9192 2.4
      vertex 72.0808 47.0808 2.4
      vertex 72.2086 46.9686 2.4
    endloop
  endfacet
  facet normal 0 0 -1
    outer loop
      vertex 71.9686 22.7914 2.4
      vertex 72.0808 47.0808 2.4
      vertex 72.0808 22.9192 2.4
    endloop
  endfacet
  facet normal 0 0 -1
    outer loop
      vertex 71.9686 22.7914 2.4
      vertex 71.9686 47.2086 2.4
      vertex 72.0808 47.0808 2.4
    endloop
  endfacet
  facet normal 0 0 -1
    outer loop
      vertex 71.7443 22.3365 2.4
      vertex 40.2557 22.3365 2.4
      vertex 71.799 22.4975 2.4
    endloop
  endfacet
  facet normal 0 0 -1
    outer loop
      vertex 40.201 22.4975 2.4
      vertex 71.799 22.4975 2.4
      vertex 40.2557 22.3365 2.4
    endloop
  endfacet
  facet normal 0 0 -1
    outer loop
      vertex 40.2557 22.3365 2.4
      vertex 71.7443 22.3365 2.4
      vertex 40.2889 22.1697 2.4
    endloop
  endfacet
  facet normal 0 0 -1
    outer loop
      vertex 71.799 22.4975 2.4
      vertex 40.201 22.4975 2.4
      vertex 71.8742 22.65 2.4
    endloop
  endfacet
  facet normal 0 0 -1
    outer loop
      vertex 71.7111 22.1697 2.4
      vertex 40.2889 22.1697 2.4
      vertex 71.7443 22.3365 2.4
    endloop
  endfacet
  facet normal 0 0 -1
    outer loop
      vertex 71.9686 47.2086 2.4
      vertex 40.3 48 2.4
      vertex 71.8742 47.35 2.4
    endloop
  endfacet
  facet normal 0 0 -1
    outer loop
      vertex 40.2889 22.1697 2.4
      vertex 71.7111 22.1697 2.4
      vertex 40.3 22 2.4
    endloop
  endfacet
  facet normal 0 0 -1
    outer loop
      vertex 71.8742 47.35 2.4
      vertex 40.3 48 2.4
      vertex 71.799 47.5025 2.4
    endloop
  endfacet
  facet normal 0 0 -1
    outer loop
      vertex 40.3 22 2.4
      vertex 71.7111 22.1697 2.4
      vertex 71.7 22 2.4
    endloop
  endfacet
  facet normal 0 0 -1
    outer loop
      vertex 71.799 47.5025 2.4
      vertex 40.3 48 2.4
      vertex 71.7443 47.6635 2.4
    endloop
  endfacet
  facet normal 0 0 -1
    outer loop
      vertex 74.2889 22.1697 2.4
      vertex 76 19 2.4
      vertex 74.3 22 2.4
    endloop
  endfacet
  facet normal 0 0 -1
    outer loop
      vertex 76 19 2.4
      vertex 74.2889 21.8303 2.4
      vertex 74.3 22 2.4
    endloop
  endfacet
  facet normal 0 0 -1
    outer loop
      vertex 76 19 2.4
      vertex 74.2557 21.6635 2.4
      vertex 74.2889 21.8303 2.4
    endloop
  endfacet
  facet normal 0 0 -1
    outer loop
      vertex 76 19 2.4
      vertex 74.201 21.5025 2.4
      vertex 74.2557 21.6635 2.4
    endloop
  endfacet
  facet normal 0 0 -1
    outer loop
      vertex 76 19 2.4
      vertex 74.1258 21.35 2.4
      vertex 74.201 21.5025 2.4
    endloop
  endfacet
  facet normal 0 0 -1
    outer loop
      vertex 76 19 2.4
      vertex 74.0314 21.2086 2.4
      vertex 74.1258 21.35 2.4
    endloop
  endfacet
  facet normal 0 0 -1
    outer loop
      vertex 76 19 2.4
      vertex 73.9192 21.0808 2.4
      vertex 74.0314 21.2086 2.4
    endloop
  endfacet
  facet normal 0 0 -1
    outer loop
      vertex 76 19 2.4
      vertex 73.7914 20.9686 2.4
      vertex 73.9192 21.0808 2.4
    endloop
  endfacet
  facet normal 0 0 -1
    outer loop
      vertex 76 19 2.4
      vertex 73.65 20.8742 2.4
      vertex 73.7914 20.9686 2.4
    endloop
  endfacet
  facet normal 0 0 -1
    outer loop
      vertex 76 19 2.4
      vertex 73.4975 20.799 2.4
      vertex 73.65 20.8742 2.4
    endloop
  endfacet
  facet normal 0 0 -1
    outer loop
      vertex 76 19 2.4
      vertex 73.3365 20.7443 2.4
      vertex 73.4975 20.799 2.4
    endloop
  endfacet
  facet normal 0 0 -1
    outer loop
      vertex 76 19 2.4
      vertex 73.1697 20.7111 2.4
      vertex 73.3365 20.7443 2.4
    endloop
  endfacet
  facet normal 0 0 -1
    outer loop
      vertex 76 19 2.4
      vertex 73 20.7 2.4
      vertex 73.1697 20.7111 2.4
    endloop
  endfacet
  facet normal 0 0 -1
    outer loop
      vertex 76 19 2.4
      vertex 72.8303 20.7111 2.4
      vertex 73 20.7 2.4
    endloop
  endfacet
  facet normal 0 0 -1
    outer loop
      vertex 76 19 2.4
      vertex 72.6635 20.7443 2.4
      vertex 72.8303 20.7111 2.4
    endloop
  endfacet
  facet normal 0 0 -1
    outer loop
      vertex 76 19 2.4
      vertex 72.5025 20.799 2.4
      vertex 72.6635 20.7443 2.4
    endloop
  endfacet
  facet normal 0 0 -1
    outer loop
      vertex 39.4975 20.799 2.4
      vertex 72.5025 20.799 2.4
      vertex 76 19 2.4
    endloop
  endfacet
  facet normal 0 0 -1
    outer loop
      vertex 71.7443 47.6635 2.4
      vertex 40.3 48 2.4
      vertex 71.7111 47.8303 2.4
    endloop
  endfacet
  facet normal 0 0 -1
    outer loop
      vertex 71.7111 21.8303 2.4
      vertex 40.3 22 2.4
      vertex 71.7 22 2.4
    endloop
  endfacet
  facet normal 0 0 -1
    outer loop
      vertex 40.2889 21.8303 2.4
      vertex 71.7111 21.8303 2.4
      vertex 71.7443 21.6635 2.4
    endloop
  endfacet
  facet normal 0 0 -1
    outer loop
      vertex 40.2557 21.6635 2.4
      vertex 71.7443 21.6635 2.4
      vertex 71.799 21.5025 2.4
    endloop
  endfacet
  facet normal 0 0 -1
    outer loop
      vertex 40.201 21.5025 2.4
      vertex 71.799 21.5025 2.4
      vertex 71.8742 21.35 2.4
    endloop
  endfacet
  facet normal 0 0 -1
    outer loop
      vertex 40.1258 21.35 2.4
      vertex 71.8742 21.35 2.4
      vertex 71.9686 21.2086 2.4
    endloop
  endfacet
  facet normal 0 0 -1
    outer loop
      vertex 40.0314 21.2086 2.4
      vertex 71.9686 21.2086 2.4
      vertex 72.0808 21.0808 2.4
    endloop
  endfacet
  facet normal 0 0 -1
    outer loop
      vertex 39.9192 21.0808 2.4
      vertex 72.0808 21.0808 2.4
      vertex 72.2086 20.9686 2.4
    endloop
  endfacet
  facet normal 0 0 -1
    outer loop
      vertex 39.7914 20.9686 2.4
      vertex 72.2086 20.9686 2.4
      vertex 72.35 20.8742 2.4
    endloop
  endfacet
  facet normal 0 0 -1
    outer loop
      vertex 72.5025 20.799 2.4
      vertex 39.4975 20.799 2.4
      vertex 72.35 20.8742 2.4
    endloop
  endfacet
  facet normal 0 0 -1
    outer loop
      vertex 71.7111 21.8303 2.4
      vertex 40.2889 21.8303 2.4
      vertex 40.3 22 2.4
    endloop
  endfacet
  facet normal 0 0 -1
    outer loop
      vertex 71.7443 21.6635 2.4
      vertex 40.2557 21.6635 2.4
      vertex 40.2889 21.8303 2.4
    endloop
  endfacet
  facet normal 0 0 -1
    outer loop
      vertex 71.799 21.5025 2.4
      vertex 40.201 21.5025 2.4
      vertex 40.2557 21.6635 2.4
    endloop
  endfacet
  facet normal 0 0 -1
    outer loop
      vertex 71.8742 21.35 2.4
      vertex 40.1258 21.35 2.4
      vertex 40.201 21.5025 2.4
    endloop
  endfacet
  facet normal 0 0 -1
    outer loop
      vertex 71.9686 21.2086 2.4
      vertex 40.0314 21.2086 2.4
      vertex 40.1258 21.35 2.4
    endloop
  endfacet
  facet normal 0 0 -1
    outer loop
      vertex 72.0808 21.0808 2.4
      vertex 39.9192 21.0808 2.4
      vertex 40.0314 21.2086 2.4
    endloop
  endfacet
  facet normal 0 0 -1
    outer loop
      vertex 72.2086 20.9686 2.4
      vertex 39.7914 20.9686 2.4
      vertex 39.9192 21.0808 2.4
    endloop
  endfacet
  facet normal 0 0 -1
    outer loop
      vertex 72.35 20.8742 2.4
      vertex 39.65 20.8742 2.4
      vertex 39.7914 20.9686 2.4
    endloop
  endfacet
  facet normal -0 0 -1
    outer loop
      vertex 72.35 20.8742 2.4
      vertex 39.4975 20.799 2.4
      vertex 39.65 20.8742 2.4
    endloop
  endfacet
  facet normal 0 0 -1
    outer loop
      vertex 36 19 2.4
      vertex 39.4975 20.799 2.4
      vertex 76 19 2.4
    endloop
  endfacet
  facet normal 0 0 -1
    outer loop
      vertex 39.4975 20.799 2.4
      vertex 36 19 2.4
      vertex 39.3365 20.7443 2.4
    endloop
  endfacet
  facet normal 0 0 -1
    outer loop
      vertex 39.3365 20.7443 2.4
      vertex 36 19 2.4
      vertex 39.1697 20.7111 2.4
    endloop
  endfacet
  facet normal 0 0 -1
    outer loop
      vertex 37.7443 47.6635 2.4
      vertex 36 51 2.4
      vertex 37.7111 47.8303 2.4
    endloop
  endfacet
  facet normal -0 0 -1
    outer loop
      vertex 37.7111 21.8303 2.4
      vertex 36 19 2.4
      vertex 37.7 22 2.4
    endloop
  endfacet
  facet normal -0 0 -1
    outer loop
      vertex 37.7443 21.6635 2.4
      vertex 36 19 2.4
      vertex 37.7111 21.8303 2.4
    endloop
  endfacet
  facet normal -0 0 -1
    outer loop
      vertex 37.799 21.5025 2.4
      vertex 36 19 2.4
      vertex 37.7443 21.6635 2.4
    endloop
  endfacet
  facet normal -0 0 -1
    outer loop
      vertex 37.8742 21.35 2.4
      vertex 36 19 2.4
      vertex 37.799 21.5025 2.4
    endloop
  endfacet
  facet normal -0 0 -1
    outer loop
      vertex 37.9686 21.2086 2.4
      vertex 36 19 2.4
      vertex 37.8742 21.35 2.4
    endloop
  endfacet
  facet normal -0 0 -1
    outer loop
      vertex 38.0808 21.0808 2.4
      vertex 36 19 2.4
      vertex 37.9686 21.2086 2.4
    endloop
  endfacet
  facet normal -0 0 -1
    outer loop
      vertex 38.2086 20.9686 2.4
      vertex 36 19 2.4
      vertex 38.0808 21.0808 2.4
    endloop
  endfacet
  facet normal -0 0 -1
    outer loop
      vertex 38.35 20.8742 2.4
      vertex 36 19 2.4
      vertex 38.2086 20.9686 2.4
    endloop
  endfacet
  facet normal -0 0 -1
    outer loop
      vertex 38.5025 20.799 2.4
      vertex 36 19 2.4
      vertex 38.35 20.8742 2.4
    endloop
  endfacet
  facet normal -0 0 -1
    outer loop
      vertex 38.6635 20.7443 2.4
      vertex 36 19 2.4
      vertex 38.5025 20.799 2.4
    endloop
  endfacet
  facet normal -0 0 -1
    outer loop
      vertex 38.8303 20.7111 2.4
      vertex 36 19 2.4
      vertex 38.6635 20.7443 2.4
    endloop
  endfacet
  facet normal -0 0 -1
    outer loop
      vertex 39 20.7 2.4
      vertex 36 19 2.4
      vertex 38.8303 20.7111 2.4
    endloop
  endfacet
  facet normal 0 0 -1
    outer loop
      vertex 39.1697 20.7111 2.4
      vertex 36 19 2.4
      vertex 39 20.7 2.4
    endloop
  endfacet
  facet normal 0 0 -1
    outer loop
      vertex 74.2557 22.3365 2.4
      vertex 76 19 2.4
      vertex 74.2889 22.1697 2.4
    endloop
  endfacet
  facet normal 0 0 -1
    outer loop
      vertex 74.2889 48.1697 2.4
      vertex 76 51 2.4
      vertex 74.3 48 2.4
    endloop
  endfacet
  facet normal 0 0 -1
    outer loop
      vertex 74.2557 48.3365 2.4
      vertex 76 51 2.4
      vertex 74.2889 48.1697 2.4
    endloop
  endfacet
  facet normal 0 0 -1
    outer loop
      vertex 74.201 48.4975 2.4
      vertex 76 51 2.4
      vertex 74.2557 48.3365 2.4
    endloop
  endfacet
  facet normal 0 0 -1
    outer loop
      vertex 74.1258 48.65 2.4
      vertex 76 51 2.4
      vertex 74.201 48.4975 2.4
    endloop
  endfacet
  facet normal 0 0 -1
    outer loop
      vertex 74.0314 48.7914 2.4
      vertex 76 51 2.4
      vertex 74.1258 48.65 2.4
    endloop
  endfacet
  facet normal 0 0 -1
    outer loop
      vertex 73.9192 48.9192 2.4
      vertex 76 51 2.4
      vertex 74.0314 48.7914 2.4
    endloop
  endfacet
  facet normal 0 0 -1
    outer loop
      vertex 73.7914 49.0314 2.4
      vertex 76 51 2.4
      vertex 73.9192 48.9192 2.4
    endloop
  endfacet
  facet normal 0 0 -1
    outer loop
      vertex 73.65 49.1258 2.4
      vertex 76 51 2.4
      vertex 73.7914 49.0314 2.4
    endloop
  endfacet
  facet normal 0 0 -1
    outer loop
      vertex 73.4975 49.201 2.4
      vertex 76 51 2.4
      vertex 73.65 49.1258 2.4
    endloop
  endfacet
  facet normal 0 0 -1
    outer loop
      vertex 73.3365 49.2557 2.4
      vertex 76 51 2.4
      vertex 73.4975 49.201 2.4
    endloop
  endfacet
  facet normal 0 0 -1
    outer loop
      vertex 73.1697 49.2889 2.4
      vertex 76 51 2.4
      vertex 73.3365 49.2557 2.4
    endloop
  endfacet
  facet normal 0 0 -1
    outer loop
      vertex 73 49.3 2.4
      vertex 76 51 2.4
      vertex 73.1697 49.2889 2.4
    endloop
  endfacet
  facet normal 0 0 -1
    outer loop
      vertex 72.8303 49.2889 2.4
      vertex 76 51 2.4
      vertex 73 49.3 2.4
    endloop
  endfacet
  facet normal 0 0 -1
    outer loop
      vertex 72.6635 49.2557 2.4
      vertex 76 51 2.4
      vertex 72.8303 49.2889 2.4
    endloop
  endfacet
  facet normal 0 0 -1
    outer loop
      vertex 72.5025 49.201 2.4
      vertex 76 51 2.4
      vertex 72.6635 49.2557 2.4
    endloop
  endfacet
  facet normal 0 0 -1
    outer loop
      vertex 39.4975 49.201 2.4
      vertex 72.5025 49.201 2.4
      vertex 72.35 49.1258 2.4
    endloop
  endfacet
  facet normal 0 0 -1
    outer loop
      vertex 71.7111 47.8303 2.4
      vertex 40.3 48 2.4
      vertex 71.7 48 2.4
    endloop
  endfacet
  facet normal 0 0 -1
    outer loop
      vertex 71.7 48 2.4
      vertex 40.3 48 2.4
      vertex 71.7111 48.1697 2.4
    endloop
  endfacet
  facet normal 0 0 -1
    outer loop
      vertex 40.2889 48.1697 2.4
      vertex 71.7111 48.1697 2.4
      vertex 40.3 48 2.4
    endloop
  endfacet
  facet normal 0 0 -1
    outer loop
      vertex 71.7111 48.1697 2.4
      vertex 40.2889 48.1697 2.4
      vertex 71.7443 48.3365 2.4
    endloop
  endfacet
  facet normal 0 0 -1
    outer loop
      vertex 40.2557 48.3365 2.4
      vertex 71.7443 48.3365 2.4
      vertex 40.2889 48.1697 2.4
    endloop
  endfacet
  facet normal 0 0 -1
    outer loop
      vertex 71.7443 48.3365 2.4
      vertex 40.2557 48.3365 2.4
      vertex 71.799 48.4975 2.4
    endloop
  endfacet
  facet normal 0 0 -1
    outer loop
      vertex 40.201 48.4975 2.4
      vertex 71.799 48.4975 2.4
      vertex 40.2557 48.3365 2.4
    endloop
  endfacet
  facet normal 0 0 -1
    outer loop
      vertex 71.799 48.4975 2.4
      vertex 40.201 48.4975 2.4
      vertex 71.8742 48.65 2.4
    endloop
  endfacet
  facet normal 0 0 -1
    outer loop
      vertex 40.1258 48.65 2.4
      vertex 71.8742 48.65 2.4
      vertex 40.201 48.4975 2.4
    endloop
  endfacet
  facet normal 0 0 -1
    outer loop
      vertex 71.8742 48.65 2.4
      vertex 40.1258 48.65 2.4
      vertex 71.9686 48.7914 2.4
    endloop
  endfacet
  facet normal 0 0 -1
    outer loop
      vertex 40.0314 48.7914 2.4
      vertex 71.9686 48.7914 2.4
      vertex 40.1258 48.65 2.4
    endloop
  endfacet
  facet normal 0 0 -1
    outer loop
      vertex 71.9686 48.7914 2.4
      vertex 40.0314 48.7914 2.4
      vertex 72.0808 48.9192 2.4
    endloop
  endfacet
  facet normal 0 0 -1
    outer loop
      vertex 39.9192 48.9192 2.4
      vertex 72.0808 48.9192 2.4
      vertex 40.0314 48.7914 2.4
    endloop
  endfacet
  facet normal 0 0 -1
    outer loop
      vertex 72.0808 48.9192 2.4
      vertex 39.9192 48.9192 2.4
      vertex 72.2086 49.0314 2.4
    endloop
  endfacet
  facet normal 0 0 -1
    outer loop
      vertex 39.7914 49.0314 2.4
      vertex 72.2086 49.0314 2.4
      vertex 39.9192 48.9192 2.4
    endloop
  endfacet
  facet normal 0 0 -1
    outer loop
      vertex 72.2086 49.0314 2.4
      vertex 39.7914 49.0314 2.4
      vertex 72.35 49.1258 2.4
    endloop
  endfacet
  facet normal 0 0 -1
    outer loop
      vertex 39.65 49.1258 2.4
      vertex 72.35 49.1258 2.4
      vertex 39.7914 49.0314 2.4
    endloop
  endfacet
  facet normal 0 0 -1
    outer loop
      vertex 39.4975 49.201 2.4
      vertex 72.35 49.1258 2.4
      vertex 39.65 49.1258 2.4
    endloop
  endfacet
  facet normal 0 0 -1
    outer loop
      vertex 72.5025 49.201 2.4
      vertex 39.4975 49.201 2.4
      vertex 76 51 2.4
    endloop
  endfacet
  facet normal 0 0 -1
    outer loop
      vertex 36 51 2.4
      vertex 39.4975 49.201 2.4
      vertex 39.3365 49.2557 2.4
    endloop
  endfacet
  facet normal 0 0 -1
    outer loop
      vertex 36 51 2.4
      vertex 39.3365 49.2557 2.4
      vertex 39.1697 49.2889 2.4
    endloop
  endfacet
  facet normal 0 0 -1
    outer loop
      vertex 36 51 2.4
      vertex 39.1697 49.2889 2.4
      vertex 39 49.3 2.4
    endloop
  endfacet
  facet normal 0 0 -1
    outer loop
      vertex 39.4975 49.201 2.4
      vertex 36 51 2.4
      vertex 76 51 2.4
    endloop
  endfacet
  facet normal 0 0 -1
    outer loop
      vertex 38.8303 49.2889 2.4
      vertex 36 51 2.4
      vertex 39 49.3 2.4
    endloop
  endfacet
  facet normal 0 0 -1
    outer loop
      vertex 38.6635 49.2557 2.4
      vertex 36 51 2.4
      vertex 38.8303 49.2889 2.4
    endloop
  endfacet
  facet normal 0 0 -1
    outer loop
      vertex 38.5025 49.201 2.4
      vertex 36 51 2.4
      vertex 38.6635 49.2557 2.4
    endloop
  endfacet
  facet normal 0 0 -1
    outer loop
      vertex 38.35 49.1258 2.4
      vertex 36 51 2.4
      vertex 38.5025 49.201 2.4
    endloop
  endfacet
  facet normal 0 0 -1
    outer loop
      vertex 38.2086 49.0314 2.4
      vertex 36 51 2.4
      vertex 38.35 49.1258 2.4
    endloop
  endfacet
  facet normal 0 0 -1
    outer loop
      vertex 38.0808 48.9192 2.4
      vertex 36 51 2.4
      vertex 38.2086 49.0314 2.4
    endloop
  endfacet
  facet normal 0 0 -1
    outer loop
      vertex 37.9686 48.7914 2.4
      vertex 36 51 2.4
      vertex 38.0808 48.9192 2.4
    endloop
  endfacet
  facet normal 0 0 -1
    outer loop
      vertex 37.8742 48.65 2.4
      vertex 36 51 2.4
      vertex 37.9686 48.7914 2.4
    endloop
  endfacet
  facet normal 0 0 -1
    outer loop
      vertex 37.799 48.4975 2.4
      vertex 36 51 2.4
      vertex 37.8742 48.65 2.4
    endloop
  endfacet
  facet normal 0 0 -1
    outer loop
      vertex 37.7443 48.3365 2.4
      vertex 36 51 2.4
      vertex 37.799 48.4975 2.4
    endloop
  endfacet
  facet normal 0 0 -1
    outer loop
      vertex 37.7111 48.1697 2.4
      vertex 36 51 2.4
      vertex 37.7443 48.3365 2.4
    endloop
  endfacet
  facet normal 0 0 -1
    outer loop
      vertex 37.7 48 2.4
      vertex 36 51 2.4
      vertex 37.7111 48.1697 2.4
    endloop
  endfacet
  facet normal 0 0 -1
    outer loop
      vertex 37.7111 47.8303 2.4
      vertex 36 51 2.4
      vertex 37.7 48 2.4
    endloop
  endfacet
  facet normal -1 0 0
    outer loop
      vertex 36 19 2.4
      vertex 36 51 4
      vertex 36 51 2.4
    endloop
  endfacet
  facet normal -1 -0 0
    outer loop
      vertex 36 51 4
      vertex 36 19 2.4
      vertex 36 19 4
    endloop
  endfacet
  facet normal 0 1 -0
    outer loop
      vertex 76 51 2.4
      vertex 36 51 4
      vertex 76 51 4
    endloop
  endfacet
  facet normal 0 1 0
    outer loop
      vertex 36 51 4
      vertex 76 51 2.4
      vertex 36 51 2.4
    endloop
  endfacet
  facet normal 0 -1 0
    outer loop
      vertex 36 19 2.4
      vertex 76 19 4
      vertex 36 19 4
    endloop
  endfacet
  facet normal 0 -1 -0
    outer loop
      vertex 76 19 4
      vertex 36 19 2.4
      vertex 76 19 2.4
    endloop
  endfacet
endsolid OpenSCAD_Model
