solid OpenSCAD_Model
  facet normal 0.980785 0.19509 0
    outer loop
      vertex 9.91445 1.30526 2.4
      vertex 9.65926 2.58819 1.29
      vertex 9.65926 2.58819 2.4
    endloop
  endfacet
  facet normal 0.980785 0.19509 0
    outer loop
      vertex 9.65926 2.58819 1.29
      vertex 9.91445 1.30526 2.4
      vertex 9.91445 1.30526 1.29
    endloop
  endfacet
  facet normal 0.997859 0.0654022 0
    outer loop
      vertex 10 0 2.4
      vertex 9.91445 1.30526 1.29
      vertex 9.91445 1.30526 2.4
    endloop
  endfacet
  facet normal 0.997859 0.0654022 0
    outer loop
      vertex 9.91445 1.30526 1.29
      vertex 10 0 2.4
      vertex 10 0 1.29
    endloop
  endfacet
  facet normal 0.946931 0.321438 0
    outer loop
      vertex 9.65926 2.58819 2.4
      vertex 9.2388 3.82683 1.29
      vertex 9.2388 3.82683 2.4
    endloop
  endfacet
  facet normal 0.946931 0.321438 0
    outer loop
      vertex 9.2388 3.82683 1.29
      vertex 9.65926 2.58819 2.4
      vertex 9.65926 2.58819 1.29
    endloop
  endfacet
  facet normal -0.896871 0.442293 0
    outer loop
      vertex -9.2388 3.82683 1.29
      vertex -8.66025 5 2.4
      vertex -8.66025 5 1.29
    endloop
  endfacet
  facet normal -0.896871 0.442293 0
    outer loop
      vertex -8.66025 5 2.4
      vertex -9.2388 3.82683 1.29
      vertex -9.2388 3.82683 2.4
    endloop
  endfacet
  facet normal 0.751844 -0.659341 0
    outer loop
      vertex 7.07107 -7.07107 2.4
      vertex 7.93353 -6.08761 1.29
      vertex 7.93353 -6.08761 2.4
    endloop
  endfacet
  facet normal 0.751844 -0.659341 0
    outer loop
      vertex 7.93353 -6.08761 1.29
      vertex 7.07107 -7.07107 2.4
      vertex 7.07107 -7.07107 1.29
    endloop
  endfacet
  facet normal 0 0 -1
    outer loop
      vertex 4.6 0 0
      vertex 8.9 0 0
      vertex 8.82386 -1.16168 0
    endloop
  endfacet
  facet normal 0 0 -1
    outer loop
      vertex 4.56065 -0.60042 0
      vertex 8.82386 -1.16168 0
      vertex 8.59674 -2.30349 0
    endloop
  endfacet
  facet normal 0 0 -1
    outer loop
      vertex 8.9 0 0
      vertex 4.6 0 0
      vertex 8.82386 1.16168 0
    endloop
  endfacet
  facet normal 0 0 -1
    outer loop
      vertex 4.44326 -1.19057 0
      vertex 8.59674 -2.30349 0
      vertex 8.22253 -3.40588 0
    endloop
  endfacet
  facet normal 0 0 -1
    outer loop
      vertex 4.56065 0.60042 0
      vertex 8.82386 1.16168 0
      vertex 4.6 0 0
    endloop
  endfacet
  facet normal 0 0 -1
    outer loop
      vertex 4.24985 -1.76034 0
      vertex 8.22253 -3.40588 0
      vertex 7.70763 -4.45 0
    endloop
  endfacet
  facet normal -0 0 -1
    outer loop
      vertex 8.82386 1.16168 0
      vertex 4.56065 0.60042 0
      vertex 8.59674 2.30349 0
    endloop
  endfacet
  facet normal 0 0 -1
    outer loop
      vertex 3.98372 -2.3 0
      vertex 7.70763 -4.45 0
      vertex 7.06084 -5.41798 0
    endloop
  endfacet
  facet normal 0 0 -1
    outer loop
      vertex 4.44326 1.19057 0
      vertex 8.59674 2.30349 0
      vertex 4.56065 0.60042 0
    endloop
  endfacet
  facet normal 0 0 -1
    outer loop
      vertex 3.64942 -2.8003 0
      vertex 7.06084 -5.41798 0
      vertex 6.29325 -6.29325 0
    endloop
  endfacet
  facet normal -0 0 -1
    outer loop
      vertex 8.59674 2.30349 0
      vertex 4.44326 1.19057 0
      vertex 8.22253 3.40588 0
    endloop
  endfacet
  facet normal 0 0 -1
    outer loop
      vertex 3.25269 -3.25269 0
      vertex 6.29325 -6.29325 0
      vertex 5.41798 -7.06084 0
    endloop
  endfacet
  facet normal 0 0 -1
    outer loop
      vertex 4.24985 1.76034 0
      vertex 8.22253 3.40588 0
      vertex 4.44326 1.19057 0
    endloop
  endfacet
  facet normal -0 0 -1
    outer loop
      vertex 8.22253 3.40588 0
      vertex 4.24985 1.76034 0
      vertex 7.70763 4.45 0
    endloop
  endfacet
  facet normal 0 0 -1
    outer loop
      vertex 8.82386 -1.16168 0
      vertex 4.56065 -0.60042 0
      vertex 4.6 0 0
    endloop
  endfacet
  facet normal 0 0 -1
    outer loop
      vertex 2.8003 -3.64942 0
      vertex 5.41798 -7.06084 0
      vertex 4.45 -7.70763 0
    endloop
  endfacet
  facet normal 0 0 -1
    outer loop
      vertex 8.59674 -2.30349 0
      vertex 4.44326 -1.19057 0
      vertex 4.56065 -0.60042 0
    endloop
  endfacet
  facet normal 0 0 -1
    outer loop
      vertex 8.22253 -3.40588 0
      vertex 4.24985 -1.76034 0
      vertex 4.44326 -1.19057 0
    endloop
  endfacet
  facet normal 0 0 -1
    outer loop
      vertex 7.70763 -4.45 0
      vertex 3.98372 -2.3 0
      vertex 4.24985 -1.76034 0
    endloop
  endfacet
  facet normal 0 0 -1
    outer loop
      vertex 7.06084 -5.41798 0
      vertex 3.64942 -2.8003 0
      vertex 3.98372 -2.3 0
    endloop
  endfacet
  facet normal 0 0 -1
    outer loop
      vertex 2.3 -3.98372 0
      vertex 4.45 -7.70763 0
      vertex 3.40588 -8.22253 0
    endloop
  endfacet
  facet normal 0 0 -1
    outer loop
      vertex 6.29325 -6.29325 0
      vertex 3.25269 -3.25269 0
      vertex 3.64942 -2.8003 0
    endloop
  endfacet
  facet normal 0 0 -1
    outer loop
      vertex 5.41798 -7.06084 0
      vertex 2.8003 -3.64942 0
      vertex 3.25269 -3.25269 0
    endloop
  endfacet
  facet normal 0 0 -1
    outer loop
      vertex 1.76034 -4.24985 0
      vertex 3.40588 -8.22253 0
      vertex 2.30349 -8.59674 0
    endloop
  endfacet
  facet normal 0 0 -1
    outer loop
      vertex 4.45 -7.70763 0
      vertex 2.3 -3.98372 0
      vertex 2.8003 -3.64942 0
    endloop
  endfacet
  facet normal 0 0 -1
    outer loop
      vertex 3.40588 -8.22253 0
      vertex 1.76034 -4.24985 0
      vertex 2.3 -3.98372 0
    endloop
  endfacet
  facet normal 0 0 -1
    outer loop
      vertex 2.30349 -8.59674 0
      vertex 1.19057 -4.44326 0
      vertex 1.76034 -4.24985 0
    endloop
  endfacet
  facet normal 0 0 -1
    outer loop
      vertex 1.16168 -8.82386 0
      vertex 1.19057 -4.44326 0
      vertex 2.30349 -8.59674 0
    endloop
  endfacet
  facet normal 0 0 -1
    outer loop
      vertex 1.16168 -8.82386 0
      vertex 0.60042 -4.56065 0
      vertex 1.19057 -4.44326 0
    endloop
  endfacet
  facet normal 0 0 -1
    outer loop
      vertex 0 -8.9 0
      vertex 0.60042 -4.56065 0
      vertex 1.16168 -8.82386 0
    endloop
  endfacet
  facet normal 0 0 -1
    outer loop
      vertex 0 -8.9 0
      vertex 0 -4.6 0
      vertex 0.60042 -4.56065 0
    endloop
  endfacet
  facet normal 0 0 -1
    outer loop
      vertex 0 -8.9 0
      vertex -0.60042 -4.56065 0
      vertex 0 -4.6 0
    endloop
  endfacet
  facet normal 0 0 -1
    outer loop
      vertex -1.16168 -8.82386 0
      vertex -0.60042 -4.56065 0
      vertex 0 -8.9 0
    endloop
  endfacet
  facet normal 0 0 -1
    outer loop
      vertex -1.16168 -8.82386 0
      vertex -1.19057 -4.44326 0
      vertex -0.60042 -4.56065 0
    endloop
  endfacet
  facet normal 0 0 -1
    outer loop
      vertex -2.30349 -8.59674 0
      vertex -1.19057 -4.44326 0
      vertex -1.16168 -8.82386 0
    endloop
  endfacet
  facet normal -0 0 -1
    outer loop
      vertex -1.19057 -4.44326 0
      vertex -2.30349 -8.59674 0
      vertex -1.76034 -4.24985 0
    endloop
  endfacet
  facet normal 0 0 -1
    outer loop
      vertex -3.40588 -8.22253 0
      vertex -1.76034 -4.24985 0
      vertex -2.30349 -8.59674 0
    endloop
  endfacet
  facet normal -0 0 -1
    outer loop
      vertex -1.76034 -4.24985 0
      vertex -3.40588 -8.22253 0
      vertex -2.3 -3.98372 0
    endloop
  endfacet
  facet normal 0 0 -1
    outer loop
      vertex -4.45 -7.70763 0
      vertex -2.3 -3.98372 0
      vertex -3.40588 -8.22253 0
    endloop
  endfacet
  facet normal -0 0 -1
    outer loop
      vertex -2.3 -3.98372 0
      vertex -4.45 -7.70763 0
      vertex -2.8003 -3.64942 0
    endloop
  endfacet
  facet normal 0 0 -1
    outer loop
      vertex -5.41798 -7.06084 0
      vertex -2.8003 -3.64942 0
      vertex -4.45 -7.70763 0
    endloop
  endfacet
  facet normal -0 0 -1
    outer loop
      vertex -2.8003 -3.64942 0
      vertex -5.41798 -7.06084 0
      vertex -3.25269 -3.25269 0
    endloop
  endfacet
  facet normal 0 0 -1
    outer loop
      vertex -6.29325 -6.29325 0
      vertex -3.25269 -3.25269 0
      vertex -5.41798 -7.06084 0
    endloop
  endfacet
  facet normal -0 0 -1
    outer loop
      vertex -3.25269 -3.25269 0
      vertex -6.29325 -6.29325 0
      vertex -3.64942 -2.8003 0
    endloop
  endfacet
  facet normal 0 0 -1
    outer loop
      vertex -7.06084 -5.41798 0
      vertex -3.64942 -2.8003 0
      vertex -6.29325 -6.29325 0
    endloop
  endfacet
  facet normal -0 0 -1
    outer loop
      vertex -3.64942 -2.8003 0
      vertex -7.06084 -5.41798 0
      vertex -3.98372 -2.3 0
    endloop
  endfacet
  facet normal 0 0 -1
    outer loop
      vertex -7.70763 -4.45 0
      vertex -3.98372 -2.3 0
      vertex -7.06084 -5.41798 0
    endloop
  endfacet
  facet normal -0 0 -1
    outer loop
      vertex -3.98372 -2.3 0
      vertex -7.70763 -4.45 0
      vertex -4.24985 -1.76034 0
    endloop
  endfacet
  facet normal 0 0 -1
    outer loop
      vertex 3.98372 2.3 0
      vertex 7.70763 4.45 0
      vertex 4.24985 1.76034 0
    endloop
  endfacet
  facet normal -0 0 -1
    outer loop
      vertex 7.70763 4.45 0
      vertex 3.98372 2.3 0
      vertex 7.06084 5.41798 0
    endloop
  endfacet
  facet normal 0 0 -1
    outer loop
      vertex 3.64942 2.8003 0
      vertex 7.06084 5.41798 0
      vertex 3.98372 2.3 0
    endloop
  endfacet
  facet normal -0 0 -1
    outer loop
      vertex 7.06084 5.41798 0
      vertex 3.64942 2.8003 0
      vertex 6.29325 6.29325 0
    endloop
  endfacet
  facet normal 0 0 -1
    outer loop
      vertex 3.25269 3.25269 0
      vertex 6.29325 6.29325 0
      vertex 3.64942 2.8003 0
    endloop
  endfacet
  facet normal -0 0 -1
    outer loop
      vertex 6.29325 6.29325 0
      vertex 3.25269 3.25269 0
      vertex 5.41798 7.06084 0
    endloop
  endfacet
  facet normal 0 0 -1
    outer loop
      vertex 2.8003 3.64942 0
      vertex 5.41798 7.06084 0
      vertex 3.25269 3.25269 0
    endloop
  endfacet
  facet normal -0 0 -1
    outer loop
      vertex 5.41798 7.06084 0
      vertex 2.8003 3.64942 0
      vertex 4.45 7.70763 0
    endloop
  endfacet
  facet normal 0 0 -1
    outer loop
      vertex 2.3 3.98372 0
      vertex 4.45 7.70763 0
      vertex 2.8003 3.64942 0
    endloop
  endfacet
  facet normal -0 0 -1
    outer loop
      vertex 4.45 7.70763 0
      vertex 2.3 3.98372 0
      vertex 3.40588 8.22253 0
    endloop
  endfacet
  facet normal 0 0 -1
    outer loop
      vertex 1.76034 4.24985 0
      vertex 3.40588 8.22253 0
      vertex 2.3 3.98372 0
    endloop
  endfacet
  facet normal -0 0 -1
    outer loop
      vertex 3.40588 8.22253 0
      vertex 1.76034 4.24985 0
      vertex 2.30349 8.59674 0
    endloop
  endfacet
  facet normal 0 0 -1
    outer loop
      vertex 1.19057 4.44326 0
      vertex 2.30349 8.59674 0
      vertex 1.76034 4.24985 0
    endloop
  endfacet
  facet normal 0 0 -1
    outer loop
      vertex 1.19057 4.44326 0
      vertex 1.16168 8.82386 0
      vertex 2.30349 8.59674 0
    endloop
  endfacet
  facet normal 0 0 -1
    outer loop
      vertex 0.60042 4.56065 0
      vertex 1.16168 8.82386 0
      vertex 1.19057 4.44326 0
    endloop
  endfacet
  facet normal 0 0 -1
    outer loop
      vertex 0 4.6 0
      vertex 1.16168 8.82386 0
      vertex 0.60042 4.56065 0
    endloop
  endfacet
  facet normal 0 0 -1
    outer loop
      vertex 0 4.6 0
      vertex 0 8.9 0
      vertex 1.16168 8.82386 0
    endloop
  endfacet
  facet normal 0 0 -1
    outer loop
      vertex -0.60042 4.56065 0
      vertex 0 8.9 0
      vertex 0 4.6 0
    endloop
  endfacet
  facet normal 0 0 -1
    outer loop
      vertex -0.60042 4.56065 0
      vertex -1.16168 8.82386 0
      vertex 0 8.9 0
    endloop
  endfacet
  facet normal 0 0 -1
    outer loop
      vertex -1.19057 4.44326 0
      vertex -1.16168 8.82386 0
      vertex -0.60042 4.56065 0
    endloop
  endfacet
  facet normal 0 0 -1
    outer loop
      vertex -2.30349 8.59674 0
      vertex -1.19057 4.44326 0
      vertex -1.76034 4.24985 0
    endloop
  endfacet
  facet normal 0 0 -1
    outer loop
      vertex -3.40588 8.22253 0
      vertex -1.76034 4.24985 0
      vertex -2.3 3.98372 0
    endloop
  endfacet
  facet normal 0 0 -1
    outer loop
      vertex -1.19057 4.44326 0
      vertex -2.30349 8.59674 0
      vertex -1.16168 8.82386 0
    endloop
  endfacet
  facet normal 0 0 -1
    outer loop
      vertex -4.45 7.70763 0
      vertex -2.3 3.98372 0
      vertex -2.8003 3.64942 0
    endloop
  endfacet
  facet normal 0 0 -1
    outer loop
      vertex -5.41798 7.06084 0
      vertex -2.8003 3.64942 0
      vertex -3.25269 3.25269 0
    endloop
  endfacet
  facet normal 0 0 -1
    outer loop
      vertex -1.76034 4.24985 0
      vertex -3.40588 8.22253 0
      vertex -2.30349 8.59674 0
    endloop
  endfacet
  facet normal 0 0 -1
    outer loop
      vertex -6.29325 6.29325 0
      vertex -3.25269 3.25269 0
      vertex -3.64942 2.8003 0
    endloop
  endfacet
  facet normal 0 0 -1
    outer loop
      vertex -7.06084 5.41798 0
      vertex -3.64942 2.8003 0
      vertex -3.98372 2.3 0
    endloop
  endfacet
  facet normal 0 0 -1
    outer loop
      vertex -7.70763 4.45 0
      vertex -3.98372 2.3 0
      vertex -4.24985 1.76034 0
    endloop
  endfacet
  facet normal 0 0 -1
    outer loop
      vertex -8.22253 3.40588 0
      vertex -4.24985 1.76034 0
      vertex -4.44326 1.19057 0
    endloop
  endfacet
  facet normal 0 0 -1
    outer loop
      vertex -2.3 3.98372 0
      vertex -4.45 7.70763 0
      vertex -3.40588 8.22253 0
    endloop
  endfacet
  facet normal 0 0 -1
    outer loop
      vertex -8.59674 2.30349 0
      vertex -4.44326 1.19057 0
      vertex -4.56065 0.60042 0
    endloop
  endfacet
  facet normal 0 0 -1
    outer loop
      vertex -8.82386 1.16168 0
      vertex -4.56065 0.60042 0
      vertex -4.6 0 0
    endloop
  endfacet
  facet normal 0 0 -1
    outer loop
      vertex -8.22253 -3.40588 0
      vertex -4.24985 -1.76034 0
      vertex -7.70763 -4.45 0
    endloop
  endfacet
  facet normal 0 0 -1
    outer loop
      vertex -2.8003 3.64942 0
      vertex -5.41798 7.06084 0
      vertex -4.45 7.70763 0
    endloop
  endfacet
  facet normal -0 0 -1
    outer loop
      vertex -4.24985 -1.76034 0
      vertex -8.22253 -3.40588 0
      vertex -4.44326 -1.19057 0
    endloop
  endfacet
  facet normal 0 0 -1
    outer loop
      vertex -3.25269 3.25269 0
      vertex -6.29325 6.29325 0
      vertex -5.41798 7.06084 0
    endloop
  endfacet
  facet normal 0 0 -1
    outer loop
      vertex -8.59674 -2.30349 0
      vertex -4.44326 -1.19057 0
      vertex -8.22253 -3.40588 0
    endloop
  endfacet
  facet normal 0 0 -1
    outer loop
      vertex -3.64942 2.8003 0
      vertex -7.06084 5.41798 0
      vertex -6.29325 6.29325 0
    endloop
  endfacet
  facet normal -0 0 -1
    outer loop
      vertex -4.44326 -1.19057 0
      vertex -8.59674 -2.30349 0
      vertex -4.56065 -0.60042 0
    endloop
  endfacet
  facet normal 0 0 -1
    outer loop
      vertex -3.98372 2.3 0
      vertex -7.70763 4.45 0
      vertex -7.06084 5.41798 0
    endloop
  endfacet
  facet normal 0 0 -1
    outer loop
      vertex -8.82386 -1.16168 0
      vertex -4.56065 -0.60042 0
      vertex -8.59674 -2.30349 0
    endloop
  endfacet
  facet normal 0 0 -1
    outer loop
      vertex -4.24985 1.76034 0
      vertex -8.22253 3.40588 0
      vertex -7.70763 4.45 0
    endloop
  endfacet
  facet normal -0 0 -1
    outer loop
      vertex -4.56065 -0.60042 0
      vertex -8.82386 -1.16168 0
      vertex -4.6 0 0
    endloop
  endfacet
  facet normal 0 0 -1
    outer loop
      vertex -4.44326 1.19057 0
      vertex -8.59674 2.30349 0
      vertex -8.22253 3.40588 0
    endloop
  endfacet
  facet normal 0 0 -1
    outer loop
      vertex -8.9 0 0
      vertex -4.6 0 0
      vertex -8.82386 -1.16168 0
    endloop
  endfacet
  facet normal 0 0 -1
    outer loop
      vertex -4.56065 0.60042 0
      vertex -8.82386 1.16168 0
      vertex -8.59674 2.30349 0
    endloop
  endfacet
  facet normal 0 0 -1
    outer loop
      vertex -4.6 0 0
      vertex -8.9 0 0
      vertex -8.82386 1.16168 0
    endloop
  endfacet
  facet normal 0 0 1
    outer loop
      vertex 8 0 2.4
      vertex 10 0 2.4
      vertex 9.91445 1.30526 2.4
    endloop
  endfacet
  facet normal 0 0 1
    outer loop
      vertex 7.93156 1.04421 2.4
      vertex 9.91445 1.30526 2.4
      vertex 9.65926 2.58819 2.4
    endloop
  endfacet
  facet normal 0 0 1
    outer loop
      vertex 10 0 2.4
      vertex 8 0 2.4
      vertex 9.91445 -1.30526 2.4
    endloop
  endfacet
  facet normal 0 0 1
    outer loop
      vertex 7.72741 2.07055 2.4
      vertex 9.65926 2.58819 2.4
      vertex 9.2388 3.82683 2.4
    endloop
  endfacet
  facet normal -0 0 1
    outer loop
      vertex 7.93156 -1.04421 2.4
      vertex 9.91445 -1.30526 2.4
      vertex 8 0 2.4
    endloop
  endfacet
  facet normal 0 0 1
    outer loop
      vertex 7.39104 3.06147 2.4
      vertex 9.2388 3.82683 2.4
      vertex 8.66025 5 2.4
    endloop
  endfacet
  facet normal 0 0 1
    outer loop
      vertex 9.91445 -1.30526 2.4
      vertex 7.93156 -1.04421 2.4
      vertex 9.65926 -2.58819 2.4
    endloop
  endfacet
  facet normal -0 0 1
    outer loop
      vertex 7.72741 -2.07055 2.4
      vertex 9.65926 -2.58819 2.4
      vertex 7.93156 -1.04421 2.4
    endloop
  endfacet
  facet normal 0 0 1
    outer loop
      vertex 6.9282 4 2.4
      vertex 8.66025 5 2.4
      vertex 7.93353 6.08761 2.4
    endloop
  endfacet
  facet normal 0 0 1
    outer loop
      vertex 9.91445 1.30526 2.4
      vertex 7.93156 1.04421 2.4
      vertex 8 0 2.4
    endloop
  endfacet
  facet normal 0 0 1
    outer loop
      vertex 9.65926 2.58819 2.4
      vertex 7.72741 2.07055 2.4
      vertex 7.93156 1.04421 2.4
    endloop
  endfacet
  facet normal 0 0 1
    outer loop
      vertex 9.2388 3.82683 2.4
      vertex 7.39104 3.06147 2.4
      vertex 7.72741 2.07055 2.4
    endloop
  endfacet
  facet normal 0 0 1
    outer loop
      vertex 6.34683 4.87009 2.4
      vertex 7.93353 6.08761 2.4
      vertex 7.07107 7.07107 2.4
    endloop
  endfacet
  facet normal 0 0 1
    outer loop
      vertex 8.66025 5 2.4
      vertex 6.9282 4 2.4
      vertex 7.39104 3.06147 2.4
    endloop
  endfacet
  facet normal 0 0 1
    outer loop
      vertex 7.93353 6.08761 2.4
      vertex 6.34683 4.87009 2.4
      vertex 6.9282 4 2.4
    endloop
  endfacet
  facet normal 0 0 1
    outer loop
      vertex 5.65685 5.65685 2.4
      vertex 7.07107 7.07107 2.4
      vertex 6.08761 7.93353 2.4
    endloop
  endfacet
  facet normal 0 0 1
    outer loop
      vertex 7.07107 7.07107 2.4
      vertex 5.65685 5.65685 2.4
      vertex 6.34683 4.87009 2.4
    endloop
  endfacet
  facet normal 0 0 1
    outer loop
      vertex 4.87009 6.34683 2.4
      vertex 6.08761 7.93353 2.4
      vertex 5 8.66025 2.4
    endloop
  endfacet
  facet normal 0 0 1
    outer loop
      vertex 6.08761 7.93353 2.4
      vertex 4.87009 6.34683 2.4
      vertex 5.65685 5.65685 2.4
    endloop
  endfacet
  facet normal 0 0 1
    outer loop
      vertex 5 8.66025 2.4
      vertex 4 6.9282 2.4
      vertex 4.87009 6.34683 2.4
    endloop
  endfacet
  facet normal 0 0 1
    outer loop
      vertex 3.82683 9.2388 2.4
      vertex 4 6.9282 2.4
      vertex 5 8.66025 2.4
    endloop
  endfacet
  facet normal 0 0 1
    outer loop
      vertex 3.82683 9.2388 2.4
      vertex 3.06147 7.39104 2.4
      vertex 4 6.9282 2.4
    endloop
  endfacet
  facet normal 0 0 1
    outer loop
      vertex 2.58819 9.65926 2.4
      vertex 3.06147 7.39104 2.4
      vertex 3.82683 9.2388 2.4
    endloop
  endfacet
  facet normal 0 0 1
    outer loop
      vertex 2.58819 9.65926 2.4
      vertex 2.07055 7.72741 2.4
      vertex 3.06147 7.39104 2.4
    endloop
  endfacet
  facet normal 0 0 1
    outer loop
      vertex 1.30526 9.91445 2.4
      vertex 2.07055 7.72741 2.4
      vertex 2.58819 9.65926 2.4
    endloop
  endfacet
  facet normal 0 0 1
    outer loop
      vertex 1.30526 9.91445 2.4
      vertex 1.04421 7.93156 2.4
      vertex 2.07055 7.72741 2.4
    endloop
  endfacet
  facet normal 0 0 1
    outer loop
      vertex 0 10 2.4
      vertex 1.04421 7.93156 2.4
      vertex 1.30526 9.91445 2.4
    endloop
  endfacet
  facet normal 0 0 1
    outer loop
      vertex 0 10 2.4
      vertex 0 8 2.4
      vertex 1.04421 7.93156 2.4
    endloop
  endfacet
  facet normal 0 0 1
    outer loop
      vertex 0 10 2.4
      vertex -1.04421 7.93156 2.4
      vertex 0 8 2.4
    endloop
  endfacet
  facet normal -0 0 1
    outer loop
      vertex -1.30526 9.91445 2.4
      vertex -1.04421 7.93156 2.4
      vertex 0 10 2.4
    endloop
  endfacet
  facet normal 0 0 1
    outer loop
      vertex -1.30526 9.91445 2.4
      vertex -2.07055 7.72741 2.4
      vertex -1.04421 7.93156 2.4
    endloop
  endfacet
  facet normal -0 0 1
    outer loop
      vertex -2.58819 9.65926 2.4
      vertex -2.07055 7.72741 2.4
      vertex -1.30526 9.91445 2.4
    endloop
  endfacet
  facet normal 0 0 1
    outer loop
      vertex -2.58819 9.65926 2.4
      vertex -3.06147 7.39104 2.4
      vertex -2.07055 7.72741 2.4
    endloop
  endfacet
  facet normal -0 0 1
    outer loop
      vertex -3.82683 9.2388 2.4
      vertex -3.06147 7.39104 2.4
      vertex -2.58819 9.65926 2.4
    endloop
  endfacet
  facet normal 0 0 1
    outer loop
      vertex -3.82683 9.2388 2.4
      vertex -4 6.9282 2.4
      vertex -3.06147 7.39104 2.4
    endloop
  endfacet
  facet normal -0 0 1
    outer loop
      vertex -5 8.66025 2.4
      vertex -4 6.9282 2.4
      vertex -3.82683 9.2388 2.4
    endloop
  endfacet
  facet normal 0 0 1
    outer loop
      vertex -4 6.9282 2.4
      vertex -5 8.66025 2.4
      vertex -4.87009 6.34683 2.4
    endloop
  endfacet
  facet normal -0 0 1
    outer loop
      vertex -6.08761 7.93353 2.4
      vertex -4.87009 6.34683 2.4
      vertex -5 8.66025 2.4
    endloop
  endfacet
  facet normal 0 0 1
    outer loop
      vertex -4.87009 6.34683 2.4
      vertex -6.08761 7.93353 2.4
      vertex -5.65685 5.65685 2.4
    endloop
  endfacet
  facet normal -0 0 1
    outer loop
      vertex -7.07107 7.07107 2.4
      vertex -5.65685 5.65685 2.4
      vertex -6.08761 7.93353 2.4
    endloop
  endfacet
  facet normal 0 0 1
    outer loop
      vertex -5.65685 5.65685 2.4
      vertex -7.07107 7.07107 2.4
      vertex -6.34683 4.87009 2.4
    endloop
  endfacet
  facet normal -0 0 1
    outer loop
      vertex -7.93353 6.08761 2.4
      vertex -6.34683 4.87009 2.4
      vertex -7.07107 7.07107 2.4
    endloop
  endfacet
  facet normal 0 0 1
    outer loop
      vertex -6.34683 4.87009 2.4
      vertex -7.93353 6.08761 2.4
      vertex -6.9282 4 2.4
    endloop
  endfacet
  facet normal -0 0 1
    outer loop
      vertex -8.66025 5 2.4
      vertex -6.9282 4 2.4
      vertex -7.93353 6.08761 2.4
    endloop
  endfacet
  facet normal 0 0 1
    outer loop
      vertex -6.9282 4 2.4
      vertex -8.66025 5 2.4
      vertex -7.39104 3.06147 2.4
    endloop
  endfacet
  facet normal -0 0 1
    outer loop
      vertex -9.2388 3.82683 2.4
      vertex -7.39104 3.06147 2.4
      vertex -8.66025 5 2.4
    endloop
  endfacet
  facet normal 0 0 1
    outer loop
      vertex -7.39104 3.06147 2.4
      vertex -9.2388 3.82683 2.4
      vertex -7.72741 2.07055 2.4
    endloop
  endfacet
  facet normal -0 0 1
    outer loop
      vertex -9.65926 2.58819 2.4
      vertex -7.72741 2.07055 2.4
      vertex -9.2388 3.82683 2.4
    endloop
  endfacet
  facet normal 0 0 1
    outer loop
      vertex 9.65926 -2.58819 2.4
      vertex 7.72741 -2.07055 2.4
      vertex 9.2388 -3.82683 2.4
    endloop
  endfacet
  facet normal -0 0 1
    outer loop
      vertex 7.39104 -3.06147 2.4
      vertex 9.2388 -3.82683 2.4
      vertex 7.72741 -2.07055 2.4
    endloop
  endfacet
  facet normal 0 0 1
    outer loop
      vertex 9.2388 -3.82683 2.4
      vertex 7.39104 -3.06147 2.4
      vertex 8.66025 -5 2.4
    endloop
  endfacet
  facet normal -0 0 1
    outer loop
      vertex 6.9282 -4 2.4
      vertex 8.66025 -5 2.4
      vertex 7.39104 -3.06147 2.4
    endloop
  endfacet
  facet normal 0 0 1
    outer loop
      vertex 8.66025 -5 2.4
      vertex 6.9282 -4 2.4
      vertex 7.93353 -6.08761 2.4
    endloop
  endfacet
  facet normal -0 0 1
    outer loop
      vertex 6.34683 -4.87009 2.4
      vertex 7.93353 -6.08761 2.4
      vertex 6.9282 -4 2.4
    endloop
  endfacet
  facet normal 0 0 1
    outer loop
      vertex 7.93353 -6.08761 2.4
      vertex 6.34683 -4.87009 2.4
      vertex 7.07107 -7.07107 2.4
    endloop
  endfacet
  facet normal -0 0 1
    outer loop
      vertex 5.65685 -5.65685 2.4
      vertex 7.07107 -7.07107 2.4
      vertex 6.34683 -4.87009 2.4
    endloop
  endfacet
  facet normal 0 0 1
    outer loop
      vertex 7.07107 -7.07107 2.4
      vertex 5.65685 -5.65685 2.4
      vertex 6.08761 -7.93353 2.4
    endloop
  endfacet
  facet normal -0 0 1
    outer loop
      vertex 4.87009 -6.34683 2.4
      vertex 6.08761 -7.93353 2.4
      vertex 5.65685 -5.65685 2.4
    endloop
  endfacet
  facet normal 0 0 1
    outer loop
      vertex 6.08761 -7.93353 2.4
      vertex 4.87009 -6.34683 2.4
      vertex 5 -8.66025 2.4
    endloop
  endfacet
  facet normal -0 0 1
    outer loop
      vertex 4 -6.9282 2.4
      vertex 5 -8.66025 2.4
      vertex 4.87009 -6.34683 2.4
    endloop
  endfacet
  facet normal 0 0 1
    outer loop
      vertex 4 -6.9282 2.4
      vertex 3.82683 -9.2388 2.4
      vertex 5 -8.66025 2.4
    endloop
  endfacet
  facet normal -0 0 1
    outer loop
      vertex 3.06147 -7.39104 2.4
      vertex 3.82683 -9.2388 2.4
      vertex 4 -6.9282 2.4
    endloop
  endfacet
  facet normal 0 0 1
    outer loop
      vertex 3.06147 -7.39104 2.4
      vertex 2.58819 -9.65926 2.4
      vertex 3.82683 -9.2388 2.4
    endloop
  endfacet
  facet normal -0 0 1
    outer loop
      vertex 2.07055 -7.72741 2.4
      vertex 2.58819 -9.65926 2.4
      vertex 3.06147 -7.39104 2.4
    endloop
  endfacet
  facet normal 0 0 1
    outer loop
      vertex 2.07055 -7.72741 2.4
      vertex 1.30526 -9.91445 2.4
      vertex 2.58819 -9.65926 2.4
    endloop
  endfacet
  facet normal -0 0 1
    outer loop
      vertex 1.04421 -7.93156 2.4
      vertex 1.30526 -9.91445 2.4
      vertex 2.07055 -7.72741 2.4
    endloop
  endfacet
  facet normal -0 0 1
    outer loop
      vertex 0 -8 2.4
      vertex 1.30526 -9.91445 2.4
      vertex 1.04421 -7.93156 2.4
    endloop
  endfacet
  facet normal 0 0 1
    outer loop
      vertex 0 -8 2.4
      vertex 0 -10 2.4
      vertex 1.30526 -9.91445 2.4
    endloop
  endfacet
  facet normal 0 0 1
    outer loop
      vertex -1.04421 -7.93156 2.4
      vertex 0 -10 2.4
      vertex 0 -8 2.4
    endloop
  endfacet
  facet normal 0 0 1
    outer loop
      vertex -1.04421 -7.93156 2.4
      vertex -1.30526 -9.91445 2.4
      vertex 0 -10 2.4
    endloop
  endfacet
  facet normal 0 0 1
    outer loop
      vertex -2.07055 -7.72741 2.4
      vertex -1.30526 -9.91445 2.4
      vertex -1.04421 -7.93156 2.4
    endloop
  endfacet
  facet normal 0 0 1
    outer loop
      vertex -2.07055 -7.72741 2.4
      vertex -2.58819 -9.65926 2.4
      vertex -1.30526 -9.91445 2.4
    endloop
  endfacet
  facet normal 0 0 1
    outer loop
      vertex -3.06147 -7.39104 2.4
      vertex -2.58819 -9.65926 2.4
      vertex -2.07055 -7.72741 2.4
    endloop
  endfacet
  facet normal 0 0 1
    outer loop
      vertex -3.06147 -7.39104 2.4
      vertex -3.82683 -9.2388 2.4
      vertex -2.58819 -9.65926 2.4
    endloop
  endfacet
  facet normal 0 0 1
    outer loop
      vertex -4 -6.9282 2.4
      vertex -3.82683 -9.2388 2.4
      vertex -3.06147 -7.39104 2.4
    endloop
  endfacet
  facet normal 0 0 1
    outer loop
      vertex -5 -8.66025 2.4
      vertex -4 -6.9282 2.4
      vertex -4.87009 -6.34683 2.4
    endloop
  endfacet
  facet normal 0 0 1
    outer loop
      vertex -4 -6.9282 2.4
      vertex -5 -8.66025 2.4
      vertex -3.82683 -9.2388 2.4
    endloop
  endfacet
  facet normal 0 0 1
    outer loop
      vertex -6.08761 -7.93353 2.4
      vertex -4.87009 -6.34683 2.4
      vertex -5.65685 -5.65685 2.4
    endloop
  endfacet
  facet normal 0 0 1
    outer loop
      vertex -4.87009 -6.34683 2.4
      vertex -6.08761 -7.93353 2.4
      vertex -5 -8.66025 2.4
    endloop
  endfacet
  facet normal 0 0 1
    outer loop
      vertex -7.07107 -7.07107 2.4
      vertex -5.65685 -5.65685 2.4
      vertex -6.34683 -4.87009 2.4
    endloop
  endfacet
  facet normal 0 0 1
    outer loop
      vertex -7.93353 -6.08761 2.4
      vertex -6.34683 -4.87009 2.4
      vertex -6.9282 -4 2.4
    endloop
  endfacet
  facet normal 0 0 1
    outer loop
      vertex -5.65685 -5.65685 2.4
      vertex -7.07107 -7.07107 2.4
      vertex -6.08761 -7.93353 2.4
    endloop
  endfacet
  facet normal 0 0 1
    outer loop
      vertex -8.66025 -5 2.4
      vertex -6.9282 -4 2.4
      vertex -7.39104 -3.06147 2.4
    endloop
  endfacet
  facet normal 0 0 1
    outer loop
      vertex -9.2388 -3.82683 2.4
      vertex -7.39104 -3.06147 2.4
      vertex -7.72741 -2.07055 2.4
    endloop
  endfacet
  facet normal 0 0 1
    outer loop
      vertex -9.65926 -2.58819 2.4
      vertex -7.72741 -2.07055 2.4
      vertex -7.93156 -1.04421 2.4
    endloop
  endfacet
  facet normal 0 0 1
    outer loop
      vertex -6.34683 -4.87009 2.4
      vertex -7.93353 -6.08761 2.4
      vertex -7.07107 -7.07107 2.4
    endloop
  endfacet
  facet normal 0 0 1
    outer loop
      vertex -9.91445 -1.30526 2.4
      vertex -7.93156 -1.04421 2.4
      vertex -8 0 2.4
    endloop
  endfacet
  facet normal 0 0 1
    outer loop
      vertex -7.72741 2.07055 2.4
      vertex -9.65926 2.58819 2.4
      vertex -7.93156 1.04421 2.4
    endloop
  endfacet
  facet normal 0 0 1
    outer loop
      vertex -6.9282 -4 2.4
      vertex -8.66025 -5 2.4
      vertex -7.93353 -6.08761 2.4
    endloop
  endfacet
  facet normal -0 0 1
    outer loop
      vertex -9.91445 1.30526 2.4
      vertex -7.93156 1.04421 2.4
      vertex -9.65926 2.58819 2.4
    endloop
  endfacet
  facet normal 0 0 1
    outer loop
      vertex -7.39104 -3.06147 2.4
      vertex -9.2388 -3.82683 2.4
      vertex -8.66025 -5 2.4
    endloop
  endfacet
  facet normal 0 0 1
    outer loop
      vertex -7.93156 1.04421 2.4
      vertex -9.91445 1.30526 2.4
      vertex -8 0 2.4
    endloop
  endfacet
  facet normal 0 0 1
    outer loop
      vertex -7.72741 -2.07055 2.4
      vertex -9.65926 -2.58819 2.4
      vertex -9.2388 -3.82683 2.4
    endloop
  endfacet
  facet normal 0 0 1
    outer loop
      vertex -10 0 2.4
      vertex -8 0 2.4
      vertex -9.91445 1.30526 2.4
    endloop
  endfacet
  facet normal 0 0 1
    outer loop
      vertex -7.93156 -1.04421 2.4
      vertex -9.91445 -1.30526 2.4
      vertex -9.65926 -2.58819 2.4
    endloop
  endfacet
  facet normal 0 0 1
    outer loop
      vertex -8 0 2.4
      vertex -10 0 2.4
      vertex -9.91445 -1.30526 2.4
    endloop
  endfacet
  facet normal -0.751844 0.659341 0
    outer loop
      vertex -7.93353 6.08761 1.29
      vertex -7.07107 7.07107 2.4
      vertex -7.07107 7.07107 1.29
    endloop
  endfacet
  facet normal -0.751844 0.659341 0
    outer loop
      vertex -7.07107 7.07107 2.4
      vertex -7.93353 6.08761 1.29
      vertex -7.93353 6.08761 2.4
    endloop
  endfacet
  facet normal -0.831469 -0.555571 0
    outer loop
      vertex -7.93353 -6.08761 1.29
      vertex -8.66025 -5 2.4
      vertex -8.66025 -5 1.29
    endloop
  endfacet
  facet normal -0.831469 -0.555571 0
    outer loop
      vertex -8.66025 -5 2.4
      vertex -7.93353 -6.08761 1.29
      vertex -7.93353 -6.08761 2.4
    endloop
  endfacet
  facet normal 0.19509 0.980785 -0
    outer loop
      vertex 2.58819 9.65926 1.29
      vertex 1.30526 9.91445 2.4
      vertex 2.58819 9.65926 2.4
    endloop
  endfacet
  facet normal 0.19509 0.980785 0
    outer loop
      vertex 1.30526 9.91445 2.4
      vertex 2.58819 9.65926 1.29
      vertex 1.30526 9.91445 1.29
    endloop
  endfacet
  facet normal -0.321438 0.946931 0
    outer loop
      vertex -2.58819 9.65926 1.29
      vertex -3.82683 9.2388 2.4
      vertex -2.58819 9.65926 2.4
    endloop
  endfacet
  facet normal -0.321438 0.946931 0
    outer loop
      vertex -3.82683 9.2388 2.4
      vertex -2.58819 9.65926 1.29
      vertex -3.82683 9.2388 1.29
    endloop
  endfacet
  facet normal -0.0654022 -0.997859 0
    outer loop
      vertex -1.30526 -9.91445 1.29
      vertex 0 -10 2.4
      vertex -1.30526 -9.91445 2.4
    endloop
  endfacet
  facet normal -0.0654022 -0.997859 -0
    outer loop
      vertex 0 -10 2.4
      vertex -1.30526 -9.91445 1.29
      vertex 0 -10 1.29
    endloop
  endfacet
  facet normal -0.831469 0.555571 0
    outer loop
      vertex -8.66025 5 1.29
      vertex -7.93353 6.08761 2.4
      vertex -7.93353 6.08761 1.29
    endloop
  endfacet
  facet normal -0.831469 0.555571 0
    outer loop
      vertex -7.93353 6.08761 2.4
      vertex -8.66025 5 1.29
      vertex -8.66025 5 2.4
    endloop
  endfacet
  facet normal 0.442293 -0.896871 0
    outer loop
      vertex 3.82683 -9.2388 1.29
      vertex 5 -8.66025 2.4
      vertex 3.82683 -9.2388 2.4
    endloop
  endfacet
  facet normal 0.442293 -0.896871 0
    outer loop
      vertex 5 -8.66025 2.4
      vertex 3.82683 -9.2388 1.29
      vertex 5 -8.66025 1.29
    endloop
  endfacet
  facet normal -0.980785 0.19509 0
    outer loop
      vertex -9.91445 1.30526 1.29
      vertex -9.65926 2.58819 2.4
      vertex -9.65926 2.58819 1.29
    endloop
  endfacet
  facet normal -0.980785 0.19509 0
    outer loop
      vertex -9.65926 2.58819 2.4
      vertex -9.91445 1.30526 1.29
      vertex -9.91445 1.30526 2.4
    endloop
  endfacet
  facet normal 0.896871 -0.442293 0
    outer loop
      vertex 8.66025 -5 2.4
      vertex 9.2388 -3.82683 1.29
      vertex 9.2388 -3.82683 2.4
    endloop
  endfacet
  facet normal 0.896871 -0.442293 0
    outer loop
      vertex 9.2388 -3.82683 1.29
      vertex 8.66025 -5 2.4
      vertex 8.66025 -5 1.29
    endloop
  endfacet
  facet normal -0.980785 -0.19509 0
    outer loop
      vertex -9.65926 -2.58819 1.29
      vertex -9.91445 -1.30526 2.4
      vertex -9.91445 -1.30526 1.29
    endloop
  endfacet
  facet normal -0.980785 -0.19509 0
    outer loop
      vertex -9.91445 -1.30526 2.4
      vertex -9.65926 -2.58819 1.29
      vertex -9.65926 -2.58819 2.4
    endloop
  endfacet
  facet normal 0.946931 -0.321438 0
    outer loop
      vertex 9.2388 -3.82683 2.4
      vertex 9.65926 -2.58819 1.29
      vertex 9.65926 -2.58819 2.4
    endloop
  endfacet
  facet normal 0.946931 -0.321438 0
    outer loop
      vertex 9.65926 -2.58819 1.29
      vertex 9.2388 -3.82683 2.4
      vertex 9.2388 -3.82683 1.29
    endloop
  endfacet
  facet normal -0.946931 0.321438 0
    outer loop
      vertex -9.65926 2.58819 1.29
      vertex -9.2388 3.82683 2.4
      vertex -9.2388 3.82683 1.29
    endloop
  endfacet
  facet normal -0.946931 0.321438 0
    outer loop
      vertex -9.2388 3.82683 2.4
      vertex -9.65926 2.58819 1.29
      vertex -9.65926 2.58819 2.4
    endloop
  endfacet
  facet normal 0.321438 -0.946931 0
    outer loop
      vertex 2.58819 -9.65926 1.29
      vertex 3.82683 -9.2388 2.4
      vertex 2.58819 -9.65926 2.4
    endloop
  endfacet
  facet normal 0.321438 -0.946931 0
    outer loop
      vertex 3.82683 -9.2388 2.4
      vertex 2.58819 -9.65926 1.29
      vertex 3.82683 -9.2388 1.29
    endloop
  endfacet
  facet normal -0.946931 -0.321438 0
    outer loop
      vertex -9.2388 -3.82683 1.29
      vertex -9.65926 -2.58819 2.4
      vertex -9.65926 -2.58819 1.29
    endloop
  endfacet
  facet normal -0.946931 -0.321438 0
    outer loop
      vertex -9.65926 -2.58819 2.4
      vertex -9.2388 -3.82683 1.29
      vertex -9.2388 -3.82683 2.4
    endloop
  endfacet
  facet normal -0.442293 -0.896871 0
    outer loop
      vertex -5 -8.66025 1.29
      vertex -3.82683 -9.2388 2.4
      vertex -5 -8.66025 2.4
    endloop
  endfacet
  facet normal -0.442293 -0.896871 -0
    outer loop
      vertex -3.82683 -9.2388 2.4
      vertex -5 -8.66025 1.29
      vertex -3.82683 -9.2388 1.29
    endloop
  endfacet
  facet normal 0.997859 -0.0654022 0
    outer loop
      vertex 9.91445 -1.30526 2.4
      vertex 10 0 1.29
      vertex 10 0 2.4
    endloop
  endfacet
  facet normal 0.997859 -0.0654022 0
    outer loop
      vertex 10 0 1.29
      vertex 9.91445 -1.30526 2.4
      vertex 9.91445 -1.30526 1.29
    endloop
  endfacet
  facet normal 0.442293 0.896871 -0
    outer loop
      vertex 5 8.66025 1.29
      vertex 3.82683 9.2388 2.4
      vertex 5 8.66025 2.4
    endloop
  endfacet
  facet normal 0.442293 0.896871 0
    outer loop
      vertex 3.82683 9.2388 2.4
      vertex 5 8.66025 1.29
      vertex 3.82683 9.2388 1.29
    endloop
  endfacet
  facet normal 0.831469 0.555571 0
    outer loop
      vertex 8.66025 5 2.4
      vertex 7.93353 6.08761 1.29
      vertex 7.93353 6.08761 2.4
    endloop
  endfacet
  facet normal 0.831469 0.555571 0
    outer loop
      vertex 7.93353 6.08761 1.29
      vertex 8.66025 5 2.4
      vertex 8.66025 5 1.29
    endloop
  endfacet
  facet normal 0.321438 0.946931 -0
    outer loop
      vertex 3.82683 9.2388 1.29
      vertex 2.58819 9.65926 2.4
      vertex 3.82683 9.2388 2.4
    endloop
  endfacet
  facet normal 0.321438 0.946931 0
    outer loop
      vertex 2.58819 9.65926 2.4
      vertex 3.82683 9.2388 1.29
      vertex 2.58819 9.65926 1.29
    endloop
  endfacet
  facet normal 0.896871 0.442293 0
    outer loop
      vertex 9.2388 3.82683 2.4
      vertex 8.66025 5 1.29
      vertex 8.66025 5 2.4
    endloop
  endfacet
  facet normal 0.896871 0.442293 0
    outer loop
      vertex 8.66025 5 1.29
      vertex 9.2388 3.82683 2.4
      vertex 9.2388 3.82683 1.29
    endloop
  endfacet
  facet normal 0.659341 0.751844 -0
    outer loop
      vertex 7.07107 7.07107 1.29
      vertex 6.08761 7.93353 2.4
      vertex 7.07107 7.07107 2.4
    endloop
  endfacet
  facet normal 0.659341 0.751844 0
    outer loop
      vertex 6.08761 7.93353 2.4
      vertex 7.07107 7.07107 1.29
      vertex 6.08761 7.93353 1.29
    endloop
  endfacet
  facet normal -0.442293 0.896871 0
    outer loop
      vertex -3.82683 9.2388 1.29
      vertex -5 8.66025 2.4
      vertex -3.82683 9.2388 2.4
    endloop
  endfacet
  facet normal -0.442293 0.896871 0
    outer loop
      vertex -5 8.66025 2.4
      vertex -3.82683 9.2388 1.29
      vertex -5 8.66025 1.29
    endloop
  endfacet
  facet normal -0.0654022 0.997859 0
    outer loop
      vertex 0 10 1.29
      vertex -1.30526 9.91445 2.4
      vertex 0 10 2.4
    endloop
  endfacet
  facet normal -0.0654022 0.997859 0
    outer loop
      vertex -1.30526 9.91445 2.4
      vertex 0 10 1.29
      vertex -1.30526 9.91445 1.29
    endloop
  endfacet
  facet normal 0.555571 0.831469 -0
    outer loop
      vertex 6.08761 7.93353 1.29
      vertex 5 8.66025 2.4
      vertex 6.08761 7.93353 2.4
    endloop
  endfacet
  facet normal 0.555571 0.831469 0
    outer loop
      vertex 5 8.66025 2.4
      vertex 6.08761 7.93353 1.29
      vertex 5 8.66025 1.29
    endloop
  endfacet
  facet normal 0.751844 0.659341 0
    outer loop
      vertex 7.93353 6.08761 2.4
      vertex 7.07107 7.07107 1.29
      vertex 7.07107 7.07107 2.4
    endloop
  endfacet
  facet normal 0.751844 0.659341 0
    outer loop
      vertex 7.07107 7.07107 1.29
      vertex 7.93353 6.08761 2.4
      vertex 7.93353 6.08761 1.29
    endloop
  endfacet
  facet normal -0.555571 0.831469 0
    outer loop
      vertex -5 8.66025 1.29
      vertex -6.08761 7.93353 2.4
      vertex -5 8.66025 2.4
    endloop
  endfacet
  facet normal -0.555571 0.831469 0
    outer loop
      vertex -6.08761 7.93353 2.4
      vertex -5 8.66025 1.29
      vertex -6.08761 7.93353 1.29
    endloop
  endfacet
  facet normal 0.980785 -0.19509 0
    outer loop
      vertex 9.65926 -2.58819 2.4
      vertex 9.91445 -1.30526 1.29
      vertex 9.91445 -1.30526 2.4
    endloop
  endfacet
  facet normal 0.980785 -0.19509 0
    outer loop
      vertex 9.91445 -1.30526 1.29
      vertex 9.65926 -2.58819 2.4
      vertex 9.65926 -2.58819 1.29
    endloop
  endfacet
  facet normal -0.659341 -0.751844 0
    outer loop
      vertex -7.07107 -7.07107 1.29
      vertex -6.08761 -7.93353 2.4
      vertex -7.07107 -7.07107 2.4
    endloop
  endfacet
  facet normal -0.659341 -0.751844 -0
    outer loop
      vertex -6.08761 -7.93353 2.4
      vertex -7.07107 -7.07107 1.29
      vertex -6.08761 -7.93353 1.29
    endloop
  endfacet
  facet normal -0.896871 -0.442293 0
    outer loop
      vertex -8.66025 -5 1.29
      vertex -9.2388 -3.82683 2.4
      vertex -9.2388 -3.82683 1.29
    endloop
  endfacet
  facet normal -0.896871 -0.442293 0
    outer loop
      vertex -9.2388 -3.82683 2.4
      vertex -8.66025 -5 1.29
      vertex -8.66025 -5 2.4
    endloop
  endfacet
  facet normal 0.0654022 -0.997859 0
    outer loop
      vertex 0 -10 1.29
      vertex 1.30526 -9.91445 2.4
      vertex 0 -10 2.4
    endloop
  endfacet
  facet normal 0.0654022 -0.997859 0
    outer loop
      vertex 1.30526 -9.91445 2.4
      vertex 0 -10 1.29
      vertex 1.30526 -9.91445 1.29
    endloop
  endfacet
  facet normal -0.19509 -0.980785 0
    outer loop
      vertex -2.58819 -9.65926 1.29
      vertex -1.30526 -9.91445 2.4
      vertex -2.58819 -9.65926 2.4
    endloop
  endfacet
  facet normal -0.19509 -0.980785 -0
    outer loop
      vertex -1.30526 -9.91445 2.4
      vertex -2.58819 -9.65926 1.29
      vertex -1.30526 -9.91445 1.29
    endloop
  endfacet
  facet normal 0.659341 -0.751844 0
    outer loop
      vertex 6.08761 -7.93353 1.29
      vertex 7.07107 -7.07107 2.4
      vertex 6.08761 -7.93353 2.4
    endloop
  endfacet
  facet normal 0.659341 -0.751844 0
    outer loop
      vertex 7.07107 -7.07107 2.4
      vertex 6.08761 -7.93353 1.29
      vertex 7.07107 -7.07107 1.29
    endloop
  endfacet
  facet normal 0.831469 -0.555571 0
    outer loop
      vertex 7.93353 -6.08761 2.4
      vertex 8.66025 -5 1.29
      vertex 8.66025 -5 2.4
    endloop
  endfacet
  facet normal 0.831469 -0.555571 0
    outer loop
      vertex 8.66025 -5 1.29
      vertex 7.93353 -6.08761 2.4
      vertex 7.93353 -6.08761 1.29
    endloop
  endfacet
  facet normal -0.659341 0.751844 0
    outer loop
      vertex -6.08761 7.93353 1.29
      vertex -7.07107 7.07107 2.4
      vertex -6.08761 7.93353 2.4
    endloop
  endfacet
  facet normal -0.659341 0.751844 0
    outer loop
      vertex -7.07107 7.07107 2.4
      vertex -6.08761 7.93353 1.29
      vertex -7.07107 7.07107 1.29
    endloop
  endfacet
  facet normal 0.19509 -0.980785 0
    outer loop
      vertex 1.30526 -9.91445 1.29
      vertex 2.58819 -9.65926 2.4
      vertex 1.30526 -9.91445 2.4
    endloop
  endfacet
  facet normal 0.19509 -0.980785 0
    outer loop
      vertex 2.58819 -9.65926 2.4
      vertex 1.30526 -9.91445 1.29
      vertex 2.58819 -9.65926 1.29
    endloop
  endfacet
  facet normal -0.321438 -0.946931 0
    outer loop
      vertex -3.82683 -9.2388 1.29
      vertex -2.58819 -9.65926 2.4
      vertex -3.82683 -9.2388 2.4
    endloop
  endfacet
  facet normal -0.321438 -0.946931 -0
    outer loop
      vertex -2.58819 -9.65926 2.4
      vertex -3.82683 -9.2388 1.29
      vertex -2.58819 -9.65926 1.29
    endloop
  endfacet
  facet normal -0.997859 -0.0654022 0
    outer loop
      vertex -9.91445 -1.30526 1.29
      vertex -10 0 2.4
      vertex -10 0 1.29
    endloop
  endfacet
  facet normal -0.997859 -0.0654022 0
    outer loop
      vertex -10 0 2.4
      vertex -9.91445 -1.30526 1.29
      vertex -9.91445 -1.30526 2.4
    endloop
  endfacet
  facet normal -0.751844 -0.659341 0
    outer loop
      vertex -7.07107 -7.07107 1.29
      vertex -7.93353 -6.08761 2.4
      vertex -7.93353 -6.08761 1.29
    endloop
  endfacet
  facet normal -0.751844 -0.659341 0
    outer loop
      vertex -7.93353 -6.08761 2.4
      vertex -7.07107 -7.07107 1.29
      vertex -7.07107 -7.07107 2.4
    endloop
  endfacet
  facet normal -0.997859 0.0654022 0
    outer loop
      vertex -10 0 1.29
      vertex -9.91445 1.30526 2.4
      vertex -9.91445 1.30526 1.29
    endloop
  endfacet
  facet normal -0.997859 0.0654022 0
    outer loop
      vertex -9.91445 1.30526 2.4
      vertex -10 0 1.29
      vertex -10 0 2.4
    endloop
  endfacet
  facet normal 0.0654022 0.997859 -0
    outer loop
      vertex 1.30526 9.91445 1.29
      vertex 0 10 2.4
      vertex 1.30526 9.91445 2.4
    endloop
  endfacet
  facet normal 0.0654022 0.997859 0
    outer loop
      vertex 0 10 2.4
      vertex 1.30526 9.91445 1.29
      vertex 0 10 1.29
    endloop
  endfacet
  facet normal -0.19509 0.980785 0
    outer loop
      vertex -1.30526 9.91445 1.29
      vertex -2.58819 9.65926 2.4
      vertex -1.30526 9.91445 2.4
    endloop
  endfacet
  facet normal -0.19509 0.980785 0
    outer loop
      vertex -2.58819 9.65926 2.4
      vertex -1.30526 9.91445 1.29
      vertex -2.58819 9.65926 1.29
    endloop
  endfacet
  facet normal -0.555571 -0.831469 0
    outer loop
      vertex -6.08761 -7.93353 1.29
      vertex -5 -8.66025 2.4
      vertex -6.08761 -7.93353 2.4
    endloop
  endfacet
  facet normal -0.555571 -0.831469 -0
    outer loop
      vertex -5 -8.66025 2.4
      vertex -6.08761 -7.93353 1.29
      vertex -5 -8.66025 1.29
    endloop
  endfacet
  facet normal 0.555571 -0.831469 0
    outer loop
      vertex 5 -8.66025 1.29
      vertex 6.08761 -7.93353 2.4
      vertex 5 -8.66025 2.4
    endloop
  endfacet
  facet normal 0.555571 -0.831469 0
    outer loop
      vertex 6.08761 -7.93353 2.4
      vertex 5 -8.66025 1.29
      vertex 6.08761 -7.93353 1.29
    endloop
  endfacet
  facet normal 0.980785 0.19509 0
    outer loop
      vertex 9.91445 1.30526 6
      vertex 9.65926 2.58819 3.6
      vertex 9.65926 2.58819 6
    endloop
  endfacet
  facet normal 0.980785 0.19509 0
    outer loop
      vertex 9.65926 2.58819 3.6
      vertex 9.91445 1.30526 6
      vertex 9.91445 1.30526 3.6
    endloop
  endfacet
  facet normal 0.997859 0.0654022 0
    outer loop
      vertex 10 0 6
      vertex 9.91445 1.30526 3.6
      vertex 9.91445 1.30526 6
    endloop
  endfacet
  facet normal 0.997859 0.0654022 0
    outer loop
      vertex 9.91445 1.30526 3.6
      vertex 10 0 6
      vertex 10 0 3.6
    endloop
  endfacet
  facet normal 0.946931 0.321438 0
    outer loop
      vertex 9.65926 2.58819 6
      vertex 9.2388 3.82683 3.6
      vertex 9.2388 3.82683 6
    endloop
  endfacet
  facet normal 0.946931 0.321438 0
    outer loop
      vertex 9.2388 3.82683 3.6
      vertex 9.65926 2.58819 6
      vertex 9.65926 2.58819 3.6
    endloop
  endfacet
  facet normal -0.997859 0.0654022 0
    outer loop
      vertex -10 0 3.6
      vertex -9.91445 1.30526 6
      vertex -9.91445 1.30526 3.6
    endloop
  endfacet
  facet normal -0.997859 0.0654022 0
    outer loop
      vertex -9.91445 1.30526 6
      vertex -10 0 3.6
      vertex -10 0 6
    endloop
  endfacet
  facet normal 0.321438 0.946931 -0
    outer loop
      vertex 3.82683 9.2388 3.6
      vertex 2.58819 9.65926 6
      vertex 3.82683 9.2388 6
    endloop
  endfacet
  facet normal 0.321438 0.946931 0
    outer loop
      vertex 2.58819 9.65926 6
      vertex 3.82683 9.2388 3.6
      vertex 2.58819 9.65926 3.6
    endloop
  endfacet
  facet normal 0.19509 0.980785 -0
    outer loop
      vertex 2.58819 9.65926 3.6
      vertex 1.30526 9.91445 6
      vertex 2.58819 9.65926 6
    endloop
  endfacet
  facet normal 0.19509 0.980785 0
    outer loop
      vertex 1.30526 9.91445 6
      vertex 2.58819 9.65926 3.6
      vertex 1.30526 9.91445 3.6
    endloop
  endfacet
  facet normal 0.896871 0.442293 0
    outer loop
      vertex 9.2388 3.82683 6
      vertex 8.66025 5 3.6
      vertex 8.66025 5 6
    endloop
  endfacet
  facet normal 0.896871 0.442293 0
    outer loop
      vertex 8.66025 5 3.6
      vertex 9.2388 3.82683 6
      vertex 9.2388 3.82683 3.6
    endloop
  endfacet
  facet normal 0.19509 -0.980785 0
    outer loop
      vertex 1.30526 -9.91445 3.6
      vertex 2.58819 -9.65926 6
      vertex 1.30526 -9.91445 6
    endloop
  endfacet
  facet normal 0.19509 -0.980785 0
    outer loop
      vertex 2.58819 -9.65926 6
      vertex 1.30526 -9.91445 3.6
      vertex 2.58819 -9.65926 3.6
    endloop
  endfacet
  facet normal 0.0654022 -0.997859 0
    outer loop
      vertex 0 -10 3.6
      vertex 1.30526 -9.91445 6
      vertex 0 -10 6
    endloop
  endfacet
  facet normal 0.0654022 -0.997859 0
    outer loop
      vertex 1.30526 -9.91445 6
      vertex 0 -10 3.6
      vertex 1.30526 -9.91445 3.6
    endloop
  endfacet
  facet normal 0.659341 0.751844 -0
    outer loop
      vertex 7.07107 7.07107 3.6
      vertex 6.08761 7.93353 6
      vertex 7.07107 7.07107 6
    endloop
  endfacet
  facet normal 0.659341 0.751844 0
    outer loop
      vertex 6.08761 7.93353 6
      vertex 7.07107 7.07107 3.6
      vertex 6.08761 7.93353 3.6
    endloop
  endfacet
  facet normal 0.896871 -0.442293 0
    outer loop
      vertex 8.66025 -5 6
      vertex 9.2388 -3.82683 3.6
      vertex 9.2388 -3.82683 6
    endloop
  endfacet
  facet normal 0.896871 -0.442293 0
    outer loop
      vertex 9.2388 -3.82683 3.6
      vertex 8.66025 -5 6
      vertex 8.66025 -5 3.6
    endloop
  endfacet
  facet normal -0.896871 0.442293 0
    outer loop
      vertex -9.2388 3.82683 3.6
      vertex -8.66025 5 6
      vertex -8.66025 5 3.6
    endloop
  endfacet
  facet normal -0.896871 0.442293 0
    outer loop
      vertex -8.66025 5 6
      vertex -9.2388 3.82683 3.6
      vertex -9.2388 3.82683 6
    endloop
  endfacet
  facet normal 0.659341 -0.751844 0
    outer loop
      vertex 6.08761 -7.93353 3.6
      vertex 7.07107 -7.07107 6
      vertex 6.08761 -7.93353 6
    endloop
  endfacet
  facet normal 0.659341 -0.751844 0
    outer loop
      vertex 7.07107 -7.07107 6
      vertex 6.08761 -7.93353 3.6
      vertex 7.07107 -7.07107 3.6
    endloop
  endfacet
  facet normal 0.751844 -0.659341 0
    outer loop
      vertex 7.07107 -7.07107 6
      vertex 7.93353 -6.08761 3.6
      vertex 7.93353 -6.08761 6
    endloop
  endfacet
  facet normal 0.751844 -0.659341 0
    outer loop
      vertex 7.93353 -6.08761 3.6
      vertex 7.07107 -7.07107 6
      vertex 7.07107 -7.07107 3.6
    endloop
  endfacet
  facet normal 0.321438 -0.946931 0
    outer loop
      vertex 2.58819 -9.65926 3.6
      vertex 3.82683 -9.2388 6
      vertex 2.58819 -9.65926 6
    endloop
  endfacet
  facet normal 0.321438 -0.946931 0
    outer loop
      vertex 3.82683 -9.2388 6
      vertex 2.58819 -9.65926 3.6
      vertex 3.82683 -9.2388 3.6
    endloop
  endfacet
  facet normal -0.997859 -0.0654022 0
    outer loop
      vertex -9.91445 -1.30526 3.6
      vertex -10 0 6
      vertex -10 0 3.6
    endloop
  endfacet
  facet normal -0.997859 -0.0654022 0
    outer loop
      vertex -10 0 6
      vertex -9.91445 -1.30526 3.6
      vertex -9.91445 -1.30526 6
    endloop
  endfacet
  facet normal -0.659341 0.751844 0
    outer loop
      vertex -6.08761 7.93353 3.6
      vertex -7.07107 7.07107 6
      vertex -6.08761 7.93353 6
    endloop
  endfacet
  facet normal -0.659341 0.751844 0
    outer loop
      vertex -7.07107 7.07107 6
      vertex -6.08761 7.93353 3.6
      vertex -7.07107 7.07107 3.6
    endloop
  endfacet
  facet normal -0.321438 0.946931 0
    outer loop
      vertex -2.58819 9.65926 3.6
      vertex -3.82683 9.2388 6
      vertex -2.58819 9.65926 6
    endloop
  endfacet
  facet normal -0.321438 0.946931 0
    outer loop
      vertex -3.82683 9.2388 6
      vertex -2.58819 9.65926 3.6
      vertex -3.82683 9.2388 3.6
    endloop
  endfacet
  facet normal -0.831469 -0.555571 0
    outer loop
      vertex -7.93353 -6.08761 3.6
      vertex -8.66025 -5 6
      vertex -8.66025 -5 3.6
    endloop
  endfacet
  facet normal -0.831469 -0.555571 0
    outer loop
      vertex -8.66025 -5 6
      vertex -7.93353 -6.08761 3.6
      vertex -7.93353 -6.08761 6
    endloop
  endfacet
  facet normal 0.751844 0.659341 0
    outer loop
      vertex 7.93353 6.08761 6
      vertex 7.07107 7.07107 3.6
      vertex 7.07107 7.07107 6
    endloop
  endfacet
  facet normal 0.751844 0.659341 0
    outer loop
      vertex 7.07107 7.07107 3.6
      vertex 7.93353 6.08761 6
      vertex 7.93353 6.08761 3.6
    endloop
  endfacet
  facet normal -0.321438 -0.946931 0
    outer loop
      vertex -3.82683 -9.2388 3.6
      vertex -2.58819 -9.65926 6
      vertex -3.82683 -9.2388 6
    endloop
  endfacet
  facet normal -0.321438 -0.946931 -0
    outer loop
      vertex -2.58819 -9.65926 6
      vertex -3.82683 -9.2388 3.6
      vertex -2.58819 -9.65926 3.6
    endloop
  endfacet
  facet normal 0.442293 -0.896871 0
    outer loop
      vertex 3.82683 -9.2388 3.6
      vertex 5 -8.66025 6
      vertex 3.82683 -9.2388 6
    endloop
  endfacet
  facet normal 0.442293 -0.896871 0
    outer loop
      vertex 5 -8.66025 6
      vertex 3.82683 -9.2388 3.6
      vertex 5 -8.66025 3.6
    endloop
  endfacet
  facet normal -0.442293 0.896871 0
    outer loop
      vertex -3.82683 9.2388 3.6
      vertex -5 8.66025 6
      vertex -3.82683 9.2388 6
    endloop
  endfacet
  facet normal -0.442293 0.896871 0
    outer loop
      vertex -5 8.66025 6
      vertex -3.82683 9.2388 3.6
      vertex -5 8.66025 3.6
    endloop
  endfacet
  facet normal 0 0 1
    outer loop
      vertex 8 0 6
      vertex 10 0 6
      vertex 9.91445 1.30526 6
    endloop
  endfacet
  facet normal 0 0 1
    outer loop
      vertex 7.93156 1.04421 6
      vertex 9.91445 1.30526 6
      vertex 9.65926 2.58819 6
    endloop
  endfacet
  facet normal 0 0 1
    outer loop
      vertex 10 0 6
      vertex 8 0 6
      vertex 9.91445 -1.30526 6
    endloop
  endfacet
  facet normal 0 0 1
    outer loop
      vertex 7.72741 2.07055 6
      vertex 9.65926 2.58819 6
      vertex 9.2388 3.82683 6
    endloop
  endfacet
  facet normal -0 0 1
    outer loop
      vertex 7.93156 -1.04421 6
      vertex 9.91445 -1.30526 6
      vertex 8 0 6
    endloop
  endfacet
  facet normal 0 0 1
    outer loop
      vertex 7.39104 3.06147 6
      vertex 9.2388 3.82683 6
      vertex 8.66025 5 6
    endloop
  endfacet
  facet normal 0 0 1
    outer loop
      vertex 9.91445 -1.30526 6
      vertex 7.93156 -1.04421 6
      vertex 9.65926 -2.58819 6
    endloop
  endfacet
  facet normal -0 0 1
    outer loop
      vertex 7.72741 -2.07055 6
      vertex 9.65926 -2.58819 6
      vertex 7.93156 -1.04421 6
    endloop
  endfacet
  facet normal 0 0 1
    outer loop
      vertex 6.9282 4 6
      vertex 8.66025 5 6
      vertex 7.93353 6.08761 6
    endloop
  endfacet
  facet normal 0 0 1
    outer loop
      vertex 9.91445 1.30526 6
      vertex 7.93156 1.04421 6
      vertex 8 0 6
    endloop
  endfacet
  facet normal 0 0 1
    outer loop
      vertex 9.65926 2.58819 6
      vertex 7.72741 2.07055 6
      vertex 7.93156 1.04421 6
    endloop
  endfacet
  facet normal 0 0 1
    outer loop
      vertex 9.2388 3.82683 6
      vertex 7.39104 3.06147 6
      vertex 7.72741 2.07055 6
    endloop
  endfacet
  facet normal 0 0 1
    outer loop
      vertex 6.34683 4.87009 6
      vertex 7.93353 6.08761 6
      vertex 7.07107 7.07107 6
    endloop
  endfacet
  facet normal 0 0 1
    outer loop
      vertex 8.66025 5 6
      vertex 6.9282 4 6
      vertex 7.39104 3.06147 6
    endloop
  endfacet
  facet normal 0 0 1
    outer loop
      vertex 7.93353 6.08761 6
      vertex 6.34683 4.87009 6
      vertex 6.9282 4 6
    endloop
  endfacet
  facet normal 0 0 1
    outer loop
      vertex 5.65685 5.65685 6
      vertex 7.07107 7.07107 6
      vertex 6.08761 7.93353 6
    endloop
  endfacet
  facet normal 0 0 1
    outer loop
      vertex 7.07107 7.07107 6
      vertex 5.65685 5.65685 6
      vertex 6.34683 4.87009 6
    endloop
  endfacet
  facet normal 0 0 1
    outer loop
      vertex 4.87009 6.34683 6
      vertex 6.08761 7.93353 6
      vertex 5 8.66025 6
    endloop
  endfacet
  facet normal 0 0 1
    outer loop
      vertex 6.08761 7.93353 6
      vertex 4.87009 6.34683 6
      vertex 5.65685 5.65685 6
    endloop
  endfacet
  facet normal 0 0 1
    outer loop
      vertex 5 8.66025 6
      vertex 4 6.9282 6
      vertex 4.87009 6.34683 6
    endloop
  endfacet
  facet normal 0 0 1
    outer loop
      vertex 3.82683 9.2388 6
      vertex 4 6.9282 6
      vertex 5 8.66025 6
    endloop
  endfacet
  facet normal 0 0 1
    outer loop
      vertex 3.82683 9.2388 6
      vertex 3.06147 7.39104 6
      vertex 4 6.9282 6
    endloop
  endfacet
  facet normal 0 0 1
    outer loop
      vertex 2.58819 9.65926 6
      vertex 3.06147 7.39104 6
      vertex 3.82683 9.2388 6
    endloop
  endfacet
  facet normal 0 0 1
    outer loop
      vertex 2.58819 9.65926 6
      vertex 2.07055 7.72741 6
      vertex 3.06147 7.39104 6
    endloop
  endfacet
  facet normal 0 0 1
    outer loop
      vertex 1.30526 9.91445 6
      vertex 2.07055 7.72741 6
      vertex 2.58819 9.65926 6
    endloop
  endfacet
  facet normal 0 0 1
    outer loop
      vertex 1.30526 9.91445 6
      vertex 1.04421 7.93156 6
      vertex 2.07055 7.72741 6
    endloop
  endfacet
  facet normal 0 0 1
    outer loop
      vertex 0 10 6
      vertex 1.04421 7.93156 6
      vertex 1.30526 9.91445 6
    endloop
  endfacet
  facet normal 0 0 1
    outer loop
      vertex 0 10 6
      vertex 0 8 6
      vertex 1.04421 7.93156 6
    endloop
  endfacet
  facet normal 0 0 1
    outer loop
      vertex 0 10 6
      vertex -1.04421 7.93156 6
      vertex 0 8 6
    endloop
  endfacet
  facet normal -0 0 1
    outer loop
      vertex -1.30526 9.91445 6
      vertex -1.04421 7.93156 6
      vertex 0 10 6
    endloop
  endfacet
  facet normal 0 0 1
    outer loop
      vertex -1.30526 9.91445 6
      vertex -2.07055 7.72741 6
      vertex -1.04421 7.93156 6
    endloop
  endfacet
  facet normal -0 0 1
    outer loop
      vertex -2.58819 9.65926 6
      vertex -2.07055 7.72741 6
      vertex -1.30526 9.91445 6
    endloop
  endfacet
  facet normal 0 0 1
    outer loop
      vertex -2.58819 9.65926 6
      vertex -3.06147 7.39104 6
      vertex -2.07055 7.72741 6
    endloop
  endfacet
  facet normal -0 0 1
    outer loop
      vertex -3.82683 9.2388 6
      vertex -3.06147 7.39104 6
      vertex -2.58819 9.65926 6
    endloop
  endfacet
  facet normal 0 0 1
    outer loop
      vertex -3.82683 9.2388 6
      vertex -4 6.9282 6
      vertex -3.06147 7.39104 6
    endloop
  endfacet
  facet normal -0 0 1
    outer loop
      vertex -5 8.66025 6
      vertex -4 6.9282 6
      vertex -3.82683 9.2388 6
    endloop
  endfacet
  facet normal 0 0 1
    outer loop
      vertex -4 6.9282 6
      vertex -5 8.66025 6
      vertex -4.87009 6.34683 6
    endloop
  endfacet
  facet normal -0 0 1
    outer loop
      vertex -6.08761 7.93353 6
      vertex -4.87009 6.34683 6
      vertex -5 8.66025 6
    endloop
  endfacet
  facet normal 0 0 1
    outer loop
      vertex -4.87009 6.34683 6
      vertex -6.08761 7.93353 6
      vertex -5.65685 5.65685 6
    endloop
  endfacet
  facet normal -0 0 1
    outer loop
      vertex -7.07107 7.07107 6
      vertex -5.65685 5.65685 6
      vertex -6.08761 7.93353 6
    endloop
  endfacet
  facet normal 0 0 1
    outer loop
      vertex -5.65685 5.65685 6
      vertex -7.07107 7.07107 6
      vertex -6.34683 4.87009 6
    endloop
  endfacet
  facet normal -0 0 1
    outer loop
      vertex -7.93353 6.08761 6
      vertex -6.34683 4.87009 6
      vertex -7.07107 7.07107 6
    endloop
  endfacet
  facet normal 0 0 1
    outer loop
      vertex -6.34683 4.87009 6
      vertex -7.93353 6.08761 6
      vertex -6.9282 4 6
    endloop
  endfacet
  facet normal -0 0 1
    outer loop
      vertex -8.66025 5 6
      vertex -6.9282 4 6
      vertex -7.93353 6.08761 6
    endloop
  endfacet
  facet normal 0 0 1
    outer loop
      vertex -6.9282 4 6
      vertex -8.66025 5 6
      vertex -7.39104 3.06147 6
    endloop
  endfacet
  facet normal -0 0 1
    outer loop
      vertex -9.2388 3.82683 6
      vertex -7.39104 3.06147 6
      vertex -8.66025 5 6
    endloop
  endfacet
  facet normal 0 0 1
    outer loop
      vertex -7.39104 3.06147 6
      vertex -9.2388 3.82683 6
      vertex -7.72741 2.07055 6
    endloop
  endfacet
  facet normal -0 0 1
    outer loop
      vertex -9.65926 2.58819 6
      vertex -7.72741 2.07055 6
      vertex -9.2388 3.82683 6
    endloop
  endfacet
  facet normal 0 0 1
    outer loop
      vertex 9.65926 -2.58819 6
      vertex 7.72741 -2.07055 6
      vertex 9.2388 -3.82683 6
    endloop
  endfacet
  facet normal -0 0 1
    outer loop
      vertex 7.39104 -3.06147 6
      vertex 9.2388 -3.82683 6
      vertex 7.72741 -2.07055 6
    endloop
  endfacet
  facet normal 0 0 1
    outer loop
      vertex 9.2388 -3.82683 6
      vertex 7.39104 -3.06147 6
      vertex 8.66025 -5 6
    endloop
  endfacet
  facet normal -0 0 1
    outer loop
      vertex 6.9282 -4 6
      vertex 8.66025 -5 6
      vertex 7.39104 -3.06147 6
    endloop
  endfacet
  facet normal 0 0 1
    outer loop
      vertex 8.66025 -5 6
      vertex 6.9282 -4 6
      vertex 7.93353 -6.08761 6
    endloop
  endfacet
  facet normal -0 0 1
    outer loop
      vertex 6.34683 -4.87009 6
      vertex 7.93353 -6.08761 6
      vertex 6.9282 -4 6
    endloop
  endfacet
  facet normal 0 0 1
    outer loop
      vertex 7.93353 -6.08761 6
      vertex 6.34683 -4.87009 6
      vertex 7.07107 -7.07107 6
    endloop
  endfacet
  facet normal -0 0 1
    outer loop
      vertex 5.65685 -5.65685 6
      vertex 7.07107 -7.07107 6
      vertex 6.34683 -4.87009 6
    endloop
  endfacet
  facet normal 0 0 1
    outer loop
      vertex 7.07107 -7.07107 6
      vertex 5.65685 -5.65685 6
      vertex 6.08761 -7.93353 6
    endloop
  endfacet
  facet normal -0 0 1
    outer loop
      vertex 4.87009 -6.34683 6
      vertex 6.08761 -7.93353 6
      vertex 5.65685 -5.65685 6
    endloop
  endfacet
  facet normal 0 0 1
    outer loop
      vertex 6.08761 -7.93353 6
      vertex 4.87009 -6.34683 6
      vertex 5 -8.66025 6
    endloop
  endfacet
  facet normal -0 0 1
    outer loop
      vertex 4 -6.9282 6
      vertex 5 -8.66025 6
      vertex 4.87009 -6.34683 6
    endloop
  endfacet
  facet normal 0 0 1
    outer loop
      vertex 4 -6.9282 6
      vertex 3.82683 -9.2388 6
      vertex 5 -8.66025 6
    endloop
  endfacet
  facet normal -0 0 1
    outer loop
      vertex 3.06147 -7.39104 6
      vertex 3.82683 -9.2388 6
      vertex 4 -6.9282 6
    endloop
  endfacet
  facet normal 0 0 1
    outer loop
      vertex 3.06147 -7.39104 6
      vertex 2.58819 -9.65926 6
      vertex 3.82683 -9.2388 6
    endloop
  endfacet
  facet normal -0 0 1
    outer loop
      vertex 2.07055 -7.72741 6
      vertex 2.58819 -9.65926 6
      vertex 3.06147 -7.39104 6
    endloop
  endfacet
  facet normal 0 0 1
    outer loop
      vertex 2.07055 -7.72741 6
      vertex 1.30526 -9.91445 6
      vertex 2.58819 -9.65926 6
    endloop
  endfacet
  facet normal -0 0 1
    outer loop
      vertex 1.04421 -7.93156 6
      vertex 1.30526 -9.91445 6
      vertex 2.07055 -7.72741 6
    endloop
  endfacet
  facet normal -0 0 1
    outer loop
      vertex 0 -8 6
      vertex 1.30526 -9.91445 6
      vertex 1.04421 -7.93156 6
    endloop
  endfacet
  facet normal 0 0 1
    outer loop
      vertex 0 -8 6
      vertex 0 -10 6
      vertex 1.30526 -9.91445 6
    endloop
  endfacet
  facet normal 0 0 1
    outer loop
      vertex -1.04421 -7.93156 6
      vertex 0 -10 6
      vertex 0 -8 6
    endloop
  endfacet
  facet normal 0 0 1
    outer loop
      vertex -1.04421 -7.93156 6
      vertex -1.30526 -9.91445 6
      vertex 0 -10 6
    endloop
  endfacet
  facet normal 0 0 1
    outer loop
      vertex -2.07055 -7.72741 6
      vertex -1.30526 -9.91445 6
      vertex -1.04421 -7.93156 6
    endloop
  endfacet
  facet normal 0 0 1
    outer loop
      vertex -2.07055 -7.72741 6
      vertex -2.58819 -9.65926 6
      vertex -1.30526 -9.91445 6
    endloop
  endfacet
  facet normal 0 0 1
    outer loop
      vertex -3.06147 -7.39104 6
      vertex -2.58819 -9.65926 6
      vertex -2.07055 -7.72741 6
    endloop
  endfacet
  facet normal 0 0 1
    outer loop
      vertex -3.06147 -7.39104 6
      vertex -3.82683 -9.2388 6
      vertex -2.58819 -9.65926 6
    endloop
  endfacet
  facet normal 0 0 1
    outer loop
      vertex -4 -6.9282 6
      vertex -3.82683 -9.2388 6
      vertex -3.06147 -7.39104 6
    endloop
  endfacet
  facet normal 0 0 1
    outer loop
      vertex -5 -8.66025 6
      vertex -4 -6.9282 6
      vertex -4.87009 -6.34683 6
    endloop
  endfacet
  facet normal 0 0 1
    outer loop
      vertex -4 -6.9282 6
      vertex -5 -8.66025 6
      vertex -3.82683 -9.2388 6
    endloop
  endfacet
  facet normal 0 0 1
    outer loop
      vertex -6.08761 -7.93353 6
      vertex -4.87009 -6.34683 6
      vertex -5.65685 -5.65685 6
    endloop
  endfacet
  facet normal 0 0 1
    outer loop
      vertex -4.87009 -6.34683 6
      vertex -6.08761 -7.93353 6
      vertex -5 -8.66025 6
    endloop
  endfacet
  facet normal 0 0 1
    outer loop
      vertex -7.07107 -7.07107 6
      vertex -5.65685 -5.65685 6
      vertex -6.34683 -4.87009 6
    endloop
  endfacet
  facet normal 0 0 1
    outer loop
      vertex -7.93353 -6.08761 6
      vertex -6.34683 -4.87009 6
      vertex -6.9282 -4 6
    endloop
  endfacet
  facet normal 0 0 1
    outer loop
      vertex -5.65685 -5.65685 6
      vertex -7.07107 -7.07107 6
      vertex -6.08761 -7.93353 6
    endloop
  endfacet
  facet normal 0 0 1
    outer loop
      vertex -8.66025 -5 6
      vertex -6.9282 -4 6
      vertex -7.39104 -3.06147 6
    endloop
  endfacet
  facet normal 0 0 1
    outer loop
      vertex -9.2388 -3.82683 6
      vertex -7.39104 -3.06147 6
      vertex -7.72741 -2.07055 6
    endloop
  endfacet
  facet normal 0 0 1
    outer loop
      vertex -9.65926 -2.58819 6
      vertex -7.72741 -2.07055 6
      vertex -7.93156 -1.04421 6
    endloop
  endfacet
  facet normal 0 0 1
    outer loop
      vertex -6.34683 -4.87009 6
      vertex -7.93353 -6.08761 6
      vertex -7.07107 -7.07107 6
    endloop
  endfacet
  facet normal 0 0 1
    outer loop
      vertex -9.91445 -1.30526 6
      vertex -7.93156 -1.04421 6
      vertex -8 0 6
    endloop
  endfacet
  facet normal 0 0 1
    outer loop
      vertex -7.72741 2.07055 6
      vertex -9.65926 2.58819 6
      vertex -7.93156 1.04421 6
    endloop
  endfacet
  facet normal 0 0 1
    outer loop
      vertex -6.9282 -4 6
      vertex -8.66025 -5 6
      vertex -7.93353 -6.08761 6
    endloop
  endfacet
  facet normal -0 0 1
    outer loop
      vertex -9.91445 1.30526 6
      vertex -7.93156 1.04421 6
      vertex -9.65926 2.58819 6
    endloop
  endfacet
  facet normal 0 0 1
    outer loop
      vertex -7.39104 -3.06147 6
      vertex -9.2388 -3.82683 6
      vertex -8.66025 -5 6
    endloop
  endfacet
  facet normal 0 0 1
    outer loop
      vertex -7.93156 1.04421 6
      vertex -9.91445 1.30526 6
      vertex -8 0 6
    endloop
  endfacet
  facet normal 0 0 1
    outer loop
      vertex -7.72741 -2.07055 6
      vertex -9.65926 -2.58819 6
      vertex -9.2388 -3.82683 6
    endloop
  endfacet
  facet normal 0 0 1
    outer loop
      vertex -10 0 6
      vertex -8 0 6
      vertex -9.91445 1.30526 6
    endloop
  endfacet
  facet normal 0 0 1
    outer loop
      vertex -7.93156 -1.04421 6
      vertex -9.91445 -1.30526 6
      vertex -9.65926 -2.58819 6
    endloop
  endfacet
  facet normal 0 0 1
    outer loop
      vertex -8 0 6
      vertex -10 0 6
      vertex -9.91445 -1.30526 6
    endloop
  endfacet
  facet normal 0.980785 -0.19509 0
    outer loop
      vertex 9.65926 -2.58819 6
      vertex 9.91445 -1.30526 3.6
      vertex 9.91445 -1.30526 6
    endloop
  endfacet
  facet normal 0.980785 -0.19509 0
    outer loop
      vertex 9.91445 -1.30526 3.6
      vertex 9.65926 -2.58819 6
      vertex 9.65926 -2.58819 3.6
    endloop
  endfacet
  facet normal -0.946931 -0.321438 0
    outer loop
      vertex -9.2388 -3.82683 3.6
      vertex -9.65926 -2.58819 6
      vertex -9.65926 -2.58819 3.6
    endloop
  endfacet
  facet normal -0.946931 -0.321438 0
    outer loop
      vertex -9.65926 -2.58819 6
      vertex -9.2388 -3.82683 3.6
      vertex -9.2388 -3.82683 6
    endloop
  endfacet
  facet normal 0.946931 -0.321438 0
    outer loop
      vertex 9.2388 -3.82683 6
      vertex 9.65926 -2.58819 3.6
      vertex 9.65926 -2.58819 6
    endloop
  endfacet
  facet normal 0.946931 -0.321438 0
    outer loop
      vertex 9.65926 -2.58819 3.6
      vertex 9.2388 -3.82683 6
      vertex 9.2388 -3.82683 3.6
    endloop
  endfacet
  facet normal 0.555571 0.831469 -0
    outer loop
      vertex 6.08761 7.93353 3.6
      vertex 5 8.66025 6
      vertex 6.08761 7.93353 6
    endloop
  endfacet
  facet normal 0.555571 0.831469 0
    outer loop
      vertex 5 8.66025 6
      vertex 6.08761 7.93353 3.6
      vertex 5 8.66025 3.6
    endloop
  endfacet
  facet normal 0.442293 0.896871 -0
    outer loop
      vertex 5 8.66025 3.6
      vertex 3.82683 9.2388 6
      vertex 5 8.66025 6
    endloop
  endfacet
  facet normal 0.442293 0.896871 0
    outer loop
      vertex 3.82683 9.2388 6
      vertex 5 8.66025 3.6
      vertex 3.82683 9.2388 3.6
    endloop
  endfacet
  facet normal -0.19509 0.980785 0
    outer loop
      vertex -1.30526 9.91445 3.6
      vertex -2.58819 9.65926 6
      vertex -1.30526 9.91445 6
    endloop
  endfacet
  facet normal -0.19509 0.980785 0
    outer loop
      vertex -2.58819 9.65926 6
      vertex -1.30526 9.91445 3.6
      vertex -2.58819 9.65926 3.6
    endloop
  endfacet
  facet normal -0.442293 -0.896871 0
    outer loop
      vertex -5 -8.66025 3.6
      vertex -3.82683 -9.2388 6
      vertex -5 -8.66025 6
    endloop
  endfacet
  facet normal -0.442293 -0.896871 -0
    outer loop
      vertex -3.82683 -9.2388 6
      vertex -5 -8.66025 3.6
      vertex -3.82683 -9.2388 3.6
    endloop
  endfacet
  facet normal -0.0654022 0.997859 0
    outer loop
      vertex 0 10 3.6
      vertex -1.30526 9.91445 6
      vertex 0 10 6
    endloop
  endfacet
  facet normal -0.0654022 0.997859 0
    outer loop
      vertex -1.30526 9.91445 6
      vertex 0 10 3.6
      vertex -1.30526 9.91445 3.6
    endloop
  endfacet
  facet normal -0.751844 0.659341 0
    outer loop
      vertex -7.93353 6.08761 3.6
      vertex -7.07107 7.07107 6
      vertex -7.07107 7.07107 3.6
    endloop
  endfacet
  facet normal -0.751844 0.659341 0
    outer loop
      vertex -7.07107 7.07107 6
      vertex -7.93353 6.08761 3.6
      vertex -7.93353 6.08761 6
    endloop
  endfacet
  facet normal 0.997859 -0.0654022 0
    outer loop
      vertex 9.91445 -1.30526 6
      vertex 10 0 3.6
      vertex 10 0 6
    endloop
  endfacet
  facet normal 0.997859 -0.0654022 0
    outer loop
      vertex 10 0 3.6
      vertex 9.91445 -1.30526 6
      vertex 9.91445 -1.30526 3.6
    endloop
  endfacet
  facet normal -0.946931 0.321438 0
    outer loop
      vertex -9.65926 2.58819 3.6
      vertex -9.2388 3.82683 6
      vertex -9.2388 3.82683 3.6
    endloop
  endfacet
  facet normal -0.946931 0.321438 0
    outer loop
      vertex -9.2388 3.82683 6
      vertex -9.65926 2.58819 3.6
      vertex -9.65926 2.58819 6
    endloop
  endfacet
  facet normal -0.659341 -0.751844 0
    outer loop
      vertex -7.07107 -7.07107 3.6
      vertex -6.08761 -7.93353 6
      vertex -7.07107 -7.07107 6
    endloop
  endfacet
  facet normal -0.659341 -0.751844 -0
    outer loop
      vertex -6.08761 -7.93353 6
      vertex -7.07107 -7.07107 3.6
      vertex -6.08761 -7.93353 3.6
    endloop
  endfacet
  facet normal 0 0 -1
    outer loop
      vertex 8 0 3.6
      vertex 10 0 3.6
      vertex 9.91445 -1.30526 3.6
    endloop
  endfacet
  facet normal 0 0 -1
    outer loop
      vertex 7.93156 -1.04421 3.6
      vertex 9.91445 -1.30526 3.6
      vertex 9.65926 -2.58819 3.6
    endloop
  endfacet
  facet normal 0 0 -1
    outer loop
      vertex 10 0 3.6
      vertex 8 0 3.6
      vertex 9.91445 1.30526 3.6
    endloop
  endfacet
  facet normal 0 0 -1
    outer loop
      vertex 7.72741 -2.07055 3.6
      vertex 9.65926 -2.58819 3.6
      vertex 9.2388 -3.82683 3.6
    endloop
  endfacet
  facet normal 0 0 -1
    outer loop
      vertex 7.93156 1.04421 3.6
      vertex 9.91445 1.30526 3.6
      vertex 8 0 3.6
    endloop
  endfacet
  facet normal 0 0 -1
    outer loop
      vertex 7.39104 -3.06147 3.6
      vertex 9.2388 -3.82683 3.6
      vertex 8.66025 -5 3.6
    endloop
  endfacet
  facet normal -0 0 -1
    outer loop
      vertex 9.91445 1.30526 3.6
      vertex 7.93156 1.04421 3.6
      vertex 9.65926 2.58819 3.6
    endloop
  endfacet
  facet normal 0 0 -1
    outer loop
      vertex 7.72741 2.07055 3.6
      vertex 9.65926 2.58819 3.6
      vertex 7.93156 1.04421 3.6
    endloop
  endfacet
  facet normal 0 0 -1
    outer loop
      vertex 6.9282 -4 3.6
      vertex 8.66025 -5 3.6
      vertex 7.93353 -6.08761 3.6
    endloop
  endfacet
  facet normal 0 0 -1
    outer loop
      vertex 9.91445 -1.30526 3.6
      vertex 7.93156 -1.04421 3.6
      vertex 8 0 3.6
    endloop
  endfacet
  facet normal 0 0 -1
    outer loop
      vertex 9.65926 -2.58819 3.6
      vertex 7.72741 -2.07055 3.6
      vertex 7.93156 -1.04421 3.6
    endloop
  endfacet
  facet normal 0 0 -1
    outer loop
      vertex 9.2388 -3.82683 3.6
      vertex 7.39104 -3.06147 3.6
      vertex 7.72741 -2.07055 3.6
    endloop
  endfacet
  facet normal 0 0 -1
    outer loop
      vertex 6.34683 -4.87009 3.6
      vertex 7.93353 -6.08761 3.6
      vertex 7.07107 -7.07107 3.6
    endloop
  endfacet
  facet normal 0 0 -1
    outer loop
      vertex 8.66025 -5 3.6
      vertex 6.9282 -4 3.6
      vertex 7.39104 -3.06147 3.6
    endloop
  endfacet
  facet normal 0 0 -1
    outer loop
      vertex 7.93353 -6.08761 3.6
      vertex 6.34683 -4.87009 3.6
      vertex 6.9282 -4 3.6
    endloop
  endfacet
  facet normal 0 0 -1
    outer loop
      vertex 5.65685 -5.65685 3.6
      vertex 7.07107 -7.07107 3.6
      vertex 6.08761 -7.93353 3.6
    endloop
  endfacet
  facet normal 0 0 -1
    outer loop
      vertex 7.07107 -7.07107 3.6
      vertex 5.65685 -5.65685 3.6
      vertex 6.34683 -4.87009 3.6
    endloop
  endfacet
  facet normal 0 0 -1
    outer loop
      vertex 4.87009 -6.34683 3.6
      vertex 6.08761 -7.93353 3.6
      vertex 5 -8.66025 3.6
    endloop
  endfacet
  facet normal 0 0 -1
    outer loop
      vertex 6.08761 -7.93353 3.6
      vertex 4.87009 -6.34683 3.6
      vertex 5.65685 -5.65685 3.6
    endloop
  endfacet
  facet normal 0 0 -1
    outer loop
      vertex 5 -8.66025 3.6
      vertex 4 -6.9282 3.6
      vertex 4.87009 -6.34683 3.6
    endloop
  endfacet
  facet normal 0 0 -1
    outer loop
      vertex 3.82683 -9.2388 3.6
      vertex 4 -6.9282 3.6
      vertex 5 -8.66025 3.6
    endloop
  endfacet
  facet normal 0 0 -1
    outer loop
      vertex 3.82683 -9.2388 3.6
      vertex 3.06147 -7.39104 3.6
      vertex 4 -6.9282 3.6
    endloop
  endfacet
  facet normal 0 0 -1
    outer loop
      vertex 2.58819 -9.65926 3.6
      vertex 3.06147 -7.39104 3.6
      vertex 3.82683 -9.2388 3.6
    endloop
  endfacet
  facet normal 0 0 -1
    outer loop
      vertex 2.58819 -9.65926 3.6
      vertex 2.07055 -7.72741 3.6
      vertex 3.06147 -7.39104 3.6
    endloop
  endfacet
  facet normal 0 0 -1
    outer loop
      vertex 1.30526 -9.91445 3.6
      vertex 2.07055 -7.72741 3.6
      vertex 2.58819 -9.65926 3.6
    endloop
  endfacet
  facet normal 0 0 -1
    outer loop
      vertex 1.30526 -9.91445 3.6
      vertex 1.04421 -7.93156 3.6
      vertex 2.07055 -7.72741 3.6
    endloop
  endfacet
  facet normal 0 0 -1
    outer loop
      vertex 0 -10 3.6
      vertex 1.04421 -7.93156 3.6
      vertex 1.30526 -9.91445 3.6
    endloop
  endfacet
  facet normal 0 0 -1
    outer loop
      vertex 0 -10 3.6
      vertex 0 -8 3.6
      vertex 1.04421 -7.93156 3.6
    endloop
  endfacet
  facet normal 0 0 -1
    outer loop
      vertex 0 -10 3.6
      vertex -1.04421 -7.93156 3.6
      vertex 0 -8 3.6
    endloop
  endfacet
  facet normal 0 0 -1
    outer loop
      vertex -1.30526 -9.91445 3.6
      vertex -1.04421 -7.93156 3.6
      vertex 0 -10 3.6
    endloop
  endfacet
  facet normal 0 0 -1
    outer loop
      vertex -1.30526 -9.91445 3.6
      vertex -2.07055 -7.72741 3.6
      vertex -1.04421 -7.93156 3.6
    endloop
  endfacet
  facet normal 0 0 -1
    outer loop
      vertex -2.58819 -9.65926 3.6
      vertex -2.07055 -7.72741 3.6
      vertex -1.30526 -9.91445 3.6
    endloop
  endfacet
  facet normal 0 0 -1
    outer loop
      vertex -2.58819 -9.65926 3.6
      vertex -3.06147 -7.39104 3.6
      vertex -2.07055 -7.72741 3.6
    endloop
  endfacet
  facet normal 0 0 -1
    outer loop
      vertex -3.82683 -9.2388 3.6
      vertex -3.06147 -7.39104 3.6
      vertex -2.58819 -9.65926 3.6
    endloop
  endfacet
  facet normal 0 0 -1
    outer loop
      vertex -3.82683 -9.2388 3.6
      vertex -4 -6.9282 3.6
      vertex -3.06147 -7.39104 3.6
    endloop
  endfacet
  facet normal 0 0 -1
    outer loop
      vertex -5 -8.66025 3.6
      vertex -4 -6.9282 3.6
      vertex -3.82683 -9.2388 3.6
    endloop
  endfacet
  facet normal -0 0 -1
    outer loop
      vertex -4 -6.9282 3.6
      vertex -5 -8.66025 3.6
      vertex -4.87009 -6.34683 3.6
    endloop
  endfacet
  facet normal 0 0 -1
    outer loop
      vertex -6.08761 -7.93353 3.6
      vertex -4.87009 -6.34683 3.6
      vertex -5 -8.66025 3.6
    endloop
  endfacet
  facet normal -0 0 -1
    outer loop
      vertex -4.87009 -6.34683 3.6
      vertex -6.08761 -7.93353 3.6
      vertex -5.65685 -5.65685 3.6
    endloop
  endfacet
  facet normal 0 0 -1
    outer loop
      vertex -7.07107 -7.07107 3.6
      vertex -5.65685 -5.65685 3.6
      vertex -6.08761 -7.93353 3.6
    endloop
  endfacet
  facet normal -0 0 -1
    outer loop
      vertex -5.65685 -5.65685 3.6
      vertex -7.07107 -7.07107 3.6
      vertex -6.34683 -4.87009 3.6
    endloop
  endfacet
  facet normal 0 0 -1
    outer loop
      vertex -7.93353 -6.08761 3.6
      vertex -6.34683 -4.87009 3.6
      vertex -7.07107 -7.07107 3.6
    endloop
  endfacet
  facet normal -0 0 -1
    outer loop
      vertex -6.34683 -4.87009 3.6
      vertex -7.93353 -6.08761 3.6
      vertex -6.9282 -4 3.6
    endloop
  endfacet
  facet normal 0 0 -1
    outer loop
      vertex -8.66025 -5 3.6
      vertex -6.9282 -4 3.6
      vertex -7.93353 -6.08761 3.6
    endloop
  endfacet
  facet normal -0 0 -1
    outer loop
      vertex -6.9282 -4 3.6
      vertex -8.66025 -5 3.6
      vertex -7.39104 -3.06147 3.6
    endloop
  endfacet
  facet normal 0 0 -1
    outer loop
      vertex -9.2388 -3.82683 3.6
      vertex -7.39104 -3.06147 3.6
      vertex -8.66025 -5 3.6
    endloop
  endfacet
  facet normal -0 0 -1
    outer loop
      vertex -7.39104 -3.06147 3.6
      vertex -9.2388 -3.82683 3.6
      vertex -7.72741 -2.07055 3.6
    endloop
  endfacet
  facet normal 0 0 -1
    outer loop
      vertex -9.65926 -2.58819 3.6
      vertex -7.72741 -2.07055 3.6
      vertex -9.2388 -3.82683 3.6
    endloop
  endfacet
  facet normal -0 0 -1
    outer loop
      vertex 9.65926 2.58819 3.6
      vertex 7.72741 2.07055 3.6
      vertex 9.2388 3.82683 3.6
    endloop
  endfacet
  facet normal 0 0 -1
    outer loop
      vertex 7.39104 3.06147 3.6
      vertex 9.2388 3.82683 3.6
      vertex 7.72741 2.07055 3.6
    endloop
  endfacet
  facet normal -0 0 -1
    outer loop
      vertex 9.2388 3.82683 3.6
      vertex 7.39104 3.06147 3.6
      vertex 8.66025 5 3.6
    endloop
  endfacet
  facet normal 0 0 -1
    outer loop
      vertex 6.9282 4 3.6
      vertex 8.66025 5 3.6
      vertex 7.39104 3.06147 3.6
    endloop
  endfacet
  facet normal -0 0 -1
    outer loop
      vertex 8.66025 5 3.6
      vertex 6.9282 4 3.6
      vertex 7.93353 6.08761 3.6
    endloop
  endfacet
  facet normal 0 0 -1
    outer loop
      vertex 6.34683 4.87009 3.6
      vertex 7.93353 6.08761 3.6
      vertex 6.9282 4 3.6
    endloop
  endfacet
  facet normal -0 0 -1
    outer loop
      vertex 7.93353 6.08761 3.6
      vertex 6.34683 4.87009 3.6
      vertex 7.07107 7.07107 3.6
    endloop
  endfacet
  facet normal 0 0 -1
    outer loop
      vertex 5.65685 5.65685 3.6
      vertex 7.07107 7.07107 3.6
      vertex 6.34683 4.87009 3.6
    endloop
  endfacet
  facet normal -0 0 -1
    outer loop
      vertex 7.07107 7.07107 3.6
      vertex 5.65685 5.65685 3.6
      vertex 6.08761 7.93353 3.6
    endloop
  endfacet
  facet normal 0 0 -1
    outer loop
      vertex 4.87009 6.34683 3.6
      vertex 6.08761 7.93353 3.6
      vertex 5.65685 5.65685 3.6
    endloop
  endfacet
  facet normal -0 0 -1
    outer loop
      vertex 6.08761 7.93353 3.6
      vertex 4.87009 6.34683 3.6
      vertex 5 8.66025 3.6
    endloop
  endfacet
  facet normal 0 0 -1
    outer loop
      vertex 4 6.9282 3.6
      vertex 5 8.66025 3.6
      vertex 4.87009 6.34683 3.6
    endloop
  endfacet
  facet normal 0 0 -1
    outer loop
      vertex 4 6.9282 3.6
      vertex 3.82683 9.2388 3.6
      vertex 5 8.66025 3.6
    endloop
  endfacet
  facet normal 0 0 -1
    outer loop
      vertex 3.06147 7.39104 3.6
      vertex 3.82683 9.2388 3.6
      vertex 4 6.9282 3.6
    endloop
  endfacet
  facet normal 0 0 -1
    outer loop
      vertex 3.06147 7.39104 3.6
      vertex 2.58819 9.65926 3.6
      vertex 3.82683 9.2388 3.6
    endloop
  endfacet
  facet normal 0 0 -1
    outer loop
      vertex 2.07055 7.72741 3.6
      vertex 2.58819 9.65926 3.6
      vertex 3.06147 7.39104 3.6
    endloop
  endfacet
  facet normal 0 0 -1
    outer loop
      vertex 2.07055 7.72741 3.6
      vertex 1.30526 9.91445 3.6
      vertex 2.58819 9.65926 3.6
    endloop
  endfacet
  facet normal 0 0 -1
    outer loop
      vertex 1.04421 7.93156 3.6
      vertex 1.30526 9.91445 3.6
      vertex 2.07055 7.72741 3.6
    endloop
  endfacet
  facet normal 0 0 -1
    outer loop
      vertex 0 8 3.6
      vertex 1.30526 9.91445 3.6
      vertex 1.04421 7.93156 3.6
    endloop
  endfacet
  facet normal 0 0 -1
    outer loop
      vertex 0 8 3.6
      vertex 0 10 3.6
      vertex 1.30526 9.91445 3.6
    endloop
  endfacet
  facet normal 0 0 -1
    outer loop
      vertex -1.04421 7.93156 3.6
      vertex 0 10 3.6
      vertex 0 8 3.6
    endloop
  endfacet
  facet normal 0 0 -1
    outer loop
      vertex -1.04421 7.93156 3.6
      vertex -1.30526 9.91445 3.6
      vertex 0 10 3.6
    endloop
  endfacet
  facet normal 0 0 -1
    outer loop
      vertex -2.07055 7.72741 3.6
      vertex -1.30526 9.91445 3.6
      vertex -1.04421 7.93156 3.6
    endloop
  endfacet
  facet normal 0 0 -1
    outer loop
      vertex -2.07055 7.72741 3.6
      vertex -2.58819 9.65926 3.6
      vertex -1.30526 9.91445 3.6
    endloop
  endfacet
  facet normal 0 0 -1
    outer loop
      vertex -3.06147 7.39104 3.6
      vertex -2.58819 9.65926 3.6
      vertex -2.07055 7.72741 3.6
    endloop
  endfacet
  facet normal 0 0 -1
    outer loop
      vertex -3.06147 7.39104 3.6
      vertex -3.82683 9.2388 3.6
      vertex -2.58819 9.65926 3.6
    endloop
  endfacet
  facet normal 0 0 -1
    outer loop
      vertex -4 6.9282 3.6
      vertex -3.82683 9.2388 3.6
      vertex -3.06147 7.39104 3.6
    endloop
  endfacet
  facet normal 0 0 -1
    outer loop
      vertex -5 8.66025 3.6
      vertex -4 6.9282 3.6
      vertex -4.87009 6.34683 3.6
    endloop
  endfacet
  facet normal 0 0 -1
    outer loop
      vertex -4 6.9282 3.6
      vertex -5 8.66025 3.6
      vertex -3.82683 9.2388 3.6
    endloop
  endfacet
  facet normal 0 0 -1
    outer loop
      vertex -6.08761 7.93353 3.6
      vertex -4.87009 6.34683 3.6
      vertex -5.65685 5.65685 3.6
    endloop
  endfacet
  facet normal 0 0 -1
    outer loop
      vertex -4.87009 6.34683 3.6
      vertex -6.08761 7.93353 3.6
      vertex -5 8.66025 3.6
    endloop
  endfacet
  facet normal 0 0 -1
    outer loop
      vertex -7.07107 7.07107 3.6
      vertex -5.65685 5.65685 3.6
      vertex -6.34683 4.87009 3.6
    endloop
  endfacet
  facet normal 0 0 -1
    outer loop
      vertex -7.93353 6.08761 3.6
      vertex -6.34683 4.87009 3.6
      vertex -6.9282 4 3.6
    endloop
  endfacet
  facet normal 0 0 -1
    outer loop
      vertex -5.65685 5.65685 3.6
      vertex -7.07107 7.07107 3.6
      vertex -6.08761 7.93353 3.6
    endloop
  endfacet
  facet normal 0 0 -1
    outer loop
      vertex -8.66025 5 3.6
      vertex -6.9282 4 3.6
      vertex -7.39104 3.06147 3.6
    endloop
  endfacet
  facet normal 0 0 -1
    outer loop
      vertex -9.2388 3.82683 3.6
      vertex -7.39104 3.06147 3.6
      vertex -7.72741 2.07055 3.6
    endloop
  endfacet
  facet normal 0 0 -1
    outer loop
      vertex -9.65926 2.58819 3.6
      vertex -7.72741 2.07055 3.6
      vertex -7.93156 1.04421 3.6
    endloop
  endfacet
  facet normal 0 0 -1
    outer loop
      vertex -6.34683 4.87009 3.6
      vertex -7.93353 6.08761 3.6
      vertex -7.07107 7.07107 3.6
    endloop
  endfacet
  facet normal 0 0 -1
    outer loop
      vertex -9.91445 1.30526 3.6
      vertex -7.93156 1.04421 3.6
      vertex -8 0 3.6
    endloop
  endfacet
  facet normal -0 0 -1
    outer loop
      vertex -7.72741 -2.07055 3.6
      vertex -9.65926 -2.58819 3.6
      vertex -7.93156 -1.04421 3.6
    endloop
  endfacet
  facet normal 0 0 -1
    outer loop
      vertex -6.9282 4 3.6
      vertex -8.66025 5 3.6
      vertex -7.93353 6.08761 3.6
    endloop
  endfacet
  facet normal 0 0 -1
    outer loop
      vertex -9.91445 -1.30526 3.6
      vertex -7.93156 -1.04421 3.6
      vertex -9.65926 -2.58819 3.6
    endloop
  endfacet
  facet normal 0 0 -1
    outer loop
      vertex -7.39104 3.06147 3.6
      vertex -9.2388 3.82683 3.6
      vertex -8.66025 5 3.6
    endloop
  endfacet
  facet normal -0 0 -1
    outer loop
      vertex -7.93156 -1.04421 3.6
      vertex -9.91445 -1.30526 3.6
      vertex -8 0 3.6
    endloop
  endfacet
  facet normal 0 0 -1
    outer loop
      vertex -7.72741 2.07055 3.6
      vertex -9.65926 2.58819 3.6
      vertex -9.2388 3.82683 3.6
    endloop
  endfacet
  facet normal 0 0 -1
    outer loop
      vertex -10 0 3.6
      vertex -8 0 3.6
      vertex -9.91445 -1.30526 3.6
    endloop
  endfacet
  facet normal 0 0 -1
    outer loop
      vertex -7.93156 1.04421 3.6
      vertex -9.91445 1.30526 3.6
      vertex -9.65926 2.58819 3.6
    endloop
  endfacet
  facet normal 0 0 -1
    outer loop
      vertex -8 0 3.6
      vertex -10 0 3.6
      vertex -9.91445 1.30526 3.6
    endloop
  endfacet
  facet normal 0.0654022 0.997859 -0
    outer loop
      vertex 1.30526 9.91445 3.6
      vertex 0 10 6
      vertex 1.30526 9.91445 6
    endloop
  endfacet
  facet normal 0.0654022 0.997859 0
    outer loop
      vertex 0 10 6
      vertex 1.30526 9.91445 3.6
      vertex 0 10 3.6
    endloop
  endfacet
  facet normal 0.831469 0.555571 0
    outer loop
      vertex 8.66025 5 6
      vertex 7.93353 6.08761 3.6
      vertex 7.93353 6.08761 6
    endloop
  endfacet
  facet normal 0.831469 0.555571 0
    outer loop
      vertex 7.93353 6.08761 3.6
      vertex 8.66025 5 6
      vertex 8.66025 5 3.6
    endloop
  endfacet
  facet normal -0.896871 -0.442293 0
    outer loop
      vertex -8.66025 -5 3.6
      vertex -9.2388 -3.82683 6
      vertex -9.2388 -3.82683 3.6
    endloop
  endfacet
  facet normal -0.896871 -0.442293 0
    outer loop
      vertex -9.2388 -3.82683 6
      vertex -8.66025 -5 3.6
      vertex -8.66025 -5 6
    endloop
  endfacet
  facet normal 0.831469 -0.555571 0
    outer loop
      vertex 7.93353 -6.08761 6
      vertex 8.66025 -5 3.6
      vertex 8.66025 -5 6
    endloop
  endfacet
  facet normal 0.831469 -0.555571 0
    outer loop
      vertex 8.66025 -5 3.6
      vertex 7.93353 -6.08761 6
      vertex 7.93353 -6.08761 3.6
    endloop
  endfacet
  facet normal -0.0654022 -0.997859 0
    outer loop
      vertex -1.30526 -9.91445 3.6
      vertex 0 -10 6
      vertex -1.30526 -9.91445 6
    endloop
  endfacet
  facet normal -0.0654022 -0.997859 -0
    outer loop
      vertex 0 -10 6
      vertex -1.30526 -9.91445 3.6
      vertex 0 -10 3.6
    endloop
  endfacet
  facet normal -0.980785 0.19509 0
    outer loop
      vertex -9.91445 1.30526 3.6
      vertex -9.65926 2.58819 6
      vertex -9.65926 2.58819 3.6
    endloop
  endfacet
  facet normal -0.980785 0.19509 0
    outer loop
      vertex -9.65926 2.58819 6
      vertex -9.91445 1.30526 3.6
      vertex -9.91445 1.30526 6
    endloop
  endfacet
  facet normal -0.555571 -0.831469 0
    outer loop
      vertex -6.08761 -7.93353 3.6
      vertex -5 -8.66025 6
      vertex -6.08761 -7.93353 6
    endloop
  endfacet
  facet normal -0.555571 -0.831469 -0
    outer loop
      vertex -5 -8.66025 6
      vertex -6.08761 -7.93353 3.6
      vertex -5 -8.66025 3.6
    endloop
  endfacet
  facet normal -0.555571 0.831469 0
    outer loop
      vertex -5 8.66025 3.6
      vertex -6.08761 7.93353 6
      vertex -5 8.66025 6
    endloop
  endfacet
  facet normal -0.555571 0.831469 0
    outer loop
      vertex -6.08761 7.93353 6
      vertex -5 8.66025 3.6
      vertex -6.08761 7.93353 3.6
    endloop
  endfacet
  facet normal -0.19509 -0.980785 0
    outer loop
      vertex -2.58819 -9.65926 3.6
      vertex -1.30526 -9.91445 6
      vertex -2.58819 -9.65926 6
    endloop
  endfacet
  facet normal -0.19509 -0.980785 -0
    outer loop
      vertex -1.30526 -9.91445 6
      vertex -2.58819 -9.65926 3.6
      vertex -1.30526 -9.91445 3.6
    endloop
  endfacet
  facet normal -0.980785 -0.19509 0
    outer loop
      vertex -9.65926 -2.58819 3.6
      vertex -9.91445 -1.30526 6
      vertex -9.91445 -1.30526 3.6
    endloop
  endfacet
  facet normal -0.980785 -0.19509 0
    outer loop
      vertex -9.91445 -1.30526 6
      vertex -9.65926 -2.58819 3.6
      vertex -9.65926 -2.58819 6
    endloop
  endfacet
  facet normal -0.751844 -0.659341 0
    outer loop
      vertex -7.07107 -7.07107 3.6
      vertex -7.93353 -6.08761 6
      vertex -7.93353 -6.08761 3.6
    endloop
  endfacet
  facet normal -0.751844 -0.659341 0
    outer loop
      vertex -7.93353 -6.08761 6
      vertex -7.07107 -7.07107 3.6
      vertex -7.07107 -7.07107 6
    endloop
  endfacet
  facet normal 0.555571 -0.831469 0
    outer loop
      vertex 5 -8.66025 3.6
      vertex 6.08761 -7.93353 6
      vertex 5 -8.66025 6
    endloop
  endfacet
  facet normal 0.555571 -0.831469 0
    outer loop
      vertex 6.08761 -7.93353 6
      vertex 5 -8.66025 3.6
      vertex 6.08761 -7.93353 3.6
    endloop
  endfacet
  facet normal -0.831469 0.555571 0
    outer loop
      vertex -8.66025 5 3.6
      vertex -7.93353 6.08761 6
      vertex -7.93353 6.08761 3.6
    endloop
  endfacet
  facet normal -0.831469 0.555571 0
    outer loop
      vertex -7.93353 6.08761 6
      vertex -8.66025 5 3.6
      vertex -8.66025 5 6
    endloop
  endfacet
  facet normal 0.980785 0.19509 0
    outer loop
      vertex 9.91445 1.30526 9.6
      vertex 9.65926 2.58819 7.2
      vertex 9.65926 2.58819 9.6
    endloop
  endfacet
  facet normal 0.980785 0.19509 0
    outer loop
      vertex 9.65926 2.58819 7.2
      vertex 9.91445 1.30526 9.6
      vertex 9.91445 1.30526 7.2
    endloop
  endfacet
  facet normal 0.997859 0.0654022 0
    outer loop
      vertex 10 0 9.6
      vertex 9.91445 1.30526 7.2
      vertex 9.91445 1.30526 9.6
    endloop
  endfacet
  facet normal 0.997859 0.0654022 0
    outer loop
      vertex 9.91445 1.30526 7.2
      vertex 10 0 9.6
      vertex 10 0 7.2
    endloop
  endfacet
  facet normal 0.946931 0.321438 0
    outer loop
      vertex 9.65926 2.58819 9.6
      vertex 9.2388 3.82683 7.2
      vertex 9.2388 3.82683 9.6
    endloop
  endfacet
  facet normal 0.946931 0.321438 0
    outer loop
      vertex 9.2388 3.82683 7.2
      vertex 9.65926 2.58819 9.6
      vertex 9.65926 2.58819 7.2
    endloop
  endfacet
  facet normal 0.321438 0.946931 -0
    outer loop
      vertex 3.82683 9.2388 7.2
      vertex 2.58819 9.65926 9.6
      vertex 3.82683 9.2388 9.6
    endloop
  endfacet
  facet normal 0.321438 0.946931 0
    outer loop
      vertex 2.58819 9.65926 9.6
      vertex 3.82683 9.2388 7.2
      vertex 2.58819 9.65926 7.2
    endloop
  endfacet
  facet normal 0.19509 0.980785 -0
    outer loop
      vertex 2.58819 9.65926 7.2
      vertex 1.30526 9.91445 9.6
      vertex 2.58819 9.65926 9.6
    endloop
  endfacet
  facet normal 0.19509 0.980785 0
    outer loop
      vertex 1.30526 9.91445 9.6
      vertex 2.58819 9.65926 7.2
      vertex 1.30526 9.91445 7.2
    endloop
  endfacet
  facet normal 0.896871 0.442293 0
    outer loop
      vertex 9.2388 3.82683 9.6
      vertex 8.66025 5 7.2
      vertex 8.66025 5 9.6
    endloop
  endfacet
  facet normal 0.896871 0.442293 0
    outer loop
      vertex 8.66025 5 7.2
      vertex 9.2388 3.82683 9.6
      vertex 9.2388 3.82683 7.2
    endloop
  endfacet
  facet normal 0.19509 -0.980785 0
    outer loop
      vertex 1.30526 -9.91445 7.2
      vertex 2.58819 -9.65926 9.6
      vertex 1.30526 -9.91445 9.6
    endloop
  endfacet
  facet normal 0.19509 -0.980785 0
    outer loop
      vertex 2.58819 -9.65926 9.6
      vertex 1.30526 -9.91445 7.2
      vertex 2.58819 -9.65926 7.2
    endloop
  endfacet
  facet normal 0.0654022 -0.997859 0
    outer loop
      vertex 0 -10 7.2
      vertex 1.30526 -9.91445 9.6
      vertex 0 -10 9.6
    endloop
  endfacet
  facet normal 0.0654022 -0.997859 0
    outer loop
      vertex 1.30526 -9.91445 9.6
      vertex 0 -10 7.2
      vertex 1.30526 -9.91445 7.2
    endloop
  endfacet
  facet normal 0.659341 0.751844 -0
    outer loop
      vertex 7.07107 7.07107 7.2
      vertex 6.08761 7.93353 9.6
      vertex 7.07107 7.07107 9.6
    endloop
  endfacet
  facet normal 0.659341 0.751844 0
    outer loop
      vertex 6.08761 7.93353 9.6
      vertex 7.07107 7.07107 7.2
      vertex 6.08761 7.93353 7.2
    endloop
  endfacet
  facet normal 0.896871 -0.442293 0
    outer loop
      vertex 8.66025 -5 9.6
      vertex 9.2388 -3.82683 7.2
      vertex 9.2388 -3.82683 9.6
    endloop
  endfacet
  facet normal 0.896871 -0.442293 0
    outer loop
      vertex 9.2388 -3.82683 7.2
      vertex 8.66025 -5 9.6
      vertex 8.66025 -5 7.2
    endloop
  endfacet
  facet normal -0.19509 -0.980785 0
    outer loop
      vertex -2.58819 -9.65926 7.2
      vertex -1.30526 -9.91445 9.6
      vertex -2.58819 -9.65926 9.6
    endloop
  endfacet
  facet normal -0.19509 -0.980785 -0
    outer loop
      vertex -1.30526 -9.91445 9.6
      vertex -2.58819 -9.65926 7.2
      vertex -1.30526 -9.91445 7.2
    endloop
  endfacet
  facet normal -0.896871 0.442293 0
    outer loop
      vertex -9.2388 3.82683 7.2
      vertex -8.66025 5 9.6
      vertex -8.66025 5 7.2
    endloop
  endfacet
  facet normal -0.896871 0.442293 0
    outer loop
      vertex -8.66025 5 9.6
      vertex -9.2388 3.82683 7.2
      vertex -9.2388 3.82683 9.6
    endloop
  endfacet
  facet normal 0.659341 -0.751844 0
    outer loop
      vertex 6.08761 -7.93353 7.2
      vertex 7.07107 -7.07107 9.6
      vertex 6.08761 -7.93353 9.6
    endloop
  endfacet
  facet normal 0.659341 -0.751844 0
    outer loop
      vertex 7.07107 -7.07107 9.6
      vertex 6.08761 -7.93353 7.2
      vertex 7.07107 -7.07107 7.2
    endloop
  endfacet
  facet normal 0.751844 -0.659341 0
    outer loop
      vertex 7.07107 -7.07107 9.6
      vertex 7.93353 -6.08761 7.2
      vertex 7.93353 -6.08761 9.6
    endloop
  endfacet
  facet normal 0.751844 -0.659341 0
    outer loop
      vertex 7.93353 -6.08761 7.2
      vertex 7.07107 -7.07107 9.6
      vertex 7.07107 -7.07107 7.2
    endloop
  endfacet
  facet normal 0.321438 -0.946931 0
    outer loop
      vertex 2.58819 -9.65926 7.2
      vertex 3.82683 -9.2388 9.6
      vertex 2.58819 -9.65926 9.6
    endloop
  endfacet
  facet normal 0.321438 -0.946931 0
    outer loop
      vertex 3.82683 -9.2388 9.6
      vertex 2.58819 -9.65926 7.2
      vertex 3.82683 -9.2388 7.2
    endloop
  endfacet
  facet normal -0.997859 -0.0654022 0
    outer loop
      vertex -9.91445 -1.30526 7.2
      vertex -10 0 9.6
      vertex -10 0 7.2
    endloop
  endfacet
  facet normal -0.997859 -0.0654022 0
    outer loop
      vertex -10 0 9.6
      vertex -9.91445 -1.30526 7.2
      vertex -9.91445 -1.30526 9.6
    endloop
  endfacet
  facet normal -0.659341 0.751844 0
    outer loop
      vertex -6.08761 7.93353 7.2
      vertex -7.07107 7.07107 9.6
      vertex -6.08761 7.93353 9.6
    endloop
  endfacet
  facet normal -0.659341 0.751844 0
    outer loop
      vertex -7.07107 7.07107 9.6
      vertex -6.08761 7.93353 7.2
      vertex -7.07107 7.07107 7.2
    endloop
  endfacet
  facet normal -0.321438 0.946931 0
    outer loop
      vertex -2.58819 9.65926 7.2
      vertex -3.82683 9.2388 9.6
      vertex -2.58819 9.65926 9.6
    endloop
  endfacet
  facet normal -0.321438 0.946931 0
    outer loop
      vertex -3.82683 9.2388 9.6
      vertex -2.58819 9.65926 7.2
      vertex -3.82683 9.2388 7.2
    endloop
  endfacet
  facet normal -0.831469 -0.555571 0
    outer loop
      vertex -7.93353 -6.08761 7.2
      vertex -8.66025 -5 9.6
      vertex -8.66025 -5 7.2
    endloop
  endfacet
  facet normal -0.831469 -0.555571 0
    outer loop
      vertex -8.66025 -5 9.6
      vertex -7.93353 -6.08761 7.2
      vertex -7.93353 -6.08761 9.6
    endloop
  endfacet
  facet normal 0.751844 0.659341 0
    outer loop
      vertex 7.93353 6.08761 9.6
      vertex 7.07107 7.07107 7.2
      vertex 7.07107 7.07107 9.6
    endloop
  endfacet
  facet normal 0.751844 0.659341 0
    outer loop
      vertex 7.07107 7.07107 7.2
      vertex 7.93353 6.08761 9.6
      vertex 7.93353 6.08761 7.2
    endloop
  endfacet
  facet normal -0.321438 -0.946931 0
    outer loop
      vertex -3.82683 -9.2388 7.2
      vertex -2.58819 -9.65926 9.6
      vertex -3.82683 -9.2388 9.6
    endloop
  endfacet
  facet normal -0.321438 -0.946931 -0
    outer loop
      vertex -2.58819 -9.65926 9.6
      vertex -3.82683 -9.2388 7.2
      vertex -2.58819 -9.65926 7.2
    endloop
  endfacet
  facet normal 0.442293 -0.896871 0
    outer loop
      vertex 3.82683 -9.2388 7.2
      vertex 5 -8.66025 9.6
      vertex 3.82683 -9.2388 9.6
    endloop
  endfacet
  facet normal 0.442293 -0.896871 0
    outer loop
      vertex 5 -8.66025 9.6
      vertex 3.82683 -9.2388 7.2
      vertex 5 -8.66025 7.2
    endloop
  endfacet
  facet normal -0.442293 0.896871 0
    outer loop
      vertex -3.82683 9.2388 7.2
      vertex -5 8.66025 9.6
      vertex -3.82683 9.2388 9.6
    endloop
  endfacet
  facet normal -0.442293 0.896871 0
    outer loop
      vertex -5 8.66025 9.6
      vertex -3.82683 9.2388 7.2
      vertex -5 8.66025 7.2
    endloop
  endfacet
  facet normal 0 0 1
    outer loop
      vertex 8 0 9.6
      vertex 10 0 9.6
      vertex 9.91445 1.30526 9.6
    endloop
  endfacet
  facet normal 0 0 1
    outer loop
      vertex 7.93156 1.04421 9.6
      vertex 9.91445 1.30526 9.6
      vertex 9.65926 2.58819 9.6
    endloop
  endfacet
  facet normal 0 0 1
    outer loop
      vertex 10 0 9.6
      vertex 8 0 9.6
      vertex 9.91445 -1.30526 9.6
    endloop
  endfacet
  facet normal 0 0 1
    outer loop
      vertex 7.72741 2.07055 9.6
      vertex 9.65926 2.58819 9.6
      vertex 9.2388 3.82683 9.6
    endloop
  endfacet
  facet normal -0 0 1
    outer loop
      vertex 7.93156 -1.04421 9.6
      vertex 9.91445 -1.30526 9.6
      vertex 8 0 9.6
    endloop
  endfacet
  facet normal 0 0 1
    outer loop
      vertex 7.39104 3.06147 9.6
      vertex 9.2388 3.82683 9.6
      vertex 8.66025 5 9.6
    endloop
  endfacet
  facet normal 0 0 1
    outer loop
      vertex 9.91445 -1.30526 9.6
      vertex 7.93156 -1.04421 9.6
      vertex 9.65926 -2.58819 9.6
    endloop
  endfacet
  facet normal -0 0 1
    outer loop
      vertex 7.72741 -2.07055 9.6
      vertex 9.65926 -2.58819 9.6
      vertex 7.93156 -1.04421 9.6
    endloop
  endfacet
  facet normal 0 0 1
    outer loop
      vertex 6.9282 4 9.6
      vertex 8.66025 5 9.6
      vertex 7.93353 6.08761 9.6
    endloop
  endfacet
  facet normal 0 0 1
    outer loop
      vertex 9.91445 1.30526 9.6
      vertex 7.93156 1.04421 9.6
      vertex 8 0 9.6
    endloop
  endfacet
  facet normal 0 0 1
    outer loop
      vertex 9.65926 2.58819 9.6
      vertex 7.72741 2.07055 9.6
      vertex 7.93156 1.04421 9.6
    endloop
  endfacet
  facet normal 0 0 1
    outer loop
      vertex 9.2388 3.82683 9.6
      vertex 7.39104 3.06147 9.6
      vertex 7.72741 2.07055 9.6
    endloop
  endfacet
  facet normal 0 0 1
    outer loop
      vertex 6.34683 4.87009 9.6
      vertex 7.93353 6.08761 9.6
      vertex 7.07107 7.07107 9.6
    endloop
  endfacet
  facet normal 0 0 1
    outer loop
      vertex 8.66025 5 9.6
      vertex 6.9282 4 9.6
      vertex 7.39104 3.06147 9.6
    endloop
  endfacet
  facet normal 0 0 1
    outer loop
      vertex 7.93353 6.08761 9.6
      vertex 6.34683 4.87009 9.6
      vertex 6.9282 4 9.6
    endloop
  endfacet
  facet normal 0 0 1
    outer loop
      vertex 5.65685 5.65685 9.6
      vertex 7.07107 7.07107 9.6
      vertex 6.08761 7.93353 9.6
    endloop
  endfacet
  facet normal 0 0 1
    outer loop
      vertex 7.07107 7.07107 9.6
      vertex 5.65685 5.65685 9.6
      vertex 6.34683 4.87009 9.6
    endloop
  endfacet
  facet normal 0 0 1
    outer loop
      vertex 4.87009 6.34683 9.6
      vertex 6.08761 7.93353 9.6
      vertex 5 8.66025 9.6
    endloop
  endfacet
  facet normal 0 0 1
    outer loop
      vertex 6.08761 7.93353 9.6
      vertex 4.87009 6.34683 9.6
      vertex 5.65685 5.65685 9.6
    endloop
  endfacet
  facet normal 0 0 1
    outer loop
      vertex 5 8.66025 9.6
      vertex 4 6.9282 9.6
      vertex 4.87009 6.34683 9.6
    endloop
  endfacet
  facet normal 0 0 1
    outer loop
      vertex 3.82683 9.2388 9.6
      vertex 4 6.9282 9.6
      vertex 5 8.66025 9.6
    endloop
  endfacet
  facet normal 0 0 1
    outer loop
      vertex 3.82683 9.2388 9.6
      vertex 3.06147 7.39104 9.6
      vertex 4 6.9282 9.6
    endloop
  endfacet
  facet normal 0 0 1
    outer loop
      vertex 2.58819 9.65926 9.6
      vertex 3.06147 7.39104 9.6
      vertex 3.82683 9.2388 9.6
    endloop
  endfacet
  facet normal 0 0 1
    outer loop
      vertex 2.58819 9.65926 9.6
      vertex 2.07055 7.72741 9.6
      vertex 3.06147 7.39104 9.6
    endloop
  endfacet
  facet normal 0 0 1
    outer loop
      vertex 1.30526 9.91445 9.6
      vertex 2.07055 7.72741 9.6
      vertex 2.58819 9.65926 9.6
    endloop
  endfacet
  facet normal 0 0 1
    outer loop
      vertex 1.30526 9.91445 9.6
      vertex 1.04421 7.93156 9.6
      vertex 2.07055 7.72741 9.6
    endloop
  endfacet
  facet normal 0 0 1
    outer loop
      vertex 0 10 9.6
      vertex 1.04421 7.93156 9.6
      vertex 1.30526 9.91445 9.6
    endloop
  endfacet
  facet normal 0 0 1
    outer loop
      vertex 0 10 9.6
      vertex 0 8 9.6
      vertex 1.04421 7.93156 9.6
    endloop
  endfacet
  facet normal 0 0 1
    outer loop
      vertex 0 10 9.6
      vertex -1.04421 7.93156 9.6
      vertex 0 8 9.6
    endloop
  endfacet
  facet normal -0 0 1
    outer loop
      vertex -1.30526 9.91445 9.6
      vertex -1.04421 7.93156 9.6
      vertex 0 10 9.6
    endloop
  endfacet
  facet normal 0 0 1
    outer loop
      vertex -1.30526 9.91445 9.6
      vertex -2.07055 7.72741 9.6
      vertex -1.04421 7.93156 9.6
    endloop
  endfacet
  facet normal -0 0 1
    outer loop
      vertex -2.58819 9.65926 9.6
      vertex -2.07055 7.72741 9.6
      vertex -1.30526 9.91445 9.6
    endloop
  endfacet
  facet normal 0 0 1
    outer loop
      vertex -2.58819 9.65926 9.6
      vertex -3.06147 7.39104 9.6
      vertex -2.07055 7.72741 9.6
    endloop
  endfacet
  facet normal -0 0 1
    outer loop
      vertex -3.82683 9.2388 9.6
      vertex -3.06147 7.39104 9.6
      vertex -2.58819 9.65926 9.6
    endloop
  endfacet
  facet normal 0 0 1
    outer loop
      vertex -3.82683 9.2388 9.6
      vertex -4 6.9282 9.6
      vertex -3.06147 7.39104 9.6
    endloop
  endfacet
  facet normal -0 0 1
    outer loop
      vertex -5 8.66025 9.6
      vertex -4 6.9282 9.6
      vertex -3.82683 9.2388 9.6
    endloop
  endfacet
  facet normal 0 0 1
    outer loop
      vertex -4 6.9282 9.6
      vertex -5 8.66025 9.6
      vertex -4.87009 6.34683 9.6
    endloop
  endfacet
  facet normal -0 0 1
    outer loop
      vertex -6.08761 7.93353 9.6
      vertex -4.87009 6.34683 9.6
      vertex -5 8.66025 9.6
    endloop
  endfacet
  facet normal 0 0 1
    outer loop
      vertex -4.87009 6.34683 9.6
      vertex -6.08761 7.93353 9.6
      vertex -5.65685 5.65685 9.6
    endloop
  endfacet
  facet normal -0 0 1
    outer loop
      vertex -7.07107 7.07107 9.6
      vertex -5.65685 5.65685 9.6
      vertex -6.08761 7.93353 9.6
    endloop
  endfacet
  facet normal 0 0 1
    outer loop
      vertex -5.65685 5.65685 9.6
      vertex -7.07107 7.07107 9.6
      vertex -6.34683 4.87009 9.6
    endloop
  endfacet
  facet normal -0 0 1
    outer loop
      vertex -7.93353 6.08761 9.6
      vertex -6.34683 4.87009 9.6
      vertex -7.07107 7.07107 9.6
    endloop
  endfacet
  facet normal 0 0 1
    outer loop
      vertex -6.34683 4.87009 9.6
      vertex -7.93353 6.08761 9.6
      vertex -6.9282 4 9.6
    endloop
  endfacet
  facet normal -0 0 1
    outer loop
      vertex -8.66025 5 9.6
      vertex -6.9282 4 9.6
      vertex -7.93353 6.08761 9.6
    endloop
  endfacet
  facet normal 0 0 1
    outer loop
      vertex -6.9282 4 9.6
      vertex -8.66025 5 9.6
      vertex -7.39104 3.06147 9.6
    endloop
  endfacet
  facet normal -0 0 1
    outer loop
      vertex -9.2388 3.82683 9.6
      vertex -7.39104 3.06147 9.6
      vertex -8.66025 5 9.6
    endloop
  endfacet
  facet normal 0 0 1
    outer loop
      vertex -7.39104 3.06147 9.6
      vertex -9.2388 3.82683 9.6
      vertex -7.72741 2.07055 9.6
    endloop
  endfacet
  facet normal -0 0 1
    outer loop
      vertex -9.65926 2.58819 9.6
      vertex -7.72741 2.07055 9.6
      vertex -9.2388 3.82683 9.6
    endloop
  endfacet
  facet normal 0 0 1
    outer loop
      vertex 9.65926 -2.58819 9.6
      vertex 7.72741 -2.07055 9.6
      vertex 9.2388 -3.82683 9.6
    endloop
  endfacet
  facet normal -0 0 1
    outer loop
      vertex 7.39104 -3.06147 9.6
      vertex 9.2388 -3.82683 9.6
      vertex 7.72741 -2.07055 9.6
    endloop
  endfacet
  facet normal 0 0 1
    outer loop
      vertex 9.2388 -3.82683 9.6
      vertex 7.39104 -3.06147 9.6
      vertex 8.66025 -5 9.6
    endloop
  endfacet
  facet normal -0 0 1
    outer loop
      vertex 6.9282 -4 9.6
      vertex 8.66025 -5 9.6
      vertex 7.39104 -3.06147 9.6
    endloop
  endfacet
  facet normal 0 0 1
    outer loop
      vertex 8.66025 -5 9.6
      vertex 6.9282 -4 9.6
      vertex 7.93353 -6.08761 9.6
    endloop
  endfacet
  facet normal -0 0 1
    outer loop
      vertex 6.34683 -4.87009 9.6
      vertex 7.93353 -6.08761 9.6
      vertex 6.9282 -4 9.6
    endloop
  endfacet
  facet normal 0 0 1
    outer loop
      vertex 7.93353 -6.08761 9.6
      vertex 6.34683 -4.87009 9.6
      vertex 7.07107 -7.07107 9.6
    endloop
  endfacet
  facet normal -0 0 1
    outer loop
      vertex 5.65685 -5.65685 9.6
      vertex 7.07107 -7.07107 9.6
      vertex 6.34683 -4.87009 9.6
    endloop
  endfacet
  facet normal 0 0 1
    outer loop
      vertex 7.07107 -7.07107 9.6
      vertex 5.65685 -5.65685 9.6
      vertex 6.08761 -7.93353 9.6
    endloop
  endfacet
  facet normal -0 0 1
    outer loop
      vertex 4.87009 -6.34683 9.6
      vertex 6.08761 -7.93353 9.6
      vertex 5.65685 -5.65685 9.6
    endloop
  endfacet
  facet normal 0 0 1
    outer loop
      vertex 6.08761 -7.93353 9.6
      vertex 4.87009 -6.34683 9.6
      vertex 5 -8.66025 9.6
    endloop
  endfacet
  facet normal -0 0 1
    outer loop
      vertex 4 -6.9282 9.6
      vertex 5 -8.66025 9.6
      vertex 4.87009 -6.34683 9.6
    endloop
  endfacet
  facet normal 0 0 1
    outer loop
      vertex 4 -6.9282 9.6
      vertex 3.82683 -9.2388 9.6
      vertex 5 -8.66025 9.6
    endloop
  endfacet
  facet normal -0 0 1
    outer loop
      vertex 3.06147 -7.39104 9.6
      vertex 3.82683 -9.2388 9.6
      vertex 4 -6.9282 9.6
    endloop
  endfacet
  facet normal 0 0 1
    outer loop
      vertex 3.06147 -7.39104 9.6
      vertex 2.58819 -9.65926 9.6
      vertex 3.82683 -9.2388 9.6
    endloop
  endfacet
  facet normal -0 0 1
    outer loop
      vertex 2.07055 -7.72741 9.6
      vertex 2.58819 -9.65926 9.6
      vertex 3.06147 -7.39104 9.6
    endloop
  endfacet
  facet normal 0 0 1
    outer loop
      vertex 2.07055 -7.72741 9.6
      vertex 1.30526 -9.91445 9.6
      vertex 2.58819 -9.65926 9.6
    endloop
  endfacet
  facet normal -0 0 1
    outer loop
      vertex 1.04421 -7.93156 9.6
      vertex 1.30526 -9.91445 9.6
      vertex 2.07055 -7.72741 9.6
    endloop
  endfacet
  facet normal -0 0 1
    outer loop
      vertex 0 -8 9.6
      vertex 1.30526 -9.91445 9.6
      vertex 1.04421 -7.93156 9.6
    endloop
  endfacet
  facet normal 0 0 1
    outer loop
      vertex 0 -8 9.6
      vertex 0 -10 9.6
      vertex 1.30526 -9.91445 9.6
    endloop
  endfacet
  facet normal 0 0 1
    outer loop
      vertex -1.04421 -7.93156 9.6
      vertex 0 -10 9.6
      vertex 0 -8 9.6
    endloop
  endfacet
  facet normal 0 0 1
    outer loop
      vertex -1.04421 -7.93156 9.6
      vertex -1.30526 -9.91445 9.6
      vertex 0 -10 9.6
    endloop
  endfacet
  facet normal 0 0 1
    outer loop
      vertex -2.07055 -7.72741 9.6
      vertex -1.30526 -9.91445 9.6
      vertex -1.04421 -7.93156 9.6
    endloop
  endfacet
  facet normal 0 0 1
    outer loop
      vertex -2.07055 -7.72741 9.6
      vertex -2.58819 -9.65926 9.6
      vertex -1.30526 -9.91445 9.6
    endloop
  endfacet
  facet normal 0 0 1
    outer loop
      vertex -3.06147 -7.39104 9.6
      vertex -2.58819 -9.65926 9.6
      vertex -2.07055 -7.72741 9.6
    endloop
  endfacet
  facet normal 0 0 1
    outer loop
      vertex -3.06147 -7.39104 9.6
      vertex -3.82683 -9.2388 9.6
      vertex -2.58819 -9.65926 9.6
    endloop
  endfacet
  facet normal 0 0 1
    outer loop
      vertex -4 -6.9282 9.6
      vertex -3.82683 -9.2388 9.6
      vertex -3.06147 -7.39104 9.6
    endloop
  endfacet
  facet normal 0 0 1
    outer loop
      vertex -5 -8.66025 9.6
      vertex -4 -6.9282 9.6
      vertex -4.87009 -6.34683 9.6
    endloop
  endfacet
  facet normal 0 0 1
    outer loop
      vertex -4 -6.9282 9.6
      vertex -5 -8.66025 9.6
      vertex -3.82683 -9.2388 9.6
    endloop
  endfacet
  facet normal 0 0 1
    outer loop
      vertex -6.08761 -7.93353 9.6
      vertex -4.87009 -6.34683 9.6
      vertex -5.65685 -5.65685 9.6
    endloop
  endfacet
  facet normal 0 0 1
    outer loop
      vertex -4.87009 -6.34683 9.6
      vertex -6.08761 -7.93353 9.6
      vertex -5 -8.66025 9.6
    endloop
  endfacet
  facet normal 0 0 1
    outer loop
      vertex -7.07107 -7.07107 9.6
      vertex -5.65685 -5.65685 9.6
      vertex -6.34683 -4.87009 9.6
    endloop
  endfacet
  facet normal 0 0 1
    outer loop
      vertex -7.93353 -6.08761 9.6
      vertex -6.34683 -4.87009 9.6
      vertex -6.9282 -4 9.6
    endloop
  endfacet
  facet normal 0 0 1
    outer loop
      vertex -5.65685 -5.65685 9.6
      vertex -7.07107 -7.07107 9.6
      vertex -6.08761 -7.93353 9.6
    endloop
  endfacet
  facet normal 0 0 1
    outer loop
      vertex -8.66025 -5 9.6
      vertex -6.9282 -4 9.6
      vertex -7.39104 -3.06147 9.6
    endloop
  endfacet
  facet normal 0 0 1
    outer loop
      vertex -9.2388 -3.82683 9.6
      vertex -7.39104 -3.06147 9.6
      vertex -7.72741 -2.07055 9.6
    endloop
  endfacet
  facet normal 0 0 1
    outer loop
      vertex -9.65926 -2.58819 9.6
      vertex -7.72741 -2.07055 9.6
      vertex -7.93156 -1.04421 9.6
    endloop
  endfacet
  facet normal 0 0 1
    outer loop
      vertex -6.34683 -4.87009 9.6
      vertex -7.93353 -6.08761 9.6
      vertex -7.07107 -7.07107 9.6
    endloop
  endfacet
  facet normal 0 0 1
    outer loop
      vertex -9.91445 -1.30526 9.6
      vertex -7.93156 -1.04421 9.6
      vertex -8 0 9.6
    endloop
  endfacet
  facet normal 0 0 1
    outer loop
      vertex -7.72741 2.07055 9.6
      vertex -9.65926 2.58819 9.6
      vertex -7.93156 1.04421 9.6
    endloop
  endfacet
  facet normal 0 0 1
    outer loop
      vertex -6.9282 -4 9.6
      vertex -8.66025 -5 9.6
      vertex -7.93353 -6.08761 9.6
    endloop
  endfacet
  facet normal -0 0 1
    outer loop
      vertex -9.91445 1.30526 9.6
      vertex -7.93156 1.04421 9.6
      vertex -9.65926 2.58819 9.6
    endloop
  endfacet
  facet normal 0 0 1
    outer loop
      vertex -7.39104 -3.06147 9.6
      vertex -9.2388 -3.82683 9.6
      vertex -8.66025 -5 9.6
    endloop
  endfacet
  facet normal 0 0 1
    outer loop
      vertex -7.93156 1.04421 9.6
      vertex -9.91445 1.30526 9.6
      vertex -8 0 9.6
    endloop
  endfacet
  facet normal 0 0 1
    outer loop
      vertex -7.72741 -2.07055 9.6
      vertex -9.65926 -2.58819 9.6
      vertex -9.2388 -3.82683 9.6
    endloop
  endfacet
  facet normal 0 0 1
    outer loop
      vertex -10 0 9.6
      vertex -8 0 9.6
      vertex -9.91445 1.30526 9.6
    endloop
  endfacet
  facet normal 0 0 1
    outer loop
      vertex -7.93156 -1.04421 9.6
      vertex -9.91445 -1.30526 9.6
      vertex -9.65926 -2.58819 9.6
    endloop
  endfacet
  facet normal 0 0 1
    outer loop
      vertex -8 0 9.6
      vertex -10 0 9.6
      vertex -9.91445 -1.30526 9.6
    endloop
  endfacet
  facet normal 0.980785 -0.19509 0
    outer loop
      vertex 9.65926 -2.58819 9.6
      vertex 9.91445 -1.30526 7.2
      vertex 9.91445 -1.30526 9.6
    endloop
  endfacet
  facet normal 0.980785 -0.19509 0
    outer loop
      vertex 9.91445 -1.30526 7.2
      vertex 9.65926 -2.58819 9.6
      vertex 9.65926 -2.58819 7.2
    endloop
  endfacet
  facet normal -0.946931 -0.321438 0
    outer loop
      vertex -9.2388 -3.82683 7.2
      vertex -9.65926 -2.58819 9.6
      vertex -9.65926 -2.58819 7.2
    endloop
  endfacet
  facet normal -0.946931 -0.321438 0
    outer loop
      vertex -9.65926 -2.58819 9.6
      vertex -9.2388 -3.82683 7.2
      vertex -9.2388 -3.82683 9.6
    endloop
  endfacet
  facet normal 0.946931 -0.321438 0
    outer loop
      vertex 9.2388 -3.82683 9.6
      vertex 9.65926 -2.58819 7.2
      vertex 9.65926 -2.58819 9.6
    endloop
  endfacet
  facet normal 0.946931 -0.321438 0
    outer loop
      vertex 9.65926 -2.58819 7.2
      vertex 9.2388 -3.82683 9.6
      vertex 9.2388 -3.82683 7.2
    endloop
  endfacet
  facet normal -0.751844 -0.659341 0
    outer loop
      vertex -7.07107 -7.07107 7.2
      vertex -7.93353 -6.08761 9.6
      vertex -7.93353 -6.08761 7.2
    endloop
  endfacet
  facet normal -0.751844 -0.659341 0
    outer loop
      vertex -7.93353 -6.08761 9.6
      vertex -7.07107 -7.07107 7.2
      vertex -7.07107 -7.07107 9.6
    endloop
  endfacet
  facet normal 0.555571 0.831469 -0
    outer loop
      vertex 6.08761 7.93353 7.2
      vertex 5 8.66025 9.6
      vertex 6.08761 7.93353 9.6
    endloop
  endfacet
  facet normal 0.555571 0.831469 0
    outer loop
      vertex 5 8.66025 9.6
      vertex 6.08761 7.93353 7.2
      vertex 5 8.66025 7.2
    endloop
  endfacet
  facet normal 0.442293 0.896871 -0
    outer loop
      vertex 5 8.66025 7.2
      vertex 3.82683 9.2388 9.6
      vertex 5 8.66025 9.6
    endloop
  endfacet
  facet normal 0.442293 0.896871 0
    outer loop
      vertex 3.82683 9.2388 9.6
      vertex 5 8.66025 7.2
      vertex 3.82683 9.2388 7.2
    endloop
  endfacet
  facet normal -0.19509 0.980785 0
    outer loop
      vertex -1.30526 9.91445 7.2
      vertex -2.58819 9.65926 9.6
      vertex -1.30526 9.91445 9.6
    endloop
  endfacet
  facet normal -0.19509 0.980785 0
    outer loop
      vertex -2.58819 9.65926 9.6
      vertex -1.30526 9.91445 7.2
      vertex -2.58819 9.65926 7.2
    endloop
  endfacet
  facet normal -0.442293 -0.896871 0
    outer loop
      vertex -5 -8.66025 7.2
      vertex -3.82683 -9.2388 9.6
      vertex -5 -8.66025 9.6
    endloop
  endfacet
  facet normal -0.442293 -0.896871 -0
    outer loop
      vertex -3.82683 -9.2388 9.6
      vertex -5 -8.66025 7.2
      vertex -3.82683 -9.2388 7.2
    endloop
  endfacet
  facet normal -0.0654022 0.997859 0
    outer loop
      vertex 0 10 7.2
      vertex -1.30526 9.91445 9.6
      vertex 0 10 9.6
    endloop
  endfacet
  facet normal -0.0654022 0.997859 0
    outer loop
      vertex -1.30526 9.91445 9.6
      vertex 0 10 7.2
      vertex -1.30526 9.91445 7.2
    endloop
  endfacet
  facet normal -0.751844 0.659341 0
    outer loop
      vertex -7.93353 6.08761 7.2
      vertex -7.07107 7.07107 9.6
      vertex -7.07107 7.07107 7.2
    endloop
  endfacet
  facet normal -0.751844 0.659341 0
    outer loop
      vertex -7.07107 7.07107 9.6
      vertex -7.93353 6.08761 7.2
      vertex -7.93353 6.08761 9.6
    endloop
  endfacet
  facet normal 0.997859 -0.0654022 0
    outer loop
      vertex 9.91445 -1.30526 9.6
      vertex 10 0 7.2
      vertex 10 0 9.6
    endloop
  endfacet
  facet normal 0.997859 -0.0654022 0
    outer loop
      vertex 10 0 7.2
      vertex 9.91445 -1.30526 9.6
      vertex 9.91445 -1.30526 7.2
    endloop
  endfacet
  facet normal -0.946931 0.321438 0
    outer loop
      vertex -9.65926 2.58819 7.2
      vertex -9.2388 3.82683 9.6
      vertex -9.2388 3.82683 7.2
    endloop
  endfacet
  facet normal -0.946931 0.321438 0
    outer loop
      vertex -9.2388 3.82683 9.6
      vertex -9.65926 2.58819 7.2
      vertex -9.65926 2.58819 9.6
    endloop
  endfacet
  facet normal -0.659341 -0.751844 0
    outer loop
      vertex -7.07107 -7.07107 7.2
      vertex -6.08761 -7.93353 9.6
      vertex -7.07107 -7.07107 9.6
    endloop
  endfacet
  facet normal -0.659341 -0.751844 -0
    outer loop
      vertex -6.08761 -7.93353 9.6
      vertex -7.07107 -7.07107 7.2
      vertex -6.08761 -7.93353 7.2
    endloop
  endfacet
  facet normal 0 0 -1
    outer loop
      vertex 8 0 7.2
      vertex 10 0 7.2
      vertex 9.91445 -1.30526 7.2
    endloop
  endfacet
  facet normal 0 0 -1
    outer loop
      vertex 7.93156 -1.04421 7.2
      vertex 9.91445 -1.30526 7.2
      vertex 9.65926 -2.58819 7.2
    endloop
  endfacet
  facet normal 0 0 -1
    outer loop
      vertex 10 0 7.2
      vertex 8 0 7.2
      vertex 9.91445 1.30526 7.2
    endloop
  endfacet
  facet normal 0 0 -1
    outer loop
      vertex 7.72741 -2.07055 7.2
      vertex 9.65926 -2.58819 7.2
      vertex 9.2388 -3.82683 7.2
    endloop
  endfacet
  facet normal 0 0 -1
    outer loop
      vertex 7.93156 1.04421 7.2
      vertex 9.91445 1.30526 7.2
      vertex 8 0 7.2
    endloop
  endfacet
  facet normal 0 0 -1
    outer loop
      vertex 7.39104 -3.06147 7.2
      vertex 9.2388 -3.82683 7.2
      vertex 8.66025 -5 7.2
    endloop
  endfacet
  facet normal -0 0 -1
    outer loop
      vertex 9.91445 1.30526 7.2
      vertex 7.93156 1.04421 7.2
      vertex 9.65926 2.58819 7.2
    endloop
  endfacet
  facet normal 0 0 -1
    outer loop
      vertex 7.72741 2.07055 7.2
      vertex 9.65926 2.58819 7.2
      vertex 7.93156 1.04421 7.2
    endloop
  endfacet
  facet normal 0 0 -1
    outer loop
      vertex 6.9282 -4 7.2
      vertex 8.66025 -5 7.2
      vertex 7.93353 -6.08761 7.2
    endloop
  endfacet
  facet normal 0 0 -1
    outer loop
      vertex 9.91445 -1.30526 7.2
      vertex 7.93156 -1.04421 7.2
      vertex 8 0 7.2
    endloop
  endfacet
  facet normal 0 0 -1
    outer loop
      vertex 9.65926 -2.58819 7.2
      vertex 7.72741 -2.07055 7.2
      vertex 7.93156 -1.04421 7.2
    endloop
  endfacet
  facet normal 0 0 -1
    outer loop
      vertex 9.2388 -3.82683 7.2
      vertex 7.39104 -3.06147 7.2
      vertex 7.72741 -2.07055 7.2
    endloop
  endfacet
  facet normal 0 0 -1
    outer loop
      vertex 6.34683 -4.87009 7.2
      vertex 7.93353 -6.08761 7.2
      vertex 7.07107 -7.07107 7.2
    endloop
  endfacet
  facet normal 0 0 -1
    outer loop
      vertex 8.66025 -5 7.2
      vertex 6.9282 -4 7.2
      vertex 7.39104 -3.06147 7.2
    endloop
  endfacet
  facet normal 0 0 -1
    outer loop
      vertex 7.93353 -6.08761 7.2
      vertex 6.34683 -4.87009 7.2
      vertex 6.9282 -4 7.2
    endloop
  endfacet
  facet normal 0 0 -1
    outer loop
      vertex 5.65685 -5.65685 7.2
      vertex 7.07107 -7.07107 7.2
      vertex 6.08761 -7.93353 7.2
    endloop
  endfacet
  facet normal 0 0 -1
    outer loop
      vertex 7.07107 -7.07107 7.2
      vertex 5.65685 -5.65685 7.2
      vertex 6.34683 -4.87009 7.2
    endloop
  endfacet
  facet normal 0 0 -1
    outer loop
      vertex 4.87009 -6.34683 7.2
      vertex 6.08761 -7.93353 7.2
      vertex 5 -8.66025 7.2
    endloop
  endfacet
  facet normal 0 0 -1
    outer loop
      vertex 6.08761 -7.93353 7.2
      vertex 4.87009 -6.34683 7.2
      vertex 5.65685 -5.65685 7.2
    endloop
  endfacet
  facet normal 0 0 -1
    outer loop
      vertex 5 -8.66025 7.2
      vertex 4 -6.9282 7.2
      vertex 4.87009 -6.34683 7.2
    endloop
  endfacet
  facet normal 0 0 -1
    outer loop
      vertex 3.82683 -9.2388 7.2
      vertex 4 -6.9282 7.2
      vertex 5 -8.66025 7.2
    endloop
  endfacet
  facet normal 0 0 -1
    outer loop
      vertex 3.82683 -9.2388 7.2
      vertex 3.06147 -7.39104 7.2
      vertex 4 -6.9282 7.2
    endloop
  endfacet
  facet normal 0 0 -1
    outer loop
      vertex 2.58819 -9.65926 7.2
      vertex 3.06147 -7.39104 7.2
      vertex 3.82683 -9.2388 7.2
    endloop
  endfacet
  facet normal 0 0 -1
    outer loop
      vertex 2.58819 -9.65926 7.2
      vertex 2.07055 -7.72741 7.2
      vertex 3.06147 -7.39104 7.2
    endloop
  endfacet
  facet normal 0 0 -1
    outer loop
      vertex 1.30526 -9.91445 7.2
      vertex 2.07055 -7.72741 7.2
      vertex 2.58819 -9.65926 7.2
    endloop
  endfacet
  facet normal 0 0 -1
    outer loop
      vertex 1.30526 -9.91445 7.2
      vertex 1.04421 -7.93156 7.2
      vertex 2.07055 -7.72741 7.2
    endloop
  endfacet
  facet normal 0 0 -1
    outer loop
      vertex 0 -10 7.2
      vertex 1.04421 -7.93156 7.2
      vertex 1.30526 -9.91445 7.2
    endloop
  endfacet
  facet normal 0 0 -1
    outer loop
      vertex 0 -10 7.2
      vertex 0 -8 7.2
      vertex 1.04421 -7.93156 7.2
    endloop
  endfacet
  facet normal 0 0 -1
    outer loop
      vertex 0 -10 7.2
      vertex -1.04421 -7.93156 7.2
      vertex 0 -8 7.2
    endloop
  endfacet
  facet normal 0 0 -1
    outer loop
      vertex -1.30526 -9.91445 7.2
      vertex -1.04421 -7.93156 7.2
      vertex 0 -10 7.2
    endloop
  endfacet
  facet normal 0 0 -1
    outer loop
      vertex -1.30526 -9.91445 7.2
      vertex -2.07055 -7.72741 7.2
      vertex -1.04421 -7.93156 7.2
    endloop
  endfacet
  facet normal 0 0 -1
    outer loop
      vertex -2.58819 -9.65926 7.2
      vertex -2.07055 -7.72741 7.2
      vertex -1.30526 -9.91445 7.2
    endloop
  endfacet
  facet normal 0 0 -1
    outer loop
      vertex -2.58819 -9.65926 7.2
      vertex -3.06147 -7.39104 7.2
      vertex -2.07055 -7.72741 7.2
    endloop
  endfacet
  facet normal 0 0 -1
    outer loop
      vertex -3.82683 -9.2388 7.2
      vertex -3.06147 -7.39104 7.2
      vertex -2.58819 -9.65926 7.2
    endloop
  endfacet
  facet normal 0 0 -1
    outer loop
      vertex -3.82683 -9.2388 7.2
      vertex -4 -6.9282 7.2
      vertex -3.06147 -7.39104 7.2
    endloop
  endfacet
  facet normal 0 0 -1
    outer loop
      vertex -5 -8.66025 7.2
      vertex -4 -6.9282 7.2
      vertex -3.82683 -9.2388 7.2
    endloop
  endfacet
  facet normal -0 0 -1
    outer loop
      vertex -4 -6.9282 7.2
      vertex -5 -8.66025 7.2
      vertex -4.87009 -6.34683 7.2
    endloop
  endfacet
  facet normal 0 0 -1
    outer loop
      vertex -6.08761 -7.93353 7.2
      vertex -4.87009 -6.34683 7.2
      vertex -5 -8.66025 7.2
    endloop
  endfacet
  facet normal -0 0 -1
    outer loop
      vertex -4.87009 -6.34683 7.2
      vertex -6.08761 -7.93353 7.2
      vertex -5.65685 -5.65685 7.2
    endloop
  endfacet
  facet normal 0 0 -1
    outer loop
      vertex -7.07107 -7.07107 7.2
      vertex -5.65685 -5.65685 7.2
      vertex -6.08761 -7.93353 7.2
    endloop
  endfacet
  facet normal -0 0 -1
    outer loop
      vertex -5.65685 -5.65685 7.2
      vertex -7.07107 -7.07107 7.2
      vertex -6.34683 -4.87009 7.2
    endloop
  endfacet
  facet normal 0 0 -1
    outer loop
      vertex -7.93353 -6.08761 7.2
      vertex -6.34683 -4.87009 7.2
      vertex -7.07107 -7.07107 7.2
    endloop
  endfacet
  facet normal -0 0 -1
    outer loop
      vertex -6.34683 -4.87009 7.2
      vertex -7.93353 -6.08761 7.2
      vertex -6.9282 -4 7.2
    endloop
  endfacet
  facet normal 0 0 -1
    outer loop
      vertex -8.66025 -5 7.2
      vertex -6.9282 -4 7.2
      vertex -7.93353 -6.08761 7.2
    endloop
  endfacet
  facet normal -0 0 -1
    outer loop
      vertex -6.9282 -4 7.2
      vertex -8.66025 -5 7.2
      vertex -7.39104 -3.06147 7.2
    endloop
  endfacet
  facet normal 0 0 -1
    outer loop
      vertex -9.2388 -3.82683 7.2
      vertex -7.39104 -3.06147 7.2
      vertex -8.66025 -5 7.2
    endloop
  endfacet
  facet normal -0 0 -1
    outer loop
      vertex -7.39104 -3.06147 7.2
      vertex -9.2388 -3.82683 7.2
      vertex -7.72741 -2.07055 7.2
    endloop
  endfacet
  facet normal 0 0 -1
    outer loop
      vertex -9.65926 -2.58819 7.2
      vertex -7.72741 -2.07055 7.2
      vertex -9.2388 -3.82683 7.2
    endloop
  endfacet
  facet normal -0 0 -1
    outer loop
      vertex 9.65926 2.58819 7.2
      vertex 7.72741 2.07055 7.2
      vertex 9.2388 3.82683 7.2
    endloop
  endfacet
  facet normal 0 0 -1
    outer loop
      vertex 7.39104 3.06147 7.2
      vertex 9.2388 3.82683 7.2
      vertex 7.72741 2.07055 7.2
    endloop
  endfacet
  facet normal -0 0 -1
    outer loop
      vertex 9.2388 3.82683 7.2
      vertex 7.39104 3.06147 7.2
      vertex 8.66025 5 7.2
    endloop
  endfacet
  facet normal 0 0 -1
    outer loop
      vertex 6.9282 4 7.2
      vertex 8.66025 5 7.2
      vertex 7.39104 3.06147 7.2
    endloop
  endfacet
  facet normal -0 0 -1
    outer loop
      vertex 8.66025 5 7.2
      vertex 6.9282 4 7.2
      vertex 7.93353 6.08761 7.2
    endloop
  endfacet
  facet normal 0 0 -1
    outer loop
      vertex 6.34683 4.87009 7.2
      vertex 7.93353 6.08761 7.2
      vertex 6.9282 4 7.2
    endloop
  endfacet
  facet normal -0 0 -1
    outer loop
      vertex 7.93353 6.08761 7.2
      vertex 6.34683 4.87009 7.2
      vertex 7.07107 7.07107 7.2
    endloop
  endfacet
  facet normal 0 0 -1
    outer loop
      vertex 5.65685 5.65685 7.2
      vertex 7.07107 7.07107 7.2
      vertex 6.34683 4.87009 7.2
    endloop
  endfacet
  facet normal -0 0 -1
    outer loop
      vertex 7.07107 7.07107 7.2
      vertex 5.65685 5.65685 7.2
      vertex 6.08761 7.93353 7.2
    endloop
  endfacet
  facet normal 0 0 -1
    outer loop
      vertex 4.87009 6.34683 7.2
      vertex 6.08761 7.93353 7.2
      vertex 5.65685 5.65685 7.2
    endloop
  endfacet
  facet normal -0 0 -1
    outer loop
      vertex 6.08761 7.93353 7.2
      vertex 4.87009 6.34683 7.2
      vertex 5 8.66025 7.2
    endloop
  endfacet
  facet normal 0 0 -1
    outer loop
      vertex 4 6.9282 7.2
      vertex 5 8.66025 7.2
      vertex 4.87009 6.34683 7.2
    endloop
  endfacet
  facet normal 0 0 -1
    outer loop
      vertex 4 6.9282 7.2
      vertex 3.82683 9.2388 7.2
      vertex 5 8.66025 7.2
    endloop
  endfacet
  facet normal 0 0 -1
    outer loop
      vertex 3.06147 7.39104 7.2
      vertex 3.82683 9.2388 7.2
      vertex 4 6.9282 7.2
    endloop
  endfacet
  facet normal 0 0 -1
    outer loop
      vertex 3.06147 7.39104 7.2
      vertex 2.58819 9.65926 7.2
      vertex 3.82683 9.2388 7.2
    endloop
  endfacet
  facet normal 0 0 -1
    outer loop
      vertex 2.07055 7.72741 7.2
      vertex 2.58819 9.65926 7.2
      vertex 3.06147 7.39104 7.2
    endloop
  endfacet
  facet normal 0 0 -1
    outer loop
      vertex 2.07055 7.72741 7.2
      vertex 1.30526 9.91445 7.2
      vertex 2.58819 9.65926 7.2
    endloop
  endfacet
  facet normal 0 0 -1
    outer loop
      vertex 1.04421 7.93156 7.2
      vertex 1.30526 9.91445 7.2
      vertex 2.07055 7.72741 7.2
    endloop
  endfacet
  facet normal 0 0 -1
    outer loop
      vertex 0 8 7.2
      vertex 1.30526 9.91445 7.2
      vertex 1.04421 7.93156 7.2
    endloop
  endfacet
  facet normal 0 0 -1
    outer loop
      vertex 0 8 7.2
      vertex 0 10 7.2
      vertex 1.30526 9.91445 7.2
    endloop
  endfacet
  facet normal 0 0 -1
    outer loop
      vertex -1.04421 7.93156 7.2
      vertex 0 10 7.2
      vertex 0 8 7.2
    endloop
  endfacet
  facet normal 0 0 -1
    outer loop
      vertex -1.04421 7.93156 7.2
      vertex -1.30526 9.91445 7.2
      vertex 0 10 7.2
    endloop
  endfacet
  facet normal 0 0 -1
    outer loop
      vertex -2.07055 7.72741 7.2
      vertex -1.30526 9.91445 7.2
      vertex -1.04421 7.93156 7.2
    endloop
  endfacet
  facet normal 0 0 -1
    outer loop
      vertex -2.07055 7.72741 7.2
      vertex -2.58819 9.65926 7.2
      vertex -1.30526 9.91445 7.2
    endloop
  endfacet
  facet normal 0 0 -1
    outer loop
      vertex -3.06147 7.39104 7.2
      vertex -2.58819 9.65926 7.2
      vertex -2.07055 7.72741 7.2
    endloop
  endfacet
  facet normal 0 0 -1
    outer loop
      vertex -3.06147 7.39104 7.2
      vertex -3.82683 9.2388 7.2
      vertex -2.58819 9.65926 7.2
    endloop
  endfacet
  facet normal 0 0 -1
    outer loop
      vertex -4 6.9282 7.2
      vertex -3.82683 9.2388 7.2
      vertex -3.06147 7.39104 7.2
    endloop
  endfacet
  facet normal 0 0 -1
    outer loop
      vertex -5 8.66025 7.2
      vertex -4 6.9282 7.2
      vertex -4.87009 6.34683 7.2
    endloop
  endfacet
  facet normal 0 0 -1
    outer loop
      vertex -4 6.9282 7.2
      vertex -5 8.66025 7.2
      vertex -3.82683 9.2388 7.2
    endloop
  endfacet
  facet normal 0 0 -1
    outer loop
      vertex -6.08761 7.93353 7.2
      vertex -4.87009 6.34683 7.2
      vertex -5.65685 5.65685 7.2
    endloop
  endfacet
  facet normal 0 0 -1
    outer loop
      vertex -4.87009 6.34683 7.2
      vertex -6.08761 7.93353 7.2
      vertex -5 8.66025 7.2
    endloop
  endfacet
  facet normal 0 0 -1
    outer loop
      vertex -7.07107 7.07107 7.2
      vertex -5.65685 5.65685 7.2
      vertex -6.34683 4.87009 7.2
    endloop
  endfacet
  facet normal 0 0 -1
    outer loop
      vertex -7.93353 6.08761 7.2
      vertex -6.34683 4.87009 7.2
      vertex -6.9282 4 7.2
    endloop
  endfacet
  facet normal 0 0 -1
    outer loop
      vertex -5.65685 5.65685 7.2
      vertex -7.07107 7.07107 7.2
      vertex -6.08761 7.93353 7.2
    endloop
  endfacet
  facet normal 0 0 -1
    outer loop
      vertex -8.66025 5 7.2
      vertex -6.9282 4 7.2
      vertex -7.39104 3.06147 7.2
    endloop
  endfacet
  facet normal 0 0 -1
    outer loop
      vertex -9.2388 3.82683 7.2
      vertex -7.39104 3.06147 7.2
      vertex -7.72741 2.07055 7.2
    endloop
  endfacet
  facet normal 0 0 -1
    outer loop
      vertex -9.65926 2.58819 7.2
      vertex -7.72741 2.07055 7.2
      vertex -7.93156 1.04421 7.2
    endloop
  endfacet
  facet normal 0 0 -1
    outer loop
      vertex -6.34683 4.87009 7.2
      vertex -7.93353 6.08761 7.2
      vertex -7.07107 7.07107 7.2
    endloop
  endfacet
  facet normal 0 0 -1
    outer loop
      vertex -9.91445 1.30526 7.2
      vertex -7.93156 1.04421 7.2
      vertex -8 0 7.2
    endloop
  endfacet
  facet normal -0 0 -1
    outer loop
      vertex -7.72741 -2.07055 7.2
      vertex -9.65926 -2.58819 7.2
      vertex -7.93156 -1.04421 7.2
    endloop
  endfacet
  facet normal 0 0 -1
    outer loop
      vertex -6.9282 4 7.2
      vertex -8.66025 5 7.2
      vertex -7.93353 6.08761 7.2
    endloop
  endfacet
  facet normal 0 0 -1
    outer loop
      vertex -9.91445 -1.30526 7.2
      vertex -7.93156 -1.04421 7.2
      vertex -9.65926 -2.58819 7.2
    endloop
  endfacet
  facet normal 0 0 -1
    outer loop
      vertex -7.39104 3.06147 7.2
      vertex -9.2388 3.82683 7.2
      vertex -8.66025 5 7.2
    endloop
  endfacet
  facet normal -0 0 -1
    outer loop
      vertex -7.93156 -1.04421 7.2
      vertex -9.91445 -1.30526 7.2
      vertex -8 0 7.2
    endloop
  endfacet
  facet normal 0 0 -1
    outer loop
      vertex -7.72741 2.07055 7.2
      vertex -9.65926 2.58819 7.2
      vertex -9.2388 3.82683 7.2
    endloop
  endfacet
  facet normal 0 0 -1
    outer loop
      vertex -10 0 7.2
      vertex -8 0 7.2
      vertex -9.91445 -1.30526 7.2
    endloop
  endfacet
  facet normal 0 0 -1
    outer loop
      vertex -7.93156 1.04421 7.2
      vertex -9.91445 1.30526 7.2
      vertex -9.65926 2.58819 7.2
    endloop
  endfacet
  facet normal 0 0 -1
    outer loop
      vertex -8 0 7.2
      vertex -10 0 7.2
      vertex -9.91445 1.30526 7.2
    endloop
  endfacet
  facet normal 0.0654022 0.997859 -0
    outer loop
      vertex 1.30526 9.91445 7.2
      vertex 0 10 9.6
      vertex 1.30526 9.91445 9.6
    endloop
  endfacet
  facet normal 0.0654022 0.997859 0
    outer loop
      vertex 0 10 9.6
      vertex 1.30526 9.91445 7.2
      vertex 0 10 7.2
    endloop
  endfacet
  facet normal 0.831469 0.555571 0
    outer loop
      vertex 8.66025 5 9.6
      vertex 7.93353 6.08761 7.2
      vertex 7.93353 6.08761 9.6
    endloop
  endfacet
  facet normal 0.831469 0.555571 0
    outer loop
      vertex 7.93353 6.08761 7.2
      vertex 8.66025 5 9.6
      vertex 8.66025 5 7.2
    endloop
  endfacet
  facet normal -0.896871 -0.442293 0
    outer loop
      vertex -8.66025 -5 7.2
      vertex -9.2388 -3.82683 9.6
      vertex -9.2388 -3.82683 7.2
    endloop
  endfacet
  facet normal -0.896871 -0.442293 0
    outer loop
      vertex -9.2388 -3.82683 9.6
      vertex -8.66025 -5 7.2
      vertex -8.66025 -5 9.6
    endloop
  endfacet
  facet normal 0.831469 -0.555571 0
    outer loop
      vertex 7.93353 -6.08761 9.6
      vertex 8.66025 -5 7.2
      vertex 8.66025 -5 9.6
    endloop
  endfacet
  facet normal 0.831469 -0.555571 0
    outer loop
      vertex 8.66025 -5 7.2
      vertex 7.93353 -6.08761 9.6
      vertex 7.93353 -6.08761 7.2
    endloop
  endfacet
  facet normal -0.0654022 -0.997859 0
    outer loop
      vertex -1.30526 -9.91445 7.2
      vertex 0 -10 9.6
      vertex -1.30526 -9.91445 9.6
    endloop
  endfacet
  facet normal -0.0654022 -0.997859 -0
    outer loop
      vertex 0 -10 9.6
      vertex -1.30526 -9.91445 7.2
      vertex 0 -10 7.2
    endloop
  endfacet
  facet normal -0.980785 0.19509 0
    outer loop
      vertex -9.91445 1.30526 7.2
      vertex -9.65926 2.58819 9.6
      vertex -9.65926 2.58819 7.2
    endloop
  endfacet
  facet normal -0.980785 0.19509 0
    outer loop
      vertex -9.65926 2.58819 9.6
      vertex -9.91445 1.30526 7.2
      vertex -9.91445 1.30526 9.6
    endloop
  endfacet
  facet normal -0.555571 -0.831469 0
    outer loop
      vertex -6.08761 -7.93353 7.2
      vertex -5 -8.66025 9.6
      vertex -6.08761 -7.93353 9.6
    endloop
  endfacet
  facet normal -0.555571 -0.831469 -0
    outer loop
      vertex -5 -8.66025 9.6
      vertex -6.08761 -7.93353 7.2
      vertex -5 -8.66025 7.2
    endloop
  endfacet
  facet normal -0.555571 0.831469 0
    outer loop
      vertex -5 8.66025 7.2
      vertex -6.08761 7.93353 9.6
      vertex -5 8.66025 9.6
    endloop
  endfacet
  facet normal -0.555571 0.831469 0
    outer loop
      vertex -6.08761 7.93353 9.6
      vertex -5 8.66025 7.2
      vertex -6.08761 7.93353 7.2
    endloop
  endfacet
  facet normal -0.980785 -0.19509 0
    outer loop
      vertex -9.65926 -2.58819 7.2
      vertex -9.91445 -1.30526 9.6
      vertex -9.91445 -1.30526 7.2
    endloop
  endfacet
  facet normal -0.980785 -0.19509 0
    outer loop
      vertex -9.91445 -1.30526 9.6
      vertex -9.65926 -2.58819 7.2
      vertex -9.65926 -2.58819 9.6
    endloop
  endfacet
  facet normal 0.555571 -0.831469 0
    outer loop
      vertex 5 -8.66025 7.2
      vertex 6.08761 -7.93353 9.6
      vertex 5 -8.66025 9.6
    endloop
  endfacet
  facet normal 0.555571 -0.831469 0
    outer loop
      vertex 6.08761 -7.93353 9.6
      vertex 5 -8.66025 7.2
      vertex 6.08761 -7.93353 7.2
    endloop
  endfacet
  facet normal -0.997859 0.0654022 0
    outer loop
      vertex -10 0 7.2
      vertex -9.91445 1.30526 9.6
      vertex -9.91445 1.30526 7.2
    endloop
  endfacet
  facet normal -0.997859 0.0654022 0
    outer loop
      vertex -9.91445 1.30526 9.6
      vertex -10 0 7.2
      vertex -10 0 9.6
    endloop
  endfacet
  facet normal -0.831469 0.555571 0
    outer loop
      vertex -8.66025 5 7.2
      vertex -7.93353 6.08761 9.6
      vertex -7.93353 6.08761 7.2
    endloop
  endfacet
  facet normal -0.831469 0.555571 0
    outer loop
      vertex -7.93353 6.08761 9.6
      vertex -8.66025 5 7.2
      vertex -8.66025 5 9.6
    endloop
  endfacet
  facet normal 0.980785 0.19509 0
    outer loop
      vertex 9.91445 1.30526 13.2
      vertex 9.65926 2.58819 10.8
      vertex 9.65926 2.58819 13.2
    endloop
  endfacet
  facet normal 0.980785 0.19509 0
    outer loop
      vertex 9.65926 2.58819 10.8
      vertex 9.91445 1.30526 13.2
      vertex 9.91445 1.30526 10.8
    endloop
  endfacet
  facet normal 0.997859 0.0654022 0
    outer loop
      vertex 10 0 13.2
      vertex 9.91445 1.30526 10.8
      vertex 9.91445 1.30526 13.2
    endloop
  endfacet
  facet normal 0.997859 0.0654022 0
    outer loop
      vertex 9.91445 1.30526 10.8
      vertex 10 0 13.2
      vertex 10 0 10.8
    endloop
  endfacet
  facet normal 0.946931 0.321438 0
    outer loop
      vertex 9.65926 2.58819 13.2
      vertex 9.2388 3.82683 10.8
      vertex 9.2388 3.82683 13.2
    endloop
  endfacet
  facet normal 0.946931 0.321438 0
    outer loop
      vertex 9.2388 3.82683 10.8
      vertex 9.65926 2.58819 13.2
      vertex 9.65926 2.58819 10.8
    endloop
  endfacet
  facet normal -0.997859 0.0654022 0
    outer loop
      vertex -10 0 10.8
      vertex -9.91445 1.30526 13.2
      vertex -9.91445 1.30526 10.8
    endloop
  endfacet
  facet normal -0.997859 0.0654022 0
    outer loop
      vertex -9.91445 1.30526 13.2
      vertex -10 0 10.8
      vertex -10 0 13.2
    endloop
  endfacet
  facet normal 0.321438 0.946931 -0
    outer loop
      vertex 3.82683 9.2388 10.8
      vertex 2.58819 9.65926 13.2
      vertex 3.82683 9.2388 13.2
    endloop
  endfacet
  facet normal 0.321438 0.946931 0
    outer loop
      vertex 2.58819 9.65926 13.2
      vertex 3.82683 9.2388 10.8
      vertex 2.58819 9.65926 10.8
    endloop
  endfacet
  facet normal 0.19509 0.980785 -0
    outer loop
      vertex 2.58819 9.65926 10.8
      vertex 1.30526 9.91445 13.2
      vertex 2.58819 9.65926 13.2
    endloop
  endfacet
  facet normal 0.19509 0.980785 0
    outer loop
      vertex 1.30526 9.91445 13.2
      vertex 2.58819 9.65926 10.8
      vertex 1.30526 9.91445 10.8
    endloop
  endfacet
  facet normal 0.896871 0.442293 0
    outer loop
      vertex 9.2388 3.82683 13.2
      vertex 8.66025 5 10.8
      vertex 8.66025 5 13.2
    endloop
  endfacet
  facet normal 0.896871 0.442293 0
    outer loop
      vertex 8.66025 5 10.8
      vertex 9.2388 3.82683 13.2
      vertex 9.2388 3.82683 10.8
    endloop
  endfacet
  facet normal 0.19509 -0.980785 0
    outer loop
      vertex 1.30526 -9.91445 10.8
      vertex 2.58819 -9.65926 13.2
      vertex 1.30526 -9.91445 13.2
    endloop
  endfacet
  facet normal 0.19509 -0.980785 0
    outer loop
      vertex 2.58819 -9.65926 13.2
      vertex 1.30526 -9.91445 10.8
      vertex 2.58819 -9.65926 10.8
    endloop
  endfacet
  facet normal 0.0654022 -0.997859 0
    outer loop
      vertex 0 -10 10.8
      vertex 1.30526 -9.91445 13.2
      vertex 0 -10 13.2
    endloop
  endfacet
  facet normal 0.0654022 -0.997859 0
    outer loop
      vertex 1.30526 -9.91445 13.2
      vertex 0 -10 10.8
      vertex 1.30526 -9.91445 10.8
    endloop
  endfacet
  facet normal -0.555571 0.831469 0
    outer loop
      vertex -5 8.66025 10.8
      vertex -6.08761 7.93353 13.2
      vertex -5 8.66025 13.2
    endloop
  endfacet
  facet normal -0.555571 0.831469 0
    outer loop
      vertex -6.08761 7.93353 13.2
      vertex -5 8.66025 10.8
      vertex -6.08761 7.93353 10.8
    endloop
  endfacet
  facet normal 0.659341 0.751844 -0
    outer loop
      vertex 7.07107 7.07107 10.8
      vertex 6.08761 7.93353 13.2
      vertex 7.07107 7.07107 13.2
    endloop
  endfacet
  facet normal 0.659341 0.751844 0
    outer loop
      vertex 6.08761 7.93353 13.2
      vertex 7.07107 7.07107 10.8
      vertex 6.08761 7.93353 10.8
    endloop
  endfacet
  facet normal 0.896871 -0.442293 0
    outer loop
      vertex 8.66025 -5 13.2
      vertex 9.2388 -3.82683 10.8
      vertex 9.2388 -3.82683 13.2
    endloop
  endfacet
  facet normal 0.896871 -0.442293 0
    outer loop
      vertex 9.2388 -3.82683 10.8
      vertex 8.66025 -5 13.2
      vertex 8.66025 -5 10.8
    endloop
  endfacet
  facet normal -0.19509 -0.980785 0
    outer loop
      vertex -2.58819 -9.65926 10.8
      vertex -1.30526 -9.91445 13.2
      vertex -2.58819 -9.65926 13.2
    endloop
  endfacet
  facet normal -0.19509 -0.980785 -0
    outer loop
      vertex -1.30526 -9.91445 13.2
      vertex -2.58819 -9.65926 10.8
      vertex -1.30526 -9.91445 10.8
    endloop
  endfacet
  facet normal -0.896871 0.442293 0
    outer loop
      vertex -9.2388 3.82683 10.8
      vertex -8.66025 5 13.2
      vertex -8.66025 5 10.8
    endloop
  endfacet
  facet normal -0.896871 0.442293 0
    outer loop
      vertex -8.66025 5 13.2
      vertex -9.2388 3.82683 10.8
      vertex -9.2388 3.82683 13.2
    endloop
  endfacet
  facet normal 0.659341 -0.751844 0
    outer loop
      vertex 6.08761 -7.93353 10.8
      vertex 7.07107 -7.07107 13.2
      vertex 6.08761 -7.93353 13.2
    endloop
  endfacet
  facet normal 0.659341 -0.751844 0
    outer loop
      vertex 7.07107 -7.07107 13.2
      vertex 6.08761 -7.93353 10.8
      vertex 7.07107 -7.07107 10.8
    endloop
  endfacet
  facet normal 0.751844 -0.659341 0
    outer loop
      vertex 7.07107 -7.07107 13.2
      vertex 7.93353 -6.08761 10.8
      vertex 7.93353 -6.08761 13.2
    endloop
  endfacet
  facet normal 0.751844 -0.659341 0
    outer loop
      vertex 7.93353 -6.08761 10.8
      vertex 7.07107 -7.07107 13.2
      vertex 7.07107 -7.07107 10.8
    endloop
  endfacet
  facet normal 0.321438 -0.946931 0
    outer loop
      vertex 2.58819 -9.65926 10.8
      vertex 3.82683 -9.2388 13.2
      vertex 2.58819 -9.65926 13.2
    endloop
  endfacet
  facet normal 0.321438 -0.946931 0
    outer loop
      vertex 3.82683 -9.2388 13.2
      vertex 2.58819 -9.65926 10.8
      vertex 3.82683 -9.2388 10.8
    endloop
  endfacet
  facet normal -0.997859 -0.0654022 0
    outer loop
      vertex -9.91445 -1.30526 10.8
      vertex -10 0 13.2
      vertex -10 0 10.8
    endloop
  endfacet
  facet normal -0.997859 -0.0654022 0
    outer loop
      vertex -10 0 13.2
      vertex -9.91445 -1.30526 10.8
      vertex -9.91445 -1.30526 13.2
    endloop
  endfacet
  facet normal -0.659341 0.751844 0
    outer loop
      vertex -6.08761 7.93353 10.8
      vertex -7.07107 7.07107 13.2
      vertex -6.08761 7.93353 13.2
    endloop
  endfacet
  facet normal -0.659341 0.751844 0
    outer loop
      vertex -7.07107 7.07107 13.2
      vertex -6.08761 7.93353 10.8
      vertex -7.07107 7.07107 10.8
    endloop
  endfacet
  facet normal -0.321438 0.946931 0
    outer loop
      vertex -2.58819 9.65926 10.8
      vertex -3.82683 9.2388 13.2
      vertex -2.58819 9.65926 13.2
    endloop
  endfacet
  facet normal -0.321438 0.946931 0
    outer loop
      vertex -3.82683 9.2388 13.2
      vertex -2.58819 9.65926 10.8
      vertex -3.82683 9.2388 10.8
    endloop
  endfacet
  facet normal -0.831469 -0.555571 0
    outer loop
      vertex -7.93353 -6.08761 10.8
      vertex -8.66025 -5 13.2
      vertex -8.66025 -5 10.8
    endloop
  endfacet
  facet normal -0.831469 -0.555571 0
    outer loop
      vertex -8.66025 -5 13.2
      vertex -7.93353 -6.08761 10.8
      vertex -7.93353 -6.08761 13.2
    endloop
  endfacet
  facet normal 0.751844 0.659341 0
    outer loop
      vertex 7.93353 6.08761 13.2
      vertex 7.07107 7.07107 10.8
      vertex 7.07107 7.07107 13.2
    endloop
  endfacet
  facet normal 0.751844 0.659341 0
    outer loop
      vertex 7.07107 7.07107 10.8
      vertex 7.93353 6.08761 13.2
      vertex 7.93353 6.08761 10.8
    endloop
  endfacet
  facet normal -0.321438 -0.946931 0
    outer loop
      vertex -3.82683 -9.2388 10.8
      vertex -2.58819 -9.65926 13.2
      vertex -3.82683 -9.2388 13.2
    endloop
  endfacet
  facet normal -0.321438 -0.946931 -0
    outer loop
      vertex -2.58819 -9.65926 13.2
      vertex -3.82683 -9.2388 10.8
      vertex -2.58819 -9.65926 10.8
    endloop
  endfacet
  facet normal 0.442293 -0.896871 0
    outer loop
      vertex 3.82683 -9.2388 10.8
      vertex 5 -8.66025 13.2
      vertex 3.82683 -9.2388 13.2
    endloop
  endfacet
  facet normal 0.442293 -0.896871 0
    outer loop
      vertex 5 -8.66025 13.2
      vertex 3.82683 -9.2388 10.8
      vertex 5 -8.66025 10.8
    endloop
  endfacet
  facet normal -0.442293 0.896871 0
    outer loop
      vertex -3.82683 9.2388 10.8
      vertex -5 8.66025 13.2
      vertex -3.82683 9.2388 13.2
    endloop
  endfacet
  facet normal -0.442293 0.896871 0
    outer loop
      vertex -5 8.66025 13.2
      vertex -3.82683 9.2388 10.8
      vertex -5 8.66025 10.8
    endloop
  endfacet
  facet normal 0 0 1
    outer loop
      vertex 8 0 13.2
      vertex 10 0 13.2
      vertex 9.91445 1.30526 13.2
    endloop
  endfacet
  facet normal 0 0 1
    outer loop
      vertex 7.93156 1.04421 13.2
      vertex 9.91445 1.30526 13.2
      vertex 9.65926 2.58819 13.2
    endloop
  endfacet
  facet normal 0 0 1
    outer loop
      vertex 10 0 13.2
      vertex 8 0 13.2
      vertex 9.91445 -1.30526 13.2
    endloop
  endfacet
  facet normal 0 0 1
    outer loop
      vertex 7.72741 2.07055 13.2
      vertex 9.65926 2.58819 13.2
      vertex 9.2388 3.82683 13.2
    endloop
  endfacet
  facet normal -0 0 1
    outer loop
      vertex 7.93156 -1.04421 13.2
      vertex 9.91445 -1.30526 13.2
      vertex 8 0 13.2
    endloop
  endfacet
  facet normal 0 0 1
    outer loop
      vertex 7.39104 3.06147 13.2
      vertex 9.2388 3.82683 13.2
      vertex 8.66025 5 13.2
    endloop
  endfacet
  facet normal 0 0 1
    outer loop
      vertex 9.91445 -1.30526 13.2
      vertex 7.93156 -1.04421 13.2
      vertex 9.65926 -2.58819 13.2
    endloop
  endfacet
  facet normal -0 0 1
    outer loop
      vertex 7.72741 -2.07055 13.2
      vertex 9.65926 -2.58819 13.2
      vertex 7.93156 -1.04421 13.2
    endloop
  endfacet
  facet normal 0 0 1
    outer loop
      vertex 6.9282 4 13.2
      vertex 8.66025 5 13.2
      vertex 7.93353 6.08761 13.2
    endloop
  endfacet
  facet normal 0 0 1
    outer loop
      vertex 9.91445 1.30526 13.2
      vertex 7.93156 1.04421 13.2
      vertex 8 0 13.2
    endloop
  endfacet
  facet normal 0 0 1
    outer loop
      vertex 9.65926 2.58819 13.2
      vertex 7.72741 2.07055 13.2
      vertex 7.93156 1.04421 13.2
    endloop
  endfacet
  facet normal 0 0 1
    outer loop
      vertex 9.2388 3.82683 13.2
      vertex 7.39104 3.06147 13.2
      vertex 7.72741 2.07055 13.2
    endloop
  endfacet
  facet normal 0 0 1
    outer loop
      vertex 6.34683 4.87009 13.2
      vertex 7.93353 6.08761 13.2
      vertex 7.07107 7.07107 13.2
    endloop
  endfacet
  facet normal 0 0 1
    outer loop
      vertex 8.66025 5 13.2
      vertex 6.9282 4 13.2
      vertex 7.39104 3.06147 13.2
    endloop
  endfacet
  facet normal 0 0 1
    outer loop
      vertex 7.93353 6.08761 13.2
      vertex 6.34683 4.87009 13.2
      vertex 6.9282 4 13.2
    endloop
  endfacet
  facet normal 0 0 1
    outer loop
      vertex 5.65685 5.65685 13.2
      vertex 7.07107 7.07107 13.2
      vertex 6.08761 7.93353 13.2
    endloop
  endfacet
  facet normal 0 0 1
    outer loop
      vertex 7.07107 7.07107 13.2
      vertex 5.65685 5.65685 13.2
      vertex 6.34683 4.87009 13.2
    endloop
  endfacet
  facet normal 0 0 1
    outer loop
      vertex 4.87009 6.34683 13.2
      vertex 6.08761 7.93353 13.2
      vertex 5 8.66025 13.2
    endloop
  endfacet
  facet normal 0 0 1
    outer loop
      vertex 6.08761 7.93353 13.2
      vertex 4.87009 6.34683 13.2
      vertex 5.65685 5.65685 13.2
    endloop
  endfacet
  facet normal 0 0 1
    outer loop
      vertex 5 8.66025 13.2
      vertex 4 6.9282 13.2
      vertex 4.87009 6.34683 13.2
    endloop
  endfacet
  facet normal 0 0 1
    outer loop
      vertex 3.82683 9.2388 13.2
      vertex 4 6.9282 13.2
      vertex 5 8.66025 13.2
    endloop
  endfacet
  facet normal 0 0 1
    outer loop
      vertex 3.82683 9.2388 13.2
      vertex 3.06147 7.39104 13.2
      vertex 4 6.9282 13.2
    endloop
  endfacet
  facet normal 0 0 1
    outer loop
      vertex 2.58819 9.65926 13.2
      vertex 3.06147 7.39104 13.2
      vertex 3.82683 9.2388 13.2
    endloop
  endfacet
  facet normal 0 0 1
    outer loop
      vertex 2.58819 9.65926 13.2
      vertex 2.07055 7.72741 13.2
      vertex 3.06147 7.39104 13.2
    endloop
  endfacet
  facet normal 0 0 1
    outer loop
      vertex 1.30526 9.91445 13.2
      vertex 2.07055 7.72741 13.2
      vertex 2.58819 9.65926 13.2
    endloop
  endfacet
  facet normal 0 0 1
    outer loop
      vertex 1.30526 9.91445 13.2
      vertex 1.04421 7.93156 13.2
      vertex 2.07055 7.72741 13.2
    endloop
  endfacet
  facet normal 0 0 1
    outer loop
      vertex 0 10 13.2
      vertex 1.04421 7.93156 13.2
      vertex 1.30526 9.91445 13.2
    endloop
  endfacet
  facet normal 0 0 1
    outer loop
      vertex 0 10 13.2
      vertex 0 8 13.2
      vertex 1.04421 7.93156 13.2
    endloop
  endfacet
  facet normal 0 0 1
    outer loop
      vertex 0 10 13.2
      vertex -1.04421 7.93156 13.2
      vertex 0 8 13.2
    endloop
  endfacet
  facet normal -0 0 1
    outer loop
      vertex -1.30526 9.91445 13.2
      vertex -1.04421 7.93156 13.2
      vertex 0 10 13.2
    endloop
  endfacet
  facet normal 0 0 1
    outer loop
      vertex -1.30526 9.91445 13.2
      vertex -2.07055 7.72741 13.2
      vertex -1.04421 7.93156 13.2
    endloop
  endfacet
  facet normal -0 0 1
    outer loop
      vertex -2.58819 9.65926 13.2
      vertex -2.07055 7.72741 13.2
      vertex -1.30526 9.91445 13.2
    endloop
  endfacet
  facet normal 0 0 1
    outer loop
      vertex -2.58819 9.65926 13.2
      vertex -3.06147 7.39104 13.2
      vertex -2.07055 7.72741 13.2
    endloop
  endfacet
  facet normal -0 0 1
    outer loop
      vertex -3.82683 9.2388 13.2
      vertex -3.06147 7.39104 13.2
      vertex -2.58819 9.65926 13.2
    endloop
  endfacet
  facet normal 0 0 1
    outer loop
      vertex -3.82683 9.2388 13.2
      vertex -4 6.9282 13.2
      vertex -3.06147 7.39104 13.2
    endloop
  endfacet
  facet normal -0 0 1
    outer loop
      vertex -5 8.66025 13.2
      vertex -4 6.9282 13.2
      vertex -3.82683 9.2388 13.2
    endloop
  endfacet
  facet normal 0 0 1
    outer loop
      vertex -4 6.9282 13.2
      vertex -5 8.66025 13.2
      vertex -4.87009 6.34683 13.2
    endloop
  endfacet
  facet normal -0 0 1
    outer loop
      vertex -6.08761 7.93353 13.2
      vertex -4.87009 6.34683 13.2
      vertex -5 8.66025 13.2
    endloop
  endfacet
  facet normal 0 0 1
    outer loop
      vertex -4.87009 6.34683 13.2
      vertex -6.08761 7.93353 13.2
      vertex -5.65685 5.65685 13.2
    endloop
  endfacet
  facet normal -0 0 1
    outer loop
      vertex -7.07107 7.07107 13.2
      vertex -5.65685 5.65685 13.2
      vertex -6.08761 7.93353 13.2
    endloop
  endfacet
  facet normal 0 0 1
    outer loop
      vertex -5.65685 5.65685 13.2
      vertex -7.07107 7.07107 13.2
      vertex -6.34683 4.87009 13.2
    endloop
  endfacet
  facet normal -0 0 1
    outer loop
      vertex -7.93353 6.08761 13.2
      vertex -6.34683 4.87009 13.2
      vertex -7.07107 7.07107 13.2
    endloop
  endfacet
  facet normal 0 0 1
    outer loop
      vertex -6.34683 4.87009 13.2
      vertex -7.93353 6.08761 13.2
      vertex -6.9282 4 13.2
    endloop
  endfacet
  facet normal -0 0 1
    outer loop
      vertex -8.66025 5 13.2
      vertex -6.9282 4 13.2
      vertex -7.93353 6.08761 13.2
    endloop
  endfacet
  facet normal 0 0 1
    outer loop
      vertex -6.9282 4 13.2
      vertex -8.66025 5 13.2
      vertex -7.39104 3.06147 13.2
    endloop
  endfacet
  facet normal -0 0 1
    outer loop
      vertex -9.2388 3.82683 13.2
      vertex -7.39104 3.06147 13.2
      vertex -8.66025 5 13.2
    endloop
  endfacet
  facet normal 0 0 1
    outer loop
      vertex -7.39104 3.06147 13.2
      vertex -9.2388 3.82683 13.2
      vertex -7.72741 2.07055 13.2
    endloop
  endfacet
  facet normal -0 0 1
    outer loop
      vertex -9.65926 2.58819 13.2
      vertex -7.72741 2.07055 13.2
      vertex -9.2388 3.82683 13.2
    endloop
  endfacet
  facet normal 0 0 1
    outer loop
      vertex 9.65926 -2.58819 13.2
      vertex 7.72741 -2.07055 13.2
      vertex 9.2388 -3.82683 13.2
    endloop
  endfacet
  facet normal -0 0 1
    outer loop
      vertex 7.39104 -3.06147 13.2
      vertex 9.2388 -3.82683 13.2
      vertex 7.72741 -2.07055 13.2
    endloop
  endfacet
  facet normal 0 0 1
    outer loop
      vertex 9.2388 -3.82683 13.2
      vertex 7.39104 -3.06147 13.2
      vertex 8.66025 -5 13.2
    endloop
  endfacet
  facet normal -0 0 1
    outer loop
      vertex 6.9282 -4 13.2
      vertex 8.66025 -5 13.2
      vertex 7.39104 -3.06147 13.2
    endloop
  endfacet
  facet normal 0 0 1
    outer loop
      vertex 8.66025 -5 13.2
      vertex 6.9282 -4 13.2
      vertex 7.93353 -6.08761 13.2
    endloop
  endfacet
  facet normal -0 0 1
    outer loop
      vertex 6.34683 -4.87009 13.2
      vertex 7.93353 -6.08761 13.2
      vertex 6.9282 -4 13.2
    endloop
  endfacet
  facet normal 0 0 1
    outer loop
      vertex 7.93353 -6.08761 13.2
      vertex 6.34683 -4.87009 13.2
      vertex 7.07107 -7.07107 13.2
    endloop
  endfacet
  facet normal -0 0 1
    outer loop
      vertex 5.65685 -5.65685 13.2
      vertex 7.07107 -7.07107 13.2
      vertex 6.34683 -4.87009 13.2
    endloop
  endfacet
  facet normal 0 0 1
    outer loop
      vertex 7.07107 -7.07107 13.2
      vertex 5.65685 -5.65685 13.2
      vertex 6.08761 -7.93353 13.2
    endloop
  endfacet
  facet normal -0 0 1
    outer loop
      vertex 4.87009 -6.34683 13.2
      vertex 6.08761 -7.93353 13.2
      vertex 5.65685 -5.65685 13.2
    endloop
  endfacet
  facet normal 0 0 1
    outer loop
      vertex 6.08761 -7.93353 13.2
      vertex 4.87009 -6.34683 13.2
      vertex 5 -8.66025 13.2
    endloop
  endfacet
  facet normal -0 0 1
    outer loop
      vertex 4 -6.9282 13.2
      vertex 5 -8.66025 13.2
      vertex 4.87009 -6.34683 13.2
    endloop
  endfacet
  facet normal 0 0 1
    outer loop
      vertex 4 -6.9282 13.2
      vertex 3.82683 -9.2388 13.2
      vertex 5 -8.66025 13.2
    endloop
  endfacet
  facet normal -0 0 1
    outer loop
      vertex 3.06147 -7.39104 13.2
      vertex 3.82683 -9.2388 13.2
      vertex 4 -6.9282 13.2
    endloop
  endfacet
  facet normal 0 0 1
    outer loop
      vertex 3.06147 -7.39104 13.2
      vertex 2.58819 -9.65926 13.2
      vertex 3.82683 -9.2388 13.2
    endloop
  endfacet
  facet normal -0 0 1
    outer loop
      vertex 2.07055 -7.72741 13.2
      vertex 2.58819 -9.65926 13.2
      vertex 3.06147 -7.39104 13.2
    endloop
  endfacet
  facet normal 0 0 1
    outer loop
      vertex 2.07055 -7.72741 13.2
      vertex 1.30526 -9.91445 13.2
      vertex 2.58819 -9.65926 13.2
    endloop
  endfacet
  facet normal -0 0 1
    outer loop
      vertex 1.04421 -7.93156 13.2
      vertex 1.30526 -9.91445 13.2
      vertex 2.07055 -7.72741 13.2
    endloop
  endfacet
  facet normal -0 0 1
    outer loop
      vertex 0 -8 13.2
      vertex 1.30526 -9.91445 13.2
      vertex 1.04421 -7.93156 13.2
    endloop
  endfacet
  facet normal 0 0 1
    outer loop
      vertex 0 -8 13.2
      vertex 0 -10 13.2
      vertex 1.30526 -9.91445 13.2
    endloop
  endfacet
  facet normal 0 0 1
    outer loop
      vertex -1.04421 -7.93156 13.2
      vertex 0 -10 13.2
      vertex 0 -8 13.2
    endloop
  endfacet
  facet normal 0 0 1
    outer loop
      vertex -1.04421 -7.93156 13.2
      vertex -1.30526 -9.91445 13.2
      vertex 0 -10 13.2
    endloop
  endfacet
  facet normal 0 0 1
    outer loop
      vertex -2.07055 -7.72741 13.2
      vertex -1.30526 -9.91445 13.2
      vertex -1.04421 -7.93156 13.2
    endloop
  endfacet
  facet normal 0 0 1
    outer loop
      vertex -2.07055 -7.72741 13.2
      vertex -2.58819 -9.65926 13.2
      vertex -1.30526 -9.91445 13.2
    endloop
  endfacet
  facet normal 0 0 1
    outer loop
      vertex -3.06147 -7.39104 13.2
      vertex -2.58819 -9.65926 13.2
      vertex -2.07055 -7.72741 13.2
    endloop
  endfacet
  facet normal 0 0 1
    outer loop
      vertex -3.06147 -7.39104 13.2
      vertex -3.82683 -9.2388 13.2
      vertex -2.58819 -9.65926 13.2
    endloop
  endfacet
  facet normal 0 0 1
    outer loop
      vertex -4 -6.9282 13.2
      vertex -3.82683 -9.2388 13.2
      vertex -3.06147 -7.39104 13.2
    endloop
  endfacet
  facet normal 0 0 1
    outer loop
      vertex -5 -8.66025 13.2
      vertex -4 -6.9282 13.2
      vertex -4.87009 -6.34683 13.2
    endloop
  endfacet
  facet normal 0 0 1
    outer loop
      vertex -4 -6.9282 13.2
      vertex -5 -8.66025 13.2
      vertex -3.82683 -9.2388 13.2
    endloop
  endfacet
  facet normal 0 0 1
    outer loop
      vertex -6.08761 -7.93353 13.2
      vertex -4.87009 -6.34683 13.2
      vertex -5.65685 -5.65685 13.2
    endloop
  endfacet
  facet normal 0 0 1
    outer loop
      vertex -4.87009 -6.34683 13.2
      vertex -6.08761 -7.93353 13.2
      vertex -5 -8.66025 13.2
    endloop
  endfacet
  facet normal 0 0 1
    outer loop
      vertex -7.07107 -7.07107 13.2
      vertex -5.65685 -5.65685 13.2
      vertex -6.34683 -4.87009 13.2
    endloop
  endfacet
  facet normal 0 0 1
    outer loop
      vertex -7.93353 -6.08761 13.2
      vertex -6.34683 -4.87009 13.2
      vertex -6.9282 -4 13.2
    endloop
  endfacet
  facet normal 0 0 1
    outer loop
      vertex -5.65685 -5.65685 13.2
      vertex -7.07107 -7.07107 13.2
      vertex -6.08761 -7.93353 13.2
    endloop
  endfacet
  facet normal 0 0 1
    outer loop
      vertex -8.66025 -5 13.2
      vertex -6.9282 -4 13.2
      vertex -7.39104 -3.06147 13.2
    endloop
  endfacet
  facet normal 0 0 1
    outer loop
      vertex -9.2388 -3.82683 13.2
      vertex -7.39104 -3.06147 13.2
      vertex -7.72741 -2.07055 13.2
    endloop
  endfacet
  facet normal 0 0 1
    outer loop
      vertex -9.65926 -2.58819 13.2
      vertex -7.72741 -2.07055 13.2
      vertex -7.93156 -1.04421 13.2
    endloop
  endfacet
  facet normal 0 0 1
    outer loop
      vertex -6.34683 -4.87009 13.2
      vertex -7.93353 -6.08761 13.2
      vertex -7.07107 -7.07107 13.2
    endloop
  endfacet
  facet normal 0 0 1
    outer loop
      vertex -9.91445 -1.30526 13.2
      vertex -7.93156 -1.04421 13.2
      vertex -8 0 13.2
    endloop
  endfacet
  facet normal 0 0 1
    outer loop
      vertex -7.72741 2.07055 13.2
      vertex -9.65926 2.58819 13.2
      vertex -7.93156 1.04421 13.2
    endloop
  endfacet
  facet normal 0 0 1
    outer loop
      vertex -6.9282 -4 13.2
      vertex -8.66025 -5 13.2
      vertex -7.93353 -6.08761 13.2
    endloop
  endfacet
  facet normal -0 0 1
    outer loop
      vertex -9.91445 1.30526 13.2
      vertex -7.93156 1.04421 13.2
      vertex -9.65926 2.58819 13.2
    endloop
  endfacet
  facet normal 0 0 1
    outer loop
      vertex -7.39104 -3.06147 13.2
      vertex -9.2388 -3.82683 13.2
      vertex -8.66025 -5 13.2
    endloop
  endfacet
  facet normal 0 0 1
    outer loop
      vertex -7.93156 1.04421 13.2
      vertex -9.91445 1.30526 13.2
      vertex -8 0 13.2
    endloop
  endfacet
  facet normal 0 0 1
    outer loop
      vertex -7.72741 -2.07055 13.2
      vertex -9.65926 -2.58819 13.2
      vertex -9.2388 -3.82683 13.2
    endloop
  endfacet
  facet normal 0 0 1
    outer loop
      vertex -10 0 13.2
      vertex -8 0 13.2
      vertex -9.91445 1.30526 13.2
    endloop
  endfacet
  facet normal 0 0 1
    outer loop
      vertex -7.93156 -1.04421 13.2
      vertex -9.91445 -1.30526 13.2
      vertex -9.65926 -2.58819 13.2
    endloop
  endfacet
  facet normal 0 0 1
    outer loop
      vertex -8 0 13.2
      vertex -10 0 13.2
      vertex -9.91445 -1.30526 13.2
    endloop
  endfacet
  facet normal 0.980785 -0.19509 0
    outer loop
      vertex 9.65926 -2.58819 13.2
      vertex 9.91445 -1.30526 10.8
      vertex 9.91445 -1.30526 13.2
    endloop
  endfacet
  facet normal 0.980785 -0.19509 0
    outer loop
      vertex 9.91445 -1.30526 10.8
      vertex 9.65926 -2.58819 13.2
      vertex 9.65926 -2.58819 10.8
    endloop
  endfacet
  facet normal -0.946931 -0.321438 0
    outer loop
      vertex -9.2388 -3.82683 10.8
      vertex -9.65926 -2.58819 13.2
      vertex -9.65926 -2.58819 10.8
    endloop
  endfacet
  facet normal -0.946931 -0.321438 0
    outer loop
      vertex -9.65926 -2.58819 13.2
      vertex -9.2388 -3.82683 10.8
      vertex -9.2388 -3.82683 13.2
    endloop
  endfacet
  facet normal 0.946931 -0.321438 0
    outer loop
      vertex 9.2388 -3.82683 13.2
      vertex 9.65926 -2.58819 10.8
      vertex 9.65926 -2.58819 13.2
    endloop
  endfacet
  facet normal 0.946931 -0.321438 0
    outer loop
      vertex 9.65926 -2.58819 10.8
      vertex 9.2388 -3.82683 13.2
      vertex 9.2388 -3.82683 10.8
    endloop
  endfacet
  facet normal -0.751844 -0.659341 0
    outer loop
      vertex -7.07107 -7.07107 10.8
      vertex -7.93353 -6.08761 13.2
      vertex -7.93353 -6.08761 10.8
    endloop
  endfacet
  facet normal -0.751844 -0.659341 0
    outer loop
      vertex -7.93353 -6.08761 13.2
      vertex -7.07107 -7.07107 10.8
      vertex -7.07107 -7.07107 13.2
    endloop
  endfacet
  facet normal 0.555571 0.831469 -0
    outer loop
      vertex 6.08761 7.93353 10.8
      vertex 5 8.66025 13.2
      vertex 6.08761 7.93353 13.2
    endloop
  endfacet
  facet normal 0.555571 0.831469 0
    outer loop
      vertex 5 8.66025 13.2
      vertex 6.08761 7.93353 10.8
      vertex 5 8.66025 10.8
    endloop
  endfacet
  facet normal 0.442293 0.896871 -0
    outer loop
      vertex 5 8.66025 10.8
      vertex 3.82683 9.2388 13.2
      vertex 5 8.66025 13.2
    endloop
  endfacet
  facet normal 0.442293 0.896871 0
    outer loop
      vertex 3.82683 9.2388 13.2
      vertex 5 8.66025 10.8
      vertex 3.82683 9.2388 10.8
    endloop
  endfacet
  facet normal -0.19509 0.980785 0
    outer loop
      vertex -1.30526 9.91445 10.8
      vertex -2.58819 9.65926 13.2
      vertex -1.30526 9.91445 13.2
    endloop
  endfacet
  facet normal -0.19509 0.980785 0
    outer loop
      vertex -2.58819 9.65926 13.2
      vertex -1.30526 9.91445 10.8
      vertex -2.58819 9.65926 10.8
    endloop
  endfacet
  facet normal -0.442293 -0.896871 0
    outer loop
      vertex -5 -8.66025 10.8
      vertex -3.82683 -9.2388 13.2
      vertex -5 -8.66025 13.2
    endloop
  endfacet
  facet normal -0.442293 -0.896871 -0
    outer loop
      vertex -3.82683 -9.2388 13.2
      vertex -5 -8.66025 10.8
      vertex -3.82683 -9.2388 10.8
    endloop
  endfacet
  facet normal -0.751844 0.659341 0
    outer loop
      vertex -7.93353 6.08761 10.8
      vertex -7.07107 7.07107 13.2
      vertex -7.07107 7.07107 10.8
    endloop
  endfacet
  facet normal -0.751844 0.659341 0
    outer loop
      vertex -7.07107 7.07107 13.2
      vertex -7.93353 6.08761 10.8
      vertex -7.93353 6.08761 13.2
    endloop
  endfacet
  facet normal 0.997859 -0.0654022 0
    outer loop
      vertex 9.91445 -1.30526 13.2
      vertex 10 0 10.8
      vertex 10 0 13.2
    endloop
  endfacet
  facet normal 0.997859 -0.0654022 0
    outer loop
      vertex 10 0 10.8
      vertex 9.91445 -1.30526 13.2
      vertex 9.91445 -1.30526 10.8
    endloop
  endfacet
  facet normal -0.946931 0.321438 0
    outer loop
      vertex -9.65926 2.58819 10.8
      vertex -9.2388 3.82683 13.2
      vertex -9.2388 3.82683 10.8
    endloop
  endfacet
  facet normal -0.946931 0.321438 0
    outer loop
      vertex -9.2388 3.82683 13.2
      vertex -9.65926 2.58819 10.8
      vertex -9.65926 2.58819 13.2
    endloop
  endfacet
  facet normal -0.659341 -0.751844 0
    outer loop
      vertex -7.07107 -7.07107 10.8
      vertex -6.08761 -7.93353 13.2
      vertex -7.07107 -7.07107 13.2
    endloop
  endfacet
  facet normal -0.659341 -0.751844 -0
    outer loop
      vertex -6.08761 -7.93353 13.2
      vertex -7.07107 -7.07107 10.8
      vertex -6.08761 -7.93353 10.8
    endloop
  endfacet
  facet normal 0 0 -1
    outer loop
      vertex 8 0 10.8
      vertex 10 0 10.8
      vertex 9.91445 -1.30526 10.8
    endloop
  endfacet
  facet normal 0 0 -1
    outer loop
      vertex 7.93156 -1.04421 10.8
      vertex 9.91445 -1.30526 10.8
      vertex 9.65926 -2.58819 10.8
    endloop
  endfacet
  facet normal 0 0 -1
    outer loop
      vertex 10 0 10.8
      vertex 8 0 10.8
      vertex 9.91445 1.30526 10.8
    endloop
  endfacet
  facet normal 0 0 -1
    outer loop
      vertex 7.72741 -2.07055 10.8
      vertex 9.65926 -2.58819 10.8
      vertex 9.2388 -3.82683 10.8
    endloop
  endfacet
  facet normal 0 0 -1
    outer loop
      vertex 7.93156 1.04421 10.8
      vertex 9.91445 1.30526 10.8
      vertex 8 0 10.8
    endloop
  endfacet
  facet normal 0 0 -1
    outer loop
      vertex 7.39104 -3.06147 10.8
      vertex 9.2388 -3.82683 10.8
      vertex 8.66025 -5 10.8
    endloop
  endfacet
  facet normal -0 0 -1
    outer loop
      vertex 9.91445 1.30526 10.8
      vertex 7.93156 1.04421 10.8
      vertex 9.65926 2.58819 10.8
    endloop
  endfacet
  facet normal 0 0 -1
    outer loop
      vertex 7.72741 2.07055 10.8
      vertex 9.65926 2.58819 10.8
      vertex 7.93156 1.04421 10.8
    endloop
  endfacet
  facet normal 0 0 -1
    outer loop
      vertex 6.9282 -4 10.8
      vertex 8.66025 -5 10.8
      vertex 7.93353 -6.08761 10.8
    endloop
  endfacet
  facet normal 0 0 -1
    outer loop
      vertex 9.91445 -1.30526 10.8
      vertex 7.93156 -1.04421 10.8
      vertex 8 0 10.8
    endloop
  endfacet
  facet normal 0 0 -1
    outer loop
      vertex 9.65926 -2.58819 10.8
      vertex 7.72741 -2.07055 10.8
      vertex 7.93156 -1.04421 10.8
    endloop
  endfacet
  facet normal 0 0 -1
    outer loop
      vertex 9.2388 -3.82683 10.8
      vertex 7.39104 -3.06147 10.8
      vertex 7.72741 -2.07055 10.8
    endloop
  endfacet
  facet normal 0 0 -1
    outer loop
      vertex 6.34683 -4.87009 10.8
      vertex 7.93353 -6.08761 10.8
      vertex 7.07107 -7.07107 10.8
    endloop
  endfacet
  facet normal 0 0 -1
    outer loop
      vertex 8.66025 -5 10.8
      vertex 6.9282 -4 10.8
      vertex 7.39104 -3.06147 10.8
    endloop
  endfacet
  facet normal 0 0 -1
    outer loop
      vertex 7.93353 -6.08761 10.8
      vertex 6.34683 -4.87009 10.8
      vertex 6.9282 -4 10.8
    endloop
  endfacet
  facet normal 0 0 -1
    outer loop
      vertex 5.65685 -5.65685 10.8
      vertex 7.07107 -7.07107 10.8
      vertex 6.08761 -7.93353 10.8
    endloop
  endfacet
  facet normal 0 0 -1
    outer loop
      vertex 7.07107 -7.07107 10.8
      vertex 5.65685 -5.65685 10.8
      vertex 6.34683 -4.87009 10.8
    endloop
  endfacet
  facet normal 0 0 -1
    outer loop
      vertex 4.87009 -6.34683 10.8
      vertex 6.08761 -7.93353 10.8
      vertex 5 -8.66025 10.8
    endloop
  endfacet
  facet normal 0 0 -1
    outer loop
      vertex 6.08761 -7.93353 10.8
      vertex 4.87009 -6.34683 10.8
      vertex 5.65685 -5.65685 10.8
    endloop
  endfacet
  facet normal 0 0 -1
    outer loop
      vertex 5 -8.66025 10.8
      vertex 4 -6.9282 10.8
      vertex 4.87009 -6.34683 10.8
    endloop
  endfacet
  facet normal 0 0 -1
    outer loop
      vertex 3.82683 -9.2388 10.8
      vertex 4 -6.9282 10.8
      vertex 5 -8.66025 10.8
    endloop
  endfacet
  facet normal 0 0 -1
    outer loop
      vertex 3.82683 -9.2388 10.8
      vertex 3.06147 -7.39104 10.8
      vertex 4 -6.9282 10.8
    endloop
  endfacet
  facet normal 0 0 -1
    outer loop
      vertex 2.58819 -9.65926 10.8
      vertex 3.06147 -7.39104 10.8
      vertex 3.82683 -9.2388 10.8
    endloop
  endfacet
  facet normal 0 0 -1
    outer loop
      vertex 2.58819 -9.65926 10.8
      vertex 2.07055 -7.72741 10.8
      vertex 3.06147 -7.39104 10.8
    endloop
  endfacet
  facet normal 0 0 -1
    outer loop
      vertex 1.30526 -9.91445 10.8
      vertex 2.07055 -7.72741 10.8
      vertex 2.58819 -9.65926 10.8
    endloop
  endfacet
  facet normal 0 0 -1
    outer loop
      vertex 1.30526 -9.91445 10.8
      vertex 1.04421 -7.93156 10.8
      vertex 2.07055 -7.72741 10.8
    endloop
  endfacet
  facet normal 0 0 -1
    outer loop
      vertex 0 -10 10.8
      vertex 1.04421 -7.93156 10.8
      vertex 1.30526 -9.91445 10.8
    endloop
  endfacet
  facet normal 0 0 -1
    outer loop
      vertex 0 -10 10.8
      vertex 0 -8 10.8
      vertex 1.04421 -7.93156 10.8
    endloop
  endfacet
  facet normal 0 0 -1
    outer loop
      vertex 0 -10 10.8
      vertex -1.04421 -7.93156 10.8
      vertex 0 -8 10.8
    endloop
  endfacet
  facet normal 0 0 -1
    outer loop
      vertex -1.30526 -9.91445 10.8
      vertex -1.04421 -7.93156 10.8
      vertex 0 -10 10.8
    endloop
  endfacet
  facet normal 0 0 -1
    outer loop
      vertex -1.30526 -9.91445 10.8
      vertex -2.07055 -7.72741 10.8
      vertex -1.04421 -7.93156 10.8
    endloop
  endfacet
  facet normal 0 0 -1
    outer loop
      vertex -2.58819 -9.65926 10.8
      vertex -2.07055 -7.72741 10.8
      vertex -1.30526 -9.91445 10.8
    endloop
  endfacet
  facet normal 0 0 -1
    outer loop
      vertex -2.58819 -9.65926 10.8
      vertex -3.06147 -7.39104 10.8
      vertex -2.07055 -7.72741 10.8
    endloop
  endfacet
  facet normal 0 0 -1
    outer loop
      vertex -3.82683 -9.2388 10.8
      vertex -3.06147 -7.39104 10.8
      vertex -2.58819 -9.65926 10.8
    endloop
  endfacet
  facet normal 0 0 -1
    outer loop
      vertex -3.82683 -9.2388 10.8
      vertex -4 -6.9282 10.8
      vertex -3.06147 -7.39104 10.8
    endloop
  endfacet
  facet normal 0 0 -1
    outer loop
      vertex -5 -8.66025 10.8
      vertex -4 -6.9282 10.8
      vertex -3.82683 -9.2388 10.8
    endloop
  endfacet
  facet normal -0 0 -1
    outer loop
      vertex -4 -6.9282 10.8
      vertex -5 -8.66025 10.8
      vertex -4.87009 -6.34683 10.8
    endloop
  endfacet
  facet normal 0 0 -1
    outer loop
      vertex -6.08761 -7.93353 10.8
      vertex -4.87009 -6.34683 10.8
      vertex -5 -8.66025 10.8
    endloop
  endfacet
  facet normal -0 0 -1
    outer loop
      vertex -4.87009 -6.34683 10.8
      vertex -6.08761 -7.93353 10.8
      vertex -5.65685 -5.65685 10.8
    endloop
  endfacet
  facet normal 0 0 -1
    outer loop
      vertex -7.07107 -7.07107 10.8
      vertex -5.65685 -5.65685 10.8
      vertex -6.08761 -7.93353 10.8
    endloop
  endfacet
  facet normal -0 0 -1
    outer loop
      vertex -5.65685 -5.65685 10.8
      vertex -7.07107 -7.07107 10.8
      vertex -6.34683 -4.87009 10.8
    endloop
  endfacet
  facet normal 0 0 -1
    outer loop
      vertex -7.93353 -6.08761 10.8
      vertex -6.34683 -4.87009 10.8
      vertex -7.07107 -7.07107 10.8
    endloop
  endfacet
  facet normal -0 0 -1
    outer loop
      vertex -6.34683 -4.87009 10.8
      vertex -7.93353 -6.08761 10.8
      vertex -6.9282 -4 10.8
    endloop
  endfacet
  facet normal 0 0 -1
    outer loop
      vertex -8.66025 -5 10.8
      vertex -6.9282 -4 10.8
      vertex -7.93353 -6.08761 10.8
    endloop
  endfacet
  facet normal -0 0 -1
    outer loop
      vertex -6.9282 -4 10.8
      vertex -8.66025 -5 10.8
      vertex -7.39104 -3.06147 10.8
    endloop
  endfacet
  facet normal 0 0 -1
    outer loop
      vertex -9.2388 -3.82683 10.8
      vertex -7.39104 -3.06147 10.8
      vertex -8.66025 -5 10.8
    endloop
  endfacet
  facet normal -0 0 -1
    outer loop
      vertex -7.39104 -3.06147 10.8
      vertex -9.2388 -3.82683 10.8
      vertex -7.72741 -2.07055 10.8
    endloop
  endfacet
  facet normal 0 0 -1
    outer loop
      vertex -9.65926 -2.58819 10.8
      vertex -7.72741 -2.07055 10.8
      vertex -9.2388 -3.82683 10.8
    endloop
  endfacet
  facet normal -0 0 -1
    outer loop
      vertex 9.65926 2.58819 10.8
      vertex 7.72741 2.07055 10.8
      vertex 9.2388 3.82683 10.8
    endloop
  endfacet
  facet normal 0 0 -1
    outer loop
      vertex 7.39104 3.06147 10.8
      vertex 9.2388 3.82683 10.8
      vertex 7.72741 2.07055 10.8
    endloop
  endfacet
  facet normal -0 0 -1
    outer loop
      vertex 9.2388 3.82683 10.8
      vertex 7.39104 3.06147 10.8
      vertex 8.66025 5 10.8
    endloop
  endfacet
  facet normal 0 0 -1
    outer loop
      vertex 6.9282 4 10.8
      vertex 8.66025 5 10.8
      vertex 7.39104 3.06147 10.8
    endloop
  endfacet
  facet normal -0 0 -1
    outer loop
      vertex 8.66025 5 10.8
      vertex 6.9282 4 10.8
      vertex 7.93353 6.08761 10.8
    endloop
  endfacet
  facet normal 0 0 -1
    outer loop
      vertex 6.34683 4.87009 10.8
      vertex 7.93353 6.08761 10.8
      vertex 6.9282 4 10.8
    endloop
  endfacet
  facet normal -0 0 -1
    outer loop
      vertex 7.93353 6.08761 10.8
      vertex 6.34683 4.87009 10.8
      vertex 7.07107 7.07107 10.8
    endloop
  endfacet
  facet normal 0 0 -1
    outer loop
      vertex 5.65685 5.65685 10.8
      vertex 7.07107 7.07107 10.8
      vertex 6.34683 4.87009 10.8
    endloop
  endfacet
  facet normal -0 0 -1
    outer loop
      vertex 7.07107 7.07107 10.8
      vertex 5.65685 5.65685 10.8
      vertex 6.08761 7.93353 10.8
    endloop
  endfacet
  facet normal 0 0 -1
    outer loop
      vertex 4.87009 6.34683 10.8
      vertex 6.08761 7.93353 10.8
      vertex 5.65685 5.65685 10.8
    endloop
  endfacet
  facet normal -0 0 -1
    outer loop
      vertex 6.08761 7.93353 10.8
      vertex 4.87009 6.34683 10.8
      vertex 5 8.66025 10.8
    endloop
  endfacet
  facet normal 0 0 -1
    outer loop
      vertex 4 6.9282 10.8
      vertex 5 8.66025 10.8
      vertex 4.87009 6.34683 10.8
    endloop
  endfacet
  facet normal 0 0 -1
    outer loop
      vertex 4 6.9282 10.8
      vertex 3.82683 9.2388 10.8
      vertex 5 8.66025 10.8
    endloop
  endfacet
  facet normal 0 0 -1
    outer loop
      vertex 3.06147 7.39104 10.8
      vertex 3.82683 9.2388 10.8
      vertex 4 6.9282 10.8
    endloop
  endfacet
  facet normal 0 0 -1
    outer loop
      vertex 3.06147 7.39104 10.8
      vertex 2.58819 9.65926 10.8
      vertex 3.82683 9.2388 10.8
    endloop
  endfacet
  facet normal 0 0 -1
    outer loop
      vertex 2.07055 7.72741 10.8
      vertex 2.58819 9.65926 10.8
      vertex 3.06147 7.39104 10.8
    endloop
  endfacet
  facet normal 0 0 -1
    outer loop
      vertex 2.07055 7.72741 10.8
      vertex 1.30526 9.91445 10.8
      vertex 2.58819 9.65926 10.8
    endloop
  endfacet
  facet normal 0 0 -1
    outer loop
      vertex 1.04421 7.93156 10.8
      vertex 1.30526 9.91445 10.8
      vertex 2.07055 7.72741 10.8
    endloop
  endfacet
  facet normal 0 0 -1
    outer loop
      vertex 0 8 10.8
      vertex 1.30526 9.91445 10.8
      vertex 1.04421 7.93156 10.8
    endloop
  endfacet
  facet normal 0 0 -1
    outer loop
      vertex 0 8 10.8
      vertex 0 10 10.8
      vertex 1.30526 9.91445 10.8
    endloop
  endfacet
  facet normal 0 0 -1
    outer loop
      vertex -1.04421 7.93156 10.8
      vertex 0 10 10.8
      vertex 0 8 10.8
    endloop
  endfacet
  facet normal 0 0 -1
    outer loop
      vertex -1.04421 7.93156 10.8
      vertex -1.30526 9.91445 10.8
      vertex 0 10 10.8
    endloop
  endfacet
  facet normal 0 0 -1
    outer loop
      vertex -2.07055 7.72741 10.8
      vertex -1.30526 9.91445 10.8
      vertex -1.04421 7.93156 10.8
    endloop
  endfacet
  facet normal 0 0 -1
    outer loop
      vertex -2.07055 7.72741 10.8
      vertex -2.58819 9.65926 10.8
      vertex -1.30526 9.91445 10.8
    endloop
  endfacet
  facet normal 0 0 -1
    outer loop
      vertex -3.06147 7.39104 10.8
      vertex -2.58819 9.65926 10.8
      vertex -2.07055 7.72741 10.8
    endloop
  endfacet
  facet normal 0 0 -1
    outer loop
      vertex -3.06147 7.39104 10.8
      vertex -3.82683 9.2388 10.8
      vertex -2.58819 9.65926 10.8
    endloop
  endfacet
  facet normal 0 0 -1
    outer loop
      vertex -4 6.9282 10.8
      vertex -3.82683 9.2388 10.8
      vertex -3.06147 7.39104 10.8
    endloop
  endfacet
  facet normal 0 0 -1
    outer loop
      vertex -5 8.66025 10.8
      vertex -4 6.9282 10.8
      vertex -4.87009 6.34683 10.8
    endloop
  endfacet
  facet normal 0 0 -1
    outer loop
      vertex -4 6.9282 10.8
      vertex -5 8.66025 10.8
      vertex -3.82683 9.2388 10.8
    endloop
  endfacet
  facet normal 0 0 -1
    outer loop
      vertex -6.08761 7.93353 10.8
      vertex -4.87009 6.34683 10.8
      vertex -5.65685 5.65685 10.8
    endloop
  endfacet
  facet normal 0 0 -1
    outer loop
      vertex -4.87009 6.34683 10.8
      vertex -6.08761 7.93353 10.8
      vertex -5 8.66025 10.8
    endloop
  endfacet
  facet normal 0 0 -1
    outer loop
      vertex -7.07107 7.07107 10.8
      vertex -5.65685 5.65685 10.8
      vertex -6.34683 4.87009 10.8
    endloop
  endfacet
  facet normal 0 0 -1
    outer loop
      vertex -7.93353 6.08761 10.8
      vertex -6.34683 4.87009 10.8
      vertex -6.9282 4 10.8
    endloop
  endfacet
  facet normal 0 0 -1
    outer loop
      vertex -5.65685 5.65685 10.8
      vertex -7.07107 7.07107 10.8
      vertex -6.08761 7.93353 10.8
    endloop
  endfacet
  facet normal 0 0 -1
    outer loop
      vertex -8.66025 5 10.8
      vertex -6.9282 4 10.8
      vertex -7.39104 3.06147 10.8
    endloop
  endfacet
  facet normal 0 0 -1
    outer loop
      vertex -9.2388 3.82683 10.8
      vertex -7.39104 3.06147 10.8
      vertex -7.72741 2.07055 10.8
    endloop
  endfacet
  facet normal 0 0 -1
    outer loop
      vertex -9.65926 2.58819 10.8
      vertex -7.72741 2.07055 10.8
      vertex -7.93156 1.04421 10.8
    endloop
  endfacet
  facet normal 0 0 -1
    outer loop
      vertex -6.34683 4.87009 10.8
      vertex -7.93353 6.08761 10.8
      vertex -7.07107 7.07107 10.8
    endloop
  endfacet
  facet normal 0 0 -1
    outer loop
      vertex -9.91445 1.30526 10.8
      vertex -7.93156 1.04421 10.8
      vertex -8 0 10.8
    endloop
  endfacet
  facet normal -0 0 -1
    outer loop
      vertex -7.72741 -2.07055 10.8
      vertex -9.65926 -2.58819 10.8
      vertex -7.93156 -1.04421 10.8
    endloop
  endfacet
  facet normal 0 0 -1
    outer loop
      vertex -6.9282 4 10.8
      vertex -8.66025 5 10.8
      vertex -7.93353 6.08761 10.8
    endloop
  endfacet
  facet normal 0 0 -1
    outer loop
      vertex -9.91445 -1.30526 10.8
      vertex -7.93156 -1.04421 10.8
      vertex -9.65926 -2.58819 10.8
    endloop
  endfacet
  facet normal 0 0 -1
    outer loop
      vertex -7.39104 3.06147 10.8
      vertex -9.2388 3.82683 10.8
      vertex -8.66025 5 10.8
    endloop
  endfacet
  facet normal -0 0 -1
    outer loop
      vertex -7.93156 -1.04421 10.8
      vertex -9.91445 -1.30526 10.8
      vertex -8 0 10.8
    endloop
  endfacet
  facet normal 0 0 -1
    outer loop
      vertex -7.72741 2.07055 10.8
      vertex -9.65926 2.58819 10.8
      vertex -9.2388 3.82683 10.8
    endloop
  endfacet
  facet normal 0 0 -1
    outer loop
      vertex -10 0 10.8
      vertex -8 0 10.8
      vertex -9.91445 -1.30526 10.8
    endloop
  endfacet
  facet normal 0 0 -1
    outer loop
      vertex -7.93156 1.04421 10.8
      vertex -9.91445 1.30526 10.8
      vertex -9.65926 2.58819 10.8
    endloop
  endfacet
  facet normal 0 0 -1
    outer loop
      vertex -8 0 10.8
      vertex -10 0 10.8
      vertex -9.91445 1.30526 10.8
    endloop
  endfacet
  facet normal 0.0654022 0.997859 -0
    outer loop
      vertex 1.30526 9.91445 10.8
      vertex 0 10 13.2
      vertex 1.30526 9.91445 13.2
    endloop
  endfacet
  facet normal 0.0654022 0.997859 0
    outer loop
      vertex 0 10 13.2
      vertex 1.30526 9.91445 10.8
      vertex 0 10 10.8
    endloop
  endfacet
  facet normal 0.831469 0.555571 0
    outer loop
      vertex 8.66025 5 13.2
      vertex 7.93353 6.08761 10.8
      vertex 7.93353 6.08761 13.2
    endloop
  endfacet
  facet normal 0.831469 0.555571 0
    outer loop
      vertex 7.93353 6.08761 10.8
      vertex 8.66025 5 13.2
      vertex 8.66025 5 10.8
    endloop
  endfacet
  facet normal -0.896871 -0.442293 0
    outer loop
      vertex -8.66025 -5 10.8
      vertex -9.2388 -3.82683 13.2
      vertex -9.2388 -3.82683 10.8
    endloop
  endfacet
  facet normal -0.896871 -0.442293 0
    outer loop
      vertex -9.2388 -3.82683 13.2
      vertex -8.66025 -5 10.8
      vertex -8.66025 -5 13.2
    endloop
  endfacet
  facet normal 0.831469 -0.555571 0
    outer loop
      vertex 7.93353 -6.08761 13.2
      vertex 8.66025 -5 10.8
      vertex 8.66025 -5 13.2
    endloop
  endfacet
  facet normal 0.831469 -0.555571 0
    outer loop
      vertex 8.66025 -5 10.8
      vertex 7.93353 -6.08761 13.2
      vertex 7.93353 -6.08761 10.8
    endloop
  endfacet
  facet normal -0.0654022 -0.997859 0
    outer loop
      vertex -1.30526 -9.91445 10.8
      vertex 0 -10 13.2
      vertex -1.30526 -9.91445 13.2
    endloop
  endfacet
  facet normal -0.0654022 -0.997859 -0
    outer loop
      vertex 0 -10 13.2
      vertex -1.30526 -9.91445 10.8
      vertex 0 -10 10.8
    endloop
  endfacet
  facet normal -0.980785 0.19509 0
    outer loop
      vertex -9.91445 1.30526 10.8
      vertex -9.65926 2.58819 13.2
      vertex -9.65926 2.58819 10.8
    endloop
  endfacet
  facet normal -0.980785 0.19509 0
    outer loop
      vertex -9.65926 2.58819 13.2
      vertex -9.91445 1.30526 10.8
      vertex -9.91445 1.30526 13.2
    endloop
  endfacet
  facet normal -0.555571 -0.831469 0
    outer loop
      vertex -6.08761 -7.93353 10.8
      vertex -5 -8.66025 13.2
      vertex -6.08761 -7.93353 13.2
    endloop
  endfacet
  facet normal -0.555571 -0.831469 -0
    outer loop
      vertex -5 -8.66025 13.2
      vertex -6.08761 -7.93353 10.8
      vertex -5 -8.66025 10.8
    endloop
  endfacet
  facet normal -0.0654022 0.997859 0
    outer loop
      vertex 0 10 10.8
      vertex -1.30526 9.91445 13.2
      vertex 0 10 13.2
    endloop
  endfacet
  facet normal -0.0654022 0.997859 0
    outer loop
      vertex -1.30526 9.91445 13.2
      vertex 0 10 10.8
      vertex -1.30526 9.91445 10.8
    endloop
  endfacet
  facet normal -0.980785 -0.19509 0
    outer loop
      vertex -9.65926 -2.58819 10.8
      vertex -9.91445 -1.30526 13.2
      vertex -9.91445 -1.30526 10.8
    endloop
  endfacet
  facet normal -0.980785 -0.19509 0
    outer loop
      vertex -9.91445 -1.30526 13.2
      vertex -9.65926 -2.58819 10.8
      vertex -9.65926 -2.58819 13.2
    endloop
  endfacet
  facet normal 0.555571 -0.831469 0
    outer loop
      vertex 5 -8.66025 10.8
      vertex 6.08761 -7.93353 13.2
      vertex 5 -8.66025 13.2
    endloop
  endfacet
  facet normal 0.555571 -0.831469 0
    outer loop
      vertex 6.08761 -7.93353 13.2
      vertex 5 -8.66025 10.8
      vertex 6.08761 -7.93353 10.8
    endloop
  endfacet
  facet normal -0.831469 0.555571 0
    outer loop
      vertex -8.66025 5 10.8
      vertex -7.93353 6.08761 13.2
      vertex -7.93353 6.08761 10.8
    endloop
  endfacet
  facet normal -0.831469 0.555571 0
    outer loop
      vertex -7.93353 6.08761 13.2
      vertex -8.66025 5 10.8
      vertex -8.66025 5 13.2
    endloop
  endfacet
  facet normal 0.980785 0.19509 0
    outer loop
      vertex 9.91445 1.30526 16.8
      vertex 9.65926 2.58819 14.4
      vertex 9.65926 2.58819 16.8
    endloop
  endfacet
  facet normal 0.980785 0.19509 0
    outer loop
      vertex 9.65926 2.58819 14.4
      vertex 9.91445 1.30526 16.8
      vertex 9.91445 1.30526 14.4
    endloop
  endfacet
  facet normal 0.997859 0.0654022 0
    outer loop
      vertex 10 0 16.8
      vertex 9.91445 1.30526 14.4
      vertex 9.91445 1.30526 16.8
    endloop
  endfacet
  facet normal 0.997859 0.0654022 0
    outer loop
      vertex 9.91445 1.30526 14.4
      vertex 10 0 16.8
      vertex 10 0 14.4
    endloop
  endfacet
  facet normal 0.946931 0.321438 0
    outer loop
      vertex 9.65926 2.58819 16.8
      vertex 9.2388 3.82683 14.4
      vertex 9.2388 3.82683 16.8
    endloop
  endfacet
  facet normal 0.946931 0.321438 0
    outer loop
      vertex 9.2388 3.82683 14.4
      vertex 9.65926 2.58819 16.8
      vertex 9.65926 2.58819 14.4
    endloop
  endfacet
  facet normal -0.997859 0.0654022 0
    outer loop
      vertex -10 0 14.4
      vertex -9.91445 1.30526 16.8
      vertex -9.91445 1.30526 14.4
    endloop
  endfacet
  facet normal -0.997859 0.0654022 0
    outer loop
      vertex -9.91445 1.30526 16.8
      vertex -10 0 14.4
      vertex -10 0 16.8
    endloop
  endfacet
  facet normal 0.321438 0.946931 -0
    outer loop
      vertex 3.82683 9.2388 14.4
      vertex 2.58819 9.65926 16.8
      vertex 3.82683 9.2388 16.8
    endloop
  endfacet
  facet normal 0.321438 0.946931 0
    outer loop
      vertex 2.58819 9.65926 16.8
      vertex 3.82683 9.2388 14.4
      vertex 2.58819 9.65926 14.4
    endloop
  endfacet
  facet normal 0.19509 0.980785 -0
    outer loop
      vertex 2.58819 9.65926 14.4
      vertex 1.30526 9.91445 16.8
      vertex 2.58819 9.65926 16.8
    endloop
  endfacet
  facet normal 0.19509 0.980785 0
    outer loop
      vertex 1.30526 9.91445 16.8
      vertex 2.58819 9.65926 14.4
      vertex 1.30526 9.91445 14.4
    endloop
  endfacet
  facet normal 0.896871 0.442293 0
    outer loop
      vertex 9.2388 3.82683 16.8
      vertex 8.66025 5 14.4
      vertex 8.66025 5 16.8
    endloop
  endfacet
  facet normal 0.896871 0.442293 0
    outer loop
      vertex 8.66025 5 14.4
      vertex 9.2388 3.82683 16.8
      vertex 9.2388 3.82683 14.4
    endloop
  endfacet
  facet normal 0.19509 -0.980785 0
    outer loop
      vertex 1.30526 -9.91445 14.4
      vertex 2.58819 -9.65926 16.8
      vertex 1.30526 -9.91445 16.8
    endloop
  endfacet
  facet normal 0.19509 -0.980785 0
    outer loop
      vertex 2.58819 -9.65926 16.8
      vertex 1.30526 -9.91445 14.4
      vertex 2.58819 -9.65926 14.4
    endloop
  endfacet
  facet normal 0.0654022 -0.997859 0
    outer loop
      vertex 0 -10 14.4
      vertex 1.30526 -9.91445 16.8
      vertex 0 -10 16.8
    endloop
  endfacet
  facet normal 0.0654022 -0.997859 0
    outer loop
      vertex 1.30526 -9.91445 16.8
      vertex 0 -10 14.4
      vertex 1.30526 -9.91445 14.4
    endloop
  endfacet
  facet normal 0.659341 0.751844 -0
    outer loop
      vertex 7.07107 7.07107 14.4
      vertex 6.08761 7.93353 16.8
      vertex 7.07107 7.07107 16.8
    endloop
  endfacet
  facet normal 0.659341 0.751844 0
    outer loop
      vertex 6.08761 7.93353 16.8
      vertex 7.07107 7.07107 14.4
      vertex 6.08761 7.93353 14.4
    endloop
  endfacet
  facet normal 0.896871 -0.442293 0
    outer loop
      vertex 8.66025 -5 16.8
      vertex 9.2388 -3.82683 14.4
      vertex 9.2388 -3.82683 16.8
    endloop
  endfacet
  facet normal 0.896871 -0.442293 0
    outer loop
      vertex 9.2388 -3.82683 14.4
      vertex 8.66025 -5 16.8
      vertex 8.66025 -5 14.4
    endloop
  endfacet
  facet normal -0.19509 -0.980785 0
    outer loop
      vertex -2.58819 -9.65926 14.4
      vertex -1.30526 -9.91445 16.8
      vertex -2.58819 -9.65926 16.8
    endloop
  endfacet
  facet normal -0.19509 -0.980785 -0
    outer loop
      vertex -1.30526 -9.91445 16.8
      vertex -2.58819 -9.65926 14.4
      vertex -1.30526 -9.91445 14.4
    endloop
  endfacet
  facet normal -0.896871 0.442293 0
    outer loop
      vertex -9.2388 3.82683 14.4
      vertex -8.66025 5 16.8
      vertex -8.66025 5 14.4
    endloop
  endfacet
  facet normal -0.896871 0.442293 0
    outer loop
      vertex -8.66025 5 16.8
      vertex -9.2388 3.82683 14.4
      vertex -9.2388 3.82683 16.8
    endloop
  endfacet
  facet normal 0.659341 -0.751844 0
    outer loop
      vertex 6.08761 -7.93353 14.4
      vertex 7.07107 -7.07107 16.8
      vertex 6.08761 -7.93353 16.8
    endloop
  endfacet
  facet normal 0.659341 -0.751844 0
    outer loop
      vertex 7.07107 -7.07107 16.8
      vertex 6.08761 -7.93353 14.4
      vertex 7.07107 -7.07107 14.4
    endloop
  endfacet
  facet normal 0.751844 -0.659341 0
    outer loop
      vertex 7.07107 -7.07107 16.8
      vertex 7.93353 -6.08761 14.4
      vertex 7.93353 -6.08761 16.8
    endloop
  endfacet
  facet normal 0.751844 -0.659341 0
    outer loop
      vertex 7.93353 -6.08761 14.4
      vertex 7.07107 -7.07107 16.8
      vertex 7.07107 -7.07107 14.4
    endloop
  endfacet
  facet normal 0.321438 -0.946931 0
    outer loop
      vertex 2.58819 -9.65926 14.4
      vertex 3.82683 -9.2388 16.8
      vertex 2.58819 -9.65926 16.8
    endloop
  endfacet
  facet normal 0.321438 -0.946931 0
    outer loop
      vertex 3.82683 -9.2388 16.8
      vertex 2.58819 -9.65926 14.4
      vertex 3.82683 -9.2388 14.4
    endloop
  endfacet
  facet normal -0.997859 -0.0654022 0
    outer loop
      vertex -9.91445 -1.30526 14.4
      vertex -10 0 16.8
      vertex -10 0 14.4
    endloop
  endfacet
  facet normal -0.997859 -0.0654022 0
    outer loop
      vertex -10 0 16.8
      vertex -9.91445 -1.30526 14.4
      vertex -9.91445 -1.30526 16.8
    endloop
  endfacet
  facet normal -0.659341 0.751844 0
    outer loop
      vertex -6.08761 7.93353 14.4
      vertex -7.07107 7.07107 16.8
      vertex -6.08761 7.93353 16.8
    endloop
  endfacet
  facet normal -0.659341 0.751844 0
    outer loop
      vertex -7.07107 7.07107 16.8
      vertex -6.08761 7.93353 14.4
      vertex -7.07107 7.07107 14.4
    endloop
  endfacet
  facet normal -0.321438 0.946931 0
    outer loop
      vertex -2.58819 9.65926 14.4
      vertex -3.82683 9.2388 16.8
      vertex -2.58819 9.65926 16.8
    endloop
  endfacet
  facet normal -0.321438 0.946931 0
    outer loop
      vertex -3.82683 9.2388 16.8
      vertex -2.58819 9.65926 14.4
      vertex -3.82683 9.2388 14.4
    endloop
  endfacet
  facet normal -0.831469 -0.555571 0
    outer loop
      vertex -7.93353 -6.08761 14.4
      vertex -8.66025 -5 16.8
      vertex -8.66025 -5 14.4
    endloop
  endfacet
  facet normal -0.831469 -0.555571 0
    outer loop
      vertex -8.66025 -5 16.8
      vertex -7.93353 -6.08761 14.4
      vertex -7.93353 -6.08761 16.8
    endloop
  endfacet
  facet normal 0.751844 0.659341 0
    outer loop
      vertex 7.93353 6.08761 16.8
      vertex 7.07107 7.07107 14.4
      vertex 7.07107 7.07107 16.8
    endloop
  endfacet
  facet normal 0.751844 0.659341 0
    outer loop
      vertex 7.07107 7.07107 14.4
      vertex 7.93353 6.08761 16.8
      vertex 7.93353 6.08761 14.4
    endloop
  endfacet
  facet normal -0.321438 -0.946931 0
    outer loop
      vertex -3.82683 -9.2388 14.4
      vertex -2.58819 -9.65926 16.8
      vertex -3.82683 -9.2388 16.8
    endloop
  endfacet
  facet normal -0.321438 -0.946931 -0
    outer loop
      vertex -2.58819 -9.65926 16.8
      vertex -3.82683 -9.2388 14.4
      vertex -2.58819 -9.65926 14.4
    endloop
  endfacet
  facet normal 0.442293 -0.896871 0
    outer loop
      vertex 3.82683 -9.2388 14.4
      vertex 5 -8.66025 16.8
      vertex 3.82683 -9.2388 16.8
    endloop
  endfacet
  facet normal 0.442293 -0.896871 0
    outer loop
      vertex 5 -8.66025 16.8
      vertex 3.82683 -9.2388 14.4
      vertex 5 -8.66025 14.4
    endloop
  endfacet
  facet normal -0.442293 0.896871 0
    outer loop
      vertex -3.82683 9.2388 14.4
      vertex -5 8.66025 16.8
      vertex -3.82683 9.2388 16.8
    endloop
  endfacet
  facet normal -0.442293 0.896871 0
    outer loop
      vertex -5 8.66025 16.8
      vertex -3.82683 9.2388 14.4
      vertex -5 8.66025 14.4
    endloop
  endfacet
  facet normal 0 0 1
    outer loop
      vertex 8 0 16.8
      vertex 10 0 16.8
      vertex 9.91445 1.30526 16.8
    endloop
  endfacet
  facet normal 0 0 1
    outer loop
      vertex 7.93156 1.04421 16.8
      vertex 9.91445 1.30526 16.8
      vertex 9.65926 2.58819 16.8
    endloop
  endfacet
  facet normal 0 0 1
    outer loop
      vertex 10 0 16.8
      vertex 8 0 16.8
      vertex 9.91445 -1.30526 16.8
    endloop
  endfacet
  facet normal 0 0 1
    outer loop
      vertex 7.72741 2.07055 16.8
      vertex 9.65926 2.58819 16.8
      vertex 9.2388 3.82683 16.8
    endloop
  endfacet
  facet normal -0 0 1
    outer loop
      vertex 7.93156 -1.04421 16.8
      vertex 9.91445 -1.30526 16.8
      vertex 8 0 16.8
    endloop
  endfacet
  facet normal 0 0 1
    outer loop
      vertex 7.39104 3.06147 16.8
      vertex 9.2388 3.82683 16.8
      vertex 8.66025 5 16.8
    endloop
  endfacet
  facet normal 0 0 1
    outer loop
      vertex 9.91445 -1.30526 16.8
      vertex 7.93156 -1.04421 16.8
      vertex 9.65926 -2.58819 16.8
    endloop
  endfacet
  facet normal -0 0 1
    outer loop
      vertex 7.72741 -2.07055 16.8
      vertex 9.65926 -2.58819 16.8
      vertex 7.93156 -1.04421 16.8
    endloop
  endfacet
  facet normal 0 0 1
    outer loop
      vertex 6.9282 4 16.8
      vertex 8.66025 5 16.8
      vertex 7.93353 6.08761 16.8
    endloop
  endfacet
  facet normal 0 0 1
    outer loop
      vertex 9.91445 1.30526 16.8
      vertex 7.93156 1.04421 16.8
      vertex 8 0 16.8
    endloop
  endfacet
  facet normal 0 0 1
    outer loop
      vertex 9.65926 2.58819 16.8
      vertex 7.72741 2.07055 16.8
      vertex 7.93156 1.04421 16.8
    endloop
  endfacet
  facet normal 0 0 1
    outer loop
      vertex 9.2388 3.82683 16.8
      vertex 7.39104 3.06147 16.8
      vertex 7.72741 2.07055 16.8
    endloop
  endfacet
  facet normal 0 0 1
    outer loop
      vertex 6.34683 4.87009 16.8
      vertex 7.93353 6.08761 16.8
      vertex 7.07107 7.07107 16.8
    endloop
  endfacet
  facet normal 0 0 1
    outer loop
      vertex 8.66025 5 16.8
      vertex 6.9282 4 16.8
      vertex 7.39104 3.06147 16.8
    endloop
  endfacet
  facet normal 0 0 1
    outer loop
      vertex 7.93353 6.08761 16.8
      vertex 6.34683 4.87009 16.8
      vertex 6.9282 4 16.8
    endloop
  endfacet
  facet normal 0 0 1
    outer loop
      vertex 5.65685 5.65685 16.8
      vertex 7.07107 7.07107 16.8
      vertex 6.08761 7.93353 16.8
    endloop
  endfacet
  facet normal 0 0 1
    outer loop
      vertex 7.07107 7.07107 16.8
      vertex 5.65685 5.65685 16.8
      vertex 6.34683 4.87009 16.8
    endloop
  endfacet
  facet normal 0 0 1
    outer loop
      vertex 4.87009 6.34683 16.8
      vertex 6.08761 7.93353 16.8
      vertex 5 8.66025 16.8
    endloop
  endfacet
  facet normal 0 0 1
    outer loop
      vertex 6.08761 7.93353 16.8
      vertex 4.87009 6.34683 16.8
      vertex 5.65685 5.65685 16.8
    endloop
  endfacet
  facet normal 0 0 1
    outer loop
      vertex 5 8.66025 16.8
      vertex 4 6.9282 16.8
      vertex 4.87009 6.34683 16.8
    endloop
  endfacet
  facet normal 0 0 1
    outer loop
      vertex 3.82683 9.2388 16.8
      vertex 4 6.9282 16.8
      vertex 5 8.66025 16.8
    endloop
  endfacet
  facet normal 0 0 1
    outer loop
      vertex 3.82683 9.2388 16.8
      vertex 3.06147 7.39104 16.8
      vertex 4 6.9282 16.8
    endloop
  endfacet
  facet normal 0 0 1
    outer loop
      vertex 2.58819 9.65926 16.8
      vertex 3.06147 7.39104 16.8
      vertex 3.82683 9.2388 16.8
    endloop
  endfacet
  facet normal 0 0 1
    outer loop
      vertex 2.58819 9.65926 16.8
      vertex 2.07055 7.72741 16.8
      vertex 3.06147 7.39104 16.8
    endloop
  endfacet
  facet normal 0 0 1
    outer loop
      vertex 1.30526 9.91445 16.8
      vertex 2.07055 7.72741 16.8
      vertex 2.58819 9.65926 16.8
    endloop
  endfacet
  facet normal 0 0 1
    outer loop
      vertex 1.30526 9.91445 16.8
      vertex 1.04421 7.93156 16.8
      vertex 2.07055 7.72741 16.8
    endloop
  endfacet
  facet normal 0 0 1
    outer loop
      vertex 0 10 16.8
      vertex 1.04421 7.93156 16.8
      vertex 1.30526 9.91445 16.8
    endloop
  endfacet
  facet normal 0 0 1
    outer loop
      vertex 0 10 16.8
      vertex 0 8 16.8
      vertex 1.04421 7.93156 16.8
    endloop
  endfacet
  facet normal 0 0 1
    outer loop
      vertex 0 10 16.8
      vertex -1.04421 7.93156 16.8
      vertex 0 8 16.8
    endloop
  endfacet
  facet normal -0 0 1
    outer loop
      vertex -1.30526 9.91445 16.8
      vertex -1.04421 7.93156 16.8
      vertex 0 10 16.8
    endloop
  endfacet
  facet normal 0 0 1
    outer loop
      vertex -1.30526 9.91445 16.8
      vertex -2.07055 7.72741 16.8
      vertex -1.04421 7.93156 16.8
    endloop
  endfacet
  facet normal -0 0 1
    outer loop
      vertex -2.58819 9.65926 16.8
      vertex -2.07055 7.72741 16.8
      vertex -1.30526 9.91445 16.8
    endloop
  endfacet
  facet normal 0 0 1
    outer loop
      vertex -2.58819 9.65926 16.8
      vertex -3.06147 7.39104 16.8
      vertex -2.07055 7.72741 16.8
    endloop
  endfacet
  facet normal -0 0 1
    outer loop
      vertex -3.82683 9.2388 16.8
      vertex -3.06147 7.39104 16.8
      vertex -2.58819 9.65926 16.8
    endloop
  endfacet
  facet normal 0 0 1
    outer loop
      vertex -3.82683 9.2388 16.8
      vertex -4 6.9282 16.8
      vertex -3.06147 7.39104 16.8
    endloop
  endfacet
  facet normal -0 0 1
    outer loop
      vertex -5 8.66025 16.8
      vertex -4 6.9282 16.8
      vertex -3.82683 9.2388 16.8
    endloop
  endfacet
  facet normal 0 0 1
    outer loop
      vertex -4 6.9282 16.8
      vertex -5 8.66025 16.8
      vertex -4.87009 6.34683 16.8
    endloop
  endfacet
  facet normal -0 0 1
    outer loop
      vertex -6.08761 7.93353 16.8
      vertex -4.87009 6.34683 16.8
      vertex -5 8.66025 16.8
    endloop
  endfacet
  facet normal 0 0 1
    outer loop
      vertex -4.87009 6.34683 16.8
      vertex -6.08761 7.93353 16.8
      vertex -5.65685 5.65685 16.8
    endloop
  endfacet
  facet normal -0 0 1
    outer loop
      vertex -7.07107 7.07107 16.8
      vertex -5.65685 5.65685 16.8
      vertex -6.08761 7.93353 16.8
    endloop
  endfacet
  facet normal 0 0 1
    outer loop
      vertex -5.65685 5.65685 16.8
      vertex -7.07107 7.07107 16.8
      vertex -6.34683 4.87009 16.8
    endloop
  endfacet
  facet normal -0 0 1
    outer loop
      vertex -7.93353 6.08761 16.8
      vertex -6.34683 4.87009 16.8
      vertex -7.07107 7.07107 16.8
    endloop
  endfacet
  facet normal 0 0 1
    outer loop
      vertex -6.34683 4.87009 16.8
      vertex -7.93353 6.08761 16.8
      vertex -6.9282 4 16.8
    endloop
  endfacet
  facet normal -0 0 1
    outer loop
      vertex -8.66025 5 16.8
      vertex -6.9282 4 16.8
      vertex -7.93353 6.08761 16.8
    endloop
  endfacet
  facet normal 0 0 1
    outer loop
      vertex -6.9282 4 16.8
      vertex -8.66025 5 16.8
      vertex -7.39104 3.06147 16.8
    endloop
  endfacet
  facet normal -0 0 1
    outer loop
      vertex -9.2388 3.82683 16.8
      vertex -7.39104 3.06147 16.8
      vertex -8.66025 5 16.8
    endloop
  endfacet
  facet normal 0 0 1
    outer loop
      vertex -7.39104 3.06147 16.8
      vertex -9.2388 3.82683 16.8
      vertex -7.72741 2.07055 16.8
    endloop
  endfacet
  facet normal -0 0 1
    outer loop
      vertex -9.65926 2.58819 16.8
      vertex -7.72741 2.07055 16.8
      vertex -9.2388 3.82683 16.8
    endloop
  endfacet
  facet normal 0 0 1
    outer loop
      vertex 9.65926 -2.58819 16.8
      vertex 7.72741 -2.07055 16.8
      vertex 9.2388 -3.82683 16.8
    endloop
  endfacet
  facet normal -0 0 1
    outer loop
      vertex 7.39104 -3.06147 16.8
      vertex 9.2388 -3.82683 16.8
      vertex 7.72741 -2.07055 16.8
    endloop
  endfacet
  facet normal 0 0 1
    outer loop
      vertex 9.2388 -3.82683 16.8
      vertex 7.39104 -3.06147 16.8
      vertex 8.66025 -5 16.8
    endloop
  endfacet
  facet normal -0 0 1
    outer loop
      vertex 6.9282 -4 16.8
      vertex 8.66025 -5 16.8
      vertex 7.39104 -3.06147 16.8
    endloop
  endfacet
  facet normal 0 0 1
    outer loop
      vertex 8.66025 -5 16.8
      vertex 6.9282 -4 16.8
      vertex 7.93353 -6.08761 16.8
    endloop
  endfacet
  facet normal -0 0 1
    outer loop
      vertex 6.34683 -4.87009 16.8
      vertex 7.93353 -6.08761 16.8
      vertex 6.9282 -4 16.8
    endloop
  endfacet
  facet normal 0 0 1
    outer loop
      vertex 7.93353 -6.08761 16.8
      vertex 6.34683 -4.87009 16.8
      vertex 7.07107 -7.07107 16.8
    endloop
  endfacet
  facet normal -0 0 1
    outer loop
      vertex 5.65685 -5.65685 16.8
      vertex 7.07107 -7.07107 16.8
      vertex 6.34683 -4.87009 16.8
    endloop
  endfacet
  facet normal 0 0 1
    outer loop
      vertex 7.07107 -7.07107 16.8
      vertex 5.65685 -5.65685 16.8
      vertex 6.08761 -7.93353 16.8
    endloop
  endfacet
  facet normal -0 0 1
    outer loop
      vertex 4.87009 -6.34683 16.8
      vertex 6.08761 -7.93353 16.8
      vertex 5.65685 -5.65685 16.8
    endloop
  endfacet
  facet normal 0 0 1
    outer loop
      vertex 6.08761 -7.93353 16.8
      vertex 4.87009 -6.34683 16.8
      vertex 5 -8.66025 16.8
    endloop
  endfacet
  facet normal -0 0 1
    outer loop
      vertex 4 -6.9282 16.8
      vertex 5 -8.66025 16.8
      vertex 4.87009 -6.34683 16.8
    endloop
  endfacet
  facet normal 0 0 1
    outer loop
      vertex 4 -6.9282 16.8
      vertex 3.82683 -9.2388 16.8
      vertex 5 -8.66025 16.8
    endloop
  endfacet
  facet normal -0 0 1
    outer loop
      vertex 3.06147 -7.39104 16.8
      vertex 3.82683 -9.2388 16.8
      vertex 4 -6.9282 16.8
    endloop
  endfacet
  facet normal 0 0 1
    outer loop
      vertex 3.06147 -7.39104 16.8
      vertex 2.58819 -9.65926 16.8
      vertex 3.82683 -9.2388 16.8
    endloop
  endfacet
  facet normal -0 0 1
    outer loop
      vertex 2.07055 -7.72741 16.8
      vertex 2.58819 -9.65926 16.8
      vertex 3.06147 -7.39104 16.8
    endloop
  endfacet
  facet normal 0 0 1
    outer loop
      vertex 2.07055 -7.72741 16.8
      vertex 1.30526 -9.91445 16.8
      vertex 2.58819 -9.65926 16.8
    endloop
  endfacet
  facet normal -0 0 1
    outer loop
      vertex 1.04421 -7.93156 16.8
      vertex 1.30526 -9.91445 16.8
      vertex 2.07055 -7.72741 16.8
    endloop
  endfacet
  facet normal -0 0 1
    outer loop
      vertex 0 -8 16.8
      vertex 1.30526 -9.91445 16.8
      vertex 1.04421 -7.93156 16.8
    endloop
  endfacet
  facet normal 0 0 1
    outer loop
      vertex 0 -8 16.8
      vertex 0 -10 16.8
      vertex 1.30526 -9.91445 16.8
    endloop
  endfacet
  facet normal 0 0 1
    outer loop
      vertex -1.04421 -7.93156 16.8
      vertex 0 -10 16.8
      vertex 0 -8 16.8
    endloop
  endfacet
  facet normal 0 0 1
    outer loop
      vertex -1.04421 -7.93156 16.8
      vertex -1.30526 -9.91445 16.8
      vertex 0 -10 16.8
    endloop
  endfacet
  facet normal 0 0 1
    outer loop
      vertex -2.07055 -7.72741 16.8
      vertex -1.30526 -9.91445 16.8
      vertex -1.04421 -7.93156 16.8
    endloop
  endfacet
  facet normal 0 0 1
    outer loop
      vertex -2.07055 -7.72741 16.8
      vertex -2.58819 -9.65926 16.8
      vertex -1.30526 -9.91445 16.8
    endloop
  endfacet
  facet normal 0 0 1
    outer loop
      vertex -3.06147 -7.39104 16.8
      vertex -2.58819 -9.65926 16.8
      vertex -2.07055 -7.72741 16.8
    endloop
  endfacet
  facet normal 0 0 1
    outer loop
      vertex -3.06147 -7.39104 16.8
      vertex -3.82683 -9.2388 16.8
      vertex -2.58819 -9.65926 16.8
    endloop
  endfacet
  facet normal 0 0 1
    outer loop
      vertex -4 -6.9282 16.8
      vertex -3.82683 -9.2388 16.8
      vertex -3.06147 -7.39104 16.8
    endloop
  endfacet
  facet normal 0 0 1
    outer loop
      vertex -5 -8.66025 16.8
      vertex -4 -6.9282 16.8
      vertex -4.87009 -6.34683 16.8
    endloop
  endfacet
  facet normal 0 0 1
    outer loop
      vertex -4 -6.9282 16.8
      vertex -5 -8.66025 16.8
      vertex -3.82683 -9.2388 16.8
    endloop
  endfacet
  facet normal 0 0 1
    outer loop
      vertex -6.08761 -7.93353 16.8
      vertex -4.87009 -6.34683 16.8
      vertex -5.65685 -5.65685 16.8
    endloop
  endfacet
  facet normal 0 0 1
    outer loop
      vertex -4.87009 -6.34683 16.8
      vertex -6.08761 -7.93353 16.8
      vertex -5 -8.66025 16.8
    endloop
  endfacet
  facet normal 0 0 1
    outer loop
      vertex -7.07107 -7.07107 16.8
      vertex -5.65685 -5.65685 16.8
      vertex -6.34683 -4.87009 16.8
    endloop
  endfacet
  facet normal 0 0 1
    outer loop
      vertex -7.93353 -6.08761 16.8
      vertex -6.34683 -4.87009 16.8
      vertex -6.9282 -4 16.8
    endloop
  endfacet
  facet normal 0 0 1
    outer loop
      vertex -5.65685 -5.65685 16.8
      vertex -7.07107 -7.07107 16.8
      vertex -6.08761 -7.93353 16.8
    endloop
  endfacet
  facet normal 0 0 1
    outer loop
      vertex -8.66025 -5 16.8
      vertex -6.9282 -4 16.8
      vertex -7.39104 -3.06147 16.8
    endloop
  endfacet
  facet normal 0 0 1
    outer loop
      vertex -9.2388 -3.82683 16.8
      vertex -7.39104 -3.06147 16.8
      vertex -7.72741 -2.07055 16.8
    endloop
  endfacet
  facet normal 0 0 1
    outer loop
      vertex -9.65926 -2.58819 16.8
      vertex -7.72741 -2.07055 16.8
      vertex -7.93156 -1.04421 16.8
    endloop
  endfacet
  facet normal 0 0 1
    outer loop
      vertex -6.34683 -4.87009 16.8
      vertex -7.93353 -6.08761 16.8
      vertex -7.07107 -7.07107 16.8
    endloop
  endfacet
  facet normal 0 0 1
    outer loop
      vertex -9.91445 -1.30526 16.8
      vertex -7.93156 -1.04421 16.8
      vertex -8 0 16.8
    endloop
  endfacet
  facet normal 0 0 1
    outer loop
      vertex -7.72741 2.07055 16.8
      vertex -9.65926 2.58819 16.8
      vertex -7.93156 1.04421 16.8
    endloop
  endfacet
  facet normal 0 0 1
    outer loop
      vertex -6.9282 -4 16.8
      vertex -8.66025 -5 16.8
      vertex -7.93353 -6.08761 16.8
    endloop
  endfacet
  facet normal -0 0 1
    outer loop
      vertex -9.91445 1.30526 16.8
      vertex -7.93156 1.04421 16.8
      vertex -9.65926 2.58819 16.8
    endloop
  endfacet
  facet normal 0 0 1
    outer loop
      vertex -7.39104 -3.06147 16.8
      vertex -9.2388 -3.82683 16.8
      vertex -8.66025 -5 16.8
    endloop
  endfacet
  facet normal 0 0 1
    outer loop
      vertex -7.93156 1.04421 16.8
      vertex -9.91445 1.30526 16.8
      vertex -8 0 16.8
    endloop
  endfacet
  facet normal 0 0 1
    outer loop
      vertex -7.72741 -2.07055 16.8
      vertex -9.65926 -2.58819 16.8
      vertex -9.2388 -3.82683 16.8
    endloop
  endfacet
  facet normal 0 0 1
    outer loop
      vertex -10 0 16.8
      vertex -8 0 16.8
      vertex -9.91445 1.30526 16.8
    endloop
  endfacet
  facet normal 0 0 1
    outer loop
      vertex -7.93156 -1.04421 16.8
      vertex -9.91445 -1.30526 16.8
      vertex -9.65926 -2.58819 16.8
    endloop
  endfacet
  facet normal 0 0 1
    outer loop
      vertex -8 0 16.8
      vertex -10 0 16.8
      vertex -9.91445 -1.30526 16.8
    endloop
  endfacet
  facet normal 0.980785 -0.19509 0
    outer loop
      vertex 9.65926 -2.58819 16.8
      vertex 9.91445 -1.30526 14.4
      vertex 9.91445 -1.30526 16.8
    endloop
  endfacet
  facet normal 0.980785 -0.19509 0
    outer loop
      vertex 9.91445 -1.30526 14.4
      vertex 9.65926 -2.58819 16.8
      vertex 9.65926 -2.58819 14.4
    endloop
  endfacet
  facet normal -0.946931 -0.321438 0
    outer loop
      vertex -9.2388 -3.82683 14.4
      vertex -9.65926 -2.58819 16.8
      vertex -9.65926 -2.58819 14.4
    endloop
  endfacet
  facet normal -0.946931 -0.321438 0
    outer loop
      vertex -9.65926 -2.58819 16.8
      vertex -9.2388 -3.82683 14.4
      vertex -9.2388 -3.82683 16.8
    endloop
  endfacet
  facet normal 0.946931 -0.321438 0
    outer loop
      vertex 9.2388 -3.82683 16.8
      vertex 9.65926 -2.58819 14.4
      vertex 9.65926 -2.58819 16.8
    endloop
  endfacet
  facet normal 0.946931 -0.321438 0
    outer loop
      vertex 9.65926 -2.58819 14.4
      vertex 9.2388 -3.82683 16.8
      vertex 9.2388 -3.82683 14.4
    endloop
  endfacet
  facet normal 0.555571 0.831469 -0
    outer loop
      vertex 6.08761 7.93353 14.4
      vertex 5 8.66025 16.8
      vertex 6.08761 7.93353 16.8
    endloop
  endfacet
  facet normal 0.555571 0.831469 0
    outer loop
      vertex 5 8.66025 16.8
      vertex 6.08761 7.93353 14.4
      vertex 5 8.66025 14.4
    endloop
  endfacet
  facet normal 0.442293 0.896871 -0
    outer loop
      vertex 5 8.66025 14.4
      vertex 3.82683 9.2388 16.8
      vertex 5 8.66025 16.8
    endloop
  endfacet
  facet normal 0.442293 0.896871 0
    outer loop
      vertex 3.82683 9.2388 16.8
      vertex 5 8.66025 14.4
      vertex 3.82683 9.2388 14.4
    endloop
  endfacet
  facet normal -0.19509 0.980785 0
    outer loop
      vertex -1.30526 9.91445 14.4
      vertex -2.58819 9.65926 16.8
      vertex -1.30526 9.91445 16.8
    endloop
  endfacet
  facet normal -0.19509 0.980785 0
    outer loop
      vertex -2.58819 9.65926 16.8
      vertex -1.30526 9.91445 14.4
      vertex -2.58819 9.65926 14.4
    endloop
  endfacet
  facet normal -0.442293 -0.896871 0
    outer loop
      vertex -5 -8.66025 14.4
      vertex -3.82683 -9.2388 16.8
      vertex -5 -8.66025 16.8
    endloop
  endfacet
  facet normal -0.442293 -0.896871 -0
    outer loop
      vertex -3.82683 -9.2388 16.8
      vertex -5 -8.66025 14.4
      vertex -3.82683 -9.2388 14.4
    endloop
  endfacet
  facet normal -0.0654022 0.997859 0
    outer loop
      vertex 0 10 14.4
      vertex -1.30526 9.91445 16.8
      vertex 0 10 16.8
    endloop
  endfacet
  facet normal -0.0654022 0.997859 0
    outer loop
      vertex -1.30526 9.91445 16.8
      vertex 0 10 14.4
      vertex -1.30526 9.91445 14.4
    endloop
  endfacet
  facet normal -0.751844 0.659341 0
    outer loop
      vertex -7.93353 6.08761 14.4
      vertex -7.07107 7.07107 16.8
      vertex -7.07107 7.07107 14.4
    endloop
  endfacet
  facet normal -0.751844 0.659341 0
    outer loop
      vertex -7.07107 7.07107 16.8
      vertex -7.93353 6.08761 14.4
      vertex -7.93353 6.08761 16.8
    endloop
  endfacet
  facet normal 0.997859 -0.0654022 0
    outer loop
      vertex 9.91445 -1.30526 16.8
      vertex 10 0 14.4
      vertex 10 0 16.8
    endloop
  endfacet
  facet normal 0.997859 -0.0654022 0
    outer loop
      vertex 10 0 14.4
      vertex 9.91445 -1.30526 16.8
      vertex 9.91445 -1.30526 14.4
    endloop
  endfacet
  facet normal -0.946931 0.321438 0
    outer loop
      vertex -9.65926 2.58819 14.4
      vertex -9.2388 3.82683 16.8
      vertex -9.2388 3.82683 14.4
    endloop
  endfacet
  facet normal -0.946931 0.321438 0
    outer loop
      vertex -9.2388 3.82683 16.8
      vertex -9.65926 2.58819 14.4
      vertex -9.65926 2.58819 16.8
    endloop
  endfacet
  facet normal -0.659341 -0.751844 0
    outer loop
      vertex -7.07107 -7.07107 14.4
      vertex -6.08761 -7.93353 16.8
      vertex -7.07107 -7.07107 16.8
    endloop
  endfacet
  facet normal -0.659341 -0.751844 -0
    outer loop
      vertex -6.08761 -7.93353 16.8
      vertex -7.07107 -7.07107 14.4
      vertex -6.08761 -7.93353 14.4
    endloop
  endfacet
  facet normal 0 0 -1
    outer loop
      vertex 8 0 14.4
      vertex 10 0 14.4
      vertex 9.91445 -1.30526 14.4
    endloop
  endfacet
  facet normal 0 0 -1
    outer loop
      vertex 7.93156 -1.04421 14.4
      vertex 9.91445 -1.30526 14.4
      vertex 9.65926 -2.58819 14.4
    endloop
  endfacet
  facet normal 0 0 -1
    outer loop
      vertex 10 0 14.4
      vertex 8 0 14.4
      vertex 9.91445 1.30526 14.4
    endloop
  endfacet
  facet normal 0 0 -1
    outer loop
      vertex 7.72741 -2.07055 14.4
      vertex 9.65926 -2.58819 14.4
      vertex 9.2388 -3.82683 14.4
    endloop
  endfacet
  facet normal 0 0 -1
    outer loop
      vertex 7.93156 1.04421 14.4
      vertex 9.91445 1.30526 14.4
      vertex 8 0 14.4
    endloop
  endfacet
  facet normal 0 0 -1
    outer loop
      vertex 7.39104 -3.06147 14.4
      vertex 9.2388 -3.82683 14.4
      vertex 8.66025 -5 14.4
    endloop
  endfacet
  facet normal -0 0 -1
    outer loop
      vertex 9.91445 1.30526 14.4
      vertex 7.93156 1.04421 14.4
      vertex 9.65926 2.58819 14.4
    endloop
  endfacet
  facet normal 0 0 -1
    outer loop
      vertex 7.72741 2.07055 14.4
      vertex 9.65926 2.58819 14.4
      vertex 7.93156 1.04421 14.4
    endloop
  endfacet
  facet normal 0 0 -1
    outer loop
      vertex 6.9282 -4 14.4
      vertex 8.66025 -5 14.4
      vertex 7.93353 -6.08761 14.4
    endloop
  endfacet
  facet normal 0 0 -1
    outer loop
      vertex 9.91445 -1.30526 14.4
      vertex 7.93156 -1.04421 14.4
      vertex 8 0 14.4
    endloop
  endfacet
  facet normal 0 0 -1
    outer loop
      vertex 9.65926 -2.58819 14.4
      vertex 7.72741 -2.07055 14.4
      vertex 7.93156 -1.04421 14.4
    endloop
  endfacet
  facet normal 0 0 -1
    outer loop
      vertex 9.2388 -3.82683 14.4
      vertex 7.39104 -3.06147 14.4
      vertex 7.72741 -2.07055 14.4
    endloop
  endfacet
  facet normal 0 0 -1
    outer loop
      vertex 6.34683 -4.87009 14.4
      vertex 7.93353 -6.08761 14.4
      vertex 7.07107 -7.07107 14.4
    endloop
  endfacet
  facet normal 0 0 -1
    outer loop
      vertex 8.66025 -5 14.4
      vertex 6.9282 -4 14.4
      vertex 7.39104 -3.06147 14.4
    endloop
  endfacet
  facet normal 0 0 -1
    outer loop
      vertex 7.93353 -6.08761 14.4
      vertex 6.34683 -4.87009 14.4
      vertex 6.9282 -4 14.4
    endloop
  endfacet
  facet normal 0 0 -1
    outer loop
      vertex 5.65685 -5.65685 14.4
      vertex 7.07107 -7.07107 14.4
      vertex 6.08761 -7.93353 14.4
    endloop
  endfacet
  facet normal 0 0 -1
    outer loop
      vertex 7.07107 -7.07107 14.4
      vertex 5.65685 -5.65685 14.4
      vertex 6.34683 -4.87009 14.4
    endloop
  endfacet
  facet normal 0 0 -1
    outer loop
      vertex 4.87009 -6.34683 14.4
      vertex 6.08761 -7.93353 14.4
      vertex 5 -8.66025 14.4
    endloop
  endfacet
  facet normal 0 0 -1
    outer loop
      vertex 6.08761 -7.93353 14.4
      vertex 4.87009 -6.34683 14.4
      vertex 5.65685 -5.65685 14.4
    endloop
  endfacet
  facet normal 0 0 -1
    outer loop
      vertex 5 -8.66025 14.4
      vertex 4 -6.9282 14.4
      vertex 4.87009 -6.34683 14.4
    endloop
  endfacet
  facet normal 0 0 -1
    outer loop
      vertex 3.82683 -9.2388 14.4
      vertex 4 -6.9282 14.4
      vertex 5 -8.66025 14.4
    endloop
  endfacet
  facet normal 0 0 -1
    outer loop
      vertex 3.82683 -9.2388 14.4
      vertex 3.06147 -7.39104 14.4
      vertex 4 -6.9282 14.4
    endloop
  endfacet
  facet normal 0 0 -1
    outer loop
      vertex 2.58819 -9.65926 14.4
      vertex 3.06147 -7.39104 14.4
      vertex 3.82683 -9.2388 14.4
    endloop
  endfacet
  facet normal 0 0 -1
    outer loop
      vertex 2.58819 -9.65926 14.4
      vertex 2.07055 -7.72741 14.4
      vertex 3.06147 -7.39104 14.4
    endloop
  endfacet
  facet normal 0 0 -1
    outer loop
      vertex 1.30526 -9.91445 14.4
      vertex 2.07055 -7.72741 14.4
      vertex 2.58819 -9.65926 14.4
    endloop
  endfacet
  facet normal 0 0 -1
    outer loop
      vertex 1.30526 -9.91445 14.4
      vertex 1.04421 -7.93156 14.4
      vertex 2.07055 -7.72741 14.4
    endloop
  endfacet
  facet normal 0 0 -1
    outer loop
      vertex 0 -10 14.4
      vertex 1.04421 -7.93156 14.4
      vertex 1.30526 -9.91445 14.4
    endloop
  endfacet
  facet normal 0 0 -1
    outer loop
      vertex 0 -10 14.4
      vertex 0 -8 14.4
      vertex 1.04421 -7.93156 14.4
    endloop
  endfacet
  facet normal 0 0 -1
    outer loop
      vertex 0 -10 14.4
      vertex -1.04421 -7.93156 14.4
      vertex 0 -8 14.4
    endloop
  endfacet
  facet normal 0 0 -1
    outer loop
      vertex -1.30526 -9.91445 14.4
      vertex -1.04421 -7.93156 14.4
      vertex 0 -10 14.4
    endloop
  endfacet
  facet normal 0 0 -1
    outer loop
      vertex -1.30526 -9.91445 14.4
      vertex -2.07055 -7.72741 14.4
      vertex -1.04421 -7.93156 14.4
    endloop
  endfacet
  facet normal 0 0 -1
    outer loop
      vertex -2.58819 -9.65926 14.4
      vertex -2.07055 -7.72741 14.4
      vertex -1.30526 -9.91445 14.4
    endloop
  endfacet
  facet normal 0 0 -1
    outer loop
      vertex -2.58819 -9.65926 14.4
      vertex -3.06147 -7.39104 14.4
      vertex -2.07055 -7.72741 14.4
    endloop
  endfacet
  facet normal 0 0 -1
    outer loop
      vertex -3.82683 -9.2388 14.4
      vertex -3.06147 -7.39104 14.4
      vertex -2.58819 -9.65926 14.4
    endloop
  endfacet
  facet normal 0 0 -1
    outer loop
      vertex -3.82683 -9.2388 14.4
      vertex -4 -6.9282 14.4
      vertex -3.06147 -7.39104 14.4
    endloop
  endfacet
  facet normal 0 0 -1
    outer loop
      vertex -5 -8.66025 14.4
      vertex -4 -6.9282 14.4
      vertex -3.82683 -9.2388 14.4
    endloop
  endfacet
  facet normal -0 0 -1
    outer loop
      vertex -4 -6.9282 14.4
      vertex -5 -8.66025 14.4
      vertex -4.87009 -6.34683 14.4
    endloop
  endfacet
  facet normal 0 0 -1
    outer loop
      vertex -6.08761 -7.93353 14.4
      vertex -4.87009 -6.34683 14.4
      vertex -5 -8.66025 14.4
    endloop
  endfacet
  facet normal -0 0 -1
    outer loop
      vertex -4.87009 -6.34683 14.4
      vertex -6.08761 -7.93353 14.4
      vertex -5.65685 -5.65685 14.4
    endloop
  endfacet
  facet normal 0 0 -1
    outer loop
      vertex -7.07107 -7.07107 14.4
      vertex -5.65685 -5.65685 14.4
      vertex -6.08761 -7.93353 14.4
    endloop
  endfacet
  facet normal -0 0 -1
    outer loop
      vertex -5.65685 -5.65685 14.4
      vertex -7.07107 -7.07107 14.4
      vertex -6.34683 -4.87009 14.4
    endloop
  endfacet
  facet normal 0 0 -1
    outer loop
      vertex -7.93353 -6.08761 14.4
      vertex -6.34683 -4.87009 14.4
      vertex -7.07107 -7.07107 14.4
    endloop
  endfacet
  facet normal -0 0 -1
    outer loop
      vertex -6.34683 -4.87009 14.4
      vertex -7.93353 -6.08761 14.4
      vertex -6.9282 -4 14.4
    endloop
  endfacet
  facet normal 0 0 -1
    outer loop
      vertex -8.66025 -5 14.4
      vertex -6.9282 -4 14.4
      vertex -7.93353 -6.08761 14.4
    endloop
  endfacet
  facet normal -0 0 -1
    outer loop
      vertex -6.9282 -4 14.4
      vertex -8.66025 -5 14.4
      vertex -7.39104 -3.06147 14.4
    endloop
  endfacet
  facet normal 0 0 -1
    outer loop
      vertex -9.2388 -3.82683 14.4
      vertex -7.39104 -3.06147 14.4
      vertex -8.66025 -5 14.4
    endloop
  endfacet
  facet normal -0 0 -1
    outer loop
      vertex -7.39104 -3.06147 14.4
      vertex -9.2388 -3.82683 14.4
      vertex -7.72741 -2.07055 14.4
    endloop
  endfacet
  facet normal 0 0 -1
    outer loop
      vertex -9.65926 -2.58819 14.4
      vertex -7.72741 -2.07055 14.4
      vertex -9.2388 -3.82683 14.4
    endloop
  endfacet
  facet normal -0 0 -1
    outer loop
      vertex 9.65926 2.58819 14.4
      vertex 7.72741 2.07055 14.4
      vertex 9.2388 3.82683 14.4
    endloop
  endfacet
  facet normal 0 0 -1
    outer loop
      vertex 7.39104 3.06147 14.4
      vertex 9.2388 3.82683 14.4
      vertex 7.72741 2.07055 14.4
    endloop
  endfacet
  facet normal -0 0 -1
    outer loop
      vertex 9.2388 3.82683 14.4
      vertex 7.39104 3.06147 14.4
      vertex 8.66025 5 14.4
    endloop
  endfacet
  facet normal 0 0 -1
    outer loop
      vertex 6.9282 4 14.4
      vertex 8.66025 5 14.4
      vertex 7.39104 3.06147 14.4
    endloop
  endfacet
  facet normal -0 0 -1
    outer loop
      vertex 8.66025 5 14.4
      vertex 6.9282 4 14.4
      vertex 7.93353 6.08761 14.4
    endloop
  endfacet
  facet normal 0 0 -1
    outer loop
      vertex 6.34683 4.87009 14.4
      vertex 7.93353 6.08761 14.4
      vertex 6.9282 4 14.4
    endloop
  endfacet
  facet normal -0 0 -1
    outer loop
      vertex 7.93353 6.08761 14.4
      vertex 6.34683 4.87009 14.4
      vertex 7.07107 7.07107 14.4
    endloop
  endfacet
  facet normal 0 0 -1
    outer loop
      vertex 5.65685 5.65685 14.4
      vertex 7.07107 7.07107 14.4
      vertex 6.34683 4.87009 14.4
    endloop
  endfacet
  facet normal -0 0 -1
    outer loop
      vertex 7.07107 7.07107 14.4
      vertex 5.65685 5.65685 14.4
      vertex 6.08761 7.93353 14.4
    endloop
  endfacet
  facet normal 0 0 -1
    outer loop
      vertex 4.87009 6.34683 14.4
      vertex 6.08761 7.93353 14.4
      vertex 5.65685 5.65685 14.4
    endloop
  endfacet
  facet normal -0 0 -1
    outer loop
      vertex 6.08761 7.93353 14.4
      vertex 4.87009 6.34683 14.4
      vertex 5 8.66025 14.4
    endloop
  endfacet
  facet normal 0 0 -1
    outer loop
      vertex 4 6.9282 14.4
      vertex 5 8.66025 14.4
      vertex 4.87009 6.34683 14.4
    endloop
  endfacet
  facet normal 0 0 -1
    outer loop
      vertex 4 6.9282 14.4
      vertex 3.82683 9.2388 14.4
      vertex 5 8.66025 14.4
    endloop
  endfacet
  facet normal 0 0 -1
    outer loop
      vertex 3.06147 7.39104 14.4
      vertex 3.82683 9.2388 14.4
      vertex 4 6.9282 14.4
    endloop
  endfacet
  facet normal 0 0 -1
    outer loop
      vertex 3.06147 7.39104 14.4
      vertex 2.58819 9.65926 14.4
      vertex 3.82683 9.2388 14.4
    endloop
  endfacet
  facet normal 0 0 -1
    outer loop
      vertex 2.07055 7.72741 14.4
      vertex 2.58819 9.65926 14.4
      vertex 3.06147 7.39104 14.4
    endloop
  endfacet
  facet normal 0 0 -1
    outer loop
      vertex 2.07055 7.72741 14.4
      vertex 1.30526 9.91445 14.4
      vertex 2.58819 9.65926 14.4
    endloop
  endfacet
  facet normal 0 0 -1
    outer loop
      vertex 1.04421 7.93156 14.4
      vertex 1.30526 9.91445 14.4
      vertex 2.07055 7.72741 14.4
    endloop
  endfacet
  facet normal 0 0 -1
    outer loop
      vertex 0 8 14.4
      vertex 1.30526 9.91445 14.4
      vertex 1.04421 7.93156 14.4
    endloop
  endfacet
  facet normal 0 0 -1
    outer loop
      vertex 0 8 14.4
      vertex 0 10 14.4
      vertex 1.30526 9.91445 14.4
    endloop
  endfacet
  facet normal 0 0 -1
    outer loop
      vertex -1.04421 7.93156 14.4
      vertex 0 10 14.4
      vertex 0 8 14.4
    endloop
  endfacet
  facet normal 0 0 -1
    outer loop
      vertex -1.04421 7.93156 14.4
      vertex -1.30526 9.91445 14.4
      vertex 0 10 14.4
    endloop
  endfacet
  facet normal 0 0 -1
    outer loop
      vertex -2.07055 7.72741 14.4
      vertex -1.30526 9.91445 14.4
      vertex -1.04421 7.93156 14.4
    endloop
  endfacet
  facet normal 0 0 -1
    outer loop
      vertex -2.07055 7.72741 14.4
      vertex -2.58819 9.65926 14.4
      vertex -1.30526 9.91445 14.4
    endloop
  endfacet
  facet normal 0 0 -1
    outer loop
      vertex -3.06147 7.39104 14.4
      vertex -2.58819 9.65926 14.4
      vertex -2.07055 7.72741 14.4
    endloop
  endfacet
  facet normal 0 0 -1
    outer loop
      vertex -3.06147 7.39104 14.4
      vertex -3.82683 9.2388 14.4
      vertex -2.58819 9.65926 14.4
    endloop
  endfacet
  facet normal 0 0 -1
    outer loop
      vertex -4 6.9282 14.4
      vertex -3.82683 9.2388 14.4
      vertex -3.06147 7.39104 14.4
    endloop
  endfacet
  facet normal 0 0 -1
    outer loop
      vertex -5 8.66025 14.4
      vertex -4 6.9282 14.4
      vertex -4.87009 6.34683 14.4
    endloop
  endfacet
  facet normal 0 0 -1
    outer loop
      vertex -4 6.9282 14.4
      vertex -5 8.66025 14.4
      vertex -3.82683 9.2388 14.4
    endloop
  endfacet
  facet normal 0 0 -1
    outer loop
      vertex -6.08761 7.93353 14.4
      vertex -4.87009 6.34683 14.4
      vertex -5.65685 5.65685 14.4
    endloop
  endfacet
  facet normal 0 0 -1
    outer loop
      vertex -4.87009 6.34683 14.4
      vertex -6.08761 7.93353 14.4
      vertex -5 8.66025 14.4
    endloop
  endfacet
  facet normal 0 0 -1
    outer loop
      vertex -7.07107 7.07107 14.4
      vertex -5.65685 5.65685 14.4
      vertex -6.34683 4.87009 14.4
    endloop
  endfacet
  facet normal 0 0 -1
    outer loop
      vertex -7.93353 6.08761 14.4
      vertex -6.34683 4.87009 14.4
      vertex -6.9282 4 14.4
    endloop
  endfacet
  facet normal 0 0 -1
    outer loop
      vertex -5.65685 5.65685 14.4
      vertex -7.07107 7.07107 14.4
      vertex -6.08761 7.93353 14.4
    endloop
  endfacet
  facet normal 0 0 -1
    outer loop
      vertex -8.66025 5 14.4
      vertex -6.9282 4 14.4
      vertex -7.39104 3.06147 14.4
    endloop
  endfacet
  facet normal 0 0 -1
    outer loop
      vertex -9.2388 3.82683 14.4
      vertex -7.39104 3.06147 14.4
      vertex -7.72741 2.07055 14.4
    endloop
  endfacet
  facet normal 0 0 -1
    outer loop
      vertex -9.65926 2.58819 14.4
      vertex -7.72741 2.07055 14.4
      vertex -7.93156 1.04421 14.4
    endloop
  endfacet
  facet normal 0 0 -1
    outer loop
      vertex -6.34683 4.87009 14.4
      vertex -7.93353 6.08761 14.4
      vertex -7.07107 7.07107 14.4
    endloop
  endfacet
  facet normal 0 0 -1
    outer loop
      vertex -9.91445 1.30526 14.4
      vertex -7.93156 1.04421 14.4
      vertex -8 0 14.4
    endloop
  endfacet
  facet normal -0 0 -1
    outer loop
      vertex -7.72741 -2.07055 14.4
      vertex -9.65926 -2.58819 14.4
      vertex -7.93156 -1.04421 14.4
    endloop
  endfacet
  facet normal 0 0 -1
    outer loop
      vertex -6.9282 4 14.4
      vertex -8.66025 5 14.4
      vertex -7.93353 6.08761 14.4
    endloop
  endfacet
  facet normal 0 0 -1
    outer loop
      vertex -9.91445 -1.30526 14.4
      vertex -7.93156 -1.04421 14.4
      vertex -9.65926 -2.58819 14.4
    endloop
  endfacet
  facet normal 0 0 -1
    outer loop
      vertex -7.39104 3.06147 14.4
      vertex -9.2388 3.82683 14.4
      vertex -8.66025 5 14.4
    endloop
  endfacet
  facet normal -0 0 -1
    outer loop
      vertex -7.93156 -1.04421 14.4
      vertex -9.91445 -1.30526 14.4
      vertex -8 0 14.4
    endloop
  endfacet
  facet normal 0 0 -1
    outer loop
      vertex -7.72741 2.07055 14.4
      vertex -9.65926 2.58819 14.4
      vertex -9.2388 3.82683 14.4
    endloop
  endfacet
  facet normal 0 0 -1
    outer loop
      vertex -10 0 14.4
      vertex -8 0 14.4
      vertex -9.91445 -1.30526 14.4
    endloop
  endfacet
  facet normal 0 0 -1
    outer loop
      vertex -7.93156 1.04421 14.4
      vertex -9.91445 1.30526 14.4
      vertex -9.65926 2.58819 14.4
    endloop
  endfacet
  facet normal 0 0 -1
    outer loop
      vertex -8 0 14.4
      vertex -10 0 14.4
      vertex -9.91445 1.30526 14.4
    endloop
  endfacet
  facet normal 0.0654022 0.997859 -0
    outer loop
      vertex 1.30526 9.91445 14.4
      vertex 0 10 16.8
      vertex 1.30526 9.91445 16.8
    endloop
  endfacet
  facet normal 0.0654022 0.997859 0
    outer loop
      vertex 0 10 16.8
      vertex 1.30526 9.91445 14.4
      vertex 0 10 14.4
    endloop
  endfacet
  facet normal 0.831469 0.555571 0
    outer loop
      vertex 8.66025 5 16.8
      vertex 7.93353 6.08761 14.4
      vertex 7.93353 6.08761 16.8
    endloop
  endfacet
  facet normal 0.831469 0.555571 0
    outer loop
      vertex 7.93353 6.08761 14.4
      vertex 8.66025 5 16.8
      vertex 8.66025 5 14.4
    endloop
  endfacet
  facet normal -0.896871 -0.442293 0
    outer loop
      vertex -8.66025 -5 14.4
      vertex -9.2388 -3.82683 16.8
      vertex -9.2388 -3.82683 14.4
    endloop
  endfacet
  facet normal -0.896871 -0.442293 0
    outer loop
      vertex -9.2388 -3.82683 16.8
      vertex -8.66025 -5 14.4
      vertex -8.66025 -5 16.8
    endloop
  endfacet
  facet normal 0.831469 -0.555571 0
    outer loop
      vertex 7.93353 -6.08761 16.8
      vertex 8.66025 -5 14.4
      vertex 8.66025 -5 16.8
    endloop
  endfacet
  facet normal 0.831469 -0.555571 0
    outer loop
      vertex 8.66025 -5 14.4
      vertex 7.93353 -6.08761 16.8
      vertex 7.93353 -6.08761 14.4
    endloop
  endfacet
  facet normal -0.0654022 -0.997859 0
    outer loop
      vertex -1.30526 -9.91445 14.4
      vertex 0 -10 16.8
      vertex -1.30526 -9.91445 16.8
    endloop
  endfacet
  facet normal -0.0654022 -0.997859 -0
    outer loop
      vertex 0 -10 16.8
      vertex -1.30526 -9.91445 14.4
      vertex 0 -10 14.4
    endloop
  endfacet
  facet normal -0.980785 0.19509 0
    outer loop
      vertex -9.91445 1.30526 14.4
      vertex -9.65926 2.58819 16.8
      vertex -9.65926 2.58819 14.4
    endloop
  endfacet
  facet normal -0.980785 0.19509 0
    outer loop
      vertex -9.65926 2.58819 16.8
      vertex -9.91445 1.30526 14.4
      vertex -9.91445 1.30526 16.8
    endloop
  endfacet
  facet normal -0.555571 -0.831469 0
    outer loop
      vertex -6.08761 -7.93353 14.4
      vertex -5 -8.66025 16.8
      vertex -6.08761 -7.93353 16.8
    endloop
  endfacet
  facet normal -0.555571 -0.831469 -0
    outer loop
      vertex -5 -8.66025 16.8
      vertex -6.08761 -7.93353 14.4
      vertex -5 -8.66025 14.4
    endloop
  endfacet
  facet normal -0.555571 0.831469 0
    outer loop
      vertex -5 8.66025 14.4
      vertex -6.08761 7.93353 16.8
      vertex -5 8.66025 16.8
    endloop
  endfacet
  facet normal -0.555571 0.831469 0
    outer loop
      vertex -6.08761 7.93353 16.8
      vertex -5 8.66025 14.4
      vertex -6.08761 7.93353 14.4
    endloop
  endfacet
  facet normal -0.980785 -0.19509 0
    outer loop
      vertex -9.65926 -2.58819 14.4
      vertex -9.91445 -1.30526 16.8
      vertex -9.91445 -1.30526 14.4
    endloop
  endfacet
  facet normal -0.980785 -0.19509 0
    outer loop
      vertex -9.91445 -1.30526 16.8
      vertex -9.65926 -2.58819 14.4
      vertex -9.65926 -2.58819 16.8
    endloop
  endfacet
  facet normal -0.751844 -0.659341 0
    outer loop
      vertex -7.07107 -7.07107 14.4
      vertex -7.93353 -6.08761 16.8
      vertex -7.93353 -6.08761 14.4
    endloop
  endfacet
  facet normal -0.751844 -0.659341 0
    outer loop
      vertex -7.93353 -6.08761 16.8
      vertex -7.07107 -7.07107 14.4
      vertex -7.07107 -7.07107 16.8
    endloop
  endfacet
  facet normal 0.555571 -0.831469 0
    outer loop
      vertex 5 -8.66025 14.4
      vertex 6.08761 -7.93353 16.8
      vertex 5 -8.66025 16.8
    endloop
  endfacet
  facet normal 0.555571 -0.831469 0
    outer loop
      vertex 6.08761 -7.93353 16.8
      vertex 5 -8.66025 14.4
      vertex 6.08761 -7.93353 14.4
    endloop
  endfacet
  facet normal -0.831469 0.555571 0
    outer loop
      vertex -8.66025 5 14.4
      vertex -7.93353 6.08761 16.8
      vertex -7.93353 6.08761 14.4
    endloop
  endfacet
  facet normal -0.831469 0.555571 0
    outer loop
      vertex -7.93353 6.08761 16.8
      vertex -8.66025 5 14.4
      vertex -8.66025 5 16.8
    endloop
  endfacet
  facet normal -0.555567 0.831472 0
    outer loop
      vertex -4 6.9282 16.8
      vertex -4.87009 6.34683 18
      vertex -4 6.9282 18
    endloop
  endfacet
  facet normal -0.555567 0.831472 0
    outer loop
      vertex -4.87009 6.34683 18
      vertex -4 6.9282 16.8
      vertex -4.87009 6.34683 16.8
    endloop
  endfacet
  facet normal -0.555567 0.831472 0
    outer loop
      vertex -4 6.9282 2.4
      vertex -4.87009 6.34683 3.6
      vertex -4 6.9282 3.6
    endloop
  endfacet
  facet normal -0.555567 0.831472 0
    outer loop
      vertex -4.87009 6.34683 3.6
      vertex -4 6.9282 2.4
      vertex -4.87009 6.34683 2.4
    endloop
  endfacet
  facet normal -0.555567 0.831472 0
    outer loop
      vertex -4 6.9282 6
      vertex -4.87009 6.34683 7.2
      vertex -4 6.9282 7.2
    endloop
  endfacet
  facet normal -0.555567 0.831472 0
    outer loop
      vertex -4.87009 6.34683 7.2
      vertex -4 6.9282 6
      vertex -4.87009 6.34683 6
    endloop
  endfacet
  facet normal -0.555567 0.831472 0
    outer loop
      vertex -4 6.9282 9.6
      vertex -4.87009 6.34683 10.8
      vertex -4 6.9282 10.8
    endloop
  endfacet
  facet normal -0.555567 0.831472 0
    outer loop
      vertex -4.87009 6.34683 10.8
      vertex -4 6.9282 9.6
      vertex -4.87009 6.34683 9.6
    endloop
  endfacet
  facet normal -0.555567 0.831472 0
    outer loop
      vertex -4 6.9282 13.2
      vertex -4.87009 6.34683 14.4
      vertex -4 6.9282 14.4
    endloop
  endfacet
  facet normal -0.555567 0.831472 0
    outer loop
      vertex -4.87009 6.34683 14.4
      vertex -4 6.9282 13.2
      vertex -4.87009 6.34683 13.2
    endloop
  endfacet
  facet normal 0.980786 0.195089 0
    outer loop
      vertex 7.93156 1.04421 18
      vertex 7.72741 2.07055 16.8
      vertex 7.72741 2.07055 18
    endloop
  endfacet
  facet normal 0.980786 0.195089 0
    outer loop
      vertex 7.72741 2.07055 16.8
      vertex 7.93156 1.04421 18
      vertex 7.93156 1.04421 16.8
    endloop
  endfacet
  facet normal 0.980786 0.195089 0
    outer loop
      vertex 7.93156 1.04421 3.6
      vertex 7.72741 2.07055 2.4
      vertex 7.72741 2.07055 3.6
    endloop
  endfacet
  facet normal 0.980786 0.195089 0
    outer loop
      vertex 7.72741 2.07055 2.4
      vertex 7.93156 1.04421 3.6
      vertex 7.93156 1.04421 2.4
    endloop
  endfacet
  facet normal 0.980786 0.195089 0
    outer loop
      vertex 7.93156 1.04421 7.2
      vertex 7.72741 2.07055 6
      vertex 7.72741 2.07055 7.2
    endloop
  endfacet
  facet normal 0.980786 0.195089 0
    outer loop
      vertex 7.72741 2.07055 6
      vertex 7.93156 1.04421 7.2
      vertex 7.93156 1.04421 6
    endloop
  endfacet
  facet normal 0.980786 0.195089 0
    outer loop
      vertex 7.93156 1.04421 10.8
      vertex 7.72741 2.07055 9.6
      vertex 7.72741 2.07055 10.8
    endloop
  endfacet
  facet normal 0.980786 0.195089 0
    outer loop
      vertex 7.72741 2.07055 9.6
      vertex 7.93156 1.04421 10.8
      vertex 7.93156 1.04421 9.6
    endloop
  endfacet
  facet normal 0.980786 0.195089 0
    outer loop
      vertex 7.93156 1.04421 14.4
      vertex 7.72741 2.07055 13.2
      vertex 7.72741 2.07055 14.4
    endloop
  endfacet
  facet normal 0.980786 0.195089 0
    outer loop
      vertex 7.72741 2.07055 13.2
      vertex 7.93156 1.04421 14.4
      vertex 7.93156 1.04421 13.2
    endloop
  endfacet
  facet normal 0.997859 0.065402 0
    outer loop
      vertex 8 0 18
      vertex 7.93156 1.04421 16.8
      vertex 7.93156 1.04421 18
    endloop
  endfacet
  facet normal 0.997859 0.065402 0
    outer loop
      vertex 7.93156 1.04421 16.8
      vertex 8 0 18
      vertex 8 0 16.8
    endloop
  endfacet
  facet normal 0.997859 0.065402 0
    outer loop
      vertex 8 0 3.6
      vertex 7.93156 1.04421 2.4
      vertex 7.93156 1.04421 3.6
    endloop
  endfacet
  facet normal 0.997859 0.065402 0
    outer loop
      vertex 7.93156 1.04421 2.4
      vertex 8 0 3.6
      vertex 8 0 2.4
    endloop
  endfacet
  facet normal 0.997859 0.065402 0
    outer loop
      vertex 8 0 7.2
      vertex 7.93156 1.04421 6
      vertex 7.93156 1.04421 7.2
    endloop
  endfacet
  facet normal 0.997859 0.065402 0
    outer loop
      vertex 7.93156 1.04421 6
      vertex 8 0 7.2
      vertex 8 0 6
    endloop
  endfacet
  facet normal 0.997859 0.065402 0
    outer loop
      vertex 8 0 10.8
      vertex 7.93156 1.04421 9.6
      vertex 7.93156 1.04421 10.8
    endloop
  endfacet
  facet normal 0.997859 0.065402 0
    outer loop
      vertex 7.93156 1.04421 9.6
      vertex 8 0 10.8
      vertex 8 0 9.6
    endloop
  endfacet
  facet normal 0.997859 0.065402 0
    outer loop
      vertex 8 0 14.4
      vertex 7.93156 1.04421 13.2
      vertex 7.93156 1.04421 14.4
    endloop
  endfacet
  facet normal 0.997859 0.065402 0
    outer loop
      vertex 7.93156 1.04421 13.2
      vertex 8 0 14.4
      vertex 8 0 13.2
    endloop
  endfacet
  facet normal 0.946931 0.321438 0
    outer loop
      vertex 7.72741 2.07055 18
      vertex 7.39104 3.06147 16.8
      vertex 7.39104 3.06147 18
    endloop
  endfacet
  facet normal 0.946931 0.321438 0
    outer loop
      vertex 7.39104 3.06147 16.8
      vertex 7.72741 2.07055 18
      vertex 7.72741 2.07055 16.8
    endloop
  endfacet
  facet normal 0.946931 0.321438 0
    outer loop
      vertex 7.72741 2.07055 3.6
      vertex 7.39104 3.06147 2.4
      vertex 7.39104 3.06147 3.6
    endloop
  endfacet
  facet normal 0.946931 0.321438 0
    outer loop
      vertex 7.39104 3.06147 2.4
      vertex 7.72741 2.07055 3.6
      vertex 7.72741 2.07055 2.4
    endloop
  endfacet
  facet normal 0.946931 0.321438 0
    outer loop
      vertex 7.72741 2.07055 7.2
      vertex 7.39104 3.06147 6
      vertex 7.39104 3.06147 7.2
    endloop
  endfacet
  facet normal 0.946931 0.321438 0
    outer loop
      vertex 7.39104 3.06147 6
      vertex 7.72741 2.07055 7.2
      vertex 7.72741 2.07055 6
    endloop
  endfacet
  facet normal 0.946931 0.321438 0
    outer loop
      vertex 7.72741 2.07055 10.8
      vertex 7.39104 3.06147 9.6
      vertex 7.39104 3.06147 10.8
    endloop
  endfacet
  facet normal 0.946931 0.321438 0
    outer loop
      vertex 7.39104 3.06147 9.6
      vertex 7.72741 2.07055 10.8
      vertex 7.72741 2.07055 9.6
    endloop
  endfacet
  facet normal 0.946931 0.321438 0
    outer loop
      vertex 7.72741 2.07055 14.4
      vertex 7.39104 3.06147 13.2
      vertex 7.39104 3.06147 14.4
    endloop
  endfacet
  facet normal 0.946931 0.321438 0
    outer loop
      vertex 7.39104 3.06147 13.2
      vertex 7.72741 2.07055 14.4
      vertex 7.72741 2.07055 13.2
    endloop
  endfacet
  facet normal -0.659351 0.751835 0
    outer loop
      vertex -4.87009 6.34683 16.8
      vertex -5.65685 5.65685 18
      vertex -4.87009 6.34683 18
    endloop
  endfacet
  facet normal -0.659351 0.751835 0
    outer loop
      vertex -5.65685 5.65685 18
      vertex -4.87009 6.34683 16.8
      vertex -5.65685 5.65685 16.8
    endloop
  endfacet
  facet normal -0.659351 0.751835 0
    outer loop
      vertex -4.87009 6.34683 2.4
      vertex -5.65685 5.65685 3.6
      vertex -4.87009 6.34683 3.6
    endloop
  endfacet
  facet normal -0.659351 0.751835 0
    outer loop
      vertex -5.65685 5.65685 3.6
      vertex -4.87009 6.34683 2.4
      vertex -5.65685 5.65685 2.4
    endloop
  endfacet
  facet normal -0.659351 0.751835 0
    outer loop
      vertex -4.87009 6.34683 6
      vertex -5.65685 5.65685 7.2
      vertex -4.87009 6.34683 7.2
    endloop
  endfacet
  facet normal -0.659351 0.751835 0
    outer loop
      vertex -5.65685 5.65685 7.2
      vertex -4.87009 6.34683 6
      vertex -5.65685 5.65685 6
    endloop
  endfacet
  facet normal -0.659351 0.751835 0
    outer loop
      vertex -4.87009 6.34683 9.6
      vertex -5.65685 5.65685 10.8
      vertex -4.87009 6.34683 10.8
    endloop
  endfacet
  facet normal -0.659351 0.751835 0
    outer loop
      vertex -5.65685 5.65685 10.8
      vertex -4.87009 6.34683 9.6
      vertex -5.65685 5.65685 9.6
    endloop
  endfacet
  facet normal -0.659351 0.751835 0
    outer loop
      vertex -4.87009 6.34683 13.2
      vertex -5.65685 5.65685 14.4
      vertex -4.87009 6.34683 14.4
    endloop
  endfacet
  facet normal -0.659351 0.751835 0
    outer loop
      vertex -5.65685 5.65685 14.4
      vertex -4.87009 6.34683 13.2
      vertex -5.65685 5.65685 13.2
    endloop
  endfacet
  facet normal 0.442295 0.89687 -0
    outer loop
      vertex 4 6.9282 16.8
      vertex 3.06147 7.39104 18
      vertex 4 6.9282 18
    endloop
  endfacet
  facet normal 0.442295 0.89687 0
    outer loop
      vertex 3.06147 7.39104 18
      vertex 4 6.9282 16.8
      vertex 3.06147 7.39104 16.8
    endloop
  endfacet
  facet normal 0.442295 0.89687 -0
    outer loop
      vertex 4 6.9282 2.4
      vertex 3.06147 7.39104 3.6
      vertex 4 6.9282 3.6
    endloop
  endfacet
  facet normal 0.442295 0.89687 0
    outer loop
      vertex 3.06147 7.39104 3.6
      vertex 4 6.9282 2.4
      vertex 3.06147 7.39104 2.4
    endloop
  endfacet
  facet normal 0.442295 0.89687 -0
    outer loop
      vertex 4 6.9282 6
      vertex 3.06147 7.39104 7.2
      vertex 4 6.9282 7.2
    endloop
  endfacet
  facet normal 0.442295 0.89687 0
    outer loop
      vertex 3.06147 7.39104 7.2
      vertex 4 6.9282 6
      vertex 3.06147 7.39104 6
    endloop
  endfacet
  facet normal 0.442295 0.89687 -0
    outer loop
      vertex 4 6.9282 9.6
      vertex 3.06147 7.39104 10.8
      vertex 4 6.9282 10.8
    endloop
  endfacet
  facet normal 0.442295 0.89687 0
    outer loop
      vertex 3.06147 7.39104 10.8
      vertex 4 6.9282 9.6
      vertex 3.06147 7.39104 9.6
    endloop
  endfacet
  facet normal 0.442295 0.89687 -0
    outer loop
      vertex 4 6.9282 13.2
      vertex 3.06147 7.39104 14.4
      vertex 4 6.9282 14.4
    endloop
  endfacet
  facet normal 0.442295 0.89687 0
    outer loop
      vertex 3.06147 7.39104 14.4
      vertex 4 6.9282 13.2
      vertex 3.06147 7.39104 13.2
    endloop
  endfacet
  facet normal 0.065402 -0.997859 0
    outer loop
      vertex 0 -8 16.8
      vertex 1.04421 -7.93156 18
      vertex 0 -8 18
    endloop
  endfacet
  facet normal 0.065402 -0.997859 0
    outer loop
      vertex 1.04421 -7.93156 18
      vertex 0 -8 16.8
      vertex 1.04421 -7.93156 16.8
    endloop
  endfacet
  facet normal 0.065402 -0.997859 0
    outer loop
      vertex 0 -8 2.4
      vertex 1.04421 -7.93156 3.6
      vertex 0 -8 3.6
    endloop
  endfacet
  facet normal 0.065402 -0.997859 0
    outer loop
      vertex 1.04421 -7.93156 3.6
      vertex 0 -8 2.4
      vertex 1.04421 -7.93156 2.4
    endloop
  endfacet
  facet normal 0.065402 -0.997859 0
    outer loop
      vertex 0 -8 6
      vertex 1.04421 -7.93156 7.2
      vertex 0 -8 7.2
    endloop
  endfacet
  facet normal 0.065402 -0.997859 0
    outer loop
      vertex 1.04421 -7.93156 7.2
      vertex 0 -8 6
      vertex 1.04421 -7.93156 6
    endloop
  endfacet
  facet normal 0.065402 -0.997859 0
    outer loop
      vertex 0 -8 9.6
      vertex 1.04421 -7.93156 10.8
      vertex 0 -8 10.8
    endloop
  endfacet
  facet normal 0.065402 -0.997859 0
    outer loop
      vertex 1.04421 -7.93156 10.8
      vertex 0 -8 9.6
      vertex 1.04421 -7.93156 9.6
    endloop
  endfacet
  facet normal 0.065402 -0.997859 0
    outer loop
      vertex 0 -8 13.2
      vertex 1.04421 -7.93156 14.4
      vertex 0 -8 14.4
    endloop
  endfacet
  facet normal 0.065402 -0.997859 0
    outer loop
      vertex 1.04421 -7.93156 14.4
      vertex 0 -8 13.2
      vertex 1.04421 -7.93156 13.2
    endloop
  endfacet
  facet normal 0.980786 -0.195089 0
    outer loop
      vertex 7.72741 -2.07055 18
      vertex 7.93156 -1.04421 16.8
      vertex 7.93156 -1.04421 18
    endloop
  endfacet
  facet normal 0.980786 -0.195089 0
    outer loop
      vertex 7.93156 -1.04421 16.8
      vertex 7.72741 -2.07055 18
      vertex 7.72741 -2.07055 16.8
    endloop
  endfacet
  facet normal 0.980786 -0.195089 0
    outer loop
      vertex 7.72741 -2.07055 3.6
      vertex 7.93156 -1.04421 2.4
      vertex 7.93156 -1.04421 3.6
    endloop
  endfacet
  facet normal 0.980786 -0.195089 0
    outer loop
      vertex 7.93156 -1.04421 2.4
      vertex 7.72741 -2.07055 3.6
      vertex 7.72741 -2.07055 2.4
    endloop
  endfacet
  facet normal 0.980786 -0.195089 0
    outer loop
      vertex 7.72741 -2.07055 7.2
      vertex 7.93156 -1.04421 6
      vertex 7.93156 -1.04421 7.2
    endloop
  endfacet
  facet normal 0.980786 -0.195089 0
    outer loop
      vertex 7.93156 -1.04421 6
      vertex 7.72741 -2.07055 7.2
      vertex 7.72741 -2.07055 6
    endloop
  endfacet
  facet normal 0.980786 -0.195089 0
    outer loop
      vertex 7.72741 -2.07055 10.8
      vertex 7.93156 -1.04421 9.6
      vertex 7.93156 -1.04421 10.8
    endloop
  endfacet
  facet normal 0.980786 -0.195089 0
    outer loop
      vertex 7.93156 -1.04421 9.6
      vertex 7.72741 -2.07055 10.8
      vertex 7.72741 -2.07055 9.6
    endloop
  endfacet
  facet normal 0.980786 -0.195089 0
    outer loop
      vertex 7.72741 -2.07055 14.4
      vertex 7.93156 -1.04421 13.2
      vertex 7.93156 -1.04421 14.4
    endloop
  endfacet
  facet normal 0.980786 -0.195089 0
    outer loop
      vertex 7.93156 -1.04421 13.2
      vertex 7.72741 -2.07055 14.4
      vertex 7.72741 -2.07055 13.2
    endloop
  endfacet
  facet normal 0.89687 0.442295 0
    outer loop
      vertex 7.39104 3.06147 18
      vertex 6.9282 4 16.8
      vertex 6.9282 4 18
    endloop
  endfacet
  facet normal 0.89687 0.442295 0
    outer loop
      vertex 6.9282 4 16.8
      vertex 7.39104 3.06147 18
      vertex 7.39104 3.06147 16.8
    endloop
  endfacet
  facet normal 0.89687 0.442295 0
    outer loop
      vertex 7.39104 3.06147 3.6
      vertex 6.9282 4 2.4
      vertex 6.9282 4 3.6
    endloop
  endfacet
  facet normal 0.89687 0.442295 0
    outer loop
      vertex 6.9282 4 2.4
      vertex 7.39104 3.06147 3.6
      vertex 7.39104 3.06147 2.4
    endloop
  endfacet
  facet normal 0.89687 0.442295 0
    outer loop
      vertex 7.39104 3.06147 7.2
      vertex 6.9282 4 6
      vertex 6.9282 4 7.2
    endloop
  endfacet
  facet normal 0.89687 0.442295 0
    outer loop
      vertex 6.9282 4 6
      vertex 7.39104 3.06147 7.2
      vertex 7.39104 3.06147 6
    endloop
  endfacet
  facet normal 0.89687 0.442295 0
    outer loop
      vertex 7.39104 3.06147 10.8
      vertex 6.9282 4 9.6
      vertex 6.9282 4 10.8
    endloop
  endfacet
  facet normal 0.89687 0.442295 0
    outer loop
      vertex 6.9282 4 9.6
      vertex 7.39104 3.06147 10.8
      vertex 7.39104 3.06147 9.6
    endloop
  endfacet
  facet normal 0.89687 0.442295 0
    outer loop
      vertex 7.39104 3.06147 14.4
      vertex 6.9282 4 13.2
      vertex 6.9282 4 14.4
    endloop
  endfacet
  facet normal 0.89687 0.442295 0
    outer loop
      vertex 6.9282 4 13.2
      vertex 7.39104 3.06147 14.4
      vertex 7.39104 3.06147 13.2
    endloop
  endfacet
  facet normal -0.442295 0.89687 0
    outer loop
      vertex -3.06147 7.39104 16.8
      vertex -4 6.9282 18
      vertex -3.06147 7.39104 18
    endloop
  endfacet
  facet normal -0.442295 0.89687 0
    outer loop
      vertex -4 6.9282 18
      vertex -3.06147 7.39104 16.8
      vertex -4 6.9282 16.8
    endloop
  endfacet
  facet normal -0.442295 0.89687 0
    outer loop
      vertex -3.06147 7.39104 2.4
      vertex -4 6.9282 3.6
      vertex -3.06147 7.39104 3.6
    endloop
  endfacet
  facet normal -0.442295 0.89687 0
    outer loop
      vertex -4 6.9282 3.6
      vertex -3.06147 7.39104 2.4
      vertex -4 6.9282 2.4
    endloop
  endfacet
  facet normal -0.442295 0.89687 0
    outer loop
      vertex -3.06147 7.39104 6
      vertex -4 6.9282 7.2
      vertex -3.06147 7.39104 7.2
    endloop
  endfacet
  facet normal -0.442295 0.89687 0
    outer loop
      vertex -4 6.9282 7.2
      vertex -3.06147 7.39104 6
      vertex -4 6.9282 6
    endloop
  endfacet
  facet normal -0.442295 0.89687 0
    outer loop
      vertex -3.06147 7.39104 9.6
      vertex -4 6.9282 10.8
      vertex -3.06147 7.39104 10.8
    endloop
  endfacet
  facet normal -0.442295 0.89687 0
    outer loop
      vertex -4 6.9282 10.8
      vertex -3.06147 7.39104 9.6
      vertex -4 6.9282 9.6
    endloop
  endfacet
  facet normal -0.442295 0.89687 0
    outer loop
      vertex -3.06147 7.39104 13.2
      vertex -4 6.9282 14.4
      vertex -3.06147 7.39104 14.4
    endloop
  endfacet
  facet normal -0.442295 0.89687 0
    outer loop
      vertex -4 6.9282 14.4
      vertex -3.06147 7.39104 13.2
      vertex -4 6.9282 13.2
    endloop
  endfacet
  facet normal -0.195089 0.980786 0
    outer loop
      vertex -1.04421 7.93156 16.8
      vertex -2.07055 7.72741 18
      vertex -1.04421 7.93156 18
    endloop
  endfacet
  facet normal -0.195089 0.980786 0
    outer loop
      vertex -2.07055 7.72741 18
      vertex -1.04421 7.93156 16.8
      vertex -2.07055 7.72741 16.8
    endloop
  endfacet
  facet normal -0.195089 0.980786 0
    outer loop
      vertex -1.04421 7.93156 2.4
      vertex -2.07055 7.72741 3.6
      vertex -1.04421 7.93156 3.6
    endloop
  endfacet
  facet normal -0.195089 0.980786 0
    outer loop
      vertex -2.07055 7.72741 3.6
      vertex -1.04421 7.93156 2.4
      vertex -2.07055 7.72741 2.4
    endloop
  endfacet
  facet normal -0.195089 0.980786 0
    outer loop
      vertex -1.04421 7.93156 6
      vertex -2.07055 7.72741 7.2
      vertex -1.04421 7.93156 7.2
    endloop
  endfacet
  facet normal -0.195089 0.980786 0
    outer loop
      vertex -2.07055 7.72741 7.2
      vertex -1.04421 7.93156 6
      vertex -2.07055 7.72741 6
    endloop
  endfacet
  facet normal -0.195089 0.980786 0
    outer loop
      vertex -1.04421 7.93156 9.6
      vertex -2.07055 7.72741 10.8
      vertex -1.04421 7.93156 10.8
    endloop
  endfacet
  facet normal -0.195089 0.980786 0
    outer loop
      vertex -2.07055 7.72741 10.8
      vertex -1.04421 7.93156 9.6
      vertex -2.07055 7.72741 9.6
    endloop
  endfacet
  facet normal -0.195089 0.980786 0
    outer loop
      vertex -1.04421 7.93156 13.2
      vertex -2.07055 7.72741 14.4
      vertex -1.04421 7.93156 14.4
    endloop
  endfacet
  facet normal -0.195089 0.980786 0
    outer loop
      vertex -2.07055 7.72741 14.4
      vertex -1.04421 7.93156 13.2
      vertex -2.07055 7.72741 13.2
    endloop
  endfacet
  facet normal 0.997859 -0.065402 0
    outer loop
      vertex 7.93156 -1.04421 18
      vertex 8 0 16.8
      vertex 8 0 18
    endloop
  endfacet
  facet normal 0.997859 -0.065402 0
    outer loop
      vertex 8 0 16.8
      vertex 7.93156 -1.04421 18
      vertex 7.93156 -1.04421 16.8
    endloop
  endfacet
  facet normal 0.997859 -0.065402 0
    outer loop
      vertex 7.93156 -1.04421 3.6
      vertex 8 0 2.4
      vertex 8 0 3.6
    endloop
  endfacet
  facet normal 0.997859 -0.065402 0
    outer loop
      vertex 8 0 2.4
      vertex 7.93156 -1.04421 3.6
      vertex 7.93156 -1.04421 2.4
    endloop
  endfacet
  facet normal 0.997859 -0.065402 0
    outer loop
      vertex 7.93156 -1.04421 7.2
      vertex 8 0 6
      vertex 8 0 7.2
    endloop
  endfacet
  facet normal 0.997859 -0.065402 0
    outer loop
      vertex 8 0 6
      vertex 7.93156 -1.04421 7.2
      vertex 7.93156 -1.04421 6
    endloop
  endfacet
  facet normal 0.997859 -0.065402 0
    outer loop
      vertex 7.93156 -1.04421 10.8
      vertex 8 0 9.6
      vertex 8 0 10.8
    endloop
  endfacet
  facet normal 0.997859 -0.065402 0
    outer loop
      vertex 8 0 9.6
      vertex 7.93156 -1.04421 10.8
      vertex 7.93156 -1.04421 9.6
    endloop
  endfacet
  facet normal 0.997859 -0.065402 0
    outer loop
      vertex 7.93156 -1.04421 14.4
      vertex 8 0 13.2
      vertex 8 0 14.4
    endloop
  endfacet
  facet normal 0.997859 -0.065402 0
    outer loop
      vertex 8 0 13.2
      vertex 7.93156 -1.04421 14.4
      vertex 7.93156 -1.04421 13.2
    endloop
  endfacet
  facet normal 0.195089 -0.980786 0
    outer loop
      vertex 1.04421 -7.93156 16.8
      vertex 2.07055 -7.72741 18
      vertex 1.04421 -7.93156 18
    endloop
  endfacet
  facet normal 0.195089 -0.980786 0
    outer loop
      vertex 2.07055 -7.72741 18
      vertex 1.04421 -7.93156 16.8
      vertex 2.07055 -7.72741 16.8
    endloop
  endfacet
  facet normal 0.195089 -0.980786 0
    outer loop
      vertex 1.04421 -7.93156 2.4
      vertex 2.07055 -7.72741 3.6
      vertex 1.04421 -7.93156 3.6
    endloop
  endfacet
  facet normal 0.195089 -0.980786 0
    outer loop
      vertex 2.07055 -7.72741 3.6
      vertex 1.04421 -7.93156 2.4
      vertex 2.07055 -7.72741 2.4
    endloop
  endfacet
  facet normal 0.195089 -0.980786 0
    outer loop
      vertex 1.04421 -7.93156 6
      vertex 2.07055 -7.72741 7.2
      vertex 1.04421 -7.93156 7.2
    endloop
  endfacet
  facet normal 0.195089 -0.980786 0
    outer loop
      vertex 2.07055 -7.72741 7.2
      vertex 1.04421 -7.93156 6
      vertex 2.07055 -7.72741 6
    endloop
  endfacet
  facet normal 0.195089 -0.980786 0
    outer loop
      vertex 1.04421 -7.93156 9.6
      vertex 2.07055 -7.72741 10.8
      vertex 1.04421 -7.93156 10.8
    endloop
  endfacet
  facet normal 0.195089 -0.980786 0
    outer loop
      vertex 2.07055 -7.72741 10.8
      vertex 1.04421 -7.93156 9.6
      vertex 2.07055 -7.72741 9.6
    endloop
  endfacet
  facet normal 0.195089 -0.980786 0
    outer loop
      vertex 1.04421 -7.93156 13.2
      vertex 2.07055 -7.72741 14.4
      vertex 1.04421 -7.93156 14.4
    endloop
  endfacet
  facet normal 0.195089 -0.980786 0
    outer loop
      vertex 2.07055 -7.72741 14.4
      vertex 1.04421 -7.93156 13.2
      vertex 2.07055 -7.72741 13.2
    endloop
  endfacet
  facet normal 0.659351 -0.751835 0
    outer loop
      vertex 4.87009 -6.34683 16.8
      vertex 5.65685 -5.65685 18
      vertex 4.87009 -6.34683 18
    endloop
  endfacet
  facet normal 0.659351 -0.751835 0
    outer loop
      vertex 5.65685 -5.65685 18
      vertex 4.87009 -6.34683 16.8
      vertex 5.65685 -5.65685 16.8
    endloop
  endfacet
  facet normal 0.659351 -0.751835 0
    outer loop
      vertex 4.87009 -6.34683 2.4
      vertex 5.65685 -5.65685 3.6
      vertex 4.87009 -6.34683 3.6
    endloop
  endfacet
  facet normal 0.659351 -0.751835 0
    outer loop
      vertex 5.65685 -5.65685 3.6
      vertex 4.87009 -6.34683 2.4
      vertex 5.65685 -5.65685 2.4
    endloop
  endfacet
  facet normal 0.659351 -0.751835 0
    outer loop
      vertex 4.87009 -6.34683 6
      vertex 5.65685 -5.65685 7.2
      vertex 4.87009 -6.34683 7.2
    endloop
  endfacet
  facet normal 0.659351 -0.751835 0
    outer loop
      vertex 5.65685 -5.65685 7.2
      vertex 4.87009 -6.34683 6
      vertex 5.65685 -5.65685 6
    endloop
  endfacet
  facet normal 0.659351 -0.751835 0
    outer loop
      vertex 4.87009 -6.34683 9.6
      vertex 5.65685 -5.65685 10.8
      vertex 4.87009 -6.34683 10.8
    endloop
  endfacet
  facet normal 0.659351 -0.751835 0
    outer loop
      vertex 5.65685 -5.65685 10.8
      vertex 4.87009 -6.34683 9.6
      vertex 5.65685 -5.65685 9.6
    endloop
  endfacet
  facet normal 0.659351 -0.751835 0
    outer loop
      vertex 4.87009 -6.34683 13.2
      vertex 5.65685 -5.65685 14.4
      vertex 4.87009 -6.34683 14.4
    endloop
  endfacet
  facet normal 0.659351 -0.751835 0
    outer loop
      vertex 5.65685 -5.65685 14.4
      vertex 4.87009 -6.34683 13.2
      vertex 5.65685 -5.65685 13.2
    endloop
  endfacet
  facet normal -0.321438 -0.946931 0
    outer loop
      vertex -3.06147 -7.39104 16.8
      vertex -2.07055 -7.72741 18
      vertex -3.06147 -7.39104 18
    endloop
  endfacet
  facet normal -0.321438 -0.946931 -0
    outer loop
      vertex -2.07055 -7.72741 18
      vertex -3.06147 -7.39104 16.8
      vertex -2.07055 -7.72741 16.8
    endloop
  endfacet
  facet normal -0.321438 -0.946931 0
    outer loop
      vertex -3.06147 -7.39104 2.4
      vertex -2.07055 -7.72741 3.6
      vertex -3.06147 -7.39104 3.6
    endloop
  endfacet
  facet normal -0.321438 -0.946931 -0
    outer loop
      vertex -2.07055 -7.72741 3.6
      vertex -3.06147 -7.39104 2.4
      vertex -2.07055 -7.72741 2.4
    endloop
  endfacet
  facet normal -0.321438 -0.946931 0
    outer loop
      vertex -3.06147 -7.39104 6
      vertex -2.07055 -7.72741 7.2
      vertex -3.06147 -7.39104 7.2
    endloop
  endfacet
  facet normal -0.321438 -0.946931 -0
    outer loop
      vertex -2.07055 -7.72741 7.2
      vertex -3.06147 -7.39104 6
      vertex -2.07055 -7.72741 6
    endloop
  endfacet
  facet normal -0.321438 -0.946931 0
    outer loop
      vertex -3.06147 -7.39104 9.6
      vertex -2.07055 -7.72741 10.8
      vertex -3.06147 -7.39104 10.8
    endloop
  endfacet
  facet normal -0.321438 -0.946931 -0
    outer loop
      vertex -2.07055 -7.72741 10.8
      vertex -3.06147 -7.39104 9.6
      vertex -2.07055 -7.72741 9.6
    endloop
  endfacet
  facet normal -0.321438 -0.946931 0
    outer loop
      vertex -3.06147 -7.39104 13.2
      vertex -2.07055 -7.72741 14.4
      vertex -3.06147 -7.39104 14.4
    endloop
  endfacet
  facet normal -0.321438 -0.946931 -0
    outer loop
      vertex -2.07055 -7.72741 14.4
      vertex -3.06147 -7.39104 13.2
      vertex -2.07055 -7.72741 13.2
    endloop
  endfacet
  facet normal 0 0 1
    outer loop
      vertex 4.6 0 18
      vertex 8 0 18
      vertex 7.93156 1.04421 18
    endloop
  endfacet
  facet normal 0 0 1
    outer loop
      vertex 4.56065 0.60042 18
      vertex 7.93156 1.04421 18
      vertex 7.72741 2.07055 18
    endloop
  endfacet
  facet normal 0 0 1
    outer loop
      vertex 8 0 18
      vertex 4.6 0 18
      vertex 7.93156 -1.04421 18
    endloop
  endfacet
  facet normal 0 0 1
    outer loop
      vertex 4.44326 1.19057 18
      vertex 7.72741 2.07055 18
      vertex 7.39104 3.06147 18
    endloop
  endfacet
  facet normal -0 0 1
    outer loop
      vertex 4.56065 -0.60042 18
      vertex 7.93156 -1.04421 18
      vertex 4.6 0 18
    endloop
  endfacet
  facet normal 0 0 1
    outer loop
      vertex 4.24985 1.76034 18
      vertex 7.39104 3.06147 18
      vertex 6.9282 4 18
    endloop
  endfacet
  facet normal 0 0 1
    outer loop
      vertex 7.93156 -1.04421 18
      vertex 4.56065 -0.60042 18
      vertex 7.72741 -2.07055 18
    endloop
  endfacet
  facet normal 0 0 1
    outer loop
      vertex 3.98372 2.3 18
      vertex 6.9282 4 18
      vertex 6.34683 4.87009 18
    endloop
  endfacet
  facet normal -0 0 1
    outer loop
      vertex 4.44326 -1.19057 18
      vertex 7.72741 -2.07055 18
      vertex 4.56065 -0.60042 18
    endloop
  endfacet
  facet normal 0 0 1
    outer loop
      vertex 3.64942 2.8003 18
      vertex 6.34683 4.87009 18
      vertex 5.65685 5.65685 18
    endloop
  endfacet
  facet normal 0 0 1
    outer loop
      vertex 7.72741 -2.07055 18
      vertex 4.44326 -1.19057 18
      vertex 7.39104 -3.06147 18
    endloop
  endfacet
  facet normal 0 0 1
    outer loop
      vertex 3.25269 3.25269 18
      vertex 5.65685 5.65685 18
      vertex 4.87009 6.34683 18
    endloop
  endfacet
  facet normal -0 0 1
    outer loop
      vertex 4.24985 -1.76034 18
      vertex 7.39104 -3.06147 18
      vertex 4.44326 -1.19057 18
    endloop
  endfacet
  facet normal 0 0 1
    outer loop
      vertex 7.39104 -3.06147 18
      vertex 4.24985 -1.76034 18
      vertex 6.9282 -4 18
    endloop
  endfacet
  facet normal 0 0 1
    outer loop
      vertex 7.93156 1.04421 18
      vertex 4.56065 0.60042 18
      vertex 4.6 0 18
    endloop
  endfacet
  facet normal 0 0 1
    outer loop
      vertex 7.72741 2.07055 18
      vertex 4.44326 1.19057 18
      vertex 4.56065 0.60042 18
    endloop
  endfacet
  facet normal 0 0 1
    outer loop
      vertex 7.39104 3.06147 18
      vertex 4.24985 1.76034 18
      vertex 4.44326 1.19057 18
    endloop
  endfacet
  facet normal 0 0 1
    outer loop
      vertex 2.8003 3.64942 18
      vertex 4.87009 6.34683 18
      vertex 4 6.9282 18
    endloop
  endfacet
  facet normal 0 0 1
    outer loop
      vertex 6.9282 4 18
      vertex 3.98372 2.3 18
      vertex 4.24985 1.76034 18
    endloop
  endfacet
  facet normal 0 0 1
    outer loop
      vertex 6.34683 4.87009 18
      vertex 3.64942 2.8003 18
      vertex 3.98372 2.3 18
    endloop
  endfacet
  facet normal 0 0 1
    outer loop
      vertex 5.65685 5.65685 18
      vertex 3.25269 3.25269 18
      vertex 3.64942 2.8003 18
    endloop
  endfacet
  facet normal 0 0 1
    outer loop
      vertex 2.3 3.98372 18
      vertex 4 6.9282 18
      vertex 3.06147 7.39104 18
    endloop
  endfacet
  facet normal 0 0 1
    outer loop
      vertex 4.87009 6.34683 18
      vertex 2.8003 3.64942 18
      vertex 3.25269 3.25269 18
    endloop
  endfacet
  facet normal 0 0 1
    outer loop
      vertex 4 6.9282 18
      vertex 2.3 3.98372 18
      vertex 2.8003 3.64942 18
    endloop
  endfacet
  facet normal 0 0 1
    outer loop
      vertex 1.76034 4.24985 18
      vertex 3.06147 7.39104 18
      vertex 2.07055 7.72741 18
    endloop
  endfacet
  facet normal 0 0 1
    outer loop
      vertex 3.06147 7.39104 18
      vertex 1.76034 4.24985 18
      vertex 2.3 3.98372 18
    endloop
  endfacet
  facet normal 0 0 1
    outer loop
      vertex 2.07055 7.72741 18
      vertex 1.19057 4.44326 18
      vertex 1.76034 4.24985 18
    endloop
  endfacet
  facet normal 0 0 1
    outer loop
      vertex 1.04421 7.93156 18
      vertex 1.19057 4.44326 18
      vertex 2.07055 7.72741 18
    endloop
  endfacet
  facet normal 0 0 1
    outer loop
      vertex 1.04421 7.93156 18
      vertex 0.60042 4.56065 18
      vertex 1.19057 4.44326 18
    endloop
  endfacet
  facet normal 0 0 1
    outer loop
      vertex 0 8 18
      vertex 0.60042 4.56065 18
      vertex 1.04421 7.93156 18
    endloop
  endfacet
  facet normal 0 0 1
    outer loop
      vertex 0 8 18
      vertex 0 4.6 18
      vertex 0.60042 4.56065 18
    endloop
  endfacet
  facet normal 0 0 1
    outer loop
      vertex 0 8 18
      vertex -0.60042 4.56065 18
      vertex 0 4.6 18
    endloop
  endfacet
  facet normal -0 0 1
    outer loop
      vertex -1.04421 7.93156 18
      vertex -0.60042 4.56065 18
      vertex 0 8 18
    endloop
  endfacet
  facet normal 0 0 1
    outer loop
      vertex -1.04421 7.93156 18
      vertex -1.19057 4.44326 18
      vertex -0.60042 4.56065 18
    endloop
  endfacet
  facet normal -0 0 1
    outer loop
      vertex -2.07055 7.72741 18
      vertex -1.19057 4.44326 18
      vertex -1.04421 7.93156 18
    endloop
  endfacet
  facet normal 0 0 1
    outer loop
      vertex -1.19057 4.44326 18
      vertex -2.07055 7.72741 18
      vertex -1.76034 4.24985 18
    endloop
  endfacet
  facet normal -0 0 1
    outer loop
      vertex -3.06147 7.39104 18
      vertex -1.76034 4.24985 18
      vertex -2.07055 7.72741 18
    endloop
  endfacet
  facet normal 0 0 1
    outer loop
      vertex -1.76034 4.24985 18
      vertex -3.06147 7.39104 18
      vertex -2.3 3.98372 18
    endloop
  endfacet
  facet normal -0 0 1
    outer loop
      vertex -4 6.9282 18
      vertex -2.3 3.98372 18
      vertex -3.06147 7.39104 18
    endloop
  endfacet
  facet normal 0 0 1
    outer loop
      vertex -2.3 3.98372 18
      vertex -4 6.9282 18
      vertex -2.8003 3.64942 18
    endloop
  endfacet
  facet normal -0 0 1
    outer loop
      vertex -4.87009 6.34683 18
      vertex -2.8003 3.64942 18
      vertex -4 6.9282 18
    endloop
  endfacet
  facet normal 0 0 1
    outer loop
      vertex -2.8003 3.64942 18
      vertex -4.87009 6.34683 18
      vertex -3.25269 3.25269 18
    endloop
  endfacet
  facet normal -0 0 1
    outer loop
      vertex -5.65685 5.65685 18
      vertex -3.25269 3.25269 18
      vertex -4.87009 6.34683 18
    endloop
  endfacet
  facet normal 0 0 1
    outer loop
      vertex -3.25269 3.25269 18
      vertex -5.65685 5.65685 18
      vertex -3.64942 2.8003 18
    endloop
  endfacet
  facet normal -0 0 1
    outer loop
      vertex -6.34683 4.87009 18
      vertex -3.64942 2.8003 18
      vertex -5.65685 5.65685 18
    endloop
  endfacet
  facet normal 0 0 1
    outer loop
      vertex -3.64942 2.8003 18
      vertex -6.34683 4.87009 18
      vertex -3.98372 2.3 18
    endloop
  endfacet
  facet normal 0 0 1
    outer loop
      vertex -3.98372 2.3 18
      vertex -6.9282 4 18
      vertex -4.24985 1.76034 18
    endloop
  endfacet
  facet normal -0 0 1
    outer loop
      vertex -6.9282 4 18
      vertex -3.98372 2.3 18
      vertex -6.34683 4.87009 18
    endloop
  endfacet
  facet normal -0 0 1
    outer loop
      vertex 3.98372 -2.3 18
      vertex 6.9282 -4 18
      vertex 4.24985 -1.76034 18
    endloop
  endfacet
  facet normal 0 0 1
    outer loop
      vertex 6.9282 -4 18
      vertex 3.98372 -2.3 18
      vertex 6.34683 -4.87009 18
    endloop
  endfacet
  facet normal -0 0 1
    outer loop
      vertex 3.64942 -2.8003 18
      vertex 6.34683 -4.87009 18
      vertex 3.98372 -2.3 18
    endloop
  endfacet
  facet normal 0 0 1
    outer loop
      vertex 6.34683 -4.87009 18
      vertex 3.64942 -2.8003 18
      vertex 5.65685 -5.65685 18
    endloop
  endfacet
  facet normal -0 0 1
    outer loop
      vertex 3.25269 -3.25269 18
      vertex 5.65685 -5.65685 18
      vertex 3.64942 -2.8003 18
    endloop
  endfacet
  facet normal 0 0 1
    outer loop
      vertex 5.65685 -5.65685 18
      vertex 3.25269 -3.25269 18
      vertex 4.87009 -6.34683 18
    endloop
  endfacet
  facet normal -0 0 1
    outer loop
      vertex 2.8003 -3.64942 18
      vertex 4.87009 -6.34683 18
      vertex 3.25269 -3.25269 18
    endloop
  endfacet
  facet normal 0 0 1
    outer loop
      vertex 4.87009 -6.34683 18
      vertex 2.8003 -3.64942 18
      vertex 4 -6.9282 18
    endloop
  endfacet
  facet normal -0 0 1
    outer loop
      vertex 2.3 -3.98372 18
      vertex 4 -6.9282 18
      vertex 2.8003 -3.64942 18
    endloop
  endfacet
  facet normal 0 0 1
    outer loop
      vertex 4 -6.9282 18
      vertex 2.3 -3.98372 18
      vertex 3.06147 -7.39104 18
    endloop
  endfacet
  facet normal -0 0 1
    outer loop
      vertex 1.76034 -4.24985 18
      vertex 3.06147 -7.39104 18
      vertex 2.3 -3.98372 18
    endloop
  endfacet
  facet normal 0 0 1
    outer loop
      vertex 3.06147 -7.39104 18
      vertex 1.76034 -4.24985 18
      vertex 2.07055 -7.72741 18
    endloop
  endfacet
  facet normal -0 0 1
    outer loop
      vertex 1.19057 -4.44326 18
      vertex 2.07055 -7.72741 18
      vertex 1.76034 -4.24985 18
    endloop
  endfacet
  facet normal 0 0 1
    outer loop
      vertex 1.19057 -4.44326 18
      vertex 1.04421 -7.93156 18
      vertex 2.07055 -7.72741 18
    endloop
  endfacet
  facet normal -0 0 1
    outer loop
      vertex 0.60042 -4.56065 18
      vertex 1.04421 -7.93156 18
      vertex 1.19057 -4.44326 18
    endloop
  endfacet
  facet normal -0 0 1
    outer loop
      vertex 0 -4.6 18
      vertex 1.04421 -7.93156 18
      vertex 0.60042 -4.56065 18
    endloop
  endfacet
  facet normal 0 0 1
    outer loop
      vertex 0 -4.6 18
      vertex 0 -8 18
      vertex 1.04421 -7.93156 18
    endloop
  endfacet
  facet normal 0 0 1
    outer loop
      vertex -0.60042 -4.56065 18
      vertex 0 -8 18
      vertex 0 -4.6 18
    endloop
  endfacet
  facet normal 0 0 1
    outer loop
      vertex -0.60042 -4.56065 18
      vertex -1.04421 -7.93156 18
      vertex 0 -8 18
    endloop
  endfacet
  facet normal 0 0 1
    outer loop
      vertex -1.19057 -4.44326 18
      vertex -1.04421 -7.93156 18
      vertex -0.60042 -4.56065 18
    endloop
  endfacet
  facet normal 0 0 1
    outer loop
      vertex -2.07055 -7.72741 18
      vertex -1.19057 -4.44326 18
      vertex -1.76034 -4.24985 18
    endloop
  endfacet
  facet normal 0 0 1
    outer loop
      vertex -1.19057 -4.44326 18
      vertex -2.07055 -7.72741 18
      vertex -1.04421 -7.93156 18
    endloop
  endfacet
  facet normal 0 0 1
    outer loop
      vertex -3.06147 -7.39104 18
      vertex -1.76034 -4.24985 18
      vertex -2.3 -3.98372 18
    endloop
  endfacet
  facet normal 0 0 1
    outer loop
      vertex -4 -6.9282 18
      vertex -2.3 -3.98372 18
      vertex -2.8003 -3.64942 18
    endloop
  endfacet
  facet normal 0 0 1
    outer loop
      vertex -1.76034 -4.24985 18
      vertex -3.06147 -7.39104 18
      vertex -2.07055 -7.72741 18
    endloop
  endfacet
  facet normal 0 0 1
    outer loop
      vertex -4.87009 -6.34683 18
      vertex -2.8003 -3.64942 18
      vertex -3.25269 -3.25269 18
    endloop
  endfacet
  facet normal 0 0 1
    outer loop
      vertex -5.65685 -5.65685 18
      vertex -3.25269 -3.25269 18
      vertex -3.64942 -2.8003 18
    endloop
  endfacet
  facet normal 0 0 1
    outer loop
      vertex -6.34683 -4.87009 18
      vertex -3.64942 -2.8003 18
      vertex -3.98372 -2.3 18
    endloop
  endfacet
  facet normal 0 0 1
    outer loop
      vertex -2.3 -3.98372 18
      vertex -4 -6.9282 18
      vertex -3.06147 -7.39104 18
    endloop
  endfacet
  facet normal 0 0 1
    outer loop
      vertex -6.9282 -4 18
      vertex -3.98372 -2.3 18
      vertex -4.24985 -1.76034 18
    endloop
  endfacet
  facet normal 0 0 1
    outer loop
      vertex -7.39104 -3.06147 18
      vertex -4.24985 -1.76034 18
      vertex -4.44326 -1.19057 18
    endloop
  endfacet
  facet normal 0 0 1
    outer loop
      vertex -7.72741 -2.07055 18
      vertex -4.44326 -1.19057 18
      vertex -4.56065 -0.60042 18
    endloop
  endfacet
  facet normal 0 0 1
    outer loop
      vertex -2.8003 -3.64942 18
      vertex -4.87009 -6.34683 18
      vertex -4 -6.9282 18
    endloop
  endfacet
  facet normal 0 0 1
    outer loop
      vertex -7.93156 -1.04421 18
      vertex -4.56065 -0.60042 18
      vertex -4.6 0 18
    endloop
  endfacet
  facet normal -0 0 1
    outer loop
      vertex -7.39104 3.06147 18
      vertex -4.24985 1.76034 18
      vertex -6.9282 4 18
    endloop
  endfacet
  facet normal 0 0 1
    outer loop
      vertex -4.24985 1.76034 18
      vertex -7.39104 3.06147 18
      vertex -4.44326 1.19057 18
    endloop
  endfacet
  facet normal 0 0 1
    outer loop
      vertex -3.25269 -3.25269 18
      vertex -5.65685 -5.65685 18
      vertex -4.87009 -6.34683 18
    endloop
  endfacet
  facet normal -0 0 1
    outer loop
      vertex -7.72741 2.07055 18
      vertex -4.44326 1.19057 18
      vertex -7.39104 3.06147 18
    endloop
  endfacet
  facet normal 0 0 1
    outer loop
      vertex -3.64942 -2.8003 18
      vertex -6.34683 -4.87009 18
      vertex -5.65685 -5.65685 18
    endloop
  endfacet
  facet normal 0 0 1
    outer loop
      vertex -4.44326 1.19057 18
      vertex -7.72741 2.07055 18
      vertex -4.56065 0.60042 18
    endloop
  endfacet
  facet normal 0 0 1
    outer loop
      vertex -3.98372 -2.3 18
      vertex -6.9282 -4 18
      vertex -6.34683 -4.87009 18
    endloop
  endfacet
  facet normal -0 0 1
    outer loop
      vertex -7.93156 1.04421 18
      vertex -4.56065 0.60042 18
      vertex -7.72741 2.07055 18
    endloop
  endfacet
  facet normal 0 0 1
    outer loop
      vertex -4.24985 -1.76034 18
      vertex -7.39104 -3.06147 18
      vertex -6.9282 -4 18
    endloop
  endfacet
  facet normal 0 0 1
    outer loop
      vertex -4.56065 0.60042 18
      vertex -7.93156 1.04421 18
      vertex -4.6 0 18
    endloop
  endfacet
  facet normal 0 0 1
    outer loop
      vertex -4.44326 -1.19057 18
      vertex -7.72741 -2.07055 18
      vertex -7.39104 -3.06147 18
    endloop
  endfacet
  facet normal 0 0 1
    outer loop
      vertex -8 0 18
      vertex -4.6 0 18
      vertex -7.93156 1.04421 18
    endloop
  endfacet
  facet normal 0 0 1
    outer loop
      vertex -4.56065 -0.60042 18
      vertex -7.93156 -1.04421 18
      vertex -7.72741 -2.07055 18
    endloop
  endfacet
  facet normal 0 0 1
    outer loop
      vertex -4.6 0 18
      vertex -8 0 18
      vertex -7.93156 -1.04421 18
    endloop
  endfacet
  facet normal 0.321438 0.946931 -0
    outer loop
      vertex 3.06147 7.39104 16.8
      vertex 2.07055 7.72741 18
      vertex 3.06147 7.39104 18
    endloop
  endfacet
  facet normal 0.321438 0.946931 0
    outer loop
      vertex 2.07055 7.72741 18
      vertex 3.06147 7.39104 16.8
      vertex 2.07055 7.72741 16.8
    endloop
  endfacet
  facet normal 0.321438 0.946931 -0
    outer loop
      vertex 3.06147 7.39104 2.4
      vertex 2.07055 7.72741 3.6
      vertex 3.06147 7.39104 3.6
    endloop
  endfacet
  facet normal 0.321438 0.946931 0
    outer loop
      vertex 2.07055 7.72741 3.6
      vertex 3.06147 7.39104 2.4
      vertex 2.07055 7.72741 2.4
    endloop
  endfacet
  facet normal 0.321438 0.946931 -0
    outer loop
      vertex 3.06147 7.39104 6
      vertex 2.07055 7.72741 7.2
      vertex 3.06147 7.39104 7.2
    endloop
  endfacet
  facet normal 0.321438 0.946931 0
    outer loop
      vertex 2.07055 7.72741 7.2
      vertex 3.06147 7.39104 6
      vertex 2.07055 7.72741 6
    endloop
  endfacet
  facet normal 0.321438 0.946931 -0
    outer loop
      vertex 3.06147 7.39104 9.6
      vertex 2.07055 7.72741 10.8
      vertex 3.06147 7.39104 10.8
    endloop
  endfacet
  facet normal 0.321438 0.946931 0
    outer loop
      vertex 2.07055 7.72741 10.8
      vertex 3.06147 7.39104 9.6
      vertex 2.07055 7.72741 9.6
    endloop
  endfacet
  facet normal 0.321438 0.946931 -0
    outer loop
      vertex 3.06147 7.39104 13.2
      vertex 2.07055 7.72741 14.4
      vertex 3.06147 7.39104 14.4
    endloop
  endfacet
  facet normal 0.321438 0.946931 0
    outer loop
      vertex 2.07055 7.72741 14.4
      vertex 3.06147 7.39104 13.2
      vertex 2.07055 7.72741 13.2
    endloop
  endfacet
  facet normal -0.980786 -0.195089 0
    outer loop
      vertex -7.72741 -2.07055 16.8
      vertex -7.93156 -1.04421 18
      vertex -7.93156 -1.04421 16.8
    endloop
  endfacet
  facet normal -0.980786 -0.195089 0
    outer loop
      vertex -7.93156 -1.04421 18
      vertex -7.72741 -2.07055 16.8
      vertex -7.72741 -2.07055 18
    endloop
  endfacet
  facet normal -0.980786 -0.195089 0
    outer loop
      vertex -7.72741 -2.07055 2.4
      vertex -7.93156 -1.04421 3.6
      vertex -7.93156 -1.04421 2.4
    endloop
  endfacet
  facet normal -0.980786 -0.195089 0
    outer loop
      vertex -7.93156 -1.04421 3.6
      vertex -7.72741 -2.07055 2.4
      vertex -7.72741 -2.07055 3.6
    endloop
  endfacet
  facet normal -0.980786 -0.195089 0
    outer loop
      vertex -7.72741 -2.07055 6
      vertex -7.93156 -1.04421 7.2
      vertex -7.93156 -1.04421 6
    endloop
  endfacet
  facet normal -0.980786 -0.195089 0
    outer loop
      vertex -7.93156 -1.04421 7.2
      vertex -7.72741 -2.07055 6
      vertex -7.72741 -2.07055 7.2
    endloop
  endfacet
  facet normal -0.980786 -0.195089 0
    outer loop
      vertex -7.72741 -2.07055 9.6
      vertex -7.93156 -1.04421 10.8
      vertex -7.93156 -1.04421 9.6
    endloop
  endfacet
  facet normal -0.980786 -0.195089 0
    outer loop
      vertex -7.93156 -1.04421 10.8
      vertex -7.72741 -2.07055 9.6
      vertex -7.72741 -2.07055 10.8
    endloop
  endfacet
  facet normal -0.980786 -0.195089 0
    outer loop
      vertex -7.72741 -2.07055 13.2
      vertex -7.93156 -1.04421 14.4
      vertex -7.93156 -1.04421 13.2
    endloop
  endfacet
  facet normal -0.980786 -0.195089 0
    outer loop
      vertex -7.93156 -1.04421 14.4
      vertex -7.72741 -2.07055 13.2
      vertex -7.72741 -2.07055 14.4
    endloop
  endfacet
  facet normal -0.442295 -0.89687 0
    outer loop
      vertex -4 -6.9282 16.8
      vertex -3.06147 -7.39104 18
      vertex -4 -6.9282 18
    endloop
  endfacet
  facet normal -0.442295 -0.89687 -0
    outer loop
      vertex -3.06147 -7.39104 18
      vertex -4 -6.9282 16.8
      vertex -3.06147 -7.39104 16.8
    endloop
  endfacet
  facet normal -0.442295 -0.89687 0
    outer loop
      vertex -4 -6.9282 2.4
      vertex -3.06147 -7.39104 3.6
      vertex -4 -6.9282 3.6
    endloop
  endfacet
  facet normal -0.442295 -0.89687 -0
    outer loop
      vertex -3.06147 -7.39104 3.6
      vertex -4 -6.9282 2.4
      vertex -3.06147 -7.39104 2.4
    endloop
  endfacet
  facet normal -0.442295 -0.89687 0
    outer loop
      vertex -4 -6.9282 6
      vertex -3.06147 -7.39104 7.2
      vertex -4 -6.9282 7.2
    endloop
  endfacet
  facet normal -0.442295 -0.89687 -0
    outer loop
      vertex -3.06147 -7.39104 7.2
      vertex -4 -6.9282 6
      vertex -3.06147 -7.39104 6
    endloop
  endfacet
  facet normal -0.442295 -0.89687 0
    outer loop
      vertex -4 -6.9282 9.6
      vertex -3.06147 -7.39104 10.8
      vertex -4 -6.9282 10.8
    endloop
  endfacet
  facet normal -0.442295 -0.89687 -0
    outer loop
      vertex -3.06147 -7.39104 10.8
      vertex -4 -6.9282 9.6
      vertex -3.06147 -7.39104 9.6
    endloop
  endfacet
  facet normal -0.442295 -0.89687 0
    outer loop
      vertex -4 -6.9282 13.2
      vertex -3.06147 -7.39104 14.4
      vertex -4 -6.9282 14.4
    endloop
  endfacet
  facet normal -0.442295 -0.89687 -0
    outer loop
      vertex -3.06147 -7.39104 14.4
      vertex -4 -6.9282 13.2
      vertex -3.06147 -7.39104 13.2
    endloop
  endfacet
  facet normal 0.555567 0.831472 -0
    outer loop
      vertex 4.87009 6.34683 16.8
      vertex 4 6.9282 18
      vertex 4.87009 6.34683 18
    endloop
  endfacet
  facet normal 0.555567 0.831472 0
    outer loop
      vertex 4 6.9282 18
      vertex 4.87009 6.34683 16.8
      vertex 4 6.9282 16.8
    endloop
  endfacet
  facet normal 0.555567 0.831472 -0
    outer loop
      vertex 4.87009 6.34683 2.4
      vertex 4 6.9282 3.6
      vertex 4.87009 6.34683 3.6
    endloop
  endfacet
  facet normal 0.555567 0.831472 0
    outer loop
      vertex 4 6.9282 3.6
      vertex 4.87009 6.34683 2.4
      vertex 4 6.9282 2.4
    endloop
  endfacet
  facet normal 0.555567 0.831472 -0
    outer loop
      vertex 4.87009 6.34683 6
      vertex 4 6.9282 7.2
      vertex 4.87009 6.34683 7.2
    endloop
  endfacet
  facet normal 0.555567 0.831472 0
    outer loop
      vertex 4 6.9282 7.2
      vertex 4.87009 6.34683 6
      vertex 4 6.9282 6
    endloop
  endfacet
  facet normal 0.555567 0.831472 -0
    outer loop
      vertex 4.87009 6.34683 9.6
      vertex 4 6.9282 10.8
      vertex 4.87009 6.34683 10.8
    endloop
  endfacet
  facet normal 0.555567 0.831472 0
    outer loop
      vertex 4 6.9282 10.8
      vertex 4.87009 6.34683 9.6
      vertex 4 6.9282 9.6
    endloop
  endfacet
  facet normal 0.555567 0.831472 -0
    outer loop
      vertex 4.87009 6.34683 13.2
      vertex 4 6.9282 14.4
      vertex 4.87009 6.34683 14.4
    endloop
  endfacet
  facet normal 0.555567 0.831472 0
    outer loop
      vertex 4 6.9282 14.4
      vertex 4.87009 6.34683 13.2
      vertex 4 6.9282 13.2
    endloop
  endfacet
  facet normal -0.997859 -0.065402 0
    outer loop
      vertex -7.93156 -1.04421 16.8
      vertex -8 0 18
      vertex -8 0 16.8
    endloop
  endfacet
  facet normal -0.997859 -0.065402 0
    outer loop
      vertex -8 0 18
      vertex -7.93156 -1.04421 16.8
      vertex -7.93156 -1.04421 18
    endloop
  endfacet
  facet normal -0.997859 -0.065402 0
    outer loop
      vertex -7.93156 -1.04421 2.4
      vertex -8 0 3.6
      vertex -8 0 2.4
    endloop
  endfacet
  facet normal -0.997859 -0.065402 0
    outer loop
      vertex -8 0 3.6
      vertex -7.93156 -1.04421 2.4
      vertex -7.93156 -1.04421 3.6
    endloop
  endfacet
  facet normal -0.997859 -0.065402 0
    outer loop
      vertex -7.93156 -1.04421 6
      vertex -8 0 7.2
      vertex -8 0 6
    endloop
  endfacet
  facet normal -0.997859 -0.065402 0
    outer loop
      vertex -8 0 7.2
      vertex -7.93156 -1.04421 6
      vertex -7.93156 -1.04421 7.2
    endloop
  endfacet
  facet normal -0.997859 -0.065402 0
    outer loop
      vertex -7.93156 -1.04421 9.6
      vertex -8 0 10.8
      vertex -8 0 9.6
    endloop
  endfacet
  facet normal -0.997859 -0.065402 0
    outer loop
      vertex -8 0 10.8
      vertex -7.93156 -1.04421 9.6
      vertex -7.93156 -1.04421 10.8
    endloop
  endfacet
  facet normal -0.997859 -0.065402 0
    outer loop
      vertex -7.93156 -1.04421 13.2
      vertex -8 0 14.4
      vertex -8 0 13.2
    endloop
  endfacet
  facet normal -0.997859 -0.065402 0
    outer loop
      vertex -8 0 14.4
      vertex -7.93156 -1.04421 13.2
      vertex -7.93156 -1.04421 14.4
    endloop
  endfacet
  facet normal -0.555567 -0.831472 0
    outer loop
      vertex -4.87009 -6.34683 16.8
      vertex -4 -6.9282 18
      vertex -4.87009 -6.34683 18
    endloop
  endfacet
  facet normal -0.555567 -0.831472 -0
    outer loop
      vertex -4 -6.9282 18
      vertex -4.87009 -6.34683 16.8
      vertex -4 -6.9282 16.8
    endloop
  endfacet
  facet normal -0.555567 -0.831472 0
    outer loop
      vertex -4.87009 -6.34683 2.4
      vertex -4 -6.9282 3.6
      vertex -4.87009 -6.34683 3.6
    endloop
  endfacet
  facet normal -0.555567 -0.831472 -0
    outer loop
      vertex -4 -6.9282 3.6
      vertex -4.87009 -6.34683 2.4
      vertex -4 -6.9282 2.4
    endloop
  endfacet
  facet normal -0.555567 -0.831472 0
    outer loop
      vertex -4.87009 -6.34683 6
      vertex -4 -6.9282 7.2
      vertex -4.87009 -6.34683 7.2
    endloop
  endfacet
  facet normal -0.555567 -0.831472 -0
    outer loop
      vertex -4 -6.9282 7.2
      vertex -4.87009 -6.34683 6
      vertex -4 -6.9282 6
    endloop
  endfacet
  facet normal -0.555567 -0.831472 0
    outer loop
      vertex -4.87009 -6.34683 9.6
      vertex -4 -6.9282 10.8
      vertex -4.87009 -6.34683 10.8
    endloop
  endfacet
  facet normal -0.555567 -0.831472 -0
    outer loop
      vertex -4 -6.9282 10.8
      vertex -4.87009 -6.34683 9.6
      vertex -4 -6.9282 9.6
    endloop
  endfacet
  facet normal -0.555567 -0.831472 0
    outer loop
      vertex -4.87009 -6.34683 13.2
      vertex -4 -6.9282 14.4
      vertex -4.87009 -6.34683 14.4
    endloop
  endfacet
  facet normal -0.555567 -0.831472 -0
    outer loop
      vertex -4 -6.9282 14.4
      vertex -4.87009 -6.34683 13.2
      vertex -4 -6.9282 13.2
    endloop
  endfacet
  facet normal 0.321438 -0.946931 0
    outer loop
      vertex 2.07055 -7.72741 16.8
      vertex 3.06147 -7.39104 18
      vertex 2.07055 -7.72741 18
    endloop
  endfacet
  facet normal 0.321438 -0.946931 0
    outer loop
      vertex 3.06147 -7.39104 18
      vertex 2.07055 -7.72741 16.8
      vertex 3.06147 -7.39104 16.8
    endloop
  endfacet
  facet normal 0.321438 -0.946931 0
    outer loop
      vertex 2.07055 -7.72741 2.4
      vertex 3.06147 -7.39104 3.6
      vertex 2.07055 -7.72741 3.6
    endloop
  endfacet
  facet normal 0.321438 -0.946931 0
    outer loop
      vertex 3.06147 -7.39104 3.6
      vertex 2.07055 -7.72741 2.4
      vertex 3.06147 -7.39104 2.4
    endloop
  endfacet
  facet normal 0.321438 -0.946931 0
    outer loop
      vertex 2.07055 -7.72741 6
      vertex 3.06147 -7.39104 7.2
      vertex 2.07055 -7.72741 7.2
    endloop
  endfacet
  facet normal 0.321438 -0.946931 0
    outer loop
      vertex 3.06147 -7.39104 7.2
      vertex 2.07055 -7.72741 6
      vertex 3.06147 -7.39104 6
    endloop
  endfacet
  facet normal 0.321438 -0.946931 0
    outer loop
      vertex 2.07055 -7.72741 9.6
      vertex 3.06147 -7.39104 10.8
      vertex 2.07055 -7.72741 10.8
    endloop
  endfacet
  facet normal 0.321438 -0.946931 0
    outer loop
      vertex 3.06147 -7.39104 10.8
      vertex 2.07055 -7.72741 9.6
      vertex 3.06147 -7.39104 9.6
    endloop
  endfacet
  facet normal 0.321438 -0.946931 0
    outer loop
      vertex 2.07055 -7.72741 13.2
      vertex 3.06147 -7.39104 14.4
      vertex 2.07055 -7.72741 14.4
    endloop
  endfacet
  facet normal 0.321438 -0.946931 0
    outer loop
      vertex 3.06147 -7.39104 14.4
      vertex 2.07055 -7.72741 13.2
      vertex 3.06147 -7.39104 13.2
    endloop
  endfacet
  facet normal -0.980786 0.195089 0
    outer loop
      vertex -7.93156 1.04421 16.8
      vertex -7.72741 2.07055 18
      vertex -7.72741 2.07055 16.8
    endloop
  endfacet
  facet normal -0.980786 0.195089 0
    outer loop
      vertex -7.72741 2.07055 18
      vertex -7.93156 1.04421 16.8
      vertex -7.93156 1.04421 18
    endloop
  endfacet
  facet normal -0.980786 0.195089 0
    outer loop
      vertex -7.93156 1.04421 2.4
      vertex -7.72741 2.07055 3.6
      vertex -7.72741 2.07055 2.4
    endloop
  endfacet
  facet normal -0.980786 0.195089 0
    outer loop
      vertex -7.72741 2.07055 3.6
      vertex -7.93156 1.04421 2.4
      vertex -7.93156 1.04421 3.6
    endloop
  endfacet
  facet normal -0.980786 0.195089 0
    outer loop
      vertex -7.93156 1.04421 6
      vertex -7.72741 2.07055 7.2
      vertex -7.72741 2.07055 6
    endloop
  endfacet
  facet normal -0.980786 0.195089 0
    outer loop
      vertex -7.72741 2.07055 7.2
      vertex -7.93156 1.04421 6
      vertex -7.93156 1.04421 7.2
    endloop
  endfacet
  facet normal -0.980786 0.195089 0
    outer loop
      vertex -7.93156 1.04421 9.6
      vertex -7.72741 2.07055 10.8
      vertex -7.72741 2.07055 9.6
    endloop
  endfacet
  facet normal -0.980786 0.195089 0
    outer loop
      vertex -7.72741 2.07055 10.8
      vertex -7.93156 1.04421 9.6
      vertex -7.93156 1.04421 10.8
    endloop
  endfacet
  facet normal -0.980786 0.195089 0
    outer loop
      vertex -7.93156 1.04421 13.2
      vertex -7.72741 2.07055 14.4
      vertex -7.72741 2.07055 13.2
    endloop
  endfacet
  facet normal -0.980786 0.195089 0
    outer loop
      vertex -7.72741 2.07055 14.4
      vertex -7.93156 1.04421 13.2
      vertex -7.93156 1.04421 14.4
    endloop
  endfacet
  facet normal 0.831472 0.555567 0
    outer loop
      vertex 6.9282 4 18
      vertex 6.34683 4.87009 16.8
      vertex 6.34683 4.87009 18
    endloop
  endfacet
  facet normal 0.831472 0.555567 0
    outer loop
      vertex 6.34683 4.87009 16.8
      vertex 6.9282 4 18
      vertex 6.9282 4 16.8
    endloop
  endfacet
  facet normal 0.831472 0.555567 0
    outer loop
      vertex 6.9282 4 3.6
      vertex 6.34683 4.87009 2.4
      vertex 6.34683 4.87009 3.6
    endloop
  endfacet
  facet normal 0.831472 0.555567 0
    outer loop
      vertex 6.34683 4.87009 2.4
      vertex 6.9282 4 3.6
      vertex 6.9282 4 2.4
    endloop
  endfacet
  facet normal 0.831472 0.555567 0
    outer loop
      vertex 6.9282 4 7.2
      vertex 6.34683 4.87009 6
      vertex 6.34683 4.87009 7.2
    endloop
  endfacet
  facet normal 0.831472 0.555567 0
    outer loop
      vertex 6.34683 4.87009 6
      vertex 6.9282 4 7.2
      vertex 6.9282 4 6
    endloop
  endfacet
  facet normal 0.831472 0.555567 0
    outer loop
      vertex 6.9282 4 10.8
      vertex 6.34683 4.87009 9.6
      vertex 6.34683 4.87009 10.8
    endloop
  endfacet
  facet normal 0.831472 0.555567 0
    outer loop
      vertex 6.34683 4.87009 9.6
      vertex 6.9282 4 10.8
      vertex 6.9282 4 9.6
    endloop
  endfacet
  facet normal 0.831472 0.555567 0
    outer loop
      vertex 6.9282 4 14.4
      vertex 6.34683 4.87009 13.2
      vertex 6.34683 4.87009 14.4
    endloop
  endfacet
  facet normal 0.831472 0.555567 0
    outer loop
      vertex 6.34683 4.87009 13.2
      vertex 6.9282 4 14.4
      vertex 6.9282 4 13.2
    endloop
  endfacet
  facet normal -0.065402 0.997859 0
    outer loop
      vertex 0 8 16.8
      vertex -1.04421 7.93156 18
      vertex 0 8 18
    endloop
  endfacet
  facet normal -0.065402 0.997859 0
    outer loop
      vertex -1.04421 7.93156 18
      vertex 0 8 16.8
      vertex -1.04421 7.93156 16.8
    endloop
  endfacet
  facet normal -0.065402 0.997859 0
    outer loop
      vertex 0 8 2.4
      vertex -1.04421 7.93156 3.6
      vertex 0 8 3.6
    endloop
  endfacet
  facet normal -0.065402 0.997859 0
    outer loop
      vertex -1.04421 7.93156 3.6
      vertex 0 8 2.4
      vertex -1.04421 7.93156 2.4
    endloop
  endfacet
  facet normal -0.065402 0.997859 0
    outer loop
      vertex 0 8 6
      vertex -1.04421 7.93156 7.2
      vertex 0 8 7.2
    endloop
  endfacet
  facet normal -0.065402 0.997859 0
    outer loop
      vertex -1.04421 7.93156 7.2
      vertex 0 8 6
      vertex -1.04421 7.93156 6
    endloop
  endfacet
  facet normal -0.065402 0.997859 0
    outer loop
      vertex 0 8 9.6
      vertex -1.04421 7.93156 10.8
      vertex 0 8 10.8
    endloop
  endfacet
  facet normal -0.065402 0.997859 0
    outer loop
      vertex -1.04421 7.93156 10.8
      vertex 0 8 9.6
      vertex -1.04421 7.93156 9.6
    endloop
  endfacet
  facet normal -0.065402 0.997859 0
    outer loop
      vertex 0 8 13.2
      vertex -1.04421 7.93156 14.4
      vertex 0 8 14.4
    endloop
  endfacet
  facet normal -0.065402 0.997859 0
    outer loop
      vertex -1.04421 7.93156 14.4
      vertex 0 8 13.2
      vertex -1.04421 7.93156 13.2
    endloop
  endfacet
  facet normal 0.751835 0.659351 0
    outer loop
      vertex 6.34683 4.87009 18
      vertex 5.65685 5.65685 16.8
      vertex 5.65685 5.65685 18
    endloop
  endfacet
  facet normal 0.751835 0.659351 0
    outer loop
      vertex 5.65685 5.65685 16.8
      vertex 6.34683 4.87009 18
      vertex 6.34683 4.87009 16.8
    endloop
  endfacet
  facet normal 0.751835 0.659351 0
    outer loop
      vertex 6.34683 4.87009 3.6
      vertex 5.65685 5.65685 2.4
      vertex 5.65685 5.65685 3.6
    endloop
  endfacet
  facet normal 0.751835 0.659351 0
    outer loop
      vertex 5.65685 5.65685 2.4
      vertex 6.34683 4.87009 3.6
      vertex 6.34683 4.87009 2.4
    endloop
  endfacet
  facet normal 0.751835 0.659351 0
    outer loop
      vertex 6.34683 4.87009 7.2
      vertex 5.65685 5.65685 6
      vertex 5.65685 5.65685 7.2
    endloop
  endfacet
  facet normal 0.751835 0.659351 0
    outer loop
      vertex 5.65685 5.65685 6
      vertex 6.34683 4.87009 7.2
      vertex 6.34683 4.87009 6
    endloop
  endfacet
  facet normal 0.751835 0.659351 0
    outer loop
      vertex 6.34683 4.87009 10.8
      vertex 5.65685 5.65685 9.6
      vertex 5.65685 5.65685 10.8
    endloop
  endfacet
  facet normal 0.751835 0.659351 0
    outer loop
      vertex 5.65685 5.65685 9.6
      vertex 6.34683 4.87009 10.8
      vertex 6.34683 4.87009 9.6
    endloop
  endfacet
  facet normal 0.751835 0.659351 0
    outer loop
      vertex 6.34683 4.87009 14.4
      vertex 5.65685 5.65685 13.2
      vertex 5.65685 5.65685 14.4
    endloop
  endfacet
  facet normal 0.751835 0.659351 0
    outer loop
      vertex 5.65685 5.65685 13.2
      vertex 6.34683 4.87009 14.4
      vertex 6.34683 4.87009 13.2
    endloop
  endfacet
  facet normal 0.659351 0.751835 -0
    outer loop
      vertex 5.65685 5.65685 16.8
      vertex 4.87009 6.34683 18
      vertex 5.65685 5.65685 18
    endloop
  endfacet
  facet normal 0.659351 0.751835 0
    outer loop
      vertex 4.87009 6.34683 18
      vertex 5.65685 5.65685 16.8
      vertex 4.87009 6.34683 16.8
    endloop
  endfacet
  facet normal 0.659351 0.751835 -0
    outer loop
      vertex 5.65685 5.65685 2.4
      vertex 4.87009 6.34683 3.6
      vertex 5.65685 5.65685 3.6
    endloop
  endfacet
  facet normal 0.659351 0.751835 0
    outer loop
      vertex 4.87009 6.34683 3.6
      vertex 5.65685 5.65685 2.4
      vertex 4.87009 6.34683 2.4
    endloop
  endfacet
  facet normal 0.659351 0.751835 -0
    outer loop
      vertex 5.65685 5.65685 6
      vertex 4.87009 6.34683 7.2
      vertex 5.65685 5.65685 7.2
    endloop
  endfacet
  facet normal 0.659351 0.751835 0
    outer loop
      vertex 4.87009 6.34683 7.2
      vertex 5.65685 5.65685 6
      vertex 4.87009 6.34683 6
    endloop
  endfacet
  facet normal 0.659351 0.751835 -0
    outer loop
      vertex 5.65685 5.65685 9.6
      vertex 4.87009 6.34683 10.8
      vertex 5.65685 5.65685 10.8
    endloop
  endfacet
  facet normal 0.659351 0.751835 0
    outer loop
      vertex 4.87009 6.34683 10.8
      vertex 5.65685 5.65685 9.6
      vertex 4.87009 6.34683 9.6
    endloop
  endfacet
  facet normal 0.659351 0.751835 -0
    outer loop
      vertex 5.65685 5.65685 13.2
      vertex 4.87009 6.34683 14.4
      vertex 5.65685 5.65685 14.4
    endloop
  endfacet
  facet normal 0.659351 0.751835 0
    outer loop
      vertex 4.87009 6.34683 14.4
      vertex 5.65685 5.65685 13.2
      vertex 4.87009 6.34683 13.2
    endloop
  endfacet
  facet normal 0.831472 -0.555567 0
    outer loop
      vertex 6.34683 -4.87009 18
      vertex 6.9282 -4 16.8
      vertex 6.9282 -4 18
    endloop
  endfacet
  facet normal 0.831472 -0.555567 0
    outer loop
      vertex 6.9282 -4 16.8
      vertex 6.34683 -4.87009 18
      vertex 6.34683 -4.87009 16.8
    endloop
  endfacet
  facet normal 0.831472 -0.555567 0
    outer loop
      vertex 6.34683 -4.87009 3.6
      vertex 6.9282 -4 2.4
      vertex 6.9282 -4 3.6
    endloop
  endfacet
  facet normal 0.831472 -0.555567 0
    outer loop
      vertex 6.9282 -4 2.4
      vertex 6.34683 -4.87009 3.6
      vertex 6.34683 -4.87009 2.4
    endloop
  endfacet
  facet normal 0.831472 -0.555567 0
    outer loop
      vertex 6.34683 -4.87009 7.2
      vertex 6.9282 -4 6
      vertex 6.9282 -4 7.2
    endloop
  endfacet
  facet normal 0.831472 -0.555567 0
    outer loop
      vertex 6.9282 -4 6
      vertex 6.34683 -4.87009 7.2
      vertex 6.34683 -4.87009 6
    endloop
  endfacet
  facet normal 0.831472 -0.555567 0
    outer loop
      vertex 6.34683 -4.87009 10.8
      vertex 6.9282 -4 9.6
      vertex 6.9282 -4 10.8
    endloop
  endfacet
  facet normal 0.831472 -0.555567 0
    outer loop
      vertex 6.9282 -4 9.6
      vertex 6.34683 -4.87009 10.8
      vertex 6.34683 -4.87009 9.6
    endloop
  endfacet
  facet normal 0.831472 -0.555567 0
    outer loop
      vertex 6.34683 -4.87009 14.4
      vertex 6.9282 -4 13.2
      vertex 6.9282 -4 14.4
    endloop
  endfacet
  facet normal 0.831472 -0.555567 0
    outer loop
      vertex 6.9282 -4 13.2
      vertex 6.34683 -4.87009 14.4
      vertex 6.34683 -4.87009 13.2
    endloop
  endfacet
  facet normal -0.321438 0.946931 0
    outer loop
      vertex -2.07055 7.72741 16.8
      vertex -3.06147 7.39104 18
      vertex -2.07055 7.72741 18
    endloop
  endfacet
  facet normal -0.321438 0.946931 0
    outer loop
      vertex -3.06147 7.39104 18
      vertex -2.07055 7.72741 16.8
      vertex -3.06147 7.39104 16.8
    endloop
  endfacet
  facet normal -0.321438 0.946931 0
    outer loop
      vertex -2.07055 7.72741 2.4
      vertex -3.06147 7.39104 3.6
      vertex -2.07055 7.72741 3.6
    endloop
  endfacet
  facet normal -0.321438 0.946931 0
    outer loop
      vertex -3.06147 7.39104 3.6
      vertex -2.07055 7.72741 2.4
      vertex -3.06147 7.39104 2.4
    endloop
  endfacet
  facet normal -0.321438 0.946931 0
    outer loop
      vertex -2.07055 7.72741 6
      vertex -3.06147 7.39104 7.2
      vertex -2.07055 7.72741 7.2
    endloop
  endfacet
  facet normal -0.321438 0.946931 0
    outer loop
      vertex -3.06147 7.39104 7.2
      vertex -2.07055 7.72741 6
      vertex -3.06147 7.39104 6
    endloop
  endfacet
  facet normal -0.321438 0.946931 0
    outer loop
      vertex -2.07055 7.72741 9.6
      vertex -3.06147 7.39104 10.8
      vertex -2.07055 7.72741 10.8
    endloop
  endfacet
  facet normal -0.321438 0.946931 0
    outer loop
      vertex -3.06147 7.39104 10.8
      vertex -2.07055 7.72741 9.6
      vertex -3.06147 7.39104 9.6
    endloop
  endfacet
  facet normal -0.321438 0.946931 0
    outer loop
      vertex -2.07055 7.72741 13.2
      vertex -3.06147 7.39104 14.4
      vertex -2.07055 7.72741 14.4
    endloop
  endfacet
  facet normal -0.321438 0.946931 0
    outer loop
      vertex -3.06147 7.39104 14.4
      vertex -2.07055 7.72741 13.2
      vertex -3.06147 7.39104 13.2
    endloop
  endfacet
  facet normal 0.195089 0.980786 -0
    outer loop
      vertex 2.07055 7.72741 16.8
      vertex 1.04421 7.93156 18
      vertex 2.07055 7.72741 18
    endloop
  endfacet
  facet normal 0.195089 0.980786 0
    outer loop
      vertex 1.04421 7.93156 18
      vertex 2.07055 7.72741 16.8
      vertex 1.04421 7.93156 16.8
    endloop
  endfacet
  facet normal 0.195089 0.980786 -0
    outer loop
      vertex 2.07055 7.72741 2.4
      vertex 1.04421 7.93156 3.6
      vertex 2.07055 7.72741 3.6
    endloop
  endfacet
  facet normal 0.195089 0.980786 0
    outer loop
      vertex 1.04421 7.93156 3.6
      vertex 2.07055 7.72741 2.4
      vertex 1.04421 7.93156 2.4
    endloop
  endfacet
  facet normal 0.195089 0.980786 -0
    outer loop
      vertex 2.07055 7.72741 6
      vertex 1.04421 7.93156 7.2
      vertex 2.07055 7.72741 7.2
    endloop
  endfacet
  facet normal 0.195089 0.980786 0
    outer loop
      vertex 1.04421 7.93156 7.2
      vertex 2.07055 7.72741 6
      vertex 1.04421 7.93156 6
    endloop
  endfacet
  facet normal 0.195089 0.980786 -0
    outer loop
      vertex 2.07055 7.72741 9.6
      vertex 1.04421 7.93156 10.8
      vertex 2.07055 7.72741 10.8
    endloop
  endfacet
  facet normal 0.195089 0.980786 0
    outer loop
      vertex 1.04421 7.93156 10.8
      vertex 2.07055 7.72741 9.6
      vertex 1.04421 7.93156 9.6
    endloop
  endfacet
  facet normal 0.195089 0.980786 -0
    outer loop
      vertex 2.07055 7.72741 13.2
      vertex 1.04421 7.93156 14.4
      vertex 2.07055 7.72741 14.4
    endloop
  endfacet
  facet normal 0.195089 0.980786 0
    outer loop
      vertex 1.04421 7.93156 14.4
      vertex 2.07055 7.72741 13.2
      vertex 1.04421 7.93156 13.2
    endloop
  endfacet
  facet normal -0.89687 -0.442295 0
    outer loop
      vertex -6.9282 -4 16.8
      vertex -7.39104 -3.06147 18
      vertex -7.39104 -3.06147 16.8
    endloop
  endfacet
  facet normal -0.89687 -0.442295 0
    outer loop
      vertex -7.39104 -3.06147 18
      vertex -6.9282 -4 16.8
      vertex -6.9282 -4 18
    endloop
  endfacet
  facet normal -0.89687 -0.442295 0
    outer loop
      vertex -6.9282 -4 2.4
      vertex -7.39104 -3.06147 3.6
      vertex -7.39104 -3.06147 2.4
    endloop
  endfacet
  facet normal -0.89687 -0.442295 0
    outer loop
      vertex -7.39104 -3.06147 3.6
      vertex -6.9282 -4 2.4
      vertex -6.9282 -4 3.6
    endloop
  endfacet
  facet normal -0.89687 -0.442295 0
    outer loop
      vertex -6.9282 -4 6
      vertex -7.39104 -3.06147 7.2
      vertex -7.39104 -3.06147 6
    endloop
  endfacet
  facet normal -0.89687 -0.442295 0
    outer loop
      vertex -7.39104 -3.06147 7.2
      vertex -6.9282 -4 6
      vertex -6.9282 -4 7.2
    endloop
  endfacet
  facet normal -0.89687 -0.442295 0
    outer loop
      vertex -6.9282 -4 9.6
      vertex -7.39104 -3.06147 10.8
      vertex -7.39104 -3.06147 9.6
    endloop
  endfacet
  facet normal -0.89687 -0.442295 0
    outer loop
      vertex -7.39104 -3.06147 10.8
      vertex -6.9282 -4 9.6
      vertex -6.9282 -4 10.8
    endloop
  endfacet
  facet normal -0.89687 -0.442295 0
    outer loop
      vertex -6.9282 -4 13.2
      vertex -7.39104 -3.06147 14.4
      vertex -7.39104 -3.06147 13.2
    endloop
  endfacet
  facet normal -0.89687 -0.442295 0
    outer loop
      vertex -7.39104 -3.06147 14.4
      vertex -6.9282 -4 13.2
      vertex -6.9282 -4 14.4
    endloop
  endfacet
  facet normal 0.946931 -0.321438 0
    outer loop
      vertex 7.39104 -3.06147 18
      vertex 7.72741 -2.07055 16.8
      vertex 7.72741 -2.07055 18
    endloop
  endfacet
  facet normal 0.946931 -0.321438 0
    outer loop
      vertex 7.72741 -2.07055 16.8
      vertex 7.39104 -3.06147 18
      vertex 7.39104 -3.06147 16.8
    endloop
  endfacet
  facet normal 0.946931 -0.321438 0
    outer loop
      vertex 7.39104 -3.06147 3.6
      vertex 7.72741 -2.07055 2.4
      vertex 7.72741 -2.07055 3.6
    endloop
  endfacet
  facet normal 0.946931 -0.321438 0
    outer loop
      vertex 7.72741 -2.07055 2.4
      vertex 7.39104 -3.06147 3.6
      vertex 7.39104 -3.06147 2.4
    endloop
  endfacet
  facet normal 0.946931 -0.321438 0
    outer loop
      vertex 7.39104 -3.06147 7.2
      vertex 7.72741 -2.07055 6
      vertex 7.72741 -2.07055 7.2
    endloop
  endfacet
  facet normal 0.946931 -0.321438 0
    outer loop
      vertex 7.72741 -2.07055 6
      vertex 7.39104 -3.06147 7.2
      vertex 7.39104 -3.06147 6
    endloop
  endfacet
  facet normal 0.946931 -0.321438 0
    outer loop
      vertex 7.39104 -3.06147 10.8
      vertex 7.72741 -2.07055 9.6
      vertex 7.72741 -2.07055 10.8
    endloop
  endfacet
  facet normal 0.946931 -0.321438 0
    outer loop
      vertex 7.72741 -2.07055 9.6
      vertex 7.39104 -3.06147 10.8
      vertex 7.39104 -3.06147 9.6
    endloop
  endfacet
  facet normal 0.946931 -0.321438 0
    outer loop
      vertex 7.39104 -3.06147 14.4
      vertex 7.72741 -2.07055 13.2
      vertex 7.72741 -2.07055 14.4
    endloop
  endfacet
  facet normal 0.946931 -0.321438 0
    outer loop
      vertex 7.72741 -2.07055 13.2
      vertex 7.39104 -3.06147 14.4
      vertex 7.39104 -3.06147 13.2
    endloop
  endfacet
  facet normal 0.065402 0.997859 -0
    outer loop
      vertex 1.04421 7.93156 16.8
      vertex 0 8 18
      vertex 1.04421 7.93156 18
    endloop
  endfacet
  facet normal 0.065402 0.997859 0
    outer loop
      vertex 0 8 18
      vertex 1.04421 7.93156 16.8
      vertex 0 8 16.8
    endloop
  endfacet
  facet normal 0.065402 0.997859 -0
    outer loop
      vertex 1.04421 7.93156 2.4
      vertex 0 8 3.6
      vertex 1.04421 7.93156 3.6
    endloop
  endfacet
  facet normal 0.065402 0.997859 0
    outer loop
      vertex 0 8 3.6
      vertex 1.04421 7.93156 2.4
      vertex 0 8 2.4
    endloop
  endfacet
  facet normal 0.065402 0.997859 -0
    outer loop
      vertex 1.04421 7.93156 6
      vertex 0 8 7.2
      vertex 1.04421 7.93156 7.2
    endloop
  endfacet
  facet normal 0.065402 0.997859 0
    outer loop
      vertex 0 8 7.2
      vertex 1.04421 7.93156 6
      vertex 0 8 6
    endloop
  endfacet
  facet normal 0.065402 0.997859 -0
    outer loop
      vertex 1.04421 7.93156 9.6
      vertex 0 8 10.8
      vertex 1.04421 7.93156 10.8
    endloop
  endfacet
  facet normal 0.065402 0.997859 0
    outer loop
      vertex 0 8 10.8
      vertex 1.04421 7.93156 9.6
      vertex 0 8 9.6
    endloop
  endfacet
  facet normal 0.065402 0.997859 -0
    outer loop
      vertex 1.04421 7.93156 13.2
      vertex 0 8 14.4
      vertex 1.04421 7.93156 14.4
    endloop
  endfacet
  facet normal 0.065402 0.997859 0
    outer loop
      vertex 0 8 14.4
      vertex 1.04421 7.93156 13.2
      vertex 0 8 13.2
    endloop
  endfacet
  facet normal -0.831472 -0.555567 0
    outer loop
      vertex -6.34683 -4.87009 16.8
      vertex -6.9282 -4 18
      vertex -6.9282 -4 16.8
    endloop
  endfacet
  facet normal -0.831472 -0.555567 0
    outer loop
      vertex -6.9282 -4 18
      vertex -6.34683 -4.87009 16.8
      vertex -6.34683 -4.87009 18
    endloop
  endfacet
  facet normal -0.831472 -0.555567 0
    outer loop
      vertex -6.34683 -4.87009 2.4
      vertex -6.9282 -4 3.6
      vertex -6.9282 -4 2.4
    endloop
  endfacet
  facet normal -0.831472 -0.555567 0
    outer loop
      vertex -6.9282 -4 3.6
      vertex -6.34683 -4.87009 2.4
      vertex -6.34683 -4.87009 3.6
    endloop
  endfacet
  facet normal -0.831472 -0.555567 0
    outer loop
      vertex -6.34683 -4.87009 6
      vertex -6.9282 -4 7.2
      vertex -6.9282 -4 6
    endloop
  endfacet
  facet normal -0.831472 -0.555567 0
    outer loop
      vertex -6.9282 -4 7.2
      vertex -6.34683 -4.87009 6
      vertex -6.34683 -4.87009 7.2
    endloop
  endfacet
  facet normal -0.831472 -0.555567 0
    outer loop
      vertex -6.34683 -4.87009 9.6
      vertex -6.9282 -4 10.8
      vertex -6.9282 -4 9.6
    endloop
  endfacet
  facet normal -0.831472 -0.555567 0
    outer loop
      vertex -6.9282 -4 10.8
      vertex -6.34683 -4.87009 9.6
      vertex -6.34683 -4.87009 10.8
    endloop
  endfacet
  facet normal -0.831472 -0.555567 0
    outer loop
      vertex -6.34683 -4.87009 13.2
      vertex -6.9282 -4 14.4
      vertex -6.9282 -4 13.2
    endloop
  endfacet
  facet normal -0.831472 -0.555567 0
    outer loop
      vertex -6.9282 -4 14.4
      vertex -6.34683 -4.87009 13.2
      vertex -6.34683 -4.87009 14.4
    endloop
  endfacet
  facet normal -0.946931 -0.321438 0
    outer loop
      vertex -7.39104 -3.06147 16.8
      vertex -7.72741 -2.07055 18
      vertex -7.72741 -2.07055 16.8
    endloop
  endfacet
  facet normal -0.946931 -0.321438 0
    outer loop
      vertex -7.72741 -2.07055 18
      vertex -7.39104 -3.06147 16.8
      vertex -7.39104 -3.06147 18
    endloop
  endfacet
  facet normal -0.946931 -0.321438 0
    outer loop
      vertex -7.39104 -3.06147 2.4
      vertex -7.72741 -2.07055 3.6
      vertex -7.72741 -2.07055 2.4
    endloop
  endfacet
  facet normal -0.946931 -0.321438 0
    outer loop
      vertex -7.72741 -2.07055 3.6
      vertex -7.39104 -3.06147 2.4
      vertex -7.39104 -3.06147 3.6
    endloop
  endfacet
  facet normal -0.946931 -0.321438 0
    outer loop
      vertex -7.39104 -3.06147 6
      vertex -7.72741 -2.07055 7.2
      vertex -7.72741 -2.07055 6
    endloop
  endfacet
  facet normal -0.946931 -0.321438 0
    outer loop
      vertex -7.72741 -2.07055 7.2
      vertex -7.39104 -3.06147 6
      vertex -7.39104 -3.06147 7.2
    endloop
  endfacet
  facet normal -0.946931 -0.321438 0
    outer loop
      vertex -7.39104 -3.06147 9.6
      vertex -7.72741 -2.07055 10.8
      vertex -7.72741 -2.07055 9.6
    endloop
  endfacet
  facet normal -0.946931 -0.321438 0
    outer loop
      vertex -7.72741 -2.07055 10.8
      vertex -7.39104 -3.06147 9.6
      vertex -7.39104 -3.06147 10.8
    endloop
  endfacet
  facet normal -0.946931 -0.321438 0
    outer loop
      vertex -7.39104 -3.06147 13.2
      vertex -7.72741 -2.07055 14.4
      vertex -7.72741 -2.07055 13.2
    endloop
  endfacet
  facet normal -0.946931 -0.321438 0
    outer loop
      vertex -7.72741 -2.07055 14.4
      vertex -7.39104 -3.06147 13.2
      vertex -7.39104 -3.06147 14.4
    endloop
  endfacet
  facet normal 0.89687 -0.442295 0
    outer loop
      vertex 6.9282 -4 18
      vertex 7.39104 -3.06147 16.8
      vertex 7.39104 -3.06147 18
    endloop
  endfacet
  facet normal 0.89687 -0.442295 0
    outer loop
      vertex 7.39104 -3.06147 16.8
      vertex 6.9282 -4 18
      vertex 6.9282 -4 16.8
    endloop
  endfacet
  facet normal 0.89687 -0.442295 0
    outer loop
      vertex 6.9282 -4 3.6
      vertex 7.39104 -3.06147 2.4
      vertex 7.39104 -3.06147 3.6
    endloop
  endfacet
  facet normal 0.89687 -0.442295 0
    outer loop
      vertex 7.39104 -3.06147 2.4
      vertex 6.9282 -4 3.6
      vertex 6.9282 -4 2.4
    endloop
  endfacet
  facet normal 0.89687 -0.442295 0
    outer loop
      vertex 6.9282 -4 7.2
      vertex 7.39104 -3.06147 6
      vertex 7.39104 -3.06147 7.2
    endloop
  endfacet
  facet normal 0.89687 -0.442295 0
    outer loop
      vertex 7.39104 -3.06147 6
      vertex 6.9282 -4 7.2
      vertex 6.9282 -4 6
    endloop
  endfacet
  facet normal 0.89687 -0.442295 0
    outer loop
      vertex 6.9282 -4 10.8
      vertex 7.39104 -3.06147 9.6
      vertex 7.39104 -3.06147 10.8
    endloop
  endfacet
  facet normal 0.89687 -0.442295 0
    outer loop
      vertex 7.39104 -3.06147 9.6
      vertex 6.9282 -4 10.8
      vertex 6.9282 -4 9.6
    endloop
  endfacet
  facet normal 0.89687 -0.442295 0
    outer loop
      vertex 6.9282 -4 14.4
      vertex 7.39104 -3.06147 13.2
      vertex 7.39104 -3.06147 14.4
    endloop
  endfacet
  facet normal 0.89687 -0.442295 0
    outer loop
      vertex 7.39104 -3.06147 13.2
      vertex 6.9282 -4 14.4
      vertex 6.9282 -4 13.2
    endloop
  endfacet
  facet normal -0.997859 0.065402 0
    outer loop
      vertex -8 0 16.8
      vertex -7.93156 1.04421 18
      vertex -7.93156 1.04421 16.8
    endloop
  endfacet
  facet normal -0.997859 0.065402 0
    outer loop
      vertex -7.93156 1.04421 18
      vertex -8 0 16.8
      vertex -8 0 18
    endloop
  endfacet
  facet normal -0.997859 0.065402 0
    outer loop
      vertex -8 0 2.4
      vertex -7.93156 1.04421 3.6
      vertex -7.93156 1.04421 2.4
    endloop
  endfacet
  facet normal -0.997859 0.065402 0
    outer loop
      vertex -7.93156 1.04421 3.6
      vertex -8 0 2.4
      vertex -8 0 3.6
    endloop
  endfacet
  facet normal -0.997859 0.065402 0
    outer loop
      vertex -8 0 6
      vertex -7.93156 1.04421 7.2
      vertex -7.93156 1.04421 6
    endloop
  endfacet
  facet normal -0.997859 0.065402 0
    outer loop
      vertex -7.93156 1.04421 7.2
      vertex -8 0 6
      vertex -8 0 7.2
    endloop
  endfacet
  facet normal -0.997859 0.065402 0
    outer loop
      vertex -8 0 9.6
      vertex -7.93156 1.04421 10.8
      vertex -7.93156 1.04421 9.6
    endloop
  endfacet
  facet normal -0.997859 0.065402 0
    outer loop
      vertex -7.93156 1.04421 10.8
      vertex -8 0 9.6
      vertex -8 0 10.8
    endloop
  endfacet
  facet normal -0.997859 0.065402 0
    outer loop
      vertex -8 0 13.2
      vertex -7.93156 1.04421 14.4
      vertex -7.93156 1.04421 13.2
    endloop
  endfacet
  facet normal -0.997859 0.065402 0
    outer loop
      vertex -7.93156 1.04421 14.4
      vertex -8 0 13.2
      vertex -8 0 14.4
    endloop
  endfacet
  facet normal -0.751835 0.659351 0
    outer loop
      vertex -6.34683 4.87009 16.8
      vertex -5.65685 5.65685 18
      vertex -5.65685 5.65685 16.8
    endloop
  endfacet
  facet normal -0.751835 0.659351 0
    outer loop
      vertex -5.65685 5.65685 18
      vertex -6.34683 4.87009 16.8
      vertex -6.34683 4.87009 18
    endloop
  endfacet
  facet normal -0.751835 0.659351 0
    outer loop
      vertex -6.34683 4.87009 2.4
      vertex -5.65685 5.65685 3.6
      vertex -5.65685 5.65685 2.4
    endloop
  endfacet
  facet normal -0.751835 0.659351 0
    outer loop
      vertex -5.65685 5.65685 3.6
      vertex -6.34683 4.87009 2.4
      vertex -6.34683 4.87009 3.6
    endloop
  endfacet
  facet normal -0.751835 0.659351 0
    outer loop
      vertex -6.34683 4.87009 6
      vertex -5.65685 5.65685 7.2
      vertex -5.65685 5.65685 6
    endloop
  endfacet
  facet normal -0.751835 0.659351 0
    outer loop
      vertex -5.65685 5.65685 7.2
      vertex -6.34683 4.87009 6
      vertex -6.34683 4.87009 7.2
    endloop
  endfacet
  facet normal -0.751835 0.659351 0
    outer loop
      vertex -6.34683 4.87009 9.6
      vertex -5.65685 5.65685 10.8
      vertex -5.65685 5.65685 9.6
    endloop
  endfacet
  facet normal -0.751835 0.659351 0
    outer loop
      vertex -5.65685 5.65685 10.8
      vertex -6.34683 4.87009 9.6
      vertex -6.34683 4.87009 10.8
    endloop
  endfacet
  facet normal -0.751835 0.659351 0
    outer loop
      vertex -6.34683 4.87009 13.2
      vertex -5.65685 5.65685 14.4
      vertex -5.65685 5.65685 13.2
    endloop
  endfacet
  facet normal -0.751835 0.659351 0
    outer loop
      vertex -5.65685 5.65685 14.4
      vertex -6.34683 4.87009 13.2
      vertex -6.34683 4.87009 14.4
    endloop
  endfacet
  facet normal -0.946931 0.321438 0
    outer loop
      vertex -7.72741 2.07055 16.8
      vertex -7.39104 3.06147 18
      vertex -7.39104 3.06147 16.8
    endloop
  endfacet
  facet normal -0.946931 0.321438 0
    outer loop
      vertex -7.39104 3.06147 18
      vertex -7.72741 2.07055 16.8
      vertex -7.72741 2.07055 18
    endloop
  endfacet
  facet normal -0.946931 0.321438 0
    outer loop
      vertex -7.72741 2.07055 2.4
      vertex -7.39104 3.06147 3.6
      vertex -7.39104 3.06147 2.4
    endloop
  endfacet
  facet normal -0.946931 0.321438 0
    outer loop
      vertex -7.39104 3.06147 3.6
      vertex -7.72741 2.07055 2.4
      vertex -7.72741 2.07055 3.6
    endloop
  endfacet
  facet normal -0.946931 0.321438 0
    outer loop
      vertex -7.72741 2.07055 6
      vertex -7.39104 3.06147 7.2
      vertex -7.39104 3.06147 6
    endloop
  endfacet
  facet normal -0.946931 0.321438 0
    outer loop
      vertex -7.39104 3.06147 7.2
      vertex -7.72741 2.07055 6
      vertex -7.72741 2.07055 7.2
    endloop
  endfacet
  facet normal -0.946931 0.321438 0
    outer loop
      vertex -7.72741 2.07055 9.6
      vertex -7.39104 3.06147 10.8
      vertex -7.39104 3.06147 9.6
    endloop
  endfacet
  facet normal -0.946931 0.321438 0
    outer loop
      vertex -7.39104 3.06147 10.8
      vertex -7.72741 2.07055 9.6
      vertex -7.72741 2.07055 10.8
    endloop
  endfacet
  facet normal -0.946931 0.321438 0
    outer loop
      vertex -7.72741 2.07055 13.2
      vertex -7.39104 3.06147 14.4
      vertex -7.39104 3.06147 13.2
    endloop
  endfacet
  facet normal -0.946931 0.321438 0
    outer loop
      vertex -7.39104 3.06147 14.4
      vertex -7.72741 2.07055 13.2
      vertex -7.72741 2.07055 14.4
    endloop
  endfacet
  facet normal 0.442295 -0.89687 0
    outer loop
      vertex 3.06147 -7.39104 16.8
      vertex 4 -6.9282 18
      vertex 3.06147 -7.39104 18
    endloop
  endfacet
  facet normal 0.442295 -0.89687 0
    outer loop
      vertex 4 -6.9282 18
      vertex 3.06147 -7.39104 16.8
      vertex 4 -6.9282 16.8
    endloop
  endfacet
  facet normal 0.442295 -0.89687 0
    outer loop
      vertex 3.06147 -7.39104 2.4
      vertex 4 -6.9282 3.6
      vertex 3.06147 -7.39104 3.6
    endloop
  endfacet
  facet normal 0.442295 -0.89687 0
    outer loop
      vertex 4 -6.9282 3.6
      vertex 3.06147 -7.39104 2.4
      vertex 4 -6.9282 2.4
    endloop
  endfacet
  facet normal 0.442295 -0.89687 0
    outer loop
      vertex 3.06147 -7.39104 6
      vertex 4 -6.9282 7.2
      vertex 3.06147 -7.39104 7.2
    endloop
  endfacet
  facet normal 0.442295 -0.89687 0
    outer loop
      vertex 4 -6.9282 7.2
      vertex 3.06147 -7.39104 6
      vertex 4 -6.9282 6
    endloop
  endfacet
  facet normal 0.442295 -0.89687 0
    outer loop
      vertex 3.06147 -7.39104 9.6
      vertex 4 -6.9282 10.8
      vertex 3.06147 -7.39104 10.8
    endloop
  endfacet
  facet normal 0.442295 -0.89687 0
    outer loop
      vertex 4 -6.9282 10.8
      vertex 3.06147 -7.39104 9.6
      vertex 4 -6.9282 9.6
    endloop
  endfacet
  facet normal 0.442295 -0.89687 0
    outer loop
      vertex 3.06147 -7.39104 13.2
      vertex 4 -6.9282 14.4
      vertex 3.06147 -7.39104 14.4
    endloop
  endfacet
  facet normal 0.442295 -0.89687 0
    outer loop
      vertex 4 -6.9282 14.4
      vertex 3.06147 -7.39104 13.2
      vertex 4 -6.9282 13.2
    endloop
  endfacet
  facet normal 0.555567 -0.831472 0
    outer loop
      vertex 4 -6.9282 16.8
      vertex 4.87009 -6.34683 18
      vertex 4 -6.9282 18
    endloop
  endfacet
  facet normal 0.555567 -0.831472 0
    outer loop
      vertex 4.87009 -6.34683 18
      vertex 4 -6.9282 16.8
      vertex 4.87009 -6.34683 16.8
    endloop
  endfacet
  facet normal 0.555567 -0.831472 0
    outer loop
      vertex 4 -6.9282 2.4
      vertex 4.87009 -6.34683 3.6
      vertex 4 -6.9282 3.6
    endloop
  endfacet
  facet normal 0.555567 -0.831472 0
    outer loop
      vertex 4.87009 -6.34683 3.6
      vertex 4 -6.9282 2.4
      vertex 4.87009 -6.34683 2.4
    endloop
  endfacet
  facet normal 0.555567 -0.831472 0
    outer loop
      vertex 4 -6.9282 6
      vertex 4.87009 -6.34683 7.2
      vertex 4 -6.9282 7.2
    endloop
  endfacet
  facet normal 0.555567 -0.831472 0
    outer loop
      vertex 4.87009 -6.34683 7.2
      vertex 4 -6.9282 6
      vertex 4.87009 -6.34683 6
    endloop
  endfacet
  facet normal 0.555567 -0.831472 0
    outer loop
      vertex 4 -6.9282 9.6
      vertex 4.87009 -6.34683 10.8
      vertex 4 -6.9282 10.8
    endloop
  endfacet
  facet normal 0.555567 -0.831472 0
    outer loop
      vertex 4.87009 -6.34683 10.8
      vertex 4 -6.9282 9.6
      vertex 4.87009 -6.34683 9.6
    endloop
  endfacet
  facet normal 0.555567 -0.831472 0
    outer loop
      vertex 4 -6.9282 13.2
      vertex 4.87009 -6.34683 14.4
      vertex 4 -6.9282 14.4
    endloop
  endfacet
  facet normal 0.555567 -0.831472 0
    outer loop
      vertex 4.87009 -6.34683 14.4
      vertex 4 -6.9282 13.2
      vertex 4.87009 -6.34683 13.2
    endloop
  endfacet
  facet normal -0.195089 -0.980786 0
    outer loop
      vertex -2.07055 -7.72741 16.8
      vertex -1.04421 -7.93156 18
      vertex -2.07055 -7.72741 18
    endloop
  endfacet
  facet normal -0.195089 -0.980786 -0
    outer loop
      vertex -1.04421 -7.93156 18
      vertex -2.07055 -7.72741 16.8
      vertex -1.04421 -7.93156 16.8
    endloop
  endfacet
  facet normal -0.195089 -0.980786 0
    outer loop
      vertex -2.07055 -7.72741 2.4
      vertex -1.04421 -7.93156 3.6
      vertex -2.07055 -7.72741 3.6
    endloop
  endfacet
  facet normal -0.195089 -0.980786 -0
    outer loop
      vertex -1.04421 -7.93156 3.6
      vertex -2.07055 -7.72741 2.4
      vertex -1.04421 -7.93156 2.4
    endloop
  endfacet
  facet normal -0.195089 -0.980786 0
    outer loop
      vertex -2.07055 -7.72741 6
      vertex -1.04421 -7.93156 7.2
      vertex -2.07055 -7.72741 7.2
    endloop
  endfacet
  facet normal -0.195089 -0.980786 -0
    outer loop
      vertex -1.04421 -7.93156 7.2
      vertex -2.07055 -7.72741 6
      vertex -1.04421 -7.93156 6
    endloop
  endfacet
  facet normal -0.195089 -0.980786 0
    outer loop
      vertex -2.07055 -7.72741 9.6
      vertex -1.04421 -7.93156 10.8
      vertex -2.07055 -7.72741 10.8
    endloop
  endfacet
  facet normal -0.195089 -0.980786 -0
    outer loop
      vertex -1.04421 -7.93156 10.8
      vertex -2.07055 -7.72741 9.6
      vertex -1.04421 -7.93156 9.6
    endloop
  endfacet
  facet normal -0.195089 -0.980786 0
    outer loop
      vertex -2.07055 -7.72741 13.2
      vertex -1.04421 -7.93156 14.4
      vertex -2.07055 -7.72741 14.4
    endloop
  endfacet
  facet normal -0.195089 -0.980786 -0
    outer loop
      vertex -1.04421 -7.93156 14.4
      vertex -2.07055 -7.72741 13.2
      vertex -1.04421 -7.93156 13.2
    endloop
  endfacet
  facet normal -0.751835 -0.659351 0
    outer loop
      vertex -5.65685 -5.65685 16.8
      vertex -6.34683 -4.87009 18
      vertex -6.34683 -4.87009 16.8
    endloop
  endfacet
  facet normal -0.751835 -0.659351 0
    outer loop
      vertex -6.34683 -4.87009 18
      vertex -5.65685 -5.65685 16.8
      vertex -5.65685 -5.65685 18
    endloop
  endfacet
  facet normal -0.751835 -0.659351 0
    outer loop
      vertex -5.65685 -5.65685 2.4
      vertex -6.34683 -4.87009 3.6
      vertex -6.34683 -4.87009 2.4
    endloop
  endfacet
  facet normal -0.751835 -0.659351 0
    outer loop
      vertex -6.34683 -4.87009 3.6
      vertex -5.65685 -5.65685 2.4
      vertex -5.65685 -5.65685 3.6
    endloop
  endfacet
  facet normal -0.751835 -0.659351 0
    outer loop
      vertex -5.65685 -5.65685 6
      vertex -6.34683 -4.87009 7.2
      vertex -6.34683 -4.87009 6
    endloop
  endfacet
  facet normal -0.751835 -0.659351 0
    outer loop
      vertex -6.34683 -4.87009 7.2
      vertex -5.65685 -5.65685 6
      vertex -5.65685 -5.65685 7.2
    endloop
  endfacet
  facet normal -0.751835 -0.659351 0
    outer loop
      vertex -5.65685 -5.65685 9.6
      vertex -6.34683 -4.87009 10.8
      vertex -6.34683 -4.87009 9.6
    endloop
  endfacet
  facet normal -0.751835 -0.659351 0
    outer loop
      vertex -6.34683 -4.87009 10.8
      vertex -5.65685 -5.65685 9.6
      vertex -5.65685 -5.65685 10.8
    endloop
  endfacet
  facet normal -0.751835 -0.659351 0
    outer loop
      vertex -5.65685 -5.65685 13.2
      vertex -6.34683 -4.87009 14.4
      vertex -6.34683 -4.87009 13.2
    endloop
  endfacet
  facet normal -0.751835 -0.659351 0
    outer loop
      vertex -6.34683 -4.87009 14.4
      vertex -5.65685 -5.65685 13.2
      vertex -5.65685 -5.65685 14.4
    endloop
  endfacet
  facet normal -0.831472 0.555567 0
    outer loop
      vertex -6.9282 4 16.8
      vertex -6.34683 4.87009 18
      vertex -6.34683 4.87009 16.8
    endloop
  endfacet
  facet normal -0.831472 0.555567 0
    outer loop
      vertex -6.34683 4.87009 18
      vertex -6.9282 4 16.8
      vertex -6.9282 4 18
    endloop
  endfacet
  facet normal -0.831472 0.555567 0
    outer loop
      vertex -6.9282 4 2.4
      vertex -6.34683 4.87009 3.6
      vertex -6.34683 4.87009 2.4
    endloop
  endfacet
  facet normal -0.831472 0.555567 0
    outer loop
      vertex -6.34683 4.87009 3.6
      vertex -6.9282 4 2.4
      vertex -6.9282 4 3.6
    endloop
  endfacet
  facet normal -0.831472 0.555567 0
    outer loop
      vertex -6.9282 4 6
      vertex -6.34683 4.87009 7.2
      vertex -6.34683 4.87009 6
    endloop
  endfacet
  facet normal -0.831472 0.555567 0
    outer loop
      vertex -6.34683 4.87009 7.2
      vertex -6.9282 4 6
      vertex -6.9282 4 7.2
    endloop
  endfacet
  facet normal -0.831472 0.555567 0
    outer loop
      vertex -6.9282 4 9.6
      vertex -6.34683 4.87009 10.8
      vertex -6.34683 4.87009 9.6
    endloop
  endfacet
  facet normal -0.831472 0.555567 0
    outer loop
      vertex -6.34683 4.87009 10.8
      vertex -6.9282 4 9.6
      vertex -6.9282 4 10.8
    endloop
  endfacet
  facet normal -0.831472 0.555567 0
    outer loop
      vertex -6.9282 4 13.2
      vertex -6.34683 4.87009 14.4
      vertex -6.34683 4.87009 13.2
    endloop
  endfacet
  facet normal -0.831472 0.555567 0
    outer loop
      vertex -6.34683 4.87009 14.4
      vertex -6.9282 4 13.2
      vertex -6.9282 4 14.4
    endloop
  endfacet
  facet normal -0.89687 0.442295 0
    outer loop
      vertex -7.39104 3.06147 16.8
      vertex -6.9282 4 18
      vertex -6.9282 4 16.8
    endloop
  endfacet
  facet normal -0.89687 0.442295 0
    outer loop
      vertex -6.9282 4 18
      vertex -7.39104 3.06147 16.8
      vertex -7.39104 3.06147 18
    endloop
  endfacet
  facet normal -0.89687 0.442295 0
    outer loop
      vertex -7.39104 3.06147 2.4
      vertex -6.9282 4 3.6
      vertex -6.9282 4 2.4
    endloop
  endfacet
  facet normal -0.89687 0.442295 0
    outer loop
      vertex -6.9282 4 3.6
      vertex -7.39104 3.06147 2.4
      vertex -7.39104 3.06147 3.6
    endloop
  endfacet
  facet normal -0.89687 0.442295 0
    outer loop
      vertex -7.39104 3.06147 6
      vertex -6.9282 4 7.2
      vertex -6.9282 4 6
    endloop
  endfacet
  facet normal -0.89687 0.442295 0
    outer loop
      vertex -6.9282 4 7.2
      vertex -7.39104 3.06147 6
      vertex -7.39104 3.06147 7.2
    endloop
  endfacet
  facet normal -0.89687 0.442295 0
    outer loop
      vertex -7.39104 3.06147 9.6
      vertex -6.9282 4 10.8
      vertex -6.9282 4 9.6
    endloop
  endfacet
  facet normal -0.89687 0.442295 0
    outer loop
      vertex -6.9282 4 10.8
      vertex -7.39104 3.06147 9.6
      vertex -7.39104 3.06147 10.8
    endloop
  endfacet
  facet normal -0.89687 0.442295 0
    outer loop
      vertex -7.39104 3.06147 13.2
      vertex -6.9282 4 14.4
      vertex -6.9282 4 13.2
    endloop
  endfacet
  facet normal -0.89687 0.442295 0
    outer loop
      vertex -6.9282 4 14.4
      vertex -7.39104 3.06147 13.2
      vertex -7.39104 3.06147 14.4
    endloop
  endfacet
  facet normal -0.065402 -0.997859 0
    outer loop
      vertex -1.04421 -7.93156 16.8
      vertex 0 -8 18
      vertex -1.04421 -7.93156 18
    endloop
  endfacet
  facet normal -0.065402 -0.997859 -0
    outer loop
      vertex 0 -8 18
      vertex -1.04421 -7.93156 16.8
      vertex 0 -8 16.8
    endloop
  endfacet
  facet normal -0.065402 -0.997859 0
    outer loop
      vertex -1.04421 -7.93156 2.4
      vertex 0 -8 3.6
      vertex -1.04421 -7.93156 3.6
    endloop
  endfacet
  facet normal -0.065402 -0.997859 -0
    outer loop
      vertex 0 -8 3.6
      vertex -1.04421 -7.93156 2.4
      vertex 0 -8 2.4
    endloop
  endfacet
  facet normal -0.065402 -0.997859 0
    outer loop
      vertex -1.04421 -7.93156 6
      vertex 0 -8 7.2
      vertex -1.04421 -7.93156 7.2
    endloop
  endfacet
  facet normal -0.065402 -0.997859 -0
    outer loop
      vertex 0 -8 7.2
      vertex -1.04421 -7.93156 6
      vertex 0 -8 6
    endloop
  endfacet
  facet normal -0.065402 -0.997859 0
    outer loop
      vertex -1.04421 -7.93156 9.6
      vertex 0 -8 10.8
      vertex -1.04421 -7.93156 10.8
    endloop
  endfacet
  facet normal -0.065402 -0.997859 -0
    outer loop
      vertex 0 -8 10.8
      vertex -1.04421 -7.93156 9.6
      vertex 0 -8 9.6
    endloop
  endfacet
  facet normal -0.065402 -0.997859 0
    outer loop
      vertex -1.04421 -7.93156 13.2
      vertex 0 -8 14.4
      vertex -1.04421 -7.93156 14.4
    endloop
  endfacet
  facet normal -0.065402 -0.997859 -0
    outer loop
      vertex 0 -8 14.4
      vertex -1.04421 -7.93156 13.2
      vertex 0 -8 13.2
    endloop
  endfacet
  facet normal -0.659351 -0.751835 0
    outer loop
      vertex -5.65685 -5.65685 16.8
      vertex -4.87009 -6.34683 18
      vertex -5.65685 -5.65685 18
    endloop
  endfacet
  facet normal -0.659351 -0.751835 -0
    outer loop
      vertex -4.87009 -6.34683 18
      vertex -5.65685 -5.65685 16.8
      vertex -4.87009 -6.34683 16.8
    endloop
  endfacet
  facet normal -0.659351 -0.751835 0
    outer loop
      vertex -5.65685 -5.65685 2.4
      vertex -4.87009 -6.34683 3.6
      vertex -5.65685 -5.65685 3.6
    endloop
  endfacet
  facet normal -0.659351 -0.751835 -0
    outer loop
      vertex -4.87009 -6.34683 3.6
      vertex -5.65685 -5.65685 2.4
      vertex -4.87009 -6.34683 2.4
    endloop
  endfacet
  facet normal -0.659351 -0.751835 0
    outer loop
      vertex -5.65685 -5.65685 6
      vertex -4.87009 -6.34683 7.2
      vertex -5.65685 -5.65685 7.2
    endloop
  endfacet
  facet normal -0.659351 -0.751835 -0
    outer loop
      vertex -4.87009 -6.34683 7.2
      vertex -5.65685 -5.65685 6
      vertex -4.87009 -6.34683 6
    endloop
  endfacet
  facet normal -0.659351 -0.751835 0
    outer loop
      vertex -5.65685 -5.65685 9.6
      vertex -4.87009 -6.34683 10.8
      vertex -5.65685 -5.65685 10.8
    endloop
  endfacet
  facet normal -0.659351 -0.751835 -0
    outer loop
      vertex -4.87009 -6.34683 10.8
      vertex -5.65685 -5.65685 9.6
      vertex -4.87009 -6.34683 9.6
    endloop
  endfacet
  facet normal -0.659351 -0.751835 0
    outer loop
      vertex -5.65685 -5.65685 13.2
      vertex -4.87009 -6.34683 14.4
      vertex -5.65685 -5.65685 14.4
    endloop
  endfacet
  facet normal -0.659351 -0.751835 -0
    outer loop
      vertex -4.87009 -6.34683 14.4
      vertex -5.65685 -5.65685 13.2
      vertex -4.87009 -6.34683 13.2
    endloop
  endfacet
  facet normal 0.751835 -0.659351 0
    outer loop
      vertex 5.65685 -5.65685 18
      vertex 6.34683 -4.87009 16.8
      vertex 6.34683 -4.87009 18
    endloop
  endfacet
  facet normal 0.751835 -0.659351 0
    outer loop
      vertex 6.34683 -4.87009 16.8
      vertex 5.65685 -5.65685 18
      vertex 5.65685 -5.65685 16.8
    endloop
  endfacet
  facet normal 0.751835 -0.659351 0
    outer loop
      vertex 5.65685 -5.65685 3.6
      vertex 6.34683 -4.87009 2.4
      vertex 6.34683 -4.87009 3.6
    endloop
  endfacet
  facet normal 0.751835 -0.659351 0
    outer loop
      vertex 6.34683 -4.87009 2.4
      vertex 5.65685 -5.65685 3.6
      vertex 5.65685 -5.65685 2.4
    endloop
  endfacet
  facet normal 0.751835 -0.659351 0
    outer loop
      vertex 5.65685 -5.65685 7.2
      vertex 6.34683 -4.87009 6
      vertex 6.34683 -4.87009 7.2
    endloop
  endfacet
  facet normal 0.751835 -0.659351 0
    outer loop
      vertex 6.34683 -4.87009 6
      vertex 5.65685 -5.65685 7.2
      vertex 5.65685 -5.65685 6
    endloop
  endfacet
  facet normal 0.751835 -0.659351 0
    outer loop
      vertex 5.65685 -5.65685 10.8
      vertex 6.34683 -4.87009 9.6
      vertex 6.34683 -4.87009 10.8
    endloop
  endfacet
  facet normal 0.751835 -0.659351 0
    outer loop
      vertex 6.34683 -4.87009 9.6
      vertex 5.65685 -5.65685 10.8
      vertex 5.65685 -5.65685 9.6
    endloop
  endfacet
  facet normal 0.751835 -0.659351 0
    outer loop
      vertex 5.65685 -5.65685 14.4
      vertex 6.34683 -4.87009 13.2
      vertex 6.34683 -4.87009 14.4
    endloop
  endfacet
  facet normal 0.751835 -0.659351 0
    outer loop
      vertex 6.34683 -4.87009 13.2
      vertex 5.65685 -5.65685 14.4
      vertex 5.65685 -5.65685 13.2
    endloop
  endfacet
  facet normal 0 0 -1
    outer loop
      vertex 8.9 0 1.29
      vertex 10 0 1.29
      vertex 9.91445 -1.30526 1.29
    endloop
  endfacet
  facet normal 0 0 -1
    outer loop
      vertex 8.82386 -1.16168 1.29
      vertex 9.91445 -1.30526 1.29
      vertex 9.65926 -2.58819 1.29
    endloop
  endfacet
  facet normal 0 0 -1
    outer loop
      vertex 10 0 1.29
      vertex 8.9 0 1.29
      vertex 9.91445 1.30526 1.29
    endloop
  endfacet
  facet normal 0 0 -1
    outer loop
      vertex 8.59674 -2.30349 1.29
      vertex 9.65926 -2.58819 1.29
      vertex 9.2388 -3.82683 1.29
    endloop
  endfacet
  facet normal 0 0 -1
    outer loop
      vertex 8.82386 1.16168 1.29
      vertex 9.91445 1.30526 1.29
      vertex 8.9 0 1.29
    endloop
  endfacet
  facet normal -0 0 -1
    outer loop
      vertex 9.91445 1.30526 1.29
      vertex 8.82386 1.16168 1.29
      vertex 9.65926 2.58819 1.29
    endloop
  endfacet
  facet normal 0 0 -1
    outer loop
      vertex 9.91445 -1.30526 1.29
      vertex 8.82386 -1.16168 1.29
      vertex 8.9 0 1.29
    endloop
  endfacet
  facet normal 0 0 -1
    outer loop
      vertex 8.22253 -3.40588 1.29
      vertex 9.2388 -3.82683 1.29
      vertex 8.66025 -5 1.29
    endloop
  endfacet
  facet normal 0 0 -1
    outer loop
      vertex 9.65926 -2.58819 1.29
      vertex 8.59674 -2.30349 1.29
      vertex 8.82386 -1.16168 1.29
    endloop
  endfacet
  facet normal 0 0 -1
    outer loop
      vertex 9.2388 -3.82683 1.29
      vertex 8.22253 -3.40588 1.29
      vertex 8.59674 -2.30349 1.29
    endloop
  endfacet
  facet normal 0 0 -1
    outer loop
      vertex 7.70763 -4.45 1.29
      vertex 8.66025 -5 1.29
      vertex 7.93353 -6.08761 1.29
    endloop
  endfacet
  facet normal 0 0 -1
    outer loop
      vertex 8.66025 -5 1.29
      vertex 7.70763 -4.45 1.29
      vertex 8.22253 -3.40588 1.29
    endloop
  endfacet
  facet normal 0 0 -1
    outer loop
      vertex 7.06084 -5.41798 1.29
      vertex 7.93353 -6.08761 1.29
      vertex 7.07107 -7.07107 1.29
    endloop
  endfacet
  facet normal 0 0 -1
    outer loop
      vertex 7.93353 -6.08761 1.29
      vertex 7.06084 -5.41798 1.29
      vertex 7.70763 -4.45 1.29
    endloop
  endfacet
  facet normal 0 0 -1
    outer loop
      vertex 7.07107 -7.07107 1.29
      vertex 6.29325 -6.29325 1.29
      vertex 7.06084 -5.41798 1.29
    endloop
  endfacet
  facet normal 0 0 -1
    outer loop
      vertex 6.08761 -7.93353 1.29
      vertex 6.29325 -6.29325 1.29
      vertex 7.07107 -7.07107 1.29
    endloop
  endfacet
  facet normal 0 0 -1
    outer loop
      vertex 6.08761 -7.93353 1.29
      vertex 5.41798 -7.06084 1.29
      vertex 6.29325 -6.29325 1.29
    endloop
  endfacet
  facet normal 0 0 -1
    outer loop
      vertex 5 -8.66025 1.29
      vertex 5.41798 -7.06084 1.29
      vertex 6.08761 -7.93353 1.29
    endloop
  endfacet
  facet normal 0 0 -1
    outer loop
      vertex 5 -8.66025 1.29
      vertex 4.45 -7.70763 1.29
      vertex 5.41798 -7.06084 1.29
    endloop
  endfacet
  facet normal 0 0 -1
    outer loop
      vertex 3.82683 -9.2388 1.29
      vertex 4.45 -7.70763 1.29
      vertex 5 -8.66025 1.29
    endloop
  endfacet
  facet normal 0 0 -1
    outer loop
      vertex 3.82683 -9.2388 1.29
      vertex 3.40588 -8.22253 1.29
      vertex 4.45 -7.70763 1.29
    endloop
  endfacet
  facet normal 0 0 -1
    outer loop
      vertex 2.58819 -9.65926 1.29
      vertex 3.40588 -8.22253 1.29
      vertex 3.82683 -9.2388 1.29
    endloop
  endfacet
  facet normal 0 0 -1
    outer loop
      vertex 2.58819 -9.65926 1.29
      vertex 2.30349 -8.59674 1.29
      vertex 3.40588 -8.22253 1.29
    endloop
  endfacet
  facet normal 0 0 -1
    outer loop
      vertex 1.30526 -9.91445 1.29
      vertex 2.30349 -8.59674 1.29
      vertex 2.58819 -9.65926 1.29
    endloop
  endfacet
  facet normal 0 0 -1
    outer loop
      vertex 1.30526 -9.91445 1.29
      vertex 1.16168 -8.82386 1.29
      vertex 2.30349 -8.59674 1.29
    endloop
  endfacet
  facet normal 0 0 -1
    outer loop
      vertex 0 -10 1.29
      vertex 1.16168 -8.82386 1.29
      vertex 1.30526 -9.91445 1.29
    endloop
  endfacet
  facet normal 0 0 -1
    outer loop
      vertex 0 -10 1.29
      vertex 0 -8.9 1.29
      vertex 1.16168 -8.82386 1.29
    endloop
  endfacet
  facet normal 0 0 -1
    outer loop
      vertex 0 -10 1.29
      vertex -1.16168 -8.82386 1.29
      vertex 0 -8.9 1.29
    endloop
  endfacet
  facet normal 0 0 -1
    outer loop
      vertex -1.30526 -9.91445 1.29
      vertex -1.16168 -8.82386 1.29
      vertex 0 -10 1.29
    endloop
  endfacet
  facet normal 0 0 -1
    outer loop
      vertex -1.30526 -9.91445 1.29
      vertex -2.30349 -8.59674 1.29
      vertex -1.16168 -8.82386 1.29
    endloop
  endfacet
  facet normal 0 0 -1
    outer loop
      vertex -2.58819 -9.65926 1.29
      vertex -2.30349 -8.59674 1.29
      vertex -1.30526 -9.91445 1.29
    endloop
  endfacet
  facet normal 0 0 -1
    outer loop
      vertex -2.58819 -9.65926 1.29
      vertex -3.40588 -8.22253 1.29
      vertex -2.30349 -8.59674 1.29
    endloop
  endfacet
  facet normal 0 0 -1
    outer loop
      vertex -3.82683 -9.2388 1.29
      vertex -3.40588 -8.22253 1.29
      vertex -2.58819 -9.65926 1.29
    endloop
  endfacet
  facet normal 0 0 -1
    outer loop
      vertex -3.82683 -9.2388 1.29
      vertex -4.45 -7.70763 1.29
      vertex -3.40588 -8.22253 1.29
    endloop
  endfacet
  facet normal 0 0 -1
    outer loop
      vertex -5 -8.66025 1.29
      vertex -4.45 -7.70763 1.29
      vertex -3.82683 -9.2388 1.29
    endloop
  endfacet
  facet normal 0 0 -1
    outer loop
      vertex -5 -8.66025 1.29
      vertex -5.41798 -7.06084 1.29
      vertex -4.45 -7.70763 1.29
    endloop
  endfacet
  facet normal 0 0 -1
    outer loop
      vertex -6.08761 -7.93353 1.29
      vertex -5.41798 -7.06084 1.29
      vertex -5 -8.66025 1.29
    endloop
  endfacet
  facet normal 0 0 -1
    outer loop
      vertex -6.08761 -7.93353 1.29
      vertex -6.29325 -6.29325 1.29
      vertex -5.41798 -7.06084 1.29
    endloop
  endfacet
  facet normal 0 0 -1
    outer loop
      vertex -7.07107 -7.07107 1.29
      vertex -6.29325 -6.29325 1.29
      vertex -6.08761 -7.93353 1.29
    endloop
  endfacet
  facet normal -0 0 -1
    outer loop
      vertex -6.29325 -6.29325 1.29
      vertex -7.07107 -7.07107 1.29
      vertex -7.06084 -5.41798 1.29
    endloop
  endfacet
  facet normal 0 0 -1
    outer loop
      vertex -7.93353 -6.08761 1.29
      vertex -7.06084 -5.41798 1.29
      vertex -7.07107 -7.07107 1.29
    endloop
  endfacet
  facet normal -0 0 -1
    outer loop
      vertex -7.06084 -5.41798 1.29
      vertex -7.93353 -6.08761 1.29
      vertex -7.70763 -4.45 1.29
    endloop
  endfacet
  facet normal 0 0 -1
    outer loop
      vertex -8.66025 -5 1.29
      vertex -7.70763 -4.45 1.29
      vertex -7.93353 -6.08761 1.29
    endloop
  endfacet
  facet normal -0 0 -1
    outer loop
      vertex -7.70763 -4.45 1.29
      vertex -8.66025 -5 1.29
      vertex -8.22253 -3.40588 1.29
    endloop
  endfacet
  facet normal 0 0 -1
    outer loop
      vertex -9.2388 -3.82683 1.29
      vertex -8.22253 -3.40588 1.29
      vertex -8.66025 -5 1.29
    endloop
  endfacet
  facet normal -0 0 -1
    outer loop
      vertex -8.22253 -3.40588 1.29
      vertex -9.2388 -3.82683 1.29
      vertex -8.59674 -2.30349 1.29
    endloop
  endfacet
  facet normal 0 0 -1
    outer loop
      vertex -9.65926 -2.58819 1.29
      vertex -8.59674 -2.30349 1.29
      vertex -9.2388 -3.82683 1.29
    endloop
  endfacet
  facet normal -0 0 -1
    outer loop
      vertex -8.59674 -2.30349 1.29
      vertex -9.65926 -2.58819 1.29
      vertex -8.82386 -1.16168 1.29
    endloop
  endfacet
  facet normal 0 0 -1
    outer loop
      vertex 8.59674 2.30349 1.29
      vertex 9.65926 2.58819 1.29
      vertex 8.82386 1.16168 1.29
    endloop
  endfacet
  facet normal -0 0 -1
    outer loop
      vertex 9.65926 2.58819 1.29
      vertex 8.59674 2.30349 1.29
      vertex 9.2388 3.82683 1.29
    endloop
  endfacet
  facet normal 0 0 -1
    outer loop
      vertex 8.22253 3.40588 1.29
      vertex 9.2388 3.82683 1.29
      vertex 8.59674 2.30349 1.29
    endloop
  endfacet
  facet normal -0 0 -1
    outer loop
      vertex 9.2388 3.82683 1.29
      vertex 8.22253 3.40588 1.29
      vertex 8.66025 5 1.29
    endloop
  endfacet
  facet normal 0 0 -1
    outer loop
      vertex 7.70763 4.45 1.29
      vertex 8.66025 5 1.29
      vertex 8.22253 3.40588 1.29
    endloop
  endfacet
  facet normal -0 0 -1
    outer loop
      vertex 8.66025 5 1.29
      vertex 7.70763 4.45 1.29
      vertex 7.93353 6.08761 1.29
    endloop
  endfacet
  facet normal 0 0 -1
    outer loop
      vertex 7.06084 5.41798 1.29
      vertex 7.93353 6.08761 1.29
      vertex 7.70763 4.45 1.29
    endloop
  endfacet
  facet normal -0 0 -1
    outer loop
      vertex 7.93353 6.08761 1.29
      vertex 7.06084 5.41798 1.29
      vertex 7.07107 7.07107 1.29
    endloop
  endfacet
  facet normal 0 0 -1
    outer loop
      vertex 6.29325 6.29325 1.29
      vertex 7.07107 7.07107 1.29
      vertex 7.06084 5.41798 1.29
    endloop
  endfacet
  facet normal 0 0 -1
    outer loop
      vertex 6.29325 6.29325 1.29
      vertex 6.08761 7.93353 1.29
      vertex 7.07107 7.07107 1.29
    endloop
  endfacet
  facet normal 0 0 -1
    outer loop
      vertex 5.41798 7.06084 1.29
      vertex 6.08761 7.93353 1.29
      vertex 6.29325 6.29325 1.29
    endloop
  endfacet
  facet normal 0 0 -1
    outer loop
      vertex 5.41798 7.06084 1.29
      vertex 5 8.66025 1.29
      vertex 6.08761 7.93353 1.29
    endloop
  endfacet
  facet normal 0 0 -1
    outer loop
      vertex 4.45 7.70763 1.29
      vertex 5 8.66025 1.29
      vertex 5.41798 7.06084 1.29
    endloop
  endfacet
  facet normal 0 0 -1
    outer loop
      vertex 4.45 7.70763 1.29
      vertex 3.82683 9.2388 1.29
      vertex 5 8.66025 1.29
    endloop
  endfacet
  facet normal 0 0 -1
    outer loop
      vertex 3.40588 8.22253 1.29
      vertex 3.82683 9.2388 1.29
      vertex 4.45 7.70763 1.29
    endloop
  endfacet
  facet normal 0 0 -1
    outer loop
      vertex 3.40588 8.22253 1.29
      vertex 2.58819 9.65926 1.29
      vertex 3.82683 9.2388 1.29
    endloop
  endfacet
  facet normal 0 0 -1
    outer loop
      vertex 2.30349 8.59674 1.29
      vertex 2.58819 9.65926 1.29
      vertex 3.40588 8.22253 1.29
    endloop
  endfacet
  facet normal 0 0 -1
    outer loop
      vertex 2.30349 8.59674 1.29
      vertex 1.30526 9.91445 1.29
      vertex 2.58819 9.65926 1.29
    endloop
  endfacet
  facet normal 0 0 -1
    outer loop
      vertex 1.16168 8.82386 1.29
      vertex 1.30526 9.91445 1.29
      vertex 2.30349 8.59674 1.29
    endloop
  endfacet
  facet normal 0 0 -1
    outer loop
      vertex 0 8.9 1.29
      vertex 1.30526 9.91445 1.29
      vertex 1.16168 8.82386 1.29
    endloop
  endfacet
  facet normal 0 0 -1
    outer loop
      vertex 0 8.9 1.29
      vertex 0 10 1.29
      vertex 1.30526 9.91445 1.29
    endloop
  endfacet
  facet normal 0 0 -1
    outer loop
      vertex -1.16168 8.82386 1.29
      vertex 0 10 1.29
      vertex 0 8.9 1.29
    endloop
  endfacet
  facet normal 0 0 -1
    outer loop
      vertex -1.16168 8.82386 1.29
      vertex -1.30526 9.91445 1.29
      vertex 0 10 1.29
    endloop
  endfacet
  facet normal 0 0 -1
    outer loop
      vertex -2.30349 8.59674 1.29
      vertex -1.30526 9.91445 1.29
      vertex -1.16168 8.82386 1.29
    endloop
  endfacet
  facet normal 0 0 -1
    outer loop
      vertex -2.30349 8.59674 1.29
      vertex -2.58819 9.65926 1.29
      vertex -1.30526 9.91445 1.29
    endloop
  endfacet
  facet normal 0 0 -1
    outer loop
      vertex -3.40588 8.22253 1.29
      vertex -2.58819 9.65926 1.29
      vertex -2.30349 8.59674 1.29
    endloop
  endfacet
  facet normal 0 0 -1
    outer loop
      vertex -3.40588 8.22253 1.29
      vertex -3.82683 9.2388 1.29
      vertex -2.58819 9.65926 1.29
    endloop
  endfacet
  facet normal 0 0 -1
    outer loop
      vertex -4.45 7.70763 1.29
      vertex -3.82683 9.2388 1.29
      vertex -3.40588 8.22253 1.29
    endloop
  endfacet
  facet normal 0 0 -1
    outer loop
      vertex -4.45 7.70763 1.29
      vertex -5 8.66025 1.29
      vertex -3.82683 9.2388 1.29
    endloop
  endfacet
  facet normal 0 0 -1
    outer loop
      vertex -5.41798 7.06084 1.29
      vertex -5 8.66025 1.29
      vertex -4.45 7.70763 1.29
    endloop
  endfacet
  facet normal 0 0 -1
    outer loop
      vertex -5.41798 7.06084 1.29
      vertex -6.08761 7.93353 1.29
      vertex -5 8.66025 1.29
    endloop
  endfacet
  facet normal 0 0 -1
    outer loop
      vertex -6.29325 6.29325 1.29
      vertex -6.08761 7.93353 1.29
      vertex -5.41798 7.06084 1.29
    endloop
  endfacet
  facet normal 0 0 -1
    outer loop
      vertex -7.07107 7.07107 1.29
      vertex -6.29325 6.29325 1.29
      vertex -7.06084 5.41798 1.29
    endloop
  endfacet
  facet normal 0 0 -1
    outer loop
      vertex -6.29325 6.29325 1.29
      vertex -7.07107 7.07107 1.29
      vertex -6.08761 7.93353 1.29
    endloop
  endfacet
  facet normal 0 0 -1
    outer loop
      vertex -7.93353 6.08761 1.29
      vertex -7.06084 5.41798 1.29
      vertex -7.70763 4.45 1.29
    endloop
  endfacet
  facet normal 0 0 -1
    outer loop
      vertex -7.06084 5.41798 1.29
      vertex -7.93353 6.08761 1.29
      vertex -7.07107 7.07107 1.29
    endloop
  endfacet
  facet normal 0 0 -1
    outer loop
      vertex -8.66025 5 1.29
      vertex -7.70763 4.45 1.29
      vertex -8.22253 3.40588 1.29
    endloop
  endfacet
  facet normal 0 0 -1
    outer loop
      vertex -9.2388 3.82683 1.29
      vertex -8.22253 3.40588 1.29
      vertex -8.59674 2.30349 1.29
    endloop
  endfacet
  facet normal 0 0 -1
    outer loop
      vertex -7.70763 4.45 1.29
      vertex -8.66025 5 1.29
      vertex -7.93353 6.08761 1.29
    endloop
  endfacet
  facet normal 0 0 -1
    outer loop
      vertex -9.65926 2.58819 1.29
      vertex -8.59674 2.30349 1.29
      vertex -8.82386 1.16168 1.29
    endloop
  endfacet
  facet normal 0 0 -1
    outer loop
      vertex -9.91445 1.30526 1.29
      vertex -8.82386 1.16168 1.29
      vertex -8.9 0 1.29
    endloop
  endfacet
  facet normal 0 0 -1
    outer loop
      vertex -9.91445 -1.30526 1.29
      vertex -8.82386 -1.16168 1.29
      vertex -9.65926 -2.58819 1.29
    endloop
  endfacet
  facet normal 0 0 -1
    outer loop
      vertex -8.22253 3.40588 1.29
      vertex -9.2388 3.82683 1.29
      vertex -8.66025 5 1.29
    endloop
  endfacet
  facet normal -0 0 -1
    outer loop
      vertex -8.82386 -1.16168 1.29
      vertex -9.91445 -1.30526 1.29
      vertex -8.9 0 1.29
    endloop
  endfacet
  facet normal 0 0 -1
    outer loop
      vertex -8.59674 2.30349 1.29
      vertex -9.65926 2.58819 1.29
      vertex -9.2388 3.82683 1.29
    endloop
  endfacet
  facet normal 0 0 -1
    outer loop
      vertex -10 0 1.29
      vertex -8.9 0 1.29
      vertex -9.91445 -1.30526 1.29
    endloop
  endfacet
  facet normal 0 0 -1
    outer loop
      vertex -8.82386 1.16168 1.29
      vertex -9.91445 1.30526 1.29
      vertex -9.65926 2.58819 1.29
    endloop
  endfacet
  facet normal 0 0 -1
    outer loop
      vertex -8.9 0 1.29
      vertex -10 0 1.29
      vertex -9.91445 1.30526 1.29
    endloop
  endfacet
  facet normal -0.896874 -0.442287 0
    outer loop
      vertex -7.70763 -4.45 0
      vertex -8.22253 -3.40588 1.29
      vertex -8.22253 -3.40588 0
    endloop
  endfacet
  facet normal -0.896874 -0.442287 0
    outer loop
      vertex -8.22253 -3.40588 1.29
      vertex -7.70763 -4.45 0
      vertex -7.70763 -4.45 1.29
    endloop
  endfacet
  facet normal 0.442287 -0.896874 0
    outer loop
      vertex 3.40588 -8.22253 0
      vertex 4.45 -7.70763 1.29
      vertex 3.40588 -8.22253 1.29
    endloop
  endfacet
  facet normal 0.442287 -0.896874 0
    outer loop
      vertex 4.45 -7.70763 1.29
      vertex 3.40588 -8.22253 0
      vertex 4.45 -7.70763 0
    endloop
  endfacet
  facet normal 0.980785 0.19509 0
    outer loop
      vertex 8.82386 1.16168 1.29
      vertex 8.59674 2.30349 0
      vertex 8.59674 2.30349 1.29
    endloop
  endfacet
  facet normal 0.980785 0.19509 0
    outer loop
      vertex 8.59674 2.30349 0
      vertex 8.82386 1.16168 1.29
      vertex 8.82386 1.16168 0
    endloop
  endfacet
  facet normal 0.997859 0.0654027 0
    outer loop
      vertex 8.9 0 1.29
      vertex 8.82386 1.16168 0
      vertex 8.82386 1.16168 1.29
    endloop
  endfacet
  facet normal 0.997859 0.0654027 0
    outer loop
      vertex 8.82386 1.16168 0
      vertex 8.9 0 1.29
      vertex 8.9 0 0
    endloop
  endfacet
  facet normal 0.94693 0.321439 0
    outer loop
      vertex 8.59674 2.30349 1.29
      vertex 8.22253 3.40588 0
      vertex 8.22253 3.40588 1.29
    endloop
  endfacet
  facet normal 0.94693 0.321439 0
    outer loop
      vertex 8.22253 3.40588 0
      vertex 8.59674 2.30349 1.29
      vertex 8.59674 2.30349 0
    endloop
  endfacet
  facet normal 0.75184 -0.659345 0
    outer loop
      vertex 6.29325 -6.29325 1.29
      vertex 7.06084 -5.41798 0
      vertex 7.06084 -5.41798 1.29
    endloop
  endfacet
  facet normal 0.75184 -0.659345 0
    outer loop
      vertex 7.06084 -5.41798 0
      vertex 6.29325 -6.29325 1.29
      vertex 6.29325 -6.29325 0
    endloop
  endfacet
  facet normal -0.555574 0.831467 0
    outer loop
      vertex -4.45 7.70763 0
      vertex -5.41798 7.06084 1.29
      vertex -4.45 7.70763 1.29
    endloop
  endfacet
  facet normal -0.555574 0.831467 0
    outer loop
      vertex -5.41798 7.06084 1.29
      vertex -4.45 7.70763 0
      vertex -5.41798 7.06084 0
    endloop
  endfacet
  facet normal 0.321439 0.94693 -0
    outer loop
      vertex 3.40588 8.22253 0
      vertex 2.30349 8.59674 1.29
      vertex 3.40588 8.22253 1.29
    endloop
  endfacet
  facet normal 0.321439 0.94693 0
    outer loop
      vertex 2.30349 8.59674 1.29
      vertex 3.40588 8.22253 0
      vertex 2.30349 8.59674 0
    endloop
  endfacet
  facet normal 0.555574 0.831467 -0
    outer loop
      vertex 5.41798 7.06084 0
      vertex 4.45 7.70763 1.29
      vertex 5.41798 7.06084 1.29
    endloop
  endfacet
  facet normal 0.555574 0.831467 0
    outer loop
      vertex 4.45 7.70763 1.29
      vertex 5.41798 7.06084 0
      vertex 4.45 7.70763 0
    endloop
  endfacet
  facet normal -0.442287 -0.896874 0
    outer loop
      vertex -4.45 -7.70763 0
      vertex -3.40588 -8.22253 1.29
      vertex -4.45 -7.70763 1.29
    endloop
  endfacet
  facet normal -0.442287 -0.896874 -0
    outer loop
      vertex -3.40588 -8.22253 1.29
      vertex -4.45 -7.70763 0
      vertex -3.40588 -8.22253 0
    endloop
  endfacet
  facet normal 0.896874 0.442287 0
    outer loop
      vertex 8.22253 3.40588 1.29
      vertex 7.70763 4.45 0
      vertex 7.70763 4.45 1.29
    endloop
  endfacet
  facet normal 0.896874 0.442287 0
    outer loop
      vertex 7.70763 4.45 0
      vertex 8.22253 3.40588 1.29
      vertex 8.22253 3.40588 0
    endloop
  endfacet
  facet normal -0.19509 0.980785 0
    outer loop
      vertex -1.16168 8.82386 0
      vertex -2.30349 8.59674 1.29
      vertex -1.16168 8.82386 1.29
    endloop
  endfacet
  facet normal -0.19509 0.980785 0
    outer loop
      vertex -2.30349 8.59674 1.29
      vertex -1.16168 8.82386 0
      vertex -2.30349 8.59674 0
    endloop
  endfacet
  facet normal 0.94693 -0.321439 0
    outer loop
      vertex 8.22253 -3.40588 1.29
      vertex 8.59674 -2.30349 0
      vertex 8.59674 -2.30349 1.29
    endloop
  endfacet
  facet normal 0.94693 -0.321439 0
    outer loop
      vertex 8.59674 -2.30349 0
      vertex 8.22253 -3.40588 1.29
      vertex 8.22253 -3.40588 0
    endloop
  endfacet
  facet normal -0.659345 0.75184 0
    outer loop
      vertex -5.41798 7.06084 0
      vertex -6.29325 6.29325 1.29
      vertex -5.41798 7.06084 1.29
    endloop
  endfacet
  facet normal -0.659345 0.75184 0
    outer loop
      vertex -6.29325 6.29325 1.29
      vertex -5.41798 7.06084 0
      vertex -6.29325 6.29325 0
    endloop
  endfacet
  facet normal -0.321439 0.94693 0
    outer loop
      vertex -2.30349 8.59674 0
      vertex -3.40588 8.22253 1.29
      vertex -2.30349 8.59674 1.29
    endloop
  endfacet
  facet normal -0.321439 0.94693 0
    outer loop
      vertex -3.40588 8.22253 1.29
      vertex -2.30349 8.59674 0
      vertex -3.40588 8.22253 0
    endloop
  endfacet
  facet normal 0.659345 -0.75184 0
    outer loop
      vertex 5.41798 -7.06084 0
      vertex 6.29325 -6.29325 1.29
      vertex 5.41798 -7.06084 1.29
    endloop
  endfacet
  facet normal 0.659345 -0.75184 0
    outer loop
      vertex 6.29325 -6.29325 1.29
      vertex 5.41798 -7.06084 0
      vertex 6.29325 -6.29325 0
    endloop
  endfacet
  facet normal -0.94693 -0.321439 0
    outer loop
      vertex -8.22253 -3.40588 0
      vertex -8.59674 -2.30349 1.29
      vertex -8.59674 -2.30349 0
    endloop
  endfacet
  facet normal -0.94693 -0.321439 0
    outer loop
      vertex -8.59674 -2.30349 1.29
      vertex -8.22253 -3.40588 0
      vertex -8.22253 -3.40588 1.29
    endloop
  endfacet
  facet normal 0.831467 0.555574 0
    outer loop
      vertex 7.70763 4.45 1.29
      vertex 7.06084 5.41798 0
      vertex 7.06084 5.41798 1.29
    endloop
  endfacet
  facet normal 0.831467 0.555574 0
    outer loop
      vertex 7.06084 5.41798 0
      vertex 7.70763 4.45 1.29
      vertex 7.70763 4.45 0
    endloop
  endfacet
  facet normal 0.19509 -0.980785 0
    outer loop
      vertex 1.16168 -8.82386 0
      vertex 2.30349 -8.59674 1.29
      vertex 1.16168 -8.82386 1.29
    endloop
  endfacet
  facet normal 0.19509 -0.980785 0
    outer loop
      vertex 2.30349 -8.59674 1.29
      vertex 1.16168 -8.82386 0
      vertex 2.30349 -8.59674 0
    endloop
  endfacet
  facet normal -0.980785 -0.19509 0
    outer loop
      vertex -8.59674 -2.30349 0
      vertex -8.82386 -1.16168 1.29
      vertex -8.82386 -1.16168 0
    endloop
  endfacet
  facet normal -0.980785 -0.19509 0
    outer loop
      vertex -8.82386 -1.16168 1.29
      vertex -8.59674 -2.30349 0
      vertex -8.59674 -2.30349 1.29
    endloop
  endfacet
  facet normal 0.659345 0.75184 -0
    outer loop
      vertex 6.29325 6.29325 0
      vertex 5.41798 7.06084 1.29
      vertex 6.29325 6.29325 1.29
    endloop
  endfacet
  facet normal 0.659345 0.75184 0
    outer loop
      vertex 5.41798 7.06084 1.29
      vertex 6.29325 6.29325 0
      vertex 5.41798 7.06084 0
    endloop
  endfacet
  facet normal 0.997859 -0.0654027 0
    outer loop
      vertex 8.82386 -1.16168 1.29
      vertex 8.9 0 0
      vertex 8.9 0 1.29
    endloop
  endfacet
  facet normal 0.997859 -0.0654027 0
    outer loop
      vertex 8.9 0 0
      vertex 8.82386 -1.16168 1.29
      vertex 8.82386 -1.16168 0
    endloop
  endfacet
  facet normal 0.980785 -0.19509 0
    outer loop
      vertex 8.59674 -2.30349 1.29
      vertex 8.82386 -1.16168 0
      vertex 8.82386 -1.16168 1.29
    endloop
  endfacet
  facet normal 0.980785 -0.19509 0
    outer loop
      vertex 8.82386 -1.16168 0
      vertex 8.59674 -2.30349 1.29
      vertex 8.59674 -2.30349 0
    endloop
  endfacet
  facet normal 0.555574 -0.831467 0
    outer loop
      vertex 4.45 -7.70763 0
      vertex 5.41798 -7.06084 1.29
      vertex 4.45 -7.70763 1.29
    endloop
  endfacet
  facet normal 0.555574 -0.831467 0
    outer loop
      vertex 5.41798 -7.06084 1.29
      vertex 4.45 -7.70763 0
      vertex 5.41798 -7.06084 0
    endloop
  endfacet
  facet normal -0.831467 0.555574 0
    outer loop
      vertex -7.70763 4.45 0
      vertex -7.06084 5.41798 1.29
      vertex -7.06084 5.41798 0
    endloop
  endfacet
  facet normal -0.831467 0.555574 0
    outer loop
      vertex -7.06084 5.41798 1.29
      vertex -7.70763 4.45 0
      vertex -7.70763 4.45 1.29
    endloop
  endfacet
  facet normal 0.19509 0.980785 -0
    outer loop
      vertex 2.30349 8.59674 0
      vertex 1.16168 8.82386 1.29
      vertex 2.30349 8.59674 1.29
    endloop
  endfacet
  facet normal 0.19509 0.980785 0
    outer loop
      vertex 1.16168 8.82386 1.29
      vertex 2.30349 8.59674 0
      vertex 1.16168 8.82386 0
    endloop
  endfacet
  facet normal -0.659345 -0.75184 0
    outer loop
      vertex -6.29325 -6.29325 0
      vertex -5.41798 -7.06084 1.29
      vertex -6.29325 -6.29325 1.29
    endloop
  endfacet
  facet normal -0.659345 -0.75184 -0
    outer loop
      vertex -5.41798 -7.06084 1.29
      vertex -6.29325 -6.29325 0
      vertex -5.41798 -7.06084 0
    endloop
  endfacet
  facet normal 0.75184 0.659345 0
    outer loop
      vertex 7.06084 5.41798 1.29
      vertex 6.29325 6.29325 0
      vertex 6.29325 6.29325 1.29
    endloop
  endfacet
  facet normal 0.75184 0.659345 0
    outer loop
      vertex 6.29325 6.29325 0
      vertex 7.06084 5.41798 1.29
      vertex 7.06084 5.41798 0
    endloop
  endfacet
  facet normal -0.555574 -0.831467 0
    outer loop
      vertex -5.41798 -7.06084 0
      vertex -4.45 -7.70763 1.29
      vertex -5.41798 -7.06084 1.29
    endloop
  endfacet
  facet normal -0.555574 -0.831467 -0
    outer loop
      vertex -4.45 -7.70763 1.29
      vertex -5.41798 -7.06084 0
      vertex -4.45 -7.70763 0
    endloop
  endfacet
  facet normal 0.0654027 0.997859 -0
    outer loop
      vertex 1.16168 8.82386 0
      vertex 0 8.9 1.29
      vertex 1.16168 8.82386 1.29
    endloop
  endfacet
  facet normal 0.0654027 0.997859 0
    outer loop
      vertex 0 8.9 1.29
      vertex 1.16168 8.82386 0
      vertex 0 8.9 0
    endloop
  endfacet
  facet normal -0.94693 0.321439 0
    outer loop
      vertex -8.59674 2.30349 0
      vertex -8.22253 3.40588 1.29
      vertex -8.22253 3.40588 0
    endloop
  endfacet
  facet normal -0.94693 0.321439 0
    outer loop
      vertex -8.22253 3.40588 1.29
      vertex -8.59674 2.30349 0
      vertex -8.59674 2.30349 1.29
    endloop
  endfacet
  facet normal 0.321439 -0.94693 0
    outer loop
      vertex 2.30349 -8.59674 0
      vertex 3.40588 -8.22253 1.29
      vertex 2.30349 -8.59674 1.29
    endloop
  endfacet
  facet normal 0.321439 -0.94693 0
    outer loop
      vertex 3.40588 -8.22253 1.29
      vertex 2.30349 -8.59674 0
      vertex 3.40588 -8.22253 0
    endloop
  endfacet
  facet normal -0.0654027 -0.997859 0
    outer loop
      vertex -1.16168 -8.82386 0
      vertex 0 -8.9 1.29
      vertex -1.16168 -8.82386 1.29
    endloop
  endfacet
  facet normal -0.0654027 -0.997859 -0
    outer loop
      vertex 0 -8.9 1.29
      vertex -1.16168 -8.82386 0
      vertex 0 -8.9 0
    endloop
  endfacet
  facet normal 0.442287 0.896874 -0
    outer loop
      vertex 4.45 7.70763 0
      vertex 3.40588 8.22253 1.29
      vertex 4.45 7.70763 1.29
    endloop
  endfacet
  facet normal 0.442287 0.896874 0
    outer loop
      vertex 3.40588 8.22253 1.29
      vertex 4.45 7.70763 0
      vertex 3.40588 8.22253 0
    endloop
  endfacet
  facet normal -0.997859 -0.0654027 0
    outer loop
      vertex -8.82386 -1.16168 0
      vertex -8.9 0 1.29
      vertex -8.9 0 0
    endloop
  endfacet
  facet normal -0.997859 -0.0654027 0
    outer loop
      vertex -8.9 0 1.29
      vertex -8.82386 -1.16168 0
      vertex -8.82386 -1.16168 1.29
    endloop
  endfacet
  facet normal 0.831467 -0.555574 0
    outer loop
      vertex 7.06084 -5.41798 1.29
      vertex 7.70763 -4.45 0
      vertex 7.70763 -4.45 1.29
    endloop
  endfacet
  facet normal 0.831467 -0.555574 0
    outer loop
      vertex 7.70763 -4.45 0
      vertex 7.06084 -5.41798 1.29
      vertex 7.06084 -5.41798 0
    endloop
  endfacet
  facet normal -0.75184 -0.659345 0
    outer loop
      vertex -6.29325 -6.29325 0
      vertex -7.06084 -5.41798 1.29
      vertex -7.06084 -5.41798 0
    endloop
  endfacet
  facet normal -0.75184 -0.659345 0
    outer loop
      vertex -7.06084 -5.41798 1.29
      vertex -6.29325 -6.29325 0
      vertex -6.29325 -6.29325 1.29
    endloop
  endfacet
  facet normal -0.997859 0.0654027 0
    outer loop
      vertex -8.9 0 0
      vertex -8.82386 1.16168 1.29
      vertex -8.82386 1.16168 0
    endloop
  endfacet
  facet normal -0.997859 0.0654027 0
    outer loop
      vertex -8.82386 1.16168 1.29
      vertex -8.9 0 0
      vertex -8.9 0 1.29
    endloop
  endfacet
  facet normal -0.896874 0.442287 0
    outer loop
      vertex -8.22253 3.40588 0
      vertex -7.70763 4.45 1.29
      vertex -7.70763 4.45 0
    endloop
  endfacet
  facet normal -0.896874 0.442287 0
    outer loop
      vertex -7.70763 4.45 1.29
      vertex -8.22253 3.40588 0
      vertex -8.22253 3.40588 1.29
    endloop
  endfacet
  facet normal -0.19509 -0.980785 0
    outer loop
      vertex -2.30349 -8.59674 0
      vertex -1.16168 -8.82386 1.29
      vertex -2.30349 -8.59674 1.29
    endloop
  endfacet
  facet normal -0.19509 -0.980785 -0
    outer loop
      vertex -1.16168 -8.82386 1.29
      vertex -2.30349 -8.59674 0
      vertex -1.16168 -8.82386 0
    endloop
  endfacet
  facet normal 0.0654027 -0.997859 0
    outer loop
      vertex 0 -8.9 0
      vertex 1.16168 -8.82386 1.29
      vertex 0 -8.9 1.29
    endloop
  endfacet
  facet normal 0.0654027 -0.997859 0
    outer loop
      vertex 1.16168 -8.82386 1.29
      vertex 0 -8.9 0
      vertex 1.16168 -8.82386 0
    endloop
  endfacet
  facet normal -0.980785 0.19509 0
    outer loop
      vertex -8.82386 1.16168 0
      vertex -8.59674 2.30349 1.29
      vertex -8.59674 2.30349 0
    endloop
  endfacet
  facet normal -0.980785 0.19509 0
    outer loop
      vertex -8.59674 2.30349 1.29
      vertex -8.82386 1.16168 0
      vertex -8.82386 1.16168 1.29
    endloop
  endfacet
  facet normal -0.442287 0.896874 0
    outer loop
      vertex -3.40588 8.22253 0
      vertex -4.45 7.70763 1.29
      vertex -3.40588 8.22253 1.29
    endloop
  endfacet
  facet normal -0.442287 0.896874 0
    outer loop
      vertex -4.45 7.70763 1.29
      vertex -3.40588 8.22253 0
      vertex -4.45 7.70763 0
    endloop
  endfacet
  facet normal -0.75184 0.659345 0
    outer loop
      vertex -7.06084 5.41798 0
      vertex -6.29325 6.29325 1.29
      vertex -6.29325 6.29325 0
    endloop
  endfacet
  facet normal -0.75184 0.659345 0
    outer loop
      vertex -6.29325 6.29325 1.29
      vertex -7.06084 5.41798 0
      vertex -7.06084 5.41798 1.29
    endloop
  endfacet
  facet normal -0.831467 -0.555574 0
    outer loop
      vertex -7.06084 -5.41798 0
      vertex -7.70763 -4.45 1.29
      vertex -7.70763 -4.45 0
    endloop
  endfacet
  facet normal -0.831467 -0.555574 0
    outer loop
      vertex -7.70763 -4.45 1.29
      vertex -7.06084 -5.41798 0
      vertex -7.06084 -5.41798 1.29
    endloop
  endfacet
  facet normal -0.0654027 0.997859 0
    outer loop
      vertex 0 8.9 0
      vertex -1.16168 8.82386 1.29
      vertex 0 8.9 1.29
    endloop
  endfacet
  facet normal -0.0654027 0.997859 0
    outer loop
      vertex -1.16168 8.82386 1.29
      vertex 0 8.9 0
      vertex -1.16168 8.82386 0
    endloop
  endfacet
  facet normal 0.896874 -0.442287 0
    outer loop
      vertex 7.70763 -4.45 1.29
      vertex 8.22253 -3.40588 0
      vertex 8.22253 -3.40588 1.29
    endloop
  endfacet
  facet normal 0.896874 -0.442287 0
    outer loop
      vertex 8.22253 -3.40588 0
      vertex 7.70763 -4.45 1.29
      vertex 7.70763 -4.45 0
    endloop
  endfacet
  facet normal -0.321439 -0.94693 0
    outer loop
      vertex -3.40588 -8.22253 0
      vertex -2.30349 -8.59674 1.29
      vertex -3.40588 -8.22253 1.29
    endloop
  endfacet
  facet normal -0.321439 -0.94693 -0
    outer loop
      vertex -2.30349 -8.59674 1.29
      vertex -3.40588 -8.22253 0
      vertex -2.30349 -8.59674 0
    endloop
  endfacet
  facet normal -0.195093 -0.980785 0
    outer loop
      vertex 0.60042 4.56065 0
      vertex 1.19057 4.44326 18
      vertex 0.60042 4.56065 18
    endloop
  endfacet
  facet normal -0.195093 -0.980785 -0
    outer loop
      vertex 1.19057 4.44326 18
      vertex 0.60042 4.56065 0
      vertex 1.19057 4.44326 0
    endloop
  endfacet
  facet normal -0.980785 -0.195093 0
    outer loop
      vertex 4.56065 0.60042 0
      vertex 4.44326 1.19057 18
      vertex 4.44326 1.19057 0
    endloop
  endfacet
  facet normal -0.980785 -0.195093 0
    outer loop
      vertex 4.44326 1.19057 18
      vertex 4.56065 0.60042 0
      vertex 4.56065 0.60042 18
    endloop
  endfacet
  facet normal -0.997859 -0.0653972 0
    outer loop
      vertex 4.6 0 0
      vertex 4.56065 0.60042 18
      vertex 4.56065 0.60042 0
    endloop
  endfacet
  facet normal -0.997859 -0.0653972 0
    outer loop
      vertex 4.56065 0.60042 18
      vertex 4.6 0 0
      vertex 4.6 0 18
    endloop
  endfacet
  facet normal -0.946931 -0.321438 0
    outer loop
      vertex 4.44326 1.19057 0
      vertex 4.24985 1.76034 18
      vertex 4.24985 1.76034 0
    endloop
  endfacet
  facet normal -0.946931 -0.321438 0
    outer loop
      vertex 4.24985 1.76034 18
      vertex 4.44326 1.19057 0
      vertex 4.44326 1.19057 18
    endloop
  endfacet
  facet normal -0.831462 -0.555582 0
    outer loop
      vertex 3.98372 2.3 0
      vertex 3.64942 2.8003 18
      vertex 3.64942 2.8003 0
    endloop
  endfacet
  facet normal -0.831462 -0.555582 0
    outer loop
      vertex 3.64942 2.8003 18
      vertex 3.98372 2.3 0
      vertex 3.98372 2.3 18
    endloop
  endfacet
  facet normal -0.321438 -0.946931 0
    outer loop
      vertex 1.19057 4.44326 0
      vertex 1.76034 4.24985 18
      vertex 1.19057 4.44326 18
    endloop
  endfacet
  facet normal -0.321438 -0.946931 -0
    outer loop
      vertex 1.76034 4.24985 18
      vertex 1.19057 4.44326 0
      vertex 1.76034 4.24985 0
    endloop
  endfacet
  facet normal 0.980785 0.195093 0
    outer loop
      vertex -4.44326 -1.19057 18
      vertex -4.56065 -0.60042 0
      vertex -4.56065 -0.60042 18
    endloop
  endfacet
  facet normal 0.980785 0.195093 0
    outer loop
      vertex -4.56065 -0.60042 0
      vertex -4.44326 -1.19057 18
      vertex -4.44326 -1.19057 0
    endloop
  endfacet
  facet normal -0.997859 0.0653972 0
    outer loop
      vertex 4.56065 -0.60042 0
      vertex 4.6 0 18
      vertex 4.6 0 0
    endloop
  endfacet
  facet normal -0.997859 0.0653972 0
    outer loop
      vertex 4.6 0 18
      vertex 4.56065 -0.60042 0
      vertex 4.56065 -0.60042 18
    endloop
  endfacet
  facet normal 0.997859 0.0653972 0
    outer loop
      vertex -4.56065 -0.60042 18
      vertex -4.6 0 0
      vertex -4.6 0 18
    endloop
  endfacet
  facet normal 0.997859 0.0653972 0
    outer loop
      vertex -4.6 0 0
      vertex -4.56065 -0.60042 18
      vertex -4.56065 -0.60042 0
    endloop
  endfacet
  facet normal 0.321438 0.946931 -0
    outer loop
      vertex -1.19057 -4.44326 0
      vertex -1.76034 -4.24985 18
      vertex -1.19057 -4.44326 18
    endloop
  endfacet
  facet normal 0.321438 0.946931 0
    outer loop
      vertex -1.76034 -4.24985 18
      vertex -1.19057 -4.44326 0
      vertex -1.76034 -4.24985 0
    endloop
  endfacet
  facet normal -0.896873 -0.442288 0
    outer loop
      vertex 4.24985 1.76034 0
      vertex 3.98372 2.3 18
      vertex 3.98372 2.3 0
    endloop
  endfacet
  facet normal -0.896873 -0.442288 0
    outer loop
      vertex 3.98372 2.3 18
      vertex 4.24985 1.76034 0
      vertex 4.24985 1.76034 18
    endloop
  endfacet
  facet normal -0.751844 -0.659341 0
    outer loop
      vertex 3.64942 2.8003 0
      vertex 3.25269 3.25269 18
      vertex 3.25269 3.25269 0
    endloop
  endfacet
  facet normal -0.751844 -0.659341 0
    outer loop
      vertex 3.25269 3.25269 18
      vertex 3.64942 2.8003 0
      vertex 3.64942 2.8003 18
    endloop
  endfacet
  facet normal -0.946931 0.321438 0
    outer loop
      vertex 4.24985 -1.76034 0
      vertex 4.44326 -1.19057 18
      vertex 4.44326 -1.19057 0
    endloop
  endfacet
  facet normal -0.946931 0.321438 0
    outer loop
      vertex 4.44326 -1.19057 18
      vertex 4.24985 -1.76034 0
      vertex 4.24985 -1.76034 18
    endloop
  endfacet
  facet normal 0.751844 0.659341 0
    outer loop
      vertex -3.25269 -3.25269 18
      vertex -3.64942 -2.8003 0
      vertex -3.64942 -2.8003 18
    endloop
  endfacet
  facet normal 0.751844 0.659341 0
    outer loop
      vertex -3.64942 -2.8003 0
      vertex -3.25269 -3.25269 18
      vertex -3.25269 -3.25269 0
    endloop
  endfacet
  facet normal -0.980785 0.195093 0
    outer loop
      vertex 4.44326 -1.19057 0
      vertex 4.56065 -0.60042 18
      vertex 4.56065 -0.60042 0
    endloop
  endfacet
  facet normal -0.980785 0.195093 0
    outer loop
      vertex 4.56065 -0.60042 18
      vertex 4.44326 -1.19057 0
      vertex 4.44326 -1.19057 18
    endloop
  endfacet
  facet normal -0.0653972 0.997859 0
    outer loop
      vertex 0.60042 -4.56065 0
      vertex 0 -4.6 18
      vertex 0.60042 -4.56065 18
    endloop
  endfacet
  facet normal -0.0653972 0.997859 0
    outer loop
      vertex 0 -4.6 18
      vertex 0.60042 -4.56065 0
      vertex 0 -4.6 0
    endloop
  endfacet
  facet normal 0.946931 0.321438 0
    outer loop
      vertex -4.24985 -1.76034 18
      vertex -4.44326 -1.19057 0
      vertex -4.44326 -1.19057 18
    endloop
  endfacet
  facet normal 0.946931 0.321438 0
    outer loop
      vertex -4.44326 -1.19057 0
      vertex -4.24985 -1.76034 18
      vertex -4.24985 -1.76034 0
    endloop
  endfacet
  facet normal -0.831462 0.555582 0
    outer loop
      vertex 3.64942 -2.8003 0
      vertex 3.98372 -2.3 18
      vertex 3.98372 -2.3 0
    endloop
  endfacet
  facet normal -0.831462 0.555582 0
    outer loop
      vertex 3.98372 -2.3 18
      vertex 3.64942 -2.8003 0
      vertex 3.64942 -2.8003 18
    endloop
  endfacet
  facet normal -0.442288 -0.896873 0
    outer loop
      vertex 1.76034 4.24985 0
      vertex 2.3 3.98372 18
      vertex 1.76034 4.24985 18
    endloop
  endfacet
  facet normal -0.442288 -0.896873 -0
    outer loop
      vertex 2.3 3.98372 18
      vertex 1.76034 4.24985 0
      vertex 2.3 3.98372 0
    endloop
  endfacet
  facet normal 0.442288 -0.896873 0
    outer loop
      vertex -2.3 3.98372 0
      vertex -1.76034 4.24985 18
      vertex -2.3 3.98372 18
    endloop
  endfacet
  facet normal 0.442288 -0.896873 0
    outer loop
      vertex -1.76034 4.24985 18
      vertex -2.3 3.98372 0
      vertex -1.76034 4.24985 0
    endloop
  endfacet
  facet normal -0.442288 0.896873 0
    outer loop
      vertex 2.3 -3.98372 0
      vertex 1.76034 -4.24985 18
      vertex 2.3 -3.98372 18
    endloop
  endfacet
  facet normal -0.442288 0.896873 0
    outer loop
      vertex 1.76034 -4.24985 18
      vertex 2.3 -3.98372 0
      vertex 1.76034 -4.24985 0
    endloop
  endfacet
  facet normal -0.321438 0.946931 0
    outer loop
      vertex 1.76034 -4.24985 0
      vertex 1.19057 -4.44326 18
      vertex 1.76034 -4.24985 18
    endloop
  endfacet
  facet normal -0.321438 0.946931 0
    outer loop
      vertex 1.19057 -4.44326 18
      vertex 1.76034 -4.24985 0
      vertex 1.19057 -4.44326 0
    endloop
  endfacet
  facet normal 0.195093 0.980785 -0
    outer loop
      vertex -0.60042 -4.56065 0
      vertex -1.19057 -4.44326 18
      vertex -0.60042 -4.56065 18
    endloop
  endfacet
  facet normal 0.195093 0.980785 0
    outer loop
      vertex -1.19057 -4.44326 18
      vertex -0.60042 -4.56065 0
      vertex -1.19057 -4.44326 0
    endloop
  endfacet
  facet normal 0.946931 -0.321438 0
    outer loop
      vertex -4.44326 1.19057 18
      vertex -4.24985 1.76034 0
      vertex -4.24985 1.76034 18
    endloop
  endfacet
  facet normal 0.946931 -0.321438 0
    outer loop
      vertex -4.24985 1.76034 0
      vertex -4.44326 1.19057 18
      vertex -4.44326 1.19057 0
    endloop
  endfacet
  facet normal 0.195093 -0.980785 0
    outer loop
      vertex -1.19057 4.44326 0
      vertex -0.60042 4.56065 18
      vertex -1.19057 4.44326 18
    endloop
  endfacet
  facet normal 0.195093 -0.980785 0
    outer loop
      vertex -0.60042 4.56065 18
      vertex -1.19057 4.44326 0
      vertex -0.60042 4.56065 0
    endloop
  endfacet
  facet normal 0.555582 -0.831462 0
    outer loop
      vertex -2.8003 3.64942 0
      vertex -2.3 3.98372 18
      vertex -2.8003 3.64942 18
    endloop
  endfacet
  facet normal 0.555582 -0.831462 0
    outer loop
      vertex -2.3 3.98372 18
      vertex -2.8003 3.64942 0
      vertex -2.3 3.98372 0
    endloop
  endfacet
  facet normal -0.555582 0.831462 0
    outer loop
      vertex 2.8003 -3.64942 0
      vertex 2.3 -3.98372 18
      vertex 2.8003 -3.64942 18
    endloop
  endfacet
  facet normal -0.555582 0.831462 0
    outer loop
      vertex 2.3 -3.98372 18
      vertex 2.8003 -3.64942 0
      vertex 2.3 -3.98372 0
    endloop
  endfacet
  facet normal -0.195093 0.980785 0
    outer loop
      vertex 1.19057 -4.44326 0
      vertex 0.60042 -4.56065 18
      vertex 1.19057 -4.44326 18
    endloop
  endfacet
  facet normal -0.195093 0.980785 0
    outer loop
      vertex 0.60042 -4.56065 18
      vertex 1.19057 -4.44326 0
      vertex 0.60042 -4.56065 0
    endloop
  endfacet
  facet normal 0.896873 -0.442288 0
    outer loop
      vertex -4.24985 1.76034 18
      vertex -3.98372 2.3 0
      vertex -3.98372 2.3 18
    endloop
  endfacet
  facet normal 0.896873 -0.442288 0
    outer loop
      vertex -3.98372 2.3 0
      vertex -4.24985 1.76034 18
      vertex -4.24985 1.76034 0
    endloop
  endfacet
  facet normal 0.831462 -0.555582 0
    outer loop
      vertex -3.98372 2.3 18
      vertex -3.64942 2.8003 0
      vertex -3.64942 2.8003 18
    endloop
  endfacet
  facet normal 0.831462 -0.555582 0
    outer loop
      vertex -3.64942 2.8003 0
      vertex -3.98372 2.3 18
      vertex -3.98372 2.3 0
    endloop
  endfacet
  facet normal 0.0653972 0.997859 -0
    outer loop
      vertex 0 -4.6 0
      vertex -0.60042 -4.56065 18
      vertex 0 -4.6 18
    endloop
  endfacet
  facet normal 0.0653972 0.997859 0
    outer loop
      vertex -0.60042 -4.56065 18
      vertex 0 -4.6 0
      vertex -0.60042 -4.56065 0
    endloop
  endfacet
  facet normal 0.659341 -0.751844 0
    outer loop
      vertex -3.25269 3.25269 0
      vertex -2.8003 3.64942 18
      vertex -3.25269 3.25269 18
    endloop
  endfacet
  facet normal 0.659341 -0.751844 0
    outer loop
      vertex -2.8003 3.64942 18
      vertex -3.25269 3.25269 0
      vertex -2.8003 3.64942 0
    endloop
  endfacet
  facet normal 0.659341 0.751844 -0
    outer loop
      vertex -2.8003 -3.64942 0
      vertex -3.25269 -3.25269 18
      vertex -2.8003 -3.64942 18
    endloop
  endfacet
  facet normal 0.659341 0.751844 0
    outer loop
      vertex -3.25269 -3.25269 18
      vertex -2.8003 -3.64942 0
      vertex -3.25269 -3.25269 0
    endloop
  endfacet
  facet normal 0.751844 -0.659341 0
    outer loop
      vertex -3.64942 2.8003 18
      vertex -3.25269 3.25269 0
      vertex -3.25269 3.25269 18
    endloop
  endfacet
  facet normal 0.751844 -0.659341 0
    outer loop
      vertex -3.25269 3.25269 0
      vertex -3.64942 2.8003 18
      vertex -3.64942 2.8003 0
    endloop
  endfacet
  facet normal -0.751844 0.659341 0
    outer loop
      vertex 3.25269 -3.25269 0
      vertex 3.64942 -2.8003 18
      vertex 3.64942 -2.8003 0
    endloop
  endfacet
  facet normal -0.751844 0.659341 0
    outer loop
      vertex 3.64942 -2.8003 18
      vertex 3.25269 -3.25269 0
      vertex 3.25269 -3.25269 18
    endloop
  endfacet
  facet normal -0.896873 0.442288 0
    outer loop
      vertex 3.98372 -2.3 0
      vertex 4.24985 -1.76034 18
      vertex 4.24985 -1.76034 0
    endloop
  endfacet
  facet normal -0.896873 0.442288 0
    outer loop
      vertex 4.24985 -1.76034 18
      vertex 3.98372 -2.3 0
      vertex 3.98372 -2.3 18
    endloop
  endfacet
  facet normal 0.555582 0.831462 -0
    outer loop
      vertex -2.3 -3.98372 0
      vertex -2.8003 -3.64942 18
      vertex -2.3 -3.98372 18
    endloop
  endfacet
  facet normal 0.555582 0.831462 0
    outer loop
      vertex -2.8003 -3.64942 18
      vertex -2.3 -3.98372 0
      vertex -2.8003 -3.64942 0
    endloop
  endfacet
  facet normal 0.980785 -0.195093 0
    outer loop
      vertex -4.56065 0.60042 18
      vertex -4.44326 1.19057 0
      vertex -4.44326 1.19057 18
    endloop
  endfacet
  facet normal 0.980785 -0.195093 0
    outer loop
      vertex -4.44326 1.19057 0
      vertex -4.56065 0.60042 18
      vertex -4.56065 0.60042 0
    endloop
  endfacet
  facet normal -0.0653972 -0.997859 0
    outer loop
      vertex 0 4.6 0
      vertex 0.60042 4.56065 18
      vertex 0 4.6 18
    endloop
  endfacet
  facet normal -0.0653972 -0.997859 -0
    outer loop
      vertex 0.60042 4.56065 18
      vertex 0 4.6 0
      vertex 0.60042 4.56065 0
    endloop
  endfacet
  facet normal -0.555582 -0.831462 0
    outer loop
      vertex 2.3 3.98372 0
      vertex 2.8003 3.64942 18
      vertex 2.3 3.98372 18
    endloop
  endfacet
  facet normal -0.555582 -0.831462 -0
    outer loop
      vertex 2.8003 3.64942 18
      vertex 2.3 3.98372 0
      vertex 2.8003 3.64942 0
    endloop
  endfacet
  facet normal 0.321438 -0.946931 0
    outer loop
      vertex -1.76034 4.24985 0
      vertex -1.19057 4.44326 18
      vertex -1.76034 4.24985 18
    endloop
  endfacet
  facet normal 0.321438 -0.946931 0
    outer loop
      vertex -1.19057 4.44326 18
      vertex -1.76034 4.24985 0
      vertex -1.19057 4.44326 0
    endloop
  endfacet
  facet normal 0.0653972 -0.997859 0
    outer loop
      vertex -0.60042 4.56065 0
      vertex 0 4.6 18
      vertex -0.60042 4.56065 18
    endloop
  endfacet
  facet normal 0.0653972 -0.997859 0
    outer loop
      vertex 0 4.6 18
      vertex -0.60042 4.56065 0
      vertex 0 4.6 0
    endloop
  endfacet
  facet normal 0.997859 -0.0653972 0
    outer loop
      vertex -4.6 0 18
      vertex -4.56065 0.60042 0
      vertex -4.56065 0.60042 18
    endloop
  endfacet
  facet normal 0.997859 -0.0653972 0
    outer loop
      vertex -4.56065 0.60042 0
      vertex -4.6 0 18
      vertex -4.6 0 0
    endloop
  endfacet
  facet normal -0.659341 -0.751844 0
    outer loop
      vertex 2.8003 3.64942 0
      vertex 3.25269 3.25269 18
      vertex 2.8003 3.64942 18
    endloop
  endfacet
  facet normal -0.659341 -0.751844 -0
    outer loop
      vertex 3.25269 3.25269 18
      vertex 2.8003 3.64942 0
      vertex 3.25269 3.25269 0
    endloop
  endfacet
  facet normal 0.896873 0.442288 0
    outer loop
      vertex -3.98372 -2.3 18
      vertex -4.24985 -1.76034 0
      vertex -4.24985 -1.76034 18
    endloop
  endfacet
  facet normal 0.896873 0.442288 0
    outer loop
      vertex -4.24985 -1.76034 0
      vertex -3.98372 -2.3 18
      vertex -3.98372 -2.3 0
    endloop
  endfacet
  facet normal 0.442288 0.896873 -0
    outer loop
      vertex -1.76034 -4.24985 0
      vertex -2.3 -3.98372 18
      vertex -1.76034 -4.24985 18
    endloop
  endfacet
  facet normal 0.442288 0.896873 0
    outer loop
      vertex -2.3 -3.98372 18
      vertex -1.76034 -4.24985 0
      vertex -2.3 -3.98372 0
    endloop
  endfacet
  facet normal -0.659341 0.751844 0
    outer loop
      vertex 3.25269 -3.25269 0
      vertex 2.8003 -3.64942 18
      vertex 3.25269 -3.25269 18
    endloop
  endfacet
  facet normal -0.659341 0.751844 0
    outer loop
      vertex 2.8003 -3.64942 18
      vertex 3.25269 -3.25269 0
      vertex 2.8003 -3.64942 0
    endloop
  endfacet
  facet normal 0.831462 0.555582 0
    outer loop
      vertex -3.64942 -2.8003 18
      vertex -3.98372 -2.3 0
      vertex -3.98372 -2.3 18
    endloop
  endfacet
  facet normal 0.831462 0.555582 0
    outer loop
      vertex -3.98372 -2.3 0
      vertex -3.64942 -2.8003 18
      vertex -3.64942 -2.8003 0
    endloop
  endfacet
endsolid OpenSCAD_Model
