solid OpenSCAD_Model
  facet normal 0.997861 -0.0653646 0
    outer loop
      vertex 89.9829 1.73895 4
      vertex 90 2 0
      vertex 90 2 4
    endloop
  endfacet
  facet normal 0.997861 -0.0653646 0
    outer loop
      vertex 90 2 0
      vertex 89.9829 1.73895 4
      vertex 89.9829 1.73895 0
    endloop
  endfacet
  facet normal 0.321382 0.94695 -0
    outer loop
      vertex 88.7654 69.8478 0
      vertex 88.5176 69.9319 4
      vertex 88.7654 69.8478 4
    endloop
  endfacet
  facet normal 0.321382 0.94695 0
    outer loop
      vertex 88.5176 69.9319 4
      vertex 88.7654 69.8478 0
      vertex 88.5176 69.9319 0
    endloop
  endfacet
  facet normal 0 1 -0
    outer loop
      vertex 88 70 0
      vertex 2 70 4
      vertex 88 70 4
    endloop
  endfacet
  facet normal 0 1 0
    outer loop
      vertex 2 70 4
      vertex 88 70 0
      vertex 2 70 0
    endloop
  endfacet
  facet normal 0.946922 -0.321463 0
    outer loop
      vertex 89.8478 1.23463 4
      vertex 89.9319 1.48236 0
      vertex 89.9319 1.48236 4
    endloop
  endfacet
  facet normal 0.946922 -0.321463 0
    outer loop
      vertex 89.9319 1.48236 0
      vertex 89.8478 1.23463 4
      vertex 89.8478 1.23463 0
    endloop
  endfacet
  facet normal 0.896731 -0.442575 0
    outer loop
      vertex 89.732 1 4
      vertex 89.8478 1.23463 0
      vertex 89.8478 1.23463 4
    endloop
  endfacet
  facet normal 0.896731 -0.442575 0
    outer loop
      vertex 89.8478 1.23463 0
      vertex 89.732 1 4
      vertex 89.732 1 0
    endloop
  endfacet
  facet normal 1 -0 0
    outer loop
      vertex 90 2 4
      vertex 90 68 0
      vertex 90 68 4
    endloop
  endfacet
  facet normal 1 0 0
    outer loop
      vertex 90 68 0
      vertex 90 2 4
      vertex 90 2 0
    endloop
  endfacet
  facet normal -0.0653646 0.997861 0
    outer loop
      vertex 2 70 0
      vertex 1.73895 69.9829 4
      vertex 2 70 4
    endloop
  endfacet
  facet normal -0.0653646 0.997861 0
    outer loop
      vertex 1.73895 69.9829 4
      vertex 2 70 0
      vertex 1.73895 69.9829 0
    endloop
  endfacet
  facet normal -1 0 0
    outer loop
      vertex 0 2 0
      vertex 0 68 4
      vertex 0 68 0
    endloop
  endfacet
  facet normal -1 -0 0
    outer loop
      vertex 0 68 4
      vertex 0 2 0
      vertex 0 2 4
    endloop
  endfacet
  facet normal -0.32144 -0.94693 0
    outer loop
      vertex 1.23463 0.152241 0
      vertex 1.48236 0.0681477 4
      vertex 1.23463 0.152241 4
    endloop
  endfacet
  facet normal -0.32144 -0.94693 -0
    outer loop
      vertex 1.48236 0.0681477 4
      vertex 1.23463 0.152241 0
      vertex 1.48236 0.0681477 0
    endloop
  endfacet
  facet normal -0.659347 -0.751839 0
    outer loop
      vertex 0.585786 0.585786 0
      vertex 0.782476 0.413293 4
      vertex 0.585786 0.585786 4
    endloop
  endfacet
  facet normal -0.659347 -0.751839 -0
    outer loop
      vertex 0.782476 0.413293 4
      vertex 0.585786 0.585786 0
      vertex 0.782476 0.413293 0
    endloop
  endfacet
  facet normal 0.195152 -0.980773 0
    outer loop
      vertex 88.2611 0.0171099 0
      vertex 88.5176 0.0681477 4
      vertex 88.2611 0.0171099 4
    endloop
  endfacet
  facet normal 0.195152 -0.980773 0
    outer loop
      vertex 88.5176 0.0681477 4
      vertex 88.2611 0.0171099 0
      vertex 88.5176 0.0681477 0
    endloop
  endfacet
  facet normal 0.831521 0.555494 0
    outer loop
      vertex 89.732 69 4
      vertex 89.5867 69.2175 0
      vertex 89.5867 69.2175 4
    endloop
  endfacet
  facet normal 0.831521 0.555494 0
    outer loop
      vertex 89.5867 69.2175 0
      vertex 89.732 69 4
      vertex 89.732 69 0
    endloop
  endfacet
  facet normal 0.980814 -0.194947 0
    outer loop
      vertex 89.9319 1.48236 4
      vertex 89.9829 1.73895 0
      vertex 89.9829 1.73895 4
    endloop
  endfacet
  facet normal 0.980814 -0.194947 0
    outer loop
      vertex 89.9829 1.73895 0
      vertex 89.9319 1.48236 4
      vertex 89.9319 1.48236 0
    endloop
  endfacet
  facet normal -0.997859 -0.0654023 0
    outer loop
      vertex 0.0171099 1.73895 0
      vertex 0 2 4
      vertex 0 2 0
    endloop
  endfacet
  facet normal -0.997859 -0.0654023 0
    outer loop
      vertex 0 2 4
      vertex 0.0171099 1.73895 0
      vertex 0.0171099 1.73895 4
    endloop
  endfacet
  facet normal 0.659328 -0.751855 0
    outer loop
      vertex 89.2175 0.413293 0
      vertex 89.4142 0.585786 4
      vertex 89.2175 0.413293 4
    endloop
  endfacet
  facet normal 0.659328 -0.751855 0
    outer loop
      vertex 89.4142 0.585786 4
      vertex 89.2175 0.413293 0
      vertex 89.4142 0.585786 0
    endloop
  endfacet
  facet normal -0.94693 -0.32144 0
    outer loop
      vertex 0.152241 1.23463 0
      vertex 0.0681477 1.48236 4
      vertex 0.0681477 1.48236 0
    endloop
  endfacet
  facet normal -0.94693 -0.32144 0
    outer loop
      vertex 0.0681477 1.48236 4
      vertex 0.152241 1.23463 0
      vertex 0.152241 1.23463 4
    endloop
  endfacet
  facet normal -0.659362 0.751826 0
    outer loop
      vertex 0.782476 69.5867 0
      vertex 0.585786 69.4142 4
      vertex 0.782476 69.5867 4
    endloop
  endfacet
  facet normal -0.659362 0.751826 0
    outer loop
      vertex 0.585786 69.4142 4
      vertex 0.782476 69.5867 0
      vertex 0.585786 69.4142 0
    endloop
  endfacet
  facet normal -0.980786 -0.195086 0
    outer loop
      vertex 0.0681477 1.48236 0
      vertex 0.0171099 1.73895 4
      vertex 0.0171099 1.73895 0
    endloop
  endfacet
  facet normal -0.980786 -0.195086 0
    outer loop
      vertex 0.0171099 1.73895 4
      vertex 0.0681477 1.48236 0
      vertex 0.0681477 1.48236 4
    endloop
  endfacet
  facet normal 0 -1 0
    outer loop
      vertex 2 0 0
      vertex 88 0 4
      vertex 2 0 4
    endloop
  endfacet
  facet normal 0 -1 -0
    outer loop
      vertex 88 0 4
      vertex 2 0 0
      vertex 88 0 0
    endloop
  endfacet
  facet normal 0.94695 0.321382 0
    outer loop
      vertex 89.9319 68.5176 4
      vertex 89.8478 68.7654 0
      vertex 89.8478 68.7654 4
    endloop
  endfacet
  facet normal 0.94695 0.321382 0
    outer loop
      vertex 89.8478 68.7654 0
      vertex 89.9319 68.5176 4
      vertex 89.9319 68.5176 0
    endloop
  endfacet
  facet normal 0.831549 -0.555452 0
    outer loop
      vertex 89.5867 0.782476 4
      vertex 89.732 1 0
      vertex 89.732 1 4
    endloop
  endfacet
  facet normal 0.831549 -0.555452 0
    outer loop
      vertex 89.732 1 0
      vertex 89.5867 0.782476 4
      vertex 89.5867 0.782476 0
    endloop
  endfacet
  facet normal 0.555494 0.831521 -0
    outer loop
      vertex 89.2175 69.5867 0
      vertex 89 69.732 4
      vertex 89.2175 69.5867 4
    endloop
  endfacet
  facet normal 0.555494 0.831521 0
    outer loop
      vertex 89 69.732 4
      vertex 89.2175 69.5867 0
      vertex 89 69.732 0
    endloop
  endfacet
  facet normal -0.321463 0.946922 0
    outer loop
      vertex 1.48236 69.9319 0
      vertex 1.23463 69.8478 4
      vertex 1.48236 69.9319 4
    endloop
  endfacet
  facet normal -0.321463 0.946922 0
    outer loop
      vertex 1.23463 69.8478 4
      vertex 1.48236 69.9319 0
      vertex 1.23463 69.8478 0
    endloop
  endfacet
  facet normal 0.442338 -0.896848 0
    outer loop
      vertex 88.7654 0.152241 0
      vertex 89 0.267949 4
      vertex 88.7654 0.152241 4
    endloop
  endfacet
  facet normal 0.442338 -0.896848 0
    outer loop
      vertex 89 0.267949 4
      vertex 88.7654 0.152241 0
      vertex 89 0.267949 0
    endloop
  endfacet
  facet normal 0 0 1
    outer loop
      vertex 26.5642 24.0941 4
      vertex 11.0735 8.40463 4
      vertex 11.1 8 4
    endloop
  endfacet
  facet normal 0 0 1
    outer loop
      vertex 20.6958 25.0128 4
      vertex 10.9944 8.80234 4
      vertex 11.0735 8.40463 4
    endloop
  endfacet
  facet normal 0 0 1
    outer loop
      vertex 20.6958 25.0128 4
      vertex 10.864 9.18632 4
      vertex 10.9944 8.80234 4
    endloop
  endfacet
  facet normal 0 0 1
    outer loop
      vertex 20.5 25 4
      vertex 10.6847 9.55 4
      vertex 10.864 9.18632 4
    endloop
  endfacet
  facet normal 0 0 1
    outer loop
      vertex 20.5 25 4
      vertex 10.4594 9.88716 4
      vertex 10.6847 9.55 4
    endloop
  endfacet
  facet normal 0 0 1
    outer loop
      vertex 20.5 25 4
      vertex 10.192 10.192 4
      vertex 10.4594 9.88716 4
    endloop
  endfacet
  facet normal 0 0 1
    outer loop
      vertex 20.5 25 4
      vertex 9.88716 10.4594 4
      vertex 10.192 10.192 4
    endloop
  endfacet
  facet normal 0 0 1
    outer loop
      vertex 20.5 25 4
      vertex 9.55 10.6847 4
      vertex 9.88716 10.4594 4
    endloop
  endfacet
  facet normal 0 0 1
    outer loop
      vertex 20.5 25 4
      vertex 9.18632 10.864 4
      vertex 9.55 10.6847 4
    endloop
  endfacet
  facet normal -0 0 1
    outer loop
      vertex 5.5 25 4
      vertex 9.18632 10.864 4
      vertex 20.5 25 4
    endloop
  endfacet
  facet normal 0 0 1
    outer loop
      vertex 9.18632 10.864 4
      vertex 5.5 25 4
      vertex 8.80234 10.9944 4
    endloop
  endfacet
  facet normal 0 0 1
    outer loop
      vertex 8.80234 10.9944 4
      vertex 5.5 25 4
      vertex 8.40463 11.0735 4
    endloop
  endfacet
  facet normal 0 0 1
    outer loop
      vertex 8.40463 11.0735 4
      vertex 5.5 25 4
      vertex 8 11.1 4
    endloop
  endfacet
  facet normal 0 0 1
    outer loop
      vertex 8 11.1 4
      vertex 5.5 25 4
      vertex 7.59537 11.0735 4
    endloop
  endfacet
  facet normal 0 0 1
    outer loop
      vertex 7.59537 11.0735 4
      vertex 5.5 25 4
      vertex 7.19766 10.9944 4
    endloop
  endfacet
  facet normal 0 0 1
    outer loop
      vertex 5.30421 25.0128 4
      vertex 7.19766 10.9944 4
      vertex 5.5 25 4
    endloop
  endfacet
  facet normal 0 0 1
    outer loop
      vertex 7.19766 10.9944 4
      vertex 5.30421 25.0128 4
      vertex 6.81368 10.864 4
    endloop
  endfacet
  facet normal 0 0 1
    outer loop
      vertex 5.11177 25.0511 4
      vertex 6.81368 10.864 4
      vertex 5.30421 25.0128 4
    endloop
  endfacet
  facet normal 0 0 1
    outer loop
      vertex 6.81368 10.864 4
      vertex 5.11177 25.0511 4
      vertex 6.45 10.6847 4
    endloop
  endfacet
  facet normal 0 0 1
    outer loop
      vertex 4.92597 25.1142 4
      vertex 6.45 10.6847 4
      vertex 5.11177 25.0511 4
    endloop
  endfacet
  facet normal 0 0 1
    outer loop
      vertex 6.45 10.6847 4
      vertex 4.92597 25.1142 4
      vertex 6.11284 10.4594 4
    endloop
  endfacet
  facet normal 0 0 1
    outer loop
      vertex 4.75 25.201 4
      vertex 6.11284 10.4594 4
      vertex 4.92597 25.1142 4
    endloop
  endfacet
  facet normal 0 0 1
    outer loop
      vertex 6.11284 10.4594 4
      vertex 4.75 25.201 4
      vertex 5.80797 10.192 4
    endloop
  endfacet
  facet normal 0 0 1
    outer loop
      vertex 4.58686 25.31 4
      vertex 5.80797 10.192 4
      vertex 4.75 25.201 4
    endloop
  endfacet
  facet normal 0 0 1
    outer loop
      vertex 5.80797 10.192 4
      vertex 4.58686 25.31 4
      vertex 5.54061 9.88716 4
    endloop
  endfacet
  facet normal 0 0 1
    outer loop
      vertex 4.43934 25.4393 4
      vertex 5.54061 9.88716 4
      vertex 4.58686 25.31 4
    endloop
  endfacet
  facet normal 0 0 1
    outer loop
      vertex 5.54061 9.88716 4
      vertex 4.43934 25.4393 4
      vertex 5.31532 9.55 4
    endloop
  endfacet
  facet normal 0 0 1
    outer loop
      vertex 4.30997 25.5869 4
      vertex 5.31532 9.55 4
      vertex 4.43934 25.4393 4
    endloop
  endfacet
  facet normal 0 0 1
    outer loop
      vertex 4.20096 25.75 4
      vertex 5.31532 9.55 4
      vertex 4.30997 25.5869 4
    endloop
  endfacet
  facet normal 0 0 1
    outer loop
      vertex 84.864 60.8137 4
      vertex 90 68 4
      vertex 84.9944 61.1977 4
    endloop
  endfacet
  facet normal 0 0 1
    outer loop
      vertex 90 2 4
      vertex 85.0735 8.40463 4
      vertex 85.1 8 4
    endloop
  endfacet
  facet normal 0 0 1
    outer loop
      vertex 84.6847 60.45 4
      vertex 90 68 4
      vertex 84.864 60.8137 4
    endloop
  endfacet
  facet normal 0 0 1
    outer loop
      vertex 90 2 4
      vertex 84.9944 8.80234 4
      vertex 85.0735 8.40463 4
    endloop
  endfacet
  facet normal 0 0 1
    outer loop
      vertex 90 68 4
      vertex 84.6847 60.45 4
      vertex 90 2 4
    endloop
  endfacet
  facet normal 0 0 1
    outer loop
      vertex 90 2 4
      vertex 84.864 9.18632 4
      vertex 84.9944 8.80234 4
    endloop
  endfacet
  facet normal -0 0 1
    outer loop
      vertex 84.6847 9.55 4
      vertex 90 2 4
      vertex 84.6847 60.45 4
    endloop
  endfacet
  facet normal 0 0 1
    outer loop
      vertex 90 2 4
      vertex 84.6847 9.55 4
      vertex 84.864 9.18632 4
    endloop
  endfacet
  facet normal -0 0 1
    outer loop
      vertex 84.4594 60.1128 4
      vertex 84.6847 9.55 4
      vertex 84.6847 60.45 4
    endloop
  endfacet
  facet normal 0 0 1
    outer loop
      vertex 84.4594 60.1128 4
      vertex 84.4594 9.88716 4
      vertex 84.6847 9.55 4
    endloop
  endfacet
  facet normal -0 0 1
    outer loop
      vertex 84.192 59.808 4
      vertex 84.4594 9.88716 4
      vertex 84.4594 60.1128 4
    endloop
  endfacet
  facet normal 0 0 1
    outer loop
      vertex 84.192 59.808 4
      vertex 84.192 10.192 4
      vertex 84.4594 9.88716 4
    endloop
  endfacet
  facet normal -0 0 1
    outer loop
      vertex 83.8872 59.5406 4
      vertex 84.192 10.192 4
      vertex 84.192 59.808 4
    endloop
  endfacet
  facet normal 0 0 1
    outer loop
      vertex 83.8872 59.5406 4
      vertex 83.8872 10.4594 4
      vertex 84.192 10.192 4
    endloop
  endfacet
  facet normal -0 0 1
    outer loop
      vertex 83.55 59.3153 4
      vertex 83.8872 10.4594 4
      vertex 83.8872 59.5406 4
    endloop
  endfacet
  facet normal 0 0 1
    outer loop
      vertex 83.55 59.3153 4
      vertex 83.55 10.6847 4
      vertex 83.8872 10.4594 4
    endloop
  endfacet
  facet normal -0 0 1
    outer loop
      vertex 83.1863 59.136 4
      vertex 83.55 10.6847 4
      vertex 83.55 59.3153 4
    endloop
  endfacet
  facet normal 0 0 1
    outer loop
      vertex 83.1863 59.136 4
      vertex 83.1863 10.864 4
      vertex 83.55 10.6847 4
    endloop
  endfacet
  facet normal -0 0 1
    outer loop
      vertex 82.8023 59.0056 4
      vertex 83.1863 10.864 4
      vertex 83.1863 59.136 4
    endloop
  endfacet
  facet normal 0 0 1
    outer loop
      vertex 82.8023 59.0056 4
      vertex 82.8023 10.9944 4
      vertex 83.1863 10.864 4
    endloop
  endfacet
  facet normal -0 0 1
    outer loop
      vertex 82.4046 58.9265 4
      vertex 82.8023 10.9944 4
      vertex 82.8023 59.0056 4
    endloop
  endfacet
  facet normal 0 0 1
    outer loop
      vertex 82.4046 58.9265 4
      vertex 82.4046 11.0735 4
      vertex 82.8023 10.9944 4
    endloop
  endfacet
  facet normal -0 0 1
    outer loop
      vertex 82 58.9 4
      vertex 82.4046 11.0735 4
      vertex 82.4046 58.9265 4
    endloop
  endfacet
  facet normal 0 0 1
    outer loop
      vertex 82 58.9 4
      vertex 82 11.1 4
      vertex 82.4046 11.0735 4
    endloop
  endfacet
  facet normal 0 0 1
    outer loop
      vertex 81.5954 58.9265 4
      vertex 82 11.1 4
      vertex 82 58.9 4
    endloop
  endfacet
  facet normal 0 0 1
    outer loop
      vertex 81.5954 58.9265 4
      vertex 81.5954 11.0735 4
      vertex 82 11.1 4
    endloop
  endfacet
  facet normal 0 0 1
    outer loop
      vertex 53.75 35 4
      vertex 81.5954 58.9265 4
      vertex 81.1977 59.0056 4
    endloop
  endfacet
  facet normal 0 0 1
    outer loop
      vertex 81.5954 58.9265 4
      vertex 53.75 35 4
      vertex 81.5954 11.0735 4
    endloop
  endfacet
  facet normal 0 0 1
    outer loop
      vertex 53.7265 35.3589 4
      vertex 81.1977 59.0056 4
      vertex 80.8137 59.136 4
    endloop
  endfacet
  facet normal 0 0 1
    outer loop
      vertex 81.5954 11.0735 4
      vertex 53.75 35 4
      vertex 81.1977 10.9944 4
    endloop
  endfacet
  facet normal 0 0 1
    outer loop
      vertex 53.6563 35.7118 4
      vertex 80.8137 59.136 4
      vertex 80.45 59.3153 4
    endloop
  endfacet
  facet normal -0 0 1
    outer loop
      vertex 53.7265 34.6411 4
      vertex 81.1977 10.9944 4
      vertex 53.75 35 4
    endloop
  endfacet
  facet normal 0 0 1
    outer loop
      vertex 53.5407 36.0524 4
      vertex 80.45 59.3153 4
      vertex 80.1128 59.5406 4
    endloop
  endfacet
  facet normal 0 0 1
    outer loop
      vertex 81.1977 10.9944 4
      vertex 53.7265 34.6411 4
      vertex 80.8137 10.864 4
    endloop
  endfacet
  facet normal 0 0 1
    outer loop
      vertex 53.3816 36.375 4
      vertex 80.1128 59.5406 4
      vertex 79.808 59.808 4
    endloop
  endfacet
  facet normal -0 0 1
    outer loop
      vertex 53.6563 34.2882 4
      vertex 80.8137 10.864 4
      vertex 53.7265 34.6411 4
    endloop
  endfacet
  facet normal 0 0 1
    outer loop
      vertex 53.1817 36.6741 4
      vertex 79.808 59.808 4
      vertex 79.5406 60.1128 4
    endloop
  endfacet
  facet normal 0 0 1
    outer loop
      vertex 80.8137 10.864 4
      vertex 53.6563 34.2882 4
      vertex 80.45 10.6847 4
    endloop
  endfacet
  facet normal 0 0 1
    outer loop
      vertex 52.9445 36.9445 4
      vertex 79.5406 60.1128 4
      vertex 79.3153 60.45 4
    endloop
  endfacet
  facet normal -0 0 1
    outer loop
      vertex 53.5407 33.9476 4
      vertex 80.45 10.6847 4
      vertex 53.6563 34.2882 4
    endloop
  endfacet
  facet normal 0 0 1
    outer loop
      vertex 52.6741 37.1817 4
      vertex 79.3153 60.45 4
      vertex 79.136 60.8137 4
    endloop
  endfacet
  facet normal 0 0 1
    outer loop
      vertex 80.45 10.6847 4
      vertex 53.5407 33.9476 4
      vertex 80.1128 10.4594 4
    endloop
  endfacet
  facet normal 0 0 1
    outer loop
      vertex 52.375 37.3816 4
      vertex 79.136 60.8137 4
      vertex 79.0056 61.1977 4
    endloop
  endfacet
  facet normal -0 0 1
    outer loop
      vertex 53.3816 33.625 4
      vertex 80.1128 10.4594 4
      vertex 53.5407 33.9476 4
    endloop
  endfacet
  facet normal 0 0 1
    outer loop
      vertex 52.0524 37.5407 4
      vertex 79.0056 61.1977 4
      vertex 78.9265 61.5954 4
    endloop
  endfacet
  facet normal 0 0 1
    outer loop
      vertex 80.1128 10.4594 4
      vertex 53.3816 33.625 4
      vertex 79.808 10.192 4
    endloop
  endfacet
  facet normal 0 0 1
    outer loop
      vertex 51.7118 37.6563 4
      vertex 78.9265 61.5954 4
      vertex 78.9 62 4
    endloop
  endfacet
  facet normal -0 0 1
    outer loop
      vertex 53.1817 33.3259 4
      vertex 79.808 10.192 4
      vertex 53.3816 33.625 4
    endloop
  endfacet
  facet normal 0 0 1
    outer loop
      vertex 88 70 4
      vertex 90 68 4
      vertex 89.9829 68.2611 4
    endloop
  endfacet
  facet normal 0 0 1
    outer loop
      vertex 85.0735 61.5954 4
      vertex 90 68 4
      vertex 85.1 62 4
    endloop
  endfacet
  facet normal 0 0 1
    outer loop
      vertex 88 70 4
      vertex 89.9829 68.2611 4
      vertex 89.9319 68.5176 4
    endloop
  endfacet
  facet normal 0 0 1
    outer loop
      vertex 84.9944 61.1977 4
      vertex 90 68 4
      vertex 85.0735 61.5954 4
    endloop
  endfacet
  facet normal 0 0 1
    outer loop
      vertex 88 70 4
      vertex 89.9319 68.5176 4
      vertex 89.8478 68.7654 4
    endloop
  endfacet
  facet normal -0 0 1
    outer loop
      vertex 85.0735 7.59537 4
      vertex 90 2 4
      vertex 85.1 8 4
    endloop
  endfacet
  facet normal 0 0 1
    outer loop
      vertex 88 70 4
      vertex 89.8478 68.7654 4
      vertex 89.732 69 4
    endloop
  endfacet
  facet normal -0 0 1
    outer loop
      vertex 84.9944 7.19766 4
      vertex 90 2 4
      vertex 85.0735 7.59537 4
    endloop
  endfacet
  facet normal 0 0 1
    outer loop
      vertex 88 70 4
      vertex 89.732 69 4
      vertex 89.5867 69.2175 4
    endloop
  endfacet
  facet normal -0 0 1
    outer loop
      vertex 84.864 6.81368 4
      vertex 90 2 4
      vertex 84.9944 7.19766 4
    endloop
  endfacet
  facet normal 0 0 1
    outer loop
      vertex 88 70 4
      vertex 89.5867 69.2175 4
      vertex 89.4142 69.4142 4
    endloop
  endfacet
  facet normal -0 0 1
    outer loop
      vertex 84.6847 6.45 4
      vertex 90 2 4
      vertex 84.864 6.81368 4
    endloop
  endfacet
  facet normal 0 0 1
    outer loop
      vertex 88 70 4
      vertex 89.4142 69.4142 4
      vertex 89.2175 69.5867 4
    endloop
  endfacet
  facet normal -0 0 1
    outer loop
      vertex 84.4594 6.11284 4
      vertex 90 2 4
      vertex 84.6847 6.45 4
    endloop
  endfacet
  facet normal 0 0 1
    outer loop
      vertex 88 70 4
      vertex 89.2175 69.5867 4
      vertex 89 69.732 4
    endloop
  endfacet
  facet normal -0 0 1
    outer loop
      vertex 84.192 5.80797 4
      vertex 90 2 4
      vertex 84.4594 6.11284 4
    endloop
  endfacet
  facet normal 0 0 1
    outer loop
      vertex 88 70 4
      vertex 89 69.732 4
      vertex 88.7654 69.8478 4
    endloop
  endfacet
  facet normal 0 -0 1
    outer loop
      vertex 88 0 4
      vertex 90 2 4
      vertex 84.192 5.80797 4
    endloop
  endfacet
  facet normal 0 0 1
    outer loop
      vertex 88 70 4
      vertex 88.7654 69.8478 4
      vertex 88.5176 69.9319 4
    endloop
  endfacet
  facet normal 0 0 1
    outer loop
      vertex 90 2 4
      vertex 88 0 4
      vertex 89.9829 1.73895 4
    endloop
  endfacet
  facet normal 0 0 1
    outer loop
      vertex 88 70 4
      vertex 88.5176 69.9319 4
      vertex 88.2611 69.9829 4
    endloop
  endfacet
  facet normal 0 0 1
    outer loop
      vertex 89.9829 1.73895 4
      vertex 88 0 4
      vertex 89.9319 1.48236 4
    endloop
  endfacet
  facet normal 0 0 1
    outer loop
      vertex 90 68 4
      vertex 88 70 4
      vertex 84.192 64.192 4
    endloop
  endfacet
  facet normal 0 0 1
    outer loop
      vertex 89.8478 1.23463 4
      vertex 88 0 4
      vertex 89.732 1 4
    endloop
  endfacet
  facet normal 0 0 1
    outer loop
      vertex 89.732 1 4
      vertex 88 0 4
      vertex 89.5867 0.782476 4
    endloop
  endfacet
  facet normal 0 0 1
    outer loop
      vertex 90 68 4
      vertex 85.0735 62.4046 4
      vertex 85.1 62 4
    endloop
  endfacet
  facet normal 0 0 1
    outer loop
      vertex 90 68 4
      vertex 84.9944 62.8023 4
      vertex 85.0735 62.4046 4
    endloop
  endfacet
  facet normal 0 0 1
    outer loop
      vertex 90 68 4
      vertex 84.864 63.1863 4
      vertex 84.9944 62.8023 4
    endloop
  endfacet
  facet normal 0 0 1
    outer loop
      vertex 90 68 4
      vertex 84.6847 63.55 4
      vertex 84.864 63.1863 4
    endloop
  endfacet
  facet normal 0 0 1
    outer loop
      vertex 90 68 4
      vertex 84.4594 63.8872 4
      vertex 84.6847 63.55 4
    endloop
  endfacet
  facet normal 0 0 1
    outer loop
      vertex 90 68 4
      vertex 84.192 64.192 4
      vertex 84.4594 63.8872 4
    endloop
  endfacet
  facet normal 0 0 1
    outer loop
      vertex 88 70 4
      vertex 83.8872 64.4594 4
      vertex 84.192 64.192 4
    endloop
  endfacet
  facet normal 0 0 1
    outer loop
      vertex 88 70 4
      vertex 83.55 64.6847 4
      vertex 83.8872 64.4594 4
    endloop
  endfacet
  facet normal 0 0 1
    outer loop
      vertex 88 70 4
      vertex 83.1863 64.864 4
      vertex 83.55 64.6847 4
    endloop
  endfacet
  facet normal 0 0 1
    outer loop
      vertex 88 70 4
      vertex 82.8023 64.9944 4
      vertex 83.1863 64.864 4
    endloop
  endfacet
  facet normal 0 0 1
    outer loop
      vertex 88 70 4
      vertex 82.4046 65.0735 4
      vertex 82.8023 64.9944 4
    endloop
  endfacet
  facet normal 0 0 1
    outer loop
      vertex 88 70 4
      vertex 82 65.1 4
      vertex 82.4046 65.0735 4
    endloop
  endfacet
  facet normal 0 0 1
    outer loop
      vertex 88 70 4
      vertex 81.5954 65.0735 4
      vertex 82 65.1 4
    endloop
  endfacet
  facet normal 0 0 1
    outer loop
      vertex 88 70 4
      vertex 81.1977 64.9944 4
      vertex 81.5954 65.0735 4
    endloop
  endfacet
  facet normal 0 0 1
    outer loop
      vertex 88 70 4
      vertex 80.8137 64.864 4
      vertex 81.1977 64.9944 4
    endloop
  endfacet
  facet normal 0 0 1
    outer loop
      vertex 88 70 4
      vertex 80.45 64.6847 4
      vertex 80.8137 64.864 4
    endloop
  endfacet
  facet normal 0 0 1
    outer loop
      vertex 9.55 64.6847 4
      vertex 80.45 64.6847 4
      vertex 88 70 4
    endloop
  endfacet
  facet normal 0 0 1
    outer loop
      vertex 79.808 10.192 4
      vertex 53.1817 33.3259 4
      vertex 79.5406 9.88716 4
    endloop
  endfacet
  facet normal 0 0 1
    outer loop
      vertex 51.3589 37.7265 4
      vertex 78.9 62 4
      vertex 78.9265 62.4046 4
    endloop
  endfacet
  facet normal 0 0 1
    outer loop
      vertex 34.6964 43.7269 4
      vertex 78.9265 62.4046 4
      vertex 79.0056 62.8023 4
    endloop
  endfacet
  facet normal 0 0 1
    outer loop
      vertex 33.5 44.5263 4
      vertex 79.0056 62.8023 4
      vertex 79.136 63.1863 4
    endloop
  endfacet
  facet normal 0 0 1
    outer loop
      vertex 32.2095 45.1627 4
      vertex 79.136 63.1863 4
      vertex 79.3153 63.55 4
    endloop
  endfacet
  facet normal 0 0 1
    outer loop
      vertex 10.6847 63.55 4
      vertex 79.3153 63.55 4
      vertex 79.5406 63.8872 4
    endloop
  endfacet
  facet normal 0 0 1
    outer loop
      vertex 10.4594 63.8872 4
      vertex 79.5406 63.8872 4
      vertex 79.808 64.192 4
    endloop
  endfacet
  facet normal 0 0 1
    outer loop
      vertex 81.1977 59.0056 4
      vertex 53.7265 35.3589 4
      vertex 53.75 35 4
    endloop
  endfacet
  facet normal 0 0 1
    outer loop
      vertex 80.8137 59.136 4
      vertex 53.6563 35.7118 4
      vertex 53.7265 35.3589 4
    endloop
  endfacet
  facet normal 0 0 1
    outer loop
      vertex 80.45 59.3153 4
      vertex 53.5407 36.0524 4
      vertex 53.6563 35.7118 4
    endloop
  endfacet
  facet normal 0 0 1
    outer loop
      vertex 80.1128 59.5406 4
      vertex 53.3816 36.375 4
      vertex 53.5407 36.0524 4
    endloop
  endfacet
  facet normal 0 0 1
    outer loop
      vertex 79.808 59.808 4
      vertex 53.1817 36.6741 4
      vertex 53.3816 36.375 4
    endloop
  endfacet
  facet normal 0 0 1
    outer loop
      vertex 79.5406 60.1128 4
      vertex 52.9445 36.9445 4
      vertex 53.1817 36.6741 4
    endloop
  endfacet
  facet normal 0 0 1
    outer loop
      vertex 79.3153 60.45 4
      vertex 52.6741 37.1817 4
      vertex 52.9445 36.9445 4
    endloop
  endfacet
  facet normal 0 0 1
    outer loop
      vertex 79.136 60.8137 4
      vertex 52.375 37.3816 4
      vertex 52.6741 37.1817 4
    endloop
  endfacet
  facet normal 0 0 1
    outer loop
      vertex 79.0056 61.1977 4
      vertex 52.0524 37.5407 4
      vertex 52.375 37.3816 4
    endloop
  endfacet
  facet normal 0 0 1
    outer loop
      vertex 78.9265 61.5954 4
      vertex 51.7118 37.6563 4
      vertex 52.0524 37.5407 4
    endloop
  endfacet
  facet normal 0 0 1
    outer loop
      vertex 78.9 62 4
      vertex 51.3589 37.7265 4
      vertex 51.7118 37.6563 4
    endloop
  endfacet
  facet normal 0 0 1
    outer loop
      vertex 78.9265 62.4046 4
      vertex 51 37.75 4
      vertex 51.3589 37.7265 4
    endloop
  endfacet
  facet normal 0 0 1
    outer loop
      vertex 78.9265 62.4046 4
      vertex 34.6964 43.7269 4
      vertex 51 37.75 4
    endloop
  endfacet
  facet normal -0 -0 1
    outer loop
      vertex 35.7782 42.7782 4
      vertex 51 37.75 4
      vertex 34.6964 43.7269 4
    endloop
  endfacet
  facet normal 0 0 1
    outer loop
      vertex 51 37.75 4
      vertex 35.7782 42.7782 4
      vertex 50.6411 37.7265 4
    endloop
  endfacet
  facet normal 0 0 1
    outer loop
      vertex 50.6411 37.7265 4
      vertex 35.7782 42.7782 4
      vertex 50.2882 37.6563 4
    endloop
  endfacet
  facet normal -0 -0 1
    outer loop
      vertex 36.7269 41.6964 4
      vertex 50.2882 37.6563 4
      vertex 35.7782 42.7782 4
    endloop
  endfacet
  facet normal 0 0 1
    outer loop
      vertex 50.2882 37.6563 4
      vertex 36.7269 41.6964 4
      vertex 49.9476 37.5407 4
    endloop
  endfacet
  facet normal 0 0 1
    outer loop
      vertex 48.2735 35.3589 4
      vertex 39 35 4
      vertex 48.25 35 4
    endloop
  endfacet
  facet normal 0 0 1
    outer loop
      vertex 38.9059 36.4358 4
      vertex 48.2735 35.3589 4
      vertex 48.3437 35.7118 4
    endloop
  endfacet
  facet normal 0 0 1
    outer loop
      vertex 38.9059 36.4358 4
      vertex 48.3437 35.7118 4
      vertex 48.4593 36.0524 4
    endloop
  endfacet
  facet normal 0 0 1
    outer loop
      vertex 38.6252 37.847 4
      vertex 48.4593 36.0524 4
      vertex 48.6184 36.375 4
    endloop
  endfacet
  facet normal 0 0 1
    outer loop
      vertex 38.6252 37.847 4
      vertex 48.6184 36.375 4
      vertex 48.8183 36.6741 4
    endloop
  endfacet
  facet normal 0 0 1
    outer loop
      vertex 38.1627 39.2095 4
      vertex 48.8183 36.6741 4
      vertex 49.0555 36.9445 4
    endloop
  endfacet
  facet normal 0 0 1
    outer loop
      vertex 49.9476 37.5407 4
      vertex 37.5263 40.5 4
      vertex 49.625 37.3816 4
    endloop
  endfacet
  facet normal 0 0 1
    outer loop
      vertex 10.192 64.192 4
      vertex 79.808 64.192 4
      vertex 80.1128 64.4594 4
    endloop
  endfacet
  facet normal 0 0 1
    outer loop
      vertex 48.2735 35.3589 4
      vertex 38.9059 36.4358 4
      vertex 39 35 4
    endloop
  endfacet
  facet normal 0 0 1
    outer loop
      vertex 80.45 64.6847 4
      vertex 9.55 64.6847 4
      vertex 80.1128 64.4594 4
    endloop
  endfacet
  facet normal 0 0 1
    outer loop
      vertex 48.4593 36.0524 4
      vertex 38.6252 37.847 4
      vertex 38.9059 36.4358 4
    endloop
  endfacet
  facet normal 0 0 1
    outer loop
      vertex 48.8183 36.6741 4
      vertex 38.1627 39.2095 4
      vertex 38.6252 37.847 4
    endloop
  endfacet
  facet normal 0 0 1
    outer loop
      vertex 49.3259 37.1817 4
      vertex 38.1627 39.2095 4
      vertex 49.0555 36.9445 4
    endloop
  endfacet
  facet normal -0 -0 1
    outer loop
      vertex 38.1627 39.2095 4
      vertex 49.3259 37.1817 4
      vertex 37.5263 40.5 4
    endloop
  endfacet
  facet normal 0 0 1
    outer loop
      vertex 49.625 37.3816 4
      vertex 37.5263 40.5 4
      vertex 49.3259 37.1817 4
    endloop
  endfacet
  facet normal -0 -0 1
    outer loop
      vertex 37.5263 40.5 4
      vertex 49.9476 37.5407 4
      vertex 36.7269 41.6964 4
    endloop
  endfacet
  facet normal 0 0 1
    outer loop
      vertex 79.0056 62.8023 4
      vertex 33.5 44.5263 4
      vertex 34.6964 43.7269 4
    endloop
  endfacet
  facet normal 0 0 1
    outer loop
      vertex 79.136 63.1863 4
      vertex 32.2095 45.1627 4
      vertex 33.5 44.5263 4
    endloop
  endfacet
  facet normal 0 0 1
    outer loop
      vertex 79.3153 63.55 4
      vertex 10.6847 63.55 4
      vertex 32.2095 45.1627 4
    endloop
  endfacet
  facet normal 0 0 1
    outer loop
      vertex 32.2095 45.1627 4
      vertex 10.6847 63.55 4
      vertex 30.847 45.6252 4
    endloop
  endfacet
  facet normal -0 -0 1
    outer loop
      vertex 10.864 63.1863 4
      vertex 30.847 45.6252 4
      vertex 10.6847 63.55 4
    endloop
  endfacet
  facet normal -0 -0 1
    outer loop
      vertex 10.9944 62.8023 4
      vertex 30.847 45.6252 4
      vertex 10.864 63.1863 4
    endloop
  endfacet
  facet normal -0 -0 1
    outer loop
      vertex 11.0735 62.4046 4
      vertex 29.4358 45.9059 4
      vertex 10.9944 62.8023 4
    endloop
  endfacet
  facet normal 0 0 1
    outer loop
      vertex 29.4358 45.9059 4
      vertex 11.0735 62.4046 4
      vertex 28 46 4
    endloop
  endfacet
  facet normal 0 0 1
    outer loop
      vertex 22.5 44.5263 4
      vertex 21.799 44.25 4
      vertex 21.8703 44.1055 4
    endloop
  endfacet
  facet normal -0 0 1
    outer loop
      vertex 21.25 44.799 4
      vertex 22.5 44.5263 4
      vertex 23.7905 45.1627 4
    endloop
  endfacet
  facet normal 0 0 1
    outer loop
      vertex 22.5 44.5263 4
      vertex 21.69 44.4131 4
      vertex 21.799 44.25 4
    endloop
  endfacet
  facet normal -0 -0 1
    outer loop
      vertex 11.1 62 4
      vertex 28 46 4
      vertex 11.0735 62.4046 4
    endloop
  endfacet
  facet normal 0 0 1
    outer loop
      vertex 22.5 44.5263 4
      vertex 21.5607 44.5607 4
      vertex 21.69 44.4131 4
    endloop
  endfacet
  facet normal -0 0 1
    outer loop
      vertex 11.0735 61.5954 4
      vertex 26.5642 45.9059 4
      vertex 11.1 62 4
    endloop
  endfacet
  facet normal 0 0 1
    outer loop
      vertex 22.5 44.5263 4
      vertex 21.4131 44.69 4
      vertex 21.5607 44.5607 4
    endloop
  endfacet
  facet normal -0 0 1
    outer loop
      vertex 10.9944 61.1977 4
      vertex 26.5642 45.9059 4
      vertex 11.0735 61.5954 4
    endloop
  endfacet
  facet normal 0 0 1
    outer loop
      vertex 22.5 44.5263 4
      vertex 21.25 44.799 4
      vertex 21.4131 44.69 4
    endloop
  endfacet
  facet normal 0 0 1
    outer loop
      vertex 26.5642 45.9059 4
      vertex 10.9944 61.1977 4
      vertex 25.153 45.6252 4
    endloop
  endfacet
  facet normal 0 0 1
    outer loop
      vertex 23.7905 45.1627 4
      vertex 21.074 44.8858 4
      vertex 21.25 44.799 4
    endloop
  endfacet
  facet normal -0 0 1
    outer loop
      vertex 10.864 60.8137 4
      vertex 25.153 45.6252 4
      vertex 10.9944 61.1977 4
    endloop
  endfacet
  facet normal 0 -0 1
    outer loop
      vertex 20.6958 44.9872 4
      vertex 25.153 45.6252 4
      vertex 10.864 60.8137 4
    endloop
  endfacet
  facet normal 0 0 1
    outer loop
      vertex 23.7905 45.1627 4
      vertex 20.8882 44.9489 4
      vertex 21.074 44.8858 4
    endloop
  endfacet
  facet normal 0 0 1
    outer loop
      vertex 28 46 4
      vertex 11.1 62 4
      vertex 26.5642 45.9059 4
    endloop
  endfacet
  facet normal 0 0 1
    outer loop
      vertex 30.847 45.6252 4
      vertex 10.9944 62.8023 4
      vertex 29.4358 45.9059 4
    endloop
  endfacet
  facet normal 0 0 1
    outer loop
      vertex 79.5406 63.8872 4
      vertex 10.4594 63.8872 4
      vertex 10.6847 63.55 4
    endloop
  endfacet
  facet normal 0 0 1
    outer loop
      vertex 79.808 64.192 4
      vertex 10.192 64.192 4
      vertex 10.4594 63.8872 4
    endloop
  endfacet
  facet normal 0 0 1
    outer loop
      vertex 80.1128 64.4594 4
      vertex 9.88716 64.4594 4
      vertex 10.192 64.192 4
    endloop
  endfacet
  facet normal 0 0 1
    outer loop
      vertex 80.1128 64.4594 4
      vertex 9.55 64.6847 4
      vertex 9.88716 64.4594 4
    endloop
  endfacet
  facet normal -0 0 1
    outer loop
      vertex 2 70 4
      vertex 9.55 64.6847 4
      vertex 88 70 4
    endloop
  endfacet
  facet normal 0 0 1
    outer loop
      vertex 9.55 64.6847 4
      vertex 2 70 4
      vertex 9.18632 64.864 4
    endloop
  endfacet
  facet normal 0 0 1
    outer loop
      vertex 9.18632 64.864 4
      vertex 2 70 4
      vertex 8.80234 64.9944 4
    endloop
  endfacet
  facet normal 0 0 1
    outer loop
      vertex 8.80234 64.9944 4
      vertex 2 70 4
      vertex 8.40463 65.0735 4
    endloop
  endfacet
  facet normal 0 0 1
    outer loop
      vertex 5.80797 59.808 4
      vertex 4.58686 44.69 4
      vertex 4.75 44.799 4
    endloop
  endfacet
  facet normal 0 0 1
    outer loop
      vertex 4.92652 61.5954 4
      vertex 4.43934 44.5607 4
      vertex 4.58686 44.69 4
    endloop
  endfacet
  facet normal 0 0 1
    outer loop
      vertex 4.92652 61.5954 4
      vertex 4.30997 44.4131 4
      vertex 4.43934 44.5607 4
    endloop
  endfacet
  facet normal 0 0 1
    outer loop
      vertex 4.92652 61.5954 4
      vertex 4.20096 44.25 4
      vertex 4.30997 44.4131 4
    endloop
  endfacet
  facet normal 0 0 1
    outer loop
      vertex 4.92652 61.5954 4
      vertex 0 68 4
      vertex 4.20096 44.25 4
    endloop
  endfacet
  facet normal 0 0 1
    outer loop
      vertex 4.20096 44.25 4
      vertex 0 68 4
      vertex 4.11418 44.074 4
    endloop
  endfacet
  facet normal 0 0 1
    outer loop
      vertex 4.11418 44.074 4
      vertex 0 68 4
      vertex 4.05111 43.8882 4
    endloop
  endfacet
  facet normal 0 0 1
    outer loop
      vertex 4.05111 43.8882 4
      vertex 0 68 4
      vertex 4.01283 43.6958 4
    endloop
  endfacet
  facet normal 0 0 1
    outer loop
      vertex 4.01283 43.6958 4
      vertex 0 68 4
      vertex 4 43.5 4
    endloop
  endfacet
  facet normal 0 0 1
    outer loop
      vertex 4.92652 62.4046 4
      vertex 0 68 4
      vertex 4.9 62 4
    endloop
  endfacet
  facet normal 0 0 1
    outer loop
      vertex 5.00563 62.8023 4
      vertex 0 68 4
      vertex 4.92652 62.4046 4
    endloop
  endfacet
  facet normal 0 0 1
    outer loop
      vertex 5.13597 63.1863 4
      vertex 0 68 4
      vertex 5.00563 62.8023 4
    endloop
  endfacet
  facet normal 0 0 1
    outer loop
      vertex 5.31532 63.55 4
      vertex 0 68 4
      vertex 5.13597 63.1863 4
    endloop
  endfacet
  facet normal 0 0 1
    outer loop
      vertex 5.54061 63.8872 4
      vertex 0 68 4
      vertex 5.31532 63.55 4
    endloop
  endfacet
  facet normal 0 0 1
    outer loop
      vertex 5.80797 64.192 4
      vertex 0 68 4
      vertex 5.54061 63.8872 4
    endloop
  endfacet
  facet normal -0 0 1
    outer loop
      vertex 0 68 4
      vertex 5.80797 64.192 4
      vertex 2 70 4
    endloop
  endfacet
  facet normal 0 0 1
    outer loop
      vertex 6.11284 64.4594 4
      vertex 2 70 4
      vertex 5.80797 64.192 4
    endloop
  endfacet
  facet normal 0 0 1
    outer loop
      vertex 6.45 64.6847 4
      vertex 2 70 4
      vertex 6.11284 64.4594 4
    endloop
  endfacet
  facet normal 0 0 1
    outer loop
      vertex 6.81368 64.864 4
      vertex 2 70 4
      vertex 6.45 64.6847 4
    endloop
  endfacet
  facet normal 0 0 1
    outer loop
      vertex 7.19766 64.9944 4
      vertex 2 70 4
      vertex 6.81368 64.864 4
    endloop
  endfacet
  facet normal 0 0 1
    outer loop
      vertex 7.59537 65.0735 4
      vertex 2 70 4
      vertex 7.19766 64.9944 4
    endloop
  endfacet
  facet normal 0 0 1
    outer loop
      vertex 8 65.1 4
      vertex 2 70 4
      vertex 7.59537 65.0735 4
    endloop
  endfacet
  facet normal 0 0 1
    outer loop
      vertex 8.40463 65.0735 4
      vertex 2 70 4
      vertex 8 65.1 4
    endloop
  endfacet
  facet normal 0 0 1
    outer loop
      vertex 89.5867 0.782476 4
      vertex 88 0 4
      vertex 89.4142 0.585786 4
    endloop
  endfacet
  facet normal 0 0 1
    outer loop
      vertex 89.4142 0.585786 4
      vertex 88 0 4
      vertex 89.2175 0.413293 4
    endloop
  endfacet
  facet normal 0 0 1
    outer loop
      vertex 89.2175 0.413293 4
      vertex 88 0 4
      vertex 89 0.267949 4
    endloop
  endfacet
  facet normal 0 0 1
    outer loop
      vertex 89 0.267949 4
      vertex 88 0 4
      vertex 88.7654 0.152241 4
    endloop
  endfacet
  facet normal 0 0 1
    outer loop
      vertex 88.7654 0.152241 4
      vertex 88 0 4
      vertex 88.5176 0.0681477 4
    endloop
  endfacet
  facet normal 0 0 1
    outer loop
      vertex 88.5176 0.0681477 4
      vertex 88 0 4
      vertex 88.2611 0.0171099 4
    endloop
  endfacet
  facet normal 0 0 1
    outer loop
      vertex 89.9319 1.48236 4
      vertex 88 0 4
      vertex 89.8478 1.23463 4
    endloop
  endfacet
  facet normal -0 0 1
    outer loop
      vertex 83.8872 5.54061 4
      vertex 88 0 4
      vertex 84.192 5.80797 4
    endloop
  endfacet
  facet normal -0 0 1
    outer loop
      vertex 83.55 5.31532 4
      vertex 88 0 4
      vertex 83.8872 5.54061 4
    endloop
  endfacet
  facet normal -0 0 1
    outer loop
      vertex 83.1863 5.13597 4
      vertex 88 0 4
      vertex 83.55 5.31532 4
    endloop
  endfacet
  facet normal -0 0 1
    outer loop
      vertex 82.8023 5.00563 4
      vertex 88 0 4
      vertex 83.1863 5.13597 4
    endloop
  endfacet
  facet normal -0 0 1
    outer loop
      vertex 82.4046 4.92652 4
      vertex 88 0 4
      vertex 82.8023 5.00563 4
    endloop
  endfacet
  facet normal -0 0 1
    outer loop
      vertex 82 4.9 4
      vertex 88 0 4
      vertex 82.4046 4.92652 4
    endloop
  endfacet
  facet normal 0 0 1
    outer loop
      vertex 81.5954 4.92652 4
      vertex 88 0 4
      vertex 82 4.9 4
    endloop
  endfacet
  facet normal 0 0 1
    outer loop
      vertex 81.1977 5.00563 4
      vertex 88 0 4
      vertex 81.5954 4.92652 4
    endloop
  endfacet
  facet normal 0 0 1
    outer loop
      vertex 80.8137 5.13597 4
      vertex 88 0 4
      vertex 81.1977 5.00563 4
    endloop
  endfacet
  facet normal 0 0 1
    outer loop
      vertex 80.45 5.31532 4
      vertex 88 0 4
      vertex 80.8137 5.13597 4
    endloop
  endfacet
  facet normal 0 0 1
    outer loop
      vertex 9.55 5.31532 4
      vertex 80.45 5.31532 4
      vertex 80.1128 5.54061 4
    endloop
  endfacet
  facet normal -0 0 1
    outer loop
      vertex 52.9445 33.0555 4
      vertex 79.5406 9.88716 4
      vertex 53.1817 33.3259 4
    endloop
  endfacet
  facet normal 0 0 1
    outer loop
      vertex 79.5406 9.88716 4
      vertex 52.9445 33.0555 4
      vertex 79.3153 9.55 4
    endloop
  endfacet
  facet normal -0 0 1
    outer loop
      vertex 52.6741 32.8183 4
      vertex 79.3153 9.55 4
      vertex 52.9445 33.0555 4
    endloop
  endfacet
  facet normal 0 0 1
    outer loop
      vertex 79.3153 9.55 4
      vertex 52.6741 32.8183 4
      vertex 79.136 9.18632 4
    endloop
  endfacet
  facet normal -0 0 1
    outer loop
      vertex 52.375 32.6184 4
      vertex 79.136 9.18632 4
      vertex 52.6741 32.8183 4
    endloop
  endfacet
  facet normal 0 0 1
    outer loop
      vertex 79.136 9.18632 4
      vertex 52.375 32.6184 4
      vertex 79.0056 8.80234 4
    endloop
  endfacet
  facet normal -0 0 1
    outer loop
      vertex 52.0524 32.4593 4
      vertex 79.0056 8.80234 4
      vertex 52.375 32.6184 4
    endloop
  endfacet
  facet normal 0 0 1
    outer loop
      vertex 79.0056 8.80234 4
      vertex 52.0524 32.4593 4
      vertex 78.9265 8.40463 4
    endloop
  endfacet
  facet normal -0 0 1
    outer loop
      vertex 51.7118 32.3437 4
      vertex 78.9265 8.40463 4
      vertex 52.0524 32.4593 4
    endloop
  endfacet
  facet normal 0 0 1
    outer loop
      vertex 78.9265 8.40463 4
      vertex 51.7118 32.3437 4
      vertex 78.9 8 4
    endloop
  endfacet
  facet normal -0 0 1
    outer loop
      vertex 51.3589 32.2735 4
      vertex 78.9 8 4
      vertex 51.7118 32.3437 4
    endloop
  endfacet
  facet normal 0 0 1
    outer loop
      vertex 78.9 8 4
      vertex 51.3589 32.2735 4
      vertex 78.9265 7.59537 4
    endloop
  endfacet
  facet normal -0 0 1
    outer loop
      vertex 51 32.25 4
      vertex 78.9265 7.59537 4
      vertex 51.3589 32.2735 4
    endloop
  endfacet
  facet normal -0 0 1
    outer loop
      vertex 34.6964 26.2731 4
      vertex 78.9265 7.59537 4
      vertex 51 32.25 4
    endloop
  endfacet
  facet normal 0 0 1
    outer loop
      vertex 78.9265 7.59537 4
      vertex 34.6964 26.2731 4
      vertex 79.0056 7.19766 4
    endloop
  endfacet
  facet normal -0 0 1
    outer loop
      vertex 33.5 25.4737 4
      vertex 79.0056 7.19766 4
      vertex 34.6964 26.2731 4
    endloop
  endfacet
  facet normal 0 0 1
    outer loop
      vertex 79.0056 7.19766 4
      vertex 33.5 25.4737 4
      vertex 79.136 6.81368 4
    endloop
  endfacet
  facet normal -0 0 1
    outer loop
      vertex 32.2095 24.8373 4
      vertex 79.136 6.81368 4
      vertex 33.5 25.4737 4
    endloop
  endfacet
  facet normal 0 0 1
    outer loop
      vertex 35.7782 27.2218 4
      vertex 51 32.25 4
      vertex 50.6411 32.2735 4
    endloop
  endfacet
  facet normal 0 0 1
    outer loop
      vertex 35.7782 27.2218 4
      vertex 50.6411 32.2735 4
      vertex 50.2882 32.3437 4
    endloop
  endfacet
  facet normal 0 0 1
    outer loop
      vertex 36.7269 28.3036 4
      vertex 50.2882 32.3437 4
      vertex 49.9476 32.4593 4
    endloop
  endfacet
  facet normal 0 0 1
    outer loop
      vertex 37.5263 29.5 4
      vertex 49.9476 32.4593 4
      vertex 49.625 32.6184 4
    endloop
  endfacet
  facet normal 0 0 1
    outer loop
      vertex 37.5263 29.5 4
      vertex 49.625 32.6184 4
      vertex 49.3259 32.8183 4
    endloop
  endfacet
  facet normal 0 0 1
    outer loop
      vertex 38.1627 30.7905 4
      vertex 49.3259 32.8183 4
      vertex 49.0555 33.0555 4
    endloop
  endfacet
  facet normal -0 0 1
    outer loop
      vertex 39 35 4
      vertex 48.2735 34.6411 4
      vertex 48.25 35 4
    endloop
  endfacet
  facet normal 0 0 1
    outer loop
      vertex 38.9059 33.5642 4
      vertex 48.2735 34.6411 4
      vertex 39 35 4
    endloop
  endfacet
  facet normal 0 0 1
    outer loop
      vertex 48.2735 34.6411 4
      vertex 38.9059 33.5642 4
      vertex 48.3437 34.2882 4
    endloop
  endfacet
  facet normal 0 0 1
    outer loop
      vertex 48.3437 34.2882 4
      vertex 38.9059 33.5642 4
      vertex 48.4593 33.9476 4
    endloop
  endfacet
  facet normal 0 0 1
    outer loop
      vertex 38.6252 32.153 4
      vertex 48.4593 33.9476 4
      vertex 38.9059 33.5642 4
    endloop
  endfacet
  facet normal 0 0 1
    outer loop
      vertex 48.4593 33.9476 4
      vertex 38.6252 32.153 4
      vertex 48.6184 33.625 4
    endloop
  endfacet
  facet normal 0 0 1
    outer loop
      vertex 48.6184 33.625 4
      vertex 38.6252 32.153 4
      vertex 48.8183 33.3259 4
    endloop
  endfacet
  facet normal 0 0 1
    outer loop
      vertex 38.1627 30.7905 4
      vertex 48.8183 33.3259 4
      vertex 38.6252 32.153 4
    endloop
  endfacet
  facet normal 0 0 1
    outer loop
      vertex 48.8183 33.3259 4
      vertex 38.1627 30.7905 4
      vertex 49.0555 33.0555 4
    endloop
  endfacet
  facet normal 0 0 1
    outer loop
      vertex 49.3259 32.8183 4
      vertex 38.1627 30.7905 4
      vertex 37.5263 29.5 4
    endloop
  endfacet
  facet normal 0 0 1
    outer loop
      vertex 49.9476 32.4593 4
      vertex 37.5263 29.5 4
      vertex 36.7269 28.3036 4
    endloop
  endfacet
  facet normal 0 0 1
    outer loop
      vertex 50.2882 32.3437 4
      vertex 36.7269 28.3036 4
      vertex 35.7782 27.2218 4
    endloop
  endfacet
  facet normal 0 0 1
    outer loop
      vertex 51 32.25 4
      vertex 35.7782 27.2218 4
      vertex 34.6964 26.2731 4
    endloop
  endfacet
  facet normal 0 0 1
    outer loop
      vertex 79.136 6.81368 4
      vertex 32.2095 24.8373 4
      vertex 79.3153 6.45 4
    endloop
  endfacet
  facet normal 0 0 1
    outer loop
      vertex 10.6847 6.45 4
      vertex 79.3153 6.45 4
      vertex 32.2095 24.8373 4
    endloop
  endfacet
  facet normal 0 0 1
    outer loop
      vertex 79.3153 6.45 4
      vertex 10.6847 6.45 4
      vertex 79.5406 6.11284 4
    endloop
  endfacet
  facet normal 0 0 1
    outer loop
      vertex 10.4594 6.11284 4
      vertex 79.5406 6.11284 4
      vertex 10.6847 6.45 4
    endloop
  endfacet
  facet normal 0 0 1
    outer loop
      vertex 79.5406 6.11284 4
      vertex 10.4594 6.11284 4
      vertex 79.808 5.80797 4
    endloop
  endfacet
  facet normal 0 0 1
    outer loop
      vertex 10.6847 6.45 4
      vertex 32.2095 24.8373 4
      vertex 30.847 24.3748 4
    endloop
  endfacet
  facet normal 0 0 1
    outer loop
      vertex 10.9944 7.19766 4
      vertex 30.847 24.3748 4
      vertex 29.4358 24.0941 4
    endloop
  endfacet
  facet normal 0 0 1
    outer loop
      vertex 11.0735 7.59537 4
      vertex 29.4358 24.0941 4
      vertex 28 24 4
    endloop
  endfacet
  facet normal 0 0 1
    outer loop
      vertex 11.1 8 4
      vertex 28 24 4
      vertex 26.5642 24.0941 4
    endloop
  endfacet
  facet normal 0 0 1
    outer loop
      vertex 11.0735 8.40463 4
      vertex 26.5642 24.0941 4
      vertex 25.153 24.3748 4
    endloop
  endfacet
  facet normal 0 0 1
    outer loop
      vertex 20.6958 25.0128 4
      vertex 25.153 24.3748 4
      vertex 23.7905 24.8373 4
    endloop
  endfacet
  facet normal -0 0 1
    outer loop
      vertex 21.799 25.75 4
      vertex 22.5 25.4737 4
      vertex 21.8703 25.8945 4
    endloop
  endfacet
  facet normal -0 0 1
    outer loop
      vertex 21.69 25.5869 4
      vertex 22.5 25.4737 4
      vertex 21.799 25.75 4
    endloop
  endfacet
  facet normal 0 0 1
    outer loop
      vertex 21.5607 25.4393 4
      vertex 22.5 25.4737 4
      vertex 21.69 25.5869 4
    endloop
  endfacet
  facet normal 0 0 1
    outer loop
      vertex 21.4131 25.31 4
      vertex 22.5 25.4737 4
      vertex 21.5607 25.4393 4
    endloop
  endfacet
  facet normal 0 0 1
    outer loop
      vertex 21.25 25.201 4
      vertex 22.5 25.4737 4
      vertex 21.4131 25.31 4
    endloop
  endfacet
  facet normal 0 0 1
    outer loop
      vertex 22.5 25.4737 4
      vertex 21.25 25.201 4
      vertex 23.7905 24.8373 4
    endloop
  endfacet
  facet normal -0 0 1
    outer loop
      vertex 21.074 25.1142 4
      vertex 23.7905 24.8373 4
      vertex 21.25 25.201 4
    endloop
  endfacet
  facet normal -0 0 1
    outer loop
      vertex 20.8882 25.0511 4
      vertex 23.7905 24.8373 4
      vertex 21.074 25.1142 4
    endloop
  endfacet
  facet normal -0 0 1
    outer loop
      vertex 20.6958 25.0128 4
      vertex 23.7905 24.8373 4
      vertex 20.8882 25.0511 4
    endloop
  endfacet
  facet normal 0 0 1
    outer loop
      vertex 11.0735 8.40463 4
      vertex 25.153 24.3748 4
      vertex 20.6958 25.0128 4
    endloop
  endfacet
  facet normal 0 0 1
    outer loop
      vertex 10.864 9.18632 4
      vertex 20.6958 25.0128 4
      vertex 20.5 25 4
    endloop
  endfacet
  facet normal 0 0 1
    outer loop
      vertex 28 24 4
      vertex 11.1 8 4
      vertex 11.0735 7.59537 4
    endloop
  endfacet
  facet normal 0 0 1
    outer loop
      vertex 29.4358 24.0941 4
      vertex 11.0735 7.59537 4
      vertex 10.9944 7.19766 4
    endloop
  endfacet
  facet normal 0 0 1
    outer loop
      vertex 30.847 24.3748 4
      vertex 10.9944 7.19766 4
      vertex 10.864 6.81368 4
    endloop
  endfacet
  facet normal 0 0 1
    outer loop
      vertex 30.847 24.3748 4
      vertex 10.864 6.81368 4
      vertex 10.6847 6.45 4
    endloop
  endfacet
  facet normal 0 0 1
    outer loop
      vertex 10.192 5.80797 4
      vertex 79.808 5.80797 4
      vertex 10.4594 6.11284 4
    endloop
  endfacet
  facet normal 0 0 1
    outer loop
      vertex 79.808 5.80797 4
      vertex 10.192 5.80797 4
      vertex 80.1128 5.54061 4
    endloop
  endfacet
  facet normal 0 0 1
    outer loop
      vertex 9.88716 5.54061 4
      vertex 80.1128 5.54061 4
      vertex 10.192 5.80797 4
    endloop
  endfacet
  facet normal 0 0 1
    outer loop
      vertex 9.55 5.31532 4
      vertex 80.1128 5.54061 4
      vertex 9.88716 5.54061 4
    endloop
  endfacet
  facet normal 0 0 1
    outer loop
      vertex 80.45 5.31532 4
      vertex 9.55 5.31532 4
      vertex 88 0 4
    endloop
  endfacet
  facet normal 0 0 1
    outer loop
      vertex 2 0 4
      vertex 9.55 5.31532 4
      vertex 9.18632 5.13597 4
    endloop
  endfacet
  facet normal 0 0 1
    outer loop
      vertex 2 0 4
      vertex 9.18632 5.13597 4
      vertex 8.80234 5.00563 4
    endloop
  endfacet
  facet normal 0 0 1
    outer loop
      vertex 2 0 4
      vertex 8.80234 5.00563 4
      vertex 8.40463 4.92652 4
    endloop
  endfacet
  facet normal 0 0 1
    outer loop
      vertex 2 0 4
      vertex 8.40463 4.92652 4
      vertex 8 4.9 4
    endloop
  endfacet
  facet normal 0 0 1
    outer loop
      vertex 5.31532 9.55 4
      vertex 4.20096 25.75 4
      vertex 5.13597 9.18632 4
    endloop
  endfacet
  facet normal 0 0 1
    outer loop
      vertex 0 2 4
      vertex 5.13597 9.18632 4
      vertex 4.20096 25.75 4
    endloop
  endfacet
  facet normal 0 0 1
    outer loop
      vertex 5.13597 9.18632 4
      vertex 0 2 4
      vertex 5.00563 8.80234 4
    endloop
  endfacet
  facet normal 0 0 1
    outer loop
      vertex 5.00563 8.80234 4
      vertex 0 2 4
      vertex 4.92652 8.40463 4
    endloop
  endfacet
  facet normal 0 0 1
    outer loop
      vertex 0 2 4
      vertex 4.20096 25.75 4
      vertex 4.11418 25.926 4
    endloop
  endfacet
  facet normal 0 0 1
    outer loop
      vertex 0 2 4
      vertex 4.11418 25.926 4
      vertex 4.05111 26.1118 4
    endloop
  endfacet
  facet normal 0 0 1
    outer loop
      vertex 0 2 4
      vertex 4.05111 26.1118 4
      vertex 4.01283 26.3042 4
    endloop
  endfacet
  facet normal 0 0 1
    outer loop
      vertex 0 2 4
      vertex 4.01283 26.3042 4
      vertex 4 26.5 4
    endloop
  endfacet
  facet normal 0 0 1
    outer loop
      vertex 9.55 5.31532 4
      vertex 2 0 4
      vertex 88 0 4
    endloop
  endfacet
  facet normal 0 0 1
    outer loop
      vertex 7.59537 4.92652 4
      vertex 2 0 4
      vertex 8 4.9 4
    endloop
  endfacet
  facet normal 0 0 1
    outer loop
      vertex 7.19766 5.00563 4
      vertex 2 0 4
      vertex 7.59537 4.92652 4
    endloop
  endfacet
  facet normal 0 0 1
    outer loop
      vertex 6.81368 5.13597 4
      vertex 2 0 4
      vertex 7.19766 5.00563 4
    endloop
  endfacet
  facet normal 0 0 1
    outer loop
      vertex 6.45 5.31532 4
      vertex 2 0 4
      vertex 6.81368 5.13597 4
    endloop
  endfacet
  facet normal 0 0 1
    outer loop
      vertex 6.11284 5.54061 4
      vertex 2 0 4
      vertex 6.45 5.31532 4
    endloop
  endfacet
  facet normal 0 0 1
    outer loop
      vertex 5.80797 5.80797 4
      vertex 2 0 4
      vertex 6.11284 5.54061 4
    endloop
  endfacet
  facet normal 0 0 1
    outer loop
      vertex 0 2 4
      vertex 5.80797 5.80797 4
      vertex 5.54061 6.11284 4
    endloop
  endfacet
  facet normal 0 0 1
    outer loop
      vertex 0 2 4
      vertex 5.54061 6.11284 4
      vertex 5.31532 6.45 4
    endloop
  endfacet
  facet normal 0 0 1
    outer loop
      vertex 0 2 4
      vertex 5.31532 6.45 4
      vertex 5.13597 6.81368 4
    endloop
  endfacet
  facet normal 0 0 1
    outer loop
      vertex 0 2 4
      vertex 5.13597 6.81368 4
      vertex 5.00563 7.19766 4
    endloop
  endfacet
  facet normal 0 0 1
    outer loop
      vertex 0 2 4
      vertex 5.00563 7.19766 4
      vertex 4.92652 7.59537 4
    endloop
  endfacet
  facet normal 0 0 1
    outer loop
      vertex 0 2 4
      vertex 4.92652 7.59537 4
      vertex 4.9 8 4
    endloop
  endfacet
  facet normal 0 0 1
    outer loop
      vertex 4.92652 8.40463 4
      vertex 0 2 4
      vertex 4.9 8 4
    endloop
  endfacet
  facet normal 0 0 1
    outer loop
      vertex 4 43.5 4
      vertex 0 68 4
      vertex 4 26.5 4
    endloop
  endfacet
  facet normal 0 0 1
    outer loop
      vertex 0 68 4
      vertex 2 70 4
      vertex 1.73895 69.9829 4
    endloop
  endfacet
  facet normal 0 0 1
    outer loop
      vertex 0 2 4
      vertex 4 26.5 4
      vertex 0 68 4
    endloop
  endfacet
  facet normal 0 0 1
    outer loop
      vertex 0 68 4
      vertex 1.73895 69.9829 4
      vertex 1.48236 69.9319 4
    endloop
  endfacet
  facet normal 0 0 1
    outer loop
      vertex 5.80797 5.80797 4
      vertex 0 2 4
      vertex 2 0 4
    endloop
  endfacet
  facet normal 0 0 1
    outer loop
      vertex 0 68 4
      vertex 1.48236 69.9319 4
      vertex 1.23463 69.8478 4
    endloop
  endfacet
  facet normal 0 0 1
    outer loop
      vertex 2 0 4
      vertex 0 2 4
      vertex 1.73895 0.0171099 4
    endloop
  endfacet
  facet normal 0 0 1
    outer loop
      vertex 0 68 4
      vertex 1.23463 69.8478 4
      vertex 1 69.732 4
    endloop
  endfacet
  facet normal 0 0 1
    outer loop
      vertex 1.73895 0.0171099 4
      vertex 0 2 4
      vertex 1.48236 0.0681477 4
    endloop
  endfacet
  facet normal 0 0 1
    outer loop
      vertex 0 68 4
      vertex 1 69.732 4
      vertex 0.782476 69.5867 4
    endloop
  endfacet
  facet normal 0 0 1
    outer loop
      vertex 1.48236 0.0681477 4
      vertex 0 2 4
      vertex 1.23463 0.152241 4
    endloop
  endfacet
  facet normal 0 0 1
    outer loop
      vertex 0 68 4
      vertex 0.782476 69.5867 4
      vertex 0.585786 69.4142 4
    endloop
  endfacet
  facet normal 0 0 1
    outer loop
      vertex 1.23463 0.152241 4
      vertex 0 2 4
      vertex 1 0.267949 4
    endloop
  endfacet
  facet normal 0 0 1
    outer loop
      vertex 0 68 4
      vertex 0.585786 69.4142 4
      vertex 0.413293 69.2175 4
    endloop
  endfacet
  facet normal 0 0 1
    outer loop
      vertex 1 0.267949 4
      vertex 0 2 4
      vertex 0.782476 0.413293 4
    endloop
  endfacet
  facet normal 0 0 1
    outer loop
      vertex 0 68 4
      vertex 0.413293 69.2175 4
      vertex 0.267949 69 4
    endloop
  endfacet
  facet normal 0 0 1
    outer loop
      vertex 0.782476 0.413293 4
      vertex 0 2 4
      vertex 0.585786 0.585786 4
    endloop
  endfacet
  facet normal 0 0 1
    outer loop
      vertex 0 68 4
      vertex 0.267949 69 4
      vertex 0.152241 68.7654 4
    endloop
  endfacet
  facet normal 0 0 1
    outer loop
      vertex 0.585786 0.585786 4
      vertex 0 2 4
      vertex 0.413293 0.782476 4
    endloop
  endfacet
  facet normal 0 0 1
    outer loop
      vertex 0 68 4
      vertex 0.152241 68.7654 4
      vertex 0.0681477 68.5176 4
    endloop
  endfacet
  facet normal 0 0 1
    outer loop
      vertex 0.413293 0.782476 4
      vertex 0 2 4
      vertex 0.267949 1 4
    endloop
  endfacet
  facet normal 0 0 1
    outer loop
      vertex 0 68 4
      vertex 0.0681477 68.5176 4
      vertex 0.0171099 68.2611 4
    endloop
  endfacet
  facet normal 0 0 1
    outer loop
      vertex 0.267949 1 4
      vertex 0 2 4
      vertex 0.152241 1.23463 4
    endloop
  endfacet
  facet normal 0 0 1
    outer loop
      vertex 0.152241 1.23463 4
      vertex 0 2 4
      vertex 0.0681477 1.48236 4
    endloop
  endfacet
  facet normal 0 0 1
    outer loop
      vertex 0.0681477 1.48236 4
      vertex 0 2 4
      vertex 0.0171099 1.73895 4
    endloop
  endfacet
  facet normal 0 0 1
    outer loop
      vertex 23.7905 45.1627 4
      vertex 20.6958 44.9872 4
      vertex 20.8882 44.9489 4
    endloop
  endfacet
  facet normal 0 0 1
    outer loop
      vertex 25.153 45.6252 4
      vertex 20.6958 44.9872 4
      vertex 23.7905 45.1627 4
    endloop
  endfacet
  facet normal 0 0 1
    outer loop
      vertex 20.6958 44.9872 4
      vertex 10.864 60.8137 4
      vertex 20.5 45 4
    endloop
  endfacet
  facet normal -0 0 1
    outer loop
      vertex 10.6847 60.45 4
      vertex 20.5 45 4
      vertex 10.864 60.8137 4
    endloop
  endfacet
  facet normal -0 0 1
    outer loop
      vertex 10.4594 60.1128 4
      vertex 20.5 45 4
      vertex 10.6847 60.45 4
    endloop
  endfacet
  facet normal -0 0 1
    outer loop
      vertex 10.192 59.808 4
      vertex 20.5 45 4
      vertex 10.4594 60.1128 4
    endloop
  endfacet
  facet normal -0 0 1
    outer loop
      vertex 9.88716 59.5406 4
      vertex 20.5 45 4
      vertex 10.192 59.808 4
    endloop
  endfacet
  facet normal -0 0 1
    outer loop
      vertex 9.55 59.3153 4
      vertex 20.5 45 4
      vertex 9.88716 59.5406 4
    endloop
  endfacet
  facet normal -0 0 1
    outer loop
      vertex 9.18632 59.136 4
      vertex 20.5 45 4
      vertex 9.55 59.3153 4
    endloop
  endfacet
  facet normal 0 0 1
    outer loop
      vertex 5.5 45 4
      vertex 9.18632 59.136 4
      vertex 8.80234 59.0056 4
    endloop
  endfacet
  facet normal 0 0 1
    outer loop
      vertex 5.5 45 4
      vertex 8.80234 59.0056 4
      vertex 8.40463 58.9265 4
    endloop
  endfacet
  facet normal 0 0 1
    outer loop
      vertex 5.5 45 4
      vertex 8.40463 58.9265 4
      vertex 8 58.9 4
    endloop
  endfacet
  facet normal 0 0 1
    outer loop
      vertex 5.5 45 4
      vertex 8 58.9 4
      vertex 7.59537 58.9265 4
    endloop
  endfacet
  facet normal 0 0 1
    outer loop
      vertex 5.5 45 4
      vertex 7.59537 58.9265 4
      vertex 7.19766 59.0056 4
    endloop
  endfacet
  facet normal 0 0 1
    outer loop
      vertex 5.30421 44.9872 4
      vertex 7.19766 59.0056 4
      vertex 6.81368 59.136 4
    endloop
  endfacet
  facet normal 0 0 1
    outer loop
      vertex 5.11177 44.9489 4
      vertex 6.81368 59.136 4
      vertex 6.45 59.3153 4
    endloop
  endfacet
  facet normal 0 0 1
    outer loop
      vertex 4.92597 44.8858 4
      vertex 6.45 59.3153 4
      vertex 6.11284 59.5406 4
    endloop
  endfacet
  facet normal 0 0 1
    outer loop
      vertex 4.75 44.799 4
      vertex 6.11284 59.5406 4
      vertex 5.80797 59.808 4
    endloop
  endfacet
  facet normal 0 0 1
    outer loop
      vertex 9.18632 59.136 4
      vertex 5.5 45 4
      vertex 20.5 45 4
    endloop
  endfacet
  facet normal 0 0 1
    outer loop
      vertex 4.58686 44.69 4
      vertex 5.80797 59.808 4
      vertex 5.54061 60.1128 4
    endloop
  endfacet
  facet normal 0 0 1
    outer loop
      vertex 4.58686 44.69 4
      vertex 5.54061 60.1128 4
      vertex 5.31532 60.45 4
    endloop
  endfacet
  facet normal 0 0 1
    outer loop
      vertex 7.19766 59.0056 4
      vertex 5.30421 44.9872 4
      vertex 5.5 45 4
    endloop
  endfacet
  facet normal 0 0 1
    outer loop
      vertex 4.58686 44.69 4
      vertex 5.31532 60.45 4
      vertex 5.13597 60.8137 4
    endloop
  endfacet
  facet normal 0 0 1
    outer loop
      vertex 6.81368 59.136 4
      vertex 5.11177 44.9489 4
      vertex 5.30421 44.9872 4
    endloop
  endfacet
  facet normal 0 0 1
    outer loop
      vertex 4.58686 44.69 4
      vertex 5.13597 60.8137 4
      vertex 5.00563 61.1977 4
    endloop
  endfacet
  facet normal 0 0 1
    outer loop
      vertex 4.58686 44.69 4
      vertex 5.00563 61.1977 4
      vertex 4.92652 61.5954 4
    endloop
  endfacet
  facet normal 0 0 1
    outer loop
      vertex 6.45 59.3153 4
      vertex 4.92597 44.8858 4
      vertex 5.11177 44.9489 4
    endloop
  endfacet
  facet normal 0 0 1
    outer loop
      vertex 0 68 4
      vertex 4.92652 61.5954 4
      vertex 4.9 62 4
    endloop
  endfacet
  facet normal 0 0 1
    outer loop
      vertex 6.11284 59.5406 4
      vertex 4.75 44.799 4
      vertex 4.92597 44.8858 4
    endloop
  endfacet
  facet normal -0.442293 -0.896871 0
    outer loop
      vertex 1 0.267949 0
      vertex 1.23463 0.152241 4
      vertex 1 0.267949 4
    endloop
  endfacet
  facet normal -0.442293 -0.896871 -0
    outer loop
      vertex 1.23463 0.152241 4
      vertex 1 0.267949 0
      vertex 1.23463 0.152241 0
    endloop
  endfacet
  facet normal 0.55561 -0.831443 0
    outer loop
      vertex 89 0.267949 0
      vertex 89.2175 0.413293 4
      vertex 89 0.267949 4
    endloop
  endfacet
  facet normal 0.55561 -0.831443 0
    outer loop
      vertex 89.2175 0.413293 4
      vertex 89 0.267949 0
      vertex 89.2175 0.413293 0
    endloop
  endfacet
  facet normal 0.195013 0.980801 -0
    outer loop
      vertex 88.5176 69.9319 0
      vertex 88.2611 69.9829 4
      vertex 88.5176 69.9319 4
    endloop
  endfacet
  facet normal 0.195013 0.980801 0
    outer loop
      vertex 88.2611 69.9829 4
      vertex 88.5176 69.9319 0
      vertex 88.2611 69.9829 0
    endloop
  endfacet
  facet normal 0.442621 0.896709 -0
    outer loop
      vertex 89 69.732 0
      vertex 88.7654 69.8478 4
      vertex 89 69.732 4
    endloop
  endfacet
  facet normal 0.442621 0.896709 0
    outer loop
      vertex 88.7654 69.8478 4
      vertex 89 69.732 0
      vertex 88.7654 69.8478 0
    endloop
  endfacet
  facet normal 0.0653521 0.997862 -0
    outer loop
      vertex 88.2611 69.9829 0
      vertex 88 70 4
      vertex 88.2611 69.9829 4
    endloop
  endfacet
  facet normal 0.0653521 0.997862 0
    outer loop
      vertex 88 70 4
      vertex 88.2611 69.9829 0
      vertex 88 70 0
    endloop
  endfacet
  facet normal -0.0654023 -0.997859 0
    outer loop
      vertex 1.73895 0.0171099 0
      vertex 2 0 4
      vertex 1.73895 0.0171099 4
    endloop
  endfacet
  facet normal -0.0654023 -0.997859 -0
    outer loop
      vertex 2 0 4
      vertex 1.73895 0.0171099 0
      vertex 2 0 0
    endloop
  endfacet
  facet normal -0.555568 -0.831471 0
    outer loop
      vertex 0.782476 0.413293 0
      vertex 1 0.267949 4
      vertex 0.782476 0.413293 4
    endloop
  endfacet
  facet normal -0.555568 -0.831471 -0
    outer loop
      vertex 1 0.267949 4
      vertex 0.782476 0.413293 0
      vertex 1 0.267949 0
    endloop
  endfacet
  facet normal -0.831471 -0.555568 0
    outer loop
      vertex 0.413293 0.782476 0
      vertex 0.267949 1 4
      vertex 0.267949 1 0
    endloop
  endfacet
  facet normal -0.831471 -0.555568 0
    outer loop
      vertex 0.267949 1 4
      vertex 0.413293 0.782476 0
      vertex 0.413293 0.782476 4
    endloop
  endfacet
  facet normal 0.997862 0.0653521 0
    outer loop
      vertex 90 68 4
      vertex 89.9829 68.2611 0
      vertex 89.9829 68.2611 4
    endloop
  endfacet
  facet normal 0.997862 0.0653521 0
    outer loop
      vertex 89.9829 68.2611 0
      vertex 90 68 4
      vertex 90 68 0
    endloop
  endfacet
  facet normal -0.751855 0.659328 0
    outer loop
      vertex 0.413293 69.2175 0
      vertex 0.585786 69.4142 4
      vertex 0.585786 69.4142 0
    endloop
  endfacet
  facet normal -0.751855 0.659328 0
    outer loop
      vertex 0.585786 69.4142 4
      vertex 0.413293 69.2175 0
      vertex 0.413293 69.2175 4
    endloop
  endfacet
  facet normal -0.831443 0.55561 0
    outer loop
      vertex 0.267949 69 0
      vertex 0.413293 69.2175 4
      vertex 0.413293 69.2175 0
    endloop
  endfacet
  facet normal -0.831443 0.55561 0
    outer loop
      vertex 0.413293 69.2175 4
      vertex 0.267949 69 0
      vertex 0.267949 69 4
    endloop
  endfacet
  facet normal -0.195086 -0.980786 0
    outer loop
      vertex 1.48236 0.0681477 0
      vertex 1.73895 0.0171099 4
      vertex 1.48236 0.0681477 4
    endloop
  endfacet
  facet normal -0.195086 -0.980786 -0
    outer loop
      vertex 1.73895 0.0171099 4
      vertex 1.48236 0.0681477 0
      vertex 1.73895 0.0171099 0
    endloop
  endfacet
  facet normal -0.751839 -0.659347 0
    outer loop
      vertex 0.585786 0.585786 0
      vertex 0.413293 0.782476 4
      vertex 0.413293 0.782476 0
    endloop
  endfacet
  facet normal -0.751839 -0.659347 0
    outer loop
      vertex 0.413293 0.782476 4
      vertex 0.585786 0.585786 0
      vertex 0.585786 0.585786 4
    endloop
  endfacet
  facet normal 0.659343 0.751842 -0
    outer loop
      vertex 89.4142 69.4142 0
      vertex 89.2175 69.5867 4
      vertex 89.4142 69.4142 4
    endloop
  endfacet
  facet normal 0.659343 0.751842 0
    outer loop
      vertex 89.2175 69.5867 4
      vertex 89.4142 69.4142 0
      vertex 89.2175 69.5867 0
    endloop
  endfacet
  facet normal 0.980801 0.195013 0
    outer loop
      vertex 89.9829 68.2611 4
      vertex 89.9319 68.5176 0
      vertex 89.9319 68.5176 4
    endloop
  endfacet
  facet normal 0.980801 0.195013 0
    outer loop
      vertex 89.9319 68.5176 0
      vertex 89.9829 68.2611 4
      vertex 89.9829 68.2611 0
    endloop
  endfacet
  facet normal -0.99786 0.0653898 0
    outer loop
      vertex 0 68 0
      vertex 0.0171099 68.2611 4
      vertex 0.0171099 68.2611 0
    endloop
  endfacet
  facet normal -0.99786 0.0653898 0
    outer loop
      vertex 0.0171099 68.2611 4
      vertex 0 68 0
      vertex 0 68 4
    endloop
  endfacet
  facet normal -0.194947 0.980814 0
    outer loop
      vertex 1.73895 69.9829 0
      vertex 1.48236 69.9319 4
      vertex 1.73895 69.9829 4
    endloop
  endfacet
  facet normal -0.194947 0.980814 0
    outer loop
      vertex 1.48236 69.9319 4
      vertex 1.73895 69.9829 0
      vertex 1.48236 69.9319 0
    endloop
  endfacet
  facet normal -0.896871 -0.442293 0
    outer loop
      vertex 0.267949 1 0
      vertex 0.152241 1.23463 4
      vertex 0.152241 1.23463 0
    endloop
  endfacet
  facet normal -0.896871 -0.442293 0
    outer loop
      vertex 0.152241 1.23463 4
      vertex 0.267949 1 0
      vertex 0.267949 1 4
    endloop
  endfacet
  facet normal 0.751842 0.659343 0
    outer loop
      vertex 89.5867 69.2175 4
      vertex 89.4142 69.4142 0
      vertex 89.4142 69.4142 4
    endloop
  endfacet
  facet normal 0.751842 0.659343 0
    outer loop
      vertex 89.4142 69.4142 0
      vertex 89.5867 69.2175 4
      vertex 89.5867 69.2175 0
    endloop
  endfacet
  facet normal 0.321359 -0.946957 0
    outer loop
      vertex 88.5176 0.0681477 0
      vertex 88.7654 0.152241 4
      vertex 88.5176 0.0681477 4
    endloop
  endfacet
  facet normal 0.321359 -0.946957 0
    outer loop
      vertex 88.7654 0.152241 4
      vertex 88.5176 0.0681477 0
      vertex 88.7654 0.152241 0
    endloop
  endfacet
  facet normal -0.555452 0.831549 0
    outer loop
      vertex 1 69.732 0
      vertex 0.782476 69.5867 4
      vertex 1 69.732 4
    endloop
  endfacet
  facet normal -0.555452 0.831549 0
    outer loop
      vertex 0.782476 69.5867 4
      vertex 1 69.732 0
      vertex 0.782476 69.5867 0
    endloop
  endfacet
  facet normal -0.442575 0.896731 0
    outer loop
      vertex 1.23463 69.8478 0
      vertex 1 69.732 4
      vertex 1.23463 69.8478 4
    endloop
  endfacet
  facet normal -0.442575 0.896731 0
    outer loop
      vertex 1 69.732 4
      vertex 1.23463 69.8478 0
      vertex 1 69.732 0
    endloop
  endfacet
  facet normal -0.980773 0.195152 0
    outer loop
      vertex 0.0171099 68.2611 0
      vertex 0.0681477 68.5176 4
      vertex 0.0681477 68.5176 0
    endloop
  endfacet
  facet normal -0.980773 0.195152 0
    outer loop
      vertex 0.0681477 68.5176 4
      vertex 0.0171099 68.2611 0
      vertex 0.0171099 68.2611 4
    endloop
  endfacet
  facet normal -0.896848 0.442338 0
    outer loop
      vertex 0.152241 68.7654 0
      vertex 0.267949 69 4
      vertex 0.267949 69 0
    endloop
  endfacet
  facet normal -0.896848 0.442338 0
    outer loop
      vertex 0.267949 69 4
      vertex 0.152241 68.7654 0
      vertex 0.152241 68.7654 4
    endloop
  endfacet
  facet normal 0 0 -1
    outer loop
      vertex 20.8882 44.9489 0
      vertex 9.63588 61.7846 0
      vertex 9.65 62 0
    endloop
  endfacet
  facet normal 0 0 -1
    outer loop
      vertex 20.6958 44.9872 0
      vertex 9.59378 61.5729 0
      vertex 9.63588 61.7846 0
    endloop
  endfacet
  facet normal 0 0 -1
    outer loop
      vertex 20.5 45 0
      vertex 9.5244 61.3686 0
      vertex 9.59378 61.5729 0
    endloop
  endfacet
  facet normal 0 0 -1
    outer loop
      vertex 20.5 45 0
      vertex 9.42894 61.175 0
      vertex 9.5244 61.3686 0
    endloop
  endfacet
  facet normal 0 0 -1
    outer loop
      vertex 20.5 45 0
      vertex 9.30903 60.9955 0
      vertex 9.42894 61.175 0
    endloop
  endfacet
  facet normal 0 0 -1
    outer loop
      vertex 20.5 45 0
      vertex 9.16673 60.8333 0
      vertex 9.30903 60.9955 0
    endloop
  endfacet
  facet normal 0 0 -1
    outer loop
      vertex 20.5 45 0
      vertex 9.00446 60.691 0
      vertex 9.16673 60.8333 0
    endloop
  endfacet
  facet normal 0 0 -1
    outer loop
      vertex 20.5 45 0
      vertex 8.825 60.5711 0
      vertex 9.00446 60.691 0
    endloop
  endfacet
  facet normal 0 0 -1
    outer loop
      vertex 20.5 45 0
      vertex 8.63143 60.4756 0
      vertex 8.825 60.5711 0
    endloop
  endfacet
  facet normal 0 0 -1
    outer loop
      vertex 5.5 45 0
      vertex 8.63143 60.4756 0
      vertex 20.5 45 0
    endloop
  endfacet
  facet normal 0 0 -1
    outer loop
      vertex 8.63143 60.4756 0
      vertex 5.5 45 0
      vertex 8.42705 60.4062 0
    endloop
  endfacet
  facet normal 0 0 -1
    outer loop
      vertex 8.42705 60.4062 0
      vertex 5.5 45 0
      vertex 8.21537 60.3641 0
    endloop
  endfacet
  facet normal 0 0 -1
    outer loop
      vertex 8.21537 60.3641 0
      vertex 5.5 45 0
      vertex 8 60.35 0
    endloop
  endfacet
  facet normal -0 0 -1
    outer loop
      vertex 8 60.35 0
      vertex 5.5 45 0
      vertex 7.78463 60.3641 0
    endloop
  endfacet
  facet normal -0 0 -1
    outer loop
      vertex 7.78463 60.3641 0
      vertex 5.5 45 0
      vertex 7.57295 60.4062 0
    endloop
  endfacet
  facet normal -0 0 -1
    outer loop
      vertex 7.57295 60.4062 0
      vertex 5.5 45 0
      vertex 7.36857 60.4756 0
    endloop
  endfacet
  facet normal 0 0 -1
    outer loop
      vertex 5.30421 44.9872 0
      vertex 7.36857 60.4756 0
      vertex 5.5 45 0
    endloop
  endfacet
  facet normal -0 0 -1
    outer loop
      vertex 7.36857 60.4756 0
      vertex 5.30421 44.9872 0
      vertex 7.175 60.5711 0
    endloop
  endfacet
  facet normal 0 0 -1
    outer loop
      vertex 5.11177 44.9489 0
      vertex 7.175 60.5711 0
      vertex 5.30421 44.9872 0
    endloop
  endfacet
  facet normal 0 0 -1
    outer loop
      vertex 4.58686 44.69 0
      vertex 6.69097 60.9955 0
      vertex 4.75 44.799 0
    endloop
  endfacet
  facet normal -0 0 -1
    outer loop
      vertex 6.83327 60.8333 0
      vertex 4.75 44.799 0
      vertex 6.69097 60.9955 0
    endloop
  endfacet
  facet normal 0 0 -1
    outer loop
      vertex 4.75 44.799 0
      vertex 6.83327 60.8333 0
      vertex 4.92597 44.8858 0
    endloop
  endfacet
  facet normal -0 0 -1
    outer loop
      vertex 6.99554 60.691 0
      vertex 4.92597 44.8858 0
      vertex 6.83327 60.8333 0
    endloop
  endfacet
  facet normal 0 0 -1
    outer loop
      vertex 4.92597 44.8858 0
      vertex 6.99554 60.691 0
      vertex 5.11177 44.9489 0
    endloop
  endfacet
  facet normal -0 0 -1
    outer loop
      vertex 7.175 60.5711 0
      vertex 5.11177 44.9489 0
      vertex 6.99554 60.691 0
    endloop
  endfacet
  facet normal 0 0 -1
    outer loop
      vertex 83.5244 8.63143 0
      vertex 90 2 0
      vertex 83.5938 8.42705 0
    endloop
  endfacet
  facet normal 0 0 -1
    outer loop
      vertex 90 68 0
      vertex 83.6359 61.7846 0
      vertex 83.65 62 0
    endloop
  endfacet
  facet normal 0 0 -1
    outer loop
      vertex 83.4289 8.825 0
      vertex 90 2 0
      vertex 83.5244 8.63143 0
    endloop
  endfacet
  facet normal 0 0 -1
    outer loop
      vertex 90 68 0
      vertex 83.5938 61.5729 0
      vertex 83.6359 61.7846 0
    endloop
  endfacet
  facet normal 0 0 -1
    outer loop
      vertex 83.309 9.00446 0
      vertex 90 2 0
      vertex 83.4289 8.825 0
    endloop
  endfacet
  facet normal 0 0 -1
    outer loop
      vertex 90 68 0
      vertex 83.5244 61.3686 0
      vertex 83.5938 61.5729 0
    endloop
  endfacet
  facet normal 0 0 -1
    outer loop
      vertex 90 2 0
      vertex 83.309 9.00446 0
      vertex 90 68 0
    endloop
  endfacet
  facet normal 0 0 -1
    outer loop
      vertex 90 68 0
      vertex 83.4289 61.175 0
      vertex 83.5244 61.3686 0
    endloop
  endfacet
  facet normal 0 0 -1
    outer loop
      vertex 83.309 60.9955 0
      vertex 90 68 0
      vertex 83.309 9.00446 0
    endloop
  endfacet
  facet normal 0 0 -1
    outer loop
      vertex 90 68 0
      vertex 83.309 60.9955 0
      vertex 83.4289 61.175 0
    endloop
  endfacet
  facet normal 0 0 -1
    outer loop
      vertex 83.1667 9.16673 0
      vertex 83.309 60.9955 0
      vertex 83.309 9.00446 0
    endloop
  endfacet
  facet normal 0 0 -1
    outer loop
      vertex 83.1667 9.16673 0
      vertex 83.1667 60.8333 0
      vertex 83.309 60.9955 0
    endloop
  endfacet
  facet normal 0 0 -1
    outer loop
      vertex 83.0045 9.30903 0
      vertex 83.1667 60.8333 0
      vertex 83.1667 9.16673 0
    endloop
  endfacet
  facet normal 0 0 -1
    outer loop
      vertex 83.0045 9.30903 0
      vertex 83.0045 60.691 0
      vertex 83.1667 60.8333 0
    endloop
  endfacet
  facet normal 0 0 -1
    outer loop
      vertex 82.825 9.42894 0
      vertex 83.0045 60.691 0
      vertex 83.0045 9.30903 0
    endloop
  endfacet
  facet normal 0 0 -1
    outer loop
      vertex 82.825 9.42894 0
      vertex 82.825 60.5711 0
      vertex 83.0045 60.691 0
    endloop
  endfacet
  facet normal 0 0 -1
    outer loop
      vertex 82.6314 9.5244 0
      vertex 82.825 60.5711 0
      vertex 82.825 9.42894 0
    endloop
  endfacet
  facet normal 0 0 -1
    outer loop
      vertex 82.6314 9.5244 0
      vertex 82.6314 60.4756 0
      vertex 82.825 60.5711 0
    endloop
  endfacet
  facet normal 0 0 -1
    outer loop
      vertex 82.427 9.59378 0
      vertex 82.6314 60.4756 0
      vertex 82.6314 9.5244 0
    endloop
  endfacet
  facet normal 0 0 -1
    outer loop
      vertex 82.427 9.59378 0
      vertex 82.427 60.4062 0
      vertex 82.6314 60.4756 0
    endloop
  endfacet
  facet normal 0 0 -1
    outer loop
      vertex 82.2154 9.63588 0
      vertex 82.427 60.4062 0
      vertex 82.427 9.59378 0
    endloop
  endfacet
  facet normal 0 0 -1
    outer loop
      vertex 82.2154 9.63588 0
      vertex 82.2154 60.3641 0
      vertex 82.427 60.4062 0
    endloop
  endfacet
  facet normal 0 0 -1
    outer loop
      vertex 82 9.65 0
      vertex 82.2154 60.3641 0
      vertex 82.2154 9.63588 0
    endloop
  endfacet
  facet normal 0 0 -1
    outer loop
      vertex 82 9.65 0
      vertex 82 60.35 0
      vertex 82.2154 60.3641 0
    endloop
  endfacet
  facet normal 0 0 -1
    outer loop
      vertex 81.7846 9.63588 0
      vertex 82 60.35 0
      vertex 82 9.65 0
    endloop
  endfacet
  facet normal 0 0 -1
    outer loop
      vertex 81.7846 9.63588 0
      vertex 81.7846 60.3641 0
      vertex 82 60.35 0
    endloop
  endfacet
  facet normal 0 0 -1
    outer loop
      vertex 52.25 35 0
      vertex 81.7846 9.63588 0
      vertex 81.573 9.59378 0
    endloop
  endfacet
  facet normal 0 0 -1
    outer loop
      vertex 81.7846 9.63588 0
      vertex 52.25 35 0
      vertex 81.7846 60.3641 0
    endloop
  endfacet
  facet normal 0 0 -1
    outer loop
      vertex 52.2393 34.8368 0
      vertex 81.573 9.59378 0
      vertex 81.3686 9.5244 0
    endloop
  endfacet
  facet normal -0 0 -1
    outer loop
      vertex 81.7846 60.3641 0
      vertex 52.25 35 0
      vertex 81.573 60.4062 0
    endloop
  endfacet
  facet normal 0 0 -1
    outer loop
      vertex 52.2074 34.6765 0
      vertex 81.3686 9.5244 0
      vertex 81.175 9.42894 0
    endloop
  endfacet
  facet normal 0 0 -1
    outer loop
      vertex 52.2393 35.1632 0
      vertex 81.573 60.4062 0
      vertex 52.25 35 0
    endloop
  endfacet
  facet normal 0 0 -1
    outer loop
      vertex 52.1549 34.5216 0
      vertex 81.175 9.42894 0
      vertex 80.9955 9.30903 0
    endloop
  endfacet
  facet normal -0 0 -1
    outer loop
      vertex 81.573 60.4062 0
      vertex 52.2393 35.1632 0
      vertex 81.3686 60.4756 0
    endloop
  endfacet
  facet normal 0 0 -1
    outer loop
      vertex 52.0825 34.375 0
      vertex 80.9955 9.30903 0
      vertex 80.8333 9.16673 0
    endloop
  endfacet
  facet normal 0 0 -1
    outer loop
      vertex 52.2074 35.3235 0
      vertex 81.3686 60.4756 0
      vertex 52.2393 35.1632 0
    endloop
  endfacet
  facet normal 0 0 -1
    outer loop
      vertex 51.9917 34.239 0
      vertex 80.8333 9.16673 0
      vertex 80.691 9.00446 0
    endloop
  endfacet
  facet normal -0 0 -1
    outer loop
      vertex 81.3686 60.4756 0
      vertex 52.2074 35.3235 0
      vertex 81.175 60.5711 0
    endloop
  endfacet
  facet normal 0 0 -1
    outer loop
      vertex 51.8839 34.1161 0
      vertex 80.691 9.00446 0
      vertex 80.5711 8.825 0
    endloop
  endfacet
  facet normal 0 0 -1
    outer loop
      vertex 52.1549 35.4784 0
      vertex 81.175 60.5711 0
      vertex 52.2074 35.3235 0
    endloop
  endfacet
  facet normal 0 0 -1
    outer loop
      vertex 51.761 34.0083 0
      vertex 80.5711 8.825 0
      vertex 80.4756 8.63143 0
    endloop
  endfacet
  facet normal -0 0 -1
    outer loop
      vertex 81.175 60.5711 0
      vertex 52.1549 35.4784 0
      vertex 80.9955 60.691 0
    endloop
  endfacet
  facet normal 0 0 -1
    outer loop
      vertex 51.625 33.9175 0
      vertex 80.4756 8.63143 0
      vertex 80.4062 8.42705 0
    endloop
  endfacet
  facet normal 0 0 -1
    outer loop
      vertex 52.0825 35.625 0
      vertex 80.9955 60.691 0
      vertex 52.1549 35.4784 0
    endloop
  endfacet
  facet normal 0 0 -1
    outer loop
      vertex 51.4784 33.8451 0
      vertex 80.4062 8.42705 0
      vertex 80.3641 8.21537 0
    endloop
  endfacet
  facet normal -0 0 -1
    outer loop
      vertex 80.9955 60.691 0
      vertex 52.0825 35.625 0
      vertex 80.8333 60.8333 0
    endloop
  endfacet
  facet normal 0 0 -1
    outer loop
      vertex 51.3235 33.7926 0
      vertex 80.3641 8.21537 0
      vertex 80.35 8 0
    endloop
  endfacet
  facet normal 0 0 -1
    outer loop
      vertex 51.9917 35.761 0
      vertex 80.8333 60.8333 0
      vertex 52.0825 35.625 0
    endloop
  endfacet
  facet normal 0 0 -1
    outer loop
      vertex 88 0 0
      vertex 90 2 0
      vertex 89.9829 1.73895 0
    endloop
  endfacet
  facet normal 0 0 -1
    outer loop
      vertex 83.6359 8.21537 0
      vertex 90 2 0
      vertex 83.65 8 0
    endloop
  endfacet
  facet normal 0 0 -1
    outer loop
      vertex 88 0 0
      vertex 89.9829 1.73895 0
      vertex 89.9319 1.48236 0
    endloop
  endfacet
  facet normal 0 0 -1
    outer loop
      vertex 83.5938 8.42705 0
      vertex 90 2 0
      vertex 83.6359 8.21537 0
    endloop
  endfacet
  facet normal 0 0 -1
    outer loop
      vertex 88 0 0
      vertex 89.9319 1.48236 0
      vertex 89.8478 1.23463 0
    endloop
  endfacet
  facet normal 0 0 -1
    outer loop
      vertex 83.6359 62.2154 0
      vertex 90 68 0
      vertex 83.65 62 0
    endloop
  endfacet
  facet normal 0 0 -1
    outer loop
      vertex 88 0 0
      vertex 89.8478 1.23463 0
      vertex 89.732 1 0
    endloop
  endfacet
  facet normal 0 0 -1
    outer loop
      vertex 83.5938 62.4271 0
      vertex 90 68 0
      vertex 83.6359 62.2154 0
    endloop
  endfacet
  facet normal 0 0 -1
    outer loop
      vertex 88 0 0
      vertex 89.732 1 0
      vertex 89.5867 0.782476 0
    endloop
  endfacet
  facet normal 0 0 -1
    outer loop
      vertex 83.5244 62.6314 0
      vertex 90 68 0
      vertex 83.5938 62.4271 0
    endloop
  endfacet
  facet normal 0 0 -1
    outer loop
      vertex 88 0 0
      vertex 89.5867 0.782476 0
      vertex 89.4142 0.585786 0
    endloop
  endfacet
  facet normal 0 0 -1
    outer loop
      vertex 83.4289 62.825 0
      vertex 90 68 0
      vertex 83.5244 62.6314 0
    endloop
  endfacet
  facet normal 0 0 -1
    outer loop
      vertex 88 0 0
      vertex 89.4142 0.585786 0
      vertex 89.2175 0.413293 0
    endloop
  endfacet
  facet normal 0 0 -1
    outer loop
      vertex 83.309 63.0045 0
      vertex 90 68 0
      vertex 83.4289 62.825 0
    endloop
  endfacet
  facet normal 0 0 -1
    outer loop
      vertex 88 0 0
      vertex 89.2175 0.413293 0
      vertex 89 0.267949 0
    endloop
  endfacet
  facet normal 0 0 -1
    outer loop
      vertex 83.1667 63.1667 0
      vertex 90 68 0
      vertex 83.309 63.0045 0
    endloop
  endfacet
  facet normal 0 0 -1
    outer loop
      vertex 88 0 0
      vertex 89 0.267949 0
      vertex 88.7654 0.152241 0
    endloop
  endfacet
  facet normal 0 -0 -1
    outer loop
      vertex 88 70 0
      vertex 90 68 0
      vertex 83.1667 63.1667 0
    endloop
  endfacet
  facet normal 0 0 -1
    outer loop
      vertex 88 0 0
      vertex 88.7654 0.152241 0
      vertex 88.5176 0.0681477 0
    endloop
  endfacet
  facet normal 0 0 -1
    outer loop
      vertex 90 68 0
      vertex 88 70 0
      vertex 89.9829 68.2611 0
    endloop
  endfacet
  facet normal 0 0 -1
    outer loop
      vertex 88 0 0
      vertex 88.5176 0.0681477 0
      vertex 88.2611 0.0171099 0
    endloop
  endfacet
  facet normal 0 0 -1
    outer loop
      vertex 89.9319 68.5176 0
      vertex 88 70 0
      vertex 89.8478 68.7654 0
    endloop
  endfacet
  facet normal -0 0 -1
    outer loop
      vertex 90 2 0
      vertex 88 0 0
      vertex 83.1667 6.83327 0
    endloop
  endfacet
  facet normal 0 0 -1
    outer loop
      vertex 89.8478 68.7654 0
      vertex 88 70 0
      vertex 89.732 69 0
    endloop
  endfacet
  facet normal 0 0 -1
    outer loop
      vertex 89.732 69 0
      vertex 88 70 0
      vertex 89.5867 69.2175 0
    endloop
  endfacet
  facet normal 0 0 -1
    outer loop
      vertex 90 2 0
      vertex 83.6359 7.78463 0
      vertex 83.65 8 0
    endloop
  endfacet
  facet normal 0 0 -1
    outer loop
      vertex 90 2 0
      vertex 83.5938 7.57295 0
      vertex 83.6359 7.78463 0
    endloop
  endfacet
  facet normal 0 0 -1
    outer loop
      vertex 90 2 0
      vertex 83.5244 7.36857 0
      vertex 83.5938 7.57295 0
    endloop
  endfacet
  facet normal 0 0 -1
    outer loop
      vertex 90 2 0
      vertex 83.4289 7.175 0
      vertex 83.5244 7.36857 0
    endloop
  endfacet
  facet normal 0 0 -1
    outer loop
      vertex 90 2 0
      vertex 83.309 6.99554 0
      vertex 83.4289 7.175 0
    endloop
  endfacet
  facet normal 0 0 -1
    outer loop
      vertex 90 2 0
      vertex 83.1667 6.83327 0
      vertex 83.309 6.99554 0
    endloop
  endfacet
  facet normal 0 0 -1
    outer loop
      vertex 88 0 0
      vertex 83.0045 6.69097 0
      vertex 83.1667 6.83327 0
    endloop
  endfacet
  facet normal 0 0 -1
    outer loop
      vertex 88 0 0
      vertex 82.825 6.57106 0
      vertex 83.0045 6.69097 0
    endloop
  endfacet
  facet normal 0 0 -1
    outer loop
      vertex 88 0 0
      vertex 82.6314 6.4756 0
      vertex 82.825 6.57106 0
    endloop
  endfacet
  facet normal 0 0 -1
    outer loop
      vertex 88 0 0
      vertex 82.427 6.40622 0
      vertex 82.6314 6.4756 0
    endloop
  endfacet
  facet normal 0 0 -1
    outer loop
      vertex 88 0 0
      vertex 82.2154 6.36412 0
      vertex 82.427 6.40622 0
    endloop
  endfacet
  facet normal 0 0 -1
    outer loop
      vertex 88 0 0
      vertex 82 6.35 0
      vertex 82.2154 6.36412 0
    endloop
  endfacet
  facet normal 0 0 -1
    outer loop
      vertex 88 0 0
      vertex 81.7846 6.36412 0
      vertex 82 6.35 0
    endloop
  endfacet
  facet normal 0 0 -1
    outer loop
      vertex 88 0 0
      vertex 81.573 6.40622 0
      vertex 81.7846 6.36412 0
    endloop
  endfacet
  facet normal 0 0 -1
    outer loop
      vertex 88 0 0
      vertex 81.3686 6.4756 0
      vertex 81.573 6.40622 0
    endloop
  endfacet
  facet normal 0 0 -1
    outer loop
      vertex 88 0 0
      vertex 81.175 6.57106 0
      vertex 81.3686 6.4756 0
    endloop
  endfacet
  facet normal 0 0 -1
    outer loop
      vertex 88 0 0
      vertex 80.9955 6.69097 0
      vertex 81.175 6.57106 0
    endloop
  endfacet
  facet normal 0 0 -1
    outer loop
      vertex 9.00446 6.69097 0
      vertex 80.9955 6.69097 0
      vertex 88 0 0
    endloop
  endfacet
  facet normal -0 0 -1
    outer loop
      vertex 80.8333 60.8333 0
      vertex 51.9917 35.761 0
      vertex 80.691 60.9955 0
    endloop
  endfacet
  facet normal 0 0 -1
    outer loop
      vertex 51.1632 33.7607 0
      vertex 80.35 8 0
      vertex 80.3641 7.78463 0
    endloop
  endfacet
  facet normal 0 0 -1
    outer loop
      vertex 51 33.75 0
      vertex 80.3641 7.78463 0
      vertex 80.4062 7.57295 0
    endloop
  endfacet
  facet normal 0 0 -1
    outer loop
      vertex 9.59378 7.57295 0
      vertex 80.4062 7.57295 0
      vertex 80.4756 7.36857 0
    endloop
  endfacet
  facet normal 0 0 -1
    outer loop
      vertex 9.5244 7.36857 0
      vertex 80.4756 7.36857 0
      vertex 80.5711 7.175 0
    endloop
  endfacet
  facet normal 0 0 -1
    outer loop
      vertex 9.42894 7.175 0
      vertex 80.5711 7.175 0
      vertex 80.691 6.99554 0
    endloop
  endfacet
  facet normal 0 0 -1
    outer loop
      vertex 9.30903 6.99554 0
      vertex 80.691 6.99554 0
      vertex 80.8333 6.83327 0
    endloop
  endfacet
  facet normal 0 0 -1
    outer loop
      vertex 81.573 9.59378 0
      vertex 52.2393 34.8368 0
      vertex 52.25 35 0
    endloop
  endfacet
  facet normal 0 0 -1
    outer loop
      vertex 81.3686 9.5244 0
      vertex 52.2074 34.6765 0
      vertex 52.2393 34.8368 0
    endloop
  endfacet
  facet normal 0 0 -1
    outer loop
      vertex 81.175 9.42894 0
      vertex 52.1549 34.5216 0
      vertex 52.2074 34.6765 0
    endloop
  endfacet
  facet normal 0 0 -1
    outer loop
      vertex 80.9955 9.30903 0
      vertex 52.0825 34.375 0
      vertex 52.1549 34.5216 0
    endloop
  endfacet
  facet normal 0 0 -1
    outer loop
      vertex 80.8333 9.16673 0
      vertex 51.9917 34.239 0
      vertex 52.0825 34.375 0
    endloop
  endfacet
  facet normal 0 0 -1
    outer loop
      vertex 80.9955 6.69097 0
      vertex 9.00446 6.69097 0
      vertex 80.8333 6.83327 0
    endloop
  endfacet
  facet normal 0 0 -1
    outer loop
      vertex 80.691 9.00446 0
      vertex 51.8839 34.1161 0
      vertex 51.9917 34.239 0
    endloop
  endfacet
  facet normal 0 0 -1
    outer loop
      vertex 80.5711 8.825 0
      vertex 51.761 34.0083 0
      vertex 51.8839 34.1161 0
    endloop
  endfacet
  facet normal 0 0 -1
    outer loop
      vertex 80.4756 8.63143 0
      vertex 51.625 33.9175 0
      vertex 51.761 34.0083 0
    endloop
  endfacet
  facet normal 0 0 -1
    outer loop
      vertex 80.4062 8.42705 0
      vertex 51.4784 33.8451 0
      vertex 51.625 33.9175 0
    endloop
  endfacet
  facet normal 0 0 -1
    outer loop
      vertex 80.3641 8.21537 0
      vertex 51.3235 33.7926 0
      vertex 51.4784 33.8451 0
    endloop
  endfacet
  facet normal 0 0 -1
    outer loop
      vertex 80.35 8 0
      vertex 51.1632 33.7607 0
      vertex 51.3235 33.7926 0
    endloop
  endfacet
  facet normal 0 0 -1
    outer loop
      vertex 80.3641 7.78463 0
      vertex 51 33.75 0
      vertex 51.1632 33.7607 0
    endloop
  endfacet
  facet normal 0 0 -1
    outer loop
      vertex 80.4062 7.57295 0
      vertex 50.8368 33.7607 0
      vertex 51 33.75 0
    endloop
  endfacet
  facet normal 0 0 -1
    outer loop
      vertex 80.4756 7.36857 0
      vertex 9.5244 7.36857 0
      vertex 9.59378 7.57295 0
    endloop
  endfacet
  facet normal 0 0 -1
    outer loop
      vertex 80.4062 7.57295 0
      vertex 9.59378 7.57295 0
      vertex 31.4073 31.1197 0
    endloop
  endfacet
  facet normal 0 0 -1
    outer loop
      vertex 80.4062 7.57295 0
      vertex 31.4073 31.1197 0
      vertex 50.8368 33.7607 0
    endloop
  endfacet
  facet normal -0 0 -1
    outer loop
      vertex 50.8368 33.7607 0
      vertex 31.4073 31.1197 0
      vertex 50.6765 33.7926 0
    endloop
  endfacet
  facet normal -0 0 -1
    outer loop
      vertex 50.6765 33.7926 0
      vertex 31.9 31.3627 0
      vertex 50.5216 33.8451 0
    endloop
  endfacet
  facet normal 0 0 -1
    outer loop
      vertex 49.7607 34.8368 0
      vertex 34 35 0
      vertex 49.75 35 0
    endloop
  endfacet
  facet normal 0 0 -1
    outer loop
      vertex 33.9641 34.4518 0
      vertex 49.7607 34.8368 0
      vertex 49.7926 34.6765 0
    endloop
  endfacet
  facet normal 0 0 -1
    outer loop
      vertex 33.8569 33.913 0
      vertex 49.7926 34.6765 0
      vertex 49.8451 34.5216 0
    endloop
  endfacet
  facet normal 0 0 -1
    outer loop
      vertex 33.6803 33.3927 0
      vertex 49.8451 34.5216 0
      vertex 49.9175 34.375 0
    endloop
  endfacet
  facet normal 0 0 -1
    outer loop
      vertex 33.6803 33.3927 0
      vertex 49.9175 34.375 0
      vertex 50.0083 34.239 0
    endloop
  endfacet
  facet normal 0 0 -1
    outer loop
      vertex 33.4373 32.9 0
      vertex 50.0083 34.239 0
      vertex 50.1161 34.1161 0
    endloop
  endfacet
  facet normal 0 -0 -1
    outer loop
      vertex 32.3568 31.6679 0
      vertex 50.5216 33.8451 0
      vertex 31.9 31.3627 0
    endloop
  endfacet
  facet normal -0 0 -1
    outer loop
      vertex 49.7607 34.8368 0
      vertex 33.9641 34.4518 0
      vertex 34 35 0
    endloop
  endfacet
  facet normal 0 0 -1
    outer loop
      vertex 49.7926 34.6765 0
      vertex 33.8569 33.913 0
      vertex 33.9641 34.4518 0
    endloop
  endfacet
  facet normal 0 0 -1
    outer loop
      vertex 49.8451 34.5216 0
      vertex 33.6803 33.3927 0
      vertex 33.8569 33.913 0
    endloop
  endfacet
  facet normal 0 0 -1
    outer loop
      vertex 50.0083 34.239 0
      vertex 33.4373 32.9 0
      vertex 33.6803 33.3927 0
    endloop
  endfacet
  facet normal 0 0 -1
    outer loop
      vertex 50.1161 34.1161 0
      vertex 33.1321 32.4432 0
      vertex 33.4373 32.9 0
    endloop
  endfacet
  facet normal -0 0 -1
    outer loop
      vertex 50.239 34.0083 0
      vertex 33.1321 32.4432 0
      vertex 50.1161 34.1161 0
    endloop
  endfacet
  facet normal 0 -0 -1
    outer loop
      vertex 33.1321 32.4432 0
      vertex 50.239 34.0083 0
      vertex 32.7698 32.0302 0
    endloop
  endfacet
  facet normal -0 0 -1
    outer loop
      vertex 50.375 33.9175 0
      vertex 32.7698 32.0302 0
      vertex 50.239 34.0083 0
    endloop
  endfacet
  facet normal 0 -0 -1
    outer loop
      vertex 32.7698 32.0302 0
      vertex 50.375 33.9175 0
      vertex 32.3568 31.6679 0
    endloop
  endfacet
  facet normal -0 0 -1
    outer loop
      vertex 50.5216 33.8451 0
      vertex 32.3568 31.6679 0
      vertex 50.375 33.9175 0
    endloop
  endfacet
  facet normal 0 -0 -1
    outer loop
      vertex 21.4131 25.31 0
      vertex 31.4073 31.1197 0
      vertex 9.59378 7.57295 0
    endloop
  endfacet
  facet normal 0 -0 -1
    outer loop
      vertex 21.5607 25.4393 0
      vertex 31.4073 31.1197 0
      vertex 21.4131 25.31 0
    endloop
  endfacet
  facet normal 0 0 -1
    outer loop
      vertex 31.4073 31.1197 0
      vertex 21.5607 25.4393 0
      vertex 30.887 30.9431 0
    endloop
  endfacet
  facet normal 0 0 -1
    outer loop
      vertex 30.3482 30.8359 0
      vertex 21.799 25.75 0
      vertex 29.8 30.8 0
    endloop
  endfacet
  facet normal 0 -0 -1
    outer loop
      vertex 21.9489 26.1118 0
      vertex 29.8 30.8 0
      vertex 21.8858 25.926 0
    endloop
  endfacet
  facet normal -0 0 -1
    outer loop
      vertex 29.8 30.8 0
      vertex 21.9489 26.1118 0
      vertex 26.2 30.8 0
    endloop
  endfacet
  facet normal -0 0 -1
    outer loop
      vertex 22.1431 33.913 0
      vertex 22 26.5 0
      vertex 22.0359 34.4518 0
    endloop
  endfacet
  facet normal -0 0 -1
    outer loop
      vertex 22.3197 33.3927 0
      vertex 22 26.5 0
      vertex 22.1431 33.913 0
    endloop
  endfacet
  facet normal -0 0 -1
    outer loop
      vertex 22.5627 32.9 0
      vertex 22 26.5 0
      vertex 22.3197 33.3927 0
    endloop
  endfacet
  facet normal -0 0 -1
    outer loop
      vertex 22.8679 32.4432 0
      vertex 22 26.5 0
      vertex 22.5627 32.9 0
    endloop
  endfacet
  facet normal -0 0 -1
    outer loop
      vertex 23.2302 32.0302 0
      vertex 22 26.5 0
      vertex 22.8679 32.4432 0
    endloop
  endfacet
  facet normal -0 0 -1
    outer loop
      vertex 23.6432 31.6679 0
      vertex 22 26.5 0
      vertex 23.2302 32.0302 0
    endloop
  endfacet
  facet normal -0 0 -1
    outer loop
      vertex 24.1 31.3627 0
      vertex 22 26.5 0
      vertex 23.6432 31.6679 0
    endloop
  endfacet
  facet normal -0 0 -1
    outer loop
      vertex 24.5927 31.1197 0
      vertex 22 26.5 0
      vertex 24.1 31.3627 0
    endloop
  endfacet
  facet normal 0 -0 -1
    outer loop
      vertex 22 26.5 0
      vertex 26.2 30.8 0
      vertex 21.9872 26.3042 0
    endloop
  endfacet
  facet normal -0 0 -1
    outer loop
      vertex 25.113 30.9431 0
      vertex 22 26.5 0
      vertex 24.5927 31.1197 0
    endloop
  endfacet
  facet normal -0 0 -1
    outer loop
      vertex 25.6518 30.8359 0
      vertex 22 26.5 0
      vertex 25.113 30.9431 0
    endloop
  endfacet
  facet normal -0 0 -1
    outer loop
      vertex 26.2 30.8 0
      vertex 22 26.5 0
      vertex 25.6518 30.8359 0
    endloop
  endfacet
  facet normal 0 -0 -1
    outer loop
      vertex 21.9872 26.3042 0
      vertex 26.2 30.8 0
      vertex 21.9489 26.1118 0
    endloop
  endfacet
  facet normal 0 -0 -1
    outer loop
      vertex 21.8858 25.926 0
      vertex 29.8 30.8 0
      vertex 21.799 25.75 0
    endloop
  endfacet
  facet normal 0 -0 -1
    outer loop
      vertex 21.799 25.75 0
      vertex 30.3482 30.8359 0
      vertex 21.69 25.5869 0
    endloop
  endfacet
  facet normal 0 0 -1
    outer loop
      vertex 30.887 30.9431 0
      vertex 21.69 25.5869 0
      vertex 30.3482 30.8359 0
    endloop
  endfacet
  facet normal 0 -0 -1
    outer loop
      vertex 21.69 25.5869 0
      vertex 30.887 30.9431 0
      vertex 21.5607 25.4393 0
    endloop
  endfacet
  facet normal 0 0 -1
    outer loop
      vertex 21.4131 25.31 0
      vertex 9.59378 7.57295 0
      vertex 21.25 25.201 0
    endloop
  endfacet
  facet normal 0 -0 -1
    outer loop
      vertex 9.63588 7.78463 0
      vertex 21.25 25.201 0
      vertex 9.59378 7.57295 0
    endloop
  endfacet
  facet normal 0 0 -1
    outer loop
      vertex 21.25 25.201 0
      vertex 9.63588 7.78463 0
      vertex 21.074 25.1142 0
    endloop
  endfacet
  facet normal 0 -0 -1
    outer loop
      vertex 9.65 8 0
      vertex 21.074 25.1142 0
      vertex 9.63588 7.78463 0
    endloop
  endfacet
  facet normal 0 0 -1
    outer loop
      vertex 21.074 25.1142 0
      vertex 9.65 8 0
      vertex 20.8882 25.0511 0
    endloop
  endfacet
  facet normal 0 0 -1
    outer loop
      vertex 20.8882 25.0511 0
      vertex 9.63588 8.21537 0
      vertex 20.6958 25.0128 0
    endloop
  endfacet
  facet normal 0 0 -1
    outer loop
      vertex 9.63588 8.21537 0
      vertex 20.8882 25.0511 0
      vertex 9.65 8 0
    endloop
  endfacet
  facet normal 0 -0 -1
    outer loop
      vertex 31.9 31.3627 0
      vertex 50.6765 33.7926 0
      vertex 31.4073 31.1197 0
    endloop
  endfacet
  facet normal 0 0 -1
    outer loop
      vertex 80.5711 7.175 0
      vertex 9.42894 7.175 0
      vertex 9.5244 7.36857 0
    endloop
  endfacet
  facet normal 0 0 -1
    outer loop
      vertex 80.691 6.99554 0
      vertex 9.30903 6.99554 0
      vertex 9.42894 7.175 0
    endloop
  endfacet
  facet normal 0 0 -1
    outer loop
      vertex 80.8333 6.83327 0
      vertex 9.16673 6.83327 0
      vertex 9.30903 6.99554 0
    endloop
  endfacet
  facet normal -0 0 -1
    outer loop
      vertex 80.8333 6.83327 0
      vertex 9.00446 6.69097 0
      vertex 9.16673 6.83327 0
    endloop
  endfacet
  facet normal 0 0 -1
    outer loop
      vertex 2 0 0
      vertex 9.00446 6.69097 0
      vertex 88 0 0
    endloop
  endfacet
  facet normal 0 0 -1
    outer loop
      vertex 9.00446 6.69097 0
      vertex 2 0 0
      vertex 8.825 6.57106 0
    endloop
  endfacet
  facet normal 0 0 -1
    outer loop
      vertex 8.825 6.57106 0
      vertex 2 0 0
      vertex 8.63143 6.4756 0
    endloop
  endfacet
  facet normal 0 0 -1
    outer loop
      vertex 8.63143 6.4756 0
      vertex 2 0 0
      vertex 8.42705 6.40622 0
    endloop
  endfacet
  facet normal 0 0 -1
    outer loop
      vertex 8.42705 6.40622 0
      vertex 2 0 0
      vertex 8.21537 6.36412 0
    endloop
  endfacet
  facet normal 0 0 -1
    outer loop
      vertex 8.21537 6.36412 0
      vertex 2 0 0
      vertex 8 6.35 0
    endloop
  endfacet
  facet normal 0 0 -1
    outer loop
      vertex 7.36857 9.5244 0
      vertex 5.30421 25.0128 0
      vertex 5.5 25 0
    endloop
  endfacet
  facet normal 0 0 -1
    outer loop
      vertex 6.36412 8.21537 0
      vertex 5.11177 25.0511 0
      vertex 5.30421 25.0128 0
    endloop
  endfacet
  facet normal 0 0 -1
    outer loop
      vertex 0 2 0
      vertex 6.35 8 0
      vertex 6.36412 7.78463 0
    endloop
  endfacet
  facet normal 0 0 -1
    outer loop
      vertex 6.36412 8.21537 0
      vertex 4.92597 25.1142 0
      vertex 5.11177 25.0511 0
    endloop
  endfacet
  facet normal 0 0 -1
    outer loop
      vertex 6.36412 8.21537 0
      vertex 4.75 25.201 0
      vertex 4.92597 25.1142 0
    endloop
  endfacet
  facet normal 0 0 -1
    outer loop
      vertex 6.36412 8.21537 0
      vertex 4.58686 25.31 0
      vertex 4.75 25.201 0
    endloop
  endfacet
  facet normal 0 0 -1
    outer loop
      vertex 6.36412 8.21537 0
      vertex 4.43934 25.4393 0
      vertex 4.58686 25.31 0
    endloop
  endfacet
  facet normal -0 0 -1
    outer loop
      vertex 6.36412 8.21537 0
      vertex 0 2 0
      vertex 4.43934 25.4393 0
    endloop
  endfacet
  facet normal -0 0 -1
    outer loop
      vertex 4.43934 25.4393 0
      vertex 0 2 0
      vertex 4.30997 25.5869 0
    endloop
  endfacet
  facet normal -0 0 -1
    outer loop
      vertex 4.30997 25.5869 0
      vertex 0 2 0
      vertex 4.20096 25.75 0
    endloop
  endfacet
  facet normal -0 0 -1
    outer loop
      vertex 4.20096 25.75 0
      vertex 0 2 0
      vertex 4.11418 25.926 0
    endloop
  endfacet
  facet normal -0 0 -1
    outer loop
      vertex 4.11418 25.926 0
      vertex 0 2 0
      vertex 4.05111 26.1118 0
    endloop
  endfacet
  facet normal -0 0 -1
    outer loop
      vertex 4.01283 26.3042 0
      vertex 0 2 0
      vertex 4 26.5 0
    endloop
  endfacet
  facet normal -0 0 -1
    outer loop
      vertex 4.05111 26.1118 0
      vertex 0 2 0
      vertex 4.01283 26.3042 0
    endloop
  endfacet
  facet normal -0 0 -1
    outer loop
      vertex 6.40622 7.57295 0
      vertex 0 2 0
      vertex 6.36412 7.78463 0
    endloop
  endfacet
  facet normal -0 0 -1
    outer loop
      vertex 6.4756 7.36857 0
      vertex 0 2 0
      vertex 6.40622 7.57295 0
    endloop
  endfacet
  facet normal -0 0 -1
    outer loop
      vertex 6.57106 7.175 0
      vertex 0 2 0
      vertex 6.4756 7.36857 0
    endloop
  endfacet
  facet normal -0 0 -1
    outer loop
      vertex 6.69097 6.99554 0
      vertex 0 2 0
      vertex 6.57106 7.175 0
    endloop
  endfacet
  facet normal -0 0 -1
    outer loop
      vertex 6.83327 6.83327 0
      vertex 0 2 0
      vertex 6.69097 6.99554 0
    endloop
  endfacet
  facet normal 0 0 -1
    outer loop
      vertex 0 2 0
      vertex 6.83327 6.83327 0
      vertex 2 0 0
    endloop
  endfacet
  facet normal -0 0 -1
    outer loop
      vertex 6.99554 6.69097 0
      vertex 2 0 0
      vertex 6.83327 6.83327 0
    endloop
  endfacet
  facet normal -0 0 -1
    outer loop
      vertex 7.175 6.57106 0
      vertex 2 0 0
      vertex 6.99554 6.69097 0
    endloop
  endfacet
  facet normal -0 0 -1
    outer loop
      vertex 7.36857 6.4756 0
      vertex 2 0 0
      vertex 7.175 6.57106 0
    endloop
  endfacet
  facet normal -0 0 -1
    outer loop
      vertex 7.57295 6.40622 0
      vertex 2 0 0
      vertex 7.36857 6.4756 0
    endloop
  endfacet
  facet normal -0 0 -1
    outer loop
      vertex 7.78463 6.36412 0
      vertex 2 0 0
      vertex 7.57295 6.40622 0
    endloop
  endfacet
  facet normal -0 0 -1
    outer loop
      vertex 8 6.35 0
      vertex 2 0 0
      vertex 7.78463 6.36412 0
    endloop
  endfacet
  facet normal 0 0 -1
    outer loop
      vertex 89.5867 69.2175 0
      vertex 88 70 0
      vertex 89.4142 69.4142 0
    endloop
  endfacet
  facet normal 0 0 -1
    outer loop
      vertex 89.2175 69.5867 0
      vertex 88 70 0
      vertex 89 69.732 0
    endloop
  endfacet
  facet normal 0 0 -1
    outer loop
      vertex 89 69.732 0
      vertex 88 70 0
      vertex 88.7654 69.8478 0
    endloop
  endfacet
  facet normal 0 0 -1
    outer loop
      vertex 88.7654 69.8478 0
      vertex 88 70 0
      vertex 88.5176 69.9319 0
    endloop
  endfacet
  facet normal 0 0 -1
    outer loop
      vertex 88.5176 69.9319 0
      vertex 88 70 0
      vertex 88.2611 69.9829 0
    endloop
  endfacet
  facet normal 0 0 -1
    outer loop
      vertex 89.4142 69.4142 0
      vertex 88 70 0
      vertex 89.2175 69.5867 0
    endloop
  endfacet
  facet normal 0 0 -1
    outer loop
      vertex 89.9829 68.2611 0
      vertex 88 70 0
      vertex 89.9319 68.5176 0
    endloop
  endfacet
  facet normal 0 0 -1
    outer loop
      vertex 83.0045 63.309 0
      vertex 88 70 0
      vertex 83.1667 63.1667 0
    endloop
  endfacet
  facet normal 0 0 -1
    outer loop
      vertex 82.825 63.4289 0
      vertex 88 70 0
      vertex 83.0045 63.309 0
    endloop
  endfacet
  facet normal 0 0 -1
    outer loop
      vertex 82.6314 63.5244 0
      vertex 88 70 0
      vertex 82.825 63.4289 0
    endloop
  endfacet
  facet normal 0 0 -1
    outer loop
      vertex 82.427 63.5938 0
      vertex 88 70 0
      vertex 82.6314 63.5244 0
    endloop
  endfacet
  facet normal 0 0 -1
    outer loop
      vertex 82.2154 63.6359 0
      vertex 88 70 0
      vertex 82.427 63.5938 0
    endloop
  endfacet
  facet normal 0 0 -1
    outer loop
      vertex 82 63.65 0
      vertex 88 70 0
      vertex 82.2154 63.6359 0
    endloop
  endfacet
  facet normal 0 0 -1
    outer loop
      vertex 81.7846 63.6359 0
      vertex 88 70 0
      vertex 82 63.65 0
    endloop
  endfacet
  facet normal 0 0 -1
    outer loop
      vertex 81.573 63.5938 0
      vertex 88 70 0
      vertex 81.7846 63.6359 0
    endloop
  endfacet
  facet normal 0 0 -1
    outer loop
      vertex 81.3686 63.5244 0
      vertex 88 70 0
      vertex 81.573 63.5938 0
    endloop
  endfacet
  facet normal 0 0 -1
    outer loop
      vertex 81.175 63.4289 0
      vertex 88 70 0
      vertex 81.3686 63.5244 0
    endloop
  endfacet
  facet normal 0 0 -1
    outer loop
      vertex 80.9955 63.309 0
      vertex 88 70 0
      vertex 81.175 63.4289 0
    endloop
  endfacet
  facet normal 0 0 -1
    outer loop
      vertex 9.00446 63.309 0
      vertex 80.9955 63.309 0
      vertex 80.8333 63.1667 0
    endloop
  endfacet
  facet normal 0 0 -1
    outer loop
      vertex 51.8839 35.8839 0
      vertex 80.691 60.9955 0
      vertex 51.9917 35.761 0
    endloop
  endfacet
  facet normal -0 0 -1
    outer loop
      vertex 80.691 60.9955 0
      vertex 51.8839 35.8839 0
      vertex 80.5711 61.175 0
    endloop
  endfacet
  facet normal 0 0 -1
    outer loop
      vertex 51.761 35.9917 0
      vertex 80.5711 61.175 0
      vertex 51.8839 35.8839 0
    endloop
  endfacet
  facet normal -0 0 -1
    outer loop
      vertex 80.5711 61.175 0
      vertex 51.761 35.9917 0
      vertex 80.4756 61.3686 0
    endloop
  endfacet
  facet normal 0 0 -1
    outer loop
      vertex 51.625 36.0825 0
      vertex 80.4756 61.3686 0
      vertex 51.761 35.9917 0
    endloop
  endfacet
  facet normal -0 0 -1
    outer loop
      vertex 80.4756 61.3686 0
      vertex 51.625 36.0825 0
      vertex 80.4062 61.5729 0
    endloop
  endfacet
  facet normal 0 0 -1
    outer loop
      vertex 51.4784 36.1549 0
      vertex 80.4062 61.5729 0
      vertex 51.625 36.0825 0
    endloop
  endfacet
  facet normal -0 0 -1
    outer loop
      vertex 80.4062 61.5729 0
      vertex 51.4784 36.1549 0
      vertex 80.3641 61.7846 0
    endloop
  endfacet
  facet normal 0 0 -1
    outer loop
      vertex 51.3235 36.2074 0
      vertex 80.3641 61.7846 0
      vertex 51.4784 36.1549 0
    endloop
  endfacet
  facet normal -0 0 -1
    outer loop
      vertex 80.3641 61.7846 0
      vertex 51.3235 36.2074 0
      vertex 80.35 62 0
    endloop
  endfacet
  facet normal 0 0 -1
    outer loop
      vertex 51.1632 36.2393 0
      vertex 80.35 62 0
      vertex 51.3235 36.2074 0
    endloop
  endfacet
  facet normal -0 0 -1
    outer loop
      vertex 80.35 62 0
      vertex 51.1632 36.2393 0
      vertex 80.3641 62.2154 0
    endloop
  endfacet
  facet normal 0 0 -1
    outer loop
      vertex 51 36.25 0
      vertex 80.3641 62.2154 0
      vertex 51.1632 36.2393 0
    endloop
  endfacet
  facet normal -0 0 -1
    outer loop
      vertex 80.3641 62.2154 0
      vertex 51 36.25 0
      vertex 80.4062 62.4271 0
    endloop
  endfacet
  facet normal 0 0 -1
    outer loop
      vertex 50.8368 36.2393 0
      vertex 80.4062 62.4271 0
      vertex 51 36.25 0
    endloop
  endfacet
  facet normal 0 0 -1
    outer loop
      vertex 31.4073 38.8803 0
      vertex 80.4062 62.4271 0
      vertex 50.8368 36.2393 0
    endloop
  endfacet
  facet normal 0 0 -1
    outer loop
      vertex 9.59378 62.4271 0
      vertex 80.4062 62.4271 0
      vertex 31.4073 38.8803 0
    endloop
  endfacet
  facet normal 0 0 -1
    outer loop
      vertex 80.4062 62.4271 0
      vertex 9.59378 62.4271 0
      vertex 80.4756 62.6314 0
    endloop
  endfacet
  facet normal 0 0 -1
    outer loop
      vertex 9.5244 62.6314 0
      vertex 80.4756 62.6314 0
      vertex 9.59378 62.4271 0
    endloop
  endfacet
  facet normal 0 0 -1
    outer loop
      vertex 80.4756 62.6314 0
      vertex 9.5244 62.6314 0
      vertex 80.5711 62.825 0
    endloop
  endfacet
  facet normal 0 0 -1
    outer loop
      vertex 31.4073 38.8803 0
      vertex 50.8368 36.2393 0
      vertex 50.6765 36.2074 0
    endloop
  endfacet
  facet normal 0 0 -1
    outer loop
      vertex 31.9 38.6373 0
      vertex 50.6765 36.2074 0
      vertex 50.5216 36.1549 0
    endloop
  endfacet
  facet normal 0 0 -1
    outer loop
      vertex 32.3568 38.3321 0
      vertex 50.5216 36.1549 0
      vertex 50.375 36.0825 0
    endloop
  endfacet
  facet normal 0 0 -1
    outer loop
      vertex 32.7698 37.9698 0
      vertex 50.375 36.0825 0
      vertex 50.239 35.9917 0
    endloop
  endfacet
  facet normal 0 0 -1
    outer loop
      vertex 33.1321 37.5568 0
      vertex 50.239 35.9917 0
      vertex 50.1161 35.8839 0
    endloop
  endfacet
  facet normal 0 0 -1
    outer loop
      vertex 34 35 0
      vertex 49.7607 35.1632 0
      vertex 49.75 35 0
    endloop
  endfacet
  facet normal 0 0 -1
    outer loop
      vertex 33.9641 35.5482 0
      vertex 49.7607 35.1632 0
      vertex 34 35 0
    endloop
  endfacet
  facet normal 0 0 -1
    outer loop
      vertex 49.7607 35.1632 0
      vertex 33.9641 35.5482 0
      vertex 49.7926 35.3235 0
    endloop
  endfacet
  facet normal 0 0 -1
    outer loop
      vertex 33.8569 36.087 0
      vertex 49.7926 35.3235 0
      vertex 33.9641 35.5482 0
    endloop
  endfacet
  facet normal 0 0 -1
    outer loop
      vertex 49.7926 35.3235 0
      vertex 33.8569 36.087 0
      vertex 49.8451 35.4784 0
    endloop
  endfacet
  facet normal 0 0 -1
    outer loop
      vertex 33.6803 36.6073 0
      vertex 49.8451 35.4784 0
      vertex 33.8569 36.087 0
    endloop
  endfacet
  facet normal 0 0 -1
    outer loop
      vertex 49.8451 35.4784 0
      vertex 33.6803 36.6073 0
      vertex 49.9175 35.625 0
    endloop
  endfacet
  facet normal 0 0 -1
    outer loop
      vertex 49.9175 35.625 0
      vertex 33.6803 36.6073 0
      vertex 50.0083 35.761 0
    endloop
  endfacet
  facet normal 0 0 -1
    outer loop
      vertex 33.4373 37.1 0
      vertex 50.0083 35.761 0
      vertex 33.6803 36.6073 0
    endloop
  endfacet
  facet normal 0 0 -1
    outer loop
      vertex 50.0083 35.761 0
      vertex 33.4373 37.1 0
      vertex 50.1161 35.8839 0
    endloop
  endfacet
  facet normal 0 0 -1
    outer loop
      vertex 33.1321 37.5568 0
      vertex 50.1161 35.8839 0
      vertex 33.4373 37.1 0
    endloop
  endfacet
  facet normal 0 0 -1
    outer loop
      vertex 50.239 35.9917 0
      vertex 33.1321 37.5568 0
      vertex 32.7698 37.9698 0
    endloop
  endfacet
  facet normal 0 0 -1
    outer loop
      vertex 50.375 36.0825 0
      vertex 32.7698 37.9698 0
      vertex 32.3568 38.3321 0
    endloop
  endfacet
  facet normal 0 0 -1
    outer loop
      vertex 50.5216 36.1549 0
      vertex 32.3568 38.3321 0
      vertex 31.9 38.6373 0
    endloop
  endfacet
  facet normal 0 0 -1
    outer loop
      vertex 50.6765 36.2074 0
      vertex 31.9 38.6373 0
      vertex 31.4073 38.8803 0
    endloop
  endfacet
  facet normal 0 0 -1
    outer loop
      vertex 9.42894 62.825 0
      vertex 80.5711 62.825 0
      vertex 9.5244 62.6314 0
    endloop
  endfacet
  facet normal 0 0 -1
    outer loop
      vertex 21.5607 44.5607 0
      vertex 31.4073 38.8803 0
      vertex 30.887 39.0569 0
    endloop
  endfacet
  facet normal 0 0 -1
    outer loop
      vertex 21.69 44.4131 0
      vertex 30.887 39.0569 0
      vertex 30.3482 39.1641 0
    endloop
  endfacet
  facet normal 0 0 -1
    outer loop
      vertex 21.799 44.25 0
      vertex 30.3482 39.1641 0
      vertex 29.8 39.2 0
    endloop
  endfacet
  facet normal 0 0 -1
    outer loop
      vertex 21.9489 43.8882 0
      vertex 29.8 39.2 0
      vertex 26.2 39.2 0
    endloop
  endfacet
  facet normal 0 0 -1
    outer loop
      vertex 22 43.5 0
      vertex 26.2 39.2 0
      vertex 25.6518 39.1641 0
    endloop
  endfacet
  facet normal 0 0 -1
    outer loop
      vertex 22 43.5 0
      vertex 25.6518 39.1641 0
      vertex 25.113 39.0569 0
    endloop
  endfacet
  facet normal 0 0 -1
    outer loop
      vertex 22 43.5 0
      vertex 25.113 39.0569 0
      vertex 24.5927 38.8803 0
    endloop
  endfacet
  facet normal 0 0 -1
    outer loop
      vertex 22 43.5 0
      vertex 22.0359 35.5482 0
      vertex 22 35 0
    endloop
  endfacet
  facet normal 0 0 -1
    outer loop
      vertex 22 43.5 0
      vertex 22.1431 36.087 0
      vertex 22.0359 35.5482 0
    endloop
  endfacet
  facet normal 0 0 -1
    outer loop
      vertex 22 43.5 0
      vertex 22.3197 36.6073 0
      vertex 22.1431 36.087 0
    endloop
  endfacet
  facet normal 0 0 -1
    outer loop
      vertex 22 43.5 0
      vertex 22.5627 37.1 0
      vertex 22.3197 36.6073 0
    endloop
  endfacet
  facet normal 0 0 -1
    outer loop
      vertex 22 43.5 0
      vertex 22.8679 37.5568 0
      vertex 22.5627 37.1 0
    endloop
  endfacet
  facet normal 0 0 -1
    outer loop
      vertex 22 43.5 0
      vertex 23.2302 37.9698 0
      vertex 22.8679 37.5568 0
    endloop
  endfacet
  facet normal 0 0 -1
    outer loop
      vertex 22 43.5 0
      vertex 23.6432 38.3321 0
      vertex 23.2302 37.9698 0
    endloop
  endfacet
  facet normal 0 0 -1
    outer loop
      vertex 22 43.5 0
      vertex 24.1 38.6373 0
      vertex 23.6432 38.3321 0
    endloop
  endfacet
  facet normal 0 0 -1
    outer loop
      vertex 22 43.5 0
      vertex 24.5927 38.8803 0
      vertex 24.1 38.6373 0
    endloop
  endfacet
  facet normal 0 0 -1
    outer loop
      vertex 26.2 39.2 0
      vertex 22 43.5 0
      vertex 21.9872 43.6958 0
    endloop
  endfacet
  facet normal 0 0 -1
    outer loop
      vertex 26.2 39.2 0
      vertex 21.9872 43.6958 0
      vertex 21.9489 43.8882 0
    endloop
  endfacet
  facet normal 0 0 -1
    outer loop
      vertex 29.8 39.2 0
      vertex 21.9489 43.8882 0
      vertex 21.8858 44.074 0
    endloop
  endfacet
  facet normal 0 0 -1
    outer loop
      vertex 29.8 39.2 0
      vertex 21.8858 44.074 0
      vertex 21.799 44.25 0
    endloop
  endfacet
  facet normal 0 0 -1
    outer loop
      vertex 30.3482 39.1641 0
      vertex 21.799 44.25 0
      vertex 21.69 44.4131 0
    endloop
  endfacet
  facet normal 0 0 -1
    outer loop
      vertex 30.887 39.0569 0
      vertex 21.69 44.4131 0
      vertex 21.5607 44.5607 0
    endloop
  endfacet
  facet normal 0 0 -1
    outer loop
      vertex 31.4073 38.8803 0
      vertex 21.5607 44.5607 0
      vertex 21.4131 44.69 0
    endloop
  endfacet
  facet normal 0 0 -1
    outer loop
      vertex 31.4073 38.8803 0
      vertex 21.4131 44.69 0
      vertex 9.59378 62.4271 0
    endloop
  endfacet
  facet normal 0 0 -1
    outer loop
      vertex 9.59378 62.4271 0
      vertex 21.4131 44.69 0
      vertex 21.25 44.799 0
    endloop
  endfacet
  facet normal 0 0 -1
    outer loop
      vertex 9.63588 62.2154 0
      vertex 21.25 44.799 0
      vertex 21.074 44.8858 0
    endloop
  endfacet
  facet normal 0 0 -1
    outer loop
      vertex 9.65 62 0
      vertex 21.074 44.8858 0
      vertex 20.8882 44.9489 0
    endloop
  endfacet
  facet normal 0 0 -1
    outer loop
      vertex 9.63588 61.7846 0
      vertex 20.8882 44.9489 0
      vertex 20.6958 44.9872 0
    endloop
  endfacet
  facet normal 0 0 -1
    outer loop
      vertex 9.59378 61.5729 0
      vertex 20.6958 44.9872 0
      vertex 20.5 45 0
    endloop
  endfacet
  facet normal 0 0 -1
    outer loop
      vertex 21.074 44.8858 0
      vertex 9.65 62 0
      vertex 9.63588 62.2154 0
    endloop
  endfacet
  facet normal 0 0 -1
    outer loop
      vertex 21.25 44.799 0
      vertex 9.63588 62.2154 0
      vertex 9.59378 62.4271 0
    endloop
  endfacet
  facet normal 0 0 -1
    outer loop
      vertex 80.5711 62.825 0
      vertex 9.42894 62.825 0
      vertex 80.691 63.0045 0
    endloop
  endfacet
  facet normal 0 0 -1
    outer loop
      vertex 9.30903 63.0045 0
      vertex 80.691 63.0045 0
      vertex 9.42894 62.825 0
    endloop
  endfacet
  facet normal 0 0 -1
    outer loop
      vertex 80.691 63.0045 0
      vertex 9.30903 63.0045 0
      vertex 80.8333 63.1667 0
    endloop
  endfacet
  facet normal 0 0 -1
    outer loop
      vertex 9.16673 63.1667 0
      vertex 80.8333 63.1667 0
      vertex 9.30903 63.0045 0
    endloop
  endfacet
  facet normal 0 0 -1
    outer loop
      vertex 9.00446 63.309 0
      vertex 80.8333 63.1667 0
      vertex 9.16673 63.1667 0
    endloop
  endfacet
  facet normal 0 0 -1
    outer loop
      vertex 80.9955 63.309 0
      vertex 9.00446 63.309 0
      vertex 88 70 0
    endloop
  endfacet
  facet normal 0 0 -1
    outer loop
      vertex 2 70 0
      vertex 9.00446 63.309 0
      vertex 8.825 63.4289 0
    endloop
  endfacet
  facet normal 0 0 -1
    outer loop
      vertex 2 70 0
      vertex 8.825 63.4289 0
      vertex 8.63143 63.5244 0
    endloop
  endfacet
  facet normal 0 0 -1
    outer loop
      vertex 2 70 0
      vertex 8.63143 63.5244 0
      vertex 8.42705 63.5938 0
    endloop
  endfacet
  facet normal 0 0 -1
    outer loop
      vertex 2 70 0
      vertex 8.42705 63.5938 0
      vertex 8.21537 63.6359 0
    endloop
  endfacet
  facet normal 0 0 -1
    outer loop
      vertex 2 70 0
      vertex 8.21537 63.6359 0
      vertex 8 63.65 0
    endloop
  endfacet
  facet normal 0 0 -1
    outer loop
      vertex 2 70 0
      vertex 8 63.65 0
      vertex 7.78463 63.6359 0
    endloop
  endfacet
  facet normal -0 0 -1
    outer loop
      vertex 6.69097 60.9955 0
      vertex 4.58686 44.69 0
      vertex 6.57106 61.175 0
    endloop
  endfacet
  facet normal 0 0 -1
    outer loop
      vertex 4.43934 44.5607 0
      vertex 6.57106 61.175 0
      vertex 4.58686 44.69 0
    endloop
  endfacet
  facet normal -0 0 -1
    outer loop
      vertex 6.57106 61.175 0
      vertex 4.43934 44.5607 0
      vertex 6.4756 61.3686 0
    endloop
  endfacet
  facet normal 0 0 -1
    outer loop
      vertex 0 68 0
      vertex 6.4756 61.3686 0
      vertex 4.43934 44.5607 0
    endloop
  endfacet
  facet normal 0 0 -1
    outer loop
      vertex 6.4756 61.3686 0
      vertex 0 68 0
      vertex 6.40622 61.5729 0
    endloop
  endfacet
  facet normal 0 0 -1
    outer loop
      vertex 6.40622 61.5729 0
      vertex 0 68 0
      vertex 6.36412 61.7846 0
    endloop
  endfacet
  facet normal 0 0 -1
    outer loop
      vertex 6.36412 61.7846 0
      vertex 0 68 0
      vertex 6.35 62 0
    endloop
  endfacet
  facet normal 0 0 -1
    outer loop
      vertex 0 68 0
      vertex 4.43934 44.5607 0
      vertex 4.30997 44.4131 0
    endloop
  endfacet
  facet normal 0 0 -1
    outer loop
      vertex 0 68 0
      vertex 4.30997 44.4131 0
      vertex 4.20096 44.25 0
    endloop
  endfacet
  facet normal 0 0 -1
    outer loop
      vertex 0 68 0
      vertex 4.20096 44.25 0
      vertex 4.11418 44.074 0
    endloop
  endfacet
  facet normal 0 0 -1
    outer loop
      vertex 0 68 0
      vertex 4.11418 44.074 0
      vertex 4.05111 43.8882 0
    endloop
  endfacet
  facet normal 0 0 -1
    outer loop
      vertex 0 68 0
      vertex 4.05111 43.8882 0
      vertex 4.01283 43.6958 0
    endloop
  endfacet
  facet normal 0 0 -1
    outer loop
      vertex 9.00446 63.309 0
      vertex 2 70 0
      vertex 88 70 0
    endloop
  endfacet
  facet normal 0 0 -1
    outer loop
      vertex 7.57295 63.5938 0
      vertex 2 70 0
      vertex 7.78463 63.6359 0
    endloop
  endfacet
  facet normal 0 0 -1
    outer loop
      vertex 7.36857 63.5244 0
      vertex 2 70 0
      vertex 7.57295 63.5938 0
    endloop
  endfacet
  facet normal 0 0 -1
    outer loop
      vertex 7.175 63.4289 0
      vertex 2 70 0
      vertex 7.36857 63.5244 0
    endloop
  endfacet
  facet normal 0 0 -1
    outer loop
      vertex 6.99554 63.309 0
      vertex 2 70 0
      vertex 7.175 63.4289 0
    endloop
  endfacet
  facet normal 0 0 -1
    outer loop
      vertex 6.83327 63.1667 0
      vertex 2 70 0
      vertex 6.99554 63.309 0
    endloop
  endfacet
  facet normal 0 0 -1
    outer loop
      vertex 0 68 0
      vertex 6.83327 63.1667 0
      vertex 6.69097 63.0045 0
    endloop
  endfacet
  facet normal 0 0 -1
    outer loop
      vertex 0 68 0
      vertex 6.69097 63.0045 0
      vertex 6.57106 62.825 0
    endloop
  endfacet
  facet normal 0 0 -1
    outer loop
      vertex 0 68 0
      vertex 6.57106 62.825 0
      vertex 6.4756 62.6314 0
    endloop
  endfacet
  facet normal 0 0 -1
    outer loop
      vertex 0 68 0
      vertex 6.4756 62.6314 0
      vertex 6.40622 62.4271 0
    endloop
  endfacet
  facet normal 0 0 -1
    outer loop
      vertex 0 68 0
      vertex 6.40622 62.4271 0
      vertex 6.36412 62.2154 0
    endloop
  endfacet
  facet normal 0 0 -1
    outer loop
      vertex 6.35 62 0
      vertex 0 68 0
      vertex 6.36412 62.2154 0
    endloop
  endfacet
  facet normal 0 0 -1
    outer loop
      vertex 0 68 0
      vertex 4.01283 43.6958 0
      vertex 4 43.5 0
    endloop
  endfacet
  facet normal -0 0 -1
    outer loop
      vertex 4 26.5 0
      vertex 0 2 0
      vertex 4 43.5 0
    endloop
  endfacet
  facet normal 0 0 -1
    outer loop
      vertex 0 2 0
      vertex 2 0 0
      vertex 1.73895 0.0171099 0
    endloop
  endfacet
  facet normal 0 0 -1
    outer loop
      vertex 0 68 0
      vertex 4 43.5 0
      vertex 0 2 0
    endloop
  endfacet
  facet normal 0 0 -1
    outer loop
      vertex 0 2 0
      vertex 1.73895 0.0171099 0
      vertex 1.48236 0.0681477 0
    endloop
  endfacet
  facet normal 0 0 -1
    outer loop
      vertex 6.83327 63.1667 0
      vertex 0 68 0
      vertex 2 70 0
    endloop
  endfacet
  facet normal 0 0 -1
    outer loop
      vertex 0 2 0
      vertex 1.48236 0.0681477 0
      vertex 1.23463 0.152241 0
    endloop
  endfacet
  facet normal 0 0 -1
    outer loop
      vertex 2 70 0
      vertex 0 68 0
      vertex 1.73895 69.9829 0
    endloop
  endfacet
  facet normal 0 0 -1
    outer loop
      vertex 0 2 0
      vertex 1.23463 0.152241 0
      vertex 1 0.267949 0
    endloop
  endfacet
  facet normal 0 0 -1
    outer loop
      vertex 1.73895 69.9829 0
      vertex 0 68 0
      vertex 1.48236 69.9319 0
    endloop
  endfacet
  facet normal 0 0 -1
    outer loop
      vertex 0 2 0
      vertex 1 0.267949 0
      vertex 0.782476 0.413293 0
    endloop
  endfacet
  facet normal 0 0 -1
    outer loop
      vertex 1.48236 69.9319 0
      vertex 0 68 0
      vertex 1.23463 69.8478 0
    endloop
  endfacet
  facet normal 0 0 -1
    outer loop
      vertex 0 2 0
      vertex 0.782476 0.413293 0
      vertex 0.585786 0.585786 0
    endloop
  endfacet
  facet normal 0 0 -1
    outer loop
      vertex 1.23463 69.8478 0
      vertex 0 68 0
      vertex 1 69.732 0
    endloop
  endfacet
  facet normal 0 0 -1
    outer loop
      vertex 0 2 0
      vertex 0.585786 0.585786 0
      vertex 0.413293 0.782476 0
    endloop
  endfacet
  facet normal 0 0 -1
    outer loop
      vertex 1 69.732 0
      vertex 0 68 0
      vertex 0.782476 69.5867 0
    endloop
  endfacet
  facet normal 0 0 -1
    outer loop
      vertex 0 2 0
      vertex 0.413293 0.782476 0
      vertex 0.267949 1 0
    endloop
  endfacet
  facet normal 0 0 -1
    outer loop
      vertex 0.782476 69.5867 0
      vertex 0 68 0
      vertex 0.585786 69.4142 0
    endloop
  endfacet
  facet normal 0 0 -1
    outer loop
      vertex 0 2 0
      vertex 0.267949 1 0
      vertex 0.152241 1.23463 0
    endloop
  endfacet
  facet normal 0 0 -1
    outer loop
      vertex 0.585786 69.4142 0
      vertex 0 68 0
      vertex 0.413293 69.2175 0
    endloop
  endfacet
  facet normal 0 0 -1
    outer loop
      vertex 0 2 0
      vertex 0.152241 1.23463 0
      vertex 0.0681477 1.48236 0
    endloop
  endfacet
  facet normal 0 0 -1
    outer loop
      vertex 0.413293 69.2175 0
      vertex 0 68 0
      vertex 0.267949 69 0
    endloop
  endfacet
  facet normal 0 0 -1
    outer loop
      vertex 0 2 0
      vertex 0.0681477 1.48236 0
      vertex 0.0171099 1.73895 0
    endloop
  endfacet
  facet normal 0 0 -1
    outer loop
      vertex 0.267949 69 0
      vertex 0 68 0
      vertex 0.152241 68.7654 0
    endloop
  endfacet
  facet normal 0 0 -1
    outer loop
      vertex 0.152241 68.7654 0
      vertex 0 68 0
      vertex 0.0681477 68.5176 0
    endloop
  endfacet
  facet normal 0 0 -1
    outer loop
      vertex 0.0681477 68.5176 0
      vertex 0 68 0
      vertex 0.0171099 68.2611 0
    endloop
  endfacet
  facet normal -0 0 -1
    outer loop
      vertex 22.0359 34.4518 0
      vertex 22 26.5 0
      vertex 22 35 0
    endloop
  endfacet
  facet normal 0 0 -1
    outer loop
      vertex 9.59378 8.42705 0
      vertex 20.6958 25.0128 0
      vertex 9.63588 8.21537 0
    endloop
  endfacet
  facet normal 0 0 -1
    outer loop
      vertex 20.6958 25.0128 0
      vertex 9.59378 8.42705 0
      vertex 20.5 25 0
    endloop
  endfacet
  facet normal 0 0 -1
    outer loop
      vertex 9.5244 8.63143 0
      vertex 20.5 25 0
      vertex 9.59378 8.42705 0
    endloop
  endfacet
  facet normal 0 0 -1
    outer loop
      vertex 9.42894 8.825 0
      vertex 20.5 25 0
      vertex 9.5244 8.63143 0
    endloop
  endfacet
  facet normal 0 0 -1
    outer loop
      vertex 9.30903 9.00446 0
      vertex 20.5 25 0
      vertex 9.42894 8.825 0
    endloop
  endfacet
  facet normal 0 0 -1
    outer loop
      vertex 9.16673 9.16673 0
      vertex 20.5 25 0
      vertex 9.30903 9.00446 0
    endloop
  endfacet
  facet normal 0 0 -1
    outer loop
      vertex 9.00446 9.30903 0
      vertex 20.5 25 0
      vertex 9.16673 9.16673 0
    endloop
  endfacet
  facet normal 0 0 -1
    outer loop
      vertex 8.825 9.42894 0
      vertex 20.5 25 0
      vertex 9.00446 9.30903 0
    endloop
  endfacet
  facet normal 0 0 -1
    outer loop
      vertex 8.63143 9.5244 0
      vertex 20.5 25 0
      vertex 8.825 9.42894 0
    endloop
  endfacet
  facet normal 0 0 -1
    outer loop
      vertex 5.5 25 0
      vertex 8.63143 9.5244 0
      vertex 8.42705 9.59378 0
    endloop
  endfacet
  facet normal 0 0 -1
    outer loop
      vertex 5.5 25 0
      vertex 8.42705 9.59378 0
      vertex 8.21537 9.63588 0
    endloop
  endfacet
  facet normal 0 0 -1
    outer loop
      vertex 5.5 25 0
      vertex 8.21537 9.63588 0
      vertex 8 9.65 0
    endloop
  endfacet
  facet normal 0 0 -1
    outer loop
      vertex 5.5 25 0
      vertex 8 9.65 0
      vertex 7.78463 9.63588 0
    endloop
  endfacet
  facet normal 0 0 -1
    outer loop
      vertex 5.5 25 0
      vertex 7.78463 9.63588 0
      vertex 7.57295 9.59378 0
    endloop
  endfacet
  facet normal 0 0 -1
    outer loop
      vertex 5.5 25 0
      vertex 7.57295 9.59378 0
      vertex 7.36857 9.5244 0
    endloop
  endfacet
  facet normal 0 0 -1
    outer loop
      vertex 5.30421 25.0128 0
      vertex 7.36857 9.5244 0
      vertex 7.175 9.42894 0
    endloop
  endfacet
  facet normal 0 0 -1
    outer loop
      vertex 5.30421 25.0128 0
      vertex 7.175 9.42894 0
      vertex 6.99554 9.30903 0
    endloop
  endfacet
  facet normal 0 0 -1
    outer loop
      vertex 5.30421 25.0128 0
      vertex 6.99554 9.30903 0
      vertex 6.83327 9.16673 0
    endloop
  endfacet
  facet normal 0 0 -1
    outer loop
      vertex 5.30421 25.0128 0
      vertex 6.83327 9.16673 0
      vertex 6.69097 9.00446 0
    endloop
  endfacet
  facet normal 0 0 -1
    outer loop
      vertex 8.63143 9.5244 0
      vertex 5.5 25 0
      vertex 20.5 25 0
    endloop
  endfacet
  facet normal 0 0 -1
    outer loop
      vertex 5.30421 25.0128 0
      vertex 6.69097 9.00446 0
      vertex 6.57106 8.825 0
    endloop
  endfacet
  facet normal 0 0 -1
    outer loop
      vertex 5.30421 25.0128 0
      vertex 6.57106 8.825 0
      vertex 6.4756 8.63143 0
    endloop
  endfacet
  facet normal 0 0 -1
    outer loop
      vertex 5.30421 25.0128 0
      vertex 6.4756 8.63143 0
      vertex 6.40622 8.42705 0
    endloop
  endfacet
  facet normal 0 0 -1
    outer loop
      vertex 5.30421 25.0128 0
      vertex 6.40622 8.42705 0
      vertex 6.36412 8.21537 0
    endloop
  endfacet
  facet normal 0 0 -1
    outer loop
      vertex 0 2 0
      vertex 6.36412 8.21537 0
      vertex 6.35 8 0
    endloop
  endfacet
  facet normal 0.896709 0.442621 0
    outer loop
      vertex 89.8478 68.7654 4
      vertex 89.732 69 0
      vertex 89.732 69 4
    endloop
  endfacet
  facet normal 0.896709 0.442621 0
    outer loop
      vertex 89.732 69 0
      vertex 89.8478 68.7654 4
      vertex 89.8478 68.7654 0
    endloop
  endfacet
  facet normal 0.0653898 -0.99786 0
    outer loop
      vertex 88 0 0
      vertex 88.2611 0.0171099 4
      vertex 88 0 4
    endloop
  endfacet
  facet normal 0.0653898 -0.99786 0
    outer loop
      vertex 88.2611 0.0171099 4
      vertex 88 0 0
      vertex 88.2611 0.0171099 0
    endloop
  endfacet
  facet normal -0.946957 0.321359 0
    outer loop
      vertex 0.0681477 68.5176 0
      vertex 0.152241 68.7654 4
      vertex 0.152241 68.7654 0
    endloop
  endfacet
  facet normal -0.946957 0.321359 0
    outer loop
      vertex 0.152241 68.7654 4
      vertex 0.0681477 68.5176 0
      vertex 0.0681477 68.5176 4
    endloop
  endfacet
  facet normal 0.751826 -0.659362 0
    outer loop
      vertex 89.4142 0.585786 4
      vertex 89.5867 0.782476 0
      vertex 89.5867 0.782476 4
    endloop
  endfacet
  facet normal 0.751826 -0.659362 0
    outer loop
      vertex 89.5867 0.782476 0
      vertex 89.4142 0.585786 4
      vertex 89.4142 0.585786 0
    endloop
  endfacet
  facet normal 0.195087 -0.980786 0
    outer loop
      vertex 29.4358 24.0941 4
      vertex 30.847 24.3748 6.2
      vertex 29.4358 24.0941 6.2
    endloop
  endfacet
  facet normal 0.195087 -0.980786 0
    outer loop
      vertex 30.847 24.3748 6.2
      vertex 29.4358 24.0941 4
      vertex 30.847 24.3748 4
    endloop
  endfacet
  facet normal 0.980786 0.195087 0
    outer loop
      vertex 38.9059 36.4358 6.2
      vertex 38.6252 37.847 4
      vertex 38.6252 37.847 6.2
    endloop
  endfacet
  facet normal 0.980786 0.195087 0
    outer loop
      vertex 38.6252 37.847 4
      vertex 38.9059 36.4358 6.2
      vertex 38.9059 36.4358 4
    endloop
  endfacet
  facet normal 0.997859 0.0653981 0
    outer loop
      vertex 39 35 6.2
      vertex 38.9059 36.4358 4
      vertex 38.9059 36.4358 6.2
    endloop
  endfacet
  facet normal 0.997859 0.0653981 0
    outer loop
      vertex 38.9059 36.4358 4
      vertex 39 35 6.2
      vertex 39 35 4
    endloop
  endfacet
  facet normal -0.997859 -0.0653981 0
    outer loop
      vertex 17.0941 33.5642 4.9
      vertex 17 35 6.2
      vertex 17 35 4.9
    endloop
  endfacet
  facet normal -0.997859 -0.0653981 0
    outer loop
      vertex 17 35 6.2
      vertex 17.0941 33.5642 4.9
      vertex 17.0941 33.5642 6.2
    endloop
  endfacet
  facet normal -0.321435 -0.946931 0
    outer loop
      vertex 23.7905 24.8373 4
      vertex 25.153 24.3748 6.2
      vertex 23.7905 24.8373 6.2
    endloop
  endfacet
  facet normal -0.321435 -0.946931 -0
    outer loop
      vertex 25.153 24.3748 6.2
      vertex 23.7905 24.8373 4
      vertex 25.153 24.3748 4
    endloop
  endfacet
  facet normal -0.195087 -0.980786 0
    outer loop
      vertex 25.153 24.3748 4
      vertex 26.5642 24.0941 6.2
      vertex 25.153 24.3748 6.2
    endloop
  endfacet
  facet normal -0.195087 -0.980786 -0
    outer loop
      vertex 26.5642 24.0941 6.2
      vertex 25.153 24.3748 4
      vertex 26.5642 24.0941 4
    endloop
  endfacet
  facet normal 0.946931 -0.321435 0
    outer loop
      vertex 38.1627 30.7905 6.2
      vertex 38.6252 32.153 4
      vertex 38.6252 32.153 6.2
    endloop
  endfacet
  facet normal 0.946931 -0.321435 0
    outer loop
      vertex 38.6252 32.153 4
      vertex 38.1627 30.7905 6.2
      vertex 38.1627 30.7905 4
    endloop
  endfacet
  facet normal -0.997859 0.0653981 0
    outer loop
      vertex 17 35 4.9
      vertex 17.0941 36.4358 6.2
      vertex 17.0941 36.4358 4.9
    endloop
  endfacet
  facet normal -0.997859 0.0653981 0
    outer loop
      vertex 17.0941 36.4358 6.2
      vertex 17 35 4.9
      vertex 17 35 6.2
    endloop
  endfacet
  facet normal -0.0653981 -0.997859 0
    outer loop
      vertex 26.5642 24.0941 4
      vertex 28 24 6.2
      vertex 26.5642 24.0941 6.2
    endloop
  endfacet
  facet normal -0.0653981 -0.997859 -0
    outer loop
      vertex 28 24 6.2
      vertex 26.5642 24.0941 4
      vertex 28 24 4
    endloop
  endfacet
  facet normal -0.831472 0.555566 0
    outer loop
      vertex 18.4737 40.5 4.9
      vertex 19.2731 41.6964 6.2
      vertex 19.2731 41.6964 4.9
    endloop
  endfacet
  facet normal -0.831472 0.555566 0
    outer loop
      vertex 19.2731 41.6964 6.2
      vertex 18.4737 40.5 4.9
      vertex 18.4737 40.5 6.2
    endloop
  endfacet
  facet normal 0.980786 -0.195087 0
    outer loop
      vertex 38.6252 32.153 6.2
      vertex 38.9059 33.5642 4
      vertex 38.9059 33.5642 6.2
    endloop
  endfacet
  facet normal 0.980786 -0.195087 0
    outer loop
      vertex 38.9059 33.5642 4
      vertex 38.6252 32.153 6.2
      vertex 38.6252 32.153 4
    endloop
  endfacet
  facet normal -0.555513 -0.831508 0
    outer loop
      vertex 21.8703 25.8945 4.9
      vertex 21.3036 26.2731 6.2
      vertex 21.3036 26.2731 4.9
    endloop
  endfacet
  facet normal -0.555566 -0.831472 -3.36477e-05
    outer loop
      vertex 21.3036 26.2731 6.2
      vertex 21.8703 25.8945 4.9
      vertex 22.5 25.4737 6.2
    endloop
  endfacet
  facet normal -0.555614 -0.83144 0
    outer loop
      vertex 22.5 25.4737 4
      vertex 21.8703 25.8945 4.9
      vertex 21.8703 25.8945 4
    endloop
  endfacet
  facet normal -0.555614 -0.83144 0
    outer loop
      vertex 21.8703 25.8945 4.9
      vertex 22.5 25.4737 4
      vertex 22.5 25.4737 6.2
    endloop
  endfacet
  facet normal 0.659341 -0.751844 0
    outer loop
      vertex 34.6964 26.2731 4
      vertex 35.7782 27.2218 6.2
      vertex 34.6964 26.2731 6.2
    endloop
  endfacet
  facet normal 0.659341 -0.751844 0
    outer loop
      vertex 35.7782 27.2218 6.2
      vertex 34.6964 26.2731 4
      vertex 35.7782 27.2218 4
    endloop
  endfacet
  facet normal -0.980786 -0.195087 0
    outer loop
      vertex 17.3748 32.153 4.9
      vertex 17.0941 33.5642 6.2
      vertex 17.0941 33.5642 4.9
    endloop
  endfacet
  facet normal -0.980786 -0.195087 0
    outer loop
      vertex 17.0941 33.5642 6.2
      vertex 17.3748 32.153 4.9
      vertex 17.3748 32.153 6.2
    endloop
  endfacet
  facet normal -0.195087 0.980786 0
    outer loop
      vertex 26.5642 45.9059 4
      vertex 25.153 45.6252 6.2
      vertex 26.5642 45.9059 6.2
    endloop
  endfacet
  facet normal -0.195087 0.980786 0
    outer loop
      vertex 25.153 45.6252 6.2
      vertex 26.5642 45.9059 4
      vertex 25.153 45.6252 4
    endloop
  endfacet
  facet normal 0.831472 0.555566 0
    outer loop
      vertex 37.5263 40.5 6.2
      vertex 36.7269 41.6964 4
      vertex 36.7269 41.6964 6.2
    endloop
  endfacet
  facet normal 0.831472 0.555566 0
    outer loop
      vertex 36.7269 41.6964 4
      vertex 37.5263 40.5 6.2
      vertex 37.5263 40.5 4
    endloop
  endfacet
  facet normal -0.751844 -0.659341 0
    outer loop
      vertex 20.2218 27.2218 4.9
      vertex 19.2731 28.3036 6.2
      vertex 19.2731 28.3036 4.9
    endloop
  endfacet
  facet normal -0.751844 -0.659341 0
    outer loop
      vertex 19.2731 28.3036 6.2
      vertex 20.2218 27.2218 4.9
      vertex 20.2218 27.2218 6.2
    endloop
  endfacet
  facet normal -0.555566 0.831472 -3.36477e-05
    outer loop
      vertex 22.5 44.5263 6.2
      vertex 21.8703 44.1055 4.9
      vertex 21.3036 43.7269 6.2
    endloop
  endfacet
  facet normal -0.555614 0.83144 0
    outer loop
      vertex 22.5 44.5263 4
      vertex 21.8703 44.1055 4.9
      vertex 22.5 44.5263 6.2
    endloop
  endfacet
  facet normal -0.555614 0.83144 0
    outer loop
      vertex 21.8703 44.1055 4.9
      vertex 22.5 44.5263 4
      vertex 21.8703 44.1055 4
    endloop
  endfacet
  facet normal -0.555513 0.831508 0
    outer loop
      vertex 21.3036 43.7269 6.2
      vertex 21.8703 44.1055 4.9
      vertex 21.3036 43.7269 4.9
    endloop
  endfacet
  facet normal 0.659341 0.751844 -0
    outer loop
      vertex 35.7782 42.7782 4
      vertex 34.6964 43.7269 6.2
      vertex 35.7782 42.7782 6.2
    endloop
  endfacet
  facet normal 0.659341 0.751844 0
    outer loop
      vertex 34.6964 43.7269 6.2
      vertex 35.7782 42.7782 4
      vertex 34.6964 43.7269 4
    endloop
  endfacet
  facet normal 0.442286 0.896874 -0
    outer loop
      vertex 33.5 44.5263 4
      vertex 32.2095 45.1627 6.2
      vertex 33.5 44.5263 6.2
    endloop
  endfacet
  facet normal 0.442286 0.896874 0
    outer loop
      vertex 32.2095 45.1627 6.2
      vertex 33.5 44.5263 4
      vertex 32.2095 45.1627 4
    endloop
  endfacet
  facet normal 0.896874 -0.442286 0
    outer loop
      vertex 37.5263 29.5 6.2
      vertex 38.1627 30.7905 4
      vertex 38.1627 30.7905 6.2
    endloop
  endfacet
  facet normal 0.896874 -0.442286 0
    outer loop
      vertex 38.1627 30.7905 4
      vertex 37.5263 29.5 6.2
      vertex 37.5263 29.5 4
    endloop
  endfacet
  facet normal 0.997859 -0.0653981 0
    outer loop
      vertex 38.9059 33.5642 6.2
      vertex 39 35 4
      vertex 39 35 6.2
    endloop
  endfacet
  facet normal 0.997859 -0.0653981 0
    outer loop
      vertex 39 35 4
      vertex 38.9059 33.5642 6.2
      vertex 38.9059 33.5642 4
    endloop
  endfacet
  facet normal -0.751844 0.659341 0
    outer loop
      vertex 19.2731 41.6964 4.9
      vertex 20.2218 42.7782 6.2
      vertex 20.2218 42.7782 4.9
    endloop
  endfacet
  facet normal -0.751844 0.659341 0
    outer loop
      vertex 20.2218 42.7782 6.2
      vertex 19.2731 41.6964 4.9
      vertex 19.2731 41.6964 6.2
    endloop
  endfacet
  facet normal 0.555566 0.831472 -0
    outer loop
      vertex 34.6964 43.7269 4
      vertex 33.5 44.5263 6.2
      vertex 34.6964 43.7269 6.2
    endloop
  endfacet
  facet normal 0.555566 0.831472 0
    outer loop
      vertex 33.5 44.5263 6.2
      vertex 34.6964 43.7269 4
      vertex 33.5 44.5263 4
    endloop
  endfacet
  facet normal -0.946931 0.321435 0
    outer loop
      vertex 17.3748 37.847 4.9
      vertex 17.8373 39.2095 6.2
      vertex 17.8373 39.2095 4.9
    endloop
  endfacet
  facet normal -0.946931 0.321435 0
    outer loop
      vertex 17.8373 39.2095 6.2
      vertex 17.3748 37.847 4.9
      vertex 17.3748 37.847 6.2
    endloop
  endfacet
  facet normal -0.831472 -0.555566 0
    outer loop
      vertex 19.2731 28.3036 4.9
      vertex 18.4737 29.5 6.2
      vertex 18.4737 29.5 4.9
    endloop
  endfacet
  facet normal -0.831472 -0.555566 0
    outer loop
      vertex 18.4737 29.5 6.2
      vertex 19.2731 28.3036 4.9
      vertex 19.2731 28.3036 6.2
    endloop
  endfacet
  facet normal 0.0653981 0.997859 -0
    outer loop
      vertex 29.4358 45.9059 4
      vertex 28 46 6.2
      vertex 29.4358 45.9059 6.2
    endloop
  endfacet
  facet normal 0.0653981 0.997859 0
    outer loop
      vertex 28 46 6.2
      vertex 29.4358 45.9059 4
      vertex 28 46 4
    endloop
  endfacet
  facet normal 0.321435 -0.946931 0
    outer loop
      vertex 30.847 24.3748 4
      vertex 32.2095 24.8373 6.2
      vertex 30.847 24.3748 6.2
    endloop
  endfacet
  facet normal 0.321435 -0.946931 0
    outer loop
      vertex 32.2095 24.8373 6.2
      vertex 30.847 24.3748 4
      vertex 32.2095 24.8373 4
    endloop
  endfacet
  facet normal -0.896874 -0.442286 0
    outer loop
      vertex 18.4737 29.5 4.9
      vertex 17.8373 30.7905 6.2
      vertex 17.8373 30.7905 4.9
    endloop
  endfacet
  facet normal -0.896874 -0.442286 0
    outer loop
      vertex 17.8373 30.7905 6.2
      vertex 18.4737 29.5 4.9
      vertex 18.4737 29.5 6.2
    endloop
  endfacet
  facet normal 0.555566 -0.831472 0
    outer loop
      vertex 33.5 25.4737 4
      vertex 34.6964 26.2731 6.2
      vertex 33.5 25.4737 6.2
    endloop
  endfacet
  facet normal 0.555566 -0.831472 0
    outer loop
      vertex 34.6964 26.2731 6.2
      vertex 33.5 25.4737 4
      vertex 34.6964 26.2731 4
    endloop
  endfacet
  facet normal -0 0 1
    outer loop
      vertex 33.9641 35.5482 6.2
      vertex 39 35 6.2
      vertex 38.9059 36.4358 6.2
    endloop
  endfacet
  facet normal 0 0 1
    outer loop
      vertex 33.8569 36.087 6.2
      vertex 38.9059 36.4358 6.2
      vertex 38.6252 37.847 6.2
    endloop
  endfacet
  facet normal 0 0 1
    outer loop
      vertex 39 35 6.2
      vertex 33.9641 35.5482 6.2
      vertex 34 35 6.2
    endloop
  endfacet
  facet normal 0 0 1
    outer loop
      vertex 33.6803 36.6073 6.2
      vertex 38.6252 37.847 6.2
      vertex 38.1627 39.2095 6.2
    endloop
  endfacet
  facet normal 0 0 1
    outer loop
      vertex 33.9641 34.4518 6.2
      vertex 39 35 6.2
      vertex 34 35 6.2
    endloop
  endfacet
  facet normal 0 0 1
    outer loop
      vertex 33.4373 37.1 6.2
      vertex 38.1627 39.2095 6.2
      vertex 37.5263 40.5 6.2
    endloop
  endfacet
  facet normal 0 0 1
    outer loop
      vertex 39 35 6.2
      vertex 33.9641 34.4518 6.2
      vertex 38.9059 33.5642 6.2
    endloop
  endfacet
  facet normal 0 0 1
    outer loop
      vertex 32.7698 37.9698 6.2
      vertex 37.5263 40.5 6.2
      vertex 36.7269 41.6964 6.2
    endloop
  endfacet
  facet normal -0 0 1
    outer loop
      vertex 33.8569 33.913 6.2
      vertex 38.9059 33.5642 6.2
      vertex 33.9641 34.4518 6.2
    endloop
  endfacet
  facet normal 0 0 1
    outer loop
      vertex 32.3568 38.3321 6.2
      vertex 36.7269 41.6964 6.2
      vertex 35.7782 42.7782 6.2
    endloop
  endfacet
  facet normal -0 0 1
    outer loop
      vertex 33.6803 33.3927 6.2
      vertex 38.6252 32.153 6.2
      vertex 33.8569 33.913 6.2
    endloop
  endfacet
  facet normal 0 0 1
    outer loop
      vertex 31.9 38.6373 6.2
      vertex 35.7782 42.7782 6.2
      vertex 34.6964 43.7269 6.2
    endloop
  endfacet
  facet normal 0 0 1
    outer loop
      vertex 38.6252 32.153 6.2
      vertex 33.6803 33.3927 6.2
      vertex 38.1627 30.7905 6.2
    endloop
  endfacet
  facet normal -0 0 1
    outer loop
      vertex 33.4373 32.9 6.2
      vertex 38.1627 30.7905 6.2
      vertex 33.6803 33.3927 6.2
    endloop
  endfacet
  facet normal 0 0 1
    outer loop
      vertex 38.9059 33.5642 6.2
      vertex 33.8569 33.913 6.2
      vertex 38.6252 32.153 6.2
    endloop
  endfacet
  facet normal 0 0 1
    outer loop
      vertex 38.9059 36.4358 6.2
      vertex 33.8569 36.087 6.2
      vertex 33.9641 35.5482 6.2
    endloop
  endfacet
  facet normal 0 0 1
    outer loop
      vertex 38.6252 37.847 6.2
      vertex 33.6803 36.6073 6.2
      vertex 33.8569 36.087 6.2
    endloop
  endfacet
  facet normal 0 0 1
    outer loop
      vertex 31.4073 38.8803 6.2
      vertex 34.6964 43.7269 6.2
      vertex 33.5 44.5263 6.2
    endloop
  endfacet
  facet normal 0 0 1
    outer loop
      vertex 38.1627 39.2095 6.2
      vertex 33.4373 37.1 6.2
      vertex 33.6803 36.6073 6.2
    endloop
  endfacet
  facet normal 0 0 1
    outer loop
      vertex 37.5263 40.5 6.2
      vertex 33.1321 37.5568 6.2
      vertex 33.4373 37.1 6.2
    endloop
  endfacet
  facet normal 0 0 1
    outer loop
      vertex 37.5263 40.5 6.2
      vertex 32.7698 37.9698 6.2
      vertex 33.1321 37.5568 6.2
    endloop
  endfacet
  facet normal 0 0 1
    outer loop
      vertex 36.7269 41.6964 6.2
      vertex 32.3568 38.3321 6.2
      vertex 32.7698 37.9698 6.2
    endloop
  endfacet
  facet normal 0 0 1
    outer loop
      vertex 30.887 39.0569 6.2
      vertex 33.5 44.5263 6.2
      vertex 32.2095 45.1627 6.2
    endloop
  endfacet
  facet normal 0 0 1
    outer loop
      vertex 35.7782 42.7782 6.2
      vertex 31.9 38.6373 6.2
      vertex 32.3568 38.3321 6.2
    endloop
  endfacet
  facet normal 0 0 1
    outer loop
      vertex 34.6964 43.7269 6.2
      vertex 31.4073 38.8803 6.2
      vertex 31.9 38.6373 6.2
    endloop
  endfacet
  facet normal 0 0 1
    outer loop
      vertex 33.5 44.5263 6.2
      vertex 30.887 39.0569 6.2
      vertex 31.4073 38.8803 6.2
    endloop
  endfacet
  facet normal 0 0 1
    outer loop
      vertex 30.3482 39.1641 6.2
      vertex 32.2095 45.1627 6.2
      vertex 30.847 45.6252 6.2
    endloop
  endfacet
  facet normal 0 0 1
    outer loop
      vertex 32.2095 45.1627 6.2
      vertex 30.3482 39.1641 6.2
      vertex 30.887 39.0569 6.2
    endloop
  endfacet
  facet normal 0 0 1
    outer loop
      vertex 30.847 45.6252 6.2
      vertex 29.8 39.2 6.2
      vertex 30.3482 39.1641 6.2
    endloop
  endfacet
  facet normal 0 0 1
    outer loop
      vertex 29.4358 45.9059 6.2
      vertex 29.8 39.2 6.2
      vertex 30.847 45.6252 6.2
    endloop
  endfacet
  facet normal 0 0 1
    outer loop
      vertex 28 46 6.2
      vertex 29.8 39.2 6.2
      vertex 29.4358 45.9059 6.2
    endloop
  endfacet
  facet normal 0 0 1
    outer loop
      vertex 26.2 39.2 6.2
      vertex 28 46 6.2
      vertex 26.5642 45.9059 6.2
    endloop
  endfacet
  facet normal 0 0 1
    outer loop
      vertex 28 46 6.2
      vertex 26.2 39.2 6.2
      vertex 29.8 39.2 6.2
    endloop
  endfacet
  facet normal -0 0 1
    outer loop
      vertex 25.153 45.6252 6.2
      vertex 26.2 39.2 6.2
      vertex 26.5642 45.9059 6.2
    endloop
  endfacet
  facet normal 0 0 1
    outer loop
      vertex 26.2 39.2 6.2
      vertex 25.153 45.6252 6.2
      vertex 25.6518 39.1641 6.2
    endloop
  endfacet
  facet normal -0 0 1
    outer loop
      vertex 23.7905 45.1627 6.2
      vertex 25.6518 39.1641 6.2
      vertex 25.153 45.6252 6.2
    endloop
  endfacet
  facet normal 0 0 1
    outer loop
      vertex 25.6518 39.1641 6.2
      vertex 23.7905 45.1627 6.2
      vertex 25.113 39.0569 6.2
    endloop
  endfacet
  facet normal -0 0 1
    outer loop
      vertex 22.5 44.5263 6.2
      vertex 25.113 39.0569 6.2
      vertex 23.7905 45.1627 6.2
    endloop
  endfacet
  facet normal 0 0 1
    outer loop
      vertex 25.113 39.0569 6.2
      vertex 22.5 44.5263 6.2
      vertex 24.5927 38.8803 6.2
    endloop
  endfacet
  facet normal -0 0 1
    outer loop
      vertex 21.3036 43.7269 6.2
      vertex 24.5927 38.8803 6.2
      vertex 22.5 44.5263 6.2
    endloop
  endfacet
  facet normal 0 0 1
    outer loop
      vertex 24.5927 38.8803 6.2
      vertex 21.3036 43.7269 6.2
      vertex 24.1 38.6373 6.2
    endloop
  endfacet
  facet normal -0 0 1
    outer loop
      vertex 20.2218 42.7782 6.2
      vertex 24.1 38.6373 6.2
      vertex 21.3036 43.7269 6.2
    endloop
  endfacet
  facet normal 0 0 1
    outer loop
      vertex 24.1 38.6373 6.2
      vertex 20.2218 42.7782 6.2
      vertex 23.6432 38.3321 6.2
    endloop
  endfacet
  facet normal -0 0 1
    outer loop
      vertex 19.2731 41.6964 6.2
      vertex 23.6432 38.3321 6.2
      vertex 20.2218 42.7782 6.2
    endloop
  endfacet
  facet normal 0 0 1
    outer loop
      vertex 23.6432 38.3321 6.2
      vertex 19.2731 41.6964 6.2
      vertex 23.2302 37.9698 6.2
    endloop
  endfacet
  facet normal -0 0 1
    outer loop
      vertex 18.4737 40.5 6.2
      vertex 23.2302 37.9698 6.2
      vertex 19.2731 41.6964 6.2
    endloop
  endfacet
  facet normal 0 0 1
    outer loop
      vertex 23.2302 37.9698 6.2
      vertex 18.4737 40.5 6.2
      vertex 22.8679 37.5568 6.2
    endloop
  endfacet
  facet normal 0 0 1
    outer loop
      vertex 22.8679 37.5568 6.2
      vertex 18.4737 40.5 6.2
      vertex 22.5627 37.1 6.2
    endloop
  endfacet
  facet normal -0 0 1
    outer loop
      vertex 17.8373 39.2095 6.2
      vertex 22.5627 37.1 6.2
      vertex 18.4737 40.5 6.2
    endloop
  endfacet
  facet normal 0 0 1
    outer loop
      vertex 38.1627 30.7905 6.2
      vertex 33.4373 32.9 6.2
      vertex 37.5263 29.5 6.2
    endloop
  endfacet
  facet normal -0 0 1
    outer loop
      vertex 33.1321 32.4432 6.2
      vertex 37.5263 29.5 6.2
      vertex 33.4373 32.9 6.2
    endloop
  endfacet
  facet normal -0 0 1
    outer loop
      vertex 32.7698 32.0302 6.2
      vertex 37.5263 29.5 6.2
      vertex 33.1321 32.4432 6.2
    endloop
  endfacet
  facet normal 0 0 1
    outer loop
      vertex 37.5263 29.5 6.2
      vertex 32.7698 32.0302 6.2
      vertex 36.7269 28.3036 6.2
    endloop
  endfacet
  facet normal -0 0 1
    outer loop
      vertex 32.3568 31.6679 6.2
      vertex 36.7269 28.3036 6.2
      vertex 32.7698 32.0302 6.2
    endloop
  endfacet
  facet normal 0 0 1
    outer loop
      vertex 36.7269 28.3036 6.2
      vertex 32.3568 31.6679 6.2
      vertex 35.7782 27.2218 6.2
    endloop
  endfacet
  facet normal -0 0 1
    outer loop
      vertex 31.9 31.3627 6.2
      vertex 35.7782 27.2218 6.2
      vertex 32.3568 31.6679 6.2
    endloop
  endfacet
  facet normal 0 0 1
    outer loop
      vertex 35.7782 27.2218 6.2
      vertex 31.9 31.3627 6.2
      vertex 34.6964 26.2731 6.2
    endloop
  endfacet
  facet normal -0 0 1
    outer loop
      vertex 31.4073 31.1197 6.2
      vertex 34.6964 26.2731 6.2
      vertex 31.9 31.3627 6.2
    endloop
  endfacet
  facet normal 0 0 1
    outer loop
      vertex 34.6964 26.2731 6.2
      vertex 31.4073 31.1197 6.2
      vertex 33.5 25.4737 6.2
    endloop
  endfacet
  facet normal -0 0 1
    outer loop
      vertex 30.887 30.9431 6.2
      vertex 33.5 25.4737 6.2
      vertex 31.4073 31.1197 6.2
    endloop
  endfacet
  facet normal 0 0 1
    outer loop
      vertex 33.5 25.4737 6.2
      vertex 30.887 30.9431 6.2
      vertex 32.2095 24.8373 6.2
    endloop
  endfacet
  facet normal -0 0 1
    outer loop
      vertex 30.3482 30.8359 6.2
      vertex 32.2095 24.8373 6.2
      vertex 30.887 30.9431 6.2
    endloop
  endfacet
  facet normal 0 0 1
    outer loop
      vertex 32.2095 24.8373 6.2
      vertex 30.3482 30.8359 6.2
      vertex 30.847 24.3748 6.2
    endloop
  endfacet
  facet normal -0 0 1
    outer loop
      vertex 29.8 30.8 6.2
      vertex 30.847 24.3748 6.2
      vertex 30.3482 30.8359 6.2
    endloop
  endfacet
  facet normal 0 0 1
    outer loop
      vertex 29.8 30.8 6.2
      vertex 29.4358 24.0941 6.2
      vertex 30.847 24.3748 6.2
    endloop
  endfacet
  facet normal 0 0 1
    outer loop
      vertex 29.8 30.8 6.2
      vertex 28 24 6.2
      vertex 29.4358 24.0941 6.2
    endloop
  endfacet
  facet normal -0 0 1
    outer loop
      vertex 26.2 30.8 6.2
      vertex 28 24 6.2
      vertex 29.8 30.8 6.2
    endloop
  endfacet
  facet normal 0 0 1
    outer loop
      vertex 28 24 6.2
      vertex 26.2 30.8 6.2
      vertex 26.5642 24.0941 6.2
    endloop
  endfacet
  facet normal 0 0 1
    outer loop
      vertex 25.153 24.3748 6.2
      vertex 26.2 30.8 6.2
      vertex 25.6518 30.8359 6.2
    endloop
  endfacet
  facet normal 0 0 1
    outer loop
      vertex 26.2 30.8 6.2
      vertex 25.153 24.3748 6.2
      vertex 26.5642 24.0941 6.2
    endloop
  endfacet
  facet normal 0 0 1
    outer loop
      vertex 23.7905 24.8373 6.2
      vertex 25.6518 30.8359 6.2
      vertex 25.113 30.9431 6.2
    endloop
  endfacet
  facet normal 0 0 1
    outer loop
      vertex 22.5 25.4737 6.2
      vertex 25.113 30.9431 6.2
      vertex 24.5927 31.1197 6.2
    endloop
  endfacet
  facet normal 0 0 1
    outer loop
      vertex 21.3036 26.2731 6.2
      vertex 24.5927 31.1197 6.2
      vertex 24.1 31.3627 6.2
    endloop
  endfacet
  facet normal 0 0 1
    outer loop
      vertex 25.6518 30.8359 6.2
      vertex 23.7905 24.8373 6.2
      vertex 25.153 24.3748 6.2
    endloop
  endfacet
  facet normal 0 0 1
    outer loop
      vertex 20.2218 27.2218 6.2
      vertex 24.1 31.3627 6.2
      vertex 23.6432 31.6679 6.2
    endloop
  endfacet
  facet normal 0 0 1
    outer loop
      vertex 19.2731 28.3036 6.2
      vertex 23.6432 31.6679 6.2
      vertex 23.2302 32.0302 6.2
    endloop
  endfacet
  facet normal 0 0 1
    outer loop
      vertex 18.4737 29.5 6.2
      vertex 23.2302 32.0302 6.2
      vertex 22.8679 32.4432 6.2
    endloop
  endfacet
  facet normal 0 0 1
    outer loop
      vertex 18.4737 29.5 6.2
      vertex 22.8679 32.4432 6.2
      vertex 22.5627 32.9 6.2
    endloop
  endfacet
  facet normal 0 0 1
    outer loop
      vertex 25.113 30.9431 6.2
      vertex 22.5 25.4737 6.2
      vertex 23.7905 24.8373 6.2
    endloop
  endfacet
  facet normal 0 0 1
    outer loop
      vertex 17.8373 30.7905 6.2
      vertex 22.5627 32.9 6.2
      vertex 22.3197 33.3927 6.2
    endloop
  endfacet
  facet normal 0 0 1
    outer loop
      vertex 17.3748 32.153 6.2
      vertex 22.3197 33.3927 6.2
      vertex 22.1431 33.913 6.2
    endloop
  endfacet
  facet normal 0 0 1
    outer loop
      vertex 17.0941 33.5642 6.2
      vertex 22.1431 33.913 6.2
      vertex 22.0359 34.4518 6.2
    endloop
  endfacet
  facet normal -0 0 1
    outer loop
      vertex 17 35 6.2
      vertex 22.0359 34.4518 6.2
      vertex 22 35 6.2
    endloop
  endfacet
  facet normal 0 0 1
    outer loop
      vertex 22.5627 37.1 6.2
      vertex 17.8373 39.2095 6.2
      vertex 22.3197 36.6073 6.2
    endloop
  endfacet
  facet normal 0 0 1
    outer loop
      vertex 24.5927 31.1197 6.2
      vertex 21.3036 26.2731 6.2
      vertex 22.5 25.4737 6.2
    endloop
  endfacet
  facet normal -0 0 1
    outer loop
      vertex 17.3748 37.847 6.2
      vertex 22.3197 36.6073 6.2
      vertex 17.8373 39.2095 6.2
    endloop
  endfacet
  facet normal 0 0 1
    outer loop
      vertex 24.1 31.3627 6.2
      vertex 20.2218 27.2218 6.2
      vertex 21.3036 26.2731 6.2
    endloop
  endfacet
  facet normal 0 0 1
    outer loop
      vertex 22.3197 36.6073 6.2
      vertex 17.3748 37.847 6.2
      vertex 22.1431 36.087 6.2
    endloop
  endfacet
  facet normal 0 0 1
    outer loop
      vertex 23.6432 31.6679 6.2
      vertex 19.2731 28.3036 6.2
      vertex 20.2218 27.2218 6.2
    endloop
  endfacet
  facet normal -0 0 1
    outer loop
      vertex 17.0941 36.4358 6.2
      vertex 22.1431 36.087 6.2
      vertex 17.3748 37.847 6.2
    endloop
  endfacet
  facet normal 0 0 1
    outer loop
      vertex 23.2302 32.0302 6.2
      vertex 18.4737 29.5 6.2
      vertex 19.2731 28.3036 6.2
    endloop
  endfacet
  facet normal 0 0 1
    outer loop
      vertex 22.1431 36.087 6.2
      vertex 17.0941 36.4358 6.2
      vertex 22.0359 35.5482 6.2
    endloop
  endfacet
  facet normal 0 0 1
    outer loop
      vertex 22.5627 32.9 6.2
      vertex 17.8373 30.7905 6.2
      vertex 18.4737 29.5 6.2
    endloop
  endfacet
  facet normal 0 0 1
    outer loop
      vertex 17 35 6.2
      vertex 22.0359 35.5482 6.2
      vertex 17.0941 36.4358 6.2
    endloop
  endfacet
  facet normal 0 0 1
    outer loop
      vertex 22.3197 33.3927 6.2
      vertex 17.3748 32.153 6.2
      vertex 17.8373 30.7905 6.2
    endloop
  endfacet
  facet normal 0 0 1
    outer loop
      vertex 22.0359 35.5482 6.2
      vertex 17 35 6.2
      vertex 22 35 6.2
    endloop
  endfacet
  facet normal 0 0 1
    outer loop
      vertex 22.1431 33.913 6.2
      vertex 17.0941 33.5642 6.2
      vertex 17.3748 32.153 6.2
    endloop
  endfacet
  facet normal 0 0 1
    outer loop
      vertex 22.0359 34.4518 6.2
      vertex 17 35 6.2
      vertex 17.0941 33.5642 6.2
    endloop
  endfacet
  facet normal -0.442286 0.896874 0
    outer loop
      vertex 23.7905 45.1627 4
      vertex 22.5 44.5263 6.2
      vertex 23.7905 45.1627 6.2
    endloop
  endfacet
  facet normal -0.442286 0.896874 0
    outer loop
      vertex 22.5 44.5263 6.2
      vertex 23.7905 45.1627 4
      vertex 22.5 44.5263 4
    endloop
  endfacet
  facet normal -0.0653981 0.997859 0
    outer loop
      vertex 28 46 4
      vertex 26.5642 45.9059 6.2
      vertex 28 46 6.2
    endloop
  endfacet
  facet normal -0.0653981 0.997859 0
    outer loop
      vertex 26.5642 45.9059 6.2
      vertex 28 46 4
      vertex 26.5642 45.9059 4
    endloop
  endfacet
  facet normal 0.195087 0.980786 -0
    outer loop
      vertex 30.847 45.6252 4
      vertex 29.4358 45.9059 6.2
      vertex 30.847 45.6252 6.2
    endloop
  endfacet
  facet normal 0.195087 0.980786 0
    outer loop
      vertex 29.4358 45.9059 6.2
      vertex 30.847 45.6252 4
      vertex 29.4358 45.9059 4
    endloop
  endfacet
  facet normal -0.659341 -0.751844 0
    outer loop
      vertex 20.2218 27.2218 4.9
      vertex 21.3036 26.2731 6.2
      vertex 20.2218 27.2218 6.2
    endloop
  endfacet
  facet normal -0.659341 -0.751844 -0
    outer loop
      vertex 21.3036 26.2731 6.2
      vertex 20.2218 27.2218 4.9
      vertex 21.3036 26.2731 4.9
    endloop
  endfacet
  facet normal 0.751844 -0.659341 0
    outer loop
      vertex 35.7782 27.2218 6.2
      vertex 36.7269 28.3036 4
      vertex 36.7269 28.3036 6.2
    endloop
  endfacet
  facet normal 0.751844 -0.659341 0
    outer loop
      vertex 36.7269 28.3036 4
      vertex 35.7782 27.2218 6.2
      vertex 35.7782 27.2218 4
    endloop
  endfacet
  facet normal 0.321435 0.946931 -0
    outer loop
      vertex 32.2095 45.1627 4
      vertex 30.847 45.6252 6.2
      vertex 32.2095 45.1627 6.2
    endloop
  endfacet
  facet normal 0.321435 0.946931 0
    outer loop
      vertex 30.847 45.6252 6.2
      vertex 32.2095 45.1627 4
      vertex 30.847 45.6252 4
    endloop
  endfacet
  facet normal -0.946931 -0.321435 0
    outer loop
      vertex 17.8373 30.7905 4.9
      vertex 17.3748 32.153 6.2
      vertex 17.3748 32.153 4.9
    endloop
  endfacet
  facet normal -0.946931 -0.321435 0
    outer loop
      vertex 17.3748 32.153 6.2
      vertex 17.8373 30.7905 4.9
      vertex 17.8373 30.7905 6.2
    endloop
  endfacet
  facet normal 0.831472 -0.555566 0
    outer loop
      vertex 36.7269 28.3036 6.2
      vertex 37.5263 29.5 4
      vertex 37.5263 29.5 6.2
    endloop
  endfacet
  facet normal 0.831472 -0.555566 0
    outer loop
      vertex 37.5263 29.5 4
      vertex 36.7269 28.3036 6.2
      vertex 36.7269 28.3036 4
    endloop
  endfacet
  facet normal -0.980786 0.195087 0
    outer loop
      vertex 17.0941 36.4358 4.9
      vertex 17.3748 37.847 6.2
      vertex 17.3748 37.847 4.9
    endloop
  endfacet
  facet normal -0.980786 0.195087 0
    outer loop
      vertex 17.3748 37.847 6.2
      vertex 17.0941 36.4358 4.9
      vertex 17.0941 36.4358 6.2
    endloop
  endfacet
  facet normal 0.896874 0.442286 0
    outer loop
      vertex 38.1627 39.2095 6.2
      vertex 37.5263 40.5 4
      vertex 37.5263 40.5 6.2
    endloop
  endfacet
  facet normal 0.896874 0.442286 0
    outer loop
      vertex 37.5263 40.5 4
      vertex 38.1627 39.2095 6.2
      vertex 38.1627 39.2095 4
    endloop
  endfacet
  facet normal 0.0653981 -0.997859 0
    outer loop
      vertex 28 24 4
      vertex 29.4358 24.0941 6.2
      vertex 28 24 6.2
    endloop
  endfacet
  facet normal 0.0653981 -0.997859 0
    outer loop
      vertex 29.4358 24.0941 6.2
      vertex 28 24 4
      vertex 29.4358 24.0941 4
    endloop
  endfacet
  facet normal 0.751844 0.659341 0
    outer loop
      vertex 36.7269 41.6964 6.2
      vertex 35.7782 42.7782 4
      vertex 35.7782 42.7782 6.2
    endloop
  endfacet
  facet normal 0.751844 0.659341 0
    outer loop
      vertex 35.7782 42.7782 4
      vertex 36.7269 41.6964 6.2
      vertex 36.7269 41.6964 4
    endloop
  endfacet
  facet normal 0.946931 0.321435 0
    outer loop
      vertex 38.6252 37.847 6.2
      vertex 38.1627 39.2095 4
      vertex 38.1627 39.2095 6.2
    endloop
  endfacet
  facet normal 0.946931 0.321435 0
    outer loop
      vertex 38.1627 39.2095 4
      vertex 38.6252 37.847 6.2
      vertex 38.6252 37.847 4
    endloop
  endfacet
  facet normal -0.442286 -0.896874 0
    outer loop
      vertex 22.5 25.4737 4
      vertex 23.7905 24.8373 6.2
      vertex 22.5 25.4737 6.2
    endloop
  endfacet
  facet normal -0.442286 -0.896874 -0
    outer loop
      vertex 23.7905 24.8373 6.2
      vertex 22.5 25.4737 4
      vertex 23.7905 24.8373 4
    endloop
  endfacet
  facet normal -0.896874 0.442286 0
    outer loop
      vertex 17.8373 39.2095 4.9
      vertex 18.4737 40.5 6.2
      vertex 18.4737 40.5 4.9
    endloop
  endfacet
  facet normal -0.896874 0.442286 0
    outer loop
      vertex 18.4737 40.5 6.2
      vertex 17.8373 39.2095 4.9
      vertex 17.8373 39.2095 6.2
    endloop
  endfacet
  facet normal -0.321435 0.946931 0
    outer loop
      vertex 25.153 45.6252 4
      vertex 23.7905 45.1627 6.2
      vertex 25.153 45.6252 6.2
    endloop
  endfacet
  facet normal -0.321435 0.946931 0
    outer loop
      vertex 23.7905 45.1627 6.2
      vertex 25.153 45.6252 4
      vertex 23.7905 45.1627 4
    endloop
  endfacet
  facet normal 0.442286 -0.896874 0
    outer loop
      vertex 32.2095 24.8373 4
      vertex 33.5 25.4737 6.2
      vertex 32.2095 24.8373 6.2
    endloop
  endfacet
  facet normal 0.442286 -0.896874 0
    outer loop
      vertex 33.5 25.4737 6.2
      vertex 32.2095 24.8373 4
      vertex 33.5 25.4737 4
    endloop
  endfacet
  facet normal -0.659341 0.751844 0
    outer loop
      vertex 21.3036 43.7269 4.9
      vertex 20.2218 42.7782 6.2
      vertex 21.3036 43.7269 6.2
    endloop
  endfacet
  facet normal -0.659341 0.751844 0
    outer loop
      vertex 20.2218 42.7782 6.2
      vertex 21.3036 43.7269 4.9
      vertex 20.2218 42.7782 4.9
    endloop
  endfacet
  facet normal -0.980785 -0.195093 0
    outer loop
      vertex 38.1127 36.3314 4.6
      vertex 37.8524 37.64 6
      vertex 37.8524 37.64 4.6
    endloop
  endfacet
  facet normal -0.980785 -0.195093 0
    outer loop
      vertex 37.8524 37.64 6
      vertex 38.1127 36.3314 4.6
      vertex 38.1127 36.3314 6
    endloop
  endfacet
  facet normal -0.997857 -0.0654296 0
    outer loop
      vertex 38.2 35 4.6
      vertex 38.1127 36.3314 6
      vertex 38.1127 36.3314 4.6
    endloop
  endfacet
  facet normal -0.997857 -0.0654296 0
    outer loop
      vertex 38.1127 36.3314 6
      vertex 38.2 35 4.6
      vertex 38.2 35 6
    endloop
  endfacet
  facet normal -0.946945 -0.321395 0
    outer loop
      vertex 37.8524 37.64 4.6
      vertex 37.4236 38.9034 6
      vertex 37.4236 38.9034 4.6
    endloop
  endfacet
  facet normal -0.946945 -0.321395 0
    outer loop
      vertex 37.4236 38.9034 6
      vertex 37.8524 37.64 4.6
      vertex 37.8524 37.64 6
    endloop
  endfacet
  facet normal 0.997857 -0.0654296 0
    outer loop
      vertex 17.8 35 6
      vertex 17.8873 36.3314 4.9
      vertex 17.8873 36.3314 6
    endloop
  endfacet
  facet normal 0.997857 -0.0654296 0
    outer loop
      vertex 17.8873 36.3314 4.9
      vertex 17.8 35 6
      vertex 17.8 35 4.9
    endloop
  endfacet
  facet normal -0.321395 -0.946945 0
    outer loop
      vertex 30.64 44.8524 4.6
      vertex 31.9034 44.4236 6
      vertex 30.64 44.8524 6
    endloop
  endfacet
  facet normal -0.321395 -0.946945 -0
    outer loop
      vertex 31.9034 44.4236 6
      vertex 30.64 44.8524 4.6
      vertex 31.9034 44.4236 4.6
    endloop
  endfacet
  facet normal -0.195093 -0.980785 0
    outer loop
      vertex 29.3314 45.1127 4.6
      vertex 30.64 44.8524 6
      vertex 29.3314 45.1127 6
    endloop
  endfacet
  facet normal -0.195093 -0.980785 -0
    outer loop
      vertex 30.64 44.8524 6
      vertex 29.3314 45.1127 4.6
      vertex 30.64 44.8524 4.6
    endloop
  endfacet
  facet normal -0.896872 -0.44229 0
    outer loop
      vertex 37.4236 38.9034 4.6
      vertex 36.8335 40.1 6
      vertex 36.8335 40.1 4.6
    endloop
  endfacet
  facet normal -0.896872 -0.44229 0
    outer loop
      vertex 36.8335 40.1 6
      vertex 37.4236 38.9034 4.6
      vertex 37.4236 38.9034 6
    endloop
  endfacet
  facet normal -0.195093 0.980785 0
    outer loop
      vertex 30.64 25.1476 4.6
      vertex 29.3314 24.8873 6
      vertex 30.64 25.1476 6
    endloop
  endfacet
  facet normal -0.195093 0.980785 0
    outer loop
      vertex 29.3314 24.8873 6
      vertex 30.64 25.1476 4.6
      vertex 29.3314 24.8873 4.6
    endloop
  endfacet
  facet normal -0.0654296 0.997857 0
    outer loop
      vertex 29.3314 24.8873 4.6
      vertex 28 24.8 6
      vertex 29.3314 24.8873 6
    endloop
  endfacet
  facet normal -0.0654296 0.997857 0
    outer loop
      vertex 28 24.8 6
      vertex 29.3314 24.8873 4.6
      vertex 28 24.8 4.6
    endloop
  endfacet
  facet normal -0.659348 -0.751838 0
    outer loop
      vertex 34.2094 43.0922 4.6
      vertex 35.2125 42.2125 6
      vertex 34.2094 43.0922 6
    endloop
  endfacet
  facet normal -0.659348 -0.751838 -0
    outer loop
      vertex 35.2125 42.2125 6
      vertex 34.2094 43.0922 4.6
      vertex 35.2125 42.2125 4.6
    endloop
  endfacet
  facet normal -0.896872 0.44229 0
    outer loop
      vertex 36.8335 29.9 4.6
      vertex 37.4236 31.0966 6
      vertex 37.4236 31.0966 4.6
    endloop
  endfacet
  facet normal -0.896872 0.44229 0
    outer loop
      vertex 37.4236 31.0966 6
      vertex 36.8335 29.9 4.6
      vertex 36.8335 29.9 6
    endloop
  endfacet
  facet normal 0.195093 0.980785 -0
    outer loop
      vertex 26.6686 24.8873 4.6
      vertex 25.36 25.1476 6
      vertex 26.6686 24.8873 6
    endloop
  endfacet
  facet normal 0.195093 0.980785 0
    outer loop
      vertex 25.36 25.1476 6
      vertex 26.6686 24.8873 4.6
      vertex 25.36 25.1476 4.6
    endloop
  endfacet
  facet normal 0.896872 -0.44229 0
    outer loop
      vertex 18.5764 38.9034 6
      vertex 19.1665 40.1 4.9
      vertex 19.1665 40.1 6
    endloop
  endfacet
  facet normal 0.896872 -0.44229 0
    outer loop
      vertex 19.1665 40.1 4.9
      vertex 18.5764 38.9034 6
      vertex 18.5764 38.9034 4.9
    endloop
  endfacet
  facet normal -0.659348 0.751838 0
    outer loop
      vertex 35.2125 27.7875 4.6
      vertex 34.2094 26.9078 6
      vertex 35.2125 27.7875 6
    endloop
  endfacet
  facet normal -0.659348 0.751838 0
    outer loop
      vertex 34.2094 26.9078 6
      vertex 35.2125 27.7875 4.6
      vertex 34.2094 26.9078 4.6
    endloop
  endfacet
  facet normal -0.751838 0.659348 0
    outer loop
      vertex 35.2125 27.7875 4.6
      vertex 36.0922 28.7906 6
      vertex 36.0922 28.7906 4.6
    endloop
  endfacet
  facet normal -0.751838 0.659348 0
    outer loop
      vertex 36.0922 28.7906 6
      vertex 35.2125 27.7875 4.6
      vertex 35.2125 27.7875 6
    endloop
  endfacet
  facet normal -0.321395 0.946945 0
    outer loop
      vertex 31.9034 25.5764 4.6
      vertex 30.64 25.1476 6
      vertex 31.9034 25.5764 6
    endloop
  endfacet
  facet normal -0.321395 0.946945 0
    outer loop
      vertex 30.64 25.1476 6
      vertex 31.9034 25.5764 4.6
      vertex 30.64 25.1476 4.6
    endloop
  endfacet
  facet normal 0.997857 0.0654296 0
    outer loop
      vertex 17.8873 33.6686 6
      vertex 17.8 35 4.9
      vertex 17.8 35 6
    endloop
  endfacet
  facet normal 0.997857 0.0654296 0
    outer loop
      vertex 17.8 35 4.9
      vertex 17.8873 33.6686 6
      vertex 17.8873 33.6686 4.9
    endloop
  endfacet
  facet normal 0.659348 -0.751838 0
    outer loop
      vertex 20.7875 42.2125 4.9
      vertex 21.7906 43.0922 6
      vertex 20.7875 42.2125 6
    endloop
  endfacet
  facet normal 0.659348 -0.751838 0
    outer loop
      vertex 21.7906 43.0922 6
      vertex 20.7875 42.2125 4.9
      vertex 21.7906 43.0922 4.9
    endloop
  endfacet
  facet normal 0.321395 -0.946945 0
    outer loop
      vertex 24.0966 44.4236 4.6
      vertex 25.36 44.8524 6
      vertex 24.0966 44.4236 6
    endloop
  endfacet
  facet normal 0.321395 -0.946945 0
    outer loop
      vertex 25.36 44.8524 6
      vertex 24.0966 44.4236 4.6
      vertex 25.36 44.8524 4.6
    endloop
  endfacet
  facet normal 0.831462 0.555582 0
    outer loop
      vertex 19.9078 28.7906 6
      vertex 19.1665 29.9 4.9
      vertex 19.1665 29.9 6
    endloop
  endfacet
  facet normal 0.831462 0.555582 0
    outer loop
      vertex 19.1665 29.9 4.9
      vertex 19.9078 28.7906 6
      vertex 19.9078 28.7906 4.9
    endloop
  endfacet
  facet normal -0.751838 -0.659348 0
    outer loop
      vertex 36.0922 41.2094 4.6
      vertex 35.2125 42.2125 6
      vertex 35.2125 42.2125 4.6
    endloop
  endfacet
  facet normal -0.751838 -0.659348 0
    outer loop
      vertex 35.2125 42.2125 6
      vertex 36.0922 41.2094 4.6
      vertex 36.0922 41.2094 6
    endloop
  endfacet
  facet normal 0.321395 0.946945 -0
    outer loop
      vertex 25.36 25.1476 4.6
      vertex 24.0966 25.5764 6
      vertex 25.36 25.1476 6
    endloop
  endfacet
  facet normal 0.321395 0.946945 0
    outer loop
      vertex 24.0966 25.5764 6
      vertex 25.36 25.1476 4.6
      vertex 24.0966 25.5764 4.6
    endloop
  endfacet
  facet normal -0.44229 0.896872 0
    outer loop
      vertex 33.1 26.1665 4.6
      vertex 31.9034 25.5764 6
      vertex 33.1 26.1665 6
    endloop
  endfacet
  facet normal -0.44229 0.896872 0
    outer loop
      vertex 31.9034 25.5764 6
      vertex 33.1 26.1665 4.6
      vertex 31.9034 25.5764 4.6
    endloop
  endfacet
  facet normal 0.44229 -0.896872 0
    outer loop
      vertex 22.9 43.8335 4.6
      vertex 24.0966 44.4236 6
      vertex 22.9 43.8335 6
    endloop
  endfacet
  facet normal 0.44229 -0.896872 0
    outer loop
      vertex 24.0966 44.4236 6
      vertex 22.9 43.8335 4.6
      vertex 24.0966 44.4236 4.6
    endloop
  endfacet
  facet normal 0 0 -1
    outer loop
      vertex 36.8 35 6
      vertex 38.2 35 6
      vertex 38.1127 33.6686 6
    endloop
  endfacet
  facet normal 0 0 -1
    outer loop
      vertex 36.7247 33.8514 6
      vertex 38.1127 33.6686 6
      vertex 37.8524 32.36 6
    endloop
  endfacet
  facet normal 0 0 -1
    outer loop
      vertex 38.2 35 6
      vertex 36.8 35 6
      vertex 38.1127 36.3314 6
    endloop
  endfacet
  facet normal 0 0 -1
    outer loop
      vertex 36.5001 32.7224 6
      vertex 37.8524 32.36 6
      vertex 37.4236 31.0966 6
    endloop
  endfacet
  facet normal 0 0 -1
    outer loop
      vertex 36.7247 36.1486 6
      vertex 38.1127 36.3314 6
      vertex 36.8 35 6
    endloop
  endfacet
  facet normal 0 0 -1
    outer loop
      vertex 36.1301 31.6324 6
      vertex 37.4236 31.0966 6
      vertex 36.8335 29.9 6
    endloop
  endfacet
  facet normal -0 0 -1
    outer loop
      vertex 38.1127 36.3314 6
      vertex 36.7247 36.1486 6
      vertex 37.8524 37.64 6
    endloop
  endfacet
  facet normal 0 0 -1
    outer loop
      vertex 36.5001 37.2776 6
      vertex 37.8524 37.64 6
      vertex 36.7247 36.1486 6
    endloop
  endfacet
  facet normal 0 0 -1
    outer loop
      vertex 38.1127 33.6686 6
      vertex 36.7247 33.8514 6
      vertex 36.8 35 6
    endloop
  endfacet
  facet normal 0 0 -1
    outer loop
      vertex 37.8524 32.36 6
      vertex 36.5001 32.7224 6
      vertex 36.7247 33.8514 6
    endloop
  endfacet
  facet normal 0 0 -1
    outer loop
      vertex 37.4236 31.0966 6
      vertex 36.1301 31.6324 6
      vertex 36.5001 32.7224 6
    endloop
  endfacet
  facet normal 0 0 -1
    outer loop
      vertex 35.621 30.6 6
      vertex 36.8335 29.9 6
      vertex 36.0922 28.7906 6
    endloop
  endfacet
  facet normal 0 0 -1
    outer loop
      vertex 36.8335 29.9 6
      vertex 35.621 30.6 6
      vertex 36.1301 31.6324 6
    endloop
  endfacet
  facet normal 0 0 -1
    outer loop
      vertex 34.9815 29.6429 6
      vertex 36.0922 28.7906 6
      vertex 35.2125 27.7875 6
    endloop
  endfacet
  facet normal 0 0 -1
    outer loop
      vertex 36.0922 28.7906 6
      vertex 34.9815 29.6429 6
      vertex 35.621 30.6 6
    endloop
  endfacet
  facet normal 0 0 -1
    outer loop
      vertex 35.2125 27.7875 6
      vertex 34.2225 28.7775 6
      vertex 34.9815 29.6429 6
    endloop
  endfacet
  facet normal 0 0 -1
    outer loop
      vertex 34.2094 26.9078 6
      vertex 34.2225 28.7775 6
      vertex 35.2125 27.7875 6
    endloop
  endfacet
  facet normal 0 0 -1
    outer loop
      vertex 34.2094 26.9078 6
      vertex 33.3571 28.0185 6
      vertex 34.2225 28.7775 6
    endloop
  endfacet
  facet normal 0 0 -1
    outer loop
      vertex 33.1 26.1665 6
      vertex 33.3571 28.0185 6
      vertex 34.2094 26.9078 6
    endloop
  endfacet
  facet normal 0 0 -1
    outer loop
      vertex 33.1 26.1665 6
      vertex 32.4 27.379 6
      vertex 33.3571 28.0185 6
    endloop
  endfacet
  facet normal 0 0 -1
    outer loop
      vertex 31.9034 25.5764 6
      vertex 32.4 27.379 6
      vertex 33.1 26.1665 6
    endloop
  endfacet
  facet normal 0 0 -1
    outer loop
      vertex 31.9034 25.5764 6
      vertex 31.3676 26.8699 6
      vertex 32.4 27.379 6
    endloop
  endfacet
  facet normal 0 0 -1
    outer loop
      vertex 30.64 25.1476 6
      vertex 31.3676 26.8699 6
      vertex 31.9034 25.5764 6
    endloop
  endfacet
  facet normal 0 0 -1
    outer loop
      vertex 30.64 25.1476 6
      vertex 30.2776 26.4999 6
      vertex 31.3676 26.8699 6
    endloop
  endfacet
  facet normal 0 0 -1
    outer loop
      vertex 29.3314 24.8873 6
      vertex 30.2776 26.4999 6
      vertex 30.64 25.1476 6
    endloop
  endfacet
  facet normal 0 0 -1
    outer loop
      vertex 29.3314 24.8873 6
      vertex 29.1486 26.2753 6
      vertex 30.2776 26.4999 6
    endloop
  endfacet
  facet normal 0 0 -1
    outer loop
      vertex 28 24.8 6
      vertex 29.1486 26.2753 6
      vertex 29.3314 24.8873 6
    endloop
  endfacet
  facet normal 0 0 -1
    outer loop
      vertex 28 24.8 6
      vertex 28 26.2 6
      vertex 29.1486 26.2753 6
    endloop
  endfacet
  facet normal 0 0 -1
    outer loop
      vertex 28 24.8 6
      vertex 26.8514 26.2753 6
      vertex 28 26.2 6
    endloop
  endfacet
  facet normal 0 0 -1
    outer loop
      vertex 26.6686 24.8873 6
      vertex 26.8514 26.2753 6
      vertex 28 24.8 6
    endloop
  endfacet
  facet normal 0 0 -1
    outer loop
      vertex 26.6686 24.8873 6
      vertex 25.7224 26.4999 6
      vertex 26.8514 26.2753 6
    endloop
  endfacet
  facet normal 0 0 -1
    outer loop
      vertex 25.36 25.1476 6
      vertex 25.7224 26.4999 6
      vertex 26.6686 24.8873 6
    endloop
  endfacet
  facet normal 0 0 -1
    outer loop
      vertex 25.36 25.1476 6
      vertex 24.6324 26.8699 6
      vertex 25.7224 26.4999 6
    endloop
  endfacet
  facet normal 0 0 -1
    outer loop
      vertex 24.0966 25.5764 6
      vertex 24.6324 26.8699 6
      vertex 25.36 25.1476 6
    endloop
  endfacet
  facet normal 0 0 -1
    outer loop
      vertex 24.0966 25.5764 6
      vertex 23.6 27.379 6
      vertex 24.6324 26.8699 6
    endloop
  endfacet
  facet normal 0 0 -1
    outer loop
      vertex 22.9 26.1665 6
      vertex 23.6 27.379 6
      vertex 24.0966 25.5764 6
    endloop
  endfacet
  facet normal 0 0 -1
    outer loop
      vertex 22.9 26.1665 6
      vertex 22.6429 28.0185 6
      vertex 23.6 27.379 6
    endloop
  endfacet
  facet normal 0 0 -1
    outer loop
      vertex 21.7906 26.9078 6
      vertex 22.6429 28.0185 6
      vertex 22.9 26.1665 6
    endloop
  endfacet
  facet normal 0 0 -1
    outer loop
      vertex 21.7906 26.9078 6
      vertex 21.7775 28.7775 6
      vertex 22.6429 28.0185 6
    endloop
  endfacet
  facet normal 0 0 -1
    outer loop
      vertex 20.7875 27.7875 6
      vertex 21.7775 28.7775 6
      vertex 21.7906 26.9078 6
    endloop
  endfacet
  facet normal -0 0 -1
    outer loop
      vertex 21.7775 28.7775 6
      vertex 20.7875 27.7875 6
      vertex 21.0185 29.6429 6
    endloop
  endfacet
  facet normal 0 0 -1
    outer loop
      vertex 19.9078 28.7906 6
      vertex 21.0185 29.6429 6
      vertex 20.7875 27.7875 6
    endloop
  endfacet
  facet normal -0 0 -1
    outer loop
      vertex 21.0185 29.6429 6
      vertex 19.9078 28.7906 6
      vertex 20.379 30.6 6
    endloop
  endfacet
  facet normal 0 0 -1
    outer loop
      vertex 19.1665 29.9 6
      vertex 20.379 30.6 6
      vertex 19.9078 28.7906 6
    endloop
  endfacet
  facet normal -0 0 -1
    outer loop
      vertex 20.379 30.6 6
      vertex 19.1665 29.9 6
      vertex 19.8699 31.6324 6
    endloop
  endfacet
  facet normal 0 0 -1
    outer loop
      vertex 18.5764 31.0966 6
      vertex 19.8699 31.6324 6
      vertex 19.1665 29.9 6
    endloop
  endfacet
  facet normal 0 0 -1
    outer loop
      vertex 18.1476 32.36 6
      vertex 19.4999 32.7224 6
      vertex 18.5764 31.0966 6
    endloop
  endfacet
  facet normal -0 0 -1
    outer loop
      vertex 19.8699 31.6324 6
      vertex 18.5764 31.0966 6
      vertex 19.4999 32.7224 6
    endloop
  endfacet
  facet normal -0 0 -1
    outer loop
      vertex 37.8524 37.64 6
      vertex 36.5001 37.2776 6
      vertex 37.4236 38.9034 6
    endloop
  endfacet
  facet normal 0 0 -1
    outer loop
      vertex 36.1301 38.3676 6
      vertex 37.4236 38.9034 6
      vertex 36.5001 37.2776 6
    endloop
  endfacet
  facet normal -0 0 -1
    outer loop
      vertex 37.4236 38.9034 6
      vertex 36.1301 38.3676 6
      vertex 36.8335 40.1 6
    endloop
  endfacet
  facet normal 0 0 -1
    outer loop
      vertex 35.621 39.4 6
      vertex 36.8335 40.1 6
      vertex 36.1301 38.3676 6
    endloop
  endfacet
  facet normal -0 0 -1
    outer loop
      vertex 36.8335 40.1 6
      vertex 35.621 39.4 6
      vertex 36.0922 41.2094 6
    endloop
  endfacet
  facet normal 0 0 -1
    outer loop
      vertex 34.9815 40.3571 6
      vertex 36.0922 41.2094 6
      vertex 35.621 39.4 6
    endloop
  endfacet
  facet normal -0 0 -1
    outer loop
      vertex 36.0922 41.2094 6
      vertex 34.9815 40.3571 6
      vertex 35.2125 42.2125 6
    endloop
  endfacet
  facet normal 0 0 -1
    outer loop
      vertex 34.2225 41.2225 6
      vertex 35.2125 42.2125 6
      vertex 34.9815 40.3571 6
    endloop
  endfacet
  facet normal 0 0 -1
    outer loop
      vertex 34.2225 41.2225 6
      vertex 34.2094 43.0922 6
      vertex 35.2125 42.2125 6
    endloop
  endfacet
  facet normal 0 0 -1
    outer loop
      vertex 33.3571 41.9815 6
      vertex 34.2094 43.0922 6
      vertex 34.2225 41.2225 6
    endloop
  endfacet
  facet normal 0 0 -1
    outer loop
      vertex 33.3571 41.9815 6
      vertex 33.1 43.8335 6
      vertex 34.2094 43.0922 6
    endloop
  endfacet
  facet normal 0 0 -1
    outer loop
      vertex 32.4 42.621 6
      vertex 33.1 43.8335 6
      vertex 33.3571 41.9815 6
    endloop
  endfacet
  facet normal 0 0 -1
    outer loop
      vertex 32.4 42.621 6
      vertex 31.9034 44.4236 6
      vertex 33.1 43.8335 6
    endloop
  endfacet
  facet normal 0 0 -1
    outer loop
      vertex 31.3676 43.1301 6
      vertex 31.9034 44.4236 6
      vertex 32.4 42.621 6
    endloop
  endfacet
  facet normal 0 0 -1
    outer loop
      vertex 31.3676 43.1301 6
      vertex 30.64 44.8524 6
      vertex 31.9034 44.4236 6
    endloop
  endfacet
  facet normal 0 0 -1
    outer loop
      vertex 30.2776 43.5001 6
      vertex 30.64 44.8524 6
      vertex 31.3676 43.1301 6
    endloop
  endfacet
  facet normal 0 0 -1
    outer loop
      vertex 30.2776 43.5001 6
      vertex 29.3314 45.1127 6
      vertex 30.64 44.8524 6
    endloop
  endfacet
  facet normal 0 0 -1
    outer loop
      vertex 29.1486 43.7247 6
      vertex 29.3314 45.1127 6
      vertex 30.2776 43.5001 6
    endloop
  endfacet
  facet normal 0 0 -1
    outer loop
      vertex 28 43.8 6
      vertex 29.3314 45.1127 6
      vertex 29.1486 43.7247 6
    endloop
  endfacet
  facet normal 0 0 -1
    outer loop
      vertex 28 43.8 6
      vertex 28 45.2 6
      vertex 29.3314 45.1127 6
    endloop
  endfacet
  facet normal 0 0 -1
    outer loop
      vertex 26.8514 43.7247 6
      vertex 28 45.2 6
      vertex 28 43.8 6
    endloop
  endfacet
  facet normal 0 0 -1
    outer loop
      vertex 26.8514 43.7247 6
      vertex 26.6686 45.1127 6
      vertex 28 45.2 6
    endloop
  endfacet
  facet normal 0 0 -1
    outer loop
      vertex 25.7224 43.5001 6
      vertex 26.6686 45.1127 6
      vertex 26.8514 43.7247 6
    endloop
  endfacet
  facet normal 0 0 -1
    outer loop
      vertex 25.7224 43.5001 6
      vertex 25.36 44.8524 6
      vertex 26.6686 45.1127 6
    endloop
  endfacet
  facet normal 0 0 -1
    outer loop
      vertex 24.6324 43.1301 6
      vertex 25.36 44.8524 6
      vertex 25.7224 43.5001 6
    endloop
  endfacet
  facet normal 0 0 -1
    outer loop
      vertex 24.6324 43.1301 6
      vertex 24.0966 44.4236 6
      vertex 25.36 44.8524 6
    endloop
  endfacet
  facet normal 0 0 -1
    outer loop
      vertex 23.6 42.621 6
      vertex 24.0966 44.4236 6
      vertex 24.6324 43.1301 6
    endloop
  endfacet
  facet normal 0 0 -1
    outer loop
      vertex 23.6 42.621 6
      vertex 22.9 43.8335 6
      vertex 24.0966 44.4236 6
    endloop
  endfacet
  facet normal 0 0 -1
    outer loop
      vertex 22.6429 41.9815 6
      vertex 22.9 43.8335 6
      vertex 23.6 42.621 6
    endloop
  endfacet
  facet normal 0 0 -1
    outer loop
      vertex 22.6429 41.9815 6
      vertex 21.7906 43.0922 6
      vertex 22.9 43.8335 6
    endloop
  endfacet
  facet normal 0 0 -1
    outer loop
      vertex 21.7775 41.2225 6
      vertex 21.7906 43.0922 6
      vertex 22.6429 41.9815 6
    endloop
  endfacet
  facet normal 0 0 -1
    outer loop
      vertex 20.7875 42.2125 6
      vertex 21.7775 41.2225 6
      vertex 21.0185 40.3571 6
    endloop
  endfacet
  facet normal 0 0 -1
    outer loop
      vertex 21.7775 41.2225 6
      vertex 20.7875 42.2125 6
      vertex 21.7906 43.0922 6
    endloop
  endfacet
  facet normal 0 0 -1
    outer loop
      vertex 19.9078 41.2094 6
      vertex 21.0185 40.3571 6
      vertex 20.379 39.4 6
    endloop
  endfacet
  facet normal 0 0 -1
    outer loop
      vertex 21.0185 40.3571 6
      vertex 19.9078 41.2094 6
      vertex 20.7875 42.2125 6
    endloop
  endfacet
  facet normal 0 0 -1
    outer loop
      vertex 19.1665 40.1 6
      vertex 20.379 39.4 6
      vertex 19.8699 38.3676 6
    endloop
  endfacet
  facet normal 0 0 -1
    outer loop
      vertex 18.5764 38.9034 6
      vertex 19.8699 38.3676 6
      vertex 19.4999 37.2776 6
    endloop
  endfacet
  facet normal 0 0 -1
    outer loop
      vertex 18.1476 37.64 6
      vertex 19.4999 37.2776 6
      vertex 19.2753 36.1486 6
    endloop
  endfacet
  facet normal 0 0 -1
    outer loop
      vertex 20.379 39.4 6
      vertex 19.1665 40.1 6
      vertex 19.9078 41.2094 6
    endloop
  endfacet
  facet normal 0 0 -1
    outer loop
      vertex 17.8873 36.3314 6
      vertex 19.2753 36.1486 6
      vertex 19.2 35 6
    endloop
  endfacet
  facet normal -0 0 -1
    outer loop
      vertex 19.4999 32.7224 6
      vertex 18.1476 32.36 6
      vertex 19.2753 33.8514 6
    endloop
  endfacet
  facet normal 0 0 -1
    outer loop
      vertex 17.8873 33.6686 6
      vertex 19.2753 33.8514 6
      vertex 18.1476 32.36 6
    endloop
  endfacet
  facet normal 0 0 -1
    outer loop
      vertex 19.8699 38.3676 6
      vertex 18.5764 38.9034 6
      vertex 19.1665 40.1 6
    endloop
  endfacet
  facet normal -0 0 -1
    outer loop
      vertex 19.2753 33.8514 6
      vertex 17.8873 33.6686 6
      vertex 19.2 35 6
    endloop
  endfacet
  facet normal 0 0 -1
    outer loop
      vertex 19.4999 37.2776 6
      vertex 18.1476 37.64 6
      vertex 18.5764 38.9034 6
    endloop
  endfacet
  facet normal 0 0 -1
    outer loop
      vertex 17.8 35 6
      vertex 19.2 35 6
      vertex 17.8873 33.6686 6
    endloop
  endfacet
  facet normal 0 0 -1
    outer loop
      vertex 19.2753 36.1486 6
      vertex 17.8873 36.3314 6
      vertex 18.1476 37.64 6
    endloop
  endfacet
  facet normal 0 0 -1
    outer loop
      vertex 19.2 35 6
      vertex 17.8 35 6
      vertex 17.8873 36.3314 6
    endloop
  endfacet
  facet normal -0.980785 0.195093 0
    outer loop
      vertex 37.8524 32.36 4.6
      vertex 38.1127 33.6686 6
      vertex 38.1127 33.6686 4.6
    endloop
  endfacet
  facet normal -0.980785 0.195093 0
    outer loop
      vertex 38.1127 33.6686 6
      vertex 37.8524 32.36 4.6
      vertex 37.8524 32.36 6
    endloop
  endfacet
  facet normal 0.946945 0.321395 0
    outer loop
      vertex 18.5764 31.0966 6
      vertex 18.1476 32.36 4.9
      vertex 18.1476 32.36 6
    endloop
  endfacet
  facet normal 0.946945 0.321395 0
    outer loop
      vertex 18.1476 32.36 4.9
      vertex 18.5764 31.0966 6
      vertex 18.5764 31.0966 4.9
    endloop
  endfacet
  facet normal -0.946945 0.321395 0
    outer loop
      vertex 37.4236 31.0966 4.6
      vertex 37.8524 32.36 6
      vertex 37.8524 32.36 4.6
    endloop
  endfacet
  facet normal -0.946945 0.321395 0
    outer loop
      vertex 37.8524 32.36 6
      vertex 37.4236 31.0966 4.6
      vertex 37.4236 31.0966 6
    endloop
  endfacet
  facet normal -0.555582 -0.831462 0
    outer loop
      vertex 33.1 43.8335 4.6
      vertex 34.2094 43.0922 6
      vertex 33.1 43.8335 6
    endloop
  endfacet
  facet normal -0.555582 -0.831462 -0
    outer loop
      vertex 34.2094 43.0922 6
      vertex 33.1 43.8335 4.6
      vertex 34.2094 43.0922 4.6
    endloop
  endfacet
  facet normal -0.44229 -0.896872 0
    outer loop
      vertex 31.9034 44.4236 4.6
      vertex 33.1 43.8335 6
      vertex 31.9034 44.4236 6
    endloop
  endfacet
  facet normal -0.44229 -0.896872 -0
    outer loop
      vertex 33.1 43.8335 6
      vertex 31.9034 44.4236 4.6
      vertex 33.1 43.8335 4.6
    endloop
  endfacet
  facet normal 0.195093 -0.980785 0
    outer loop
      vertex 25.36 44.8524 4.6
      vertex 26.6686 45.1127 6
      vertex 25.36 44.8524 6
    endloop
  endfacet
  facet normal 0.195093 -0.980785 0
    outer loop
      vertex 26.6686 45.1127 6
      vertex 25.36 44.8524 4.6
      vertex 26.6686 45.1127 4.6
    endloop
  endfacet
  facet normal 0.44229 0.896872 -0
    outer loop
      vertex 24.0966 25.5764 4.6
      vertex 22.9 26.1665 6
      vertex 24.0966 25.5764 6
    endloop
  endfacet
  facet normal 0.44229 0.896872 0
    outer loop
      vertex 22.9 26.1665 6
      vertex 24.0966 25.5764 4.6
      vertex 22.9 26.1665 4.6
    endloop
  endfacet
  facet normal 0.751838 -0.659348 0
    outer loop
      vertex 19.9078 41.2094 6
      vertex 20.7875 42.2125 4.9
      vertex 20.7875 42.2125 6
    endloop
  endfacet
  facet normal 0.751838 -0.659348 0
    outer loop
      vertex 20.7875 42.2125 4.9
      vertex 19.9078 41.2094 6
      vertex 19.9078 41.2094 4.9
    endloop
  endfacet
  facet normal -0.997857 0.0654296 0
    outer loop
      vertex 38.1127 33.6686 4.6
      vertex 38.2 35 6
      vertex 38.2 35 4.6
    endloop
  endfacet
  facet normal -0.997857 0.0654296 0
    outer loop
      vertex 38.2 35 6
      vertex 38.1127 33.6686 4.6
      vertex 38.1127 33.6686 6
    endloop
  endfacet
  facet normal 0.946945 -0.321395 0
    outer loop
      vertex 18.1476 37.64 6
      vertex 18.5764 38.9034 4.9
      vertex 18.5764 38.9034 6
    endloop
  endfacet
  facet normal 0.946945 -0.321395 0
    outer loop
      vertex 18.5764 38.9034 4.9
      vertex 18.1476 37.64 6
      vertex 18.1476 37.64 4.9
    endloop
  endfacet
  facet normal 0.659348 0.751838 -0
    outer loop
      vertex 21.7906 26.9078 4.9
      vertex 20.7875 27.7875 6
      vertex 21.7906 26.9078 6
    endloop
  endfacet
  facet normal 0.659348 0.751838 0
    outer loop
      vertex 20.7875 27.7875 6
      vertex 21.7906 26.9078 4.9
      vertex 20.7875 27.7875 4.9
    endloop
  endfacet
  facet normal 0 0 1
    outer loop
      vertex 36.8 35 4.6
      vertex 38.2 35 4.6
      vertex 38.1127 36.3314 4.6
    endloop
  endfacet
  facet normal 0 0 1
    outer loop
      vertex 36.7247 36.1486 4.6
      vertex 38.1127 36.3314 4.6
      vertex 37.8524 37.64 4.6
    endloop
  endfacet
  facet normal 0 0 1
    outer loop
      vertex 38.2 35 4.6
      vertex 36.8 35 4.6
      vertex 38.1127 33.6686 4.6
    endloop
  endfacet
  facet normal 0 0 1
    outer loop
      vertex 36.5001 37.2776 4.6
      vertex 37.8524 37.64 4.6
      vertex 37.4236 38.9034 4.6
    endloop
  endfacet
  facet normal -0 0 1
    outer loop
      vertex 36.7247 33.8514 4.6
      vertex 38.1127 33.6686 4.6
      vertex 36.8 35 4.6
    endloop
  endfacet
  facet normal 0 0 1
    outer loop
      vertex 36.1301 38.3676 4.6
      vertex 37.4236 38.9034 4.6
      vertex 36.8335 40.1 4.6
    endloop
  endfacet
  facet normal 0 0 1
    outer loop
      vertex 38.1127 33.6686 4.6
      vertex 36.7247 33.8514 4.6
      vertex 37.8524 32.36 4.6
    endloop
  endfacet
  facet normal -0 0 1
    outer loop
      vertex 36.5001 32.7224 4.6
      vertex 37.8524 32.36 4.6
      vertex 36.7247 33.8514 4.6
    endloop
  endfacet
  facet normal 0 0 1
    outer loop
      vertex 38.1127 36.3314 4.6
      vertex 36.7247 36.1486 4.6
      vertex 36.8 35 4.6
    endloop
  endfacet
  facet normal 0 0 1
    outer loop
      vertex 37.8524 37.64 4.6
      vertex 36.5001 37.2776 4.6
      vertex 36.7247 36.1486 4.6
    endloop
  endfacet
  facet normal 0 0 1
    outer loop
      vertex 37.4236 38.9034 4.6
      vertex 36.1301 38.3676 4.6
      vertex 36.5001 37.2776 4.6
    endloop
  endfacet
  facet normal 0 0 1
    outer loop
      vertex 35.621 39.4 4.6
      vertex 36.8335 40.1 4.6
      vertex 36.0922 41.2094 4.6
    endloop
  endfacet
  facet normal 0 0 1
    outer loop
      vertex 36.8335 40.1 4.6
      vertex 35.621 39.4 4.6
      vertex 36.1301 38.3676 4.6
    endloop
  endfacet
  facet normal 0 0 1
    outer loop
      vertex 34.9815 40.3571 4.6
      vertex 36.0922 41.2094 4.6
      vertex 35.2125 42.2125 4.6
    endloop
  endfacet
  facet normal 0 0 1
    outer loop
      vertex 36.0922 41.2094 4.6
      vertex 34.9815 40.3571 4.6
      vertex 35.621 39.4 4.6
    endloop
  endfacet
  facet normal 0 0 1
    outer loop
      vertex 35.2125 42.2125 4.6
      vertex 34.2225 41.2225 4.6
      vertex 34.9815 40.3571 4.6
    endloop
  endfacet
  facet normal 0 0 1
    outer loop
      vertex 34.2094 43.0922 4.6
      vertex 34.2225 41.2225 4.6
      vertex 35.2125 42.2125 4.6
    endloop
  endfacet
  facet normal 0 0 1
    outer loop
      vertex 34.2094 43.0922 4.6
      vertex 33.3571 41.9815 4.6
      vertex 34.2225 41.2225 4.6
    endloop
  endfacet
  facet normal 0 0 1
    outer loop
      vertex 33.1 43.8335 4.6
      vertex 33.3571 41.9815 4.6
      vertex 34.2094 43.0922 4.6
    endloop
  endfacet
  facet normal 0 0 1
    outer loop
      vertex 33.1 43.8335 4.6
      vertex 32.4 42.621 4.6
      vertex 33.3571 41.9815 4.6
    endloop
  endfacet
  facet normal 0 0 1
    outer loop
      vertex 31.9034 44.4236 4.6
      vertex 32.4 42.621 4.6
      vertex 33.1 43.8335 4.6
    endloop
  endfacet
  facet normal 0 0 1
    outer loop
      vertex 31.9034 44.4236 4.6
      vertex 31.3676 43.1301 4.6
      vertex 32.4 42.621 4.6
    endloop
  endfacet
  facet normal 0 0 1
    outer loop
      vertex 30.64 44.8524 4.6
      vertex 31.3676 43.1301 4.6
      vertex 31.9034 44.4236 4.6
    endloop
  endfacet
  facet normal 0 0 1
    outer loop
      vertex 30.64 44.8524 4.6
      vertex 30.2776 43.5001 4.6
      vertex 31.3676 43.1301 4.6
    endloop
  endfacet
  facet normal 0 0 1
    outer loop
      vertex 29.3314 45.1127 4.6
      vertex 30.2776 43.5001 4.6
      vertex 30.64 44.8524 4.6
    endloop
  endfacet
  facet normal 0 0 1
    outer loop
      vertex 29.3314 45.1127 4.6
      vertex 29.1486 43.7247 4.6
      vertex 30.2776 43.5001 4.6
    endloop
  endfacet
  facet normal 0 0 1
    outer loop
      vertex 28 45.2 4.6
      vertex 29.1486 43.7247 4.6
      vertex 29.3314 45.1127 4.6
    endloop
  endfacet
  facet normal 0 0 1
    outer loop
      vertex 28 45.2 4.6
      vertex 28 43.8 4.6
      vertex 29.1486 43.7247 4.6
    endloop
  endfacet
  facet normal 0 0 1
    outer loop
      vertex 28 45.2 4.6
      vertex 26.8514 43.7247 4.6
      vertex 28 43.8 4.6
    endloop
  endfacet
  facet normal -0 0 1
    outer loop
      vertex 26.6686 45.1127 4.6
      vertex 26.8514 43.7247 4.6
      vertex 28 45.2 4.6
    endloop
  endfacet
  facet normal 0 0 1
    outer loop
      vertex 26.6686 45.1127 4.6
      vertex 25.7224 43.5001 4.6
      vertex 26.8514 43.7247 4.6
    endloop
  endfacet
  facet normal -0 0 1
    outer loop
      vertex 25.36 44.8524 4.6
      vertex 25.7224 43.5001 4.6
      vertex 26.6686 45.1127 4.6
    endloop
  endfacet
  facet normal 0 0 1
    outer loop
      vertex 25.36 44.8524 4.6
      vertex 24.6324 43.1301 4.6
      vertex 25.7224 43.5001 4.6
    endloop
  endfacet
  facet normal -0 0 1
    outer loop
      vertex 24.0966 44.4236 4.6
      vertex 24.6324 43.1301 4.6
      vertex 25.36 44.8524 4.6
    endloop
  endfacet
  facet normal 0 0 1
    outer loop
      vertex 24.0966 44.4236 4.6
      vertex 23.6 42.621 4.6
      vertex 24.6324 43.1301 4.6
    endloop
  endfacet
  facet normal -0 0 1
    outer loop
      vertex 22.9 43.8335 4.6
      vertex 23.6 42.621 4.6
      vertex 24.0966 44.4236 4.6
    endloop
  endfacet
  facet normal -0 0 1
    outer loop
      vertex 22 43.2321 4.6
      vertex 23.6 42.621 4.6
      vertex 22.9 43.8335 4.6
    endloop
  endfacet
  facet normal 0 0 1
    outer loop
      vertex 23.6 42.621 4.6
      vertex 22 43.2321 4.6
      vertex 22.6429 41.9815 4.6
    endloop
  endfacet
  facet normal 0 0 1
    outer loop
      vertex 22.6429 41.9815 4.6
      vertex 22 43.2321 4.6
      vertex 22 41.4177 4.6
    endloop
  endfacet
  facet normal 0 0 1
    outer loop
      vertex 37.8524 32.36 4.6
      vertex 36.5001 32.7224 4.6
      vertex 37.4236 31.0966 4.6
    endloop
  endfacet
  facet normal -0 0 1
    outer loop
      vertex 36.1301 31.6324 4.6
      vertex 37.4236 31.0966 4.6
      vertex 36.5001 32.7224 4.6
    endloop
  endfacet
  facet normal 0 0 1
    outer loop
      vertex 37.4236 31.0966 4.6
      vertex 36.1301 31.6324 4.6
      vertex 36.8335 29.9 4.6
    endloop
  endfacet
  facet normal -0 0 1
    outer loop
      vertex 35.621 30.6 4.6
      vertex 36.8335 29.9 4.6
      vertex 36.1301 31.6324 4.6
    endloop
  endfacet
  facet normal 0 0 1
    outer loop
      vertex 36.8335 29.9 4.6
      vertex 35.621 30.6 4.6
      vertex 36.0922 28.7906 4.6
    endloop
  endfacet
  facet normal -0 0 1
    outer loop
      vertex 34.9815 29.6429 4.6
      vertex 36.0922 28.7906 4.6
      vertex 35.621 30.6 4.6
    endloop
  endfacet
  facet normal 0 0 1
    outer loop
      vertex 36.0922 28.7906 4.6
      vertex 34.9815 29.6429 4.6
      vertex 35.2125 27.7875 4.6
    endloop
  endfacet
  facet normal -0 0 1
    outer loop
      vertex 34.2225 28.7775 4.6
      vertex 35.2125 27.7875 4.6
      vertex 34.9815 29.6429 4.6
    endloop
  endfacet
  facet normal 0 0 1
    outer loop
      vertex 34.2225 28.7775 4.6
      vertex 34.2094 26.9078 4.6
      vertex 35.2125 27.7875 4.6
    endloop
  endfacet
  facet normal -0 0 1
    outer loop
      vertex 33.3571 28.0185 4.6
      vertex 34.2094 26.9078 4.6
      vertex 34.2225 28.7775 4.6
    endloop
  endfacet
  facet normal 0 0 1
    outer loop
      vertex 33.3571 28.0185 4.6
      vertex 33.1 26.1665 4.6
      vertex 34.2094 26.9078 4.6
    endloop
  endfacet
  facet normal -0 0 1
    outer loop
      vertex 32.4 27.379 4.6
      vertex 33.1 26.1665 4.6
      vertex 33.3571 28.0185 4.6
    endloop
  endfacet
  facet normal 0 0 1
    outer loop
      vertex 32.4 27.379 4.6
      vertex 31.9034 25.5764 4.6
      vertex 33.1 26.1665 4.6
    endloop
  endfacet
  facet normal -0 0 1
    outer loop
      vertex 31.3676 26.8699 4.6
      vertex 31.9034 25.5764 4.6
      vertex 32.4 27.379 4.6
    endloop
  endfacet
  facet normal 0 0 1
    outer loop
      vertex 31.3676 26.8699 4.6
      vertex 30.64 25.1476 4.6
      vertex 31.9034 25.5764 4.6
    endloop
  endfacet
  facet normal -0 0 1
    outer loop
      vertex 30.2776 26.4999 4.6
      vertex 30.64 25.1476 4.6
      vertex 31.3676 26.8699 4.6
    endloop
  endfacet
  facet normal 0 0 1
    outer loop
      vertex 30.2776 26.4999 4.6
      vertex 29.3314 24.8873 4.6
      vertex 30.64 25.1476 4.6
    endloop
  endfacet
  facet normal -0 0 1
    outer loop
      vertex 29.1486 26.2753 4.6
      vertex 29.3314 24.8873 4.6
      vertex 30.2776 26.4999 4.6
    endloop
  endfacet
  facet normal -0 0 1
    outer loop
      vertex 28 26.2 4.6
      vertex 29.3314 24.8873 4.6
      vertex 29.1486 26.2753 4.6
    endloop
  endfacet
  facet normal 0 0 1
    outer loop
      vertex 28 26.2 4.6
      vertex 28 24.8 4.6
      vertex 29.3314 24.8873 4.6
    endloop
  endfacet
  facet normal 0 0 1
    outer loop
      vertex 26.8514 26.2753 4.6
      vertex 28 24.8 4.6
      vertex 28 26.2 4.6
    endloop
  endfacet
  facet normal 0 0 1
    outer loop
      vertex 26.8514 26.2753 4.6
      vertex 26.6686 24.8873 4.6
      vertex 28 24.8 4.6
    endloop
  endfacet
  facet normal 0 0 1
    outer loop
      vertex 25.7224 26.4999 4.6
      vertex 26.6686 24.8873 4.6
      vertex 26.8514 26.2753 4.6
    endloop
  endfacet
  facet normal 0 0 1
    outer loop
      vertex 25.7224 26.4999 4.6
      vertex 25.36 25.1476 4.6
      vertex 26.6686 24.8873 4.6
    endloop
  endfacet
  facet normal 0 0 1
    outer loop
      vertex 24.6324 26.8699 4.6
      vertex 25.36 25.1476 4.6
      vertex 25.7224 26.4999 4.6
    endloop
  endfacet
  facet normal 0 0 1
    outer loop
      vertex 24.6324 26.8699 4.6
      vertex 24.0966 25.5764 4.6
      vertex 25.36 25.1476 4.6
    endloop
  endfacet
  facet normal 0 0 1
    outer loop
      vertex 23.6 27.379 4.6
      vertex 24.0966 25.5764 4.6
      vertex 24.6324 26.8699 4.6
    endloop
  endfacet
  facet normal 0 0 1
    outer loop
      vertex 23.6 27.379 4.6
      vertex 22.9 26.1665 4.6
      vertex 24.0966 25.5764 4.6
    endloop
  endfacet
  facet normal 0 0 1
    outer loop
      vertex 22 26.7679 4.6
      vertex 23.6 27.379 4.6
      vertex 22.6429 28.0185 4.6
    endloop
  endfacet
  facet normal 0 0 1
    outer loop
      vertex 22 26.7679 4.6
      vertex 22.6429 28.0185 4.6
      vertex 22 28.5823 4.6
    endloop
  endfacet
  facet normal 0 0 1
    outer loop
      vertex 23.6 27.379 4.6
      vertex 22 26.7679 4.6
      vertex 22.9 26.1665 4.6
    endloop
  endfacet
  facet normal -0.0654296 -0.997857 0
    outer loop
      vertex 28 45.2 4.6
      vertex 29.3314 45.1127 6
      vertex 28 45.2 6
    endloop
  endfacet
  facet normal -0.0654296 -0.997857 -0
    outer loop
      vertex 29.3314 45.1127 6
      vertex 28 45.2 4.6
      vertex 29.3314 45.1127 4.6
    endloop
  endfacet
  facet normal -0.831462 -0.555582 0
    outer loop
      vertex 36.8335 40.1 4.6
      vertex 36.0922 41.2094 6
      vertex 36.0922 41.2094 4.6
    endloop
  endfacet
  facet normal -0.831462 -0.555582 0
    outer loop
      vertex 36.0922 41.2094 6
      vertex 36.8335 40.1 4.6
      vertex 36.8335 40.1 6
    endloop
  endfacet
  facet normal 0.896872 0.44229 0
    outer loop
      vertex 19.1665 29.9 6
      vertex 18.5764 31.0966 4.9
      vertex 18.5764 31.0966 6
    endloop
  endfacet
  facet normal 0.896872 0.44229 0
    outer loop
      vertex 18.5764 31.0966 4.9
      vertex 19.1665 29.9 6
      vertex 19.1665 29.9 4.9
    endloop
  endfacet
  facet normal -0.831462 0.555582 0
    outer loop
      vertex 36.0922 28.7906 4.6
      vertex 36.8335 29.9 6
      vertex 36.8335 29.9 4.6
    endloop
  endfacet
  facet normal -0.831462 0.555582 0
    outer loop
      vertex 36.8335 29.9 6
      vertex 36.0922 28.7906 4.6
      vertex 36.0922 28.7906 6
    endloop
  endfacet
  facet normal 0.0654296 0.997857 -0
    outer loop
      vertex 28 24.8 4.6
      vertex 26.6686 24.8873 6
      vertex 28 24.8 6
    endloop
  endfacet
  facet normal 0.0654296 0.997857 0
    outer loop
      vertex 26.6686 24.8873 6
      vertex 28 24.8 4.6
      vertex 26.6686 24.8873 4.6
    endloop
  endfacet
  facet normal 0.980785 -0.195093 0
    outer loop
      vertex 17.8873 36.3314 6
      vertex 18.1476 37.64 4.9
      vertex 18.1476 37.64 6
    endloop
  endfacet
  facet normal 0.980785 -0.195093 0
    outer loop
      vertex 18.1476 37.64 4.9
      vertex 17.8873 36.3314 6
      vertex 17.8873 36.3314 4.9
    endloop
  endfacet
  facet normal 0.555582 0.831462 1.57797e-05
    outer loop
      vertex 22.9 26.1665 6
      vertex 22 26.7679 4.9
      vertex 21.7906 26.9078 6
    endloop
  endfacet
  facet normal 0.555595 0.831453 -0
    outer loop
      vertex 22.9 26.1665 4.6
      vertex 22 26.7679 4.9
      vertex 22.9 26.1665 6
    endloop
  endfacet
  facet normal 0.555595 0.831453 0
    outer loop
      vertex 22 26.7679 4.9
      vertex 22.9 26.1665 4.6
      vertex 22 26.7679 4.6
    endloop
  endfacet
  facet normal 0.555525 0.8315 0
    outer loop
      vertex 21.7906 26.9078 6
      vertex 22 26.7679 4.9
      vertex 21.7906 26.9078 4.9
    endloop
  endfacet
  facet normal 0.555525 -0.8315 0
    outer loop
      vertex 22 43.2321 4.9
      vertex 21.7906 43.0922 6
      vertex 21.7906 43.0922 4.9
    endloop
  endfacet
  facet normal 0.555582 -0.831462 1.57797e-05
    outer loop
      vertex 21.7906 43.0922 6
      vertex 22 43.2321 4.9
      vertex 22.9 43.8335 6
    endloop
  endfacet
  facet normal 0.555595 -0.831453 0
    outer loop
      vertex 22.9 43.8335 4.6
      vertex 22 43.2321 4.9
      vertex 22 43.2321 4.6
    endloop
  endfacet
  facet normal 0.555595 -0.831453 0
    outer loop
      vertex 22 43.2321 4.9
      vertex 22.9 43.8335 4.6
      vertex 22.9 43.8335 6
    endloop
  endfacet
  facet normal 0.0654296 -0.997857 0
    outer loop
      vertex 26.6686 45.1127 4.6
      vertex 28 45.2 6
      vertex 26.6686 45.1127 6
    endloop
  endfacet
  facet normal 0.0654296 -0.997857 0
    outer loop
      vertex 28 45.2 6
      vertex 26.6686 45.1127 4.6
      vertex 28 45.2 4.6
    endloop
  endfacet
  facet normal 0.980785 0.195093 0
    outer loop
      vertex 18.1476 32.36 6
      vertex 17.8873 33.6686 4.9
      vertex 17.8873 33.6686 6
    endloop
  endfacet
  facet normal 0.980785 0.195093 0
    outer loop
      vertex 17.8873 33.6686 4.9
      vertex 18.1476 32.36 6
      vertex 18.1476 32.36 4.9
    endloop
  endfacet
  facet normal 0.751838 0.659348 0
    outer loop
      vertex 20.7875 27.7875 6
      vertex 19.9078 28.7906 4.9
      vertex 19.9078 28.7906 6
    endloop
  endfacet
  facet normal 0.751838 0.659348 0
    outer loop
      vertex 19.9078 28.7906 4.9
      vertex 20.7875 27.7875 6
      vertex 20.7875 27.7875 4.9
    endloop
  endfacet
  facet normal -0.555582 0.831462 0
    outer loop
      vertex 34.2094 26.9078 4.6
      vertex 33.1 26.1665 6
      vertex 34.2094 26.9078 6
    endloop
  endfacet
  facet normal -0.555582 0.831462 0
    outer loop
      vertex 33.1 26.1665 6
      vertex 34.2094 26.9078 4.6
      vertex 33.1 26.1665 4.6
    endloop
  endfacet
  facet normal 0.831462 -0.555582 0
    outer loop
      vertex 19.1665 40.1 6
      vertex 19.9078 41.2094 4.9
      vertex 19.9078 41.2094 6
    endloop
  endfacet
  facet normal 0.831462 -0.555582 0
    outer loop
      vertex 19.9078 41.2094 4.9
      vertex 19.1665 40.1 6
      vertex 19.1665 40.1 4.9
    endloop
  endfacet
  facet normal 0.980781 0.195114 0
    outer loop
      vertex 36.7247 36.1486 6
      vertex 36.5001 37.2776 4.6
      vertex 36.5001 37.2776 6
    endloop
  endfacet
  facet normal 0.980781 0.195114 0
    outer loop
      vertex 36.5001 37.2776 4.6
      vertex 36.7247 36.1486 6
      vertex 36.7247 36.1486 4.6
    endloop
  endfacet
  facet normal 0.997858 0.0654176 0
    outer loop
      vertex 36.8 35 6
      vertex 36.7247 36.1486 4.6
      vertex 36.7247 36.1486 6
    endloop
  endfacet
  facet normal 0.997858 0.0654176 0
    outer loop
      vertex 36.7247 36.1486 4.6
      vertex 36.8 35 6
      vertex 36.8 35 4.6
    endloop
  endfacet
  facet normal -0.946931 0.321435 0
    outer loop
      vertex 19.4999 37.2776 4.9
      vertex 19.8699 38.3676 6
      vertex 19.8699 38.3676 4.9
    endloop
  endfacet
  facet normal -0.946931 0.321435 0
    outer loop
      vertex 19.8699 38.3676 6
      vertex 19.4999 37.2776 4.9
      vertex 19.4999 37.2776 6
    endloop
  endfacet
  facet normal 0.442272 0.896881 -0
    outer loop
      vertex 32.4 42.621 4.6
      vertex 31.3676 43.1301 6
      vertex 32.4 42.621 6
    endloop
  endfacet
  facet normal 0.442272 0.896881 0
    outer loop
      vertex 31.3676 43.1301 6
      vertex 32.4 42.621 4.6
      vertex 31.3676 43.1301 4.6
    endloop
  endfacet
  facet normal 0.195114 0.980781 -0
    outer loop
      vertex 30.2776 43.5001 4.6
      vertex 29.1486 43.7247 6
      vertex 30.2776 43.5001 6
    endloop
  endfacet
  facet normal 0.195114 0.980781 0
    outer loop
      vertex 29.1486 43.7247 6
      vertex 30.2776 43.5001 4.6
      vertex 29.1486 43.7247 4.6
    endloop
  endfacet
  facet normal 0.831475 0.555562 0
    outer loop
      vertex 35.621 39.4 6
      vertex 34.9815 40.3571 4.6
      vertex 34.9815 40.3571 6
    endloop
  endfacet
  facet normal 0.831475 0.555562 0
    outer loop
      vertex 34.9815 40.3571 4.6
      vertex 35.621 39.4 6
      vertex 35.621 39.4 4.6
    endloop
  endfacet
  facet normal -0.321435 -0.946931 0
    outer loop
      vertex 24.6324 26.8699 4.6
      vertex 25.7224 26.4999 6
      vertex 24.6324 26.8699 6
    endloop
  endfacet
  facet normal -0.321435 -0.946931 -0
    outer loop
      vertex 25.7224 26.4999 6
      vertex 24.6324 26.8699 4.6
      vertex 25.7224 26.4999 4.6
    endloop
  endfacet
  facet normal 0.321435 -0.946931 0
    outer loop
      vertex 30.2776 26.4999 4.6
      vertex 31.3676 26.8699 6
      vertex 30.2776 26.4999 6
    endloop
  endfacet
  facet normal 0.321435 -0.946931 0
    outer loop
      vertex 31.3676 26.8699 6
      vertex 30.2776 26.4999 4.6
      vertex 31.3676 26.8699 4.6
    endloop
  endfacet
  facet normal 0.997858 -0.0654176 0
    outer loop
      vertex 36.7247 33.8514 6
      vertex 36.8 35 4.6
      vertex 36.8 35 6
    endloop
  endfacet
  facet normal 0.997858 -0.0654176 0
    outer loop
      vertex 36.8 35 4.6
      vertex 36.7247 33.8514 6
      vertex 36.7247 33.8514 4.6
    endloop
  endfacet
  facet normal -0.997858 -0.0654176 0
    outer loop
      vertex 19.2753 33.8514 4.9
      vertex 19.2 35 6
      vertex 19.2 35 4.9
    endloop
  endfacet
  facet normal -0.997858 -0.0654176 0
    outer loop
      vertex 19.2 35 6
      vertex 19.2753 33.8514 4.9
      vertex 19.2753 33.8514 6
    endloop
  endfacet
  facet normal -0.751812 0.659378 0
    outer loop
      vertex 21.0185 40.3571 4.9
      vertex 21.7775 41.2225 6
      vertex 21.7775 41.2225 4.9
    endloop
  endfacet
  facet normal -0.751812 0.659378 0
    outer loop
      vertex 21.7775 41.2225 6
      vertex 21.0185 40.3571 4.9
      vertex 21.0185 40.3571 6
    endloop
  endfacet
  facet normal 0.831475 -0.555562 0
    outer loop
      vertex 34.9815 29.6429 6
      vertex 35.621 30.6 4.6
      vertex 35.621 30.6 6
    endloop
  endfacet
  facet normal 0.831475 -0.555562 0
    outer loop
      vertex 35.621 30.6 4.6
      vertex 34.9815 29.6429 6
      vertex 34.9815 29.6429 4.6
    endloop
  endfacet
  facet normal -0.896881 -0.442272 0
    outer loop
      vertex 20.379 30.6 4.9
      vertex 19.8699 31.6324 6
      vertex 19.8699 31.6324 4.9
    endloop
  endfacet
  facet normal -0.896881 -0.442272 0
    outer loop
      vertex 19.8699 31.6324 6
      vertex 20.379 30.6 4.9
      vertex 20.379 30.6 6
    endloop
  endfacet
  facet normal 0.555562 -0.831475 0
    outer loop
      vertex 32.4 27.379 4.6
      vertex 33.3571 28.0185 6
      vertex 32.4 27.379 6
    endloop
  endfacet
  facet normal 0.555562 -0.831475 0
    outer loop
      vertex 33.3571 28.0185 6
      vertex 32.4 27.379 4.6
      vertex 33.3571 28.0185 4.6
    endloop
  endfacet
  facet normal 0.0654176 0.997858 -0
    outer loop
      vertex 29.1486 43.7247 4.6
      vertex 28 43.8 6
      vertex 29.1486 43.7247 6
    endloop
  endfacet
  facet normal 0.0654176 0.997858 0
    outer loop
      vertex 28 43.8 6
      vertex 29.1486 43.7247 4.6
      vertex 28 43.8 4.6
    endloop
  endfacet
  facet normal -0.442272 0.896881 0
    outer loop
      vertex 24.6324 43.1301 4.6
      vertex 23.6 42.621 6
      vertex 24.6324 43.1301 6
    endloop
  endfacet
  facet normal -0.442272 0.896881 0
    outer loop
      vertex 23.6 42.621 6
      vertex 24.6324 43.1301 4.6
      vertex 23.6 42.621 4.6
    endloop
  endfacet
  facet normal -0.321435 0.946931 0
    outer loop
      vertex 25.7224 43.5001 4.6
      vertex 24.6324 43.1301 6
      vertex 25.7224 43.5001 6
    endloop
  endfacet
  facet normal -0.321435 0.946931 0
    outer loop
      vertex 24.6324 43.1301 6
      vertex 25.7224 43.5001 4.6
      vertex 24.6324 43.1301 4.6
    endloop
  endfacet
  facet normal -0.555562 0.831475 0
    outer loop
      vertex 23.6 42.621 4.6
      vertex 22.6429 41.9815 6
      vertex 23.6 42.621 6
    endloop
  endfacet
  facet normal -0.555562 0.831475 0
    outer loop
      vertex 22.6429 41.9815 6
      vertex 23.6 42.621 4.6
      vertex 22.6429 41.9815 4.6
    endloop
  endfacet
  facet normal 0.896881 0.442272 0
    outer loop
      vertex 36.1301 38.3676 6
      vertex 35.621 39.4 4.6
      vertex 35.621 39.4 6
    endloop
  endfacet
  facet normal 0.896881 0.442272 0
    outer loop
      vertex 35.621 39.4 4.6
      vertex 36.1301 38.3676 6
      vertex 36.1301 38.3676 4.6
    endloop
  endfacet
  facet normal -0.751812 -0.659378 0
    outer loop
      vertex 21.7775 28.7775 4.9
      vertex 21.0185 29.6429 6
      vertex 21.0185 29.6429 4.9
    endloop
  endfacet
  facet normal -0.751812 -0.659378 0
    outer loop
      vertex 21.0185 29.6429 6
      vertex 21.7775 28.7775 4.9
      vertex 21.7775 28.7775 6
    endloop
  endfacet
  facet normal -0.831475 0.555562 0
    outer loop
      vertex 20.379 39.4 4.9
      vertex 21.0185 40.3571 6
      vertex 21.0185 40.3571 4.9
    endloop
  endfacet
  facet normal -0.831475 0.555562 0
    outer loop
      vertex 21.0185 40.3571 6
      vertex 20.379 39.4 4.9
      vertex 20.379 39.4 6
    endloop
  endfacet
  facet normal 0.442272 -0.896881 0
    outer loop
      vertex 31.3676 26.8699 4.6
      vertex 32.4 27.379 6
      vertex 31.3676 26.8699 6
    endloop
  endfacet
  facet normal 0.442272 -0.896881 0
    outer loop
      vertex 32.4 27.379 6
      vertex 31.3676 26.8699 4.6
      vertex 32.4 27.379 4.6
    endloop
  endfacet
  facet normal -0.659485 -0.751718 0
    outer loop
      vertex 22 28.5823 4.9
      vertex 21.7775 28.7775 6
      vertex 21.7775 28.7775 4.9
    endloop
  endfacet
  facet normal -0.659378 -0.751812 3.83669e-05
    outer loop
      vertex 21.7775 28.7775 6
      vertex 22 28.5823 4.9
      vertex 22.6429 28.0185 6
    endloop
  endfacet
  facet normal -0.65934 -0.751845 0
    outer loop
      vertex 22.6429 28.0185 4.6
      vertex 22 28.5823 4.9
      vertex 22 28.5823 4.6
    endloop
  endfacet
  facet normal -0.65934 -0.751845 0
    outer loop
      vertex 22 28.5823 4.9
      vertex 22.6429 28.0185 4.6
      vertex 22.6429 28.0185 6
    endloop
  endfacet
  facet normal 0.0654176 -0.997858 0
    outer loop
      vertex 28 26.2 4.6
      vertex 29.1486 26.2753 6
      vertex 28 26.2 6
    endloop
  endfacet
  facet normal 0.0654176 -0.997858 0
    outer loop
      vertex 29.1486 26.2753 6
      vertex 28 26.2 4.6
      vertex 29.1486 26.2753 4.6
    endloop
  endfacet
  facet normal 0.195114 -0.980781 0
    outer loop
      vertex 29.1486 26.2753 4.6
      vertex 30.2776 26.4999 6
      vertex 29.1486 26.2753 6
    endloop
  endfacet
  facet normal 0.195114 -0.980781 0
    outer loop
      vertex 30.2776 26.4999 6
      vertex 29.1486 26.2753 4.6
      vertex 30.2776 26.4999 4.6
    endloop
  endfacet
  facet normal 0.555562 0.831475 -0
    outer loop
      vertex 33.3571 41.9815 4.6
      vertex 32.4 42.621 6
      vertex 33.3571 41.9815 6
    endloop
  endfacet
  facet normal 0.555562 0.831475 0
    outer loop
      vertex 32.4 42.621 6
      vertex 33.3571 41.9815 4.6
      vertex 32.4 42.621 4.6
    endloop
  endfacet
  facet normal -0.442272 -0.896881 0
    outer loop
      vertex 23.6 27.379 4.6
      vertex 24.6324 26.8699 6
      vertex 23.6 27.379 6
    endloop
  endfacet
  facet normal -0.442272 -0.896881 -0
    outer loop
      vertex 24.6324 26.8699 6
      vertex 23.6 27.379 4.6
      vertex 24.6324 26.8699 4.6
    endloop
  endfacet
  facet normal -0.0654176 0.997858 0
    outer loop
      vertex 28 43.8 4.6
      vertex 26.8514 43.7247 6
      vertex 28 43.8 6
    endloop
  endfacet
  facet normal -0.0654176 0.997858 0
    outer loop
      vertex 26.8514 43.7247 6
      vertex 28 43.8 4.6
      vertex 26.8514 43.7247 4.6
    endloop
  endfacet
  facet normal 0.659378 0.751812 -0
    outer loop
      vertex 34.2225 41.2225 4.6
      vertex 33.3571 41.9815 6
      vertex 34.2225 41.2225 6
    endloop
  endfacet
  facet normal 0.659378 0.751812 0
    outer loop
      vertex 33.3571 41.9815 6
      vertex 34.2225 41.2225 4.6
      vertex 33.3571 41.9815 4.6
    endloop
  endfacet
  facet normal -0.195114 0.980781 0
    outer loop
      vertex 26.8514 43.7247 4.6
      vertex 25.7224 43.5001 6
      vertex 26.8514 43.7247 6
    endloop
  endfacet
  facet normal -0.195114 0.980781 0
    outer loop
      vertex 25.7224 43.5001 6
      vertex 26.8514 43.7247 4.6
      vertex 25.7224 43.5001 4.6
    endloop
  endfacet
  facet normal -0.980781 0.195114 0
    outer loop
      vertex 19.2753 36.1486 4.9
      vertex 19.4999 37.2776 6
      vertex 19.4999 37.2776 4.9
    endloop
  endfacet
  facet normal -0.980781 0.195114 0
    outer loop
      vertex 19.4999 37.2776 6
      vertex 19.2753 36.1486 4.9
      vertex 19.2753 36.1486 6
    endloop
  endfacet
  facet normal -0.980781 -0.195114 0
    outer loop
      vertex 19.4999 32.7224 4.9
      vertex 19.2753 33.8514 6
      vertex 19.2753 33.8514 4.9
    endloop
  endfacet
  facet normal -0.980781 -0.195114 0
    outer loop
      vertex 19.2753 33.8514 6
      vertex 19.4999 32.7224 4.9
      vertex 19.4999 32.7224 6
    endloop
  endfacet
  facet normal 0.980781 -0.195114 0
    outer loop
      vertex 36.5001 32.7224 6
      vertex 36.7247 33.8514 4.6
      vertex 36.7247 33.8514 6
    endloop
  endfacet
  facet normal 0.980781 -0.195114 0
    outer loop
      vertex 36.7247 33.8514 4.6
      vertex 36.5001 32.7224 6
      vertex 36.5001 32.7224 4.6
    endloop
  endfacet
  facet normal 0.751812 -0.659378 0
    outer loop
      vertex 34.2225 28.7775 6
      vertex 34.9815 29.6429 4.6
      vertex 34.9815 29.6429 6
    endloop
  endfacet
  facet normal 0.751812 -0.659378 0
    outer loop
      vertex 34.9815 29.6429 4.6
      vertex 34.2225 28.7775 6
      vertex 34.2225 28.7775 4.6
    endloop
  endfacet
  facet normal 0.751812 0.659378 0
    outer loop
      vertex 34.9815 40.3571 6
      vertex 34.2225 41.2225 4.6
      vertex 34.2225 41.2225 6
    endloop
  endfacet
  facet normal 0.751812 0.659378 0
    outer loop
      vertex 34.2225 41.2225 4.6
      vertex 34.9815 40.3571 6
      vertex 34.9815 40.3571 4.6
    endloop
  endfacet
  facet normal -0.195114 -0.980781 0
    outer loop
      vertex 25.7224 26.4999 4.6
      vertex 26.8514 26.2753 6
      vertex 25.7224 26.4999 6
    endloop
  endfacet
  facet normal -0.195114 -0.980781 -0
    outer loop
      vertex 26.8514 26.2753 6
      vertex 25.7224 26.4999 4.6
      vertex 26.8514 26.2753 4.6
    endloop
  endfacet
  facet normal -0.0654176 -0.997858 0
    outer loop
      vertex 26.8514 26.2753 4.6
      vertex 28 26.2 6
      vertex 26.8514 26.2753 6
    endloop
  endfacet
  facet normal -0.0654176 -0.997858 -0
    outer loop
      vertex 28 26.2 6
      vertex 26.8514 26.2753 4.6
      vertex 28 26.2 4.6
    endloop
  endfacet
  facet normal 0.321435 0.946931 -0
    outer loop
      vertex 31.3676 43.1301 4.6
      vertex 30.2776 43.5001 6
      vertex 31.3676 43.1301 6
    endloop
  endfacet
  facet normal 0.321435 0.946931 0
    outer loop
      vertex 30.2776 43.5001 6
      vertex 31.3676 43.1301 4.6
      vertex 30.2776 43.5001 4.6
    endloop
  endfacet
  facet normal -0.946931 -0.321435 0
    outer loop
      vertex 19.8699 31.6324 4.9
      vertex 19.4999 32.7224 6
      vertex 19.4999 32.7224 4.9
    endloop
  endfacet
  facet normal -0.946931 -0.321435 0
    outer loop
      vertex 19.4999 32.7224 6
      vertex 19.8699 31.6324 4.9
      vertex 19.8699 31.6324 6
    endloop
  endfacet
  facet normal 0.946931 0.321435 0
    outer loop
      vertex 36.5001 37.2776 6
      vertex 36.1301 38.3676 4.6
      vertex 36.1301 38.3676 6
    endloop
  endfacet
  facet normal 0.946931 0.321435 0
    outer loop
      vertex 36.1301 38.3676 4.6
      vertex 36.5001 37.2776 6
      vertex 36.5001 37.2776 4.6
    endloop
  endfacet
  facet normal -0.659378 0.751812 3.83669e-05
    outer loop
      vertex 22.6429 41.9815 6
      vertex 22 41.4177 4.9
      vertex 21.7775 41.2225 6
    endloop
  endfacet
  facet normal -0.65934 0.751845 0
    outer loop
      vertex 22.6429 41.9815 4.6
      vertex 22 41.4177 4.9
      vertex 22.6429 41.9815 6
    endloop
  endfacet
  facet normal -0.65934 0.751845 0
    outer loop
      vertex 22 41.4177 4.9
      vertex 22.6429 41.9815 4.6
      vertex 22 41.4177 4.6
    endloop
  endfacet
  facet normal -0.659485 0.751718 0
    outer loop
      vertex 21.7775 41.2225 6
      vertex 22 41.4177 4.9
      vertex 21.7775 41.2225 4.9
    endloop
  endfacet
  facet normal -0.896881 0.442272 0
    outer loop
      vertex 19.8699 38.3676 4.9
      vertex 20.379 39.4 6
      vertex 20.379 39.4 4.9
    endloop
  endfacet
  facet normal -0.896881 0.442272 0
    outer loop
      vertex 20.379 39.4 6
      vertex 19.8699 38.3676 4.9
      vertex 19.8699 38.3676 6
    endloop
  endfacet
  facet normal -0.831475 -0.555562 0
    outer loop
      vertex 21.0185 29.6429 4.9
      vertex 20.379 30.6 6
      vertex 20.379 30.6 4.9
    endloop
  endfacet
  facet normal -0.831475 -0.555562 0
    outer loop
      vertex 20.379 30.6 6
      vertex 21.0185 29.6429 4.9
      vertex 21.0185 29.6429 6
    endloop
  endfacet
  facet normal -0.997858 0.0654176 0
    outer loop
      vertex 19.2 35 4.9
      vertex 19.2753 36.1486 6
      vertex 19.2753 36.1486 4.9
    endloop
  endfacet
  facet normal -0.997858 0.0654176 0
    outer loop
      vertex 19.2753 36.1486 6
      vertex 19.2 35 4.9
      vertex 19.2 35 6
    endloop
  endfacet
  facet normal -0.555562 -0.831475 0
    outer loop
      vertex 22.6429 28.0185 4.6
      vertex 23.6 27.379 6
      vertex 22.6429 28.0185 6
    endloop
  endfacet
  facet normal -0.555562 -0.831475 -0
    outer loop
      vertex 23.6 27.379 6
      vertex 22.6429 28.0185 4.6
      vertex 23.6 27.379 4.6
    endloop
  endfacet
  facet normal 0.896881 -0.442272 0
    outer loop
      vertex 35.621 30.6 6
      vertex 36.1301 31.6324 4.6
      vertex 36.1301 31.6324 6
    endloop
  endfacet
  facet normal 0.896881 -0.442272 0
    outer loop
      vertex 36.1301 31.6324 4.6
      vertex 35.621 30.6 6
      vertex 35.621 30.6 4.6
    endloop
  endfacet
  facet normal 0.946931 -0.321435 0
    outer loop
      vertex 36.1301 31.6324 6
      vertex 36.5001 32.7224 4.6
      vertex 36.5001 32.7224 6
    endloop
  endfacet
  facet normal 0.946931 -0.321435 0
    outer loop
      vertex 36.5001 32.7224 4.6
      vertex 36.1301 31.6324 6
      vertex 36.1301 31.6324 4.6
    endloop
  endfacet
  facet normal 0.659378 -0.751812 0
    outer loop
      vertex 33.3571 28.0185 4.6
      vertex 34.2225 28.7775 6
      vertex 33.3571 28.0185 6
    endloop
  endfacet
  facet normal 0.659378 -0.751812 0
    outer loop
      vertex 34.2225 28.7775 6
      vertex 33.3571 28.0185 4.6
      vertex 34.2225 28.7775 4.6
    endloop
  endfacet
  facet normal -0.0654211 0.997858 0
    outer loop
      vertex 8.21537 6.36412 0
      vertex 8 6.35 2.3
      vertex 8.21537 6.36412 2.3
    endloop
  endfacet
  facet normal -0.0654211 0.997858 0
    outer loop
      vertex 8 6.35 2.3
      vertex 8.21537 6.36412 0
      vertex 8 6.35 0
    endloop
  endfacet
  facet normal -0.98079 -0.195065 0
    outer loop
      vertex 9.63588 8.21537 0
      vertex 9.59378 8.42705 2.3
      vertex 9.59378 8.42705 0
    endloop
  endfacet
  facet normal -0.98079 -0.195065 0
    outer loop
      vertex 9.59378 8.42705 2.3
      vertex 9.63588 8.21537 0
      vertex 9.63588 8.21537 2.3
    endloop
  endfacet
  facet normal -0.997858 -0.0654211 0
    outer loop
      vertex 9.65 8 0
      vertex 9.63588 8.21537 2.3
      vertex 9.63588 8.21537 0
    endloop
  endfacet
  facet normal -0.997858 -0.0654211 0
    outer loop
      vertex 9.63588 8.21537 2.3
      vertex 9.65 8 0
      vertex 9.65 8 2.3
    endloop
  endfacet
  facet normal -0.946927 -0.321449 0
    outer loop
      vertex 9.59378 8.42705 0
      vertex 9.5244 8.63143 2.3
      vertex 9.5244 8.63143 0
    endloop
  endfacet
  facet normal -0.946927 -0.321449 0
    outer loop
      vertex 9.5244 8.63143 2.3
      vertex 9.59378 8.42705 0
      vertex 9.59378 8.42705 2.3
    endloop
  endfacet
  facet normal -0.0654211 -0.997858 0
    outer loop
      vertex 8 9.65 0
      vertex 8.21537 9.63588 2.3
      vertex 8 9.65 2.3
    endloop
  endfacet
  facet normal -0.0654211 -0.997858 -0
    outer loop
      vertex 8.21537 9.63588 2.3
      vertex 8 9.65 0
      vertex 8.21537 9.63588 0
    endloop
  endfacet
  facet normal 0.659328 0.751856 -0
    outer loop
      vertex 6.99554 6.69097 0
      vertex 6.83327 6.83327 2.3
      vertex 6.99554 6.69097 2.3
    endloop
  endfacet
  facet normal 0.659328 0.751856 0
    outer loop
      vertex 6.83327 6.83327 2.3
      vertex 6.99554 6.69097 0
      vertex 6.83327 6.83327 0
    endloop
  endfacet
  facet normal 0.997858 0.0654211 0
    outer loop
      vertex 6.36412 7.78463 2.3
      vertex 6.35 8 0
      vertex 6.35 8 2.3
    endloop
  endfacet
  facet normal 0.997858 0.0654211 0
    outer loop
      vertex 6.35 8 0
      vertex 6.36412 7.78463 2.3
      vertex 6.36412 7.78463 0
    endloop
  endfacet
  facet normal 0.659328 -0.751856 0
    outer loop
      vertex 6.83327 9.16673 0
      vertex 6.99554 9.30903 2.3
      vertex 6.83327 9.16673 2.3
    endloop
  endfacet
  facet normal 0.659328 -0.751856 0
    outer loop
      vertex 6.99554 9.30903 2.3
      vertex 6.83327 9.16673 0
      vertex 6.99554 9.30903 0
    endloop
  endfacet
  facet normal -0.751856 -0.659328 0
    outer loop
      vertex 9.30903 9.00446 0
      vertex 9.16673 9.16673 2.3
      vertex 9.16673 9.16673 0
    endloop
  endfacet
  facet normal -0.751856 -0.659328 0
    outer loop
      vertex 9.16673 9.16673 2.3
      vertex 9.30903 9.00446 0
      vertex 9.30903 9.00446 2.3
    endloop
  endfacet
  facet normal -0.997858 0.0654211 0
    outer loop
      vertex 9.63588 7.78463 0
      vertex 9.65 8 2.3
      vertex 9.65 8 0
    endloop
  endfacet
  facet normal -0.997858 0.0654211 0
    outer loop
      vertex 9.65 8 2.3
      vertex 9.63588 7.78463 0
      vertex 9.63588 7.78463 2.3
    endloop
  endfacet
  facet normal -0.442296 -0.896869 0
    outer loop
      vertex 8.63143 9.5244 0
      vertex 8.825 9.42894 2.3
      vertex 8.63143 9.5244 2.3
    endloop
  endfacet
  facet normal -0.442296 -0.896869 -0
    outer loop
      vertex 8.825 9.42894 2.3
      vertex 8.63143 9.5244 0
      vertex 8.825 9.42894 0
    endloop
  endfacet
  facet normal -0.896869 0.442296 0
    outer loop
      vertex 9.42894 7.175 0
      vertex 9.5244 7.36857 2.3
      vertex 9.5244 7.36857 0
    endloop
  endfacet
  facet normal -0.896869 0.442296 0
    outer loop
      vertex 9.5244 7.36857 2.3
      vertex 9.42894 7.175 0
      vertex 9.42894 7.175 2.3
    endloop
  endfacet
  facet normal 0.321449 0.946927 -0
    outer loop
      vertex 7.57295 6.40622 0
      vertex 7.36857 6.4756 2.3
      vertex 7.57295 6.40622 2.3
    endloop
  endfacet
  facet normal 0.321449 0.946927 0
    outer loop
      vertex 7.36857 6.4756 2.3
      vertex 7.57295 6.40622 0
      vertex 7.36857 6.4756 0
    endloop
  endfacet
  facet normal -0.831472 -0.555566 0
    outer loop
      vertex 9.42894 8.825 0
      vertex 9.30903 9.00446 2.3
      vertex 9.30903 9.00446 0
    endloop
  endfacet
  facet normal -0.831472 -0.555566 0
    outer loop
      vertex 9.30903 9.00446 2.3
      vertex 9.42894 8.825 0
      vertex 9.42894 8.825 2.3
    endloop
  endfacet
  facet normal -0.896869 -0.442296 0
    outer loop
      vertex 9.5244 8.63143 0
      vertex 9.42894 8.825 2.3
      vertex 9.42894 8.825 0
    endloop
  endfacet
  facet normal -0.896869 -0.442296 0
    outer loop
      vertex 9.42894 8.825 2.3
      vertex 9.5244 8.63143 0
      vertex 9.5244 8.63143 2.3
    endloop
  endfacet
  facet normal 0.831472 0.555566 0
    outer loop
      vertex 6.69097 6.99554 2.3
      vertex 6.57106 7.175 0
      vertex 6.57106 7.175 2.3
    endloop
  endfacet
  facet normal 0.831472 0.555566 0
    outer loop
      vertex 6.57106 7.175 0
      vertex 6.69097 6.99554 2.3
      vertex 6.69097 6.99554 0
    endloop
  endfacet
  facet normal -0.442296 0.896869 0
    outer loop
      vertex 8.825 6.57106 0
      vertex 8.63143 6.4756 2.3
      vertex 8.825 6.57106 2.3
    endloop
  endfacet
  facet normal -0.442296 0.896869 0
    outer loop
      vertex 8.63143 6.4756 2.3
      vertex 8.825 6.57106 0
      vertex 8.63143 6.4756 0
    endloop
  endfacet
  facet normal 0.997858 -0.0654211 0
    outer loop
      vertex 6.35 8 2.3
      vertex 6.36412 8.21537 0
      vertex 6.36412 8.21537 2.3
    endloop
  endfacet
  facet normal 0.997858 -0.0654211 0
    outer loop
      vertex 6.36412 8.21537 0
      vertex 6.35 8 2.3
      vertex 6.35 8 0
    endloop
  endfacet
  facet normal 0.442296 -0.896869 0
    outer loop
      vertex 7.175 9.42894 0
      vertex 7.36857 9.5244 2.3
      vertex 7.175 9.42894 2.3
    endloop
  endfacet
  facet normal 0.442296 -0.896869 0
    outer loop
      vertex 7.36857 9.5244 2.3
      vertex 7.175 9.42894 0
      vertex 7.36857 9.5244 0
    endloop
  endfacet
  facet normal -0.195065 -0.98079 0
    outer loop
      vertex 8.21537 9.63588 0
      vertex 8.42705 9.59378 2.3
      vertex 8.21537 9.63588 2.3
    endloop
  endfacet
  facet normal -0.195065 -0.98079 -0
    outer loop
      vertex 8.42705 9.59378 2.3
      vertex 8.21537 9.63588 0
      vertex 8.42705 9.59378 0
    endloop
  endfacet
  facet normal 0.751856 -0.659328 0
    outer loop
      vertex 6.69097 9.00446 2.3
      vertex 6.83327 9.16673 0
      vertex 6.83327 9.16673 2.3
    endloop
  endfacet
  facet normal 0.751856 -0.659328 0
    outer loop
      vertex 6.83327 9.16673 0
      vertex 6.69097 9.00446 2.3
      vertex 6.69097 9.00446 0
    endloop
  endfacet
  facet normal -0.946927 0.321449 0
    outer loop
      vertex 9.5244 7.36857 0
      vertex 9.59378 7.57295 2.3
      vertex 9.59378 7.57295 0
    endloop
  endfacet
  facet normal -0.946927 0.321449 0
    outer loop
      vertex 9.59378 7.57295 2.3
      vertex 9.5244 7.36857 0
      vertex 9.5244 7.36857 2.3
    endloop
  endfacet
  facet normal 0.98079 -0.195065 0
    outer loop
      vertex 6.36412 8.21537 2.3
      vertex 6.40622 8.42705 0
      vertex 6.40622 8.42705 2.3
    endloop
  endfacet
  facet normal 0.98079 -0.195065 0
    outer loop
      vertex 6.40622 8.42705 0
      vertex 6.36412 8.21537 2.3
      vertex 6.36412 8.21537 0
    endloop
  endfacet
  facet normal 0.442296 0.896869 -0
    outer loop
      vertex 7.36857 6.4756 0
      vertex 7.175 6.57106 2.3
      vertex 7.36857 6.4756 2.3
    endloop
  endfacet
  facet normal 0.442296 0.896869 0
    outer loop
      vertex 7.175 6.57106 2.3
      vertex 7.36857 6.4756 0
      vertex 7.175 6.57106 0
    endloop
  endfacet
  facet normal 0.555566 -0.831472 0
    outer loop
      vertex 6.99554 9.30903 0
      vertex 7.175 9.42894 2.3
      vertex 6.99554 9.30903 2.3
    endloop
  endfacet
  facet normal 0.555566 -0.831472 0
    outer loop
      vertex 7.175 9.42894 2.3
      vertex 6.99554 9.30903 0
      vertex 7.175 9.42894 0
    endloop
  endfacet
  facet normal -0.659328 0.751856 0
    outer loop
      vertex 9.16673 6.83327 0
      vertex 9.00446 6.69097 2.3
      vertex 9.16673 6.83327 2.3
    endloop
  endfacet
  facet normal -0.659328 0.751856 0
    outer loop
      vertex 9.00446 6.69097 2.3
      vertex 9.16673 6.83327 0
      vertex 9.00446 6.69097 0
    endloop
  endfacet
  facet normal 0.321449 -0.946927 0
    outer loop
      vertex 7.36857 9.5244 0
      vertex 7.57295 9.59378 2.3
      vertex 7.36857 9.5244 2.3
    endloop
  endfacet
  facet normal 0.321449 -0.946927 0
    outer loop
      vertex 7.57295 9.59378 2.3
      vertex 7.36857 9.5244 0
      vertex 7.57295 9.59378 0
    endloop
  endfacet
  facet normal -0.831472 0.555566 0
    outer loop
      vertex 9.30903 6.99554 0
      vertex 9.42894 7.175 2.3
      vertex 9.42894 7.175 0
    endloop
  endfacet
  facet normal -0.831472 0.555566 0
    outer loop
      vertex 9.42894 7.175 2.3
      vertex 9.30903 6.99554 0
      vertex 9.30903 6.99554 2.3
    endloop
  endfacet
  facet normal -0.555566 0.831472 0
    outer loop
      vertex 9.00446 6.69097 0
      vertex 8.825 6.57106 2.3
      vertex 9.00446 6.69097 2.3
    endloop
  endfacet
  facet normal -0.555566 0.831472 0
    outer loop
      vertex 8.825 6.57106 2.3
      vertex 9.00446 6.69097 0
      vertex 8.825 6.57106 0
    endloop
  endfacet
  facet normal -0.751856 0.659328 0
    outer loop
      vertex 9.16673 6.83327 0
      vertex 9.30903 6.99554 2.3
      vertex 9.30903 6.99554 0
    endloop
  endfacet
  facet normal -0.751856 0.659328 0
    outer loop
      vertex 9.30903 6.99554 2.3
      vertex 9.16673 6.83327 0
      vertex 9.16673 6.83327 2.3
    endloop
  endfacet
  facet normal -0.98079 0.195065 0
    outer loop
      vertex 9.59378 7.57295 0
      vertex 9.63588 7.78463 2.3
      vertex 9.63588 7.78463 0
    endloop
  endfacet
  facet normal -0.98079 0.195065 0
    outer loop
      vertex 9.63588 7.78463 2.3
      vertex 9.59378 7.57295 0
      vertex 9.59378 7.57295 2.3
    endloop
  endfacet
  facet normal 0.0654211 -0.997858 0
    outer loop
      vertex 7.78463 9.63588 0
      vertex 8 9.65 2.3
      vertex 7.78463 9.63588 2.3
    endloop
  endfacet
  facet normal 0.0654211 -0.997858 0
    outer loop
      vertex 8 9.65 2.3
      vertex 7.78463 9.63588 0
      vertex 8 9.65 0
    endloop
  endfacet
  facet normal 0.896869 0.442296 0
    outer loop
      vertex 6.57106 7.175 2.3
      vertex 6.4756 7.36857 0
      vertex 6.4756 7.36857 2.3
    endloop
  endfacet
  facet normal 0.896869 0.442296 0
    outer loop
      vertex 6.4756 7.36857 0
      vertex 6.57106 7.175 2.3
      vertex 6.57106 7.175 0
    endloop
  endfacet
  facet normal 0.896869 -0.442296 0
    outer loop
      vertex 6.4756 8.63143 2.3
      vertex 6.57106 8.825 0
      vertex 6.57106 8.825 2.3
    endloop
  endfacet
  facet normal 0.896869 -0.442296 0
    outer loop
      vertex 6.57106 8.825 0
      vertex 6.4756 8.63143 2.3
      vertex 6.4756 8.63143 0
    endloop
  endfacet
  facet normal -0.555566 -0.831472 0
    outer loop
      vertex 8.825 9.42894 0
      vertex 9.00446 9.30903 2.3
      vertex 8.825 9.42894 2.3
    endloop
  endfacet
  facet normal -0.555566 -0.831472 -0
    outer loop
      vertex 9.00446 9.30903 2.3
      vertex 8.825 9.42894 0
      vertex 9.00446 9.30903 0
    endloop
  endfacet
  facet normal 0.98079 0.195065 0
    outer loop
      vertex 6.40622 7.57295 2.3
      vertex 6.36412 7.78463 0
      vertex 6.36412 7.78463 2.3
    endloop
  endfacet
  facet normal 0.98079 0.195065 0
    outer loop
      vertex 6.36412 7.78463 0
      vertex 6.40622 7.57295 2.3
      vertex 6.40622 7.57295 0
    endloop
  endfacet
  facet normal -0.321449 0.946927 0
    outer loop
      vertex 8.63143 6.4756 0
      vertex 8.42705 6.40622 2.3
      vertex 8.63143 6.4756 2.3
    endloop
  endfacet
  facet normal -0.321449 0.946927 0
    outer loop
      vertex 8.42705 6.40622 2.3
      vertex 8.63143 6.4756 0
      vertex 8.42705 6.40622 0
    endloop
  endfacet
  facet normal -0.659328 -0.751856 0
    outer loop
      vertex 9.00446 9.30903 0
      vertex 9.16673 9.16673 2.3
      vertex 9.00446 9.30903 2.3
    endloop
  endfacet
  facet normal -0.659328 -0.751856 -0
    outer loop
      vertex 9.16673 9.16673 2.3
      vertex 9.00446 9.30903 0
      vertex 9.16673 9.16673 0
    endloop
  endfacet
  facet normal -0.195065 0.98079 0
    outer loop
      vertex 8.42705 6.40622 0
      vertex 8.21537 6.36412 2.3
      vertex 8.42705 6.40622 2.3
    endloop
  endfacet
  facet normal -0.195065 0.98079 0
    outer loop
      vertex 8.21537 6.36412 2.3
      vertex 8.42705 6.40622 0
      vertex 8.21537 6.36412 0
    endloop
  endfacet
  facet normal 0.946927 -0.321449 0
    outer loop
      vertex 6.40622 8.42705 2.3
      vertex 6.4756 8.63143 0
      vertex 6.4756 8.63143 2.3
    endloop
  endfacet
  facet normal 0.946927 -0.321449 0
    outer loop
      vertex 6.4756 8.63143 0
      vertex 6.40622 8.42705 2.3
      vertex 6.40622 8.42705 0
    endloop
  endfacet
  facet normal 0.195065 -0.98079 0
    outer loop
      vertex 7.57295 9.59378 0
      vertex 7.78463 9.63588 2.3
      vertex 7.57295 9.59378 2.3
    endloop
  endfacet
  facet normal 0.195065 -0.98079 0
    outer loop
      vertex 7.78463 9.63588 2.3
      vertex 7.57295 9.59378 0
      vertex 7.78463 9.63588 0
    endloop
  endfacet
  facet normal 0.0654211 0.997858 -0
    outer loop
      vertex 8 6.35 0
      vertex 7.78463 6.36412 2.3
      vertex 8 6.35 2.3
    endloop
  endfacet
  facet normal 0.0654211 0.997858 0
    outer loop
      vertex 7.78463 6.36412 2.3
      vertex 8 6.35 0
      vertex 7.78463 6.36412 0
    endloop
  endfacet
  facet normal 0.946927 0.321449 0
    outer loop
      vertex 6.4756 7.36857 2.3
      vertex 6.40622 7.57295 0
      vertex 6.40622 7.57295 2.3
    endloop
  endfacet
  facet normal 0.946927 0.321449 0
    outer loop
      vertex 6.40622 7.57295 0
      vertex 6.4756 7.36857 2.3
      vertex 6.4756 7.36857 0
    endloop
  endfacet
  facet normal 0.751856 0.659328 0
    outer loop
      vertex 6.83327 6.83327 2.3
      vertex 6.69097 6.99554 0
      vertex 6.69097 6.99554 2.3
    endloop
  endfacet
  facet normal 0.751856 0.659328 0
    outer loop
      vertex 6.69097 6.99554 0
      vertex 6.83327 6.83327 2.3
      vertex 6.83327 6.83327 0
    endloop
  endfacet
  facet normal 0.195065 0.98079 -0
    outer loop
      vertex 7.78463 6.36412 0
      vertex 7.57295 6.40622 2.3
      vertex 7.78463 6.36412 2.3
    endloop
  endfacet
  facet normal 0.195065 0.98079 0
    outer loop
      vertex 7.57295 6.40622 2.3
      vertex 7.78463 6.36412 0
      vertex 7.57295 6.40622 0
    endloop
  endfacet
  facet normal 0.555566 0.831472 -0
    outer loop
      vertex 7.175 6.57106 0
      vertex 6.99554 6.69097 2.3
      vertex 7.175 6.57106 2.3
    endloop
  endfacet
  facet normal 0.555566 0.831472 0
    outer loop
      vertex 6.99554 6.69097 2.3
      vertex 7.175 6.57106 0
      vertex 6.99554 6.69097 0
    endloop
  endfacet
  facet normal -0.321449 -0.946927 0
    outer loop
      vertex 8.42705 9.59378 0
      vertex 8.63143 9.5244 2.3
      vertex 8.42705 9.59378 2.3
    endloop
  endfacet
  facet normal -0.321449 -0.946927 -0
    outer loop
      vertex 8.63143 9.5244 2.3
      vertex 8.42705 9.59378 0
      vertex 8.63143 9.5244 0
    endloop
  endfacet
  facet normal 0.831472 -0.555566 0
    outer loop
      vertex 6.57106 8.825 2.3
      vertex 6.69097 9.00446 0
      vertex 6.69097 9.00446 2.3
    endloop
  endfacet
  facet normal 0.831472 -0.555566 0
    outer loop
      vertex 6.69097 9.00446 0
      vertex 6.57106 8.825 2.3
      vertex 6.57106 8.825 0
    endloop
  endfacet
  facet normal -0.442294 0.89687 0
    outer loop
      vertex 9.55 5.31532 2.3
      vertex 9.18632 5.13597 4
      vertex 9.55 5.31532 4
    endloop
  endfacet
  facet normal -0.442294 0.89687 0
    outer loop
      vertex 9.18632 5.13597 4
      vertex 9.55 5.31532 2.3
      vertex 9.18632 5.13597 2.3
    endloop
  endfacet
  facet normal -0.98079 -0.195068 0
    outer loop
      vertex 11.0735 8.40463 2.3
      vertex 10.9944 8.80234 4
      vertex 10.9944 8.80234 2.3
    endloop
  endfacet
  facet normal -0.98079 -0.195068 0
    outer loop
      vertex 10.9944 8.80234 4
      vertex 11.0735 8.40463 2.3
      vertex 11.0735 8.40463 4
    endloop
  endfacet
  facet normal -0.997862 -0.0653519 0
    outer loop
      vertex 11.1 8 2.3
      vertex 11.0735 8.40463 4
      vertex 11.0735 8.40463 2.3
    endloop
  endfacet
  facet normal -0.997862 -0.0653519 0
    outer loop
      vertex 11.0735 8.40463 4
      vertex 11.1 8 2.3
      vertex 11.1 8 4
    endloop
  endfacet
  facet normal -0.946888 -0.321564 0
    outer loop
      vertex 10.9944 8.80234 2.3
      vertex 10.864 9.18632 4
      vertex 10.864 9.18632 2.3
    endloop
  endfacet
  facet normal -0.946888 -0.321564 0
    outer loop
      vertex 10.864 9.18632 4
      vertex 10.9944 8.80234 2.3
      vertex 10.9944 8.80234 4
    endloop
  endfacet
  facet normal -0.751796 0.659396 0
    outer loop
      vertex 10.192 5.80797 2.3
      vertex 10.4594 6.11284 4
      vertex 10.4594 6.11284 2.3
    endloop
  endfacet
  facet normal -0.751796 0.659396 0
    outer loop
      vertex 10.4594 6.11284 4
      vertex 10.192 5.80797 2.3
      vertex 10.192 5.80797 4
    endloop
  endfacet
  facet normal -0.321564 -0.946888 0
    outer loop
      vertex 8.80234 10.9944 2.3
      vertex 9.18632 10.864 4
      vertex 8.80234 10.9944 4
    endloop
  endfacet
  facet normal -0.321564 -0.946888 -0
    outer loop
      vertex 9.18632 10.864 4
      vertex 8.80234 10.9944 2.3
      vertex 9.18632 10.864 2.3
    endloop
  endfacet
  facet normal -0.555599 -0.83145 0
    outer loop
      vertex 9.55 10.6847 2.3
      vertex 9.88716 10.4594 4
      vertex 9.55 10.6847 4
    endloop
  endfacet
  facet normal -0.555599 -0.83145 -0
    outer loop
      vertex 9.88716 10.4594 4
      vertex 9.55 10.6847 2.3
      vertex 9.88716 10.4594 2.3
    endloop
  endfacet
  facet normal -0.896919 0.442195 0
    outer loop
      vertex 10.6847 6.45 2.3
      vertex 10.864 6.81368 4
      vertex 10.864 6.81368 2.3
    endloop
  endfacet
  facet normal -0.896919 0.442195 0
    outer loop
      vertex 10.864 6.81368 4
      vertex 10.6847 6.45 2.3
      vertex 10.6847 6.45 4
    endloop
  endfacet
  facet normal -0.321431 0.946933 0
    outer loop
      vertex 9.18632 5.13597 2.3
      vertex 8.80234 5.00563 4
      vertex 9.18632 5.13597 4
    endloop
  endfacet
  facet normal -0.321431 0.946933 0
    outer loop
      vertex 8.80234 5.00563 4
      vertex 9.18632 5.13597 2.3
      vertex 8.80234 5.00563 2.3
    endloop
  endfacet
  facet normal -0.896919 -0.442195 0
    outer loop
      vertex 10.864 9.18632 2.3
      vertex 10.6847 9.55 4
      vertex 10.6847 9.55 2.3
    endloop
  endfacet
  facet normal -0.896919 -0.442195 0
    outer loop
      vertex 10.6847 9.55 4
      vertex 10.864 9.18632 2.3
      vertex 10.864 9.18632 4
    endloop
  endfacet
  facet normal 0.195068 -0.98079 0
    outer loop
      vertex 7.19766 10.9944 2.3
      vertex 7.59537 11.0735 4
      vertex 7.19766 10.9944 4
    endloop
  endfacet
  facet normal 0.195068 -0.98079 0
    outer loop
      vertex 7.59537 11.0735 4
      vertex 7.19766 10.9944 2.3
      vertex 7.59537 11.0735 2.3
    endloop
  endfacet
  facet normal 0.065401 0.997859 -0
    outer loop
      vertex 8 4.9 2.3
      vertex 7.59537 4.92652 4
      vertex 8 4.9 4
    endloop
  endfacet
  facet normal 0.065401 0.997859 0
    outer loop
      vertex 7.59537 4.92652 4
      vertex 8 4.9 2.3
      vertex 7.59537 4.92652 2.3
    endloop
  endfacet
  facet normal 0.555599 -0.83145 0
    outer loop
      vertex 6.11284 10.4594 2.3
      vertex 6.45 10.6847 4
      vertex 6.11284 10.4594 4
    endloop
  endfacet
  facet normal 0.555599 -0.83145 0
    outer loop
      vertex 6.45 10.6847 4
      vertex 6.11284 10.4594 2.3
      vertex 6.45 10.6847 2.3
    endloop
  endfacet
  facet normal 0.321431 0.946933 -0
    outer loop
      vertex 7.19766 5.00563 2.3
      vertex 6.81368 5.13597 4
      vertex 7.19766 5.00563 4
    endloop
  endfacet
  facet normal 0.321431 0.946933 0
    outer loop
      vertex 6.81368 5.13597 4
      vertex 7.19766 5.00563 2.3
      vertex 6.81368 5.13597 2.3
    endloop
  endfacet
  facet normal -0.946888 0.321564 0
    outer loop
      vertex 10.864 6.81368 2.3
      vertex 10.9944 7.19766 4
      vertex 10.9944 7.19766 2.3
    endloop
  endfacet
  facet normal -0.946888 0.321564 0
    outer loop
      vertex 10.9944 7.19766 4
      vertex 10.864 6.81368 2.3
      vertex 10.864 6.81368 4
    endloop
  endfacet
  facet normal 0.831462 0.555582 0
    outer loop
      vertex 5.54061 6.11284 4
      vertex 5.31532 6.45 2.3
      vertex 5.31532 6.45 4
    endloop
  endfacet
  facet normal 0.831462 0.555582 0
    outer loop
      vertex 5.31532 6.45 2.3
      vertex 5.54061 6.11284 4
      vertex 5.54061 6.11284 2.3
    endloop
  endfacet
  facet normal 0.65934 0.751844 -0
    outer loop
      vertex 6.11284 5.54061 2.3
      vertex 5.80797 5.80797 4
      vertex 6.11284 5.54061 4
    endloop
  endfacet
  facet normal 0.65934 0.751844 0
    outer loop
      vertex 5.80797 5.80797 4
      vertex 6.11284 5.54061 2.3
      vertex 5.80797 5.80797 2.3
    endloop
  endfacet
  facet normal 0.659396 -0.751796 0
    outer loop
      vertex 5.80797 10.192 2.3
      vertex 6.11284 10.4594 4
      vertex 5.80797 10.192 4
    endloop
  endfacet
  facet normal 0.659396 -0.751796 0
    outer loop
      vertex 6.11284 10.4594 4
      vertex 5.80797 10.192 2.3
      vertex 6.11284 10.4594 2.3
    endloop
  endfacet
  facet normal 0.946933 -0.321431 0
    outer loop
      vertex 5.00563 8.80234 4
      vertex 5.13597 9.18632 2.3
      vertex 5.13597 9.18632 4
    endloop
  endfacet
  facet normal 0.946933 -0.321431 0
    outer loop
      vertex 5.13597 9.18632 2.3
      vertex 5.00563 8.80234 4
      vertex 5.00563 8.80234 2.3
    endloop
  endfacet
  facet normal 0.442195 -0.896919 0
    outer loop
      vertex 6.45 10.6847 2.3
      vertex 6.81368 10.864 4
      vertex 6.45 10.6847 4
    endloop
  endfacet
  facet normal 0.442195 -0.896919 0
    outer loop
      vertex 6.81368 10.864 4
      vertex 6.45 10.6847 2.3
      vertex 6.81368 10.864 2.3
    endloop
  endfacet
  facet normal 0.980785 -0.195092 0
    outer loop
      vertex 4.92652 8.40463 4
      vertex 5.00563 8.80234 2.3
      vertex 5.00563 8.80234 4
    endloop
  endfacet
  facet normal 0.980785 -0.195092 0
    outer loop
      vertex 5.00563 8.80234 2.3
      vertex 4.92652 8.40463 4
      vertex 4.92652 8.40463 2.3
    endloop
  endfacet
  facet normal 0.321564 -0.946888 0
    outer loop
      vertex 6.81368 10.864 2.3
      vertex 7.19766 10.9944 4
      vertex 6.81368 10.864 4
    endloop
  endfacet
  facet normal 0.321564 -0.946888 0
    outer loop
      vertex 7.19766 10.9944 4
      vertex 6.81368 10.864 2.3
      vertex 7.19766 10.9944 2.3
    endloop
  endfacet
  facet normal -0.659377 0.751812 0
    outer loop
      vertex 10.192 5.80797 2.3
      vertex 9.88716 5.54061 4
      vertex 10.192 5.80797 4
    endloop
  endfacet
  facet normal -0.659377 0.751812 0
    outer loop
      vertex 9.88716 5.54061 4
      vertex 10.192 5.80797 2.3
      vertex 9.88716 5.54061 2.3
    endloop
  endfacet
  facet normal -0.0653519 -0.997862 0
    outer loop
      vertex 8 11.1 2.3
      vertex 8.40463 11.0735 4
      vertex 8 11.1 4
    endloop
  endfacet
  facet normal -0.0653519 -0.997862 -0
    outer loop
      vertex 8.40463 11.0735 4
      vertex 8 11.1 2.3
      vertex 8.40463 11.0735 2.3
    endloop
  endfacet
  facet normal -0.83145 -0.555599 0
    outer loop
      vertex 10.6847 9.55 2.3
      vertex 10.4594 9.88716 4
      vertex 10.4594 9.88716 2.3
    endloop
  endfacet
  facet normal -0.83145 -0.555599 0
    outer loop
      vertex 10.4594 9.88716 4
      vertex 10.6847 9.55 2.3
      vertex 10.6847 9.55 4
    endloop
  endfacet
  facet normal -0.195092 0.980785 0
    outer loop
      vertex 8.80234 5.00563 2.3
      vertex 8.40463 4.92652 4
      vertex 8.80234 5.00563 4
    endloop
  endfacet
  facet normal -0.195092 0.980785 0
    outer loop
      vertex 8.40463 4.92652 4
      vertex 8.80234 5.00563 2.3
      vertex 8.40463 4.92652 2.3
    endloop
  endfacet
  facet normal 0.980785 0.195092 0
    outer loop
      vertex 5.00563 7.19766 4
      vertex 4.92652 7.59537 2.3
      vertex 4.92652 7.59537 4
    endloop
  endfacet
  facet normal 0.980785 0.195092 0
    outer loop
      vertex 4.92652 7.59537 2.3
      vertex 5.00563 7.19766 4
      vertex 5.00563 7.19766 2.3
    endloop
  endfacet
  facet normal 0.751812 -0.659377 0
    outer loop
      vertex 5.54061 9.88716 4
      vertex 5.80797 10.192 2.3
      vertex 5.80797 10.192 4
    endloop
  endfacet
  facet normal 0.751812 -0.659377 0
    outer loop
      vertex 5.80797 10.192 2.3
      vertex 5.54061 9.88716 4
      vertex 5.54061 9.88716 2.3
    endloop
  endfacet
  facet normal -0.659433 -0.751763 0
    outer loop
      vertex 9.88716 10.4594 2.3
      vertex 10.192 10.192 4
      vertex 9.88716 10.4594 4
    endloop
  endfacet
  facet normal -0.659433 -0.751763 -0
    outer loop
      vertex 10.192 10.192 4
      vertex 9.88716 10.4594 2.3
      vertex 10.192 10.192 2.3
    endloop
  endfacet
  facet normal -0.997862 0.0653519 0
    outer loop
      vertex 11.0735 7.59537 2.3
      vertex 11.1 8 4
      vertex 11.1 8 2.3
    endloop
  endfacet
  facet normal -0.997862 0.0653519 0
    outer loop
      vertex 11.1 8 4
      vertex 11.0735 7.59537 2.3
      vertex 11.0735 7.59537 4
    endloop
  endfacet
  facet normal -0.98079 0.195068 0
    outer loop
      vertex 10.9944 7.19766 2.3
      vertex 11.0735 7.59537 4
      vertex 11.0735 7.59537 2.3
    endloop
  endfacet
  facet normal -0.98079 0.195068 0
    outer loop
      vertex 11.0735 7.59537 4
      vertex 10.9944 7.19766 2.3
      vertex 10.9944 7.19766 4
    endloop
  endfacet
  facet normal -0.555582 0.831462 0
    outer loop
      vertex 9.88716 5.54061 2.3
      vertex 9.55 5.31532 4
      vertex 9.88716 5.54061 4
    endloop
  endfacet
  facet normal -0.555582 0.831462 0
    outer loop
      vertex 9.55 5.31532 4
      vertex 9.88716 5.54061 2.3
      vertex 9.55 5.31532 2.3
    endloop
  endfacet
  facet normal -0.195068 -0.98079 0
    outer loop
      vertex 8.40463 11.0735 2.3
      vertex 8.80234 10.9944 4
      vertex 8.40463 11.0735 4
    endloop
  endfacet
  facet normal -0.195068 -0.98079 -0
    outer loop
      vertex 8.80234 10.9944 4
      vertex 8.40463 11.0735 2.3
      vertex 8.80234 10.9944 2.3
    endloop
  endfacet
  facet normal -0.751763 -0.659433 0
    outer loop
      vertex 10.4594 9.88716 2.3
      vertex 10.192 10.192 4
      vertex 10.192 10.192 2.3
    endloop
  endfacet
  facet normal -0.751763 -0.659433 0
    outer loop
      vertex 10.192 10.192 4
      vertex 10.4594 9.88716 2.3
      vertex 10.4594 9.88716 4
    endloop
  endfacet
  facet normal -0.442195 -0.896919 0
    outer loop
      vertex 9.18632 10.864 2.3
      vertex 9.55 10.6847 4
      vertex 9.18632 10.864 4
    endloop
  endfacet
  facet normal -0.442195 -0.896919 -0
    outer loop
      vertex 9.55 10.6847 4
      vertex 9.18632 10.864 2.3
      vertex 9.55 10.6847 2.3
    endloop
  endfacet
  facet normal 0.997859 0.065401 0
    outer loop
      vertex 4.92652 7.59537 4
      vertex 4.9 8 2.3
      vertex 4.9 8 4
    endloop
  endfacet
  facet normal 0.997859 0.065401 0
    outer loop
      vertex 4.9 8 2.3
      vertex 4.92652 7.59537 4
      vertex 4.92652 7.59537 2.3
    endloop
  endfacet
  facet normal -0.83145 0.555599 0
    outer loop
      vertex 10.4594 6.11284 2.3
      vertex 10.6847 6.45 4
      vertex 10.6847 6.45 2.3
    endloop
  endfacet
  facet normal -0.83145 0.555599 0
    outer loop
      vertex 10.6847 6.45 4
      vertex 10.4594 6.11284 2.3
      vertex 10.4594 6.11284 4
    endloop
  endfacet
  facet normal 0.751844 0.65934 0
    outer loop
      vertex 5.80797 5.80797 4
      vertex 5.54061 6.11284 2.3
      vertex 5.54061 6.11284 4
    endloop
  endfacet
  facet normal 0.751844 0.65934 0
    outer loop
      vertex 5.54061 6.11284 2.3
      vertex 5.80797 5.80797 4
      vertex 5.80797 5.80797 2.3
    endloop
  endfacet
  facet normal 0.997859 -0.065401 0
    outer loop
      vertex 4.9 8 4
      vertex 4.92652 8.40463 2.3
      vertex 4.92652 8.40463 4
    endloop
  endfacet
  facet normal 0.997859 -0.065401 0
    outer loop
      vertex 4.92652 8.40463 2.3
      vertex 4.9 8 4
      vertex 4.9 8 2.3
    endloop
  endfacet
  facet normal 0.442294 0.89687 -0
    outer loop
      vertex 6.81368 5.13597 2.3
      vertex 6.45 5.31532 4
      vertex 6.81368 5.13597 4
    endloop
  endfacet
  facet normal 0.442294 0.89687 0
    outer loop
      vertex 6.45 5.31532 4
      vertex 6.81368 5.13597 2.3
      vertex 6.45 5.31532 2.3
    endloop
  endfacet
  facet normal 0.946933 0.321431 0
    outer loop
      vertex 5.13597 6.81368 4
      vertex 5.00563 7.19766 2.3
      vertex 5.00563 7.19766 4
    endloop
  endfacet
  facet normal 0.946933 0.321431 0
    outer loop
      vertex 5.00563 7.19766 2.3
      vertex 5.13597 6.81368 4
      vertex 5.13597 6.81368 2.3
    endloop
  endfacet
  facet normal 0.195092 0.980785 -0
    outer loop
      vertex 7.59537 4.92652 2.3
      vertex 7.19766 5.00563 4
      vertex 7.59537 4.92652 4
    endloop
  endfacet
  facet normal 0.195092 0.980785 0
    outer loop
      vertex 7.19766 5.00563 4
      vertex 7.59537 4.92652 2.3
      vertex 7.19766 5.00563 2.3
    endloop
  endfacet
  facet normal -0.065401 0.997859 0
    outer loop
      vertex 8.40463 4.92652 2.3
      vertex 8 4.9 4
      vertex 8.40463 4.92652 4
    endloop
  endfacet
  facet normal -0.065401 0.997859 0
    outer loop
      vertex 8 4.9 4
      vertex 8.40463 4.92652 2.3
      vertex 8 4.9 2.3
    endloop
  endfacet
  facet normal 0.0653519 -0.997862 0
    outer loop
      vertex 7.59537 11.0735 2.3
      vertex 8 11.1 4
      vertex 7.59537 11.0735 4
    endloop
  endfacet
  facet normal 0.0653519 -0.997862 0
    outer loop
      vertex 8 11.1 4
      vertex 7.59537 11.0735 2.3
      vertex 8 11.1 2.3
    endloop
  endfacet
  facet normal 0 0 1
    outer loop
      vertex 9.65 8 2.3
      vertex 11.1 8 2.3
      vertex 11.0735 8.40463 2.3
    endloop
  endfacet
  facet normal 0 0 1
    outer loop
      vertex 9.63588 8.21537 2.3
      vertex 11.0735 8.40463 2.3
      vertex 10.9944 8.80234 2.3
    endloop
  endfacet
  facet normal 0 0 1
    outer loop
      vertex 11.1 8 2.3
      vertex 9.65 8 2.3
      vertex 11.0735 7.59537 2.3
    endloop
  endfacet
  facet normal 0 0 1
    outer loop
      vertex 9.59378 8.42705 2.3
      vertex 10.9944 8.80234 2.3
      vertex 10.864 9.18632 2.3
    endloop
  endfacet
  facet normal -0 0 1
    outer loop
      vertex 9.63588 7.78463 2.3
      vertex 11.0735 7.59537 2.3
      vertex 9.65 8 2.3
    endloop
  endfacet
  facet normal 0 0 1
    outer loop
      vertex 9.5244 8.63143 2.3
      vertex 10.864 9.18632 2.3
      vertex 10.6847 9.55 2.3
    endloop
  endfacet
  facet normal 0 0 1
    outer loop
      vertex 11.0735 7.59537 2.3
      vertex 9.63588 7.78463 2.3
      vertex 10.9944 7.19766 2.3
    endloop
  endfacet
  facet normal 0 0 1
    outer loop
      vertex 9.42894 8.825 2.3
      vertex 10.6847 9.55 2.3
      vertex 10.4594 9.88716 2.3
    endloop
  endfacet
  facet normal -0 0 1
    outer loop
      vertex 9.59378 7.57295 2.3
      vertex 10.9944 7.19766 2.3
      vertex 9.63588 7.78463 2.3
    endloop
  endfacet
  facet normal 0 0 1
    outer loop
      vertex 9.30903 9.00446 2.3
      vertex 10.4594 9.88716 2.3
      vertex 10.192 10.192 2.3
    endloop
  endfacet
  facet normal 0 0 1
    outer loop
      vertex 10.9944 7.19766 2.3
      vertex 9.59378 7.57295 2.3
      vertex 10.864 6.81368 2.3
    endloop
  endfacet
  facet normal 0 0 1
    outer loop
      vertex 9.16673 9.16673 2.3
      vertex 10.192 10.192 2.3
      vertex 9.88716 10.4594 2.3
    endloop
  endfacet
  facet normal -0 0 1
    outer loop
      vertex 9.5244 7.36857 2.3
      vertex 10.864 6.81368 2.3
      vertex 9.59378 7.57295 2.3
    endloop
  endfacet
  facet normal 0 0 1
    outer loop
      vertex 10.864 6.81368 2.3
      vertex 9.5244 7.36857 2.3
      vertex 10.6847 6.45 2.3
    endloop
  endfacet
  facet normal 0 0 1
    outer loop
      vertex 11.0735 8.40463 2.3
      vertex 9.63588 8.21537 2.3
      vertex 9.65 8 2.3
    endloop
  endfacet
  facet normal 0 0 1
    outer loop
      vertex 10.9944 8.80234 2.3
      vertex 9.59378 8.42705 2.3
      vertex 9.63588 8.21537 2.3
    endloop
  endfacet
  facet normal 0 0 1
    outer loop
      vertex 9.00446 9.30903 2.3
      vertex 9.88716 10.4594 2.3
      vertex 9.55 10.6847 2.3
    endloop
  endfacet
  facet normal 0 0 1
    outer loop
      vertex 10.864 9.18632 2.3
      vertex 9.5244 8.63143 2.3
      vertex 9.59378 8.42705 2.3
    endloop
  endfacet
  facet normal 0 0 1
    outer loop
      vertex 10.6847 9.55 2.3
      vertex 9.42894 8.825 2.3
      vertex 9.5244 8.63143 2.3
    endloop
  endfacet
  facet normal 0 0 1
    outer loop
      vertex 10.4594 9.88716 2.3
      vertex 9.30903 9.00446 2.3
      vertex 9.42894 8.825 2.3
    endloop
  endfacet
  facet normal 0 0 1
    outer loop
      vertex 8.825 9.42894 2.3
      vertex 9.55 10.6847 2.3
      vertex 9.18632 10.864 2.3
    endloop
  endfacet
  facet normal 0 0 1
    outer loop
      vertex 10.192 10.192 2.3
      vertex 9.16673 9.16673 2.3
      vertex 9.30903 9.00446 2.3
    endloop
  endfacet
  facet normal 0 0 1
    outer loop
      vertex 9.88716 10.4594 2.3
      vertex 9.00446 9.30903 2.3
      vertex 9.16673 9.16673 2.3
    endloop
  endfacet
  facet normal 0 0 1
    outer loop
      vertex 9.55 10.6847 2.3
      vertex 8.825 9.42894 2.3
      vertex 9.00446 9.30903 2.3
    endloop
  endfacet
  facet normal 0 0 1
    outer loop
      vertex 8.63143 9.5244 2.3
      vertex 9.18632 10.864 2.3
      vertex 8.80234 10.9944 2.3
    endloop
  endfacet
  facet normal 0 0 1
    outer loop
      vertex 9.18632 10.864 2.3
      vertex 8.63143 9.5244 2.3
      vertex 8.825 9.42894 2.3
    endloop
  endfacet
  facet normal 0 0 1
    outer loop
      vertex 8.80234 10.9944 2.3
      vertex 8.42705 9.59378 2.3
      vertex 8.63143 9.5244 2.3
    endloop
  endfacet
  facet normal 0 0 1
    outer loop
      vertex 8.40463 11.0735 2.3
      vertex 8.42705 9.59378 2.3
      vertex 8.80234 10.9944 2.3
    endloop
  endfacet
  facet normal 0 0 1
    outer loop
      vertex 8.40463 11.0735 2.3
      vertex 8.21537 9.63588 2.3
      vertex 8.42705 9.59378 2.3
    endloop
  endfacet
  facet normal 0 0 1
    outer loop
      vertex 8 11.1 2.3
      vertex 8.21537 9.63588 2.3
      vertex 8.40463 11.0735 2.3
    endloop
  endfacet
  facet normal 0 0 1
    outer loop
      vertex 8 11.1 2.3
      vertex 8 9.65 2.3
      vertex 8.21537 9.63588 2.3
    endloop
  endfacet
  facet normal 0 0 1
    outer loop
      vertex 8 11.1 2.3
      vertex 7.78463 9.63588 2.3
      vertex 8 9.65 2.3
    endloop
  endfacet
  facet normal -0 0 1
    outer loop
      vertex 7.59537 11.0735 2.3
      vertex 7.78463 9.63588 2.3
      vertex 8 11.1 2.3
    endloop
  endfacet
  facet normal 0 0 1
    outer loop
      vertex 7.59537 11.0735 2.3
      vertex 7.57295 9.59378 2.3
      vertex 7.78463 9.63588 2.3
    endloop
  endfacet
  facet normal -0 0 1
    outer loop
      vertex 7.19766 10.9944 2.3
      vertex 7.57295 9.59378 2.3
      vertex 7.59537 11.0735 2.3
    endloop
  endfacet
  facet normal 0 0 1
    outer loop
      vertex 7.57295 9.59378 2.3
      vertex 7.19766 10.9944 2.3
      vertex 7.36857 9.5244 2.3
    endloop
  endfacet
  facet normal -0 0 1
    outer loop
      vertex 6.81368 10.864 2.3
      vertex 7.36857 9.5244 2.3
      vertex 7.19766 10.9944 2.3
    endloop
  endfacet
  facet normal 0 0 1
    outer loop
      vertex 7.36857 9.5244 2.3
      vertex 6.81368 10.864 2.3
      vertex 7.175 9.42894 2.3
    endloop
  endfacet
  facet normal -0 0 1
    outer loop
      vertex 6.45 10.6847 2.3
      vertex 7.175 9.42894 2.3
      vertex 6.81368 10.864 2.3
    endloop
  endfacet
  facet normal 0 0 1
    outer loop
      vertex 7.175 9.42894 2.3
      vertex 6.45 10.6847 2.3
      vertex 6.99554 9.30903 2.3
    endloop
  endfacet
  facet normal -0 0 1
    outer loop
      vertex 6.11284 10.4594 2.3
      vertex 6.99554 9.30903 2.3
      vertex 6.45 10.6847 2.3
    endloop
  endfacet
  facet normal 0 0 1
    outer loop
      vertex 6.99554 9.30903 2.3
      vertex 6.11284 10.4594 2.3
      vertex 6.83327 9.16673 2.3
    endloop
  endfacet
  facet normal -0 0 1
    outer loop
      vertex 5.80797 10.192 2.3
      vertex 6.83327 9.16673 2.3
      vertex 6.11284 10.4594 2.3
    endloop
  endfacet
  facet normal 0 0 1
    outer loop
      vertex 6.83327 9.16673 2.3
      vertex 5.80797 10.192 2.3
      vertex 6.69097 9.00446 2.3
    endloop
  endfacet
  facet normal -0 0 1
    outer loop
      vertex 5.54061 9.88716 2.3
      vertex 6.69097 9.00446 2.3
      vertex 5.80797 10.192 2.3
    endloop
  endfacet
  facet normal 0 0 1
    outer loop
      vertex 6.69097 9.00446 2.3
      vertex 5.54061 9.88716 2.3
      vertex 6.57106 8.825 2.3
    endloop
  endfacet
  facet normal -0 0 1
    outer loop
      vertex 5.31532 9.55 2.3
      vertex 6.57106 8.825 2.3
      vertex 5.54061 9.88716 2.3
    endloop
  endfacet
  facet normal 0 0 1
    outer loop
      vertex 6.57106 8.825 2.3
      vertex 5.31532 9.55 2.3
      vertex 6.4756 8.63143 2.3
    endloop
  endfacet
  facet normal -0 0 1
    outer loop
      vertex 9.42894 7.175 2.3
      vertex 10.6847 6.45 2.3
      vertex 9.5244 7.36857 2.3
    endloop
  endfacet
  facet normal 0 0 1
    outer loop
      vertex 10.6847 6.45 2.3
      vertex 9.42894 7.175 2.3
      vertex 10.4594 6.11284 2.3
    endloop
  endfacet
  facet normal -0 0 1
    outer loop
      vertex 9.30903 6.99554 2.3
      vertex 10.4594 6.11284 2.3
      vertex 9.42894 7.175 2.3
    endloop
  endfacet
  facet normal 0 0 1
    outer loop
      vertex 10.4594 6.11284 2.3
      vertex 9.30903 6.99554 2.3
      vertex 10.192 5.80797 2.3
    endloop
  endfacet
  facet normal -0 0 1
    outer loop
      vertex 9.16673 6.83327 2.3
      vertex 10.192 5.80797 2.3
      vertex 9.30903 6.99554 2.3
    endloop
  endfacet
  facet normal 0 0 1
    outer loop
      vertex 10.192 5.80797 2.3
      vertex 9.16673 6.83327 2.3
      vertex 9.88716 5.54061 2.3
    endloop
  endfacet
  facet normal -0 0 1
    outer loop
      vertex 9.00446 6.69097 2.3
      vertex 9.88716 5.54061 2.3
      vertex 9.16673 6.83327 2.3
    endloop
  endfacet
  facet normal 0 0 1
    outer loop
      vertex 9.88716 5.54061 2.3
      vertex 9.00446 6.69097 2.3
      vertex 9.55 5.31532 2.3
    endloop
  endfacet
  facet normal -0 0 1
    outer loop
      vertex 8.825 6.57106 2.3
      vertex 9.55 5.31532 2.3
      vertex 9.00446 6.69097 2.3
    endloop
  endfacet
  facet normal 0 0 1
    outer loop
      vertex 9.55 5.31532 2.3
      vertex 8.825 6.57106 2.3
      vertex 9.18632 5.13597 2.3
    endloop
  endfacet
  facet normal -0 0 1
    outer loop
      vertex 8.63143 6.4756 2.3
      vertex 9.18632 5.13597 2.3
      vertex 8.825 6.57106 2.3
    endloop
  endfacet
  facet normal 0 0 1
    outer loop
      vertex 9.18632 5.13597 2.3
      vertex 8.63143 6.4756 2.3
      vertex 8.80234 5.00563 2.3
    endloop
  endfacet
  facet normal -0 0 1
    outer loop
      vertex 8.42705 6.40622 2.3
      vertex 8.80234 5.00563 2.3
      vertex 8.63143 6.4756 2.3
    endloop
  endfacet
  facet normal 0 0 1
    outer loop
      vertex 8.42705 6.40622 2.3
      vertex 8.40463 4.92652 2.3
      vertex 8.80234 5.00563 2.3
    endloop
  endfacet
  facet normal -0 0 1
    outer loop
      vertex 8.21537 6.36412 2.3
      vertex 8.40463 4.92652 2.3
      vertex 8.42705 6.40622 2.3
    endloop
  endfacet
  facet normal -0 0 1
    outer loop
      vertex 8 6.35 2.3
      vertex 8.40463 4.92652 2.3
      vertex 8.21537 6.36412 2.3
    endloop
  endfacet
  facet normal 0 0 1
    outer loop
      vertex 8 6.35 2.3
      vertex 8 4.9 2.3
      vertex 8.40463 4.92652 2.3
    endloop
  endfacet
  facet normal 0 0 1
    outer loop
      vertex 7.78463 6.36412 2.3
      vertex 8 4.9 2.3
      vertex 8 6.35 2.3
    endloop
  endfacet
  facet normal 0 0 1
    outer loop
      vertex 7.78463 6.36412 2.3
      vertex 7.59537 4.92652 2.3
      vertex 8 4.9 2.3
    endloop
  endfacet
  facet normal 0 0 1
    outer loop
      vertex 7.57295 6.40622 2.3
      vertex 7.59537 4.92652 2.3
      vertex 7.78463 6.36412 2.3
    endloop
  endfacet
  facet normal 0 0 1
    outer loop
      vertex 7.19766 5.00563 2.3
      vertex 7.57295 6.40622 2.3
      vertex 7.36857 6.4756 2.3
    endloop
  endfacet
  facet normal 0 0 1
    outer loop
      vertex 7.57295 6.40622 2.3
      vertex 7.19766 5.00563 2.3
      vertex 7.59537 4.92652 2.3
    endloop
  endfacet
  facet normal 0 0 1
    outer loop
      vertex 6.81368 5.13597 2.3
      vertex 7.36857 6.4756 2.3
      vertex 7.175 6.57106 2.3
    endloop
  endfacet
  facet normal 0 0 1
    outer loop
      vertex 6.45 5.31532 2.3
      vertex 7.175 6.57106 2.3
      vertex 6.99554 6.69097 2.3
    endloop
  endfacet
  facet normal 0 0 1
    outer loop
      vertex 6.11284 5.54061 2.3
      vertex 6.99554 6.69097 2.3
      vertex 6.83327 6.83327 2.3
    endloop
  endfacet
  facet normal 0 0 1
    outer loop
      vertex 7.36857 6.4756 2.3
      vertex 6.81368 5.13597 2.3
      vertex 7.19766 5.00563 2.3
    endloop
  endfacet
  facet normal 0 0 1
    outer loop
      vertex 5.80797 5.80797 2.3
      vertex 6.83327 6.83327 2.3
      vertex 6.69097 6.99554 2.3
    endloop
  endfacet
  facet normal 0 0 1
    outer loop
      vertex 5.54061 6.11284 2.3
      vertex 6.69097 6.99554 2.3
      vertex 6.57106 7.175 2.3
    endloop
  endfacet
  facet normal 0 0 1
    outer loop
      vertex 5.31532 6.45 2.3
      vertex 6.57106 7.175 2.3
      vertex 6.4756 7.36857 2.3
    endloop
  endfacet
  facet normal 0 0 1
    outer loop
      vertex 7.175 6.57106 2.3
      vertex 6.45 5.31532 2.3
      vertex 6.81368 5.13597 2.3
    endloop
  endfacet
  facet normal 0 0 1
    outer loop
      vertex 5.13597 6.81368 2.3
      vertex 6.4756 7.36857 2.3
      vertex 6.40622 7.57295 2.3
    endloop
  endfacet
  facet normal 0 0 1
    outer loop
      vertex 5.00563 7.19766 2.3
      vertex 6.40622 7.57295 2.3
      vertex 6.36412 7.78463 2.3
    endloop
  endfacet
  facet normal 0 0 1
    outer loop
      vertex 4.92652 7.59537 2.3
      vertex 6.36412 7.78463 2.3
      vertex 6.35 8 2.3
    endloop
  endfacet
  facet normal -0 0 1
    outer loop
      vertex 5.13597 9.18632 2.3
      vertex 6.4756 8.63143 2.3
      vertex 5.31532 9.55 2.3
    endloop
  endfacet
  facet normal 0 0 1
    outer loop
      vertex 6.99554 6.69097 2.3
      vertex 6.11284 5.54061 2.3
      vertex 6.45 5.31532 2.3
    endloop
  endfacet
  facet normal 0 0 1
    outer loop
      vertex 6.4756 8.63143 2.3
      vertex 5.13597 9.18632 2.3
      vertex 6.40622 8.42705 2.3
    endloop
  endfacet
  facet normal 0 0 1
    outer loop
      vertex 6.83327 6.83327 2.3
      vertex 5.80797 5.80797 2.3
      vertex 6.11284 5.54061 2.3
    endloop
  endfacet
  facet normal -0 0 1
    outer loop
      vertex 5.00563 8.80234 2.3
      vertex 6.40622 8.42705 2.3
      vertex 5.13597 9.18632 2.3
    endloop
  endfacet
  facet normal 0 0 1
    outer loop
      vertex 6.69097 6.99554 2.3
      vertex 5.54061 6.11284 2.3
      vertex 5.80797 5.80797 2.3
    endloop
  endfacet
  facet normal 0 0 1
    outer loop
      vertex 6.40622 8.42705 2.3
      vertex 5.00563 8.80234 2.3
      vertex 6.36412 8.21537 2.3
    endloop
  endfacet
  facet normal 0 0 1
    outer loop
      vertex 6.57106 7.175 2.3
      vertex 5.31532 6.45 2.3
      vertex 5.54061 6.11284 2.3
    endloop
  endfacet
  facet normal -0 0 1
    outer loop
      vertex 4.92652 8.40463 2.3
      vertex 6.36412 8.21537 2.3
      vertex 5.00563 8.80234 2.3
    endloop
  endfacet
  facet normal 0 0 1
    outer loop
      vertex 6.4756 7.36857 2.3
      vertex 5.13597 6.81368 2.3
      vertex 5.31532 6.45 2.3
    endloop
  endfacet
  facet normal 0 0 1
    outer loop
      vertex 6.36412 8.21537 2.3
      vertex 4.92652 8.40463 2.3
      vertex 6.35 8 2.3
    endloop
  endfacet
  facet normal 0 0 1
    outer loop
      vertex 6.40622 7.57295 2.3
      vertex 5.00563 7.19766 2.3
      vertex 5.13597 6.81368 2.3
    endloop
  endfacet
  facet normal 0 0 1
    outer loop
      vertex 4.9 8 2.3
      vertex 6.35 8 2.3
      vertex 4.92652 8.40463 2.3
    endloop
  endfacet
  facet normal 0 0 1
    outer loop
      vertex 6.36412 7.78463 2.3
      vertex 4.92652 7.59537 2.3
      vertex 5.00563 7.19766 2.3
    endloop
  endfacet
  facet normal 0 0 1
    outer loop
      vertex 6.35 8 2.3
      vertex 4.9 8 2.3
      vertex 4.92652 7.59537 2.3
    endloop
  endfacet
  facet normal 0.89687 0.442294 0
    outer loop
      vertex 5.31532 6.45 4
      vertex 5.13597 6.81368 2.3
      vertex 5.13597 6.81368 4
    endloop
  endfacet
  facet normal 0.89687 0.442294 0
    outer loop
      vertex 5.13597 6.81368 2.3
      vertex 5.31532 6.45 4
      vertex 5.31532 6.45 2.3
    endloop
  endfacet
  facet normal 0.89687 -0.442294 0
    outer loop
      vertex 5.13597 9.18632 4
      vertex 5.31532 9.55 2.3
      vertex 5.31532 9.55 4
    endloop
  endfacet
  facet normal 0.89687 -0.442294 0
    outer loop
      vertex 5.31532 9.55 2.3
      vertex 5.13597 9.18632 4
      vertex 5.13597 9.18632 2.3
    endloop
  endfacet
  facet normal 0.831462 -0.555582 0
    outer loop
      vertex 5.31532 9.55 4
      vertex 5.54061 9.88716 2.3
      vertex 5.54061 9.88716 4
    endloop
  endfacet
  facet normal 0.831462 -0.555582 0
    outer loop
      vertex 5.54061 9.88716 2.3
      vertex 5.31532 9.55 4
      vertex 5.31532 9.55 2.3
    endloop
  endfacet
  facet normal 0.555582 0.831462 -0
    outer loop
      vertex 6.45 5.31532 2.3
      vertex 6.11284 5.54061 4
      vertex 6.45 5.31532 4
    endloop
  endfacet
  facet normal 0.555582 0.831462 0
    outer loop
      vertex 6.11284 5.54061 4
      vertex 6.45 5.31532 2.3
      vertex 6.11284 5.54061 2.3
    endloop
  endfacet
  facet normal -0.0653289 0.997864 0
    outer loop
      vertex 8.21537 60.3641 0
      vertex 8 60.35 2.3
      vertex 8.21537 60.3641 2.3
    endloop
  endfacet
  facet normal -0.0653289 0.997864 0
    outer loop
      vertex 8 60.35 2.3
      vertex 8.21537 60.3641 0
      vertex 8 60.35 0
    endloop
  endfacet
  facet normal -0.980794 -0.195047 0
    outer loop
      vertex 9.63588 62.2154 0
      vertex 9.59378 62.4271 2.3
      vertex 9.59378 62.4271 0
    endloop
  endfacet
  facet normal -0.980794 -0.195047 0
    outer loop
      vertex 9.59378 62.4271 2.3
      vertex 9.63588 62.2154 0
      vertex 9.63588 62.2154 2.3
    endloop
  endfacet
  facet normal -0.997858 -0.0654121 0
    outer loop
      vertex 9.65 62 0
      vertex 9.63588 62.2154 2.3
      vertex 9.63588 62.2154 0
    endloop
  endfacet
  facet normal -0.997858 -0.0654121 0
    outer loop
      vertex 9.63588 62.2154 2.3
      vertex 9.65 62 0
      vertex 9.65 62 2.3
    endloop
  endfacet
  facet normal -0.946889 -0.321562 0
    outer loop
      vertex 9.59378 62.4271 0
      vertex 9.5244 62.6314 2.3
      vertex 9.5244 62.6314 0
    endloop
  endfacet
  facet normal -0.946889 -0.321562 0
    outer loop
      vertex 9.5244 62.6314 2.3
      vertex 9.59378 62.4271 0
      vertex 9.59378 62.4271 2.3
    endloop
  endfacet
  facet normal -0.321532 -0.946899 0
    outer loop
      vertex 8.42705 63.5938 0
      vertex 8.63143 63.5244 2.3
      vertex 8.42705 63.5938 2.3
    endloop
  endfacet
  facet normal -0.321532 -0.946899 -0
    outer loop
      vertex 8.63143 63.5244 2.3
      vertex 8.42705 63.5938 0
      vertex 8.63143 63.5244 0
    endloop
  endfacet
  facet normal -0.0653289 -0.997864 0
    outer loop
      vertex 8 63.65 0
      vertex 8.21537 63.6359 2.3
      vertex 8 63.65 2.3
    endloop
  endfacet
  facet normal -0.0653289 -0.997864 -0
    outer loop
      vertex 8.21537 63.6359 2.3
      vertex 8 63.65 0
      vertex 8.21537 63.6359 0
    endloop
  endfacet
  facet normal 0.659328 0.751856 -0
    outer loop
      vertex 6.99554 60.691 0
      vertex 6.83327 60.8333 2.3
      vertex 6.99554 60.691 2.3
    endloop
  endfacet
  facet normal 0.659328 0.751856 0
    outer loop
      vertex 6.83327 60.8333 2.3
      vertex 6.99554 60.691 0
      vertex 6.83327 60.8333 0
    endloop
  endfacet
  facet normal 0.997858 0.0654121 0
    outer loop
      vertex 6.36412 61.7846 2.3
      vertex 6.35 62 0
      vertex 6.35 62 2.3
    endloop
  endfacet
  facet normal 0.997858 0.0654121 0
    outer loop
      vertex 6.35 62 0
      vertex 6.36412 61.7846 2.3
      vertex 6.36412 61.7846 0
    endloop
  endfacet
  facet normal 0.659328 -0.751856 0
    outer loop
      vertex 6.83327 63.1667 0
      vertex 6.99554 63.309 2.3
      vertex 6.83327 63.1667 2.3
    endloop
  endfacet
  facet normal 0.659328 -0.751856 0
    outer loop
      vertex 6.99554 63.309 2.3
      vertex 6.83327 63.1667 0
      vertex 6.99554 63.309 0
    endloop
  endfacet
  facet normal -0.751715 -0.659488 0
    outer loop
      vertex 9.30903 63.0045 0
      vertex 9.16673 63.1667 2.3
      vertex 9.16673 63.1667 0
    endloop
  endfacet
  facet normal -0.751715 -0.659488 0
    outer loop
      vertex 9.16673 63.1667 2.3
      vertex 9.30903 63.0045 0
      vertex 9.30903 63.0045 2.3
    endloop
  endfacet
  facet normal -0.997858 0.0654121 0
    outer loop
      vertex 9.63588 61.7846 0
      vertex 9.65 62 2.3
      vertex 9.65 62 0
    endloop
  endfacet
  facet normal -0.997858 0.0654121 0
    outer loop
      vertex 9.65 62 2.3
      vertex 9.63588 61.7846 0
      vertex 9.63588 61.7846 2.3
    endloop
  endfacet
  facet normal -0.442445 -0.896796 0
    outer loop
      vertex 8.63143 63.5244 0
      vertex 8.825 63.4289 2.3
      vertex 8.63143 63.5244 2.3
    endloop
  endfacet
  facet normal -0.442445 -0.896796 -0
    outer loop
      vertex 8.825 63.4289 2.3
      vertex 8.63143 63.5244 0
      vertex 8.825 63.4289 0
    endloop
  endfacet
  facet normal -0.896897 0.44224 0
    outer loop
      vertex 9.42894 61.175 0
      vertex 9.5244 61.3686 2.3
      vertex 9.5244 61.3686 0
    endloop
  endfacet
  facet normal -0.896897 0.44224 0
    outer loop
      vertex 9.5244 61.3686 2.3
      vertex 9.42894 61.175 0
      vertex 9.42894 61.175 2.3
    endloop
  endfacet
  facet normal 0.321532 0.946899 -0
    outer loop
      vertex 7.57295 60.4062 0
      vertex 7.36857 60.4756 2.3
      vertex 7.57295 60.4062 2.3
    endloop
  endfacet
  facet normal 0.321532 0.946899 0
    outer loop
      vertex 7.36857 60.4756 2.3
      vertex 7.57295 60.4062 0
      vertex 7.36857 60.4756 0
    endloop
  endfacet
  facet normal -0.83153 -0.55548 0
    outer loop
      vertex 9.42894 62.825 0
      vertex 9.30903 63.0045 2.3
      vertex 9.30903 63.0045 0
    endloop
  endfacet
  facet normal -0.83153 -0.55548 0
    outer loop
      vertex 9.30903 63.0045 2.3
      vertex 9.42894 62.825 0
      vertex 9.42894 62.825 2.3
    endloop
  endfacet
  facet normal -0.896897 -0.44224 0
    outer loop
      vertex 9.5244 62.6314 0
      vertex 9.42894 62.825 2.3
      vertex 9.42894 62.825 0
    endloop
  endfacet
  facet normal -0.896897 -0.44224 0
    outer loop
      vertex 9.42894 62.825 2.3
      vertex 9.5244 62.6314 0
      vertex 9.5244 62.6314 2.3
    endloop
  endfacet
  facet normal 0.83153 0.55548 0
    outer loop
      vertex 6.69097 60.9955 2.3
      vertex 6.57106 61.175 0
      vertex 6.57106 61.175 2.3
    endloop
  endfacet
  facet normal 0.83153 0.55548 0
    outer loop
      vertex 6.57106 61.175 0
      vertex 6.69097 60.9955 2.3
      vertex 6.69097 60.9955 0
    endloop
  endfacet
  facet normal -0.442445 0.896796 0
    outer loop
      vertex 8.825 60.5711 0
      vertex 8.63143 60.4756 2.3
      vertex 8.825 60.5711 2.3
    endloop
  endfacet
  facet normal -0.442445 0.896796 0
    outer loop
      vertex 8.63143 60.4756 2.3
      vertex 8.825 60.5711 0
      vertex 8.63143 60.4756 0
    endloop
  endfacet
  facet normal 0.442445 -0.896796 0
    outer loop
      vertex 7.175 63.4289 0
      vertex 7.36857 63.5244 2.3
      vertex 7.175 63.4289 2.3
    endloop
  endfacet
  facet normal 0.442445 -0.896796 0
    outer loop
      vertex 7.36857 63.5244 2.3
      vertex 7.175 63.4289 0
      vertex 7.36857 63.5244 0
    endloop
  endfacet
  facet normal 0.997858 -0.0654121 0
    outer loop
      vertex 6.35 62 2.3
      vertex 6.36412 62.2154 0
      vertex 6.36412 62.2154 2.3
    endloop
  endfacet
  facet normal 0.997858 -0.0654121 0
    outer loop
      vertex 6.36412 62.2154 0
      vertex 6.35 62 2.3
      vertex 6.35 62 0
    endloop
  endfacet
  facet normal -0.195065 -0.98079 0
    outer loop
      vertex 8.21537 63.6359 0
      vertex 8.42705 63.5938 2.3
      vertex 8.21537 63.6359 2.3
    endloop
  endfacet
  facet normal -0.195065 -0.98079 -0
    outer loop
      vertex 8.42705 63.5938 2.3
      vertex 8.21537 63.6359 0
      vertex 8.42705 63.5938 0
    endloop
  endfacet
  facet normal 0.751715 -0.659488 0
    outer loop
      vertex 6.69097 63.0045 2.3
      vertex 6.83327 63.1667 0
      vertex 6.83327 63.1667 2.3
    endloop
  endfacet
  facet normal 0.751715 -0.659488 0
    outer loop
      vertex 6.83327 63.1667 0
      vertex 6.69097 63.0045 2.3
      vertex 6.69097 63.0045 0
    endloop
  endfacet
  facet normal -0.946889 0.321562 0
    outer loop
      vertex 9.5244 61.3686 0
      vertex 9.59378 61.5729 2.3
      vertex 9.59378 61.5729 0
    endloop
  endfacet
  facet normal -0.946889 0.321562 0
    outer loop
      vertex 9.59378 61.5729 2.3
      vertex 9.5244 61.3686 0
      vertex 9.5244 61.3686 2.3
    endloop
  endfacet
  facet normal 0.980794 -0.195047 0
    outer loop
      vertex 6.36412 62.2154 2.3
      vertex 6.40622 62.4271 0
      vertex 6.40622 62.4271 2.3
    endloop
  endfacet
  facet normal 0.980794 -0.195047 0
    outer loop
      vertex 6.40622 62.4271 0
      vertex 6.36412 62.2154 2.3
      vertex 6.36412 62.2154 0
    endloop
  endfacet
  facet normal 0.442445 0.896796 -0
    outer loop
      vertex 7.36857 60.4756 0
      vertex 7.175 60.5711 2.3
      vertex 7.36857 60.4756 2.3
    endloop
  endfacet
  facet normal 0.442445 0.896796 0
    outer loop
      vertex 7.175 60.5711 2.3
      vertex 7.36857 60.4756 0
      vertex 7.175 60.5711 0
    endloop
  endfacet
  facet normal 0.555534 -0.831494 0
    outer loop
      vertex 6.99554 63.309 0
      vertex 7.175 63.4289 2.3
      vertex 6.99554 63.309 2.3
    endloop
  endfacet
  facet normal 0.555534 -0.831494 0
    outer loop
      vertex 7.175 63.4289 2.3
      vertex 6.99554 63.309 0
      vertex 7.175 63.4289 0
    endloop
  endfacet
  facet normal -0.659328 0.751856 0
    outer loop
      vertex 9.16673 60.8333 0
      vertex 9.00446 60.691 2.3
      vertex 9.16673 60.8333 2.3
    endloop
  endfacet
  facet normal -0.659328 0.751856 0
    outer loop
      vertex 9.00446 60.691 2.3
      vertex 9.16673 60.8333 0
      vertex 9.00446 60.691 0
    endloop
  endfacet
  facet normal 0.321532 -0.946899 0
    outer loop
      vertex 7.36857 63.5244 0
      vertex 7.57295 63.5938 2.3
      vertex 7.36857 63.5244 2.3
    endloop
  endfacet
  facet normal 0.321532 -0.946899 0
    outer loop
      vertex 7.57295 63.5938 2.3
      vertex 7.36857 63.5244 0
      vertex 7.57295 63.5938 0
    endloop
  endfacet
  facet normal -0.83153 0.55548 0
    outer loop
      vertex 9.30903 60.9955 0
      vertex 9.42894 61.175 2.3
      vertex 9.42894 61.175 0
    endloop
  endfacet
  facet normal -0.83153 0.55548 0
    outer loop
      vertex 9.42894 61.175 2.3
      vertex 9.30903 60.9955 0
      vertex 9.30903 60.9955 2.3
    endloop
  endfacet
  facet normal -0.555534 0.831494 0
    outer loop
      vertex 9.00446 60.691 0
      vertex 8.825 60.5711 2.3
      vertex 9.00446 60.691 2.3
    endloop
  endfacet
  facet normal -0.555534 0.831494 0
    outer loop
      vertex 8.825 60.5711 2.3
      vertex 9.00446 60.691 0
      vertex 8.825 60.5711 0
    endloop
  endfacet
  facet normal -0.751715 0.659488 0
    outer loop
      vertex 9.16673 60.8333 0
      vertex 9.30903 60.9955 2.3
      vertex 9.30903 60.9955 0
    endloop
  endfacet
  facet normal -0.751715 0.659488 0
    outer loop
      vertex 9.30903 60.9955 2.3
      vertex 9.16673 60.8333 0
      vertex 9.16673 60.8333 2.3
    endloop
  endfacet
  facet normal -0.980794 0.195047 0
    outer loop
      vertex 9.59378 61.5729 0
      vertex 9.63588 61.7846 2.3
      vertex 9.63588 61.7846 0
    endloop
  endfacet
  facet normal -0.980794 0.195047 0
    outer loop
      vertex 9.63588 61.7846 2.3
      vertex 9.59378 61.5729 0
      vertex 9.59378 61.5729 2.3
    endloop
  endfacet
  facet normal 0.0653289 -0.997864 0
    outer loop
      vertex 7.78463 63.6359 0
      vertex 8 63.65 2.3
      vertex 7.78463 63.6359 2.3
    endloop
  endfacet
  facet normal 0.0653289 -0.997864 0
    outer loop
      vertex 8 63.65 2.3
      vertex 7.78463 63.6359 0
      vertex 8 63.65 0
    endloop
  endfacet
  facet normal 0.896897 0.44224 0
    outer loop
      vertex 6.57106 61.175 2.3
      vertex 6.4756 61.3686 0
      vertex 6.4756 61.3686 2.3
    endloop
  endfacet
  facet normal 0.896897 0.44224 0
    outer loop
      vertex 6.4756 61.3686 0
      vertex 6.57106 61.175 2.3
      vertex 6.57106 61.175 0
    endloop
  endfacet
  facet normal 0.896897 -0.44224 0
    outer loop
      vertex 6.4756 62.6314 2.3
      vertex 6.57106 62.825 0
      vertex 6.57106 62.825 2.3
    endloop
  endfacet
  facet normal 0.896897 -0.44224 0
    outer loop
      vertex 6.57106 62.825 0
      vertex 6.4756 62.6314 2.3
      vertex 6.4756 62.6314 0
    endloop
  endfacet
  facet normal -0.555534 -0.831494 0
    outer loop
      vertex 8.825 63.4289 0
      vertex 9.00446 63.309 2.3
      vertex 8.825 63.4289 2.3
    endloop
  endfacet
  facet normal -0.555534 -0.831494 -0
    outer loop
      vertex 9.00446 63.309 2.3
      vertex 8.825 63.4289 0
      vertex 9.00446 63.309 0
    endloop
  endfacet
  facet normal 0.980794 0.195047 0
    outer loop
      vertex 6.40622 61.5729 2.3
      vertex 6.36412 61.7846 0
      vertex 6.36412 61.7846 2.3
    endloop
  endfacet
  facet normal 0.980794 0.195047 0
    outer loop
      vertex 6.36412 61.7846 0
      vertex 6.40622 61.5729 2.3
      vertex 6.40622 61.5729 0
    endloop
  endfacet
  facet normal -0.321532 0.946899 0
    outer loop
      vertex 8.63143 60.4756 0
      vertex 8.42705 60.4062 2.3
      vertex 8.63143 60.4756 2.3
    endloop
  endfacet
  facet normal -0.321532 0.946899 0
    outer loop
      vertex 8.42705 60.4062 2.3
      vertex 8.63143 60.4756 0
      vertex 8.42705 60.4062 0
    endloop
  endfacet
  facet normal -0.659328 -0.751856 0
    outer loop
      vertex 9.00446 63.309 0
      vertex 9.16673 63.1667 2.3
      vertex 9.00446 63.309 2.3
    endloop
  endfacet
  facet normal -0.659328 -0.751856 -0
    outer loop
      vertex 9.16673 63.1667 2.3
      vertex 9.00446 63.309 0
      vertex 9.16673 63.1667 0
    endloop
  endfacet
  facet normal -0.195065 0.98079 0
    outer loop
      vertex 8.42705 60.4062 0
      vertex 8.21537 60.3641 2.3
      vertex 8.42705 60.4062 2.3
    endloop
  endfacet
  facet normal -0.195065 0.98079 0
    outer loop
      vertex 8.21537 60.3641 2.3
      vertex 8.42705 60.4062 0
      vertex 8.21537 60.3641 0
    endloop
  endfacet
  facet normal 0.946889 -0.321562 0
    outer loop
      vertex 6.40622 62.4271 2.3
      vertex 6.4756 62.6314 0
      vertex 6.4756 62.6314 2.3
    endloop
  endfacet
  facet normal 0.946889 -0.321562 0
    outer loop
      vertex 6.4756 62.6314 0
      vertex 6.40622 62.4271 2.3
      vertex 6.40622 62.4271 0
    endloop
  endfacet
  facet normal 0.195065 -0.98079 0
    outer loop
      vertex 7.57295 63.5938 0
      vertex 7.78463 63.6359 2.3
      vertex 7.57295 63.5938 2.3
    endloop
  endfacet
  facet normal 0.195065 -0.98079 0
    outer loop
      vertex 7.78463 63.6359 2.3
      vertex 7.57295 63.5938 0
      vertex 7.78463 63.6359 0
    endloop
  endfacet
  facet normal 0.0653289 0.997864 -0
    outer loop
      vertex 8 60.35 0
      vertex 7.78463 60.3641 2.3
      vertex 8 60.35 2.3
    endloop
  endfacet
  facet normal 0.0653289 0.997864 0
    outer loop
      vertex 7.78463 60.3641 2.3
      vertex 8 60.35 0
      vertex 7.78463 60.3641 0
    endloop
  endfacet
  facet normal 0.946889 0.321562 0
    outer loop
      vertex 6.4756 61.3686 2.3
      vertex 6.40622 61.5729 0
      vertex 6.40622 61.5729 2.3
    endloop
  endfacet
  facet normal 0.946889 0.321562 0
    outer loop
      vertex 6.40622 61.5729 0
      vertex 6.4756 61.3686 2.3
      vertex 6.4756 61.3686 0
    endloop
  endfacet
  facet normal 0.751715 0.659488 0
    outer loop
      vertex 6.83327 60.8333 2.3
      vertex 6.69097 60.9955 0
      vertex 6.69097 60.9955 2.3
    endloop
  endfacet
  facet normal 0.751715 0.659488 0
    outer loop
      vertex 6.69097 60.9955 0
      vertex 6.83327 60.8333 2.3
      vertex 6.83327 60.8333 0
    endloop
  endfacet
  facet normal 0.195065 0.98079 -0
    outer loop
      vertex 7.78463 60.3641 0
      vertex 7.57295 60.4062 2.3
      vertex 7.78463 60.3641 2.3
    endloop
  endfacet
  facet normal 0.195065 0.98079 0
    outer loop
      vertex 7.57295 60.4062 2.3
      vertex 7.78463 60.3641 0
      vertex 7.57295 60.4062 0
    endloop
  endfacet
  facet normal 0.555534 0.831494 -0
    outer loop
      vertex 7.175 60.5711 0
      vertex 6.99554 60.691 2.3
      vertex 7.175 60.5711 2.3
    endloop
  endfacet
  facet normal 0.555534 0.831494 0
    outer loop
      vertex 6.99554 60.691 2.3
      vertex 7.175 60.5711 0
      vertex 6.99554 60.691 0
    endloop
  endfacet
  facet normal 0.83153 -0.55548 0
    outer loop
      vertex 6.57106 62.825 2.3
      vertex 6.69097 63.0045 0
      vertex 6.69097 63.0045 2.3
    endloop
  endfacet
  facet normal 0.83153 -0.55548 0
    outer loop
      vertex 6.69097 63.0045 0
      vertex 6.57106 62.825 2.3
      vertex 6.57106 62.825 0
    endloop
  endfacet
  facet normal -0.442195 0.896919 0
    outer loop
      vertex 9.55 59.3153 2.3
      vertex 9.18632 59.136 4
      vertex 9.55 59.3153 4
    endloop
  endfacet
  facet normal -0.442195 0.896919 0
    outer loop
      vertex 9.18632 59.136 4
      vertex 9.55 59.3153 2.3
      vertex 9.18632 59.136 2.3
    endloop
  endfacet
  facet normal -0.980789 -0.195073 0
    outer loop
      vertex 11.0735 62.4046 2.3
      vertex 10.9944 62.8023 4
      vertex 10.9944 62.8023 2.3
    endloop
  endfacet
  facet normal -0.980789 -0.195073 0
    outer loop
      vertex 10.9944 62.8023 4
      vertex 11.0735 62.4046 2.3
      vertex 11.0735 62.4046 4
    endloop
  endfacet
  facet normal -0.997862 -0.0653568 0
    outer loop
      vertex 11.1 62 2.3
      vertex 11.0735 62.4046 4
      vertex 11.0735 62.4046 2.3
    endloop
  endfacet
  facet normal -0.997862 -0.0653568 0
    outer loop
      vertex 11.0735 62.4046 4
      vertex 11.1 62 2.3
      vertex 11.1 62 4
    endloop
  endfacet
  facet normal -0.946893 -0.321549 0
    outer loop
      vertex 10.9944 62.8023 2.3
      vertex 10.864 63.1863 4
      vertex 10.864 63.1863 2.3
    endloop
  endfacet
  facet normal -0.946893 -0.321549 0
    outer loop
      vertex 10.864 63.1863 4
      vertex 10.9944 62.8023 2.3
      vertex 10.9944 62.8023 4
    endloop
  endfacet
  facet normal -0.751721 0.659482 0
    outer loop
      vertex 10.192 59.808 2.3
      vertex 10.4594 60.1128 4
      vertex 10.4594 60.1128 2.3
    endloop
  endfacet
  facet normal -0.751721 0.659482 0
    outer loop
      vertex 10.4594 60.1128 4
      vertex 10.192 59.808 2.3
      vertex 10.192 59.808 4
    endloop
  endfacet
  facet normal -0.321564 -0.946888 0
    outer loop
      vertex 8.80234 64.9944 2.3
      vertex 9.18632 64.864 4
      vertex 8.80234 64.9944 4
    endloop
  endfacet
  facet normal -0.321564 -0.946888 -0
    outer loop
      vertex 9.18632 64.864 4
      vertex 8.80234 64.9944 2.3
      vertex 9.18632 64.864 2.3
    endloop
  endfacet
  facet normal -0.555599 -0.83145 0
    outer loop
      vertex 9.55 64.6847 2.3
      vertex 9.88716 64.4594 4
      vertex 9.55 64.6847 4
    endloop
  endfacet
  facet normal -0.555599 -0.83145 -0
    outer loop
      vertex 9.88716 64.4594 4
      vertex 9.55 64.6847 2.3
      vertex 9.88716 64.4594 2.3
    endloop
  endfacet
  facet normal -0.896928 0.442176 0
    outer loop
      vertex 10.6847 60.45 2.3
      vertex 10.864 60.8137 4
      vertex 10.864 60.8137 2.3
    endloop
  endfacet
  facet normal -0.896928 0.442176 0
    outer loop
      vertex 10.864 60.8137 4
      vertex 10.6847 60.45 2.3
      vertex 10.6847 60.45 4
    endloop
  endfacet
  facet normal -0.321564 0.946888 0
    outer loop
      vertex 9.18632 59.136 2.3
      vertex 8.80234 59.0056 4
      vertex 9.18632 59.136 4
    endloop
  endfacet
  facet normal -0.321564 0.946888 0
    outer loop
      vertex 8.80234 59.0056 4
      vertex 9.18632 59.136 2.3
      vertex 8.80234 59.0056 2.3
    endloop
  endfacet
  facet normal -0.896928 -0.442176 0
    outer loop
      vertex 10.864 63.1863 2.3
      vertex 10.6847 63.55 4
      vertex 10.6847 63.55 2.3
    endloop
  endfacet
  facet normal -0.896928 -0.442176 0
    outer loop
      vertex 10.6847 63.55 4
      vertex 10.864 63.1863 2.3
      vertex 10.864 63.1863 4
    endloop
  endfacet
  facet normal 0.195068 -0.98079 0
    outer loop
      vertex 7.19766 64.9944 2.3
      vertex 7.59537 65.0735 4
      vertex 7.19766 64.9944 4
    endloop
  endfacet
  facet normal 0.195068 -0.98079 0
    outer loop
      vertex 7.59537 65.0735 4
      vertex 7.19766 64.9944 2.3
      vertex 7.59537 65.0735 2.3
    endloop
  endfacet
  facet normal 0.0653519 0.997862 -0
    outer loop
      vertex 8 58.9 2.3
      vertex 7.59537 58.9265 4
      vertex 8 58.9 4
    endloop
  endfacet
  facet normal 0.0653519 0.997862 0
    outer loop
      vertex 7.59537 58.9265 4
      vertex 8 58.9 2.3
      vertex 7.59537 58.9265 2.3
    endloop
  endfacet
  facet normal 0.321564 0.946888 -0
    outer loop
      vertex 7.19766 59.0056 2.3
      vertex 6.81368 59.136 4
      vertex 7.19766 59.0056 4
    endloop
  endfacet
  facet normal 0.321564 0.946888 0
    outer loop
      vertex 6.81368 59.136 4
      vertex 7.19766 59.0056 2.3
      vertex 6.81368 59.136 2.3
    endloop
  endfacet
  facet normal -0.946893 0.321549 0
    outer loop
      vertex 10.864 60.8137 2.3
      vertex 10.9944 61.1977 4
      vertex 10.9944 61.1977 2.3
    endloop
  endfacet
  facet normal -0.946893 0.321549 0
    outer loop
      vertex 10.9944 61.1977 4
      vertex 10.864 60.8137 2.3
      vertex 10.864 60.8137 4
    endloop
  endfacet
  facet normal 0.831492 0.555536 0
    outer loop
      vertex 5.54061 60.1128 4
      vertex 5.31532 60.45 2.3
      vertex 5.31532 60.45 4
    endloop
  endfacet
  facet normal 0.831492 0.555536 0
    outer loop
      vertex 5.31532 60.45 2.3
      vertex 5.54061 60.1128 4
      vertex 5.54061 60.1128 2.3
    endloop
  endfacet
  facet normal 0.659396 0.751796 -0
    outer loop
      vertex 6.11284 59.5406 2.3
      vertex 5.80797 59.808 4
      vertex 6.11284 59.5406 4
    endloop
  endfacet
  facet normal 0.659396 0.751796 0
    outer loop
      vertex 5.80797 59.808 4
      vertex 6.11284 59.5406 2.3
      vertex 5.80797 59.808 2.3
    endloop
  endfacet
  facet normal 0.659396 -0.751796 0
    outer loop
      vertex 5.80797 64.192 2.3
      vertex 6.11284 64.4594 4
      vertex 5.80797 64.192 4
    endloop
  endfacet
  facet normal 0.659396 -0.751796 0
    outer loop
      vertex 6.11284 64.4594 4
      vertex 5.80797 64.192 2.3
      vertex 6.11284 64.4594 2.3
    endloop
  endfacet
  facet normal 0.946938 -0.321416 0
    outer loop
      vertex 5.00563 62.8023 4
      vertex 5.13597 63.1863 2.3
      vertex 5.13597 63.1863 4
    endloop
  endfacet
  facet normal 0.946938 -0.321416 0
    outer loop
      vertex 5.13597 63.1863 2.3
      vertex 5.00563 62.8023 4
      vertex 5.00563 62.8023 2.3
    endloop
  endfacet
  facet normal 0.442195 -0.896919 0
    outer loop
      vertex 6.45 64.6847 2.3
      vertex 6.81368 64.864 4
      vertex 6.45 64.6847 4
    endloop
  endfacet
  facet normal 0.442195 -0.896919 0
    outer loop
      vertex 6.81368 64.864 4
      vertex 6.45 64.6847 2.3
      vertex 6.81368 64.864 2.3
    endloop
  endfacet
  facet normal 0.980784 -0.195096 0
    outer loop
      vertex 4.92652 62.4046 4
      vertex 5.00563 62.8023 2.3
      vertex 5.00563 62.8023 4
    endloop
  endfacet
  facet normal 0.980784 -0.195096 0
    outer loop
      vertex 5.00563 62.8023 2.3
      vertex 4.92652 62.4046 4
      vertex 4.92652 62.4046 2.3
    endloop
  endfacet
  facet normal 0.321564 -0.946888 0
    outer loop
      vertex 6.81368 64.864 2.3
      vertex 7.19766 64.9944 4
      vertex 6.81368 64.864 4
    endloop
  endfacet
  facet normal 0.321564 -0.946888 0
    outer loop
      vertex 7.19766 64.9944 4
      vertex 6.81368 64.864 2.3
      vertex 7.19766 64.9944 2.3
    endloop
  endfacet
  facet normal -0.659433 0.751763 0
    outer loop
      vertex 10.192 59.808 2.3
      vertex 9.88716 59.5406 4
      vertex 10.192 59.808 4
    endloop
  endfacet
  facet normal -0.659433 0.751763 0
    outer loop
      vertex 9.88716 59.5406 4
      vertex 10.192 59.808 2.3
      vertex 9.88716 59.5406 2.3
    endloop
  endfacet
  facet normal -0.0653519 -0.997862 0
    outer loop
      vertex 8 65.1 2.3
      vertex 8.40463 65.0735 4
      vertex 8 65.1 4
    endloop
  endfacet
  facet normal -0.0653519 -0.997862 -0
    outer loop
      vertex 8.40463 65.0735 4
      vertex 8 65.1 2.3
      vertex 8.40463 65.0735 2.3
    endloop
  endfacet
  facet normal -0.831481 -0.555553 0
    outer loop
      vertex 10.6847 63.55 2.3
      vertex 10.4594 63.8872 4
      vertex 10.4594 63.8872 2.3
    endloop
  endfacet
  facet normal -0.831481 -0.555553 0
    outer loop
      vertex 10.4594 63.8872 4
      vertex 10.6847 63.55 2.3
      vertex 10.6847 63.55 4
    endloop
  endfacet
  facet normal -0.195068 0.98079 0
    outer loop
      vertex 8.80234 59.0056 2.3
      vertex 8.40463 58.9265 4
      vertex 8.80234 59.0056 4
    endloop
  endfacet
  facet normal -0.195068 0.98079 0
    outer loop
      vertex 8.40463 58.9265 4
      vertex 8.80234 59.0056 2.3
      vertex 8.40463 58.9265 2.3
    endloop
  endfacet
  facet normal 0.980784 0.195096 0
    outer loop
      vertex 5.00563 61.1977 4
      vertex 4.92652 61.5954 2.3
      vertex 4.92652 61.5954 4
    endloop
  endfacet
  facet normal 0.980784 0.195096 0
    outer loop
      vertex 4.92652 61.5954 2.3
      vertex 5.00563 61.1977 4
      vertex 5.00563 61.1977 2.3
    endloop
  endfacet
  facet normal 0.751769 -0.659426 0
    outer loop
      vertex 5.54061 63.8872 4
      vertex 5.80797 64.192 2.3
      vertex 5.80797 64.192 4
    endloop
  endfacet
  facet normal 0.751769 -0.659426 0
    outer loop
      vertex 5.80797 64.192 2.3
      vertex 5.54061 63.8872 4
      vertex 5.54061 63.8872 2.3
    endloop
  endfacet
  facet normal -0.659433 -0.751763 0
    outer loop
      vertex 9.88716 64.4594 2.3
      vertex 10.192 64.192 4
      vertex 9.88716 64.4594 4
    endloop
  endfacet
  facet normal -0.659433 -0.751763 -0
    outer loop
      vertex 10.192 64.192 4
      vertex 9.88716 64.4594 2.3
      vertex 10.192 64.192 2.3
    endloop
  endfacet
  facet normal -0.997862 0.0653568 0
    outer loop
      vertex 11.0735 61.5954 2.3
      vertex 11.1 62 4
      vertex 11.1 62 2.3
    endloop
  endfacet
  facet normal -0.997862 0.0653568 0
    outer loop
      vertex 11.1 62 4
      vertex 11.0735 61.5954 2.3
      vertex 11.0735 61.5954 4
    endloop
  endfacet
  facet normal -0.980789 0.195073 0
    outer loop
      vertex 10.9944 61.1977 2.3
      vertex 11.0735 61.5954 4
      vertex 11.0735 61.5954 2.3
    endloop
  endfacet
  facet normal -0.980789 0.195073 0
    outer loop
      vertex 11.0735 61.5954 4
      vertex 10.9944 61.1977 2.3
      vertex 10.9944 61.1977 4
    endloop
  endfacet
  facet normal -0.555599 0.83145 0
    outer loop
      vertex 9.88716 59.5406 2.3
      vertex 9.55 59.3153 4
      vertex 9.88716 59.5406 4
    endloop
  endfacet
  facet normal -0.555599 0.83145 0
    outer loop
      vertex 9.55 59.3153 4
      vertex 9.88716 59.5406 2.3
      vertex 9.55 59.3153 2.3
    endloop
  endfacet
  facet normal -0.195068 -0.98079 0
    outer loop
      vertex 8.40463 65.0735 2.3
      vertex 8.80234 64.9944 4
      vertex 8.40463 65.0735 4
    endloop
  endfacet
  facet normal -0.195068 -0.98079 -0
    outer loop
      vertex 8.80234 64.9944 4
      vertex 8.40463 65.0735 2.3
      vertex 8.80234 64.9944 2.3
    endloop
  endfacet
  facet normal -0.751721 -0.659482 0
    outer loop
      vertex 10.4594 63.8872 2.3
      vertex 10.192 64.192 4
      vertex 10.192 64.192 2.3
    endloop
  endfacet
  facet normal -0.751721 -0.659482 0
    outer loop
      vertex 10.192 64.192 4
      vertex 10.4594 63.8872 2.3
      vertex 10.4594 63.8872 4
    endloop
  endfacet
  facet normal -0.442195 -0.896919 0
    outer loop
      vertex 9.18632 64.864 2.3
      vertex 9.55 64.6847 4
      vertex 9.18632 64.864 4
    endloop
  endfacet
  facet normal -0.442195 -0.896919 -0
    outer loop
      vertex 9.55 64.6847 4
      vertex 9.18632 64.864 2.3
      vertex 9.55 64.6847 2.3
    endloop
  endfacet
  facet normal 0.997859 0.0654059 0
    outer loop
      vertex 4.92652 61.5954 4
      vertex 4.9 62 2.3
      vertex 4.9 62 4
    endloop
  endfacet
  facet normal 0.997859 0.0654059 0
    outer loop
      vertex 4.9 62 2.3
      vertex 4.92652 61.5954 4
      vertex 4.92652 61.5954 2.3
    endloop
  endfacet
  facet normal -0.831481 0.555553 0
    outer loop
      vertex 10.4594 60.1128 2.3
      vertex 10.6847 60.45 4
      vertex 10.6847 60.45 2.3
    endloop
  endfacet
  facet normal -0.831481 0.555553 0
    outer loop
      vertex 10.6847 60.45 4
      vertex 10.4594 60.1128 2.3
      vertex 10.4594 60.1128 4
    endloop
  endfacet
  facet normal 0.751769 0.659426 0
    outer loop
      vertex 5.80797 59.808 4
      vertex 5.54061 60.1128 2.3
      vertex 5.54061 60.1128 4
    endloop
  endfacet
  facet normal 0.751769 0.659426 0
    outer loop
      vertex 5.54061 60.1128 2.3
      vertex 5.80797 59.808 4
      vertex 5.80797 59.808 2.3
    endloop
  endfacet
  facet normal 0.997859 -0.0654059 0
    outer loop
      vertex 4.9 62 4
      vertex 4.92652 62.4046 2.3
      vertex 4.92652 62.4046 4
    endloop
  endfacet
  facet normal 0.997859 -0.0654059 0
    outer loop
      vertex 4.92652 62.4046 2.3
      vertex 4.9 62 4
      vertex 4.9 62 2.3
    endloop
  endfacet
  facet normal 0.442195 0.896919 -0
    outer loop
      vertex 6.81368 59.136 2.3
      vertex 6.45 59.3153 4
      vertex 6.81368 59.136 4
    endloop
  endfacet
  facet normal 0.442195 0.896919 0
    outer loop
      vertex 6.45 59.3153 4
      vertex 6.81368 59.136 2.3
      vertex 6.45 59.3153 2.3
    endloop
  endfacet
  facet normal 0.946938 0.321416 0
    outer loop
      vertex 5.13597 60.8137 4
      vertex 5.00563 61.1977 2.3
      vertex 5.00563 61.1977 4
    endloop
  endfacet
  facet normal 0.946938 0.321416 0
    outer loop
      vertex 5.00563 61.1977 2.3
      vertex 5.13597 60.8137 4
      vertex 5.13597 60.8137 2.3
    endloop
  endfacet
  facet normal 0.195068 0.98079 -0
    outer loop
      vertex 7.59537 58.9265 2.3
      vertex 7.19766 59.0056 4
      vertex 7.59537 58.9265 4
    endloop
  endfacet
  facet normal 0.195068 0.98079 0
    outer loop
      vertex 7.19766 59.0056 4
      vertex 7.59537 58.9265 2.3
      vertex 7.19766 59.0056 2.3
    endloop
  endfacet
  facet normal -0.0653519 0.997862 0
    outer loop
      vertex 8.40463 58.9265 2.3
      vertex 8 58.9 4
      vertex 8.40463 58.9265 4
    endloop
  endfacet
  facet normal -0.0653519 0.997862 0
    outer loop
      vertex 8 58.9 4
      vertex 8.40463 58.9265 2.3
      vertex 8 58.9 2.3
    endloop
  endfacet
  facet normal 0.555599 -0.83145 0
    outer loop
      vertex 6.11284 64.4594 2.3
      vertex 6.45 64.6847 4
      vertex 6.11284 64.4594 4
    endloop
  endfacet
  facet normal 0.555599 -0.83145 0
    outer loop
      vertex 6.45 64.6847 4
      vertex 6.11284 64.4594 2.3
      vertex 6.45 64.6847 2.3
    endloop
  endfacet
  facet normal 0.0653519 -0.997862 0
    outer loop
      vertex 7.59537 65.0735 2.3
      vertex 8 65.1 4
      vertex 7.59537 65.0735 4
    endloop
  endfacet
  facet normal 0.0653519 -0.997862 0
    outer loop
      vertex 8 65.1 4
      vertex 7.59537 65.0735 2.3
      vertex 8 65.1 2.3
    endloop
  endfacet
  facet normal 0 0 1
    outer loop
      vertex 9.65 62 2.3
      vertex 11.1 62 2.3
      vertex 11.0735 62.4046 2.3
    endloop
  endfacet
  facet normal 0 0 1
    outer loop
      vertex 9.63588 62.2154 2.3
      vertex 11.0735 62.4046 2.3
      vertex 10.9944 62.8023 2.3
    endloop
  endfacet
  facet normal 0 0 1
    outer loop
      vertex 11.1 62 2.3
      vertex 9.65 62 2.3
      vertex 11.0735 61.5954 2.3
    endloop
  endfacet
  facet normal 0 0 1
    outer loop
      vertex 9.59378 62.4271 2.3
      vertex 10.9944 62.8023 2.3
      vertex 10.864 63.1863 2.3
    endloop
  endfacet
  facet normal -0 0 1
    outer loop
      vertex 9.63588 61.7846 2.3
      vertex 11.0735 61.5954 2.3
      vertex 9.65 62 2.3
    endloop
  endfacet
  facet normal 0 0 1
    outer loop
      vertex 9.5244 62.6314 2.3
      vertex 10.864 63.1863 2.3
      vertex 10.6847 63.55 2.3
    endloop
  endfacet
  facet normal 0 0 1
    outer loop
      vertex 11.0735 61.5954 2.3
      vertex 9.63588 61.7846 2.3
      vertex 10.9944 61.1977 2.3
    endloop
  endfacet
  facet normal 0 0 1
    outer loop
      vertex 9.42894 62.825 2.3
      vertex 10.6847 63.55 2.3
      vertex 10.4594 63.8872 2.3
    endloop
  endfacet
  facet normal -0 0 1
    outer loop
      vertex 9.59378 61.5729 2.3
      vertex 10.9944 61.1977 2.3
      vertex 9.63588 61.7846 2.3
    endloop
  endfacet
  facet normal 0 0 1
    outer loop
      vertex 9.30903 63.0045 2.3
      vertex 10.4594 63.8872 2.3
      vertex 10.192 64.192 2.3
    endloop
  endfacet
  facet normal 0 0 1
    outer loop
      vertex 10.9944 61.1977 2.3
      vertex 9.59378 61.5729 2.3
      vertex 10.864 60.8137 2.3
    endloop
  endfacet
  facet normal 0 0 1
    outer loop
      vertex 9.16673 63.1667 2.3
      vertex 10.192 64.192 2.3
      vertex 9.88716 64.4594 2.3
    endloop
  endfacet
  facet normal -0 0 1
    outer loop
      vertex 9.5244 61.3686 2.3
      vertex 10.864 60.8137 2.3
      vertex 9.59378 61.5729 2.3
    endloop
  endfacet
  facet normal 0 0 1
    outer loop
      vertex 10.864 60.8137 2.3
      vertex 9.5244 61.3686 2.3
      vertex 10.6847 60.45 2.3
    endloop
  endfacet
  facet normal 0 0 1
    outer loop
      vertex 11.0735 62.4046 2.3
      vertex 9.63588 62.2154 2.3
      vertex 9.65 62 2.3
    endloop
  endfacet
  facet normal 0 0 1
    outer loop
      vertex 10.9944 62.8023 2.3
      vertex 9.59378 62.4271 2.3
      vertex 9.63588 62.2154 2.3
    endloop
  endfacet
  facet normal 0 0 1
    outer loop
      vertex 9.00446 63.309 2.3
      vertex 9.88716 64.4594 2.3
      vertex 9.55 64.6847 2.3
    endloop
  endfacet
  facet normal 0 0 1
    outer loop
      vertex 10.864 63.1863 2.3
      vertex 9.5244 62.6314 2.3
      vertex 9.59378 62.4271 2.3
    endloop
  endfacet
  facet normal 0 0 1
    outer loop
      vertex 10.6847 63.55 2.3
      vertex 9.42894 62.825 2.3
      vertex 9.5244 62.6314 2.3
    endloop
  endfacet
  facet normal 0 0 1
    outer loop
      vertex 10.4594 63.8872 2.3
      vertex 9.30903 63.0045 2.3
      vertex 9.42894 62.825 2.3
    endloop
  endfacet
  facet normal 0 0 1
    outer loop
      vertex 8.825 63.4289 2.3
      vertex 9.55 64.6847 2.3
      vertex 9.18632 64.864 2.3
    endloop
  endfacet
  facet normal 0 0 1
    outer loop
      vertex 10.192 64.192 2.3
      vertex 9.16673 63.1667 2.3
      vertex 9.30903 63.0045 2.3
    endloop
  endfacet
  facet normal 0 0 1
    outer loop
      vertex 9.88716 64.4594 2.3
      vertex 9.00446 63.309 2.3
      vertex 9.16673 63.1667 2.3
    endloop
  endfacet
  facet normal 0 0 1
    outer loop
      vertex 9.55 64.6847 2.3
      vertex 8.825 63.4289 2.3
      vertex 9.00446 63.309 2.3
    endloop
  endfacet
  facet normal 0 0 1
    outer loop
      vertex 8.63143 63.5244 2.3
      vertex 9.18632 64.864 2.3
      vertex 8.80234 64.9944 2.3
    endloop
  endfacet
  facet normal 0 0 1
    outer loop
      vertex 9.18632 64.864 2.3
      vertex 8.63143 63.5244 2.3
      vertex 8.825 63.4289 2.3
    endloop
  endfacet
  facet normal 0 0 1
    outer loop
      vertex 8.80234 64.9944 2.3
      vertex 8.42705 63.5938 2.3
      vertex 8.63143 63.5244 2.3
    endloop
  endfacet
  facet normal 0 0 1
    outer loop
      vertex 8.40463 65.0735 2.3
      vertex 8.42705 63.5938 2.3
      vertex 8.80234 64.9944 2.3
    endloop
  endfacet
  facet normal 0 0 1
    outer loop
      vertex 8.40463 65.0735 2.3
      vertex 8.21537 63.6359 2.3
      vertex 8.42705 63.5938 2.3
    endloop
  endfacet
  facet normal 0 0 1
    outer loop
      vertex 8 65.1 2.3
      vertex 8.21537 63.6359 2.3
      vertex 8.40463 65.0735 2.3
    endloop
  endfacet
  facet normal 0 0 1
    outer loop
      vertex 8 65.1 2.3
      vertex 8 63.65 2.3
      vertex 8.21537 63.6359 2.3
    endloop
  endfacet
  facet normal 0 0 1
    outer loop
      vertex 8 65.1 2.3
      vertex 7.78463 63.6359 2.3
      vertex 8 63.65 2.3
    endloop
  endfacet
  facet normal -0 0 1
    outer loop
      vertex 7.59537 65.0735 2.3
      vertex 7.78463 63.6359 2.3
      vertex 8 65.1 2.3
    endloop
  endfacet
  facet normal 0 0 1
    outer loop
      vertex 7.59537 65.0735 2.3
      vertex 7.57295 63.5938 2.3
      vertex 7.78463 63.6359 2.3
    endloop
  endfacet
  facet normal -0 0 1
    outer loop
      vertex 7.19766 64.9944 2.3
      vertex 7.57295 63.5938 2.3
      vertex 7.59537 65.0735 2.3
    endloop
  endfacet
  facet normal 0 0 1
    outer loop
      vertex 7.57295 63.5938 2.3
      vertex 7.19766 64.9944 2.3
      vertex 7.36857 63.5244 2.3
    endloop
  endfacet
  facet normal -0 0 1
    outer loop
      vertex 6.81368 64.864 2.3
      vertex 7.36857 63.5244 2.3
      vertex 7.19766 64.9944 2.3
    endloop
  endfacet
  facet normal 0 0 1
    outer loop
      vertex 7.36857 63.5244 2.3
      vertex 6.81368 64.864 2.3
      vertex 7.175 63.4289 2.3
    endloop
  endfacet
  facet normal -0 0 1
    outer loop
      vertex 6.45 64.6847 2.3
      vertex 7.175 63.4289 2.3
      vertex 6.81368 64.864 2.3
    endloop
  endfacet
  facet normal 0 0 1
    outer loop
      vertex 7.175 63.4289 2.3
      vertex 6.45 64.6847 2.3
      vertex 6.99554 63.309 2.3
    endloop
  endfacet
  facet normal -0 0 1
    outer loop
      vertex 6.11284 64.4594 2.3
      vertex 6.99554 63.309 2.3
      vertex 6.45 64.6847 2.3
    endloop
  endfacet
  facet normal 0 0 1
    outer loop
      vertex 6.99554 63.309 2.3
      vertex 6.11284 64.4594 2.3
      vertex 6.83327 63.1667 2.3
    endloop
  endfacet
  facet normal -0 0 1
    outer loop
      vertex 5.80797 64.192 2.3
      vertex 6.83327 63.1667 2.3
      vertex 6.11284 64.4594 2.3
    endloop
  endfacet
  facet normal 0 0 1
    outer loop
      vertex 6.83327 63.1667 2.3
      vertex 5.80797 64.192 2.3
      vertex 6.69097 63.0045 2.3
    endloop
  endfacet
  facet normal -0 0 1
    outer loop
      vertex 5.54061 63.8872 2.3
      vertex 6.69097 63.0045 2.3
      vertex 5.80797 64.192 2.3
    endloop
  endfacet
  facet normal 0 0 1
    outer loop
      vertex 6.69097 63.0045 2.3
      vertex 5.54061 63.8872 2.3
      vertex 6.57106 62.825 2.3
    endloop
  endfacet
  facet normal -0 0 1
    outer loop
      vertex 5.31532 63.55 2.3
      vertex 6.57106 62.825 2.3
      vertex 5.54061 63.8872 2.3
    endloop
  endfacet
  facet normal 0 0 1
    outer loop
      vertex 6.57106 62.825 2.3
      vertex 5.31532 63.55 2.3
      vertex 6.4756 62.6314 2.3
    endloop
  endfacet
  facet normal -0 0 1
    outer loop
      vertex 9.42894 61.175 2.3
      vertex 10.6847 60.45 2.3
      vertex 9.5244 61.3686 2.3
    endloop
  endfacet
  facet normal 0 0 1
    outer loop
      vertex 10.6847 60.45 2.3
      vertex 9.42894 61.175 2.3
      vertex 10.4594 60.1128 2.3
    endloop
  endfacet
  facet normal -0 0 1
    outer loop
      vertex 9.30903 60.9955 2.3
      vertex 10.4594 60.1128 2.3
      vertex 9.42894 61.175 2.3
    endloop
  endfacet
  facet normal 0 0 1
    outer loop
      vertex 10.4594 60.1128 2.3
      vertex 9.30903 60.9955 2.3
      vertex 10.192 59.808 2.3
    endloop
  endfacet
  facet normal -0 0 1
    outer loop
      vertex 9.16673 60.8333 2.3
      vertex 10.192 59.808 2.3
      vertex 9.30903 60.9955 2.3
    endloop
  endfacet
  facet normal 0 0 1
    outer loop
      vertex 10.192 59.808 2.3
      vertex 9.16673 60.8333 2.3
      vertex 9.88716 59.5406 2.3
    endloop
  endfacet
  facet normal -0 0 1
    outer loop
      vertex 9.00446 60.691 2.3
      vertex 9.88716 59.5406 2.3
      vertex 9.16673 60.8333 2.3
    endloop
  endfacet
  facet normal 0 0 1
    outer loop
      vertex 9.88716 59.5406 2.3
      vertex 9.00446 60.691 2.3
      vertex 9.55 59.3153 2.3
    endloop
  endfacet
  facet normal -0 0 1
    outer loop
      vertex 8.825 60.5711 2.3
      vertex 9.55 59.3153 2.3
      vertex 9.00446 60.691 2.3
    endloop
  endfacet
  facet normal 0 0 1
    outer loop
      vertex 9.55 59.3153 2.3
      vertex 8.825 60.5711 2.3
      vertex 9.18632 59.136 2.3
    endloop
  endfacet
  facet normal -0 0 1
    outer loop
      vertex 8.63143 60.4756 2.3
      vertex 9.18632 59.136 2.3
      vertex 8.825 60.5711 2.3
    endloop
  endfacet
  facet normal 0 0 1
    outer loop
      vertex 9.18632 59.136 2.3
      vertex 8.63143 60.4756 2.3
      vertex 8.80234 59.0056 2.3
    endloop
  endfacet
  facet normal -0 0 1
    outer loop
      vertex 8.42705 60.4062 2.3
      vertex 8.80234 59.0056 2.3
      vertex 8.63143 60.4756 2.3
    endloop
  endfacet
  facet normal 0 0 1
    outer loop
      vertex 8.42705 60.4062 2.3
      vertex 8.40463 58.9265 2.3
      vertex 8.80234 59.0056 2.3
    endloop
  endfacet
  facet normal -0 0 1
    outer loop
      vertex 8.21537 60.3641 2.3
      vertex 8.40463 58.9265 2.3
      vertex 8.42705 60.4062 2.3
    endloop
  endfacet
  facet normal -0 0 1
    outer loop
      vertex 8 60.35 2.3
      vertex 8.40463 58.9265 2.3
      vertex 8.21537 60.3641 2.3
    endloop
  endfacet
  facet normal 0 0 1
    outer loop
      vertex 8 60.35 2.3
      vertex 8 58.9 2.3
      vertex 8.40463 58.9265 2.3
    endloop
  endfacet
  facet normal 0 0 1
    outer loop
      vertex 7.78463 60.3641 2.3
      vertex 8 58.9 2.3
      vertex 8 60.35 2.3
    endloop
  endfacet
  facet normal 0 0 1
    outer loop
      vertex 7.78463 60.3641 2.3
      vertex 7.59537 58.9265 2.3
      vertex 8 58.9 2.3
    endloop
  endfacet
  facet normal 0 0 1
    outer loop
      vertex 7.57295 60.4062 2.3
      vertex 7.59537 58.9265 2.3
      vertex 7.78463 60.3641 2.3
    endloop
  endfacet
  facet normal 0 0 1
    outer loop
      vertex 7.19766 59.0056 2.3
      vertex 7.57295 60.4062 2.3
      vertex 7.36857 60.4756 2.3
    endloop
  endfacet
  facet normal 0 0 1
    outer loop
      vertex 7.57295 60.4062 2.3
      vertex 7.19766 59.0056 2.3
      vertex 7.59537 58.9265 2.3
    endloop
  endfacet
  facet normal 0 0 1
    outer loop
      vertex 6.81368 59.136 2.3
      vertex 7.36857 60.4756 2.3
      vertex 7.175 60.5711 2.3
    endloop
  endfacet
  facet normal 0 0 1
    outer loop
      vertex 6.45 59.3153 2.3
      vertex 7.175 60.5711 2.3
      vertex 6.99554 60.691 2.3
    endloop
  endfacet
  facet normal 0 0 1
    outer loop
      vertex 6.11284 59.5406 2.3
      vertex 6.99554 60.691 2.3
      vertex 6.83327 60.8333 2.3
    endloop
  endfacet
  facet normal 0 0 1
    outer loop
      vertex 7.36857 60.4756 2.3
      vertex 6.81368 59.136 2.3
      vertex 7.19766 59.0056 2.3
    endloop
  endfacet
  facet normal 0 0 1
    outer loop
      vertex 5.80797 59.808 2.3
      vertex 6.83327 60.8333 2.3
      vertex 6.69097 60.9955 2.3
    endloop
  endfacet
  facet normal 0 0 1
    outer loop
      vertex 5.54061 60.1128 2.3
      vertex 6.69097 60.9955 2.3
      vertex 6.57106 61.175 2.3
    endloop
  endfacet
  facet normal 0 0 1
    outer loop
      vertex 5.31532 60.45 2.3
      vertex 6.57106 61.175 2.3
      vertex 6.4756 61.3686 2.3
    endloop
  endfacet
  facet normal 0 0 1
    outer loop
      vertex 7.175 60.5711 2.3
      vertex 6.45 59.3153 2.3
      vertex 6.81368 59.136 2.3
    endloop
  endfacet
  facet normal 0 0 1
    outer loop
      vertex 5.13597 60.8137 2.3
      vertex 6.4756 61.3686 2.3
      vertex 6.40622 61.5729 2.3
    endloop
  endfacet
  facet normal 0 0 1
    outer loop
      vertex 5.00563 61.1977 2.3
      vertex 6.40622 61.5729 2.3
      vertex 6.36412 61.7846 2.3
    endloop
  endfacet
  facet normal 0 0 1
    outer loop
      vertex 4.92652 61.5954 2.3
      vertex 6.36412 61.7846 2.3
      vertex 6.35 62 2.3
    endloop
  endfacet
  facet normal -0 0 1
    outer loop
      vertex 5.13597 63.1863 2.3
      vertex 6.4756 62.6314 2.3
      vertex 5.31532 63.55 2.3
    endloop
  endfacet
  facet normal 0 0 1
    outer loop
      vertex 6.99554 60.691 2.3
      vertex 6.11284 59.5406 2.3
      vertex 6.45 59.3153 2.3
    endloop
  endfacet
  facet normal 0 0 1
    outer loop
      vertex 6.4756 62.6314 2.3
      vertex 5.13597 63.1863 2.3
      vertex 6.40622 62.4271 2.3
    endloop
  endfacet
  facet normal 0 0 1
    outer loop
      vertex 6.83327 60.8333 2.3
      vertex 5.80797 59.808 2.3
      vertex 6.11284 59.5406 2.3
    endloop
  endfacet
  facet normal -0 0 1
    outer loop
      vertex 5.00563 62.8023 2.3
      vertex 6.40622 62.4271 2.3
      vertex 5.13597 63.1863 2.3
    endloop
  endfacet
  facet normal 0 0 1
    outer loop
      vertex 6.69097 60.9955 2.3
      vertex 5.54061 60.1128 2.3
      vertex 5.80797 59.808 2.3
    endloop
  endfacet
  facet normal 0 0 1
    outer loop
      vertex 6.40622 62.4271 2.3
      vertex 5.00563 62.8023 2.3
      vertex 6.36412 62.2154 2.3
    endloop
  endfacet
  facet normal 0 0 1
    outer loop
      vertex 6.57106 61.175 2.3
      vertex 5.31532 60.45 2.3
      vertex 5.54061 60.1128 2.3
    endloop
  endfacet
  facet normal -0 0 1
    outer loop
      vertex 4.92652 62.4046 2.3
      vertex 6.36412 62.2154 2.3
      vertex 5.00563 62.8023 2.3
    endloop
  endfacet
  facet normal 0 0 1
    outer loop
      vertex 6.4756 61.3686 2.3
      vertex 5.13597 60.8137 2.3
      vertex 5.31532 60.45 2.3
    endloop
  endfacet
  facet normal 0 0 1
    outer loop
      vertex 6.36412 62.2154 2.3
      vertex 4.92652 62.4046 2.3
      vertex 6.35 62 2.3
    endloop
  endfacet
  facet normal 0 0 1
    outer loop
      vertex 6.40622 61.5729 2.3
      vertex 5.00563 61.1977 2.3
      vertex 5.13597 60.8137 2.3
    endloop
  endfacet
  facet normal 0 0 1
    outer loop
      vertex 4.9 62 2.3
      vertex 6.35 62 2.3
      vertex 4.92652 62.4046 2.3
    endloop
  endfacet
  facet normal 0 0 1
    outer loop
      vertex 6.36412 61.7846 2.3
      vertex 4.92652 61.5954 2.3
      vertex 5.00563 61.1977 2.3
    endloop
  endfacet
  facet normal 0 0 1
    outer loop
      vertex 6.35 62 2.3
      vertex 4.9 62 2.3
      vertex 4.92652 61.5954 2.3
    endloop
  endfacet
  facet normal 0.89688 0.442275 0
    outer loop
      vertex 5.31532 60.45 4
      vertex 5.13597 60.8137 2.3
      vertex 5.13597 60.8137 4
    endloop
  endfacet
  facet normal 0.89688 0.442275 0
    outer loop
      vertex 5.13597 60.8137 2.3
      vertex 5.31532 60.45 4
      vertex 5.31532 60.45 2.3
    endloop
  endfacet
  facet normal 0.89688 -0.442275 0
    outer loop
      vertex 5.13597 63.1863 4
      vertex 5.31532 63.55 2.3
      vertex 5.31532 63.55 4
    endloop
  endfacet
  facet normal 0.89688 -0.442275 0
    outer loop
      vertex 5.31532 63.55 2.3
      vertex 5.13597 63.1863 4
      vertex 5.13597 63.1863 2.3
    endloop
  endfacet
  facet normal 0.831492 -0.555536 0
    outer loop
      vertex 5.31532 63.55 4
      vertex 5.54061 63.8872 2.3
      vertex 5.54061 63.8872 4
    endloop
  endfacet
  facet normal 0.831492 -0.555536 0
    outer loop
      vertex 5.54061 63.8872 2.3
      vertex 5.31532 63.55 4
      vertex 5.31532 63.55 2.3
    endloop
  endfacet
  facet normal 0.555599 0.83145 -0
    outer loop
      vertex 6.45 59.3153 2.3
      vertex 6.11284 59.5406 4
      vertex 6.45 59.3153 4
    endloop
  endfacet
  facet normal 0.555599 0.83145 0
    outer loop
      vertex 6.11284 59.5406 4
      vertex 6.45 59.3153 2.3
      vertex 6.11284 59.5406 2.3
    endloop
  endfacet
  facet normal -0.0654121 0.997858 0
    outer loop
      vertex 82.2154 6.36412 0
      vertex 82 6.35 2.3
      vertex 82.2154 6.36412 2.3
    endloop
  endfacet
  facet normal -0.0654121 0.997858 0
    outer loop
      vertex 82 6.35 2.3
      vertex 82.2154 6.36412 0
      vertex 82 6.35 0
    endloop
  endfacet
  facet normal -0.98079 -0.195065 0
    outer loop
      vertex 83.6359 8.21537 0
      vertex 83.5938 8.42705 2.3
      vertex 83.5938 8.42705 0
    endloop
  endfacet
  facet normal -0.98079 -0.195065 0
    outer loop
      vertex 83.5938 8.42705 2.3
      vertex 83.6359 8.21537 0
      vertex 83.6359 8.21537 2.3
    endloop
  endfacet
  facet normal -0.997864 -0.0653289 0
    outer loop
      vertex 83.65 8 0
      vertex 83.6359 8.21537 2.3
      vertex 83.6359 8.21537 0
    endloop
  endfacet
  facet normal -0.997864 -0.0653289 0
    outer loop
      vertex 83.6359 8.21537 2.3
      vertex 83.65 8 0
      vertex 83.65 8 2.3
    endloop
  endfacet
  facet normal -0.946899 -0.321532 0
    outer loop
      vertex 83.5938 8.42705 0
      vertex 83.5244 8.63143 2.3
      vertex 83.5244 8.63143 0
    endloop
  endfacet
  facet normal -0.946899 -0.321532 0
    outer loop
      vertex 83.5244 8.63143 2.3
      vertex 83.5938 8.42705 0
      vertex 83.5938 8.42705 2.3
    endloop
  endfacet
  facet normal -0.0654121 -0.997858 0
    outer loop
      vertex 82 9.65 0
      vertex 82.2154 9.63588 2.3
      vertex 82 9.65 2.3
    endloop
  endfacet
  facet normal -0.0654121 -0.997858 -0
    outer loop
      vertex 82.2154 9.63588 2.3
      vertex 82 9.65 0
      vertex 82.2154 9.63588 0
    endloop
  endfacet
  facet normal 0.659488 0.751715 -0
    outer loop
      vertex 80.9955 6.69097 0
      vertex 80.8333 6.83327 2.3
      vertex 80.9955 6.69097 2.3
    endloop
  endfacet
  facet normal 0.659488 0.751715 0
    outer loop
      vertex 80.8333 6.83327 2.3
      vertex 80.9955 6.69097 0
      vertex 80.8333 6.83327 0
    endloop
  endfacet
  facet normal 0.997864 0.0653289 0
    outer loop
      vertex 80.3641 7.78463 2.3
      vertex 80.35 8 0
      vertex 80.35 8 2.3
    endloop
  endfacet
  facet normal 0.997864 0.0653289 0
    outer loop
      vertex 80.35 8 0
      vertex 80.3641 7.78463 2.3
      vertex 80.3641 7.78463 0
    endloop
  endfacet
  facet normal 0.659488 -0.751715 0
    outer loop
      vertex 80.8333 9.16673 0
      vertex 80.9955 9.30903 2.3
      vertex 80.8333 9.16673 2.3
    endloop
  endfacet
  facet normal 0.659488 -0.751715 0
    outer loop
      vertex 80.9955 9.30903 2.3
      vertex 80.8333 9.16673 0
      vertex 80.9955 9.30903 0
    endloop
  endfacet
  facet normal -0.751856 -0.659328 0
    outer loop
      vertex 83.309 9.00446 0
      vertex 83.1667 9.16673 2.3
      vertex 83.1667 9.16673 0
    endloop
  endfacet
  facet normal -0.751856 -0.659328 0
    outer loop
      vertex 83.1667 9.16673 2.3
      vertex 83.309 9.00446 0
      vertex 83.309 9.00446 2.3
    endloop
  endfacet
  facet normal -0.997864 0.0653289 0
    outer loop
      vertex 83.6359 7.78463 0
      vertex 83.65 8 2.3
      vertex 83.65 8 0
    endloop
  endfacet
  facet normal -0.997864 0.0653289 0
    outer loop
      vertex 83.65 8 2.3
      vertex 83.6359 7.78463 0
      vertex 83.6359 7.78463 2.3
    endloop
  endfacet
  facet normal -0.44224 -0.896897 0
    outer loop
      vertex 82.6314 9.5244 0
      vertex 82.825 9.42894 2.3
      vertex 82.6314 9.5244 2.3
    endloop
  endfacet
  facet normal -0.44224 -0.896897 -0
    outer loop
      vertex 82.825 9.42894 2.3
      vertex 82.6314 9.5244 0
      vertex 82.825 9.42894 0
    endloop
  endfacet
  facet normal -0.896796 0.442445 0
    outer loop
      vertex 83.4289 7.175 0
      vertex 83.5244 7.36857 2.3
      vertex 83.5244 7.36857 0
    endloop
  endfacet
  facet normal -0.896796 0.442445 0
    outer loop
      vertex 83.5244 7.36857 2.3
      vertex 83.4289 7.175 0
      vertex 83.4289 7.175 2.3
    endloop
  endfacet
  facet normal 0.321421 0.946936 -0
    outer loop
      vertex 81.573 6.40622 0
      vertex 81.3686 6.4756 2.3
      vertex 81.573 6.40622 2.3
    endloop
  endfacet
  facet normal 0.321421 0.946936 0
    outer loop
      vertex 81.3686 6.4756 2.3
      vertex 81.573 6.40622 0
      vertex 81.3686 6.4756 0
    endloop
  endfacet
  facet normal -0.831494 -0.555534 0
    outer loop
      vertex 83.4289 8.825 0
      vertex 83.309 9.00446 2.3
      vertex 83.309 9.00446 0
    endloop
  endfacet
  facet normal -0.831494 -0.555534 0
    outer loop
      vertex 83.309 9.00446 2.3
      vertex 83.4289 8.825 0
      vertex 83.4289 8.825 2.3
    endloop
  endfacet
  facet normal -0.896796 -0.442445 0
    outer loop
      vertex 83.5244 8.63143 0
      vertex 83.4289 8.825 2.3
      vertex 83.4289 8.825 0
    endloop
  endfacet
  facet normal -0.896796 -0.442445 0
    outer loop
      vertex 83.4289 8.825 2.3
      vertex 83.5244 8.63143 0
      vertex 83.5244 8.63143 2.3
    endloop
  endfacet
  facet normal 0.831494 0.555534 0
    outer loop
      vertex 80.691 6.99554 2.3
      vertex 80.5711 7.175 0
      vertex 80.5711 7.175 2.3
    endloop
  endfacet
  facet normal 0.831494 0.555534 0
    outer loop
      vertex 80.5711 7.175 0
      vertex 80.691 6.99554 2.3
      vertex 80.691 6.99554 0
    endloop
  endfacet
  facet normal -0.44224 0.896897 0
    outer loop
      vertex 82.825 6.57106 0
      vertex 82.6314 6.4756 2.3
      vertex 82.825 6.57106 2.3
    endloop
  endfacet
  facet normal -0.44224 0.896897 0
    outer loop
      vertex 82.6314 6.4756 2.3
      vertex 82.825 6.57106 0
      vertex 82.6314 6.4756 0
    endloop
  endfacet
  facet normal 0.997864 -0.0653289 0
    outer loop
      vertex 80.35 8 2.3
      vertex 80.3641 8.21537 0
      vertex 80.3641 8.21537 2.3
    endloop
  endfacet
  facet normal 0.997864 -0.0653289 0
    outer loop
      vertex 80.3641 8.21537 0
      vertex 80.35 8 2.3
      vertex 80.35 8 0
    endloop
  endfacet
  facet normal 0.44224 -0.896897 0
    outer loop
      vertex 81.175 9.42894 0
      vertex 81.3686 9.5244 2.3
      vertex 81.175 9.42894 2.3
    endloop
  endfacet
  facet normal 0.44224 -0.896897 0
    outer loop
      vertex 81.3686 9.5244 2.3
      vertex 81.175 9.42894 0
      vertex 81.3686 9.5244 0
    endloop
  endfacet
  facet normal -0.195136 -0.980776 0
    outer loop
      vertex 82.2154 9.63588 0
      vertex 82.427 9.59378 2.3
      vertex 82.2154 9.63588 2.3
    endloop
  endfacet
  facet normal -0.195136 -0.980776 -0
    outer loop
      vertex 82.427 9.59378 2.3
      vertex 82.2154 9.63588 0
      vertex 82.427 9.59378 0
    endloop
  endfacet
  facet normal 0.751856 -0.659328 0
    outer loop
      vertex 80.691 9.00446 2.3
      vertex 80.8333 9.16673 0
      vertex 80.8333 9.16673 2.3
    endloop
  endfacet
  facet normal 0.751856 -0.659328 0
    outer loop
      vertex 80.8333 9.16673 0
      vertex 80.691 9.00446 2.3
      vertex 80.691 9.00446 0
    endloop
  endfacet
  facet normal -0.946899 0.321532 0
    outer loop
      vertex 83.5244 7.36857 0
      vertex 83.5938 7.57295 2.3
      vertex 83.5938 7.57295 0
    endloop
  endfacet
  facet normal -0.946899 0.321532 0
    outer loop
      vertex 83.5938 7.57295 2.3
      vertex 83.5244 7.36857 0
      vertex 83.5244 7.36857 2.3
    endloop
  endfacet
  facet normal 0.98079 -0.195065 0
    outer loop
      vertex 80.3641 8.21537 2.3
      vertex 80.4062 8.42705 0
      vertex 80.4062 8.42705 2.3
    endloop
  endfacet
  facet normal 0.98079 -0.195065 0
    outer loop
      vertex 80.4062 8.42705 0
      vertex 80.3641 8.21537 2.3
      vertex 80.3641 8.21537 0
    endloop
  endfacet
  facet normal 0.44224 0.896897 -0
    outer loop
      vertex 81.3686 6.4756 0
      vertex 81.175 6.57106 2.3
      vertex 81.3686 6.4756 2.3
    endloop
  endfacet
  facet normal 0.44224 0.896897 0
    outer loop
      vertex 81.175 6.57106 2.3
      vertex 81.3686 6.4756 0
      vertex 81.175 6.57106 0
    endloop
  endfacet
  facet normal 0.55548 -0.83153 0
    outer loop
      vertex 80.9955 9.30903 0
      vertex 81.175 9.42894 2.3
      vertex 80.9955 9.30903 2.3
    endloop
  endfacet
  facet normal 0.55548 -0.83153 0
    outer loop
      vertex 81.175 9.42894 2.3
      vertex 80.9955 9.30903 0
      vertex 81.175 9.42894 0
    endloop
  endfacet
  facet normal -0.659488 0.751715 0
    outer loop
      vertex 83.1667 6.83327 0
      vertex 83.0045 6.69097 2.3
      vertex 83.1667 6.83327 2.3
    endloop
  endfacet
  facet normal -0.659488 0.751715 0
    outer loop
      vertex 83.0045 6.69097 2.3
      vertex 83.1667 6.83327 0
      vertex 83.0045 6.69097 0
    endloop
  endfacet
  facet normal 0.321421 -0.946936 0
    outer loop
      vertex 81.3686 9.5244 0
      vertex 81.573 9.59378 2.3
      vertex 81.3686 9.5244 2.3
    endloop
  endfacet
  facet normal 0.321421 -0.946936 0
    outer loop
      vertex 81.573 9.59378 2.3
      vertex 81.3686 9.5244 0
      vertex 81.573 9.59378 0
    endloop
  endfacet
  facet normal -0.831494 0.555534 0
    outer loop
      vertex 83.309 6.99554 0
      vertex 83.4289 7.175 2.3
      vertex 83.4289 7.175 0
    endloop
  endfacet
  facet normal -0.831494 0.555534 0
    outer loop
      vertex 83.4289 7.175 2.3
      vertex 83.309 6.99554 0
      vertex 83.309 6.99554 2.3
    endloop
  endfacet
  facet normal -0.55548 0.83153 0
    outer loop
      vertex 83.0045 6.69097 0
      vertex 82.825 6.57106 2.3
      vertex 83.0045 6.69097 2.3
    endloop
  endfacet
  facet normal -0.55548 0.83153 0
    outer loop
      vertex 82.825 6.57106 2.3
      vertex 83.0045 6.69097 0
      vertex 82.825 6.57106 0
    endloop
  endfacet
  facet normal -0.751856 0.659328 0
    outer loop
      vertex 83.1667 6.83327 0
      vertex 83.309 6.99554 2.3
      vertex 83.309 6.99554 0
    endloop
  endfacet
  facet normal -0.751856 0.659328 0
    outer loop
      vertex 83.309 6.99554 2.3
      vertex 83.1667 6.83327 0
      vertex 83.1667 6.83327 2.3
    endloop
  endfacet
  facet normal -0.98079 0.195065 0
    outer loop
      vertex 83.5938 7.57295 0
      vertex 83.6359 7.78463 2.3
      vertex 83.6359 7.78463 0
    endloop
  endfacet
  facet normal -0.98079 0.195065 0
    outer loop
      vertex 83.6359 7.78463 2.3
      vertex 83.5938 7.57295 0
      vertex 83.5938 7.57295 2.3
    endloop
  endfacet
  facet normal 0.0654121 -0.997858 0
    outer loop
      vertex 81.7846 9.63588 0
      vertex 82 9.65 2.3
      vertex 81.7846 9.63588 2.3
    endloop
  endfacet
  facet normal 0.0654121 -0.997858 0
    outer loop
      vertex 82 9.65 2.3
      vertex 81.7846 9.63588 0
      vertex 82 9.65 0
    endloop
  endfacet
  facet normal 0.896796 0.442445 0
    outer loop
      vertex 80.5711 7.175 2.3
      vertex 80.4756 7.36857 0
      vertex 80.4756 7.36857 2.3
    endloop
  endfacet
  facet normal 0.896796 0.442445 0
    outer loop
      vertex 80.4756 7.36857 0
      vertex 80.5711 7.175 2.3
      vertex 80.5711 7.175 0
    endloop
  endfacet
  facet normal 0.896796 -0.442445 0
    outer loop
      vertex 80.4756 8.63143 2.3
      vertex 80.5711 8.825 0
      vertex 80.5711 8.825 2.3
    endloop
  endfacet
  facet normal 0.896796 -0.442445 0
    outer loop
      vertex 80.5711 8.825 0
      vertex 80.4756 8.63143 2.3
      vertex 80.4756 8.63143 0
    endloop
  endfacet
  facet normal -0.55548 -0.83153 0
    outer loop
      vertex 82.825 9.42894 0
      vertex 83.0045 9.30903 2.3
      vertex 82.825 9.42894 2.3
    endloop
  endfacet
  facet normal -0.55548 -0.83153 -0
    outer loop
      vertex 83.0045 9.30903 2.3
      vertex 82.825 9.42894 0
      vertex 83.0045 9.30903 0
    endloop
  endfacet
  facet normal 0.98079 0.195065 0
    outer loop
      vertex 80.4062 7.57295 2.3
      vertex 80.3641 7.78463 0
      vertex 80.3641 7.78463 2.3
    endloop
  endfacet
  facet normal 0.98079 0.195065 0
    outer loop
      vertex 80.3641 7.78463 0
      vertex 80.4062 7.57295 2.3
      vertex 80.4062 7.57295 0
    endloop
  endfacet
  facet normal -0.321421 0.946936 0
    outer loop
      vertex 82.6314 6.4756 0
      vertex 82.427 6.40622 2.3
      vertex 82.6314 6.4756 2.3
    endloop
  endfacet
  facet normal -0.321421 0.946936 0
    outer loop
      vertex 82.427 6.40622 2.3
      vertex 82.6314 6.4756 0
      vertex 82.427 6.40622 0
    endloop
  endfacet
  facet normal -0.659488 -0.751715 0
    outer loop
      vertex 83.0045 9.30903 0
      vertex 83.1667 9.16673 2.3
      vertex 83.0045 9.30903 2.3
    endloop
  endfacet
  facet normal -0.659488 -0.751715 -0
    outer loop
      vertex 83.1667 9.16673 2.3
      vertex 83.0045 9.30903 0
      vertex 83.1667 9.16673 0
    endloop
  endfacet
  facet normal -0.195136 0.980776 0
    outer loop
      vertex 82.427 6.40622 0
      vertex 82.2154 6.36412 2.3
      vertex 82.427 6.40622 2.3
    endloop
  endfacet
  facet normal -0.195136 0.980776 0
    outer loop
      vertex 82.2154 6.36412 2.3
      vertex 82.427 6.40622 0
      vertex 82.2154 6.36412 0
    endloop
  endfacet
  facet normal 0.946899 -0.321532 0
    outer loop
      vertex 80.4062 8.42705 2.3
      vertex 80.4756 8.63143 0
      vertex 80.4756 8.63143 2.3
    endloop
  endfacet
  facet normal 0.946899 -0.321532 0
    outer loop
      vertex 80.4756 8.63143 0
      vertex 80.4062 8.42705 2.3
      vertex 80.4062 8.42705 0
    endloop
  endfacet
  facet normal 0.195136 -0.980776 0
    outer loop
      vertex 81.573 9.59378 0
      vertex 81.7846 9.63588 2.3
      vertex 81.573 9.59378 2.3
    endloop
  endfacet
  facet normal 0.195136 -0.980776 0
    outer loop
      vertex 81.7846 9.63588 2.3
      vertex 81.573 9.59378 0
      vertex 81.7846 9.63588 0
    endloop
  endfacet
  facet normal 0.0654121 0.997858 -0
    outer loop
      vertex 82 6.35 0
      vertex 81.7846 6.36412 2.3
      vertex 82 6.35 2.3
    endloop
  endfacet
  facet normal 0.0654121 0.997858 0
    outer loop
      vertex 81.7846 6.36412 2.3
      vertex 82 6.35 0
      vertex 81.7846 6.36412 0
    endloop
  endfacet
  facet normal 0.946899 0.321532 0
    outer loop
      vertex 80.4756 7.36857 2.3
      vertex 80.4062 7.57295 0
      vertex 80.4062 7.57295 2.3
    endloop
  endfacet
  facet normal 0.946899 0.321532 0
    outer loop
      vertex 80.4062 7.57295 0
      vertex 80.4756 7.36857 2.3
      vertex 80.4756 7.36857 0
    endloop
  endfacet
  facet normal 0.751856 0.659328 0
    outer loop
      vertex 80.8333 6.83327 2.3
      vertex 80.691 6.99554 0
      vertex 80.691 6.99554 2.3
    endloop
  endfacet
  facet normal 0.751856 0.659328 0
    outer loop
      vertex 80.691 6.99554 0
      vertex 80.8333 6.83327 2.3
      vertex 80.8333 6.83327 0
    endloop
  endfacet
  facet normal 0.195136 0.980776 -0
    outer loop
      vertex 81.7846 6.36412 0
      vertex 81.573 6.40622 2.3
      vertex 81.7846 6.36412 2.3
    endloop
  endfacet
  facet normal 0.195136 0.980776 0
    outer loop
      vertex 81.573 6.40622 2.3
      vertex 81.7846 6.36412 0
      vertex 81.573 6.40622 0
    endloop
  endfacet
  facet normal 0.55548 0.83153 -0
    outer loop
      vertex 81.175 6.57106 0
      vertex 80.9955 6.69097 2.3
      vertex 81.175 6.57106 2.3
    endloop
  endfacet
  facet normal 0.55548 0.83153 0
    outer loop
      vertex 80.9955 6.69097 2.3
      vertex 81.175 6.57106 0
      vertex 80.9955 6.69097 0
    endloop
  endfacet
  facet normal -0.321421 -0.946936 0
    outer loop
      vertex 82.427 9.59378 0
      vertex 82.6314 9.5244 2.3
      vertex 82.427 9.59378 2.3
    endloop
  endfacet
  facet normal -0.321421 -0.946936 -0
    outer loop
      vertex 82.6314 9.5244 2.3
      vertex 82.427 9.59378 0
      vertex 82.6314 9.5244 0
    endloop
  endfacet
  facet normal 0.831494 -0.555534 0
    outer loop
      vertex 80.5711 8.825 2.3
      vertex 80.691 9.00446 0
      vertex 80.691 9.00446 2.3
    endloop
  endfacet
  facet normal 0.831494 -0.555534 0
    outer loop
      vertex 80.691 9.00446 0
      vertex 80.5711 8.825 2.3
      vertex 80.5711 8.825 0
    endloop
  endfacet
  facet normal -0.442275 0.89688 0
    outer loop
      vertex 83.55 5.31532 2.3
      vertex 83.1863 5.13597 4
      vertex 83.55 5.31532 4
    endloop
  endfacet
  facet normal -0.442275 0.89688 0
    outer loop
      vertex 83.1863 5.13597 4
      vertex 83.55 5.31532 2.3
      vertex 83.1863 5.13597 2.3
    endloop
  endfacet
  facet normal -0.98079 -0.195068 0
    outer loop
      vertex 85.0735 8.40463 2.3
      vertex 84.9944 8.80234 4
      vertex 84.9944 8.80234 2.3
    endloop
  endfacet
  facet normal -0.98079 -0.195068 0
    outer loop
      vertex 84.9944 8.80234 4
      vertex 85.0735 8.40463 2.3
      vertex 85.0735 8.40463 4
    endloop
  endfacet
  facet normal -0.997862 -0.0653519 0
    outer loop
      vertex 85.1 8 2.3
      vertex 85.0735 8.40463 4
      vertex 85.0735 8.40463 2.3
    endloop
  endfacet
  facet normal -0.997862 -0.0653519 0
    outer loop
      vertex 85.0735 8.40463 4
      vertex 85.1 8 2.3
      vertex 85.1 8 4
    endloop
  endfacet
  facet normal -0.946888 -0.321564 0
    outer loop
      vertex 84.9944 8.80234 2.3
      vertex 84.864 9.18632 4
      vertex 84.864 9.18632 2.3
    endloop
  endfacet
  facet normal -0.946888 -0.321564 0
    outer loop
      vertex 84.864 9.18632 4
      vertex 84.9944 8.80234 2.3
      vertex 84.9944 8.80234 4
    endloop
  endfacet
  facet normal -0.751796 0.659396 0
    outer loop
      vertex 84.192 5.80797 2.3
      vertex 84.4594 6.11284 4
      vertex 84.4594 6.11284 2.3
    endloop
  endfacet
  facet normal -0.751796 0.659396 0
    outer loop
      vertex 84.4594 6.11284 4
      vertex 84.192 5.80797 2.3
      vertex 84.192 5.80797 4
    endloop
  endfacet
  facet normal -0.321549 -0.946893 0
    outer loop
      vertex 82.8023 10.9944 2.3
      vertex 83.1863 10.864 4
      vertex 82.8023 10.9944 4
    endloop
  endfacet
  facet normal -0.321549 -0.946893 -0
    outer loop
      vertex 83.1863 10.864 4
      vertex 82.8023 10.9944 2.3
      vertex 83.1863 10.864 2.3
    endloop
  endfacet
  facet normal -0.555553 -0.831481 0
    outer loop
      vertex 83.55 10.6847 2.3
      vertex 83.8872 10.4594 4
      vertex 83.55 10.6847 4
    endloop
  endfacet
  facet normal -0.555553 -0.831481 -0
    outer loop
      vertex 83.8872 10.4594 4
      vertex 83.55 10.6847 2.3
      vertex 83.8872 10.4594 2.3
    endloop
  endfacet
  facet normal -0.896919 0.442195 0
    outer loop
      vertex 84.6847 6.45 2.3
      vertex 84.864 6.81368 4
      vertex 84.864 6.81368 2.3
    endloop
  endfacet
  facet normal -0.896919 0.442195 0
    outer loop
      vertex 84.864 6.81368 4
      vertex 84.6847 6.45 2.3
      vertex 84.6847 6.45 4
    endloop
  endfacet
  facet normal -0.321416 0.946938 0
    outer loop
      vertex 83.1863 5.13597 2.3
      vertex 82.8023 5.00563 4
      vertex 83.1863 5.13597 4
    endloop
  endfacet
  facet normal -0.321416 0.946938 0
    outer loop
      vertex 82.8023 5.00563 4
      vertex 83.1863 5.13597 2.3
      vertex 82.8023 5.00563 2.3
    endloop
  endfacet
  facet normal -0.896919 -0.442195 0
    outer loop
      vertex 84.864 9.18632 2.3
      vertex 84.6847 9.55 4
      vertex 84.6847 9.55 2.3
    endloop
  endfacet
  facet normal -0.896919 -0.442195 0
    outer loop
      vertex 84.6847 9.55 4
      vertex 84.864 9.18632 2.3
      vertex 84.864 9.18632 4
    endloop
  endfacet
  facet normal 0.195073 -0.980789 0
    outer loop
      vertex 81.1977 10.9944 2.3
      vertex 81.5954 11.0735 4
      vertex 81.1977 10.9944 4
    endloop
  endfacet
  facet normal 0.195073 -0.980789 0
    outer loop
      vertex 81.5954 11.0735 4
      vertex 81.1977 10.9944 2.3
      vertex 81.5954 11.0735 2.3
    endloop
  endfacet
  facet normal 0.0654059 0.997859 -0
    outer loop
      vertex 82 4.9 2.3
      vertex 81.5954 4.92652 4
      vertex 82 4.9 4
    endloop
  endfacet
  facet normal 0.0654059 0.997859 0
    outer loop
      vertex 81.5954 4.92652 4
      vertex 82 4.9 2.3
      vertex 81.5954 4.92652 2.3
    endloop
  endfacet
  facet normal 0.555553 -0.831481 0
    outer loop
      vertex 80.1128 10.4594 2.3
      vertex 80.45 10.6847 4
      vertex 80.1128 10.4594 4
    endloop
  endfacet
  facet normal 0.555553 -0.831481 0
    outer loop
      vertex 80.45 10.6847 4
      vertex 80.1128 10.4594 2.3
      vertex 80.45 10.6847 2.3
    endloop
  endfacet
  facet normal 0.321416 0.946938 -0
    outer loop
      vertex 81.1977 5.00563 2.3
      vertex 80.8137 5.13597 4
      vertex 81.1977 5.00563 4
    endloop
  endfacet
  facet normal 0.321416 0.946938 0
    outer loop
      vertex 80.8137 5.13597 4
      vertex 81.1977 5.00563 2.3
      vertex 80.8137 5.13597 2.3
    endloop
  endfacet
  facet normal -0.946888 0.321564 0
    outer loop
      vertex 84.864 6.81368 2.3
      vertex 84.9944 7.19766 4
      vertex 84.9944 7.19766 2.3
    endloop
  endfacet
  facet normal -0.946888 0.321564 0
    outer loop
      vertex 84.9944 7.19766 4
      vertex 84.864 6.81368 2.3
      vertex 84.864 6.81368 4
    endloop
  endfacet
  facet normal 0.83145 0.555599 0
    outer loop
      vertex 79.5406 6.11284 4
      vertex 79.3153 6.45 2.3
      vertex 79.3153 6.45 4
    endloop
  endfacet
  facet normal 0.83145 0.555599 0
    outer loop
      vertex 79.3153 6.45 2.3
      vertex 79.5406 6.11284 4
      vertex 79.5406 6.11284 2.3
    endloop
  endfacet
  facet normal 0.659426 0.751769 -0
    outer loop
      vertex 80.1128 5.54061 2.3
      vertex 79.808 5.80797 4
      vertex 80.1128 5.54061 4
    endloop
  endfacet
  facet normal 0.659426 0.751769 0
    outer loop
      vertex 79.808 5.80797 4
      vertex 80.1128 5.54061 2.3
      vertex 79.808 5.80797 2.3
    endloop
  endfacet
  facet normal 0.659482 -0.751721 0
    outer loop
      vertex 79.808 10.192 2.3
      vertex 80.1128 10.4594 4
      vertex 79.808 10.192 4
    endloop
  endfacet
  facet normal 0.659482 -0.751721 0
    outer loop
      vertex 80.1128 10.4594 4
      vertex 79.808 10.192 2.3
      vertex 80.1128 10.4594 2.3
    endloop
  endfacet
  facet normal 0.946888 -0.321564 0
    outer loop
      vertex 79.0056 8.80234 4
      vertex 79.136 9.18632 2.3
      vertex 79.136 9.18632 4
    endloop
  endfacet
  facet normal 0.946888 -0.321564 0
    outer loop
      vertex 79.136 9.18632 2.3
      vertex 79.0056 8.80234 4
      vertex 79.0056 8.80234 2.3
    endloop
  endfacet
  facet normal 0.442176 -0.896928 0
    outer loop
      vertex 80.45 10.6847 2.3
      vertex 80.8137 10.864 4
      vertex 80.45 10.6847 4
    endloop
  endfacet
  facet normal 0.442176 -0.896928 0
    outer loop
      vertex 80.8137 10.864 4
      vertex 80.45 10.6847 2.3
      vertex 80.8137 10.864 2.3
    endloop
  endfacet
  facet normal 0.98079 -0.195068 0
    outer loop
      vertex 78.9265 8.40463 4
      vertex 79.0056 8.80234 2.3
      vertex 79.0056 8.80234 4
    endloop
  endfacet
  facet normal 0.98079 -0.195068 0
    outer loop
      vertex 79.0056 8.80234 2.3
      vertex 78.9265 8.40463 4
      vertex 78.9265 8.40463 2.3
    endloop
  endfacet
  facet normal 0.321549 -0.946893 0
    outer loop
      vertex 80.8137 10.864 2.3
      vertex 81.1977 10.9944 4
      vertex 80.8137 10.864 4
    endloop
  endfacet
  facet normal 0.321549 -0.946893 0
    outer loop
      vertex 81.1977 10.9944 4
      vertex 80.8137 10.864 2.3
      vertex 81.1977 10.9944 2.3
    endloop
  endfacet
  facet normal -0.659426 0.751769 0
    outer loop
      vertex 84.192 5.80797 2.3
      vertex 83.8872 5.54061 4
      vertex 84.192 5.80797 4
    endloop
  endfacet
  facet normal -0.659426 0.751769 0
    outer loop
      vertex 83.8872 5.54061 4
      vertex 84.192 5.80797 2.3
      vertex 83.8872 5.54061 2.3
    endloop
  endfacet
  facet normal -0.0653568 -0.997862 0
    outer loop
      vertex 82 11.1 2.3
      vertex 82.4046 11.0735 4
      vertex 82 11.1 4
    endloop
  endfacet
  facet normal -0.0653568 -0.997862 -0
    outer loop
      vertex 82.4046 11.0735 4
      vertex 82 11.1 2.3
      vertex 82.4046 11.0735 2.3
    endloop
  endfacet
  facet normal -0.83145 -0.555599 0
    outer loop
      vertex 84.6847 9.55 2.3
      vertex 84.4594 9.88716 4
      vertex 84.4594 9.88716 2.3
    endloop
  endfacet
  facet normal -0.83145 -0.555599 0
    outer loop
      vertex 84.4594 9.88716 4
      vertex 84.6847 9.55 2.3
      vertex 84.6847 9.55 4
    endloop
  endfacet
  facet normal -0.195096 0.980784 0
    outer loop
      vertex 82.8023 5.00563 2.3
      vertex 82.4046 4.92652 4
      vertex 82.8023 5.00563 4
    endloop
  endfacet
  facet normal -0.195096 0.980784 0
    outer loop
      vertex 82.4046 4.92652 4
      vertex 82.8023 5.00563 2.3
      vertex 82.4046 4.92652 2.3
    endloop
  endfacet
  facet normal 0.98079 0.195068 0
    outer loop
      vertex 79.0056 7.19766 4
      vertex 78.9265 7.59537 2.3
      vertex 78.9265 7.59537 4
    endloop
  endfacet
  facet normal 0.98079 0.195068 0
    outer loop
      vertex 78.9265 7.59537 2.3
      vertex 79.0056 7.19766 4
      vertex 79.0056 7.19766 2.3
    endloop
  endfacet
  facet normal 0.751763 -0.659433 0
    outer loop
      vertex 79.5406 9.88716 4
      vertex 79.808 10.192 2.3
      vertex 79.808 10.192 4
    endloop
  endfacet
  facet normal 0.751763 -0.659433 0
    outer loop
      vertex 79.808 10.192 2.3
      vertex 79.5406 9.88716 4
      vertex 79.5406 9.88716 2.3
    endloop
  endfacet
  facet normal -0.659482 -0.751721 0
    outer loop
      vertex 83.8872 10.4594 2.3
      vertex 84.192 10.192 4
      vertex 83.8872 10.4594 4
    endloop
  endfacet
  facet normal -0.659482 -0.751721 -0
    outer loop
      vertex 84.192 10.192 4
      vertex 83.8872 10.4594 2.3
      vertex 84.192 10.192 2.3
    endloop
  endfacet
  facet normal -0.997862 0.0653519 0
    outer loop
      vertex 85.0735 7.59537 2.3
      vertex 85.1 8 4
      vertex 85.1 8 2.3
    endloop
  endfacet
  facet normal -0.997862 0.0653519 0
    outer loop
      vertex 85.1 8 4
      vertex 85.0735 7.59537 2.3
      vertex 85.0735 7.59537 4
    endloop
  endfacet
  facet normal -0.98079 0.195068 0
    outer loop
      vertex 84.9944 7.19766 2.3
      vertex 85.0735 7.59537 4
      vertex 85.0735 7.59537 2.3
    endloop
  endfacet
  facet normal -0.98079 0.195068 0
    outer loop
      vertex 85.0735 7.59537 4
      vertex 84.9944 7.19766 2.3
      vertex 84.9944 7.19766 4
    endloop
  endfacet
  facet normal -0.555536 0.831492 0
    outer loop
      vertex 83.8872 5.54061 2.3
      vertex 83.55 5.31532 4
      vertex 83.8872 5.54061 4
    endloop
  endfacet
  facet normal -0.555536 0.831492 0
    outer loop
      vertex 83.55 5.31532 4
      vertex 83.8872 5.54061 2.3
      vertex 83.55 5.31532 2.3
    endloop
  endfacet
  facet normal -0.195073 -0.980789 0
    outer loop
      vertex 82.4046 11.0735 2.3
      vertex 82.8023 10.9944 4
      vertex 82.4046 11.0735 4
    endloop
  endfacet
  facet normal -0.195073 -0.980789 -0
    outer loop
      vertex 82.8023 10.9944 4
      vertex 82.4046 11.0735 2.3
      vertex 82.8023 10.9944 2.3
    endloop
  endfacet
  facet normal -0.751763 -0.659433 0
    outer loop
      vertex 84.4594 9.88716 2.3
      vertex 84.192 10.192 4
      vertex 84.192 10.192 2.3
    endloop
  endfacet
  facet normal -0.751763 -0.659433 0
    outer loop
      vertex 84.192 10.192 4
      vertex 84.4594 9.88716 2.3
      vertex 84.4594 9.88716 4
    endloop
  endfacet
  facet normal -0.442176 -0.896928 0
    outer loop
      vertex 83.1863 10.864 2.3
      vertex 83.55 10.6847 4
      vertex 83.1863 10.864 4
    endloop
  endfacet
  facet normal -0.442176 -0.896928 -0
    outer loop
      vertex 83.55 10.6847 4
      vertex 83.1863 10.864 2.3
      vertex 83.55 10.6847 2.3
    endloop
  endfacet
  facet normal 0.997862 0.0653519 0
    outer loop
      vertex 78.9265 7.59537 4
      vertex 78.9 8 2.3
      vertex 78.9 8 4
    endloop
  endfacet
  facet normal 0.997862 0.0653519 0
    outer loop
      vertex 78.9 8 2.3
      vertex 78.9265 7.59537 4
      vertex 78.9265 7.59537 2.3
    endloop
  endfacet
  facet normal -0.83145 0.555599 0
    outer loop
      vertex 84.4594 6.11284 2.3
      vertex 84.6847 6.45 4
      vertex 84.6847 6.45 2.3
    endloop
  endfacet
  facet normal -0.83145 0.555599 0
    outer loop
      vertex 84.6847 6.45 4
      vertex 84.4594 6.11284 2.3
      vertex 84.4594 6.11284 4
    endloop
  endfacet
  facet normal 0.751796 0.659396 0
    outer loop
      vertex 79.808 5.80797 4
      vertex 79.5406 6.11284 2.3
      vertex 79.5406 6.11284 4
    endloop
  endfacet
  facet normal 0.751796 0.659396 0
    outer loop
      vertex 79.5406 6.11284 2.3
      vertex 79.808 5.80797 4
      vertex 79.808 5.80797 2.3
    endloop
  endfacet
  facet normal 0.997862 -0.0653519 0
    outer loop
      vertex 78.9 8 4
      vertex 78.9265 8.40463 2.3
      vertex 78.9265 8.40463 4
    endloop
  endfacet
  facet normal 0.997862 -0.0653519 0
    outer loop
      vertex 78.9265 8.40463 2.3
      vertex 78.9 8 4
      vertex 78.9 8 2.3
    endloop
  endfacet
  facet normal 0.442275 0.89688 -0
    outer loop
      vertex 80.8137 5.13597 2.3
      vertex 80.45 5.31532 4
      vertex 80.8137 5.13597 4
    endloop
  endfacet
  facet normal 0.442275 0.89688 0
    outer loop
      vertex 80.45 5.31532 4
      vertex 80.8137 5.13597 2.3
      vertex 80.45 5.31532 2.3
    endloop
  endfacet
  facet normal 0.946888 0.321564 0
    outer loop
      vertex 79.136 6.81368 4
      vertex 79.0056 7.19766 2.3
      vertex 79.0056 7.19766 4
    endloop
  endfacet
  facet normal 0.946888 0.321564 0
    outer loop
      vertex 79.0056 7.19766 2.3
      vertex 79.136 6.81368 4
      vertex 79.136 6.81368 2.3
    endloop
  endfacet
  facet normal 0.195096 0.980784 -0
    outer loop
      vertex 81.5954 4.92652 2.3
      vertex 81.1977 5.00563 4
      vertex 81.5954 4.92652 4
    endloop
  endfacet
  facet normal 0.195096 0.980784 0
    outer loop
      vertex 81.1977 5.00563 4
      vertex 81.5954 4.92652 2.3
      vertex 81.1977 5.00563 2.3
    endloop
  endfacet
  facet normal -0.0654059 0.997859 0
    outer loop
      vertex 82.4046 4.92652 2.3
      vertex 82 4.9 4
      vertex 82.4046 4.92652 4
    endloop
  endfacet
  facet normal -0.0654059 0.997859 0
    outer loop
      vertex 82 4.9 4
      vertex 82.4046 4.92652 2.3
      vertex 82 4.9 2.3
    endloop
  endfacet
  facet normal 0.0653568 -0.997862 0
    outer loop
      vertex 81.5954 11.0735 2.3
      vertex 82 11.1 4
      vertex 81.5954 11.0735 4
    endloop
  endfacet
  facet normal 0.0653568 -0.997862 0
    outer loop
      vertex 82 11.1 4
      vertex 81.5954 11.0735 2.3
      vertex 82 11.1 2.3
    endloop
  endfacet
  facet normal 0 0 1
    outer loop
      vertex 83.65 8 2.3
      vertex 85.1 8 2.3
      vertex 85.0735 8.40463 2.3
    endloop
  endfacet
  facet normal 0 0 1
    outer loop
      vertex 83.6359 8.21537 2.3
      vertex 85.0735 8.40463 2.3
      vertex 84.9944 8.80234 2.3
    endloop
  endfacet
  facet normal 0 0 1
    outer loop
      vertex 85.1 8 2.3
      vertex 83.65 8 2.3
      vertex 85.0735 7.59537 2.3
    endloop
  endfacet
  facet normal 0 0 1
    outer loop
      vertex 83.5938 8.42705 2.3
      vertex 84.9944 8.80234 2.3
      vertex 84.864 9.18632 2.3
    endloop
  endfacet
  facet normal -0 0 1
    outer loop
      vertex 83.6359 7.78463 2.3
      vertex 85.0735 7.59537 2.3
      vertex 83.65 8 2.3
    endloop
  endfacet
  facet normal 0 0 1
    outer loop
      vertex 83.5244 8.63143 2.3
      vertex 84.864 9.18632 2.3
      vertex 84.6847 9.55 2.3
    endloop
  endfacet
  facet normal 0 0 1
    outer loop
      vertex 85.0735 7.59537 2.3
      vertex 83.6359 7.78463 2.3
      vertex 84.9944 7.19766 2.3
    endloop
  endfacet
  facet normal 0 0 1
    outer loop
      vertex 83.4289 8.825 2.3
      vertex 84.6847 9.55 2.3
      vertex 84.4594 9.88716 2.3
    endloop
  endfacet
  facet normal -0 0 1
    outer loop
      vertex 83.5938 7.57295 2.3
      vertex 84.9944 7.19766 2.3
      vertex 83.6359 7.78463 2.3
    endloop
  endfacet
  facet normal 0 0 1
    outer loop
      vertex 83.309 9.00446 2.3
      vertex 84.4594 9.88716 2.3
      vertex 84.192 10.192 2.3
    endloop
  endfacet
  facet normal 0 0 1
    outer loop
      vertex 84.9944 7.19766 2.3
      vertex 83.5938 7.57295 2.3
      vertex 84.864 6.81368 2.3
    endloop
  endfacet
  facet normal 0 0 1
    outer loop
      vertex 83.1667 9.16673 2.3
      vertex 84.192 10.192 2.3
      vertex 83.8872 10.4594 2.3
    endloop
  endfacet
  facet normal -0 0 1
    outer loop
      vertex 83.5244 7.36857 2.3
      vertex 84.864 6.81368 2.3
      vertex 83.5938 7.57295 2.3
    endloop
  endfacet
  facet normal 0 0 1
    outer loop
      vertex 84.864 6.81368 2.3
      vertex 83.5244 7.36857 2.3
      vertex 84.6847 6.45 2.3
    endloop
  endfacet
  facet normal 0 0 1
    outer loop
      vertex 85.0735 8.40463 2.3
      vertex 83.6359 8.21537 2.3
      vertex 83.65 8 2.3
    endloop
  endfacet
  facet normal 0 0 1
    outer loop
      vertex 84.9944 8.80234 2.3
      vertex 83.5938 8.42705 2.3
      vertex 83.6359 8.21537 2.3
    endloop
  endfacet
  facet normal 0 0 1
    outer loop
      vertex 83.0045 9.30903 2.3
      vertex 83.8872 10.4594 2.3
      vertex 83.55 10.6847 2.3
    endloop
  endfacet
  facet normal 0 0 1
    outer loop
      vertex 84.864 9.18632 2.3
      vertex 83.5244 8.63143 2.3
      vertex 83.5938 8.42705 2.3
    endloop
  endfacet
  facet normal 0 0 1
    outer loop
      vertex 84.6847 9.55 2.3
      vertex 83.4289 8.825 2.3
      vertex 83.5244 8.63143 2.3
    endloop
  endfacet
  facet normal 0 0 1
    outer loop
      vertex 84.4594 9.88716 2.3
      vertex 83.309 9.00446 2.3
      vertex 83.4289 8.825 2.3
    endloop
  endfacet
  facet normal 0 0 1
    outer loop
      vertex 82.825 9.42894 2.3
      vertex 83.55 10.6847 2.3
      vertex 83.1863 10.864 2.3
    endloop
  endfacet
  facet normal 0 0 1
    outer loop
      vertex 84.192 10.192 2.3
      vertex 83.1667 9.16673 2.3
      vertex 83.309 9.00446 2.3
    endloop
  endfacet
  facet normal 0 0 1
    outer loop
      vertex 83.8872 10.4594 2.3
      vertex 83.0045 9.30903 2.3
      vertex 83.1667 9.16673 2.3
    endloop
  endfacet
  facet normal 0 0 1
    outer loop
      vertex 83.55 10.6847 2.3
      vertex 82.825 9.42894 2.3
      vertex 83.0045 9.30903 2.3
    endloop
  endfacet
  facet normal 0 0 1
    outer loop
      vertex 82.6314 9.5244 2.3
      vertex 83.1863 10.864 2.3
      vertex 82.8023 10.9944 2.3
    endloop
  endfacet
  facet normal 0 0 1
    outer loop
      vertex 83.1863 10.864 2.3
      vertex 82.6314 9.5244 2.3
      vertex 82.825 9.42894 2.3
    endloop
  endfacet
  facet normal 0 0 1
    outer loop
      vertex 82.8023 10.9944 2.3
      vertex 82.427 9.59378 2.3
      vertex 82.6314 9.5244 2.3
    endloop
  endfacet
  facet normal 0 0 1
    outer loop
      vertex 82.4046 11.0735 2.3
      vertex 82.427 9.59378 2.3
      vertex 82.8023 10.9944 2.3
    endloop
  endfacet
  facet normal 0 0 1
    outer loop
      vertex 82.4046 11.0735 2.3
      vertex 82.2154 9.63588 2.3
      vertex 82.427 9.59378 2.3
    endloop
  endfacet
  facet normal 0 0 1
    outer loop
      vertex 82 11.1 2.3
      vertex 82.2154 9.63588 2.3
      vertex 82.4046 11.0735 2.3
    endloop
  endfacet
  facet normal 0 0 1
    outer loop
      vertex 82 11.1 2.3
      vertex 82 9.65 2.3
      vertex 82.2154 9.63588 2.3
    endloop
  endfacet
  facet normal 0 0 1
    outer loop
      vertex 82 11.1 2.3
      vertex 81.7846 9.63588 2.3
      vertex 82 9.65 2.3
    endloop
  endfacet
  facet normal -0 0 1
    outer loop
      vertex 81.5954 11.0735 2.3
      vertex 81.7846 9.63588 2.3
      vertex 82 11.1 2.3
    endloop
  endfacet
  facet normal 0 0 1
    outer loop
      vertex 81.5954 11.0735 2.3
      vertex 81.573 9.59378 2.3
      vertex 81.7846 9.63588 2.3
    endloop
  endfacet
  facet normal -0 0 1
    outer loop
      vertex 81.1977 10.9944 2.3
      vertex 81.573 9.59378 2.3
      vertex 81.5954 11.0735 2.3
    endloop
  endfacet
  facet normal 0 0 1
    outer loop
      vertex 81.573 9.59378 2.3
      vertex 81.1977 10.9944 2.3
      vertex 81.3686 9.5244 2.3
    endloop
  endfacet
  facet normal -0 0 1
    outer loop
      vertex 80.8137 10.864 2.3
      vertex 81.3686 9.5244 2.3
      vertex 81.1977 10.9944 2.3
    endloop
  endfacet
  facet normal 0 0 1
    outer loop
      vertex 81.3686 9.5244 2.3
      vertex 80.8137 10.864 2.3
      vertex 81.175 9.42894 2.3
    endloop
  endfacet
  facet normal -0 0 1
    outer loop
      vertex 80.45 10.6847 2.3
      vertex 81.175 9.42894 2.3
      vertex 80.8137 10.864 2.3
    endloop
  endfacet
  facet normal 0 0 1
    outer loop
      vertex 81.175 9.42894 2.3
      vertex 80.45 10.6847 2.3
      vertex 80.9955 9.30903 2.3
    endloop
  endfacet
  facet normal -0 0 1
    outer loop
      vertex 80.1128 10.4594 2.3
      vertex 80.9955 9.30903 2.3
      vertex 80.45 10.6847 2.3
    endloop
  endfacet
  facet normal 0 0 1
    outer loop
      vertex 80.9955 9.30903 2.3
      vertex 80.1128 10.4594 2.3
      vertex 80.8333 9.16673 2.3
    endloop
  endfacet
  facet normal -0 0 1
    outer loop
      vertex 79.808 10.192 2.3
      vertex 80.8333 9.16673 2.3
      vertex 80.1128 10.4594 2.3
    endloop
  endfacet
  facet normal 0 0 1
    outer loop
      vertex 80.8333 9.16673 2.3
      vertex 79.808 10.192 2.3
      vertex 80.691 9.00446 2.3
    endloop
  endfacet
  facet normal -0 0 1
    outer loop
      vertex 79.5406 9.88716 2.3
      vertex 80.691 9.00446 2.3
      vertex 79.808 10.192 2.3
    endloop
  endfacet
  facet normal 0 0 1
    outer loop
      vertex 80.691 9.00446 2.3
      vertex 79.5406 9.88716 2.3
      vertex 80.5711 8.825 2.3
    endloop
  endfacet
  facet normal -0 0 1
    outer loop
      vertex 79.3153 9.55 2.3
      vertex 80.5711 8.825 2.3
      vertex 79.5406 9.88716 2.3
    endloop
  endfacet
  facet normal 0 0 1
    outer loop
      vertex 80.5711 8.825 2.3
      vertex 79.3153 9.55 2.3
      vertex 80.4756 8.63143 2.3
    endloop
  endfacet
  facet normal -0 0 1
    outer loop
      vertex 83.4289 7.175 2.3
      vertex 84.6847 6.45 2.3
      vertex 83.5244 7.36857 2.3
    endloop
  endfacet
  facet normal 0 0 1
    outer loop
      vertex 84.6847 6.45 2.3
      vertex 83.4289 7.175 2.3
      vertex 84.4594 6.11284 2.3
    endloop
  endfacet
  facet normal -0 0 1
    outer loop
      vertex 83.309 6.99554 2.3
      vertex 84.4594 6.11284 2.3
      vertex 83.4289 7.175 2.3
    endloop
  endfacet
  facet normal 0 0 1
    outer loop
      vertex 84.4594 6.11284 2.3
      vertex 83.309 6.99554 2.3
      vertex 84.192 5.80797 2.3
    endloop
  endfacet
  facet normal -0 0 1
    outer loop
      vertex 83.1667 6.83327 2.3
      vertex 84.192 5.80797 2.3
      vertex 83.309 6.99554 2.3
    endloop
  endfacet
  facet normal 0 0 1
    outer loop
      vertex 84.192 5.80797 2.3
      vertex 83.1667 6.83327 2.3
      vertex 83.8872 5.54061 2.3
    endloop
  endfacet
  facet normal -0 0 1
    outer loop
      vertex 83.0045 6.69097 2.3
      vertex 83.8872 5.54061 2.3
      vertex 83.1667 6.83327 2.3
    endloop
  endfacet
  facet normal 0 0 1
    outer loop
      vertex 83.8872 5.54061 2.3
      vertex 83.0045 6.69097 2.3
      vertex 83.55 5.31532 2.3
    endloop
  endfacet
  facet normal -0 0 1
    outer loop
      vertex 82.825 6.57106 2.3
      vertex 83.55 5.31532 2.3
      vertex 83.0045 6.69097 2.3
    endloop
  endfacet
  facet normal 0 0 1
    outer loop
      vertex 83.55 5.31532 2.3
      vertex 82.825 6.57106 2.3
      vertex 83.1863 5.13597 2.3
    endloop
  endfacet
  facet normal -0 0 1
    outer loop
      vertex 82.6314 6.4756 2.3
      vertex 83.1863 5.13597 2.3
      vertex 82.825 6.57106 2.3
    endloop
  endfacet
  facet normal 0 0 1
    outer loop
      vertex 83.1863 5.13597 2.3
      vertex 82.6314 6.4756 2.3
      vertex 82.8023 5.00563 2.3
    endloop
  endfacet
  facet normal -0 0 1
    outer loop
      vertex 82.427 6.40622 2.3
      vertex 82.8023 5.00563 2.3
      vertex 82.6314 6.4756 2.3
    endloop
  endfacet
  facet normal 0 0 1
    outer loop
      vertex 82.427 6.40622 2.3
      vertex 82.4046 4.92652 2.3
      vertex 82.8023 5.00563 2.3
    endloop
  endfacet
  facet normal -0 0 1
    outer loop
      vertex 82.2154 6.36412 2.3
      vertex 82.4046 4.92652 2.3
      vertex 82.427 6.40622 2.3
    endloop
  endfacet
  facet normal -0 0 1
    outer loop
      vertex 82 6.35 2.3
      vertex 82.4046 4.92652 2.3
      vertex 82.2154 6.36412 2.3
    endloop
  endfacet
  facet normal 0 0 1
    outer loop
      vertex 82 6.35 2.3
      vertex 82 4.9 2.3
      vertex 82.4046 4.92652 2.3
    endloop
  endfacet
  facet normal 0 0 1
    outer loop
      vertex 81.7846 6.36412 2.3
      vertex 82 4.9 2.3
      vertex 82 6.35 2.3
    endloop
  endfacet
  facet normal 0 0 1
    outer loop
      vertex 81.7846 6.36412 2.3
      vertex 81.5954 4.92652 2.3
      vertex 82 4.9 2.3
    endloop
  endfacet
  facet normal 0 0 1
    outer loop
      vertex 81.573 6.40622 2.3
      vertex 81.5954 4.92652 2.3
      vertex 81.7846 6.36412 2.3
    endloop
  endfacet
  facet normal 0 0 1
    outer loop
      vertex 81.1977 5.00563 2.3
      vertex 81.573 6.40622 2.3
      vertex 81.3686 6.4756 2.3
    endloop
  endfacet
  facet normal 0 0 1
    outer loop
      vertex 81.573 6.40622 2.3
      vertex 81.1977 5.00563 2.3
      vertex 81.5954 4.92652 2.3
    endloop
  endfacet
  facet normal 0 0 1
    outer loop
      vertex 80.8137 5.13597 2.3
      vertex 81.3686 6.4756 2.3
      vertex 81.175 6.57106 2.3
    endloop
  endfacet
  facet normal 0 0 1
    outer loop
      vertex 80.45 5.31532 2.3
      vertex 81.175 6.57106 2.3
      vertex 80.9955 6.69097 2.3
    endloop
  endfacet
  facet normal 0 0 1
    outer loop
      vertex 80.1128 5.54061 2.3
      vertex 80.9955 6.69097 2.3
      vertex 80.8333 6.83327 2.3
    endloop
  endfacet
  facet normal 0 0 1
    outer loop
      vertex 81.3686 6.4756 2.3
      vertex 80.8137 5.13597 2.3
      vertex 81.1977 5.00563 2.3
    endloop
  endfacet
  facet normal 0 0 1
    outer loop
      vertex 79.808 5.80797 2.3
      vertex 80.8333 6.83327 2.3
      vertex 80.691 6.99554 2.3
    endloop
  endfacet
  facet normal 0 0 1
    outer loop
      vertex 79.5406 6.11284 2.3
      vertex 80.691 6.99554 2.3
      vertex 80.5711 7.175 2.3
    endloop
  endfacet
  facet normal 0 0 1
    outer loop
      vertex 79.3153 6.45 2.3
      vertex 80.5711 7.175 2.3
      vertex 80.4756 7.36857 2.3
    endloop
  endfacet
  facet normal 0 0 1
    outer loop
      vertex 81.175 6.57106 2.3
      vertex 80.45 5.31532 2.3
      vertex 80.8137 5.13597 2.3
    endloop
  endfacet
  facet normal 0 0 1
    outer loop
      vertex 79.136 6.81368 2.3
      vertex 80.4756 7.36857 2.3
      vertex 80.4062 7.57295 2.3
    endloop
  endfacet
  facet normal 0 0 1
    outer loop
      vertex 79.0056 7.19766 2.3
      vertex 80.4062 7.57295 2.3
      vertex 80.3641 7.78463 2.3
    endloop
  endfacet
  facet normal 0 0 1
    outer loop
      vertex 78.9265 7.59537 2.3
      vertex 80.3641 7.78463 2.3
      vertex 80.35 8 2.3
    endloop
  endfacet
  facet normal -0 0 1
    outer loop
      vertex 79.136 9.18632 2.3
      vertex 80.4756 8.63143 2.3
      vertex 79.3153 9.55 2.3
    endloop
  endfacet
  facet normal 0 0 1
    outer loop
      vertex 80.9955 6.69097 2.3
      vertex 80.1128 5.54061 2.3
      vertex 80.45 5.31532 2.3
    endloop
  endfacet
  facet normal 0 0 1
    outer loop
      vertex 80.4756 8.63143 2.3
      vertex 79.136 9.18632 2.3
      vertex 80.4062 8.42705 2.3
    endloop
  endfacet
  facet normal 0 0 1
    outer loop
      vertex 80.8333 6.83327 2.3
      vertex 79.808 5.80797 2.3
      vertex 80.1128 5.54061 2.3
    endloop
  endfacet
  facet normal -0 0 1
    outer loop
      vertex 79.0056 8.80234 2.3
      vertex 80.4062 8.42705 2.3
      vertex 79.136 9.18632 2.3
    endloop
  endfacet
  facet normal 0 0 1
    outer loop
      vertex 80.691 6.99554 2.3
      vertex 79.5406 6.11284 2.3
      vertex 79.808 5.80797 2.3
    endloop
  endfacet
  facet normal 0 0 1
    outer loop
      vertex 80.4062 8.42705 2.3
      vertex 79.0056 8.80234 2.3
      vertex 80.3641 8.21537 2.3
    endloop
  endfacet
  facet normal 0 0 1
    outer loop
      vertex 80.5711 7.175 2.3
      vertex 79.3153 6.45 2.3
      vertex 79.5406 6.11284 2.3
    endloop
  endfacet
  facet normal -0 0 1
    outer loop
      vertex 78.9265 8.40463 2.3
      vertex 80.3641 8.21537 2.3
      vertex 79.0056 8.80234 2.3
    endloop
  endfacet
  facet normal 0 0 1
    outer loop
      vertex 80.4756 7.36857 2.3
      vertex 79.136 6.81368 2.3
      vertex 79.3153 6.45 2.3
    endloop
  endfacet
  facet normal 0 0 1
    outer loop
      vertex 80.3641 8.21537 2.3
      vertex 78.9265 8.40463 2.3
      vertex 80.35 8 2.3
    endloop
  endfacet
  facet normal 0 0 1
    outer loop
      vertex 80.4062 7.57295 2.3
      vertex 79.0056 7.19766 2.3
      vertex 79.136 6.81368 2.3
    endloop
  endfacet
  facet normal 0 0 1
    outer loop
      vertex 78.9 8 2.3
      vertex 80.35 8 2.3
      vertex 78.9265 8.40463 2.3
    endloop
  endfacet
  facet normal 0 0 1
    outer loop
      vertex 80.3641 7.78463 2.3
      vertex 78.9265 7.59537 2.3
      vertex 79.0056 7.19766 2.3
    endloop
  endfacet
  facet normal 0 0 1
    outer loop
      vertex 80.35 8 2.3
      vertex 78.9 8 2.3
      vertex 78.9265 7.59537 2.3
    endloop
  endfacet
  facet normal 0.896919 0.442195 0
    outer loop
      vertex 79.3153 6.45 4
      vertex 79.136 6.81368 2.3
      vertex 79.136 6.81368 4
    endloop
  endfacet
  facet normal 0.896919 0.442195 0
    outer loop
      vertex 79.136 6.81368 2.3
      vertex 79.3153 6.45 4
      vertex 79.3153 6.45 2.3
    endloop
  endfacet
  facet normal 0.896919 -0.442195 0
    outer loop
      vertex 79.136 9.18632 4
      vertex 79.3153 9.55 2.3
      vertex 79.3153 9.55 4
    endloop
  endfacet
  facet normal 0.896919 -0.442195 0
    outer loop
      vertex 79.3153 9.55 2.3
      vertex 79.136 9.18632 4
      vertex 79.136 9.18632 2.3
    endloop
  endfacet
  facet normal 0.83145 -0.555599 0
    outer loop
      vertex 79.3153 9.55 4
      vertex 79.5406 9.88716 2.3
      vertex 79.5406 9.88716 4
    endloop
  endfacet
  facet normal 0.83145 -0.555599 0
    outer loop
      vertex 79.5406 9.88716 2.3
      vertex 79.3153 9.55 4
      vertex 79.3153 9.55 2.3
    endloop
  endfacet
  facet normal 0.555536 0.831492 -0
    outer loop
      vertex 80.45 5.31532 2.3
      vertex 80.1128 5.54061 4
      vertex 80.45 5.31532 4
    endloop
  endfacet
  facet normal 0.555536 0.831492 0
    outer loop
      vertex 80.1128 5.54061 4
      vertex 80.45 5.31532 2.3
      vertex 80.1128 5.54061 2.3
    endloop
  endfacet
  facet normal -0.0653198 0.997864 0
    outer loop
      vertex 82.2154 60.3641 0
      vertex 82 60.35 2.3
      vertex 82.2154 60.3641 2.3
    endloop
  endfacet
  facet normal -0.0653198 0.997864 0
    outer loop
      vertex 82 60.35 2.3
      vertex 82.2154 60.3641 0
      vertex 82 60.35 0
    endloop
  endfacet
  facet normal -0.980794 -0.195047 0
    outer loop
      vertex 83.6359 62.2154 0
      vertex 83.5938 62.4271 2.3
      vertex 83.5938 62.4271 0
    endloop
  endfacet
  facet normal -0.980794 -0.195047 0
    outer loop
      vertex 83.5938 62.4271 2.3
      vertex 83.6359 62.2154 0
      vertex 83.6359 62.2154 2.3
    endloop
  endfacet
  facet normal -0.997864 -0.0653198 0
    outer loop
      vertex 83.65 62 0
      vertex 83.6359 62.2154 2.3
      vertex 83.6359 62.2154 0
    endloop
  endfacet
  facet normal -0.997864 -0.0653198 0
    outer loop
      vertex 83.6359 62.2154 2.3
      vertex 83.65 62 0
      vertex 83.65 62 2.3
    endloop
  endfacet
  facet normal -0.94686 -0.321645 0
    outer loop
      vertex 83.5938 62.4271 0
      vertex 83.5244 62.6314 2.3
      vertex 83.5244 62.6314 0
    endloop
  endfacet
  facet normal -0.94686 -0.321645 0
    outer loop
      vertex 83.5244 62.6314 2.3
      vertex 83.5938 62.4271 0
      vertex 83.5938 62.4271 2.3
    endloop
  endfacet
  facet normal -0.0653198 -0.997864 0
    outer loop
      vertex 82 63.65 0
      vertex 82.2154 63.6359 2.3
      vertex 82 63.65 2.3
    endloop
  endfacet
  facet normal -0.0653198 -0.997864 -0
    outer loop
      vertex 82.2154 63.6359 2.3
      vertex 82 63.65 0
      vertex 82.2154 63.6359 0
    endloop
  endfacet
  facet normal 0.659488 0.751715 -0
    outer loop
      vertex 80.9955 60.691 0
      vertex 80.8333 60.8333 2.3
      vertex 80.9955 60.691 2.3
    endloop
  endfacet
  facet normal 0.659488 0.751715 0
    outer loop
      vertex 80.8333 60.8333 2.3
      vertex 80.9955 60.691 0
      vertex 80.8333 60.8333 0
    endloop
  endfacet
  facet normal 0.997864 0.0653198 0
    outer loop
      vertex 80.3641 61.7846 2.3
      vertex 80.35 62 0
      vertex 80.35 62 2.3
    endloop
  endfacet
  facet normal 0.997864 0.0653198 0
    outer loop
      vertex 80.35 62 0
      vertex 80.3641 61.7846 2.3
      vertex 80.3641 61.7846 0
    endloop
  endfacet
  facet normal 0.659488 -0.751715 0
    outer loop
      vertex 80.8333 63.1667 0
      vertex 80.9955 63.309 2.3
      vertex 80.8333 63.1667 2.3
    endloop
  endfacet
  facet normal 0.659488 -0.751715 0
    outer loop
      vertex 80.9955 63.309 2.3
      vertex 80.8333 63.1667 0
      vertex 80.9955 63.309 0
    endloop
  endfacet
  facet normal -0.751715 -0.659488 0
    outer loop
      vertex 83.309 63.0045 0
      vertex 83.1667 63.1667 2.3
      vertex 83.1667 63.1667 0
    endloop
  endfacet
  facet normal -0.751715 -0.659488 0
    outer loop
      vertex 83.1667 63.1667 2.3
      vertex 83.309 63.0045 0
      vertex 83.309 63.0045 2.3
    endloop
  endfacet
  facet normal -0.997864 0.0653198 0
    outer loop
      vertex 83.6359 61.7846 0
      vertex 83.65 62 2.3
      vertex 83.65 62 0
    endloop
  endfacet
  facet normal -0.997864 0.0653198 0
    outer loop
      vertex 83.65 62 2.3
      vertex 83.6359 61.7846 0
      vertex 83.6359 61.7846 2.3
    endloop
  endfacet
  facet normal -0.442389 -0.896823 0
    outer loop
      vertex 82.6314 63.5244 0
      vertex 82.825 63.4289 2.3
      vertex 82.6314 63.5244 2.3
    endloop
  endfacet
  facet normal -0.442389 -0.896823 -0
    outer loop
      vertex 82.825 63.4289 2.3
      vertex 82.6314 63.5244 0
      vertex 82.825 63.4289 0
    endloop
  endfacet
  facet normal -0.896823 0.442389 0
    outer loop
      vertex 83.4289 61.175 0
      vertex 83.5244 61.3686 2.3
      vertex 83.5244 61.3686 0
    endloop
  endfacet
  facet normal -0.896823 0.442389 0
    outer loop
      vertex 83.5244 61.3686 2.3
      vertex 83.4289 61.175 0
      vertex 83.4289 61.175 2.3
    endloop
  endfacet
  facet normal 0.321504 0.946908 -0
    outer loop
      vertex 81.573 60.4062 0
      vertex 81.3686 60.4756 2.3
      vertex 81.573 60.4062 2.3
    endloop
  endfacet
  facet normal 0.321504 0.946908 0
    outer loop
      vertex 81.3686 60.4756 2.3
      vertex 81.573 60.4062 0
      vertex 81.3686 60.4756 0
    endloop
  endfacet
  facet normal -0.831551 -0.555448 0
    outer loop
      vertex 83.4289 62.825 0
      vertex 83.309 63.0045 2.3
      vertex 83.309 63.0045 0
    endloop
  endfacet
  facet normal -0.831551 -0.555448 0
    outer loop
      vertex 83.309 63.0045 2.3
      vertex 83.4289 62.825 0
      vertex 83.4289 62.825 2.3
    endloop
  endfacet
  facet normal -0.896823 -0.442389 0
    outer loop
      vertex 83.5244 62.6314 0
      vertex 83.4289 62.825 2.3
      vertex 83.4289 62.825 0
    endloop
  endfacet
  facet normal -0.896823 -0.442389 0
    outer loop
      vertex 83.4289 62.825 2.3
      vertex 83.5244 62.6314 0
      vertex 83.5244 62.6314 2.3
    endloop
  endfacet
  facet normal 0.831551 0.555448 0
    outer loop
      vertex 80.691 60.9955 2.3
      vertex 80.5711 61.175 0
      vertex 80.5711 61.175 2.3
    endloop
  endfacet
  facet normal 0.831551 0.555448 0
    outer loop
      vertex 80.5711 61.175 0
      vertex 80.691 60.9955 2.3
      vertex 80.691 60.9955 0
    endloop
  endfacet
  facet normal -0.442389 0.896823 0
    outer loop
      vertex 82.825 60.5711 0
      vertex 82.6314 60.4756 2.3
      vertex 82.825 60.5711 2.3
    endloop
  endfacet
  facet normal -0.442389 0.896823 0
    outer loop
      vertex 82.6314 60.4756 2.3
      vertex 82.825 60.5711 0
      vertex 82.6314 60.4756 0
    endloop
  endfacet
  facet normal 0.442389 -0.896823 0
    outer loop
      vertex 81.175 63.4289 0
      vertex 81.3686 63.5244 2.3
      vertex 81.175 63.4289 2.3
    endloop
  endfacet
  facet normal 0.442389 -0.896823 0
    outer loop
      vertex 81.3686 63.5244 2.3
      vertex 81.175 63.4289 0
      vertex 81.3686 63.5244 0
    endloop
  endfacet
  facet normal 0.997864 -0.0653198 0
    outer loop
      vertex 80.35 62 2.3
      vertex 80.3641 62.2154 0
      vertex 80.3641 62.2154 2.3
    endloop
  endfacet
  facet normal 0.997864 -0.0653198 0
    outer loop
      vertex 80.3641 62.2154 0
      vertex 80.35 62 2.3
      vertex 80.35 62 0
    endloop
  endfacet
  facet normal -0.195136 -0.980776 0
    outer loop
      vertex 82.2154 63.6359 0
      vertex 82.427 63.5938 2.3
      vertex 82.2154 63.6359 2.3
    endloop
  endfacet
  facet normal -0.195136 -0.980776 -0
    outer loop
      vertex 82.427 63.5938 2.3
      vertex 82.2154 63.6359 0
      vertex 82.427 63.5938 0
    endloop
  endfacet
  facet normal 0.751715 -0.659488 0
    outer loop
      vertex 80.691 63.0045 2.3
      vertex 80.8333 63.1667 0
      vertex 80.8333 63.1667 2.3
    endloop
  endfacet
  facet normal 0.751715 -0.659488 0
    outer loop
      vertex 80.8333 63.1667 0
      vertex 80.691 63.0045 2.3
      vertex 80.691 63.0045 0
    endloop
  endfacet
  facet normal -0.94686 0.321645 0
    outer loop
      vertex 83.5244 61.3686 0
      vertex 83.5938 61.5729 2.3
      vertex 83.5938 61.5729 0
    endloop
  endfacet
  facet normal -0.94686 0.321645 0
    outer loop
      vertex 83.5938 61.5729 2.3
      vertex 83.5244 61.3686 0
      vertex 83.5244 61.3686 2.3
    endloop
  endfacet
  facet normal 0.980794 -0.195047 0
    outer loop
      vertex 80.3641 62.2154 2.3
      vertex 80.4062 62.4271 0
      vertex 80.4062 62.4271 2.3
    endloop
  endfacet
  facet normal 0.980794 -0.195047 0
    outer loop
      vertex 80.4062 62.4271 0
      vertex 80.3641 62.2154 2.3
      vertex 80.3641 62.2154 0
    endloop
  endfacet
  facet normal 0.442389 0.896823 -0
    outer loop
      vertex 81.3686 60.4756 0
      vertex 81.175 60.5711 2.3
      vertex 81.3686 60.4756 2.3
    endloop
  endfacet
  facet normal 0.442389 0.896823 0
    outer loop
      vertex 81.175 60.5711 2.3
      vertex 81.3686 60.4756 0
      vertex 81.175 60.5711 0
    endloop
  endfacet
  facet normal 0.555448 -0.831551 0
    outer loop
      vertex 80.9955 63.309 0
      vertex 81.175 63.4289 2.3
      vertex 80.9955 63.309 2.3
    endloop
  endfacet
  facet normal 0.555448 -0.831551 0
    outer loop
      vertex 81.175 63.4289 2.3
      vertex 80.9955 63.309 0
      vertex 81.175 63.4289 0
    endloop
  endfacet
  facet normal -0.659488 0.751715 0
    outer loop
      vertex 83.1667 60.8333 0
      vertex 83.0045 60.691 2.3
      vertex 83.1667 60.8333 2.3
    endloop
  endfacet
  facet normal -0.659488 0.751715 0
    outer loop
      vertex 83.0045 60.691 2.3
      vertex 83.1667 60.8333 0
      vertex 83.0045 60.691 0
    endloop
  endfacet
  facet normal 0.321504 -0.946908 0
    outer loop
      vertex 81.3686 63.5244 0
      vertex 81.573 63.5938 2.3
      vertex 81.3686 63.5244 2.3
    endloop
  endfacet
  facet normal 0.321504 -0.946908 0
    outer loop
      vertex 81.573 63.5938 2.3
      vertex 81.3686 63.5244 0
      vertex 81.573 63.5938 0
    endloop
  endfacet
  facet normal -0.831551 0.555448 0
    outer loop
      vertex 83.309 60.9955 0
      vertex 83.4289 61.175 2.3
      vertex 83.4289 61.175 0
    endloop
  endfacet
  facet normal -0.831551 0.555448 0
    outer loop
      vertex 83.4289 61.175 2.3
      vertex 83.309 60.9955 0
      vertex 83.309 60.9955 2.3
    endloop
  endfacet
  facet normal -0.555448 0.831551 0
    outer loop
      vertex 83.0045 60.691 0
      vertex 82.825 60.5711 2.3
      vertex 83.0045 60.691 2.3
    endloop
  endfacet
  facet normal -0.555448 0.831551 0
    outer loop
      vertex 82.825 60.5711 2.3
      vertex 83.0045 60.691 0
      vertex 82.825 60.5711 0
    endloop
  endfacet
  facet normal -0.751715 0.659488 0
    outer loop
      vertex 83.1667 60.8333 0
      vertex 83.309 60.9955 2.3
      vertex 83.309 60.9955 0
    endloop
  endfacet
  facet normal -0.751715 0.659488 0
    outer loop
      vertex 83.309 60.9955 2.3
      vertex 83.1667 60.8333 0
      vertex 83.1667 60.8333 2.3
    endloop
  endfacet
  facet normal -0.980794 0.195047 0
    outer loop
      vertex 83.5938 61.5729 0
      vertex 83.6359 61.7846 2.3
      vertex 83.6359 61.7846 0
    endloop
  endfacet
  facet normal -0.980794 0.195047 0
    outer loop
      vertex 83.6359 61.7846 2.3
      vertex 83.5938 61.5729 0
      vertex 83.5938 61.5729 2.3
    endloop
  endfacet
  facet normal 0.0653198 -0.997864 0
    outer loop
      vertex 81.7846 63.6359 0
      vertex 82 63.65 2.3
      vertex 81.7846 63.6359 2.3
    endloop
  endfacet
  facet normal 0.0653198 -0.997864 0
    outer loop
      vertex 82 63.65 2.3
      vertex 81.7846 63.6359 0
      vertex 82 63.65 0
    endloop
  endfacet
  facet normal 0.896823 0.442389 0
    outer loop
      vertex 80.5711 61.175 2.3
      vertex 80.4756 61.3686 0
      vertex 80.4756 61.3686 2.3
    endloop
  endfacet
  facet normal 0.896823 0.442389 0
    outer loop
      vertex 80.4756 61.3686 0
      vertex 80.5711 61.175 2.3
      vertex 80.5711 61.175 0
    endloop
  endfacet
  facet normal 0.896823 -0.442389 0
    outer loop
      vertex 80.4756 62.6314 2.3
      vertex 80.5711 62.825 0
      vertex 80.5711 62.825 2.3
    endloop
  endfacet
  facet normal 0.896823 -0.442389 0
    outer loop
      vertex 80.5711 62.825 0
      vertex 80.4756 62.6314 2.3
      vertex 80.4756 62.6314 0
    endloop
  endfacet
  facet normal -0.555448 -0.831551 0
    outer loop
      vertex 82.825 63.4289 0
      vertex 83.0045 63.309 2.3
      vertex 82.825 63.4289 2.3
    endloop
  endfacet
  facet normal -0.555448 -0.831551 -0
    outer loop
      vertex 83.0045 63.309 2.3
      vertex 82.825 63.4289 0
      vertex 83.0045 63.309 0
    endloop
  endfacet
  facet normal 0.980794 0.195047 0
    outer loop
      vertex 80.4062 61.5729 2.3
      vertex 80.3641 61.7846 0
      vertex 80.3641 61.7846 2.3
    endloop
  endfacet
  facet normal 0.980794 0.195047 0
    outer loop
      vertex 80.3641 61.7846 0
      vertex 80.4062 61.5729 2.3
      vertex 80.4062 61.5729 0
    endloop
  endfacet
  facet normal -0.321504 0.946908 0
    outer loop
      vertex 82.6314 60.4756 0
      vertex 82.427 60.4062 2.3
      vertex 82.6314 60.4756 2.3
    endloop
  endfacet
  facet normal -0.321504 0.946908 0
    outer loop
      vertex 82.427 60.4062 2.3
      vertex 82.6314 60.4756 0
      vertex 82.427 60.4062 0
    endloop
  endfacet
  facet normal -0.659488 -0.751715 0
    outer loop
      vertex 83.0045 63.309 0
      vertex 83.1667 63.1667 2.3
      vertex 83.0045 63.309 2.3
    endloop
  endfacet
  facet normal -0.659488 -0.751715 -0
    outer loop
      vertex 83.1667 63.1667 2.3
      vertex 83.0045 63.309 0
      vertex 83.1667 63.1667 0
    endloop
  endfacet
  facet normal -0.195136 0.980776 0
    outer loop
      vertex 82.427 60.4062 0
      vertex 82.2154 60.3641 2.3
      vertex 82.427 60.4062 2.3
    endloop
  endfacet
  facet normal -0.195136 0.980776 0
    outer loop
      vertex 82.2154 60.3641 2.3
      vertex 82.427 60.4062 0
      vertex 82.2154 60.3641 0
    endloop
  endfacet
  facet normal 0.94686 -0.321645 0
    outer loop
      vertex 80.4062 62.4271 2.3
      vertex 80.4756 62.6314 0
      vertex 80.4756 62.6314 2.3
    endloop
  endfacet
  facet normal 0.94686 -0.321645 0
    outer loop
      vertex 80.4756 62.6314 0
      vertex 80.4062 62.4271 2.3
      vertex 80.4062 62.4271 0
    endloop
  endfacet
  facet normal 0.195136 -0.980776 0
    outer loop
      vertex 81.573 63.5938 0
      vertex 81.7846 63.6359 2.3
      vertex 81.573 63.5938 2.3
    endloop
  endfacet
  facet normal 0.195136 -0.980776 0
    outer loop
      vertex 81.7846 63.6359 2.3
      vertex 81.573 63.5938 0
      vertex 81.7846 63.6359 0
    endloop
  endfacet
  facet normal 0.0653198 0.997864 -0
    outer loop
      vertex 82 60.35 0
      vertex 81.7846 60.3641 2.3
      vertex 82 60.35 2.3
    endloop
  endfacet
  facet normal 0.0653198 0.997864 0
    outer loop
      vertex 81.7846 60.3641 2.3
      vertex 82 60.35 0
      vertex 81.7846 60.3641 0
    endloop
  endfacet
  facet normal 0.94686 0.321645 0
    outer loop
      vertex 80.4756 61.3686 2.3
      vertex 80.4062 61.5729 0
      vertex 80.4062 61.5729 2.3
    endloop
  endfacet
  facet normal 0.94686 0.321645 0
    outer loop
      vertex 80.4062 61.5729 0
      vertex 80.4756 61.3686 2.3
      vertex 80.4756 61.3686 0
    endloop
  endfacet
  facet normal 0.751715 0.659488 0
    outer loop
      vertex 80.8333 60.8333 2.3
      vertex 80.691 60.9955 0
      vertex 80.691 60.9955 2.3
    endloop
  endfacet
  facet normal 0.751715 0.659488 0
    outer loop
      vertex 80.691 60.9955 0
      vertex 80.8333 60.8333 2.3
      vertex 80.8333 60.8333 0
    endloop
  endfacet
  facet normal 0.195136 0.980776 -0
    outer loop
      vertex 81.7846 60.3641 0
      vertex 81.573 60.4062 2.3
      vertex 81.7846 60.3641 2.3
    endloop
  endfacet
  facet normal 0.195136 0.980776 0
    outer loop
      vertex 81.573 60.4062 2.3
      vertex 81.7846 60.3641 0
      vertex 81.573 60.4062 0
    endloop
  endfacet
  facet normal 0.555448 0.831551 -0
    outer loop
      vertex 81.175 60.5711 0
      vertex 80.9955 60.691 2.3
      vertex 81.175 60.5711 2.3
    endloop
  endfacet
  facet normal 0.555448 0.831551 0
    outer loop
      vertex 80.9955 60.691 2.3
      vertex 81.175 60.5711 0
      vertex 80.9955 60.691 0
    endloop
  endfacet
  facet normal -0.321504 -0.946908 0
    outer loop
      vertex 82.427 63.5938 0
      vertex 82.6314 63.5244 2.3
      vertex 82.427 63.5938 2.3
    endloop
  endfacet
  facet normal -0.321504 -0.946908 -0
    outer loop
      vertex 82.6314 63.5244 2.3
      vertex 82.427 63.5938 0
      vertex 82.6314 63.5244 0
    endloop
  endfacet
  facet normal 0.831551 -0.555448 0
    outer loop
      vertex 80.5711 62.825 2.3
      vertex 80.691 63.0045 0
      vertex 80.691 63.0045 2.3
    endloop
  endfacet
  facet normal 0.831551 -0.555448 0
    outer loop
      vertex 80.691 63.0045 0
      vertex 80.5711 62.825 2.3
      vertex 80.5711 62.825 0
    endloop
  endfacet
  facet normal 0.896928 0.442176 0
    outer loop
      vertex 79.3153 60.45 4
      vertex 79.136 60.8137 2.3
      vertex 79.136 60.8137 4
    endloop
  endfacet
  facet normal 0.896928 0.442176 0
    outer loop
      vertex 79.136 60.8137 2.3
      vertex 79.3153 60.45 4
      vertex 79.3153 60.45 2.3
    endloop
  endfacet
  facet normal -0.442176 0.896928 0
    outer loop
      vertex 83.55 59.3153 2.3
      vertex 83.1863 59.136 4
      vertex 83.55 59.3153 4
    endloop
  endfacet
  facet normal -0.442176 0.896928 0
    outer loop
      vertex 83.1863 59.136 4
      vertex 83.55 59.3153 2.3
      vertex 83.1863 59.136 2.3
    endloop
  endfacet
  facet normal -0.980789 -0.195073 0
    outer loop
      vertex 85.0735 62.4046 2.3
      vertex 84.9944 62.8023 4
      vertex 84.9944 62.8023 2.3
    endloop
  endfacet
  facet normal -0.980789 -0.195073 0
    outer loop
      vertex 84.9944 62.8023 4
      vertex 85.0735 62.4046 2.3
      vertex 85.0735 62.4046 4
    endloop
  endfacet
  facet normal -0.997862 -0.0653568 0
    outer loop
      vertex 85.1 62 2.3
      vertex 85.0735 62.4046 4
      vertex 85.0735 62.4046 2.3
    endloop
  endfacet
  facet normal -0.997862 -0.0653568 0
    outer loop
      vertex 85.0735 62.4046 4
      vertex 85.1 62 2.3
      vertex 85.1 62 4
    endloop
  endfacet
  facet normal -0.946893 -0.321549 0
    outer loop
      vertex 84.9944 62.8023 2.3
      vertex 84.864 63.1863 4
      vertex 84.864 63.1863 2.3
    endloop
  endfacet
  facet normal -0.946893 -0.321549 0
    outer loop
      vertex 84.864 63.1863 4
      vertex 84.9944 62.8023 2.3
      vertex 84.9944 62.8023 4
    endloop
  endfacet
  facet normal -0.751721 0.659482 0
    outer loop
      vertex 84.192 59.808 2.3
      vertex 84.4594 60.1128 4
      vertex 84.4594 60.1128 2.3
    endloop
  endfacet
  facet normal -0.751721 0.659482 0
    outer loop
      vertex 84.4594 60.1128 4
      vertex 84.192 59.808 2.3
      vertex 84.192 59.808 4
    endloop
  endfacet
  facet normal -0.321549 -0.946893 0
    outer loop
      vertex 82.8023 64.9944 2.3
      vertex 83.1863 64.864 4
      vertex 82.8023 64.9944 4
    endloop
  endfacet
  facet normal -0.321549 -0.946893 -0
    outer loop
      vertex 83.1863 64.864 4
      vertex 82.8023 64.9944 2.3
      vertex 83.1863 64.864 2.3
    endloop
  endfacet
  facet normal -0.555553 -0.831481 0
    outer loop
      vertex 83.55 64.6847 2.3
      vertex 83.8872 64.4594 4
      vertex 83.55 64.6847 4
    endloop
  endfacet
  facet normal -0.555553 -0.831481 -0
    outer loop
      vertex 83.8872 64.4594 4
      vertex 83.55 64.6847 2.3
      vertex 83.8872 64.4594 2.3
    endloop
  endfacet
  facet normal -0.896928 0.442176 0
    outer loop
      vertex 84.6847 60.45 2.3
      vertex 84.864 60.8137 4
      vertex 84.864 60.8137 2.3
    endloop
  endfacet
  facet normal -0.896928 0.442176 0
    outer loop
      vertex 84.864 60.8137 4
      vertex 84.6847 60.45 2.3
      vertex 84.6847 60.45 4
    endloop
  endfacet
  facet normal -0.321549 0.946893 0
    outer loop
      vertex 83.1863 59.136 2.3
      vertex 82.8023 59.0056 4
      vertex 83.1863 59.136 4
    endloop
  endfacet
  facet normal -0.321549 0.946893 0
    outer loop
      vertex 82.8023 59.0056 4
      vertex 83.1863 59.136 2.3
      vertex 82.8023 59.0056 2.3
    endloop
  endfacet
  facet normal -0.896928 -0.442176 0
    outer loop
      vertex 84.864 63.1863 2.3
      vertex 84.6847 63.55 4
      vertex 84.6847 63.55 2.3
    endloop
  endfacet
  facet normal -0.896928 -0.442176 0
    outer loop
      vertex 84.6847 63.55 4
      vertex 84.864 63.1863 2.3
      vertex 84.864 63.1863 4
    endloop
  endfacet
  facet normal 0.195073 -0.980789 0
    outer loop
      vertex 81.1977 64.9944 2.3
      vertex 81.5954 65.0735 4
      vertex 81.1977 64.9944 4
    endloop
  endfacet
  facet normal 0.195073 -0.980789 0
    outer loop
      vertex 81.5954 65.0735 4
      vertex 81.1977 64.9944 2.3
      vertex 81.5954 65.0735 2.3
    endloop
  endfacet
  facet normal 0.0653568 0.997862 -0
    outer loop
      vertex 82 58.9 2.3
      vertex 81.5954 58.9265 4
      vertex 82 58.9 4
    endloop
  endfacet
  facet normal 0.0653568 0.997862 0
    outer loop
      vertex 81.5954 58.9265 4
      vertex 82 58.9 2.3
      vertex 81.5954 58.9265 2.3
    endloop
  endfacet
  facet normal 0.555553 -0.831481 0
    outer loop
      vertex 80.1128 64.4594 2.3
      vertex 80.45 64.6847 4
      vertex 80.1128 64.4594 4
    endloop
  endfacet
  facet normal 0.555553 -0.831481 0
    outer loop
      vertex 80.45 64.6847 4
      vertex 80.1128 64.4594 2.3
      vertex 80.45 64.6847 2.3
    endloop
  endfacet
  facet normal 0.321549 0.946893 -0
    outer loop
      vertex 81.1977 59.0056 2.3
      vertex 80.8137 59.136 4
      vertex 81.1977 59.0056 4
    endloop
  endfacet
  facet normal 0.321549 0.946893 0
    outer loop
      vertex 80.8137 59.136 4
      vertex 81.1977 59.0056 2.3
      vertex 80.8137 59.136 2.3
    endloop
  endfacet
  facet normal -0.946893 0.321549 0
    outer loop
      vertex 84.864 60.8137 2.3
      vertex 84.9944 61.1977 4
      vertex 84.9944 61.1977 2.3
    endloop
  endfacet
  facet normal -0.946893 0.321549 0
    outer loop
      vertex 84.9944 61.1977 4
      vertex 84.864 60.8137 2.3
      vertex 84.864 60.8137 4
    endloop
  endfacet
  facet normal 0.831481 0.555553 0
    outer loop
      vertex 79.5406 60.1128 4
      vertex 79.3153 60.45 2.3
      vertex 79.3153 60.45 4
    endloop
  endfacet
  facet normal 0.831481 0.555553 0
    outer loop
      vertex 79.3153 60.45 2.3
      vertex 79.5406 60.1128 4
      vertex 79.5406 60.1128 2.3
    endloop
  endfacet
  facet normal 0.659482 0.751721 -0
    outer loop
      vertex 80.1128 59.5406 2.3
      vertex 79.808 59.808 4
      vertex 80.1128 59.5406 4
    endloop
  endfacet
  facet normal 0.659482 0.751721 0
    outer loop
      vertex 79.808 59.808 4
      vertex 80.1128 59.5406 2.3
      vertex 79.808 59.808 2.3
    endloop
  endfacet
  facet normal 0.659482 -0.751721 0
    outer loop
      vertex 79.808 64.192 2.3
      vertex 80.1128 64.4594 4
      vertex 79.808 64.192 4
    endloop
  endfacet
  facet normal 0.659482 -0.751721 0
    outer loop
      vertex 80.1128 64.4594 4
      vertex 79.808 64.192 2.3
      vertex 80.1128 64.4594 2.3
    endloop
  endfacet
  facet normal 0.946893 -0.321549 0
    outer loop
      vertex 79.0056 62.8023 4
      vertex 79.136 63.1863 2.3
      vertex 79.136 63.1863 4
    endloop
  endfacet
  facet normal 0.946893 -0.321549 0
    outer loop
      vertex 79.136 63.1863 2.3
      vertex 79.0056 62.8023 4
      vertex 79.0056 62.8023 2.3
    endloop
  endfacet
  facet normal 0.442176 -0.896928 0
    outer loop
      vertex 80.45 64.6847 2.3
      vertex 80.8137 64.864 4
      vertex 80.45 64.6847 4
    endloop
  endfacet
  facet normal 0.442176 -0.896928 0
    outer loop
      vertex 80.8137 64.864 4
      vertex 80.45 64.6847 2.3
      vertex 80.8137 64.864 2.3
    endloop
  endfacet
  facet normal 0.980789 -0.195073 0
    outer loop
      vertex 78.9265 62.4046 4
      vertex 79.0056 62.8023 2.3
      vertex 79.0056 62.8023 4
    endloop
  endfacet
  facet normal 0.980789 -0.195073 0
    outer loop
      vertex 79.0056 62.8023 2.3
      vertex 78.9265 62.4046 4
      vertex 78.9265 62.4046 2.3
    endloop
  endfacet
  facet normal 0.321549 -0.946893 0
    outer loop
      vertex 80.8137 64.864 2.3
      vertex 81.1977 64.9944 4
      vertex 80.8137 64.864 4
    endloop
  endfacet
  facet normal 0.321549 -0.946893 0
    outer loop
      vertex 81.1977 64.9944 4
      vertex 80.8137 64.864 2.3
      vertex 81.1977 64.9944 2.3
    endloop
  endfacet
  facet normal -0.659482 0.751721 0
    outer loop
      vertex 84.192 59.808 2.3
      vertex 83.8872 59.5406 4
      vertex 84.192 59.808 4
    endloop
  endfacet
  facet normal -0.659482 0.751721 0
    outer loop
      vertex 83.8872 59.5406 4
      vertex 84.192 59.808 2.3
      vertex 83.8872 59.5406 2.3
    endloop
  endfacet
  facet normal -0.0653568 -0.997862 0
    outer loop
      vertex 82 65.1 2.3
      vertex 82.4046 65.0735 4
      vertex 82 65.1 4
    endloop
  endfacet
  facet normal -0.0653568 -0.997862 -0
    outer loop
      vertex 82.4046 65.0735 4
      vertex 82 65.1 2.3
      vertex 82.4046 65.0735 2.3
    endloop
  endfacet
  facet normal -0.831481 -0.555553 0
    outer loop
      vertex 84.6847 63.55 2.3
      vertex 84.4594 63.8872 4
      vertex 84.4594 63.8872 2.3
    endloop
  endfacet
  facet normal -0.831481 -0.555553 0
    outer loop
      vertex 84.4594 63.8872 4
      vertex 84.6847 63.55 2.3
      vertex 84.6847 63.55 4
    endloop
  endfacet
  facet normal -0.195073 0.980789 0
    outer loop
      vertex 82.8023 59.0056 2.3
      vertex 82.4046 58.9265 4
      vertex 82.8023 59.0056 4
    endloop
  endfacet
  facet normal -0.195073 0.980789 0
    outer loop
      vertex 82.4046 58.9265 4
      vertex 82.8023 59.0056 2.3
      vertex 82.4046 58.9265 2.3
    endloop
  endfacet
  facet normal 0.980789 0.195073 0
    outer loop
      vertex 79.0056 61.1977 4
      vertex 78.9265 61.5954 2.3
      vertex 78.9265 61.5954 4
    endloop
  endfacet
  facet normal 0.980789 0.195073 0
    outer loop
      vertex 78.9265 61.5954 2.3
      vertex 79.0056 61.1977 4
      vertex 79.0056 61.1977 2.3
    endloop
  endfacet
  facet normal 0.751721 -0.659482 0
    outer loop
      vertex 79.5406 63.8872 4
      vertex 79.808 64.192 2.3
      vertex 79.808 64.192 4
    endloop
  endfacet
  facet normal 0.751721 -0.659482 0
    outer loop
      vertex 79.808 64.192 2.3
      vertex 79.5406 63.8872 4
      vertex 79.5406 63.8872 2.3
    endloop
  endfacet
  facet normal -0.659482 -0.751721 0
    outer loop
      vertex 83.8872 64.4594 2.3
      vertex 84.192 64.192 4
      vertex 83.8872 64.4594 4
    endloop
  endfacet
  facet normal -0.659482 -0.751721 -0
    outer loop
      vertex 84.192 64.192 4
      vertex 83.8872 64.4594 2.3
      vertex 84.192 64.192 2.3
    endloop
  endfacet
  facet normal -0.997862 0.0653568 0
    outer loop
      vertex 85.0735 61.5954 2.3
      vertex 85.1 62 4
      vertex 85.1 62 2.3
    endloop
  endfacet
  facet normal -0.997862 0.0653568 0
    outer loop
      vertex 85.1 62 4
      vertex 85.0735 61.5954 2.3
      vertex 85.0735 61.5954 4
    endloop
  endfacet
  facet normal -0.980789 0.195073 0
    outer loop
      vertex 84.9944 61.1977 2.3
      vertex 85.0735 61.5954 4
      vertex 85.0735 61.5954 2.3
    endloop
  endfacet
  facet normal -0.980789 0.195073 0
    outer loop
      vertex 85.0735 61.5954 4
      vertex 84.9944 61.1977 2.3
      vertex 84.9944 61.1977 4
    endloop
  endfacet
  facet normal -0.555553 0.831481 0
    outer loop
      vertex 83.8872 59.5406 2.3
      vertex 83.55 59.3153 4
      vertex 83.8872 59.5406 4
    endloop
  endfacet
  facet normal -0.555553 0.831481 0
    outer loop
      vertex 83.55 59.3153 4
      vertex 83.8872 59.5406 2.3
      vertex 83.55 59.3153 2.3
    endloop
  endfacet
  facet normal -0.195073 -0.980789 0
    outer loop
      vertex 82.4046 65.0735 2.3
      vertex 82.8023 64.9944 4
      vertex 82.4046 65.0735 4
    endloop
  endfacet
  facet normal -0.195073 -0.980789 -0
    outer loop
      vertex 82.8023 64.9944 4
      vertex 82.4046 65.0735 2.3
      vertex 82.8023 64.9944 2.3
    endloop
  endfacet
  facet normal -0.751721 -0.659482 0
    outer loop
      vertex 84.4594 63.8872 2.3
      vertex 84.192 64.192 4
      vertex 84.192 64.192 2.3
    endloop
  endfacet
  facet normal -0.751721 -0.659482 0
    outer loop
      vertex 84.192 64.192 4
      vertex 84.4594 63.8872 2.3
      vertex 84.4594 63.8872 4
    endloop
  endfacet
  facet normal -0.442176 -0.896928 0
    outer loop
      vertex 83.1863 64.864 2.3
      vertex 83.55 64.6847 4
      vertex 83.1863 64.864 4
    endloop
  endfacet
  facet normal -0.442176 -0.896928 -0
    outer loop
      vertex 83.55 64.6847 4
      vertex 83.1863 64.864 2.3
      vertex 83.55 64.6847 2.3
    endloop
  endfacet
  facet normal 0.997862 0.0653568 0
    outer loop
      vertex 78.9265 61.5954 4
      vertex 78.9 62 2.3
      vertex 78.9 62 4
    endloop
  endfacet
  facet normal 0.997862 0.0653568 0
    outer loop
      vertex 78.9 62 2.3
      vertex 78.9265 61.5954 4
      vertex 78.9265 61.5954 2.3
    endloop
  endfacet
  facet normal -0.831481 0.555553 0
    outer loop
      vertex 84.4594 60.1128 2.3
      vertex 84.6847 60.45 4
      vertex 84.6847 60.45 2.3
    endloop
  endfacet
  facet normal -0.831481 0.555553 0
    outer loop
      vertex 84.6847 60.45 4
      vertex 84.4594 60.1128 2.3
      vertex 84.4594 60.1128 4
    endloop
  endfacet
  facet normal 0.751721 0.659482 0
    outer loop
      vertex 79.808 59.808 4
      vertex 79.5406 60.1128 2.3
      vertex 79.5406 60.1128 4
    endloop
  endfacet
  facet normal 0.751721 0.659482 0
    outer loop
      vertex 79.5406 60.1128 2.3
      vertex 79.808 59.808 4
      vertex 79.808 59.808 2.3
    endloop
  endfacet
  facet normal 0.997862 -0.0653568 0
    outer loop
      vertex 78.9 62 4
      vertex 78.9265 62.4046 2.3
      vertex 78.9265 62.4046 4
    endloop
  endfacet
  facet normal 0.997862 -0.0653568 0
    outer loop
      vertex 78.9265 62.4046 2.3
      vertex 78.9 62 4
      vertex 78.9 62 2.3
    endloop
  endfacet
  facet normal 0.442176 0.896928 -0
    outer loop
      vertex 80.8137 59.136 2.3
      vertex 80.45 59.3153 4
      vertex 80.8137 59.136 4
    endloop
  endfacet
  facet normal 0.442176 0.896928 0
    outer loop
      vertex 80.45 59.3153 4
      vertex 80.8137 59.136 2.3
      vertex 80.45 59.3153 2.3
    endloop
  endfacet
  facet normal 0.946893 0.321549 0
    outer loop
      vertex 79.136 60.8137 4
      vertex 79.0056 61.1977 2.3
      vertex 79.0056 61.1977 4
    endloop
  endfacet
  facet normal 0.946893 0.321549 0
    outer loop
      vertex 79.0056 61.1977 2.3
      vertex 79.136 60.8137 4
      vertex 79.136 60.8137 2.3
    endloop
  endfacet
  facet normal 0.195073 0.980789 -0
    outer loop
      vertex 81.5954 58.9265 2.3
      vertex 81.1977 59.0056 4
      vertex 81.5954 58.9265 4
    endloop
  endfacet
  facet normal 0.195073 0.980789 0
    outer loop
      vertex 81.1977 59.0056 4
      vertex 81.5954 58.9265 2.3
      vertex 81.1977 59.0056 2.3
    endloop
  endfacet
  facet normal -0.0653568 0.997862 0
    outer loop
      vertex 82.4046 58.9265 2.3
      vertex 82 58.9 4
      vertex 82.4046 58.9265 4
    endloop
  endfacet
  facet normal -0.0653568 0.997862 0
    outer loop
      vertex 82 58.9 4
      vertex 82.4046 58.9265 2.3
      vertex 82 58.9 2.3
    endloop
  endfacet
  facet normal 0.0653568 -0.997862 0
    outer loop
      vertex 81.5954 65.0735 2.3
      vertex 82 65.1 4
      vertex 81.5954 65.0735 4
    endloop
  endfacet
  facet normal 0.0653568 -0.997862 0
    outer loop
      vertex 82 65.1 4
      vertex 81.5954 65.0735 2.3
      vertex 82 65.1 2.3
    endloop
  endfacet
  facet normal 0 0 1
    outer loop
      vertex 83.65 62 2.3
      vertex 85.1 62 2.3
      vertex 85.0735 62.4046 2.3
    endloop
  endfacet
  facet normal 0 0 1
    outer loop
      vertex 83.6359 62.2154 2.3
      vertex 85.0735 62.4046 2.3
      vertex 84.9944 62.8023 2.3
    endloop
  endfacet
  facet normal 0 0 1
    outer loop
      vertex 85.1 62 2.3
      vertex 83.65 62 2.3
      vertex 85.0735 61.5954 2.3
    endloop
  endfacet
  facet normal 0 0 1
    outer loop
      vertex 83.5938 62.4271 2.3
      vertex 84.9944 62.8023 2.3
      vertex 84.864 63.1863 2.3
    endloop
  endfacet
  facet normal -0 0 1
    outer loop
      vertex 83.6359 61.7846 2.3
      vertex 85.0735 61.5954 2.3
      vertex 83.65 62 2.3
    endloop
  endfacet
  facet normal 0 0 1
    outer loop
      vertex 83.5244 62.6314 2.3
      vertex 84.864 63.1863 2.3
      vertex 84.6847 63.55 2.3
    endloop
  endfacet
  facet normal 0 0 1
    outer loop
      vertex 85.0735 61.5954 2.3
      vertex 83.6359 61.7846 2.3
      vertex 84.9944 61.1977 2.3
    endloop
  endfacet
  facet normal 0 0 1
    outer loop
      vertex 83.4289 62.825 2.3
      vertex 84.6847 63.55 2.3
      vertex 84.4594 63.8872 2.3
    endloop
  endfacet
  facet normal -0 0 1
    outer loop
      vertex 83.5938 61.5729 2.3
      vertex 84.9944 61.1977 2.3
      vertex 83.6359 61.7846 2.3
    endloop
  endfacet
  facet normal 0 0 1
    outer loop
      vertex 83.309 63.0045 2.3
      vertex 84.4594 63.8872 2.3
      vertex 84.192 64.192 2.3
    endloop
  endfacet
  facet normal 0 0 1
    outer loop
      vertex 84.9944 61.1977 2.3
      vertex 83.5938 61.5729 2.3
      vertex 84.864 60.8137 2.3
    endloop
  endfacet
  facet normal 0 0 1
    outer loop
      vertex 83.1667 63.1667 2.3
      vertex 84.192 64.192 2.3
      vertex 83.8872 64.4594 2.3
    endloop
  endfacet
  facet normal -0 0 1
    outer loop
      vertex 83.5244 61.3686 2.3
      vertex 84.864 60.8137 2.3
      vertex 83.5938 61.5729 2.3
    endloop
  endfacet
  facet normal 0 0 1
    outer loop
      vertex 84.864 60.8137 2.3
      vertex 83.5244 61.3686 2.3
      vertex 84.6847 60.45 2.3
    endloop
  endfacet
  facet normal 0 0 1
    outer loop
      vertex 85.0735 62.4046 2.3
      vertex 83.6359 62.2154 2.3
      vertex 83.65 62 2.3
    endloop
  endfacet
  facet normal 0 0 1
    outer loop
      vertex 84.9944 62.8023 2.3
      vertex 83.5938 62.4271 2.3
      vertex 83.6359 62.2154 2.3
    endloop
  endfacet
  facet normal 0 0 1
    outer loop
      vertex 83.0045 63.309 2.3
      vertex 83.8872 64.4594 2.3
      vertex 83.55 64.6847 2.3
    endloop
  endfacet
  facet normal 0 0 1
    outer loop
      vertex 84.864 63.1863 2.3
      vertex 83.5244 62.6314 2.3
      vertex 83.5938 62.4271 2.3
    endloop
  endfacet
  facet normal 0 0 1
    outer loop
      vertex 84.6847 63.55 2.3
      vertex 83.4289 62.825 2.3
      vertex 83.5244 62.6314 2.3
    endloop
  endfacet
  facet normal 0 0 1
    outer loop
      vertex 84.4594 63.8872 2.3
      vertex 83.309 63.0045 2.3
      vertex 83.4289 62.825 2.3
    endloop
  endfacet
  facet normal 0 0 1
    outer loop
      vertex 82.825 63.4289 2.3
      vertex 83.55 64.6847 2.3
      vertex 83.1863 64.864 2.3
    endloop
  endfacet
  facet normal 0 0 1
    outer loop
      vertex 84.192 64.192 2.3
      vertex 83.1667 63.1667 2.3
      vertex 83.309 63.0045 2.3
    endloop
  endfacet
  facet normal 0 0 1
    outer loop
      vertex 83.8872 64.4594 2.3
      vertex 83.0045 63.309 2.3
      vertex 83.1667 63.1667 2.3
    endloop
  endfacet
  facet normal 0 0 1
    outer loop
      vertex 83.55 64.6847 2.3
      vertex 82.825 63.4289 2.3
      vertex 83.0045 63.309 2.3
    endloop
  endfacet
  facet normal 0 0 1
    outer loop
      vertex 82.6314 63.5244 2.3
      vertex 83.1863 64.864 2.3
      vertex 82.8023 64.9944 2.3
    endloop
  endfacet
  facet normal 0 0 1
    outer loop
      vertex 83.1863 64.864 2.3
      vertex 82.6314 63.5244 2.3
      vertex 82.825 63.4289 2.3
    endloop
  endfacet
  facet normal 0 0 1
    outer loop
      vertex 82.8023 64.9944 2.3
      vertex 82.427 63.5938 2.3
      vertex 82.6314 63.5244 2.3
    endloop
  endfacet
  facet normal 0 0 1
    outer loop
      vertex 82.4046 65.0735 2.3
      vertex 82.427 63.5938 2.3
      vertex 82.8023 64.9944 2.3
    endloop
  endfacet
  facet normal 0 0 1
    outer loop
      vertex 82.4046 65.0735 2.3
      vertex 82.2154 63.6359 2.3
      vertex 82.427 63.5938 2.3
    endloop
  endfacet
  facet normal 0 0 1
    outer loop
      vertex 82 65.1 2.3
      vertex 82.2154 63.6359 2.3
      vertex 82.4046 65.0735 2.3
    endloop
  endfacet
  facet normal 0 0 1
    outer loop
      vertex 82 65.1 2.3
      vertex 82 63.65 2.3
      vertex 82.2154 63.6359 2.3
    endloop
  endfacet
  facet normal 0 0 1
    outer loop
      vertex 82 65.1 2.3
      vertex 81.7846 63.6359 2.3
      vertex 82 63.65 2.3
    endloop
  endfacet
  facet normal -0 0 1
    outer loop
      vertex 81.5954 65.0735 2.3
      vertex 81.7846 63.6359 2.3
      vertex 82 65.1 2.3
    endloop
  endfacet
  facet normal 0 0 1
    outer loop
      vertex 81.5954 65.0735 2.3
      vertex 81.573 63.5938 2.3
      vertex 81.7846 63.6359 2.3
    endloop
  endfacet
  facet normal -0 0 1
    outer loop
      vertex 81.1977 64.9944 2.3
      vertex 81.573 63.5938 2.3
      vertex 81.5954 65.0735 2.3
    endloop
  endfacet
  facet normal 0 0 1
    outer loop
      vertex 81.573 63.5938 2.3
      vertex 81.1977 64.9944 2.3
      vertex 81.3686 63.5244 2.3
    endloop
  endfacet
  facet normal -0 0 1
    outer loop
      vertex 80.8137 64.864 2.3
      vertex 81.3686 63.5244 2.3
      vertex 81.1977 64.9944 2.3
    endloop
  endfacet
  facet normal 0 0 1
    outer loop
      vertex 81.3686 63.5244 2.3
      vertex 80.8137 64.864 2.3
      vertex 81.175 63.4289 2.3
    endloop
  endfacet
  facet normal -0 0 1
    outer loop
      vertex 80.45 64.6847 2.3
      vertex 81.175 63.4289 2.3
      vertex 80.8137 64.864 2.3
    endloop
  endfacet
  facet normal 0 0 1
    outer loop
      vertex 81.175 63.4289 2.3
      vertex 80.45 64.6847 2.3
      vertex 80.9955 63.309 2.3
    endloop
  endfacet
  facet normal -0 0 1
    outer loop
      vertex 80.1128 64.4594 2.3
      vertex 80.9955 63.309 2.3
      vertex 80.45 64.6847 2.3
    endloop
  endfacet
  facet normal 0 0 1
    outer loop
      vertex 80.9955 63.309 2.3
      vertex 80.1128 64.4594 2.3
      vertex 80.8333 63.1667 2.3
    endloop
  endfacet
  facet normal -0 0 1
    outer loop
      vertex 79.808 64.192 2.3
      vertex 80.8333 63.1667 2.3
      vertex 80.1128 64.4594 2.3
    endloop
  endfacet
  facet normal 0 0 1
    outer loop
      vertex 80.8333 63.1667 2.3
      vertex 79.808 64.192 2.3
      vertex 80.691 63.0045 2.3
    endloop
  endfacet
  facet normal -0 0 1
    outer loop
      vertex 79.5406 63.8872 2.3
      vertex 80.691 63.0045 2.3
      vertex 79.808 64.192 2.3
    endloop
  endfacet
  facet normal 0 0 1
    outer loop
      vertex 80.691 63.0045 2.3
      vertex 79.5406 63.8872 2.3
      vertex 80.5711 62.825 2.3
    endloop
  endfacet
  facet normal -0 0 1
    outer loop
      vertex 79.3153 63.55 2.3
      vertex 80.5711 62.825 2.3
      vertex 79.5406 63.8872 2.3
    endloop
  endfacet
  facet normal 0 0 1
    outer loop
      vertex 80.5711 62.825 2.3
      vertex 79.3153 63.55 2.3
      vertex 80.4756 62.6314 2.3
    endloop
  endfacet
  facet normal -0 0 1
    outer loop
      vertex 83.4289 61.175 2.3
      vertex 84.6847 60.45 2.3
      vertex 83.5244 61.3686 2.3
    endloop
  endfacet
  facet normal 0 0 1
    outer loop
      vertex 84.6847 60.45 2.3
      vertex 83.4289 61.175 2.3
      vertex 84.4594 60.1128 2.3
    endloop
  endfacet
  facet normal -0 0 1
    outer loop
      vertex 83.309 60.9955 2.3
      vertex 84.4594 60.1128 2.3
      vertex 83.4289 61.175 2.3
    endloop
  endfacet
  facet normal 0 0 1
    outer loop
      vertex 84.4594 60.1128 2.3
      vertex 83.309 60.9955 2.3
      vertex 84.192 59.808 2.3
    endloop
  endfacet
  facet normal -0 0 1
    outer loop
      vertex 83.1667 60.8333 2.3
      vertex 84.192 59.808 2.3
      vertex 83.309 60.9955 2.3
    endloop
  endfacet
  facet normal 0 0 1
    outer loop
      vertex 84.192 59.808 2.3
      vertex 83.1667 60.8333 2.3
      vertex 83.8872 59.5406 2.3
    endloop
  endfacet
  facet normal -0 0 1
    outer loop
      vertex 83.0045 60.691 2.3
      vertex 83.8872 59.5406 2.3
      vertex 83.1667 60.8333 2.3
    endloop
  endfacet
  facet normal 0 0 1
    outer loop
      vertex 83.8872 59.5406 2.3
      vertex 83.0045 60.691 2.3
      vertex 83.55 59.3153 2.3
    endloop
  endfacet
  facet normal -0 0 1
    outer loop
      vertex 82.825 60.5711 2.3
      vertex 83.55 59.3153 2.3
      vertex 83.0045 60.691 2.3
    endloop
  endfacet
  facet normal 0 0 1
    outer loop
      vertex 83.55 59.3153 2.3
      vertex 82.825 60.5711 2.3
      vertex 83.1863 59.136 2.3
    endloop
  endfacet
  facet normal -0 0 1
    outer loop
      vertex 82.6314 60.4756 2.3
      vertex 83.1863 59.136 2.3
      vertex 82.825 60.5711 2.3
    endloop
  endfacet
  facet normal 0 0 1
    outer loop
      vertex 83.1863 59.136 2.3
      vertex 82.6314 60.4756 2.3
      vertex 82.8023 59.0056 2.3
    endloop
  endfacet
  facet normal -0 0 1
    outer loop
      vertex 82.427 60.4062 2.3
      vertex 82.8023 59.0056 2.3
      vertex 82.6314 60.4756 2.3
    endloop
  endfacet
  facet normal 0 0 1
    outer loop
      vertex 82.427 60.4062 2.3
      vertex 82.4046 58.9265 2.3
      vertex 82.8023 59.0056 2.3
    endloop
  endfacet
  facet normal -0 0 1
    outer loop
      vertex 82.2154 60.3641 2.3
      vertex 82.4046 58.9265 2.3
      vertex 82.427 60.4062 2.3
    endloop
  endfacet
  facet normal -0 0 1
    outer loop
      vertex 82 60.35 2.3
      vertex 82.4046 58.9265 2.3
      vertex 82.2154 60.3641 2.3
    endloop
  endfacet
  facet normal 0 0 1
    outer loop
      vertex 82 60.35 2.3
      vertex 82 58.9 2.3
      vertex 82.4046 58.9265 2.3
    endloop
  endfacet
  facet normal 0 0 1
    outer loop
      vertex 81.7846 60.3641 2.3
      vertex 82 58.9 2.3
      vertex 82 60.35 2.3
    endloop
  endfacet
  facet normal 0 0 1
    outer loop
      vertex 81.7846 60.3641 2.3
      vertex 81.5954 58.9265 2.3
      vertex 82 58.9 2.3
    endloop
  endfacet
  facet normal 0 0 1
    outer loop
      vertex 81.573 60.4062 2.3
      vertex 81.5954 58.9265 2.3
      vertex 81.7846 60.3641 2.3
    endloop
  endfacet
  facet normal 0 0 1
    outer loop
      vertex 81.1977 59.0056 2.3
      vertex 81.573 60.4062 2.3
      vertex 81.3686 60.4756 2.3
    endloop
  endfacet
  facet normal 0 0 1
    outer loop
      vertex 81.573 60.4062 2.3
      vertex 81.1977 59.0056 2.3
      vertex 81.5954 58.9265 2.3
    endloop
  endfacet
  facet normal 0 0 1
    outer loop
      vertex 80.8137 59.136 2.3
      vertex 81.3686 60.4756 2.3
      vertex 81.175 60.5711 2.3
    endloop
  endfacet
  facet normal 0 0 1
    outer loop
      vertex 80.45 59.3153 2.3
      vertex 81.175 60.5711 2.3
      vertex 80.9955 60.691 2.3
    endloop
  endfacet
  facet normal 0 0 1
    outer loop
      vertex 80.1128 59.5406 2.3
      vertex 80.9955 60.691 2.3
      vertex 80.8333 60.8333 2.3
    endloop
  endfacet
  facet normal 0 0 1
    outer loop
      vertex 81.3686 60.4756 2.3
      vertex 80.8137 59.136 2.3
      vertex 81.1977 59.0056 2.3
    endloop
  endfacet
  facet normal 0 0 1
    outer loop
      vertex 79.808 59.808 2.3
      vertex 80.8333 60.8333 2.3
      vertex 80.691 60.9955 2.3
    endloop
  endfacet
  facet normal 0 0 1
    outer loop
      vertex 79.5406 60.1128 2.3
      vertex 80.691 60.9955 2.3
      vertex 80.5711 61.175 2.3
    endloop
  endfacet
  facet normal 0 0 1
    outer loop
      vertex 79.3153 60.45 2.3
      vertex 80.5711 61.175 2.3
      vertex 80.4756 61.3686 2.3
    endloop
  endfacet
  facet normal 0 0 1
    outer loop
      vertex 81.175 60.5711 2.3
      vertex 80.45 59.3153 2.3
      vertex 80.8137 59.136 2.3
    endloop
  endfacet
  facet normal 0 0 1
    outer loop
      vertex 79.136 60.8137 2.3
      vertex 80.4756 61.3686 2.3
      vertex 80.4062 61.5729 2.3
    endloop
  endfacet
  facet normal 0 0 1
    outer loop
      vertex 79.0056 61.1977 2.3
      vertex 80.4062 61.5729 2.3
      vertex 80.3641 61.7846 2.3
    endloop
  endfacet
  facet normal 0 0 1
    outer loop
      vertex 78.9265 61.5954 2.3
      vertex 80.3641 61.7846 2.3
      vertex 80.35 62 2.3
    endloop
  endfacet
  facet normal -0 0 1
    outer loop
      vertex 79.136 63.1863 2.3
      vertex 80.4756 62.6314 2.3
      vertex 79.3153 63.55 2.3
    endloop
  endfacet
  facet normal 0 0 1
    outer loop
      vertex 80.9955 60.691 2.3
      vertex 80.1128 59.5406 2.3
      vertex 80.45 59.3153 2.3
    endloop
  endfacet
  facet normal 0 0 1
    outer loop
      vertex 80.4756 62.6314 2.3
      vertex 79.136 63.1863 2.3
      vertex 80.4062 62.4271 2.3
    endloop
  endfacet
  facet normal 0 0 1
    outer loop
      vertex 80.8333 60.8333 2.3
      vertex 79.808 59.808 2.3
      vertex 80.1128 59.5406 2.3
    endloop
  endfacet
  facet normal -0 0 1
    outer loop
      vertex 79.0056 62.8023 2.3
      vertex 80.4062 62.4271 2.3
      vertex 79.136 63.1863 2.3
    endloop
  endfacet
  facet normal 0 0 1
    outer loop
      vertex 80.691 60.9955 2.3
      vertex 79.5406 60.1128 2.3
      vertex 79.808 59.808 2.3
    endloop
  endfacet
  facet normal 0 0 1
    outer loop
      vertex 80.4062 62.4271 2.3
      vertex 79.0056 62.8023 2.3
      vertex 80.3641 62.2154 2.3
    endloop
  endfacet
  facet normal 0 0 1
    outer loop
      vertex 80.5711 61.175 2.3
      vertex 79.3153 60.45 2.3
      vertex 79.5406 60.1128 2.3
    endloop
  endfacet
  facet normal -0 0 1
    outer loop
      vertex 78.9265 62.4046 2.3
      vertex 80.3641 62.2154 2.3
      vertex 79.0056 62.8023 2.3
    endloop
  endfacet
  facet normal 0 0 1
    outer loop
      vertex 80.4756 61.3686 2.3
      vertex 79.136 60.8137 2.3
      vertex 79.3153 60.45 2.3
    endloop
  endfacet
  facet normal 0 0 1
    outer loop
      vertex 80.3641 62.2154 2.3
      vertex 78.9265 62.4046 2.3
      vertex 80.35 62 2.3
    endloop
  endfacet
  facet normal 0 0 1
    outer loop
      vertex 80.4062 61.5729 2.3
      vertex 79.0056 61.1977 2.3
      vertex 79.136 60.8137 2.3
    endloop
  endfacet
  facet normal 0 0 1
    outer loop
      vertex 78.9 62 2.3
      vertex 80.35 62 2.3
      vertex 78.9265 62.4046 2.3
    endloop
  endfacet
  facet normal 0 0 1
    outer loop
      vertex 80.3641 61.7846 2.3
      vertex 78.9265 61.5954 2.3
      vertex 79.0056 61.1977 2.3
    endloop
  endfacet
  facet normal 0 0 1
    outer loop
      vertex 80.35 62 2.3
      vertex 78.9 62 2.3
      vertex 78.9265 61.5954 2.3
    endloop
  endfacet
  facet normal 0.896928 -0.442176 0
    outer loop
      vertex 79.136 63.1863 4
      vertex 79.3153 63.55 2.3
      vertex 79.3153 63.55 4
    endloop
  endfacet
  facet normal 0.896928 -0.442176 0
    outer loop
      vertex 79.3153 63.55 2.3
      vertex 79.136 63.1863 4
      vertex 79.136 63.1863 2.3
    endloop
  endfacet
  facet normal 0.831481 -0.555553 0
    outer loop
      vertex 79.3153 63.55 4
      vertex 79.5406 63.8872 2.3
      vertex 79.5406 63.8872 4
    endloop
  endfacet
  facet normal 0.831481 -0.555553 0
    outer loop
      vertex 79.5406 63.8872 2.3
      vertex 79.3153 63.55 4
      vertex 79.3153 63.55 2.3
    endloop
  endfacet
  facet normal 0.555553 0.831481 -0
    outer loop
      vertex 80.45 59.3153 2.3
      vertex 80.1128 59.5406 4
      vertex 80.45 59.3153 4
    endloop
  endfacet
  facet normal 0.555553 0.831481 0
    outer loop
      vertex 80.1128 59.5406 4
      vertex 80.45 59.3153 2.3
      vertex 80.1128 59.5406 2.3
    endloop
  endfacet
  facet normal -0.980768 0.195175 0
    outer loop
      vertex 52.2074 34.6765 0
      vertex 52.2393 34.8368 3.5
      vertex 52.2393 34.8368 0
    endloop
  endfacet
  facet normal -0.980768 0.195175 0
    outer loop
      vertex 52.2393 34.8368 3.5
      vertex 52.2074 34.6765 0
      vertex 52.2074 34.6765 3.5
    endloop
  endfacet
  facet normal -0.980768 -0.195175 0
    outer loop
      vertex 52.2393 35.1632 0
      vertex 52.2074 35.3235 3.5
      vertex 52.2074 35.3235 0
    endloop
  endfacet
  facet normal -0.980768 -0.195175 0
    outer loop
      vertex 52.2074 35.3235 3.5
      vertex 52.2393 35.1632 0
      vertex 52.2393 35.1632 3.5
    endloop
  endfacet
  facet normal -0.997858 -0.0654233 0
    outer loop
      vertex 52.25 35 0
      vertex 52.2393 35.1632 3.5
      vertex 52.2393 35.1632 0
    endloop
  endfacet
  facet normal -0.997858 -0.0654233 0
    outer loop
      vertex 52.2393 35.1632 3.5
      vertex 52.25 35 0
      vertex 52.25 35 3.5
    endloop
  endfacet
  facet normal -0.947082 -0.320993 0
    outer loop
      vertex 52.2074 35.3235 0
      vertex 52.1549 35.4784 3.5
      vertex 52.1549 35.4784 0
    endloop
  endfacet
  facet normal -0.947082 -0.320993 0
    outer loop
      vertex 52.1549 35.4784 3.5
      vertex 52.2074 35.3235 0
      vertex 52.2074 35.3235 3.5
    endloop
  endfacet
  facet normal 0.997858 -0.0654233 0
    outer loop
      vertex 49.75 35 3.5
      vertex 49.7607 35.1632 0
      vertex 49.7607 35.1632 3.5
    endloop
  endfacet
  facet normal 0.997858 -0.0654233 0
    outer loop
      vertex 49.7607 35.1632 0
      vertex 49.75 35 3.5
      vertex 49.75 35 0
    endloop
  endfacet
  facet normal -0.442805 0.896618 0
    outer loop
      vertex 51.625 33.9175 0
      vertex 51.4784 33.8451 3.5
      vertex 51.625 33.9175 3.5
    endloop
  endfacet
  facet normal -0.442805 0.896618 0
    outer loop
      vertex 51.4784 33.8451 3.5
      vertex 51.625 33.9175 0
      vertex 51.4784 33.8451 0
    endloop
  endfacet
  facet normal -0.195175 -0.980768 0
    outer loop
      vertex 51.1632 36.2393 0
      vertex 51.3235 36.2074 3.5
      vertex 51.1632 36.2393 3.5
    endloop
  endfacet
  facet normal -0.195175 -0.980768 -0
    outer loop
      vertex 51.3235 36.2074 3.5
      vertex 51.1632 36.2393 0
      vertex 51.3235 36.2074 0
    endloop
  endfacet
  facet normal -0.195175 0.980768 0
    outer loop
      vertex 51.3235 33.7926 0
      vertex 51.1632 33.7607 3.5
      vertex 51.3235 33.7926 3.5
    endloop
  endfacet
  facet normal -0.195175 0.980768 0
    outer loop
      vertex 51.1632 33.7607 3.5
      vertex 51.3235 33.7926 0
      vertex 51.1632 33.7607 0
    endloop
  endfacet
  facet normal -0.0654233 0.997858 0
    outer loop
      vertex 51.1632 33.7607 0
      vertex 51 33.75 3.5
      vertex 51.1632 33.7607 3.5
    endloop
  endfacet
  facet normal -0.0654233 0.997858 0
    outer loop
      vertex 51 33.75 3.5
      vertex 51.1632 33.7607 0
      vertex 51 33.75 0
    endloop
  endfacet
  facet normal 0.659414 -0.75178 0
    outer loop
      vertex 50.1161 35.8839 0
      vertex 50.239 35.9917 3.5
      vertex 50.1161 35.8839 3.5
    endloop
  endfacet
  facet normal 0.659414 -0.75178 0
    outer loop
      vertex 50.239 35.9917 3.5
      vertex 50.1161 35.8839 0
      vertex 50.239 35.9917 0
    endloop
  endfacet
  facet normal 0.831674 -0.555265 0
    outer loop
      vertex 49.9175 35.625 3.5
      vertex 50.0083 35.761 0
      vertex 50.0083 35.761 3.5
    endloop
  endfacet
  facet normal 0.831674 -0.555265 0
    outer loop
      vertex 50.0083 35.761 0
      vertex 49.9175 35.625 3.5
      vertex 49.9175 35.625 0
    endloop
  endfacet
  facet normal -0.320993 -0.947082 0
    outer loop
      vertex 51.3235 36.2074 0
      vertex 51.4784 36.1549 3.5
      vertex 51.3235 36.2074 3.5
    endloop
  endfacet
  facet normal -0.320993 -0.947082 -0
    outer loop
      vertex 51.4784 36.1549 3.5
      vertex 51.3235 36.2074 0
      vertex 51.4784 36.1549 0
    endloop
  endfacet
  facet normal -0.659414 0.75178 0
    outer loop
      vertex 51.8839 34.1161 0
      vertex 51.761 34.0083 3.5
      vertex 51.8839 34.1161 3.5
    endloop
  endfacet
  facet normal -0.659414 0.75178 0
    outer loop
      vertex 51.761 34.0083 3.5
      vertex 51.8839 34.1161 0
      vertex 51.761 34.0083 0
    endloop
  endfacet
  facet normal 0.442805 -0.896618 0
    outer loop
      vertex 50.375 36.0825 0
      vertex 50.5216 36.1549 3.5
      vertex 50.375 36.0825 3.5
    endloop
  endfacet
  facet normal 0.442805 -0.896618 0
    outer loop
      vertex 50.5216 36.1549 3.5
      vertex 50.375 36.0825 0
      vertex 50.5216 36.1549 0
    endloop
  endfacet
  facet normal 0.0654233 0.997858 -0
    outer loop
      vertex 51 33.75 0
      vertex 50.8368 33.7607 3.5
      vertex 51 33.75 3.5
    endloop
  endfacet
  facet normal 0.0654233 0.997858 0
    outer loop
      vertex 50.8368 33.7607 3.5
      vertex 51 33.75 0
      vertex 50.8368 33.7607 0
    endloop
  endfacet
  facet normal -0.75178 0.659414 0
    outer loop
      vertex 51.8839 34.1161 0
      vertex 51.9917 34.239 3.5
      vertex 51.9917 34.239 0
    endloop
  endfacet
  facet normal -0.75178 0.659414 0
    outer loop
      vertex 51.9917 34.239 3.5
      vertex 51.8839 34.1161 0
      vertex 51.8839 34.1161 3.5
    endloop
  endfacet
  facet normal 0.947082 0.320993 0
    outer loop
      vertex 49.8451 34.5216 3.5
      vertex 49.7926 34.6765 0
      vertex 49.7926 34.6765 3.5
    endloop
  endfacet
  facet normal 0.947082 0.320993 0
    outer loop
      vertex 49.7926 34.6765 0
      vertex 49.8451 34.5216 3.5
      vertex 49.8451 34.5216 0
    endloop
  endfacet
  facet normal -0.320993 0.947082 0
    outer loop
      vertex 51.4784 33.8451 0
      vertex 51.3235 33.7926 3.5
      vertex 51.4784 33.8451 3.5
    endloop
  endfacet
  facet normal -0.320993 0.947082 0
    outer loop
      vertex 51.3235 33.7926 3.5
      vertex 51.4784 33.8451 0
      vertex 51.3235 33.7926 0
    endloop
  endfacet
  facet normal 0.320993 -0.947082 0
    outer loop
      vertex 50.5216 36.1549 0
      vertex 50.6765 36.2074 3.5
      vertex 50.5216 36.1549 3.5
    endloop
  endfacet
  facet normal 0.320993 -0.947082 0
    outer loop
      vertex 50.6765 36.2074 3.5
      vertex 50.5216 36.1549 0
      vertex 50.6765 36.2074 0
    endloop
  endfacet
  facet normal 0.555265 -0.831674 0
    outer loop
      vertex 50.239 35.9917 0
      vertex 50.375 36.0825 3.5
      vertex 50.239 35.9917 3.5
    endloop
  endfacet
  facet normal 0.555265 -0.831674 0
    outer loop
      vertex 50.375 36.0825 3.5
      vertex 50.239 35.9917 0
      vertex 50.375 36.0825 0
    endloop
  endfacet
  facet normal 0.947082 -0.320993 0
    outer loop
      vertex 49.7926 35.3235 3.5
      vertex 49.8451 35.4784 0
      vertex 49.8451 35.4784 3.5
    endloop
  endfacet
  facet normal 0.947082 -0.320993 0
    outer loop
      vertex 49.8451 35.4784 0
      vertex 49.7926 35.3235 3.5
      vertex 49.7926 35.3235 0
    endloop
  endfacet
  facet normal -0.896618 -0.442805 0
    outer loop
      vertex 52.1549 35.4784 0
      vertex 52.0825 35.625 3.5
      vertex 52.0825 35.625 0
    endloop
  endfacet
  facet normal -0.896618 -0.442805 0
    outer loop
      vertex 52.0825 35.625 3.5
      vertex 52.1549 35.4784 0
      vertex 52.1549 35.4784 3.5
    endloop
  endfacet
  facet normal 0.195175 -0.980768 0
    outer loop
      vertex 50.6765 36.2074 0
      vertex 50.8368 36.2393 3.5
      vertex 50.6765 36.2074 3.5
    endloop
  endfacet
  facet normal 0.195175 -0.980768 0
    outer loop
      vertex 50.8368 36.2393 3.5
      vertex 50.6765 36.2074 0
      vertex 50.8368 36.2393 0
    endloop
  endfacet
  facet normal -0.659414 -0.75178 0
    outer loop
      vertex 51.761 35.9917 0
      vertex 51.8839 35.8839 3.5
      vertex 51.761 35.9917 3.5
    endloop
  endfacet
  facet normal -0.659414 -0.75178 -0
    outer loop
      vertex 51.8839 35.8839 3.5
      vertex 51.761 35.9917 0
      vertex 51.8839 35.8839 0
    endloop
  endfacet
  facet normal -0.997858 0.0654233 0
    outer loop
      vertex 52.2393 34.8368 0
      vertex 52.25 35 3.5
      vertex 52.25 35 0
    endloop
  endfacet
  facet normal -0.997858 0.0654233 0
    outer loop
      vertex 52.25 35 3.5
      vertex 52.2393 34.8368 0
      vertex 52.2393 34.8368 3.5
    endloop
  endfacet
  facet normal -0.442805 -0.896618 0
    outer loop
      vertex 51.4784 36.1549 0
      vertex 51.625 36.0825 3.5
      vertex 51.4784 36.1549 3.5
    endloop
  endfacet
  facet normal -0.442805 -0.896618 -0
    outer loop
      vertex 51.625 36.0825 3.5
      vertex 51.4784 36.1549 0
      vertex 51.625 36.0825 0
    endloop
  endfacet
  facet normal 0.320993 0.947082 -0
    outer loop
      vertex 50.6765 33.7926 0
      vertex 50.5216 33.8451 3.5
      vertex 50.6765 33.7926 3.5
    endloop
  endfacet
  facet normal 0.320993 0.947082 0
    outer loop
      vertex 50.5216 33.8451 3.5
      vertex 50.6765 33.7926 0
      vertex 50.5216 33.8451 0
    endloop
  endfacet
  facet normal 0.980768 -0.195175 0
    outer loop
      vertex 49.7607 35.1632 3.5
      vertex 49.7926 35.3235 0
      vertex 49.7926 35.3235 3.5
    endloop
  endfacet
  facet normal 0.980768 -0.195175 0
    outer loop
      vertex 49.7926 35.3235 0
      vertex 49.7607 35.1632 3.5
      vertex 49.7607 35.1632 0
    endloop
  endfacet
  facet normal 0.0654233 -0.997858 0
    outer loop
      vertex 50.8368 36.2393 0
      vertex 51 36.25 3.5
      vertex 50.8368 36.2393 3.5
    endloop
  endfacet
  facet normal 0.0654233 -0.997858 0
    outer loop
      vertex 51 36.25 3.5
      vertex 50.8368 36.2393 0
      vertex 51 36.25 0
    endloop
  endfacet
  facet normal 0.195175 0.980768 -0
    outer loop
      vertex 50.8368 33.7607 0
      vertex 50.6765 33.7926 3.5
      vertex 50.8368 33.7607 3.5
    endloop
  endfacet
  facet normal 0.195175 0.980768 0
    outer loop
      vertex 50.6765 33.7926 3.5
      vertex 50.8368 33.7607 0
      vertex 50.6765 33.7926 0
    endloop
  endfacet
  facet normal -0.947082 0.320993 0
    outer loop
      vertex 52.1549 34.5216 0
      vertex 52.2074 34.6765 3.5
      vertex 52.2074 34.6765 0
    endloop
  endfacet
  facet normal -0.947082 0.320993 0
    outer loop
      vertex 52.2074 34.6765 3.5
      vertex 52.1549 34.5216 0
      vertex 52.1549 34.5216 3.5
    endloop
  endfacet
  facet normal -0.831674 -0.555265 0
    outer loop
      vertex 52.0825 35.625 0
      vertex 51.9917 35.761 3.5
      vertex 51.9917 35.761 0
    endloop
  endfacet
  facet normal -0.831674 -0.555265 0
    outer loop
      vertex 51.9917 35.761 3.5
      vertex 52.0825 35.625 0
      vertex 52.0825 35.625 3.5
    endloop
  endfacet
  facet normal -0.75178 -0.659414 0
    outer loop
      vertex 51.9917 35.761 0
      vertex 51.8839 35.8839 3.5
      vertex 51.8839 35.8839 0
    endloop
  endfacet
  facet normal -0.75178 -0.659414 0
    outer loop
      vertex 51.8839 35.8839 3.5
      vertex 51.9917 35.761 0
      vertex 51.9917 35.761 3.5
    endloop
  endfacet
  facet normal 0.896618 0.442805 0
    outer loop
      vertex 49.9175 34.375 3.5
      vertex 49.8451 34.5216 0
      vertex 49.8451 34.5216 3.5
    endloop
  endfacet
  facet normal 0.896618 0.442805 0
    outer loop
      vertex 49.8451 34.5216 0
      vertex 49.9175 34.375 3.5
      vertex 49.9175 34.375 0
    endloop
  endfacet
  facet normal -0.896618 0.442805 0
    outer loop
      vertex 52.0825 34.375 0
      vertex 52.1549 34.5216 3.5
      vertex 52.1549 34.5216 0
    endloop
  endfacet
  facet normal -0.896618 0.442805 0
    outer loop
      vertex 52.1549 34.5216 3.5
      vertex 52.0825 34.375 0
      vertex 52.0825 34.375 3.5
    endloop
  endfacet
  facet normal 0.75178 0.659414 0
    outer loop
      vertex 50.1161 34.1161 3.5
      vertex 50.0083 34.239 0
      vertex 50.0083 34.239 3.5
    endloop
  endfacet
  facet normal 0.75178 0.659414 0
    outer loop
      vertex 50.0083 34.239 0
      vertex 50.1161 34.1161 3.5
      vertex 50.1161 34.1161 0
    endloop
  endfacet
  facet normal -0.831674 0.555265 0
    outer loop
      vertex 51.9917 34.239 0
      vertex 52.0825 34.375 3.5
      vertex 52.0825 34.375 0
    endloop
  endfacet
  facet normal -0.831674 0.555265 0
    outer loop
      vertex 52.0825 34.375 3.5
      vertex 51.9917 34.239 0
      vertex 51.9917 34.239 3.5
    endloop
  endfacet
  facet normal 0.75178 -0.659414 0
    outer loop
      vertex 50.0083 35.761 3.5
      vertex 50.1161 35.8839 0
      vertex 50.1161 35.8839 3.5
    endloop
  endfacet
  facet normal 0.75178 -0.659414 0
    outer loop
      vertex 50.1161 35.8839 0
      vertex 50.0083 35.761 3.5
      vertex 50.0083 35.761 0
    endloop
  endfacet
  facet normal -0.0654233 -0.997858 0
    outer loop
      vertex 51 36.25 0
      vertex 51.1632 36.2393 3.5
      vertex 51 36.25 3.5
    endloop
  endfacet
  facet normal -0.0654233 -0.997858 -0
    outer loop
      vertex 51.1632 36.2393 3.5
      vertex 51 36.25 0
      vertex 51.1632 36.2393 0
    endloop
  endfacet
  facet normal -0.555265 -0.831674 0
    outer loop
      vertex 51.625 36.0825 0
      vertex 51.761 35.9917 3.5
      vertex 51.625 36.0825 3.5
    endloop
  endfacet
  facet normal -0.555265 -0.831674 -0
    outer loop
      vertex 51.761 35.9917 3.5
      vertex 51.625 36.0825 0
      vertex 51.761 35.9917 0
    endloop
  endfacet
  facet normal 0.442805 0.896618 -0
    outer loop
      vertex 50.5216 33.8451 0
      vertex 50.375 33.9175 3.5
      vertex 50.5216 33.8451 3.5
    endloop
  endfacet
  facet normal 0.442805 0.896618 0
    outer loop
      vertex 50.375 33.9175 3.5
      vertex 50.5216 33.8451 0
      vertex 50.375 33.9175 0
    endloop
  endfacet
  facet normal 0.831674 0.555265 0
    outer loop
      vertex 50.0083 34.239 3.5
      vertex 49.9175 34.375 0
      vertex 49.9175 34.375 3.5
    endloop
  endfacet
  facet normal 0.831674 0.555265 0
    outer loop
      vertex 49.9175 34.375 0
      vertex 50.0083 34.239 3.5
      vertex 50.0083 34.239 0
    endloop
  endfacet
  facet normal 0.980768 0.195175 0
    outer loop
      vertex 49.7926 34.6765 3.5
      vertex 49.7607 34.8368 0
      vertex 49.7607 34.8368 3.5
    endloop
  endfacet
  facet normal 0.980768 0.195175 0
    outer loop
      vertex 49.7607 34.8368 0
      vertex 49.7926 34.6765 3.5
      vertex 49.7926 34.6765 0
    endloop
  endfacet
  facet normal 0.659414 0.75178 -0
    outer loop
      vertex 50.239 34.0083 0
      vertex 50.1161 34.1161 3.5
      vertex 50.239 34.0083 3.5
    endloop
  endfacet
  facet normal 0.659414 0.75178 0
    outer loop
      vertex 50.1161 34.1161 3.5
      vertex 50.239 34.0083 0
      vertex 50.1161 34.1161 0
    endloop
  endfacet
  facet normal 0.896618 -0.442805 0
    outer loop
      vertex 49.8451 35.4784 3.5
      vertex 49.9175 35.625 0
      vertex 49.9175 35.625 3.5
    endloop
  endfacet
  facet normal 0.896618 -0.442805 0
    outer loop
      vertex 49.9175 35.625 0
      vertex 49.8451 35.4784 3.5
      vertex 49.8451 35.4784 0
    endloop
  endfacet
  facet normal 0.997858 0.0654233 0
    outer loop
      vertex 49.7607 34.8368 3.5
      vertex 49.75 35 0
      vertex 49.75 35 3.5
    endloop
  endfacet
  facet normal 0.997858 0.0654233 0
    outer loop
      vertex 49.75 35 0
      vertex 49.7607 34.8368 3.5
      vertex 49.7607 34.8368 0
    endloop
  endfacet
  facet normal -0.555265 0.831674 0
    outer loop
      vertex 51.761 34.0083 0
      vertex 51.625 33.9175 3.5
      vertex 51.761 34.0083 3.5
    endloop
  endfacet
  facet normal -0.555265 0.831674 0
    outer loop
      vertex 51.625 33.9175 3.5
      vertex 51.761 34.0083 0
      vertex 51.625 33.9175 0
    endloop
  endfacet
  facet normal 0.555265 0.831674 -0
    outer loop
      vertex 50.375 33.9175 0
      vertex 50.239 34.0083 3.5
      vertex 50.375 33.9175 3.5
    endloop
  endfacet
  facet normal 0.555265 0.831674 0
    outer loop
      vertex 50.239 34.0083 3.5
      vertex 50.375 33.9175 0
      vertex 50.239 34.0083 0
    endloop
  endfacet
  facet normal -0.980783 0.195101 0
    outer loop
      vertex 53.6563 34.2882 3.5
      vertex 53.7265 34.6411 4
      vertex 53.7265 34.6411 3.5
    endloop
  endfacet
  facet normal -0.980783 0.195101 0
    outer loop
      vertex 53.7265 34.6411 4
      vertex 53.6563 34.2882 3.5
      vertex 53.6563 34.2882 4
    endloop
  endfacet
  facet normal -0.980783 -0.195101 0
    outer loop
      vertex 53.7265 35.3589 3.5
      vertex 53.6563 35.7118 4
      vertex 53.6563 35.7118 3.5
    endloop
  endfacet
  facet normal -0.980783 -0.195101 0
    outer loop
      vertex 53.6563 35.7118 4
      vertex 53.7265 35.3589 3.5
      vertex 53.7265 35.3589 4
    endloop
  endfacet
  facet normal -0.997863 -0.0653379 0
    outer loop
      vertex 53.75 35 3.5
      vertex 53.7265 35.3589 4
      vertex 53.7265 35.3589 3.5
    endloop
  endfacet
  facet normal -0.997863 -0.0653379 0
    outer loop
      vertex 53.7265 35.3589 4
      vertex 53.75 35 3.5
      vertex 53.75 35 4
    endloop
  endfacet
  facet normal -0.946945 -0.321394 0
    outer loop
      vertex 53.6563 35.7118 3.5
      vertex 53.5407 36.0524 4
      vertex 53.5407 36.0524 3.5
    endloop
  endfacet
  facet normal -0.946945 -0.321394 0
    outer loop
      vertex 53.5407 36.0524 4
      vertex 53.6563 35.7118 3.5
      vertex 53.6563 35.7118 4
    endloop
  endfacet
  facet normal 0.997863 -0.0653379 0
    outer loop
      vertex 48.25 35 4
      vertex 48.2735 35.3589 3.5
      vertex 48.2735 35.3589 4
    endloop
  endfacet
  facet normal 0.997863 -0.0653379 0
    outer loop
      vertex 48.2735 35.3589 3.5
      vertex 48.25 35 4
      vertex 48.25 35 3.5
    endloop
  endfacet
  facet normal -0.442314 0.89686 0
    outer loop
      vertex 52.375 32.6184 3.5
      vertex 52.0524 32.4593 4
      vertex 52.375 32.6184 4
    endloop
  endfacet
  facet normal -0.442314 0.89686 0
    outer loop
      vertex 52.0524 32.4593 4
      vertex 52.375 32.6184 3.5
      vertex 52.0524 32.4593 3.5
    endloop
  endfacet
  facet normal -0.195101 -0.980783 0
    outer loop
      vertex 51.3589 37.7265 3.5
      vertex 51.7118 37.6563 4
      vertex 51.3589 37.7265 4
    endloop
  endfacet
  facet normal -0.195101 -0.980783 -0
    outer loop
      vertex 51.7118 37.6563 4
      vertex 51.3589 37.7265 3.5
      vertex 51.7118 37.6563 3.5
    endloop
  endfacet
  facet normal -0.195101 0.980783 0
    outer loop
      vertex 51.7118 32.3437 3.5
      vertex 51.3589 32.2735 4
      vertex 51.7118 32.3437 4
    endloop
  endfacet
  facet normal -0.195101 0.980783 0
    outer loop
      vertex 51.3589 32.2735 4
      vertex 51.7118 32.3437 3.5
      vertex 51.3589 32.2735 3.5
    endloop
  endfacet
  facet normal -0.0653379 0.997863 0
    outer loop
      vertex 51.3589 32.2735 3.5
      vertex 51 32.25 4
      vertex 51.3589 32.2735 4
    endloop
  endfacet
  facet normal -0.0653379 0.997863 0
    outer loop
      vertex 51 32.25 4
      vertex 51.3589 32.2735 3.5
      vertex 51 32.25 3.5
    endloop
  endfacet
  facet normal 0.659449 -0.751749 0
    outer loop
      vertex 49.0555 36.9445 3.5
      vertex 49.3259 37.1817 4
      vertex 49.0555 36.9445 4
    endloop
  endfacet
  facet normal 0.659449 -0.751749 0
    outer loop
      vertex 49.3259 37.1817 4
      vertex 49.0555 36.9445 3.5
      vertex 49.3259 37.1817 3.5
    endloop
  endfacet
  facet normal 0.831408 -0.555662 0
    outer loop
      vertex 48.6184 36.375 4
      vertex 48.8183 36.6741 3.5
      vertex 48.8183 36.6741 4
    endloop
  endfacet
  facet normal 0.831408 -0.555662 0
    outer loop
      vertex 48.8183 36.6741 3.5
      vertex 48.6184 36.375 4
      vertex 48.6184 36.375 3.5
    endloop
  endfacet
  facet normal -0.321394 -0.946945 0
    outer loop
      vertex 51.7118 37.6563 3.5
      vertex 52.0524 37.5407 4
      vertex 51.7118 37.6563 4
    endloop
  endfacet
  facet normal -0.321394 -0.946945 -0
    outer loop
      vertex 52.0524 37.5407 4
      vertex 51.7118 37.6563 3.5
      vertex 52.0524 37.5407 3.5
    endloop
  endfacet
  facet normal -0.659449 0.751749 0
    outer loop
      vertex 52.9445 33.0555 3.5
      vertex 52.6741 32.8183 4
      vertex 52.9445 33.0555 4
    endloop
  endfacet
  facet normal -0.659449 0.751749 0
    outer loop
      vertex 52.6741 32.8183 4
      vertex 52.9445 33.0555 3.5
      vertex 52.6741 32.8183 3.5
    endloop
  endfacet
  facet normal 0.442314 -0.89686 0
    outer loop
      vertex 49.625 37.3816 3.5
      vertex 49.9476 37.5407 4
      vertex 49.625 37.3816 4
    endloop
  endfacet
  facet normal 0.442314 -0.89686 0
    outer loop
      vertex 49.9476 37.5407 4
      vertex 49.625 37.3816 3.5
      vertex 49.9476 37.5407 3.5
    endloop
  endfacet
  facet normal 0.0653379 0.997863 -0
    outer loop
      vertex 51 32.25 3.5
      vertex 50.6411 32.2735 4
      vertex 51 32.25 4
    endloop
  endfacet
  facet normal 0.0653379 0.997863 0
    outer loop
      vertex 50.6411 32.2735 4
      vertex 51 32.25 3.5
      vertex 50.6411 32.2735 3.5
    endloop
  endfacet
  facet normal -0.751749 0.659449 0
    outer loop
      vertex 52.9445 33.0555 3.5
      vertex 53.1817 33.3259 4
      vertex 53.1817 33.3259 3.5
    endloop
  endfacet
  facet normal -0.751749 0.659449 0
    outer loop
      vertex 53.1817 33.3259 4
      vertex 52.9445 33.0555 3.5
      vertex 52.9445 33.0555 4
    endloop
  endfacet
  facet normal 0.946945 0.321394 0
    outer loop
      vertex 48.4593 33.9476 4
      vertex 48.3437 34.2882 3.5
      vertex 48.3437 34.2882 4
    endloop
  endfacet
  facet normal 0.946945 0.321394 0
    outer loop
      vertex 48.3437 34.2882 3.5
      vertex 48.4593 33.9476 4
      vertex 48.4593 33.9476 3.5
    endloop
  endfacet
  facet normal -0.321394 0.946945 0
    outer loop
      vertex 52.0524 32.4593 3.5
      vertex 51.7118 32.3437 4
      vertex 52.0524 32.4593 4
    endloop
  endfacet
  facet normal -0.321394 0.946945 0
    outer loop
      vertex 51.7118 32.3437 4
      vertex 52.0524 32.4593 3.5
      vertex 51.7118 32.3437 3.5
    endloop
  endfacet
  facet normal 0.321394 -0.946945 0
    outer loop
      vertex 49.9476 37.5407 3.5
      vertex 50.2882 37.6563 4
      vertex 49.9476 37.5407 4
    endloop
  endfacet
  facet normal 0.321394 -0.946945 0
    outer loop
      vertex 50.2882 37.6563 4
      vertex 49.9476 37.5407 3.5
      vertex 50.2882 37.6563 3.5
    endloop
  endfacet
  facet normal 0.555662 -0.831408 0
    outer loop
      vertex 49.3259 37.1817 3.5
      vertex 49.625 37.3816 4
      vertex 49.3259 37.1817 4
    endloop
  endfacet
  facet normal 0.555662 -0.831408 0
    outer loop
      vertex 49.625 37.3816 4
      vertex 49.3259 37.1817 3.5
      vertex 49.625 37.3816 3.5
    endloop
  endfacet
  facet normal 0.946945 -0.321394 0
    outer loop
      vertex 48.3437 35.7118 4
      vertex 48.4593 36.0524 3.5
      vertex 48.4593 36.0524 4
    endloop
  endfacet
  facet normal 0.946945 -0.321394 0
    outer loop
      vertex 48.4593 36.0524 3.5
      vertex 48.3437 35.7118 4
      vertex 48.3437 35.7118 3.5
    endloop
  endfacet
  facet normal -0.89686 -0.442314 0
    outer loop
      vertex 53.5407 36.0524 3.5
      vertex 53.3816 36.375 4
      vertex 53.3816 36.375 3.5
    endloop
  endfacet
  facet normal -0.89686 -0.442314 0
    outer loop
      vertex 53.3816 36.375 4
      vertex 53.5407 36.0524 3.5
      vertex 53.5407 36.0524 4
    endloop
  endfacet
  facet normal 0.195101 -0.980783 0
    outer loop
      vertex 50.2882 37.6563 3.5
      vertex 50.6411 37.7265 4
      vertex 50.2882 37.6563 4
    endloop
  endfacet
  facet normal 0.195101 -0.980783 0
    outer loop
      vertex 50.6411 37.7265 4
      vertex 50.2882 37.6563 3.5
      vertex 50.6411 37.7265 3.5
    endloop
  endfacet
  facet normal -0.659449 -0.751749 0
    outer loop
      vertex 52.6741 37.1817 3.5
      vertex 52.9445 36.9445 4
      vertex 52.6741 37.1817 4
    endloop
  endfacet
  facet normal -0.659449 -0.751749 -0
    outer loop
      vertex 52.9445 36.9445 4
      vertex 52.6741 37.1817 3.5
      vertex 52.9445 36.9445 3.5
    endloop
  endfacet
  facet normal -0.997863 0.0653379 0
    outer loop
      vertex 53.7265 34.6411 3.5
      vertex 53.75 35 4
      vertex 53.75 35 3.5
    endloop
  endfacet
  facet normal -0.997863 0.0653379 0
    outer loop
      vertex 53.75 35 4
      vertex 53.7265 34.6411 3.5
      vertex 53.7265 34.6411 4
    endloop
  endfacet
  facet normal -0.442314 -0.89686 0
    outer loop
      vertex 52.0524 37.5407 3.5
      vertex 52.375 37.3816 4
      vertex 52.0524 37.5407 4
    endloop
  endfacet
  facet normal -0.442314 -0.89686 -0
    outer loop
      vertex 52.375 37.3816 4
      vertex 52.0524 37.5407 3.5
      vertex 52.375 37.3816 3.5
    endloop
  endfacet
  facet normal 0.321394 0.946945 -0
    outer loop
      vertex 50.2882 32.3437 3.5
      vertex 49.9476 32.4593 4
      vertex 50.2882 32.3437 4
    endloop
  endfacet
  facet normal 0.321394 0.946945 0
    outer loop
      vertex 49.9476 32.4593 4
      vertex 50.2882 32.3437 3.5
      vertex 49.9476 32.4593 3.5
    endloop
  endfacet
  facet normal 0.980783 -0.195101 0
    outer loop
      vertex 48.2735 35.3589 4
      vertex 48.3437 35.7118 3.5
      vertex 48.3437 35.7118 4
    endloop
  endfacet
  facet normal 0.980783 -0.195101 0
    outer loop
      vertex 48.3437 35.7118 3.5
      vertex 48.2735 35.3589 4
      vertex 48.2735 35.3589 3.5
    endloop
  endfacet
  facet normal 0.0653379 -0.997863 0
    outer loop
      vertex 50.6411 37.7265 3.5
      vertex 51 37.75 4
      vertex 50.6411 37.7265 4
    endloop
  endfacet
  facet normal 0.0653379 -0.997863 0
    outer loop
      vertex 51 37.75 4
      vertex 50.6411 37.7265 3.5
      vertex 51 37.75 3.5
    endloop
  endfacet
  facet normal -0.946945 0.321394 0
    outer loop
      vertex 53.5407 33.9476 3.5
      vertex 53.6563 34.2882 4
      vertex 53.6563 34.2882 3.5
    endloop
  endfacet
  facet normal -0.946945 0.321394 0
    outer loop
      vertex 53.6563 34.2882 4
      vertex 53.5407 33.9476 3.5
      vertex 53.5407 33.9476 4
    endloop
  endfacet
  facet normal -0.831408 -0.555662 0
    outer loop
      vertex 53.3816 36.375 3.5
      vertex 53.1817 36.6741 4
      vertex 53.1817 36.6741 3.5
    endloop
  endfacet
  facet normal -0.831408 -0.555662 0
    outer loop
      vertex 53.1817 36.6741 4
      vertex 53.3816 36.375 3.5
      vertex 53.3816 36.375 4
    endloop
  endfacet
  facet normal -0.751749 -0.659449 0
    outer loop
      vertex 53.1817 36.6741 3.5
      vertex 52.9445 36.9445 4
      vertex 52.9445 36.9445 3.5
    endloop
  endfacet
  facet normal -0.751749 -0.659449 0
    outer loop
      vertex 52.9445 36.9445 4
      vertex 53.1817 36.6741 3.5
      vertex 53.1817 36.6741 4
    endloop
  endfacet
  facet normal 0.89686 0.442314 0
    outer loop
      vertex 48.6184 33.625 4
      vertex 48.4593 33.9476 3.5
      vertex 48.4593 33.9476 4
    endloop
  endfacet
  facet normal 0.89686 0.442314 0
    outer loop
      vertex 48.4593 33.9476 3.5
      vertex 48.6184 33.625 4
      vertex 48.6184 33.625 3.5
    endloop
  endfacet
  facet normal -0.89686 0.442314 0
    outer loop
      vertex 53.3816 33.625 3.5
      vertex 53.5407 33.9476 4
      vertex 53.5407 33.9476 3.5
    endloop
  endfacet
  facet normal -0.89686 0.442314 0
    outer loop
      vertex 53.5407 33.9476 4
      vertex 53.3816 33.625 3.5
      vertex 53.3816 33.625 4
    endloop
  endfacet
  facet normal 0.751749 0.659449 0
    outer loop
      vertex 49.0555 33.0555 4
      vertex 48.8183 33.3259 3.5
      vertex 48.8183 33.3259 4
    endloop
  endfacet
  facet normal 0.751749 0.659449 0
    outer loop
      vertex 48.8183 33.3259 3.5
      vertex 49.0555 33.0555 4
      vertex 49.0555 33.0555 3.5
    endloop
  endfacet
  facet normal -0.831408 0.555662 0
    outer loop
      vertex 53.1817 33.3259 3.5
      vertex 53.3816 33.625 4
      vertex 53.3816 33.625 3.5
    endloop
  endfacet
  facet normal -0.831408 0.555662 0
    outer loop
      vertex 53.3816 33.625 4
      vertex 53.1817 33.3259 3.5
      vertex 53.1817 33.3259 4
    endloop
  endfacet
  facet normal 0 0 1
    outer loop
      vertex 52.25 35 3.5
      vertex 53.75 35 3.5
      vertex 53.7265 35.3589 3.5
    endloop
  endfacet
  facet normal 0 0 1
    outer loop
      vertex 52.2393 35.1632 3.5
      vertex 53.7265 35.3589 3.5
      vertex 53.6563 35.7118 3.5
    endloop
  endfacet
  facet normal 0 0 1
    outer loop
      vertex 53.75 35 3.5
      vertex 52.25 35 3.5
      vertex 53.7265 34.6411 3.5
    endloop
  endfacet
  facet normal 0 0 1
    outer loop
      vertex 52.2074 35.3235 3.5
      vertex 53.6563 35.7118 3.5
      vertex 53.5407 36.0524 3.5
    endloop
  endfacet
  facet normal -0 0 1
    outer loop
      vertex 52.2393 34.8368 3.5
      vertex 53.7265 34.6411 3.5
      vertex 52.25 35 3.5
    endloop
  endfacet
  facet normal 0 0 1
    outer loop
      vertex 52.1549 35.4784 3.5
      vertex 53.5407 36.0524 3.5
      vertex 53.3816 36.375 3.5
    endloop
  endfacet
  facet normal 0 0 1
    outer loop
      vertex 53.7265 34.6411 3.5
      vertex 52.2393 34.8368 3.5
      vertex 53.6563 34.2882 3.5
    endloop
  endfacet
  facet normal 0 0 1
    outer loop
      vertex 52.0825 35.625 3.5
      vertex 53.3816 36.375 3.5
      vertex 53.1817 36.6741 3.5
    endloop
  endfacet
  facet normal -0 0 1
    outer loop
      vertex 52.2074 34.6765 3.5
      vertex 53.6563 34.2882 3.5
      vertex 52.2393 34.8368 3.5
    endloop
  endfacet
  facet normal 0 0 1
    outer loop
      vertex 51.9917 35.761 3.5
      vertex 53.1817 36.6741 3.5
      vertex 52.9445 36.9445 3.5
    endloop
  endfacet
  facet normal 0 0 1
    outer loop
      vertex 53.6563 34.2882 3.5
      vertex 52.2074 34.6765 3.5
      vertex 53.5407 33.9476 3.5
    endloop
  endfacet
  facet normal 0 0 1
    outer loop
      vertex 51.8839 35.8839 3.5
      vertex 52.9445 36.9445 3.5
      vertex 52.6741 37.1817 3.5
    endloop
  endfacet
  facet normal -0 0 1
    outer loop
      vertex 52.1549 34.5216 3.5
      vertex 53.5407 33.9476 3.5
      vertex 52.2074 34.6765 3.5
    endloop
  endfacet
  facet normal 0 0 1
    outer loop
      vertex 51.761 35.9917 3.5
      vertex 52.6741 37.1817 3.5
      vertex 52.375 37.3816 3.5
    endloop
  endfacet
  facet normal 0 0 1
    outer loop
      vertex 53.5407 33.9476 3.5
      vertex 52.1549 34.5216 3.5
      vertex 53.3816 33.625 3.5
    endloop
  endfacet
  facet normal -0 0 1
    outer loop
      vertex 52.0825 34.375 3.5
      vertex 53.3816 33.625 3.5
      vertex 52.1549 34.5216 3.5
    endloop
  endfacet
  facet normal 0 0 1
    outer loop
      vertex 53.7265 35.3589 3.5
      vertex 52.2393 35.1632 3.5
      vertex 52.25 35 3.5
    endloop
  endfacet
  facet normal 0 0 1
    outer loop
      vertex 53.6563 35.7118 3.5
      vertex 52.2074 35.3235 3.5
      vertex 52.2393 35.1632 3.5
    endloop
  endfacet
  facet normal 0 0 1
    outer loop
      vertex 53.5407 36.0524 3.5
      vertex 52.1549 35.4784 3.5
      vertex 52.2074 35.3235 3.5
    endloop
  endfacet
  facet normal 0 0 1
    outer loop
      vertex 53.3816 36.375 3.5
      vertex 52.0825 35.625 3.5
      vertex 52.1549 35.4784 3.5
    endloop
  endfacet
  facet normal 0 0 1
    outer loop
      vertex 51.625 36.0825 3.5
      vertex 52.375 37.3816 3.5
      vertex 52.0524 37.5407 3.5
    endloop
  endfacet
  facet normal 0 0 1
    outer loop
      vertex 53.1817 36.6741 3.5
      vertex 51.9917 35.761 3.5
      vertex 52.0825 35.625 3.5
    endloop
  endfacet
  facet normal 0 0 1
    outer loop
      vertex 52.9445 36.9445 3.5
      vertex 51.8839 35.8839 3.5
      vertex 51.9917 35.761 3.5
    endloop
  endfacet
  facet normal 0 0 1
    outer loop
      vertex 52.6741 37.1817 3.5
      vertex 51.761 35.9917 3.5
      vertex 51.8839 35.8839 3.5
    endloop
  endfacet
  facet normal 0 0 1
    outer loop
      vertex 51.4784 36.1549 3.5
      vertex 52.0524 37.5407 3.5
      vertex 51.7118 37.6563 3.5
    endloop
  endfacet
  facet normal 0 0 1
    outer loop
      vertex 52.375 37.3816 3.5
      vertex 51.625 36.0825 3.5
      vertex 51.761 35.9917 3.5
    endloop
  endfacet
  facet normal 0 0 1
    outer loop
      vertex 52.0524 37.5407 3.5
      vertex 51.4784 36.1549 3.5
      vertex 51.625 36.0825 3.5
    endloop
  endfacet
  facet normal 0 0 1
    outer loop
      vertex 51.3235 36.2074 3.5
      vertex 51.7118 37.6563 3.5
      vertex 51.3589 37.7265 3.5
    endloop
  endfacet
  facet normal 0 0 1
    outer loop
      vertex 51.7118 37.6563 3.5
      vertex 51.3235 36.2074 3.5
      vertex 51.4784 36.1549 3.5
    endloop
  endfacet
  facet normal 0 0 1
    outer loop
      vertex 51.3589 37.7265 3.5
      vertex 51.1632 36.2393 3.5
      vertex 51.3235 36.2074 3.5
    endloop
  endfacet
  facet normal 0 0 1
    outer loop
      vertex 51 37.75 3.5
      vertex 51.1632 36.2393 3.5
      vertex 51.3589 37.7265 3.5
    endloop
  endfacet
  facet normal 0 0 1
    outer loop
      vertex 51 37.75 3.5
      vertex 51 36.25 3.5
      vertex 51.1632 36.2393 3.5
    endloop
  endfacet
  facet normal 0 0 1
    outer loop
      vertex 51 37.75 3.5
      vertex 50.8368 36.2393 3.5
      vertex 51 36.25 3.5
    endloop
  endfacet
  facet normal -0 0 1
    outer loop
      vertex 50.6411 37.7265 3.5
      vertex 50.8368 36.2393 3.5
      vertex 51 37.75 3.5
    endloop
  endfacet
  facet normal 0 0 1
    outer loop
      vertex 50.8368 36.2393 3.5
      vertex 50.6411 37.7265 3.5
      vertex 50.6765 36.2074 3.5
    endloop
  endfacet
  facet normal -0 0 1
    outer loop
      vertex 50.2882 37.6563 3.5
      vertex 50.6765 36.2074 3.5
      vertex 50.6411 37.7265 3.5
    endloop
  endfacet
  facet normal 0 0 1
    outer loop
      vertex 50.6765 36.2074 3.5
      vertex 50.2882 37.6563 3.5
      vertex 50.5216 36.1549 3.5
    endloop
  endfacet
  facet normal -0 0 1
    outer loop
      vertex 49.9476 37.5407 3.5
      vertex 50.5216 36.1549 3.5
      vertex 50.2882 37.6563 3.5
    endloop
  endfacet
  facet normal 0 0 1
    outer loop
      vertex 50.5216 36.1549 3.5
      vertex 49.9476 37.5407 3.5
      vertex 50.375 36.0825 3.5
    endloop
  endfacet
  facet normal -0 0 1
    outer loop
      vertex 49.625 37.3816 3.5
      vertex 50.375 36.0825 3.5
      vertex 49.9476 37.5407 3.5
    endloop
  endfacet
  facet normal 0 0 1
    outer loop
      vertex 50.375 36.0825 3.5
      vertex 49.625 37.3816 3.5
      vertex 50.239 35.9917 3.5
    endloop
  endfacet
  facet normal -0 0 1
    outer loop
      vertex 49.3259 37.1817 3.5
      vertex 50.239 35.9917 3.5
      vertex 49.625 37.3816 3.5
    endloop
  endfacet
  facet normal 0 0 1
    outer loop
      vertex 50.239 35.9917 3.5
      vertex 49.3259 37.1817 3.5
      vertex 50.1161 35.8839 3.5
    endloop
  endfacet
  facet normal -0 0 1
    outer loop
      vertex 49.0555 36.9445 3.5
      vertex 50.1161 35.8839 3.5
      vertex 49.3259 37.1817 3.5
    endloop
  endfacet
  facet normal 0 0 1
    outer loop
      vertex 50.1161 35.8839 3.5
      vertex 49.0555 36.9445 3.5
      vertex 50.0083 35.761 3.5
    endloop
  endfacet
  facet normal -0 0 1
    outer loop
      vertex 48.8183 36.6741 3.5
      vertex 50.0083 35.761 3.5
      vertex 49.0555 36.9445 3.5
    endloop
  endfacet
  facet normal -0 0 1
    outer loop
      vertex 48.6184 36.375 3.5
      vertex 49.9175 35.625 3.5
      vertex 48.8183 36.6741 3.5
    endloop
  endfacet
  facet normal 0 0 1
    outer loop
      vertex 50.0083 35.761 3.5
      vertex 48.8183 36.6741 3.5
      vertex 49.9175 35.625 3.5
    endloop
  endfacet
  facet normal 0 0 1
    outer loop
      vertex 53.3816 33.625 3.5
      vertex 52.0825 34.375 3.5
      vertex 53.1817 33.3259 3.5
    endloop
  endfacet
  facet normal -0 0 1
    outer loop
      vertex 51.9917 34.239 3.5
      vertex 53.1817 33.3259 3.5
      vertex 52.0825 34.375 3.5
    endloop
  endfacet
  facet normal 0 0 1
    outer loop
      vertex 53.1817 33.3259 3.5
      vertex 51.9917 34.239 3.5
      vertex 52.9445 33.0555 3.5
    endloop
  endfacet
  facet normal -0 0 1
    outer loop
      vertex 51.8839 34.1161 3.5
      vertex 52.9445 33.0555 3.5
      vertex 51.9917 34.239 3.5
    endloop
  endfacet
  facet normal 0 0 1
    outer loop
      vertex 52.9445 33.0555 3.5
      vertex 51.8839 34.1161 3.5
      vertex 52.6741 32.8183 3.5
    endloop
  endfacet
  facet normal -0 0 1
    outer loop
      vertex 51.761 34.0083 3.5
      vertex 52.6741 32.8183 3.5
      vertex 51.8839 34.1161 3.5
    endloop
  endfacet
  facet normal 0 0 1
    outer loop
      vertex 52.6741 32.8183 3.5
      vertex 51.761 34.0083 3.5
      vertex 52.375 32.6184 3.5
    endloop
  endfacet
  facet normal -0 0 1
    outer loop
      vertex 51.625 33.9175 3.5
      vertex 52.375 32.6184 3.5
      vertex 51.761 34.0083 3.5
    endloop
  endfacet
  facet normal 0 0 1
    outer loop
      vertex 52.375 32.6184 3.5
      vertex 51.625 33.9175 3.5
      vertex 52.0524 32.4593 3.5
    endloop
  endfacet
  facet normal -0 0 1
    outer loop
      vertex 51.4784 33.8451 3.5
      vertex 52.0524 32.4593 3.5
      vertex 51.625 33.9175 3.5
    endloop
  endfacet
  facet normal 0 0 1
    outer loop
      vertex 52.0524 32.4593 3.5
      vertex 51.4784 33.8451 3.5
      vertex 51.7118 32.3437 3.5
    endloop
  endfacet
  facet normal -0 0 1
    outer loop
      vertex 51.3235 33.7926 3.5
      vertex 51.7118 32.3437 3.5
      vertex 51.4784 33.8451 3.5
    endloop
  endfacet
  facet normal 0 0 1
    outer loop
      vertex 51.7118 32.3437 3.5
      vertex 51.3235 33.7926 3.5
      vertex 51.3589 32.2735 3.5
    endloop
  endfacet
  facet normal -0 0 1
    outer loop
      vertex 51.1632 33.7607 3.5
      vertex 51.3589 32.2735 3.5
      vertex 51.3235 33.7926 3.5
    endloop
  endfacet
  facet normal -0 0 1
    outer loop
      vertex 51 33.75 3.5
      vertex 51.3589 32.2735 3.5
      vertex 51.1632 33.7607 3.5
    endloop
  endfacet
  facet normal 0 0 1
    outer loop
      vertex 51 33.75 3.5
      vertex 51 32.25 3.5
      vertex 51.3589 32.2735 3.5
    endloop
  endfacet
  facet normal 0 0 1
    outer loop
      vertex 50.8368 33.7607 3.5
      vertex 51 32.25 3.5
      vertex 51 33.75 3.5
    endloop
  endfacet
  facet normal 0 0 1
    outer loop
      vertex 50.6411 32.2735 3.5
      vertex 50.8368 33.7607 3.5
      vertex 50.6765 33.7926 3.5
    endloop
  endfacet
  facet normal 0 0 1
    outer loop
      vertex 50.8368 33.7607 3.5
      vertex 50.6411 32.2735 3.5
      vertex 51 32.25 3.5
    endloop
  endfacet
  facet normal 0 0 1
    outer loop
      vertex 50.2882 32.3437 3.5
      vertex 50.6765 33.7926 3.5
      vertex 50.5216 33.8451 3.5
    endloop
  endfacet
  facet normal 0 0 1
    outer loop
      vertex 49.9476 32.4593 3.5
      vertex 50.5216 33.8451 3.5
      vertex 50.375 33.9175 3.5
    endloop
  endfacet
  facet normal 0 0 1
    outer loop
      vertex 50.6765 33.7926 3.5
      vertex 50.2882 32.3437 3.5
      vertex 50.6411 32.2735 3.5
    endloop
  endfacet
  facet normal 0 0 1
    outer loop
      vertex 49.625 32.6184 3.5
      vertex 50.375 33.9175 3.5
      vertex 50.239 34.0083 3.5
    endloop
  endfacet
  facet normal 0 0 1
    outer loop
      vertex 49.3259 32.8183 3.5
      vertex 50.239 34.0083 3.5
      vertex 50.1161 34.1161 3.5
    endloop
  endfacet
  facet normal 0 0 1
    outer loop
      vertex 49.0555 33.0555 3.5
      vertex 50.1161 34.1161 3.5
      vertex 50.0083 34.239 3.5
    endloop
  endfacet
  facet normal 0 0 1
    outer loop
      vertex 50.5216 33.8451 3.5
      vertex 49.9476 32.4593 3.5
      vertex 50.2882 32.3437 3.5
    endloop
  endfacet
  facet normal 0 0 1
    outer loop
      vertex 48.8183 33.3259 3.5
      vertex 50.0083 34.239 3.5
      vertex 49.9175 34.375 3.5
    endloop
  endfacet
  facet normal 0 0 1
    outer loop
      vertex 48.6184 33.625 3.5
      vertex 49.9175 34.375 3.5
      vertex 49.8451 34.5216 3.5
    endloop
  endfacet
  facet normal 0 0 1
    outer loop
      vertex 48.4593 33.9476 3.5
      vertex 49.8451 34.5216 3.5
      vertex 49.7926 34.6765 3.5
    endloop
  endfacet
  facet normal 0 0 1
    outer loop
      vertex 48.3437 34.2882 3.5
      vertex 49.7926 34.6765 3.5
      vertex 49.7607 34.8368 3.5
    endloop
  endfacet
  facet normal 0 0 1
    outer loop
      vertex 50.375 33.9175 3.5
      vertex 49.625 32.6184 3.5
      vertex 49.9476 32.4593 3.5
    endloop
  endfacet
  facet normal 0 0 1
    outer loop
      vertex 48.2735 34.6411 3.5
      vertex 49.7607 34.8368 3.5
      vertex 49.75 35 3.5
    endloop
  endfacet
  facet normal 0 0 1
    outer loop
      vertex 49.9175 35.625 3.5
      vertex 48.6184 36.375 3.5
      vertex 49.8451 35.4784 3.5
    endloop
  endfacet
  facet normal -0 0 1
    outer loop
      vertex 48.4593 36.0524 3.5
      vertex 49.8451 35.4784 3.5
      vertex 48.6184 36.375 3.5
    endloop
  endfacet
  facet normal 0 0 1
    outer loop
      vertex 50.239 34.0083 3.5
      vertex 49.3259 32.8183 3.5
      vertex 49.625 32.6184 3.5
    endloop
  endfacet
  facet normal 0 0 1
    outer loop
      vertex 49.8451 35.4784 3.5
      vertex 48.4593 36.0524 3.5
      vertex 49.7926 35.3235 3.5
    endloop
  endfacet
  facet normal 0 0 1
    outer loop
      vertex 50.1161 34.1161 3.5
      vertex 49.0555 33.0555 3.5
      vertex 49.3259 32.8183 3.5
    endloop
  endfacet
  facet normal -0 0 1
    outer loop
      vertex 48.3437 35.7118 3.5
      vertex 49.7926 35.3235 3.5
      vertex 48.4593 36.0524 3.5
    endloop
  endfacet
  facet normal 0 0 1
    outer loop
      vertex 50.0083 34.239 3.5
      vertex 48.8183 33.3259 3.5
      vertex 49.0555 33.0555 3.5
    endloop
  endfacet
  facet normal 0 0 1
    outer loop
      vertex 49.7926 35.3235 3.5
      vertex 48.3437 35.7118 3.5
      vertex 49.7607 35.1632 3.5
    endloop
  endfacet
  facet normal 0 0 1
    outer loop
      vertex 49.9175 34.375 3.5
      vertex 48.6184 33.625 3.5
      vertex 48.8183 33.3259 3.5
    endloop
  endfacet
  facet normal -0 0 1
    outer loop
      vertex 48.2735 35.3589 3.5
      vertex 49.7607 35.1632 3.5
      vertex 48.3437 35.7118 3.5
    endloop
  endfacet
  facet normal 0 0 1
    outer loop
      vertex 49.8451 34.5216 3.5
      vertex 48.4593 33.9476 3.5
      vertex 48.6184 33.625 3.5
    endloop
  endfacet
  facet normal 0 0 1
    outer loop
      vertex 49.7607 35.1632 3.5
      vertex 48.2735 35.3589 3.5
      vertex 49.75 35 3.5
    endloop
  endfacet
  facet normal 0 0 1
    outer loop
      vertex 49.7926 34.6765 3.5
      vertex 48.3437 34.2882 3.5
      vertex 48.4593 33.9476 3.5
    endloop
  endfacet
  facet normal 0 0 1
    outer loop
      vertex 48.25 35 3.5
      vertex 49.75 35 3.5
      vertex 48.2735 35.3589 3.5
    endloop
  endfacet
  facet normal 0 0 1
    outer loop
      vertex 49.7607 34.8368 3.5
      vertex 48.2735 34.6411 3.5
      vertex 48.3437 34.2882 3.5
    endloop
  endfacet
  facet normal 0 0 1
    outer loop
      vertex 49.75 35 3.5
      vertex 48.25 35 3.5
      vertex 48.2735 34.6411 3.5
    endloop
  endfacet
  facet normal 0.751749 -0.659449 0
    outer loop
      vertex 48.8183 36.6741 4
      vertex 49.0555 36.9445 3.5
      vertex 49.0555 36.9445 4
    endloop
  endfacet
  facet normal 0.751749 -0.659449 0
    outer loop
      vertex 49.0555 36.9445 3.5
      vertex 48.8183 36.6741 4
      vertex 48.8183 36.6741 3.5
    endloop
  endfacet
  facet normal -0.0653379 -0.997863 0
    outer loop
      vertex 51 37.75 3.5
      vertex 51.3589 37.7265 4
      vertex 51 37.75 4
    endloop
  endfacet
  facet normal -0.0653379 -0.997863 -0
    outer loop
      vertex 51.3589 37.7265 4
      vertex 51 37.75 3.5
      vertex 51.3589 37.7265 3.5
    endloop
  endfacet
  facet normal -0.555662 -0.831408 0
    outer loop
      vertex 52.375 37.3816 3.5
      vertex 52.6741 37.1817 4
      vertex 52.375 37.3816 4
    endloop
  endfacet
  facet normal -0.555662 -0.831408 -0
    outer loop
      vertex 52.6741 37.1817 4
      vertex 52.375 37.3816 3.5
      vertex 52.6741 37.1817 3.5
    endloop
  endfacet
  facet normal 0.442314 0.89686 -0
    outer loop
      vertex 49.9476 32.4593 3.5
      vertex 49.625 32.6184 4
      vertex 49.9476 32.4593 4
    endloop
  endfacet
  facet normal 0.442314 0.89686 0
    outer loop
      vertex 49.625 32.6184 4
      vertex 49.9476 32.4593 3.5
      vertex 49.625 32.6184 3.5
    endloop
  endfacet
  facet normal 0.831408 0.555662 0
    outer loop
      vertex 48.8183 33.3259 4
      vertex 48.6184 33.625 3.5
      vertex 48.6184 33.625 4
    endloop
  endfacet
  facet normal 0.831408 0.555662 0
    outer loop
      vertex 48.6184 33.625 3.5
      vertex 48.8183 33.3259 4
      vertex 48.8183 33.3259 3.5
    endloop
  endfacet
  facet normal 0.980783 0.195101 0
    outer loop
      vertex 48.3437 34.2882 4
      vertex 48.2735 34.6411 3.5
      vertex 48.2735 34.6411 4
    endloop
  endfacet
  facet normal 0.980783 0.195101 0
    outer loop
      vertex 48.2735 34.6411 3.5
      vertex 48.3437 34.2882 4
      vertex 48.3437 34.2882 3.5
    endloop
  endfacet
  facet normal 0.195101 0.980783 -0
    outer loop
      vertex 50.6411 32.2735 3.5
      vertex 50.2882 32.3437 4
      vertex 50.6411 32.2735 4
    endloop
  endfacet
  facet normal 0.195101 0.980783 0
    outer loop
      vertex 50.2882 32.3437 4
      vertex 50.6411 32.2735 3.5
      vertex 50.2882 32.3437 3.5
    endloop
  endfacet
  facet normal 0.659449 0.751749 -0
    outer loop
      vertex 49.3259 32.8183 3.5
      vertex 49.0555 33.0555 4
      vertex 49.3259 32.8183 4
    endloop
  endfacet
  facet normal 0.659449 0.751749 0
    outer loop
      vertex 49.0555 33.0555 4
      vertex 49.3259 32.8183 3.5
      vertex 49.0555 33.0555 3.5
    endloop
  endfacet
  facet normal 0.89686 -0.442314 0
    outer loop
      vertex 48.4593 36.0524 4
      vertex 48.6184 36.375 3.5
      vertex 48.6184 36.375 4
    endloop
  endfacet
  facet normal 0.89686 -0.442314 0
    outer loop
      vertex 48.6184 36.375 3.5
      vertex 48.4593 36.0524 4
      vertex 48.4593 36.0524 3.5
    endloop
  endfacet
  facet normal 0.997863 0.0653379 0
    outer loop
      vertex 48.2735 34.6411 4
      vertex 48.25 35 3.5
      vertex 48.25 35 4
    endloop
  endfacet
  facet normal 0.997863 0.0653379 0
    outer loop
      vertex 48.25 35 3.5
      vertex 48.2735 34.6411 4
      vertex 48.2735 34.6411 3.5
    endloop
  endfacet
  facet normal -0.555662 0.831408 0
    outer loop
      vertex 52.6741 32.8183 3.5
      vertex 52.375 32.6184 4
      vertex 52.6741 32.8183 4
    endloop
  endfacet
  facet normal -0.555662 0.831408 0
    outer loop
      vertex 52.375 32.6184 4
      vertex 52.6741 32.8183 3.5
      vertex 52.375 32.6184 3.5
    endloop
  endfacet
  facet normal 0.555662 0.831408 -0
    outer loop
      vertex 49.625 32.6184 3.5
      vertex 49.3259 32.8183 4
      vertex 49.625 32.6184 4
    endloop
  endfacet
  facet normal 0.555662 0.831408 0
    outer loop
      vertex 49.3259 32.8183 4
      vertex 49.625 32.6184 3.5
      vertex 49.3259 32.8183 3.5
    endloop
  endfacet
  facet normal -0.896853 0.442329 0
    outer loop
      vertex 33.4373 32.9 0
      vertex 33.6803 33.3927 6.2
      vertex 33.6803 33.3927 0
    endloop
  endfacet
  facet normal -0.896853 0.442329 0
    outer loop
      vertex 33.6803 33.3927 6.2
      vertex 33.4373 32.9 0
      vertex 33.4373 32.9 6.2
    endloop
  endfacet
  facet normal -0.997863 0.0653471 0
    outer loop
      vertex 33.9641 34.4518 0
      vertex 34 35 6.2
      vertex 34 35 0
    endloop
  endfacet
  facet normal -0.997863 0.0653471 0
    outer loop
      vertex 34 35 6.2
      vertex 33.9641 34.4518 0
      vertex 33.9641 34.4518 6.2
    endloop
  endfacet
  facet normal -0.32141 -0.94694 0
    outer loop
      vertex 30.887 39.0569 0
      vertex 31.4073 38.8803 6.2
      vertex 30.887 39.0569 6.2
    endloop
  endfacet
  facet normal -0.32141 -0.94694 -0
    outer loop
      vertex 31.4073 38.8803 6.2
      vertex 30.887 39.0569 0
      vertex 31.4073 38.8803 0
    endloop
  endfacet
  facet normal 0.442329 0.896853 -0
    outer loop
      vertex 24.5927 31.1197 0
      vertex 24.1 31.3627 6.2
      vertex 24.5927 31.1197 6.2
    endloop
  endfacet
  facet normal 0.442329 0.896853 0
    outer loop
      vertex 24.1 31.3627 6.2
      vertex 24.5927 31.1197 0
      vertex 24.1 31.3627 0
    endloop
  endfacet
  facet normal 0.55554 -0.83149 0
    outer loop
      vertex 23.6432 38.3321 0
      vertex 24.1 38.6373 6.2
      vertex 23.6432 38.3321 6.2
    endloop
  endfacet
  facet normal 0.55554 -0.83149 0
    outer loop
      vertex 24.1 38.6373 6.2
      vertex 23.6432 38.3321 0
      vertex 24.1 38.6373 0
    endloop
  endfacet
  facet normal -0.83149 -0.55554 0
    outer loop
      vertex 33.4373 37.1 0
      vertex 33.1321 37.5568 6.2
      vertex 33.1321 37.5568 0
    endloop
  endfacet
  facet normal -0.83149 -0.55554 0
    outer loop
      vertex 33.1321 37.5568 6.2
      vertex 33.4373 37.1 0
      vertex 33.4373 37.1 6.2
    endloop
  endfacet
  facet normal 0 1 -0
    outer loop
      vertex 29.8 30.8 0
      vertex 26.2 30.8 6.2
      vertex 29.8 30.8 6.2
    endloop
  endfacet
  facet normal 0 1 0
    outer loop
      vertex 26.2 30.8 6.2
      vertex 29.8 30.8 0
      vertex 26.2 30.8 0
    endloop
  endfacet
  facet normal 0.94694 -0.32141 0
    outer loop
      vertex 22.1431 36.087 6.2
      vertex 22.3197 36.6073 0
      vertex 22.3197 36.6073 6.2
    endloop
  endfacet
  facet normal 0.94694 -0.32141 0
    outer loop
      vertex 22.3197 36.6073 0
      vertex 22.1431 36.087 6.2
      vertex 22.1431 36.087 0
    endloop
  endfacet
  facet normal -0.94694 -0.32141 0
    outer loop
      vertex 33.8569 36.087 0
      vertex 33.6803 36.6073 6.2
      vertex 33.6803 36.6073 0
    endloop
  endfacet
  facet normal -0.94694 -0.32141 0
    outer loop
      vertex 33.6803 36.6073 6.2
      vertex 33.8569 36.087 0
      vertex 33.8569 36.087 6.2
    endloop
  endfacet
  facet normal -0.896853 -0.442329 0
    outer loop
      vertex 33.6803 36.6073 0
      vertex 33.4373 37.1 6.2
      vertex 33.4373 37.1 0
    endloop
  endfacet
  facet normal -0.896853 -0.442329 0
    outer loop
      vertex 33.4373 37.1 6.2
      vertex 33.6803 36.6073 0
      vertex 33.6803 36.6073 6.2
    endloop
  endfacet
  facet normal 0.0653471 -0.997863 0
    outer loop
      vertex 25.6518 39.1641 0
      vertex 26.2 39.2 6.2
      vertex 25.6518 39.1641 6.2
    endloop
  endfacet
  facet normal 0.0653471 -0.997863 0
    outer loop
      vertex 26.2 39.2 6.2
      vertex 25.6518 39.1641 0
      vertex 26.2 39.2 0
    endloop
  endfacet
  facet normal -0.997863 -0.0653471 0
    outer loop
      vertex 34 35 0
      vertex 33.9641 35.5482 6.2
      vertex 33.9641 35.5482 0
    endloop
  endfacet
  facet normal -0.997863 -0.0653471 0
    outer loop
      vertex 33.9641 35.5482 6.2
      vertex 34 35 0
      vertex 34 35 6.2
    endloop
  endfacet
  facet normal -0.659458 -0.751742 0
    outer loop
      vertex 32.3568 38.3321 0
      vertex 32.7698 37.9698 6.2
      vertex 32.3568 38.3321 6.2
    endloop
  endfacet
  facet normal -0.659458 -0.751742 -0
    outer loop
      vertex 32.7698 37.9698 6.2
      vertex 32.3568 38.3321 0
      vertex 32.7698 37.9698 0
    endloop
  endfacet
  facet normal -0.0653471 0.997863 0
    outer loop
      vertex 30.3482 30.8359 0
      vertex 29.8 30.8 6.2
      vertex 30.3482 30.8359 6.2
    endloop
  endfacet
  facet normal -0.0653471 0.997863 0
    outer loop
      vertex 29.8 30.8 6.2
      vertex 30.3482 30.8359 0
      vertex 29.8 30.8 0
    endloop
  endfacet
  facet normal -0.659458 0.751742 0
    outer loop
      vertex 32.7698 32.0302 0
      vertex 32.3568 31.6679 6.2
      vertex 32.7698 32.0302 6.2
    endloop
  endfacet
  facet normal -0.659458 0.751742 0
    outer loop
      vertex 32.3568 31.6679 6.2
      vertex 32.7698 32.0302 0
      vertex 32.3568 31.6679 0
    endloop
  endfacet
  facet normal -0.442329 0.896853 0
    outer loop
      vertex 31.9 31.3627 0
      vertex 31.4073 31.1197 6.2
      vertex 31.9 31.3627 6.2
    endloop
  endfacet
  facet normal -0.442329 0.896853 0
    outer loop
      vertex 31.4073 31.1197 6.2
      vertex 31.9 31.3627 0
      vertex 31.4073 31.1197 0
    endloop
  endfacet
  facet normal -0.751742 -0.659458 0
    outer loop
      vertex 33.1321 37.5568 0
      vertex 32.7698 37.9698 6.2
      vertex 32.7698 37.9698 0
    endloop
  endfacet
  facet normal -0.751742 -0.659458 0
    outer loop
      vertex 32.7698 37.9698 6.2
      vertex 33.1321 37.5568 0
      vertex 33.1321 37.5568 6.2
    endloop
  endfacet
  facet normal -0.980776 0.195136 0
    outer loop
      vertex 33.8569 33.913 0
      vertex 33.9641 34.4518 6.2
      vertex 33.9641 34.4518 0
    endloop
  endfacet
  facet normal -0.980776 0.195136 0
    outer loop
      vertex 33.9641 34.4518 6.2
      vertex 33.8569 33.913 0
      vertex 33.8569 33.913 6.2
    endloop
  endfacet
  facet normal 0.980776 0.195136 0
    outer loop
      vertex 22.1431 33.913 6.2
      vertex 22.0359 34.4518 0
      vertex 22.0359 34.4518 6.2
    endloop
  endfacet
  facet normal 0.980776 0.195136 0
    outer loop
      vertex 22.0359 34.4518 0
      vertex 22.1431 33.913 6.2
      vertex 22.1431 33.913 0
    endloop
  endfacet
  facet normal -0.55554 -0.83149 0
    outer loop
      vertex 31.9 38.6373 0
      vertex 32.3568 38.3321 6.2
      vertex 31.9 38.6373 6.2
    endloop
  endfacet
  facet normal -0.55554 -0.83149 -0
    outer loop
      vertex 32.3568 38.3321 6.2
      vertex 31.9 38.6373 0
      vertex 32.3568 38.3321 0
    endloop
  endfacet
  facet normal -0.55554 0.83149 0
    outer loop
      vertex 32.3568 31.6679 0
      vertex 31.9 31.3627 6.2
      vertex 32.3568 31.6679 6.2
    endloop
  endfacet
  facet normal -0.55554 0.83149 0
    outer loop
      vertex 31.9 31.3627 6.2
      vertex 32.3568 31.6679 0
      vertex 31.9 31.3627 0
    endloop
  endfacet
  facet normal -0.94694 0.32141 0
    outer loop
      vertex 33.6803 33.3927 0
      vertex 33.8569 33.913 6.2
      vertex 33.8569 33.913 0
    endloop
  endfacet
  facet normal -0.94694 0.32141 0
    outer loop
      vertex 33.8569 33.913 6.2
      vertex 33.6803 33.3927 0
      vertex 33.6803 33.3927 6.2
    endloop
  endfacet
  facet normal -0.980776 -0.195136 0
    outer loop
      vertex 33.9641 35.5482 0
      vertex 33.8569 36.087 6.2
      vertex 33.8569 36.087 0
    endloop
  endfacet
  facet normal -0.980776 -0.195136 0
    outer loop
      vertex 33.8569 36.087 6.2
      vertex 33.9641 35.5482 0
      vertex 33.9641 35.5482 6.2
    endloop
  endfacet
  facet normal 0.83149 0.55554 0
    outer loop
      vertex 22.8679 32.4432 6.2
      vertex 22.5627 32.9 0
      vertex 22.5627 32.9 6.2
    endloop
  endfacet
  facet normal 0.83149 0.55554 0
    outer loop
      vertex 22.5627 32.9 0
      vertex 22.8679 32.4432 6.2
      vertex 22.8679 32.4432 0
    endloop
  endfacet
  facet normal 0.896853 -0.442329 0
    outer loop
      vertex 22.3197 36.6073 6.2
      vertex 22.5627 37.1 0
      vertex 22.5627 37.1 6.2
    endloop
  endfacet
  facet normal 0.896853 -0.442329 0
    outer loop
      vertex 22.5627 37.1 0
      vertex 22.3197 36.6073 6.2
      vertex 22.3197 36.6073 0
    endloop
  endfacet
  facet normal 0.751742 0.659458 0
    outer loop
      vertex 23.2302 32.0302 6.2
      vertex 22.8679 32.4432 0
      vertex 22.8679 32.4432 6.2
    endloop
  endfacet
  facet normal 0.751742 0.659458 0
    outer loop
      vertex 22.8679 32.4432 0
      vertex 23.2302 32.0302 6.2
      vertex 23.2302 32.0302 0
    endloop
  endfacet
  facet normal 0.94694 0.32141 0
    outer loop
      vertex 22.3197 33.3927 6.2
      vertex 22.1431 33.913 0
      vertex 22.1431 33.913 6.2
    endloop
  endfacet
  facet normal 0.94694 0.32141 0
    outer loop
      vertex 22.1431 33.913 0
      vertex 22.3197 33.3927 6.2
      vertex 22.3197 33.3927 0
    endloop
  endfacet
  facet normal 0.997863 0.0653471 0
    outer loop
      vertex 22.0359 34.4518 6.2
      vertex 22 35 4.9
      vertex 22 35 6.2
    endloop
  endfacet
  facet normal 0.997863 0.0653471 -0
    outer loop
      vertex 22.0359 34.4518 0
      vertex 22 35 4.9
      vertex 22.0359 34.4518 6.2
    endloop
  endfacet
  facet normal 0.997863 0.0653471 0
    outer loop
      vertex 22 35 4.9
      vertex 22.0359 34.4518 0
      vertex 22 35 0
    endloop
  endfacet
  facet normal 0.83149 -0.55554 0
    outer loop
      vertex 22.5627 37.1 6.2
      vertex 22.8679 37.5568 0
      vertex 22.8679 37.5568 6.2
    endloop
  endfacet
  facet normal 0.83149 -0.55554 0
    outer loop
      vertex 22.8679 37.5568 0
      vertex 22.5627 37.1 6.2
      vertex 22.5627 37.1 0
    endloop
  endfacet
  facet normal 0.980776 -0.195136 0
    outer loop
      vertex 22.0359 35.5482 6.2
      vertex 22.1431 36.087 0
      vertex 22.1431 36.087 6.2
    endloop
  endfacet
  facet normal 0.980776 -0.195136 0
    outer loop
      vertex 22.1431 36.087 0
      vertex 22.0359 35.5482 6.2
      vertex 22.0359 35.5482 0
    endloop
  endfacet
  facet normal 0.751742 -0.659458 0
    outer loop
      vertex 22.8679 37.5568 6.2
      vertex 23.2302 37.9698 0
      vertex 23.2302 37.9698 6.2
    endloop
  endfacet
  facet normal 0.751742 -0.659458 0
    outer loop
      vertex 23.2302 37.9698 0
      vertex 22.8679 37.5568 6.2
      vertex 22.8679 37.5568 0
    endloop
  endfacet
  facet normal -0.83149 0.55554 0
    outer loop
      vertex 33.1321 32.4432 0
      vertex 33.4373 32.9 6.2
      vertex 33.4373 32.9 0
    endloop
  endfacet
  facet normal -0.83149 0.55554 0
    outer loop
      vertex 33.4373 32.9 6.2
      vertex 33.1321 32.4432 0
      vertex 33.1321 32.4432 6.2
    endloop
  endfacet
  facet normal 0.195136 0.980776 -0
    outer loop
      vertex 25.6518 30.8359 0
      vertex 25.113 30.9431 6.2
      vertex 25.6518 30.8359 6.2
    endloop
  endfacet
  facet normal 0.195136 0.980776 0
    outer loop
      vertex 25.113 30.9431 6.2
      vertex 25.6518 30.8359 0
      vertex 25.113 30.9431 0
    endloop
  endfacet
  facet normal 0.55554 0.83149 -0
    outer loop
      vertex 24.1 31.3627 0
      vertex 23.6432 31.6679 6.2
      vertex 24.1 31.3627 6.2
    endloop
  endfacet
  facet normal 0.55554 0.83149 0
    outer loop
      vertex 23.6432 31.6679 6.2
      vertex 24.1 31.3627 0
      vertex 23.6432 31.6679 0
    endloop
  endfacet
  facet normal 0.0653471 0.997863 -0
    outer loop
      vertex 26.2 30.8 0
      vertex 25.6518 30.8359 6.2
      vertex 26.2 30.8 6.2
    endloop
  endfacet
  facet normal 0.0653471 0.997863 0
    outer loop
      vertex 25.6518 30.8359 6.2
      vertex 26.2 30.8 0
      vertex 25.6518 30.8359 0
    endloop
  endfacet
  facet normal -0.442329 -0.896853 0
    outer loop
      vertex 31.4073 38.8803 0
      vertex 31.9 38.6373 6.2
      vertex 31.4073 38.8803 6.2
    endloop
  endfacet
  facet normal -0.442329 -0.896853 -0
    outer loop
      vertex 31.9 38.6373 6.2
      vertex 31.4073 38.8803 0
      vertex 31.9 38.6373 0
    endloop
  endfacet
  facet normal -0.195136 0.980776 0
    outer loop
      vertex 30.887 30.9431 0
      vertex 30.3482 30.8359 6.2
      vertex 30.887 30.9431 6.2
    endloop
  endfacet
  facet normal -0.195136 0.980776 0
    outer loop
      vertex 30.3482 30.8359 6.2
      vertex 30.887 30.9431 0
      vertex 30.3482 30.8359 0
    endloop
  endfacet
  facet normal -0.32141 0.94694 0
    outer loop
      vertex 31.4073 31.1197 0
      vertex 30.887 30.9431 6.2
      vertex 31.4073 31.1197 6.2
    endloop
  endfacet
  facet normal -0.32141 0.94694 0
    outer loop
      vertex 30.887 30.9431 6.2
      vertex 31.4073 31.1197 0
      vertex 30.887 30.9431 0
    endloop
  endfacet
  facet normal -0.751742 0.659458 0
    outer loop
      vertex 32.7698 32.0302 0
      vertex 33.1321 32.4432 6.2
      vertex 33.1321 32.4432 0
    endloop
  endfacet
  facet normal -0.751742 0.659458 0
    outer loop
      vertex 33.1321 32.4432 6.2
      vertex 32.7698 32.0302 0
      vertex 32.7698 32.0302 6.2
    endloop
  endfacet
  facet normal 0.32141 0.94694 -0
    outer loop
      vertex 25.113 30.9431 0
      vertex 24.5927 31.1197 6.2
      vertex 25.113 30.9431 6.2
    endloop
  endfacet
  facet normal 0.32141 0.94694 0
    outer loop
      vertex 24.5927 31.1197 6.2
      vertex 25.113 30.9431 0
      vertex 24.5927 31.1197 0
    endloop
  endfacet
  facet normal -0.0653471 -0.997863 0
    outer loop
      vertex 29.8 39.2 0
      vertex 30.3482 39.1641 6.2
      vertex 29.8 39.2 6.2
    endloop
  endfacet
  facet normal -0.0653471 -0.997863 -0
    outer loop
      vertex 30.3482 39.1641 6.2
      vertex 29.8 39.2 0
      vertex 30.3482 39.1641 0
    endloop
  endfacet
  facet normal 0.997863 -0.0653471 0
    outer loop
      vertex 22 35 4.9
      vertex 22.0359 35.5482 6.2
      vertex 22 35 6.2
    endloop
  endfacet
  facet normal 0.997863 -0.0653471 0
    outer loop
      vertex 22.0359 35.5482 6.2
      vertex 22 35 4.9
      vertex 22.0359 35.5482 0
    endloop
  endfacet
  facet normal 0.997863 -0.0653471 0
    outer loop
      vertex 22.0359 35.5482 0
      vertex 22 35 4.9
      vertex 22 35 0
    endloop
  endfacet
  facet normal 0.896853 0.442329 0
    outer loop
      vertex 22.5627 32.9 6.2
      vertex 22.3197 33.3927 0
      vertex 22.3197 33.3927 6.2
    endloop
  endfacet
  facet normal 0.896853 0.442329 0
    outer loop
      vertex 22.3197 33.3927 0
      vertex 22.5627 32.9 6.2
      vertex 22.5627 32.9 0
    endloop
  endfacet
  facet normal 0.442329 -0.896853 0
    outer loop
      vertex 24.1 38.6373 0
      vertex 24.5927 38.8803 6.2
      vertex 24.1 38.6373 6.2
    endloop
  endfacet
  facet normal 0.442329 -0.896853 0
    outer loop
      vertex 24.5927 38.8803 6.2
      vertex 24.1 38.6373 0
      vertex 24.5927 38.8803 0
    endloop
  endfacet
  facet normal 0.659458 0.751742 -0
    outer loop
      vertex 23.6432 31.6679 0
      vertex 23.2302 32.0302 6.2
      vertex 23.6432 31.6679 6.2
    endloop
  endfacet
  facet normal 0.659458 0.751742 0
    outer loop
      vertex 23.2302 32.0302 6.2
      vertex 23.6432 31.6679 0
      vertex 23.2302 32.0302 0
    endloop
  endfacet
  facet normal 0 -1 0
    outer loop
      vertex 26.2 39.2 0
      vertex 29.8 39.2 6.2
      vertex 26.2 39.2 6.2
    endloop
  endfacet
  facet normal 0 -1 -0
    outer loop
      vertex 29.8 39.2 6.2
      vertex 26.2 39.2 0
      vertex 29.8 39.2 0
    endloop
  endfacet
  facet normal 0.32141 -0.94694 0
    outer loop
      vertex 24.5927 38.8803 0
      vertex 25.113 39.0569 6.2
      vertex 24.5927 38.8803 6.2
    endloop
  endfacet
  facet normal 0.32141 -0.94694 0
    outer loop
      vertex 25.113 39.0569 6.2
      vertex 24.5927 38.8803 0
      vertex 25.113 39.0569 0
    endloop
  endfacet
  facet normal -0.195136 -0.980776 0
    outer loop
      vertex 30.3482 39.1641 0
      vertex 30.887 39.0569 6.2
      vertex 30.3482 39.1641 6.2
    endloop
  endfacet
  facet normal -0.195136 -0.980776 -0
    outer loop
      vertex 30.887 39.0569 6.2
      vertex 30.3482 39.1641 0
      vertex 30.887 39.0569 0
    endloop
  endfacet
  facet normal 0.659458 -0.751742 0
    outer loop
      vertex 23.2302 37.9698 0
      vertex 23.6432 38.3321 6.2
      vertex 23.2302 37.9698 6.2
    endloop
  endfacet
  facet normal 0.659458 -0.751742 0
    outer loop
      vertex 23.6432 38.3321 6.2
      vertex 23.2302 37.9698 0
      vertex 23.6432 38.3321 0
    endloop
  endfacet
  facet normal 0.195136 -0.980776 0
    outer loop
      vertex 25.113 39.0569 0
      vertex 25.6518 39.1641 6.2
      vertex 25.113 39.0569 6.2
    endloop
  endfacet
  facet normal 0.195136 -0.980776 0
    outer loop
      vertex 25.6518 39.1641 6.2
      vertex 25.113 39.0569 0
      vertex 25.6518 39.1641 0
    endloop
  endfacet
  facet normal -0.752198 -0.658937 0
    outer loop
      vertex 21.69 44.4131 0
      vertex 21.5607 44.5607 4
      vertex 21.5607 44.5607 0
    endloop
  endfacet
  facet normal -0.752198 -0.658937 0
    outer loop
      vertex 21.5607 44.5607 4
      vertex 21.69 44.4131 0
      vertex 21.69 44.4131 4
    endloop
  endfacet
  facet normal 0.555547 -0.831485 0
    outer loop
      vertex 4.58686 44.69 0
      vertex 4.75 44.799 4
      vertex 4.58686 44.69 4
    endloop
  endfacet
  facet normal 0.555547 -0.831485 0
    outer loop
      vertex 4.75 44.799 4
      vertex 4.58686 44.69 0
      vertex 4.75 44.799 0
    endloop
  endfacet
  facet normal -0.99787 -0.0652336 0
    outer loop
      vertex 22 43.5 0
      vertex 21.9872 43.6958 4.9
      vertex 21.9872 43.6958 0
    endloop
  endfacet
  facet normal -0.99787 -0.0652336 0
    outer loop
      vertex 21.9872 43.6958 4.9
      vertex 22 43.5 0
      vertex 22 43.5 4.9
    endloop
  endfacet
  facet normal -0.896773 -0.442491 0
    outer loop
      vertex 21.799 44.25 0
      vertex 21.8703 44.1055 4
      vertex 21.799 44.25 4
    endloop
  endfacet
  facet normal -0.89686 -0.442315 7.89848e-06
    outer loop
      vertex 21.8858 44.074 0
      vertex 21.8703 44.1055 4
      vertex 21.799 44.25 0
    endloop
  endfacet
  facet normal -0.897257 -0.441508 -0
    outer loop
      vertex 21.8858 44.074 4.9
      vertex 21.8703 44.1055 4
      vertex 21.8858 44.074 0
    endloop
  endfacet
  facet normal -0.897257 -0.441508 0
    outer loop
      vertex 21.8703 44.1055 4
      vertex 21.8858 44.074 4.9
      vertex 21.8703 44.1055 4.9
    endloop
  endfacet
  facet normal 0.8969 -0.442233 0
    outer loop
      vertex 4.11418 44.074 4
      vertex 4.20096 44.25 0
      vertex 4.20096 44.25 4
    endloop
  endfacet
  facet normal 0.8969 -0.442233 0
    outer loop
      vertex 4.20096 44.25 0
      vertex 4.11418 44.074 4
      vertex 4.11418 44.074 0
    endloop
  endfacet
  facet normal 0.99786 -0.0653858 0
    outer loop
      vertex 4 43.5 4
      vertex 4.01283 43.6958 0
      vertex 4.01283 43.6958 4
    endloop
  endfacet
  facet normal 0.99786 -0.0653858 0
    outer loop
      vertex 4.01283 43.6958 0
      vertex 4 43.5 4
      vertex 4 43.5 0
    endloop
  endfacet
  facet normal -0.195234 -0.980757 0
    outer loop
      vertex 20.6958 44.9872 0
      vertex 20.8882 44.9489 4
      vertex 20.6958 44.9872 4
    endloop
  endfacet
  facet normal -0.195234 -0.980757 -0
    outer loop
      vertex 20.8882 44.9489 4
      vertex 20.6958 44.9872 0
      vertex 20.8882 44.9489 0
    endloop
  endfacet
  facet normal -1 0 0
    outer loop
      vertex 22 35 0
      vertex 22 28.5823 4.6
      vertex 22 35 4.9
    endloop
  endfacet
  facet normal -1 0 0
    outer loop
      vertex 22 26.5 0
      vertex 22 28.5823 4.6
      vertex 22 35 0
    endloop
  endfacet
  facet normal -1 -0 0
    outer loop
      vertex 22 28.5823 4.6
      vertex 22 26.5 0
      vertex 22 26.7679 4.6
    endloop
  endfacet
  facet normal -1 0 0
    outer loop
      vertex 22 26.5 4.9
      vertex 22 26.7679 4.6
      vertex 22 26.5 0
    endloop
  endfacet
  facet normal -1 0 0
    outer loop
      vertex 22 26.7679 4.6
      vertex 22 26.5 4.9
      vertex 22 26.7679 4.9
    endloop
  endfacet
  facet normal -1 -0 0
    outer loop
      vertex 22 35 4.9
      vertex 22 28.5823 4.6
      vertex 22 28.5823 4.9
    endloop
  endfacet
  facet normal -1 0 0
    outer loop
      vertex 22 43.5 0
      vertex 22 43.2321 4.6
      vertex 22 43.5 4.9
    endloop
  endfacet
  facet normal -1 0 0
    outer loop
      vertex 22 43.5 0
      vertex 22 41.4177 4.6
      vertex 22 43.2321 4.6
    endloop
  endfacet
  facet normal -1 0 0
    outer loop
      vertex 22 35 0
      vertex 22 41.4177 4.6
      vertex 22 43.5 0
    endloop
  endfacet
  facet normal -1 0 0
    outer loop
      vertex 22 35 4.9
      vertex 22 41.4177 4.6
      vertex 22 35 0
    endloop
  endfacet
  facet normal -1 0 0
    outer loop
      vertex 22 41.4177 4.6
      vertex 22 35 4.9
      vertex 22 41.4177 4.9
    endloop
  endfacet
  facet normal -1 -0 0
    outer loop
      vertex 22 43.5 4.9
      vertex 22 43.2321 4.6
      vertex 22 43.2321 4.9
    endloop
  endfacet
  facet normal 0 1 -0
    outer loop
      vertex 20.5 25 0
      vertex 5.5 25 4
      vertex 20.5 25 4
    endloop
  endfacet
  facet normal 0 1 0
    outer loop
      vertex 5.5 25 4
      vertex 20.5 25 0
      vertex 5.5 25 0
    endloop
  endfacet
  facet normal -0.752198 0.658937 0
    outer loop
      vertex 21.5607 25.4393 0
      vertex 21.69 25.5869 4
      vertex 21.69 25.5869 0
    endloop
  endfacet
  facet normal -0.752198 0.658937 0
    outer loop
      vertex 21.69 25.5869 4
      vertex 21.5607 25.4393 0
      vertex 21.5607 25.4393 4
    endloop
  endfacet
  facet normal -0.442315 0.89686 0
    outer loop
      vertex 21.25 25.201 0
      vertex 21.074 25.1142 4
      vertex 21.25 25.201 4
    endloop
  endfacet
  facet normal -0.442315 0.89686 0
    outer loop
      vertex 21.074 25.1142 4
      vertex 21.25 25.201 0
      vertex 21.074 25.1142 0
    endloop
  endfacet
  facet normal 0 -1 0
    outer loop
      vertex 5.5 45 0
      vertex 20.5 45 4
      vertex 5.5 45 4
    endloop
  endfacet
  facet normal 0 -1 -0
    outer loop
      vertex 20.5 45 4
      vertex 5.5 45 0
      vertex 20.5 45 0
    endloop
  endfacet
  facet normal 0.831399 -0.555676 0
    outer loop
      vertex 4.20096 44.25 4
      vertex 4.30997 44.4131 0
      vertex 4.30997 44.4131 4
    endloop
  endfacet
  facet normal 0.831399 -0.555676 0
    outer loop
      vertex 4.30997 44.4131 0
      vertex 4.20096 44.25 4
      vertex 4.20096 44.25 0
    endloop
  endfacet
  facet normal -0.658937 0.752198 0
    outer loop
      vertex 21.5607 25.4393 0
      vertex 21.4131 25.31 4
      vertex 21.5607 25.4393 4
    endloop
  endfacet
  facet normal -0.658937 0.752198 0
    outer loop
      vertex 21.4131 25.31 4
      vertex 21.5607 25.4393 0
      vertex 21.4131 25.31 0
    endloop
  endfacet
  facet normal -0.946885 -0.321574 0
    outer loop
      vertex 21.9489 43.8882 0
      vertex 21.8858 44.074 4.9
      vertex 21.8858 44.074 0
    endloop
  endfacet
  facet normal -0.946885 -0.321574 0
    outer loop
      vertex 21.8858 44.074 4.9
      vertex 21.9489 43.8882 0
      vertex 21.9489 43.8882 4.9
    endloop
  endfacet
  facet normal 0.442376 -0.89683 0
    outer loop
      vertex 4.75 44.799 0
      vertex 4.92597 44.8858 4
      vertex 4.75 44.799 4
    endloop
  endfacet
  facet normal 0.442376 -0.89683 0
    outer loop
      vertex 4.92597 44.8858 4
      vertex 4.75 44.799 0
      vertex 4.92597 44.8858 0
    endloop
  endfacet
  facet normal 0.555547 0.831485 -0
    outer loop
      vertex 4.75 25.201 0
      vertex 4.58686 25.31 4
      vertex 4.75 25.201 4
    endloop
  endfacet
  facet normal 0.555547 0.831485 0
    outer loop
      vertex 4.58686 25.31 4
      vertex 4.75 25.201 0
      vertex 4.58686 25.31 0
    endloop
  endfacet
  facet normal -0.658937 -0.752198 0
    outer loop
      vertex 21.4131 44.69 0
      vertex 21.5607 44.5607 4
      vertex 21.4131 44.69 4
    endloop
  endfacet
  facet normal -0.658937 -0.752198 -0
    outer loop
      vertex 21.5607 44.5607 4
      vertex 21.4131 44.69 0
      vertex 21.5607 44.5607 0
    endloop
  endfacet
  facet normal 1 -0 0
    outer loop
      vertex 4 26.5 4
      vertex 4 43.5 0
      vertex 4 43.5 4
    endloop
  endfacet
  facet normal 1 0 0
    outer loop
      vertex 4 43.5 0
      vertex 4 26.5 4
      vertex 4 26.5 0
    endloop
  endfacet
  facet normal -0.442315 -0.89686 0
    outer loop
      vertex 21.074 44.8858 0
      vertex 21.25 44.799 4
      vertex 21.074 44.8858 4
    endloop
  endfacet
  facet normal -0.442315 -0.89686 -0
    outer loop
      vertex 21.25 44.799 4
      vertex 21.074 44.8858 0
      vertex 21.25 44.799 0
    endloop
  endfacet
  facet normal 0.946931 0.321437 0
    outer loop
      vertex 4.11418 25.926 4
      vertex 4.05111 26.1118 0
      vertex 4.05111 26.1118 4
    endloop
  endfacet
  facet normal 0.946931 0.321437 0
    outer loop
      vertex 4.05111 26.1118 0
      vertex 4.11418 25.926 4
      vertex 4.11418 25.926 0
    endloop
  endfacet
  facet normal 0.195195 -0.980764 0
    outer loop
      vertex 5.11177 44.9489 0
      vertex 5.30421 44.9872 4
      vertex 5.11177 44.9489 4
    endloop
  endfacet
  facet normal 0.195195 -0.980764 0
    outer loop
      vertex 5.30421 44.9872 4
      vertex 5.11177 44.9489 0
      vertex 5.30421 44.9872 0
    endloop
  endfacet
  facet normal 0.0652369 -0.99787 0
    outer loop
      vertex 5.30421 44.9872 0
      vertex 5.5 45 4
      vertex 5.30421 44.9872 4
    endloop
  endfacet
  facet normal 0.0652369 -0.99787 0
    outer loop
      vertex 5.5 45 4
      vertex 5.30421 44.9872 0
      vertex 5.5 45 0
    endloop
  endfacet
  facet normal 0.8969 0.442233 0
    outer loop
      vertex 4.20096 25.75 4
      vertex 4.11418 25.926 0
      vertex 4.11418 25.926 4
    endloop
  endfacet
  facet normal 0.8969 0.442233 0
    outer loop
      vertex 4.11418 25.926 0
      vertex 4.20096 25.75 4
      vertex 4.20096 25.75 0
    endloop
  endfacet
  facet normal 0.752021 -0.659139 0
    outer loop
      vertex 4.30997 44.4131 4
      vertex 4.43934 44.5607 0
      vertex 4.43934 44.5607 4
    endloop
  endfacet
  facet normal 0.752021 -0.659139 0
    outer loop
      vertex 4.43934 44.5607 0
      vertex 4.30997 44.4131 4
      vertex 4.30997 44.4131 0
    endloop
  endfacet
  facet normal -0.555641 0.831422 0
    outer loop
      vertex 21.4131 25.31 0
      vertex 21.25 25.201 4
      vertex 21.4131 25.31 4
    endloop
  endfacet
  facet normal -0.555641 0.831422 0
    outer loop
      vertex 21.25 25.201 4
      vertex 21.4131 25.31 0
      vertex 21.25 25.201 0
    endloop
  endfacet
  facet normal -0.0652336 0.99787 0
    outer loop
      vertex 20.6958 25.0128 0
      vertex 20.5 25 4
      vertex 20.6958 25.0128 4
    endloop
  endfacet
  facet normal -0.0652336 0.99787 0
    outer loop
      vertex 20.5 25 4
      vertex 20.6958 25.0128 0
      vertex 20.5 25 0
    endloop
  endfacet
  facet normal 0.752021 0.659139 0
    outer loop
      vertex 4.43934 25.4393 4
      vertex 4.30997 25.5869 0
      vertex 4.30997 25.5869 4
    endloop
  endfacet
  facet normal 0.752021 0.659139 0
    outer loop
      vertex 4.30997 25.5869 0
      vertex 4.43934 25.4393 4
      vertex 4.43934 25.4393 0
    endloop
  endfacet
  facet normal 0.65914 0.752021 -0
    outer loop
      vertex 4.58686 25.31 0
      vertex 4.43934 25.4393 4
      vertex 4.58686 25.31 4
    endloop
  endfacet
  facet normal 0.65914 0.752021 0
    outer loop
      vertex 4.43934 25.4393 4
      vertex 4.58686 25.31 0
      vertex 4.43934 25.4393 0
    endloop
  endfacet
  facet normal -0.99787 0.0652336 0
    outer loop
      vertex 21.9872 26.3042 0
      vertex 22 26.5 4.9
      vertex 22 26.5 0
    endloop
  endfacet
  facet normal -0.99787 0.0652336 0
    outer loop
      vertex 22 26.5 4.9
      vertex 21.9872 26.3042 0
      vertex 21.9872 26.3042 4.9
    endloop
  endfacet
  facet normal -0.321574 0.946885 0
    outer loop
      vertex 21.074 25.1142 0
      vertex 20.8882 25.0511 4
      vertex 21.074 25.1142 4
    endloop
  endfacet
  facet normal -0.321574 0.946885 0
    outer loop
      vertex 20.8882 25.0511 4
      vertex 21.074 25.1142 0
      vertex 20.8882 25.0511 0
    endloop
  endfacet
  facet normal -0.555641 -0.831422 0
    outer loop
      vertex 21.25 44.799 0
      vertex 21.4131 44.69 4
      vertex 21.25 44.799 4
    endloop
  endfacet
  facet normal -0.555641 -0.831422 -0
    outer loop
      vertex 21.4131 44.69 4
      vertex 21.25 44.799 0
      vertex 21.4131 44.69 0
    endloop
  endfacet
  facet normal 0.831399 0.555676 0
    outer loop
      vertex 4.30997 25.5869 4
      vertex 4.20096 25.75 0
      vertex 4.20096 25.75 4
    endloop
  endfacet
  facet normal 0.831399 0.555676 0
    outer loop
      vertex 4.20096 25.75 0
      vertex 4.30997 25.5869 4
      vertex 4.30997 25.5869 0
    endloop
  endfacet
  facet normal -0.980757 0.195234 0
    outer loop
      vertex 21.9489 26.1118 0
      vertex 21.9872 26.3042 4.9
      vertex 21.9872 26.3042 0
    endloop
  endfacet
  facet normal -0.980757 0.195234 0
    outer loop
      vertex 21.9872 26.3042 4.9
      vertex 21.9489 26.1118 0
      vertex 21.9489 26.1118 4.9
    endloop
  endfacet
  facet normal 0.99786 0.0653858 0
    outer loop
      vertex 4.01283 26.3042 4
      vertex 4 26.5 0
      vertex 4 26.5 4
    endloop
  endfacet
  facet normal 0.99786 0.0653858 0
    outer loop
      vertex 4 26.5 0
      vertex 4.01283 26.3042 4
      vertex 4.01283 26.3042 0
    endloop
  endfacet
  facet normal -0.831422 0.555641 0
    outer loop
      vertex 21.69 25.5869 0
      vertex 21.799 25.75 4
      vertex 21.799 25.75 0
    endloop
  endfacet
  facet normal -0.831422 0.555641 0
    outer loop
      vertex 21.799 25.75 4
      vertex 21.69 25.5869 0
      vertex 21.69 25.5869 4
    endloop
  endfacet
  facet normal 0.442376 0.89683 -0
    outer loop
      vertex 4.92597 25.1142 0
      vertex 4.75 25.201 4
      vertex 4.92597 25.1142 4
    endloop
  endfacet
  facet normal 0.442376 0.89683 0
    outer loop
      vertex 4.75 25.201 4
      vertex 4.92597 25.1142 0
      vertex 4.75 25.201 0
    endloop
  endfacet
  facet normal 0.980776 0.195136 0
    outer loop
      vertex 4.05111 26.1118 4
      vertex 4.01283 26.3042 0
      vertex 4.01283 26.3042 4
    endloop
  endfacet
  facet normal 0.980776 0.195136 0
    outer loop
      vertex 4.01283 26.3042 0
      vertex 4.05111 26.1118 4
      vertex 4.05111 26.1118 0
    endloop
  endfacet
  facet normal -0.831422 -0.555641 0
    outer loop
      vertex 21.799 44.25 0
      vertex 21.69 44.4131 4
      vertex 21.69 44.4131 0
    endloop
  endfacet
  facet normal -0.831422 -0.555641 0
    outer loop
      vertex 21.69 44.4131 4
      vertex 21.799 44.25 0
      vertex 21.799 44.25 4
    endloop
  endfacet
  facet normal -0.195234 0.980757 0
    outer loop
      vertex 20.8882 25.0511 0
      vertex 20.6958 25.0128 4
      vertex 20.8882 25.0511 4
    endloop
  endfacet
  facet normal -0.195234 0.980757 0
    outer loop
      vertex 20.6958 25.0128 4
      vertex 20.8882 25.0511 0
      vertex 20.6958 25.0128 0
    endloop
  endfacet
  facet normal 0.0652369 0.99787 -0
    outer loop
      vertex 5.5 25 0
      vertex 5.30421 25.0128 4
      vertex 5.5 25 4
    endloop
  endfacet
  facet normal 0.0652369 0.99787 0
    outer loop
      vertex 5.30421 25.0128 4
      vertex 5.5 25 0
      vertex 5.30421 25.0128 0
    endloop
  endfacet
  facet normal 0.321574 0.946885 -0
    outer loop
      vertex 5.11177 25.0511 0
      vertex 4.92597 25.1142 4
      vertex 5.11177 25.0511 4
    endloop
  endfacet
  facet normal 0.321574 0.946885 0
    outer loop
      vertex 4.92597 25.1142 4
      vertex 5.11177 25.0511 0
      vertex 4.92597 25.1142 0
    endloop
  endfacet
  facet normal 0.321574 -0.946885 0
    outer loop
      vertex 4.92597 44.8858 0
      vertex 5.11177 44.9489 4
      vertex 4.92597 44.8858 4
    endloop
  endfacet
  facet normal 0.321574 -0.946885 0
    outer loop
      vertex 5.11177 44.9489 4
      vertex 4.92597 44.8858 0
      vertex 5.11177 44.9489 0
    endloop
  endfacet
  facet normal -0.946885 0.321574 0
    outer loop
      vertex 21.8858 25.926 0
      vertex 21.9489 26.1118 4.9
      vertex 21.9489 26.1118 0
    endloop
  endfacet
  facet normal -0.946885 0.321574 0
    outer loop
      vertex 21.9489 26.1118 4.9
      vertex 21.8858 25.926 0
      vertex 21.8858 25.926 4.9
    endloop
  endfacet
  facet normal -0.321574 -0.946885 0
    outer loop
      vertex 20.8882 44.9489 0
      vertex 21.074 44.8858 4
      vertex 20.8882 44.9489 4
    endloop
  endfacet
  facet normal -0.321574 -0.946885 -0
    outer loop
      vertex 21.074 44.8858 4
      vertex 20.8882 44.9489 0
      vertex 21.074 44.8858 0
    endloop
  endfacet
  facet normal -0.0652336 -0.99787 0
    outer loop
      vertex 20.5 45 0
      vertex 20.6958 44.9872 4
      vertex 20.5 45 4
    endloop
  endfacet
  facet normal -0.0652336 -0.99787 -0
    outer loop
      vertex 20.6958 44.9872 4
      vertex 20.5 45 0
      vertex 20.6958 44.9872 0
    endloop
  endfacet
  facet normal 0.65914 -0.752021 0
    outer loop
      vertex 4.43934 44.5607 0
      vertex 4.58686 44.69 4
      vertex 4.43934 44.5607 4
    endloop
  endfacet
  facet normal 0.65914 -0.752021 0
    outer loop
      vertex 4.58686 44.69 4
      vertex 4.43934 44.5607 0
      vertex 4.58686 44.69 0
    endloop
  endfacet
  facet normal 0.980776 -0.195136 0
    outer loop
      vertex 4.01283 43.6958 4
      vertex 4.05111 43.8882 0
      vertex 4.05111 43.8882 4
    endloop
  endfacet
  facet normal 0.980776 -0.195136 0
    outer loop
      vertex 4.05111 43.8882 0
      vertex 4.01283 43.6958 4
      vertex 4.01283 43.6958 0
    endloop
  endfacet
  facet normal 0 0 -1
    outer loop
      vertex 21.3036 26.2731 4.9
      vertex 22 26.5 4.9
      vertex 21.9872 26.3042 4.9
    endloop
  endfacet
  facet normal 0 0 -1
    outer loop
      vertex 21.3036 26.2731 4.9
      vertex 21.9872 26.3042 4.9
      vertex 21.9489 26.1118 4.9
    endloop
  endfacet
  facet normal 0 0 -1
    outer loop
      vertex 21.3036 26.2731 4.9
      vertex 21.9489 26.1118 4.9
      vertex 21.8858 25.926 4.9
    endloop
  endfacet
  facet normal 0 0 -1
    outer loop
      vertex 21.3036 26.2731 4.9
      vertex 21.8858 25.926 4.9
      vertex 21.8703 25.8945 4.9
    endloop
  endfacet
  facet normal -0 0 -1
    outer loop
      vertex 22 26.5 4.9
      vertex 21.3036 26.2731 4.9
      vertex 21.7906 26.9078 4.9
    endloop
  endfacet
  facet normal 0 0 -1
    outer loop
      vertex 22 26.5 4.9
      vertex 21.7906 26.9078 4.9
      vertex 22 26.7679 4.9
    endloop
  endfacet
  facet normal 0 0 -1
    outer loop
      vertex 21.3036 26.2731 4.9
      vertex 20.7875 27.7875 4.9
      vertex 21.7906 26.9078 4.9
    endloop
  endfacet
  facet normal 0 0 -1
    outer loop
      vertex 20.2218 27.2218 4.9
      vertex 20.7875 27.7875 4.9
      vertex 21.3036 26.2731 4.9
    endloop
  endfacet
  facet normal 0 0 -1
    outer loop
      vertex 20.2218 27.2218 4.9
      vertex 19.9078 28.7906 4.9
      vertex 20.7875 27.7875 4.9
    endloop
  endfacet
  facet normal 0 0 -1
    outer loop
      vertex 19.2731 28.3036 4.9
      vertex 19.9078 28.7906 4.9
      vertex 20.2218 27.2218 4.9
    endloop
  endfacet
  facet normal 0 0 -1
    outer loop
      vertex 19.2731 28.3036 4.9
      vertex 19.1665 29.9 4.9
      vertex 19.9078 28.7906 4.9
    endloop
  endfacet
  facet normal 0 0 -1
    outer loop
      vertex 18.4737 29.5 4.9
      vertex 19.1665 29.9 4.9
      vertex 19.2731 28.3036 4.9
    endloop
  endfacet
  facet normal -0 0 -1
    outer loop
      vertex 19.1665 29.9 4.9
      vertex 18.4737 29.5 4.9
      vertex 18.5764 31.0966 4.9
    endloop
  endfacet
  facet normal 0 0 -1
    outer loop
      vertex 17.8373 30.7905 4.9
      vertex 18.5764 31.0966 4.9
      vertex 18.4737 29.5 4.9
    endloop
  endfacet
  facet normal -0 0 -1
    outer loop
      vertex 18.5764 31.0966 4.9
      vertex 17.8373 30.7905 4.9
      vertex 18.1476 32.36 4.9
    endloop
  endfacet
  facet normal 0 0 -1
    outer loop
      vertex 17.3748 32.153 4.9
      vertex 18.1476 32.36 4.9
      vertex 17.8373 30.7905 4.9
    endloop
  endfacet
  facet normal -0 0 -1
    outer loop
      vertex 18.1476 32.36 4.9
      vertex 17.3748 32.153 4.9
      vertex 17.8873 33.6686 4.9
    endloop
  endfacet
  facet normal 0 0 -1
    outer loop
      vertex 17.0941 33.5642 4.9
      vertex 17.8873 33.6686 4.9
      vertex 17.3748 32.153 4.9
    endloop
  endfacet
  facet normal 0 0 -1
    outer loop
      vertex 21.7906 43.0922 4.9
      vertex 22 43.5 4.9
      vertex 22 43.2321 4.9
    endloop
  endfacet
  facet normal 0 0 -1
    outer loop
      vertex 21.3036 43.7269 4.9
      vertex 22 43.5 4.9
      vertex 21.7906 43.0922 4.9
    endloop
  endfacet
  facet normal 0 0 -1
    outer loop
      vertex 21.9872 43.6958 4.9
      vertex 21.3036 43.7269 4.9
      vertex 21.9489 43.8882 4.9
    endloop
  endfacet
  facet normal -0 0 -1
    outer loop
      vertex 21.9489 43.8882 4.9
      vertex 21.3036 43.7269 4.9
      vertex 21.8858 44.074 4.9
    endloop
  endfacet
  facet normal 0 0 -1
    outer loop
      vertex 22 43.5 4.9
      vertex 21.3036 43.7269 4.9
      vertex 21.9872 43.6958 4.9
    endloop
  endfacet
  facet normal -0 0 -1
    outer loop
      vertex 21.8858 44.074 4.9
      vertex 21.3036 43.7269 4.9
      vertex 21.8703 44.1055 4.9
    endloop
  endfacet
  facet normal 0 0 -1
    outer loop
      vertex 20.7875 42.2125 4.9
      vertex 21.3036 43.7269 4.9
      vertex 21.7906 43.0922 4.9
    endloop
  endfacet
  facet normal 0 0 -1
    outer loop
      vertex 20.7875 42.2125 4.9
      vertex 20.2218 42.7782 4.9
      vertex 21.3036 43.7269 4.9
    endloop
  endfacet
  facet normal 0 0 -1
    outer loop
      vertex 19.9078 41.2094 4.9
      vertex 20.2218 42.7782 4.9
      vertex 20.7875 42.2125 4.9
    endloop
  endfacet
  facet normal 0 0 -1
    outer loop
      vertex 19.9078 41.2094 4.9
      vertex 19.2731 41.6964 4.9
      vertex 20.2218 42.7782 4.9
    endloop
  endfacet
  facet normal 0 0 -1
    outer loop
      vertex 19.1665 40.1 4.9
      vertex 19.2731 41.6964 4.9
      vertex 19.9078 41.2094 4.9
    endloop
  endfacet
  facet normal 0 0 -1
    outer loop
      vertex 18.4737 40.5 4.9
      vertex 19.1665 40.1 4.9
      vertex 18.5764 38.9034 4.9
    endloop
  endfacet
  facet normal 0 0 -1
    outer loop
      vertex 19.1665 40.1 4.9
      vertex 18.4737 40.5 4.9
      vertex 19.2731 41.6964 4.9
    endloop
  endfacet
  facet normal 0 0 -1
    outer loop
      vertex 17.8373 39.2095 4.9
      vertex 18.5764 38.9034 4.9
      vertex 18.1476 37.64 4.9
    endloop
  endfacet
  facet normal 0 0 -1
    outer loop
      vertex 17.3748 37.847 4.9
      vertex 18.1476 37.64 4.9
      vertex 17.8873 36.3314 4.9
    endloop
  endfacet
  facet normal 0 0 -1
    outer loop
      vertex 18.5764 38.9034 4.9
      vertex 17.8373 39.2095 4.9
      vertex 18.4737 40.5 4.9
    endloop
  endfacet
  facet normal 0 0 -1
    outer loop
      vertex 17.0941 36.4358 4.9
      vertex 17.8873 36.3314 4.9
      vertex 17.8 35 4.9
    endloop
  endfacet
  facet normal -0 0 -1
    outer loop
      vertex 17.8873 33.6686 4.9
      vertex 17.0941 33.5642 4.9
      vertex 17.8 35 4.9
    endloop
  endfacet
  facet normal 0 0 -1
    outer loop
      vertex 18.1476 37.64 4.9
      vertex 17.3748 37.847 4.9
      vertex 17.8373 39.2095 4.9
    endloop
  endfacet
  facet normal 0 0 -1
    outer loop
      vertex 17 35 4.9
      vertex 17.8 35 4.9
      vertex 17.0941 33.5642 4.9
    endloop
  endfacet
  facet normal 0 0 -1
    outer loop
      vertex 17.8873 36.3314 4.9
      vertex 17.0941 36.4358 4.9
      vertex 17.3748 37.847 4.9
    endloop
  endfacet
  facet normal 0 0 -1
    outer loop
      vertex 17.8 35 4.9
      vertex 17 35 4.9
      vertex 17.0941 36.4358 4.9
    endloop
  endfacet
  facet normal 0 0 -1
    outer loop
      vertex 21.7775 28.7775 4.9
      vertex 22 35 4.9
      vertex 22 28.5823 4.9
    endloop
  endfacet
  facet normal 0 0 -1
    outer loop
      vertex 22 35 4.9
      vertex 21.7775 28.7775 4.9
      vertex 21.0185 29.6429 4.9
    endloop
  endfacet
  facet normal 0 0 -1
    outer loop
      vertex 20.379 30.6 4.9
      vertex 22 35 4.9
      vertex 21.0185 29.6429 4.9
    endloop
  endfacet
  facet normal 0 -0 -1
    outer loop
      vertex 21.7775 41.2225 4.9
      vertex 22 35 4.9
      vertex 21.0185 40.3571 4.9
    endloop
  endfacet
  facet normal 0 0 -1
    outer loop
      vertex 22 35 4.9
      vertex 21.7775 41.2225 4.9
      vertex 22 41.4177 4.9
    endloop
  endfacet
  facet normal 0 0 -1
    outer loop
      vertex 19.8699 31.6324 4.9
      vertex 22 35 4.9
      vertex 20.379 30.6 4.9
    endloop
  endfacet
  facet normal 0 0 -1
    outer loop
      vertex 22 35 4.9
      vertex 20.379 39.4 4.9
      vertex 21.0185 40.3571 4.9
    endloop
  endfacet
  facet normal 0 0 -1
    outer loop
      vertex 19.4999 32.7224 4.9
      vertex 22 35 4.9
      vertex 19.8699 31.6324 4.9
    endloop
  endfacet
  facet normal 0 0 -1
    outer loop
      vertex 22 35 4.9
      vertex 19.8699 38.3676 4.9
      vertex 20.379 39.4 4.9
    endloop
  endfacet
  facet normal 0 0 -1
    outer loop
      vertex 19.2753 33.8514 4.9
      vertex 22 35 4.9
      vertex 19.4999 32.7224 4.9
    endloop
  endfacet
  facet normal 0 0 -1
    outer loop
      vertex 22 35 4.9
      vertex 19.4999 37.2776 4.9
      vertex 19.8699 38.3676 4.9
    endloop
  endfacet
  facet normal 0 0 -1
    outer loop
      vertex 19.2 35 4.9
      vertex 22 35 4.9
      vertex 19.2753 33.8514 4.9
    endloop
  endfacet
  facet normal 0 0 -1
    outer loop
      vertex 22 35 4.9
      vertex 19.2753 36.1486 4.9
      vertex 19.4999 37.2776 4.9
    endloop
  endfacet
  facet normal 0 0 -1
    outer loop
      vertex 22 35 4.9
      vertex 19.2 35 4.9
      vertex 19.2753 36.1486 4.9
    endloop
  endfacet
  facet normal -0.980757 -0.195234 0
    outer loop
      vertex 21.9872 43.6958 0
      vertex 21.9489 43.8882 4.9
      vertex 21.9489 43.8882 0
    endloop
  endfacet
  facet normal -0.980757 -0.195234 0
    outer loop
      vertex 21.9489 43.8882 4.9
      vertex 21.9872 43.6958 0
      vertex 21.9872 43.6958 4.9
    endloop
  endfacet
  facet normal 0.195195 0.980764 -0
    outer loop
      vertex 5.30421 25.0128 0
      vertex 5.11177 25.0511 4
      vertex 5.30421 25.0128 4
    endloop
  endfacet
  facet normal 0.195195 0.980764 0
    outer loop
      vertex 5.11177 25.0511 4
      vertex 5.30421 25.0128 0
      vertex 5.11177 25.0511 0
    endloop
  endfacet
  facet normal -0.897257 0.441508 0
    outer loop
      vertex 21.8858 25.926 0
      vertex 21.8703 25.8945 4
      vertex 21.8858 25.926 4.9
    endloop
  endfacet
  facet normal -0.89686 0.442315 7.89848e-06
    outer loop
      vertex 21.799 25.75 0
      vertex 21.8703 25.8945 4
      vertex 21.8858 25.926 0
    endloop
  endfacet
  facet normal -0.896773 0.442491 0
    outer loop
      vertex 21.8703 25.8945 4
      vertex 21.799 25.75 0
      vertex 21.799 25.75 4
    endloop
  endfacet
  facet normal -0.897257 0.441508 0
    outer loop
      vertex 21.8858 25.926 4.9
      vertex 21.8703 25.8945 4
      vertex 21.8703 25.8945 4.9
    endloop
  endfacet
  facet normal 0.946931 -0.321437 0
    outer loop
      vertex 4.05111 43.8882 4
      vertex 4.11418 44.074 0
      vertex 4.11418 44.074 4
    endloop
  endfacet
  facet normal 0.946931 -0.321437 0
    outer loop
      vertex 4.11418 44.074 0
      vertex 4.05111 43.8882 4
      vertex 4.05111 43.8882 0
    endloop
  endfacet
endsolid OpenSCAD_Model
