solid OpenSCAD_Model
  facet normal -0.195081 -0.980787 0
    outer loop
      vertex 3.07621 4.23845 0
      vertex 3.24941 4.204 8
      vertex 3.07621 4.23845 8
    endloop
  endfacet
  facet normal -0.195081 -0.980787 -0
    outer loop
      vertex 3.24941 4.204 8
      vertex 3.07621 4.23845 0
      vertex 3.24941 4.204 0
    endloop
  endfacet
  facet normal -0.980787 -0.195081 0
    outer loop
      vertex 4.23845 3.07621 0
      vertex 4.204 3.24941 8
      vertex 4.204 3.24941 0
    endloop
  endfacet
  facet normal -0.980787 -0.195081 0
    outer loop
      vertex 4.204 3.24941 8
      vertex 4.23845 3.07621 0
      vertex 4.23845 3.07621 8
    endloop
  endfacet
  facet normal -0.997859 -0.0654064 0
    outer loop
      vertex 4.25 2.9 0
      vertex 4.23845 3.07621 8
      vertex 4.23845 3.07621 0
    endloop
  endfacet
  facet normal -0.997859 -0.0654064 0
    outer loop
      vertex 4.23845 3.07621 8
      vertex 4.25 2.9 0
      vertex 4.25 2.9 8
    endloop
  endfacet
  facet normal -0.94693 -0.321439 0
    outer loop
      vertex 4.204 3.24941 0
      vertex 4.14724 3.41662 8
      vertex 4.14724 3.41662 0
    endloop
  endfacet
  facet normal -0.94693 -0.321439 0
    outer loop
      vertex 4.14724 3.41662 8
      vertex 4.204 3.24941 0
      vertex 4.204 3.24941 8
    endloop
  endfacet
  facet normal -0.831492 -0.555536 0
    outer loop
      vertex 4.06913 3.575 0
      vertex 3.97103 3.72183 8
      vertex 3.97103 3.72183 0
    endloop
  endfacet
  facet normal -0.831492 -0.555536 0
    outer loop
      vertex 3.97103 3.72183 8
      vertex 4.06913 3.575 0
      vertex 4.06913 3.575 8
    endloop
  endfacet
  facet normal -0.321439 -0.94693 0
    outer loop
      vertex 3.24941 4.204 0
      vertex 3.41662 4.14724 8
      vertex 3.24941 4.204 8
    endloop
  endfacet
  facet normal -0.321439 -0.94693 -0
    outer loop
      vertex 3.41662 4.14724 8
      vertex 3.24941 4.204 0
      vertex 3.41662 4.14724 0
    endloop
  endfacet
  facet normal 0.980787 0.195081 0
    outer loop
      vertex 1.596 2.55059 8
      vertex 1.56155 2.72379 0
      vertex 1.56155 2.72379 8
    endloop
  endfacet
  facet normal 0.980787 0.195081 0
    outer loop
      vertex 1.56155 2.72379 0
      vertex 1.596 2.55059 8
      vertex 1.596 2.55059 0
    endloop
  endfacet
  facet normal -0.997859 0.0654064 0
    outer loop
      vertex 4.23845 2.72379 0
      vertex 4.25 2.9 8
      vertex 4.25 2.9 0
    endloop
  endfacet
  facet normal -0.997859 0.0654064 0
    outer loop
      vertex 4.25 2.9 8
      vertex 4.23845 2.72379 0
      vertex 4.23845 2.72379 8
    endloop
  endfacet
  facet normal 0.997859 0.0654064 0
    outer loop
      vertex 1.56155 2.72379 8
      vertex 1.55 2.9 0
      vertex 1.55 2.9 8
    endloop
  endfacet
  facet normal 0.997859 0.0654064 0
    outer loop
      vertex 1.55 2.9 0
      vertex 1.56155 2.72379 8
      vertex 1.56155 2.72379 0
    endloop
  endfacet
  facet normal 0.321439 0.94693 -0
    outer loop
      vertex 2.55059 1.596 0
      vertex 2.38338 1.65276 8
      vertex 2.55059 1.596 8
    endloop
  endfacet
  facet normal 0.321439 0.94693 0
    outer loop
      vertex 2.38338 1.65276 8
      vertex 2.55059 1.596 0
      vertex 2.38338 1.65276 0
    endloop
  endfacet
  facet normal -0.89686 -0.442314 0
    outer loop
      vertex 4.14724 3.41662 0
      vertex 4.06913 3.575 8
      vertex 4.06913 3.575 0
    endloop
  endfacet
  facet normal -0.89686 -0.442314 0
    outer loop
      vertex 4.06913 3.575 8
      vertex 4.14724 3.41662 0
      vertex 4.14724 3.41662 8
    endloop
  endfacet
  facet normal -0.751804 -0.659386 0
    outer loop
      vertex 3.97103 3.72183 0
      vertex 3.85459 3.85459 8
      vertex 3.85459 3.85459 0
    endloop
  endfacet
  facet normal -0.751804 -0.659386 0
    outer loop
      vertex 3.85459 3.85459 8
      vertex 3.97103 3.72183 0
      vertex 3.97103 3.72183 8
    endloop
  endfacet
  facet normal -0.94693 0.321439 0
    outer loop
      vertex 4.14724 2.38338 0
      vertex 4.204 2.55059 8
      vertex 4.204 2.55059 0
    endloop
  endfacet
  facet normal -0.94693 0.321439 0
    outer loop
      vertex 4.204 2.55059 8
      vertex 4.14724 2.38338 0
      vertex 4.14724 2.38338 8
    endloop
  endfacet
  facet normal 0.751804 0.659386 0
    outer loop
      vertex 1.94541 1.94541 8
      vertex 1.82897 2.07817 0
      vertex 1.82897 2.07817 8
    endloop
  endfacet
  facet normal 0.751804 0.659386 0
    outer loop
      vertex 1.82897 2.07817 0
      vertex 1.94541 1.94541 8
      vertex 1.94541 1.94541 0
    endloop
  endfacet
  facet normal -0.980787 0.195081 0
    outer loop
      vertex 4.204 2.55059 0
      vertex 4.23845 2.72379 8
      vertex 4.23845 2.72379 0
    endloop
  endfacet
  facet normal -0.980787 0.195081 0
    outer loop
      vertex 4.23845 2.72379 8
      vertex 4.204 2.55059 0
      vertex 4.204 2.55059 8
    endloop
  endfacet
  facet normal -0.0654064 0.997859 0
    outer loop
      vertex 3.07621 1.56155 0
      vertex 2.9 1.55 8
      vertex 3.07621 1.56155 8
    endloop
  endfacet
  facet normal -0.0654064 0.997859 0
    outer loop
      vertex 2.9 1.55 8
      vertex 3.07621 1.56155 0
      vertex 2.9 1.55 0
    endloop
  endfacet
  facet normal 0.94693 0.321439 0
    outer loop
      vertex 1.65276 2.38338 8
      vertex 1.596 2.55059 0
      vertex 1.596 2.55059 8
    endloop
  endfacet
  facet normal 0.94693 0.321439 0
    outer loop
      vertex 1.596 2.55059 0
      vertex 1.65276 2.38338 8
      vertex 1.65276 2.38338 0
    endloop
  endfacet
  facet normal -0.831492 0.555536 0
    outer loop
      vertex 3.97103 2.07817 0
      vertex 4.06913 2.225 8
      vertex 4.06913 2.225 0
    endloop
  endfacet
  facet normal -0.831492 0.555536 0
    outer loop
      vertex 4.06913 2.225 8
      vertex 3.97103 2.07817 0
      vertex 3.97103 2.07817 8
    endloop
  endfacet
  facet normal -0.442314 -0.89686 0
    outer loop
      vertex 3.41662 4.14724 0
      vertex 3.575 4.06913 8
      vertex 3.41662 4.14724 8
    endloop
  endfacet
  facet normal -0.442314 -0.89686 -0
    outer loop
      vertex 3.575 4.06913 8
      vertex 3.41662 4.14724 0
      vertex 3.575 4.06913 0
    endloop
  endfacet
  facet normal 0.442314 -0.89686 0
    outer loop
      vertex 2.225 4.06913 0
      vertex 2.38338 4.14724 8
      vertex 2.225 4.06913 8
    endloop
  endfacet
  facet normal 0.442314 -0.89686 0
    outer loop
      vertex 2.38338 4.14724 8
      vertex 2.225 4.06913 0
      vertex 2.38338 4.14724 0
    endloop
  endfacet
  facet normal -0.442314 0.89686 0
    outer loop
      vertex 3.575 1.73087 0
      vertex 3.41662 1.65276 8
      vertex 3.575 1.73087 8
    endloop
  endfacet
  facet normal -0.442314 0.89686 0
    outer loop
      vertex 3.41662 1.65276 8
      vertex 3.575 1.73087 0
      vertex 3.41662 1.65276 0
    endloop
  endfacet
  facet normal -0.321439 0.94693 0
    outer loop
      vertex 3.41662 1.65276 0
      vertex 3.24941 1.596 8
      vertex 3.41662 1.65276 8
    endloop
  endfacet
  facet normal -0.321439 0.94693 0
    outer loop
      vertex 3.24941 1.596 8
      vertex 3.41662 1.65276 0
      vertex 3.24941 1.596 0
    endloop
  endfacet
  facet normal 0.195081 0.980787 -0
    outer loop
      vertex 2.72379 1.56155 0
      vertex 2.55059 1.596 8
      vertex 2.72379 1.56155 8
    endloop
  endfacet
  facet normal 0.195081 0.980787 0
    outer loop
      vertex 2.55059 1.596 8
      vertex 2.72379 1.56155 0
      vertex 2.55059 1.596 0
    endloop
  endfacet
  facet normal 0.94693 -0.321439 0
    outer loop
      vertex 1.596 3.24941 8
      vertex 1.65276 3.41662 0
      vertex 1.65276 3.41662 8
    endloop
  endfacet
  facet normal 0.94693 -0.321439 0
    outer loop
      vertex 1.65276 3.41662 0
      vertex 1.596 3.24941 8
      vertex 1.596 3.24941 0
    endloop
  endfacet
  facet normal 0.195081 -0.980787 0
    outer loop
      vertex 2.55059 4.204 0
      vertex 2.72379 4.23845 8
      vertex 2.55059 4.204 8
    endloop
  endfacet
  facet normal 0.195081 -0.980787 0
    outer loop
      vertex 2.72379 4.23845 8
      vertex 2.55059 4.204 0
      vertex 2.72379 4.23845 0
    endloop
  endfacet
  facet normal 0.555536 -0.831492 0
    outer loop
      vertex 2.07817 3.97103 0
      vertex 2.225 4.06913 8
      vertex 2.07817 3.97103 8
    endloop
  endfacet
  facet normal 0.555536 -0.831492 0
    outer loop
      vertex 2.225 4.06913 8
      vertex 2.07817 3.97103 0
      vertex 2.225 4.06913 0
    endloop
  endfacet
  facet normal -0.555536 0.831492 0
    outer loop
      vertex 3.72183 1.82897 0
      vertex 3.575 1.73087 8
      vertex 3.72183 1.82897 8
    endloop
  endfacet
  facet normal -0.555536 0.831492 0
    outer loop
      vertex 3.575 1.73087 8
      vertex 3.72183 1.82897 0
      vertex 3.575 1.73087 0
    endloop
  endfacet
  facet normal -0.195081 0.980787 0
    outer loop
      vertex 3.24941 1.596 0
      vertex 3.07621 1.56155 8
      vertex 3.24941 1.596 8
    endloop
  endfacet
  facet normal -0.195081 0.980787 0
    outer loop
      vertex 3.07621 1.56155 8
      vertex 3.24941 1.596 0
      vertex 3.07621 1.56155 0
    endloop
  endfacet
  facet normal 0.89686 -0.442314 0
    outer loop
      vertex 1.65276 3.41662 8
      vertex 1.73087 3.575 0
      vertex 1.73087 3.575 8
    endloop
  endfacet
  facet normal 0.89686 -0.442314 0
    outer loop
      vertex 1.73087 3.575 0
      vertex 1.65276 3.41662 8
      vertex 1.65276 3.41662 0
    endloop
  endfacet
  facet normal 0.831492 -0.555536 0
    outer loop
      vertex 1.73087 3.575 8
      vertex 1.82897 3.72183 0
      vertex 1.82897 3.72183 8
    endloop
  endfacet
  facet normal 0.831492 -0.555536 0
    outer loop
      vertex 1.82897 3.72183 0
      vertex 1.73087 3.575 8
      vertex 1.73087 3.575 0
    endloop
  endfacet
  facet normal 0.0654064 0.997859 -0
    outer loop
      vertex 2.9 1.55 0
      vertex 2.72379 1.56155 8
      vertex 2.9 1.55 8
    endloop
  endfacet
  facet normal 0.0654064 0.997859 0
    outer loop
      vertex 2.72379 1.56155 8
      vertex 2.9 1.55 0
      vertex 2.72379 1.56155 0
    endloop
  endfacet
  facet normal 0.659386 -0.751804 0
    outer loop
      vertex 1.94541 3.85459 0
      vertex 2.07817 3.97103 8
      vertex 1.94541 3.85459 8
    endloop
  endfacet
  facet normal 0.659386 -0.751804 0
    outer loop
      vertex 2.07817 3.97103 8
      vertex 1.94541 3.85459 0
      vertex 2.07817 3.97103 0
    endloop
  endfacet
  facet normal 0.659386 0.751804 -0
    outer loop
      vertex 2.07817 1.82897 0
      vertex 1.94541 1.94541 8
      vertex 2.07817 1.82897 8
    endloop
  endfacet
  facet normal 0.659386 0.751804 0
    outer loop
      vertex 1.94541 1.94541 8
      vertex 2.07817 1.82897 0
      vertex 1.94541 1.94541 0
    endloop
  endfacet
  facet normal 0.751804 -0.659386 0
    outer loop
      vertex 1.82897 3.72183 8
      vertex 1.94541 3.85459 0
      vertex 1.94541 3.85459 8
    endloop
  endfacet
  facet normal 0.751804 -0.659386 0
    outer loop
      vertex 1.94541 3.85459 0
      vertex 1.82897 3.72183 8
      vertex 1.82897 3.72183 0
    endloop
  endfacet
  facet normal -0.751804 0.659386 0
    outer loop
      vertex 3.85459 1.94541 0
      vertex 3.97103 2.07817 8
      vertex 3.97103 2.07817 0
    endloop
  endfacet
  facet normal -0.751804 0.659386 0
    outer loop
      vertex 3.97103 2.07817 8
      vertex 3.85459 1.94541 0
      vertex 3.85459 1.94541 8
    endloop
  endfacet
  facet normal -0.89686 0.442314 0
    outer loop
      vertex 4.06913 2.225 0
      vertex 4.14724 2.38338 8
      vertex 4.14724 2.38338 0
    endloop
  endfacet
  facet normal -0.89686 0.442314 0
    outer loop
      vertex 4.14724 2.38338 8
      vertex 4.06913 2.225 0
      vertex 4.06913 2.225 8
    endloop
  endfacet
  facet normal 0.555536 0.831492 -0
    outer loop
      vertex 2.225 1.73087 0
      vertex 2.07817 1.82897 8
      vertex 2.225 1.73087 8
    endloop
  endfacet
  facet normal 0.555536 0.831492 0
    outer loop
      vertex 2.07817 1.82897 8
      vertex 2.225 1.73087 0
      vertex 2.07817 1.82897 0
    endloop
  endfacet
  facet normal 0.980787 -0.195081 0
    outer loop
      vertex 1.56155 3.07621 8
      vertex 1.596 3.24941 0
      vertex 1.596 3.24941 8
    endloop
  endfacet
  facet normal 0.980787 -0.195081 0
    outer loop
      vertex 1.596 3.24941 0
      vertex 1.56155 3.07621 8
      vertex 1.56155 3.07621 0
    endloop
  endfacet
  facet normal -0.0654064 -0.997859 0
    outer loop
      vertex 2.9 4.25 0
      vertex 3.07621 4.23845 8
      vertex 2.9 4.25 8
    endloop
  endfacet
  facet normal -0.0654064 -0.997859 -0
    outer loop
      vertex 3.07621 4.23845 8
      vertex 2.9 4.25 0
      vertex 3.07621 4.23845 0
    endloop
  endfacet
  facet normal -0.555536 -0.831492 0
    outer loop
      vertex 3.575 4.06913 0
      vertex 3.72183 3.97103 8
      vertex 3.575 4.06913 8
    endloop
  endfacet
  facet normal -0.555536 -0.831492 -0
    outer loop
      vertex 3.72183 3.97103 8
      vertex 3.575 4.06913 0
      vertex 3.72183 3.97103 0
    endloop
  endfacet
  facet normal 0.321439 -0.94693 0
    outer loop
      vertex 2.38338 4.14724 0
      vertex 2.55059 4.204 8
      vertex 2.38338 4.14724 8
    endloop
  endfacet
  facet normal 0.321439 -0.94693 0
    outer loop
      vertex 2.55059 4.204 8
      vertex 2.38338 4.14724 0
      vertex 2.55059 4.204 0
    endloop
  endfacet
  facet normal 0.0654064 -0.997859 0
    outer loop
      vertex 2.72379 4.23845 0
      vertex 2.9 4.25 8
      vertex 2.72379 4.23845 8
    endloop
  endfacet
  facet normal 0.0654064 -0.997859 0
    outer loop
      vertex 2.9 4.25 8
      vertex 2.72379 4.23845 0
      vertex 2.9 4.25 0
    endloop
  endfacet
  facet normal 0.997859 -0.0654064 0
    outer loop
      vertex 1.55 2.9 8
      vertex 1.56155 3.07621 0
      vertex 1.56155 3.07621 8
    endloop
  endfacet
  facet normal 0.997859 -0.0654064 0
    outer loop
      vertex 1.56155 3.07621 0
      vertex 1.55 2.9 8
      vertex 1.55 2.9 0
    endloop
  endfacet
  facet normal -0.659386 -0.751804 0
    outer loop
      vertex 3.72183 3.97103 0
      vertex 3.85459 3.85459 8
      vertex 3.72183 3.97103 8
    endloop
  endfacet
  facet normal -0.659386 -0.751804 -0
    outer loop
      vertex 3.85459 3.85459 8
      vertex 3.72183 3.97103 0
      vertex 3.85459 3.85459 0
    endloop
  endfacet
  facet normal 0.89686 0.442314 0
    outer loop
      vertex 1.73087 2.225 8
      vertex 1.65276 2.38338 0
      vertex 1.65276 2.38338 8
    endloop
  endfacet
  facet normal 0.89686 0.442314 0
    outer loop
      vertex 1.65276 2.38338 0
      vertex 1.73087 2.225 8
      vertex 1.73087 2.225 0
    endloop
  endfacet
  facet normal 0.442314 0.89686 -0
    outer loop
      vertex 2.38338 1.65276 0
      vertex 2.225 1.73087 8
      vertex 2.38338 1.65276 8
    endloop
  endfacet
  facet normal 0.442314 0.89686 0
    outer loop
      vertex 2.225 1.73087 8
      vertex 2.38338 1.65276 0
      vertex 2.225 1.73087 0
    endloop
  endfacet
  facet normal -0.659386 0.751804 0
    outer loop
      vertex 3.85459 1.94541 0
      vertex 3.72183 1.82897 8
      vertex 3.85459 1.94541 8
    endloop
  endfacet
  facet normal -0.659386 0.751804 0
    outer loop
      vertex 3.72183 1.82897 8
      vertex 3.85459 1.94541 0
      vertex 3.72183 1.82897 0
    endloop
  endfacet
  facet normal 0.831492 0.555536 0
    outer loop
      vertex 1.82897 2.07817 8
      vertex 1.73087 2.225 0
      vertex 1.73087 2.225 8
    endloop
  endfacet
  facet normal 0.831492 0.555536 0
    outer loop
      vertex 1.73087 2.225 0
      vertex 1.82897 2.07817 8
      vertex 1.82897 2.07817 0
    endloop
  endfacet
  facet normal -0.980787 -0.195081 0
    outer loop
      vertex 4.23845 29.0762 0
      vertex 4.204 29.2494 8
      vertex 4.204 29.2494 0
    endloop
  endfacet
  facet normal -0.980787 -0.195081 0
    outer loop
      vertex 4.204 29.2494 8
      vertex 4.23845 29.0762 0
      vertex 4.23845 29.0762 8
    endloop
  endfacet
  facet normal -0.997858 -0.0654101 0
    outer loop
      vertex 4.25 28.9 0
      vertex 4.23845 29.0762 8
      vertex 4.23845 29.0762 0
    endloop
  endfacet
  facet normal -0.997858 -0.0654101 0
    outer loop
      vertex 4.23845 29.0762 8
      vertex 4.25 28.9 0
      vertex 4.25 28.9 8
    endloop
  endfacet
  facet normal -0.946925 -0.321456 0
    outer loop
      vertex 4.204 29.2494 0
      vertex 4.14724 29.4166 8
      vertex 4.14724 29.4166 0
    endloop
  endfacet
  facet normal -0.946925 -0.321456 0
    outer loop
      vertex 4.14724 29.4166 8
      vertex 4.204 29.2494 0
      vertex 4.204 29.2494 8
    endloop
  endfacet
  facet normal -0.83144 -0.555615 0
    outer loop
      vertex 4.06913 29.575 0
      vertex 3.97103 29.7218 8
      vertex 3.97103 29.7218 0
    endloop
  endfacet
  facet normal -0.83144 -0.555615 0
    outer loop
      vertex 3.97103 29.7218 8
      vertex 4.06913 29.575 0
      vertex 4.06913 29.575 8
    endloop
  endfacet
  facet normal 0.946925 0.321456 0
    outer loop
      vertex 1.65276 28.3834 8
      vertex 1.596 28.5506 0
      vertex 1.596 28.5506 8
    endloop
  endfacet
  facet normal 0.946925 0.321456 0
    outer loop
      vertex 1.596 28.5506 0
      vertex 1.65276 28.3834 8
      vertex 1.65276 28.3834 0
    endloop
  endfacet
  facet normal -0.321642 0.946861 0
    outer loop
      vertex 3.41662 27.6528 0
      vertex 3.24941 27.596 8
      vertex 3.41662 27.6528 8
    endloop
  endfacet
  facet normal -0.321642 0.946861 0
    outer loop
      vertex 3.24941 27.596 8
      vertex 3.41662 27.6528 0
      vertex 3.24941 27.596 0
    endloop
  endfacet
  facet normal -0.896882 -0.442269 0
    outer loop
      vertex 4.14724 29.4166 0
      vertex 4.06913 29.575 8
      vertex 4.06913 29.575 0
    endloop
  endfacet
  facet normal -0.896882 -0.442269 0
    outer loop
      vertex 4.06913 29.575 8
      vertex 4.14724 29.4166 0
      vertex 4.14724 29.4166 8
    endloop
  endfacet
  facet normal 0.555536 -0.831492 0
    outer loop
      vertex 2.07817 29.971 0
      vertex 2.225 30.0691 8
      vertex 2.07817 29.971 8
    endloop
  endfacet
  facet normal 0.555536 -0.831492 0
    outer loop
      vertex 2.225 30.0691 8
      vertex 2.07817 29.971 0
      vertex 2.225 30.0691 0
    endloop
  endfacet
  facet normal -0.980787 0.195081 0
    outer loop
      vertex 4.204 28.5506 0
      vertex 4.23845 28.7238 8
      vertex 4.23845 28.7238 0
    endloop
  endfacet
  facet normal -0.980787 0.195081 0
    outer loop
      vertex 4.23845 28.7238 8
      vertex 4.204 28.5506 0
      vertex 4.204 28.5506 8
    endloop
  endfacet
  facet normal -0.321642 -0.946861 0
    outer loop
      vertex 3.24941 30.204 0
      vertex 3.41662 30.1472 8
      vertex 3.24941 30.204 8
    endloop
  endfacet
  facet normal -0.321642 -0.946861 -0
    outer loop
      vertex 3.41662 30.1472 8
      vertex 3.24941 30.204 0
      vertex 3.41662 30.1472 0
    endloop
  endfacet
  facet normal 0.659258 -0.751917 0
    outer loop
      vertex 1.94541 29.8546 0
      vertex 2.07817 29.971 8
      vertex 1.94541 29.8546 8
    endloop
  endfacet
  facet normal 0.659258 -0.751917 0
    outer loop
      vertex 2.07817 29.971 8
      vertex 1.94541 29.8546 0
      vertex 2.07817 29.971 0
    endloop
  endfacet
  facet normal -0.555536 0.831492 0
    outer loop
      vertex 3.72183 27.829 0
      vertex 3.575 27.7309 8
      vertex 3.72183 27.829 8
    endloop
  endfacet
  facet normal -0.555536 0.831492 0
    outer loop
      vertex 3.575 27.7309 8
      vertex 3.72183 27.829 0
      vertex 3.575 27.7309 0
    endloop
  endfacet
  facet normal 0.195354 -0.980733 0
    outer loop
      vertex 2.55059 30.204 0
      vertex 2.72379 30.2385 8
      vertex 2.55059 30.204 8
    endloop
  endfacet
  facet normal 0.195354 -0.980733 0
    outer loop
      vertex 2.72379 30.2385 8
      vertex 2.55059 30.204 0
      vertex 2.72379 30.2385 0
    endloop
  endfacet
  facet normal 0.997858 0.0654101 0
    outer loop
      vertex 1.56155 28.7238 8
      vertex 1.55 28.9 0
      vertex 1.55 28.9 8
    endloop
  endfacet
  facet normal 0.997858 0.0654101 0
    outer loop
      vertex 1.55 28.9 0
      vertex 1.56155 28.7238 8
      vertex 1.56155 28.7238 0
    endloop
  endfacet
  facet normal 0.896882 0.442269 0
    outer loop
      vertex 1.73087 28.225 8
      vertex 1.65276 28.3834 0
      vertex 1.65276 28.3834 8
    endloop
  endfacet
  facet normal 0.896882 0.442269 0
    outer loop
      vertex 1.65276 28.3834 0
      vertex 1.73087 28.225 8
      vertex 1.73087 28.225 0
    endloop
  endfacet
  facet normal -0.0651245 -0.997877 0
    outer loop
      vertex 2.9 30.25 0
      vertex 3.07621 30.2385 8
      vertex 2.9 30.25 8
    endloop
  endfacet
  facet normal -0.0651245 -0.997877 -0
    outer loop
      vertex 3.07621 30.2385 8
      vertex 2.9 30.25 0
      vertex 3.07621 30.2385 0
    endloop
  endfacet
  facet normal 0.321642 0.946861 -0
    outer loop
      vertex 2.55059 27.596 0
      vertex 2.38338 27.6528 8
      vertex 2.55059 27.596 8
    endloop
  endfacet
  facet normal 0.321642 0.946861 0
    outer loop
      vertex 2.38338 27.6528 8
      vertex 2.55059 27.596 0
      vertex 2.38338 27.6528 0
    endloop
  endfacet
  facet normal -0.195354 0.980733 0
    outer loop
      vertex 3.24941 27.596 0
      vertex 3.07621 27.5615 8
      vertex 3.24941 27.596 8
    endloop
  endfacet
  facet normal -0.195354 0.980733 0
    outer loop
      vertex 3.07621 27.5615 8
      vertex 3.24941 27.596 0
      vertex 3.07621 27.5615 0
    endloop
  endfacet
  facet normal 0.442269 -0.896883 0
    outer loop
      vertex 2.225 30.0691 0
      vertex 2.38338 30.1472 8
      vertex 2.225 30.0691 8
    endloop
  endfacet
  facet normal 0.442269 -0.896883 0
    outer loop
      vertex 2.38338 30.1472 8
      vertex 2.225 30.0691 0
      vertex 2.38338 30.1472 0
    endloop
  endfacet
  facet normal 0.0651245 -0.997877 0
    outer loop
      vertex 2.72379 30.2385 0
      vertex 2.9 30.25 8
      vertex 2.72379 30.2385 8
    endloop
  endfacet
  facet normal 0.0651245 -0.997877 0
    outer loop
      vertex 2.9 30.25 8
      vertex 2.72379 30.2385 0
      vertex 2.9 30.25 0
    endloop
  endfacet
  facet normal -0.442269 -0.896883 0
    outer loop
      vertex 3.41662 30.1472 0
      vertex 3.575 30.0691 8
      vertex 3.41662 30.1472 8
    endloop
  endfacet
  facet normal -0.442269 -0.896883 -0
    outer loop
      vertex 3.575 30.0691 8
      vertex 3.41662 30.1472 0
      vertex 3.575 30.0691 0
    endloop
  endfacet
  facet normal -0.442269 0.896883 0
    outer loop
      vertex 3.575 27.7309 0
      vertex 3.41662 27.6528 8
      vertex 3.575 27.7309 8
    endloop
  endfacet
  facet normal -0.442269 0.896883 0
    outer loop
      vertex 3.41662 27.6528 8
      vertex 3.575 27.7309 0
      vertex 3.41662 27.6528 0
    endloop
  endfacet
  facet normal 0.980787 0.195081 0
    outer loop
      vertex 1.596 28.5506 8
      vertex 1.56155 28.7238 0
      vertex 1.56155 28.7238 8
    endloop
  endfacet
  facet normal 0.980787 0.195081 0
    outer loop
      vertex 1.56155 28.7238 0
      vertex 1.596 28.5506 8
      vertex 1.596 28.5506 0
    endloop
  endfacet
  facet normal -0.997858 0.0654101 0
    outer loop
      vertex 4.23845 28.7238 0
      vertex 4.25 28.9 8
      vertex 4.25 28.9 0
    endloop
  endfacet
  facet normal -0.997858 0.0654101 0
    outer loop
      vertex 4.25 28.9 8
      vertex 4.23845 28.7238 0
      vertex 4.23845 28.7238 8
    endloop
  endfacet
  facet normal 0.555536 0.831492 -0
    outer loop
      vertex 2.225 27.7309 0
      vertex 2.07817 27.829 8
      vertex 2.225 27.7309 8
    endloop
  endfacet
  facet normal 0.555536 0.831492 0
    outer loop
      vertex 2.07817 27.829 8
      vertex 2.225 27.7309 0
      vertex 2.07817 27.829 0
    endloop
  endfacet
  facet normal -0.751903 0.659274 0
    outer loop
      vertex 3.85459 27.9454 0
      vertex 3.97103 28.0782 8
      vertex 3.97103 28.0782 0
    endloop
  endfacet
  facet normal -0.751903 0.659274 0
    outer loop
      vertex 3.97103 28.0782 8
      vertex 3.85459 27.9454 0
      vertex 3.85459 27.9454 8
    endloop
  endfacet
  facet normal -0.83144 0.555615 0
    outer loop
      vertex 3.97103 28.0782 0
      vertex 4.06913 28.225 8
      vertex 4.06913 28.225 0
    endloop
  endfacet
  facet normal -0.83144 0.555615 0
    outer loop
      vertex 4.06913 28.225 8
      vertex 3.97103 28.0782 0
      vertex 3.97103 28.0782 8
    endloop
  endfacet
  facet normal 0.751903 0.659274 0
    outer loop
      vertex 1.94541 27.9454 8
      vertex 1.82897 28.0782 0
      vertex 1.82897 28.0782 8
    endloop
  endfacet
  facet normal 0.751903 0.659274 0
    outer loop
      vertex 1.82897 28.0782 0
      vertex 1.94541 27.9454 8
      vertex 1.94541 27.9454 0
    endloop
  endfacet
  facet normal 0.751903 -0.659274 0
    outer loop
      vertex 1.82897 29.7218 8
      vertex 1.94541 29.8546 0
      vertex 1.94541 29.8546 8
    endloop
  endfacet
  facet normal 0.751903 -0.659274 0
    outer loop
      vertex 1.94541 29.8546 0
      vertex 1.82897 29.7218 8
      vertex 1.82897 29.7218 0
    endloop
  endfacet
  facet normal 0.659258 0.751917 -0
    outer loop
      vertex 2.07817 27.829 0
      vertex 1.94541 27.9454 8
      vertex 2.07817 27.829 8
    endloop
  endfacet
  facet normal 0.659258 0.751917 0
    outer loop
      vertex 1.94541 27.9454 8
      vertex 2.07817 27.829 0
      vertex 1.94541 27.9454 0
    endloop
  endfacet
  facet normal -0.946925 0.321456 0
    outer loop
      vertex 4.14724 28.3834 0
      vertex 4.204 28.5506 8
      vertex 4.204 28.5506 0
    endloop
  endfacet
  facet normal -0.946925 0.321456 0
    outer loop
      vertex 4.204 28.5506 8
      vertex 4.14724 28.3834 0
      vertex 4.14724 28.3834 8
    endloop
  endfacet
  facet normal 0.83144 0.555615 0
    outer loop
      vertex 1.82897 28.0782 8
      vertex 1.73087 28.225 0
      vertex 1.73087 28.225 8
    endloop
  endfacet
  facet normal 0.83144 0.555615 0
    outer loop
      vertex 1.73087 28.225 0
      vertex 1.82897 28.0782 8
      vertex 1.82897 28.0782 0
    endloop
  endfacet
  facet normal -0.896882 0.442269 0
    outer loop
      vertex 4.06913 28.225 0
      vertex 4.14724 28.3834 8
      vertex 4.14724 28.3834 0
    endloop
  endfacet
  facet normal -0.896882 0.442269 0
    outer loop
      vertex 4.14724 28.3834 8
      vertex 4.06913 28.225 0
      vertex 4.06913 28.225 8
    endloop
  endfacet
  facet normal 0.195354 0.980733 -0
    outer loop
      vertex 2.72379 27.5615 0
      vertex 2.55059 27.596 8
      vertex 2.72379 27.5615 8
    endloop
  endfacet
  facet normal 0.195354 0.980733 0
    outer loop
      vertex 2.55059 27.596 8
      vertex 2.72379 27.5615 0
      vertex 2.55059 27.596 0
    endloop
  endfacet
  facet normal -0.0651245 0.997877 0
    outer loop
      vertex 3.07621 27.5615 0
      vertex 2.9 27.55 8
      vertex 3.07621 27.5615 8
    endloop
  endfacet
  facet normal -0.0651245 0.997877 0
    outer loop
      vertex 2.9 27.55 8
      vertex 3.07621 27.5615 0
      vertex 2.9 27.55 0
    endloop
  endfacet
  facet normal 0.442269 0.896883 -0
    outer loop
      vertex 2.38338 27.6528 0
      vertex 2.225 27.7309 8
      vertex 2.38338 27.6528 8
    endloop
  endfacet
  facet normal 0.442269 0.896883 0
    outer loop
      vertex 2.225 27.7309 8
      vertex 2.38338 27.6528 0
      vertex 2.225 27.7309 0
    endloop
  endfacet
  facet normal -0.195354 -0.980733 0
    outer loop
      vertex 3.07621 30.2385 0
      vertex 3.24941 30.204 8
      vertex 3.07621 30.2385 8
    endloop
  endfacet
  facet normal -0.195354 -0.980733 -0
    outer loop
      vertex 3.24941 30.204 8
      vertex 3.07621 30.2385 0
      vertex 3.24941 30.204 0
    endloop
  endfacet
  facet normal -0.659258 0.751917 0
    outer loop
      vertex 3.85459 27.9454 0
      vertex 3.72183 27.829 8
      vertex 3.85459 27.9454 8
    endloop
  endfacet
  facet normal -0.659258 0.751917 0
    outer loop
      vertex 3.72183 27.829 8
      vertex 3.85459 27.9454 0
      vertex 3.72183 27.829 0
    endloop
  endfacet
  facet normal -0.555536 -0.831492 0
    outer loop
      vertex 3.575 30.0691 0
      vertex 3.72183 29.971 8
      vertex 3.575 30.0691 8
    endloop
  endfacet
  facet normal -0.555536 -0.831492 -0
    outer loop
      vertex 3.72183 29.971 8
      vertex 3.575 30.0691 0
      vertex 3.72183 29.971 0
    endloop
  endfacet
  facet normal 0.321642 -0.946861 0
    outer loop
      vertex 2.38338 30.1472 0
      vertex 2.55059 30.204 8
      vertex 2.38338 30.1472 8
    endloop
  endfacet
  facet normal 0.321642 -0.946861 0
    outer loop
      vertex 2.55059 30.204 8
      vertex 2.38338 30.1472 0
      vertex 2.55059 30.204 0
    endloop
  endfacet
  facet normal 0.0651245 0.997877 -0
    outer loop
      vertex 2.9 27.55 0
      vertex 2.72379 27.5615 8
      vertex 2.9 27.55 8
    endloop
  endfacet
  facet normal 0.0651245 0.997877 0
    outer loop
      vertex 2.72379 27.5615 8
      vertex 2.9 27.55 0
      vertex 2.72379 27.5615 0
    endloop
  endfacet
  facet normal 0.896882 -0.442269 0
    outer loop
      vertex 1.65276 29.4166 8
      vertex 1.73087 29.575 0
      vertex 1.73087 29.575 8
    endloop
  endfacet
  facet normal 0.896882 -0.442269 0
    outer loop
      vertex 1.73087 29.575 0
      vertex 1.65276 29.4166 8
      vertex 1.65276 29.4166 0
    endloop
  endfacet
  facet normal 0.980787 -0.195081 0
    outer loop
      vertex 1.56155 29.0762 8
      vertex 1.596 29.2494 0
      vertex 1.596 29.2494 8
    endloop
  endfacet
  facet normal 0.980787 -0.195081 0
    outer loop
      vertex 1.596 29.2494 0
      vertex 1.56155 29.0762 8
      vertex 1.56155 29.0762 0
    endloop
  endfacet
  facet normal -0.751903 -0.659274 0
    outer loop
      vertex 3.97103 29.7218 0
      vertex 3.85459 29.8546 8
      vertex 3.85459 29.8546 0
    endloop
  endfacet
  facet normal -0.751903 -0.659274 0
    outer loop
      vertex 3.85459 29.8546 8
      vertex 3.97103 29.7218 0
      vertex 3.97103 29.7218 8
    endloop
  endfacet
  facet normal -0.659258 -0.751917 0
    outer loop
      vertex 3.72183 29.971 0
      vertex 3.85459 29.8546 8
      vertex 3.72183 29.971 8
    endloop
  endfacet
  facet normal -0.659258 -0.751917 -0
    outer loop
      vertex 3.85459 29.8546 8
      vertex 3.72183 29.971 0
      vertex 3.85459 29.8546 0
    endloop
  endfacet
  facet normal 0.946925 -0.321456 0
    outer loop
      vertex 1.596 29.2494 8
      vertex 1.65276 29.4166 0
      vertex 1.65276 29.4166 8
    endloop
  endfacet
  facet normal 0.946925 -0.321456 0
    outer loop
      vertex 1.65276 29.4166 0
      vertex 1.596 29.2494 8
      vertex 1.596 29.2494 0
    endloop
  endfacet
  facet normal 0.997858 -0.0654101 0
    outer loop
      vertex 1.55 28.9 8
      vertex 1.56155 29.0762 0
      vertex 1.56155 29.0762 8
    endloop
  endfacet
  facet normal 0.997858 -0.0654101 0
    outer loop
      vertex 1.56155 29.0762 0
      vertex 1.55 28.9 8
      vertex 1.55 28.9 0
    endloop
  endfacet
  facet normal 0.83144 -0.555615 0
    outer loop
      vertex 1.73087 29.575 8
      vertex 1.82897 29.7218 0
      vertex 1.82897 29.7218 8
    endloop
  endfacet
  facet normal 0.83144 -0.555615 0
    outer loop
      vertex 1.82897 29.7218 0
      vertex 1.73087 29.575 8
      vertex 1.73087 29.575 0
    endloop
  endfacet
  facet normal -0.195081 -0.980787 0
    outer loop
      vertex 37.0762 4.23845 0
      vertex 37.2494 4.204 8
      vertex 37.0762 4.23845 8
    endloop
  endfacet
  facet normal -0.195081 -0.980787 -0
    outer loop
      vertex 37.2494 4.204 8
      vertex 37.0762 4.23845 0
      vertex 37.2494 4.204 0
    endloop
  endfacet
  facet normal -0.980841 -0.194809 0
    outer loop
      vertex 38.2384 3.07621 0
      vertex 38.204 3.24941 8
      vertex 38.204 3.24941 0
    endloop
  endfacet
  facet normal -0.980841 -0.194809 0
    outer loop
      vertex 38.204 3.24941 8
      vertex 38.2384 3.07621 0
      vertex 38.2384 3.07621 8
    endloop
  endfacet
  facet normal -0.99784 -0.0656884 0
    outer loop
      vertex 38.25 2.9 0
      vertex 38.2384 3.07621 8
      vertex 38.2384 3.07621 0
    endloop
  endfacet
  facet normal -0.99784 -0.0656884 0
    outer loop
      vertex 38.2384 3.07621 8
      vertex 38.25 2.9 0
      vertex 38.25 2.9 8
    endloop
  endfacet
  facet normal -0.946861 -0.321642 0
    outer loop
      vertex 38.204 3.24941 0
      vertex 38.1472 3.41662 8
      vertex 38.1472 3.41662 0
    endloop
  endfacet
  facet normal -0.946861 -0.321642 0
    outer loop
      vertex 38.1472 3.41662 8
      vertex 38.204 3.24941 0
      vertex 38.204 3.24941 8
    endloop
  endfacet
  facet normal -0.831492 -0.555536 0
    outer loop
      vertex 38.0691 3.575 0
      vertex 37.971 3.72183 8
      vertex 37.971 3.72183 0
    endloop
  endfacet
  facet normal -0.831492 -0.555536 0
    outer loop
      vertex 37.971 3.72183 8
      vertex 38.0691 3.575 0
      vertex 38.0691 3.575 8
    endloop
  endfacet
  facet normal -0.321456 -0.946925 0
    outer loop
      vertex 37.2494 4.204 0
      vertex 37.4166 4.14724 8
      vertex 37.2494 4.204 8
    endloop
  endfacet
  facet normal -0.321456 -0.946925 -0
    outer loop
      vertex 37.4166 4.14724 8
      vertex 37.2494 4.204 0
      vertex 37.4166 4.14724 0
    endloop
  endfacet
  facet normal 0.980841 0.194809 0
    outer loop
      vertex 35.596 2.55059 8
      vertex 35.5616 2.72379 0
      vertex 35.5616 2.72379 8
    endloop
  endfacet
  facet normal 0.980841 0.194809 0
    outer loop
      vertex 35.5616 2.72379 0
      vertex 35.596 2.55059 8
      vertex 35.596 2.55059 0
    endloop
  endfacet
  facet normal -0.99784 0.0656884 0
    outer loop
      vertex 38.2384 2.72379 0
      vertex 38.25 2.9 8
      vertex 38.25 2.9 0
    endloop
  endfacet
  facet normal -0.99784 0.0656884 0
    outer loop
      vertex 38.25 2.9 8
      vertex 38.2384 2.72379 0
      vertex 38.2384 2.72379 8
    endloop
  endfacet
  facet normal 0.555615 0.83144 -0
    outer loop
      vertex 36.225 1.73087 0
      vertex 36.0782 1.82897 8
      vertex 36.225 1.73087 8
    endloop
  endfacet
  facet normal 0.555615 0.83144 0
    outer loop
      vertex 36.0782 1.82897 8
      vertex 36.225 1.73087 0
      vertex 36.0782 1.82897 0
    endloop
  endfacet
  facet normal 0.99784 0.0656884 0
    outer loop
      vertex 35.5616 2.72379 8
      vertex 35.55 2.9 0
      vertex 35.55 2.9 8
    endloop
  endfacet
  facet normal 0.99784 0.0656884 0
    outer loop
      vertex 35.55 2.9 0
      vertex 35.5616 2.72379 8
      vertex 35.5616 2.72379 0
    endloop
  endfacet
  facet normal 0.321456 0.946925 -0
    outer loop
      vertex 36.5506 1.596 0
      vertex 36.3834 1.65276 8
      vertex 36.5506 1.596 8
    endloop
  endfacet
  facet normal 0.321456 0.946925 0
    outer loop
      vertex 36.3834 1.65276 8
      vertex 36.5506 1.596 0
      vertex 36.3834 1.65276 0
    endloop
  endfacet
  facet normal -0.896883 -0.442269 0
    outer loop
      vertex 38.1472 3.41662 0
      vertex 38.0691 3.575 8
      vertex 38.0691 3.575 0
    endloop
  endfacet
  facet normal -0.896883 -0.442269 0
    outer loop
      vertex 38.0691 3.575 8
      vertex 38.1472 3.41662 0
      vertex 38.1472 3.41662 8
    endloop
  endfacet
  facet normal -0.751917 -0.659258 0
    outer loop
      vertex 37.971 3.72183 0
      vertex 37.8546 3.85459 8
      vertex 37.8546 3.85459 0
    endloop
  endfacet
  facet normal -0.751917 -0.659258 0
    outer loop
      vertex 37.8546 3.85459 8
      vertex 37.971 3.72183 0
      vertex 37.971 3.72183 8
    endloop
  endfacet
  facet normal -0.946861 0.321642 0
    outer loop
      vertex 38.1472 2.38338 0
      vertex 38.204 2.55059 8
      vertex 38.204 2.55059 0
    endloop
  endfacet
  facet normal -0.946861 0.321642 0
    outer loop
      vertex 38.204 2.55059 8
      vertex 38.1472 2.38338 0
      vertex 38.1472 2.38338 8
    endloop
  endfacet
  facet normal 0.751917 0.659258 0
    outer loop
      vertex 35.9454 1.94541 8
      vertex 35.829 2.07817 0
      vertex 35.829 2.07817 8
    endloop
  endfacet
  facet normal 0.751917 0.659258 0
    outer loop
      vertex 35.829 2.07817 0
      vertex 35.9454 1.94541 8
      vertex 35.9454 1.94541 0
    endloop
  endfacet
  facet normal -0.980841 0.194809 0
    outer loop
      vertex 38.204 2.55059 0
      vertex 38.2384 2.72379 8
      vertex 38.2384 2.72379 0
    endloop
  endfacet
  facet normal -0.980841 0.194809 0
    outer loop
      vertex 38.2384 2.72379 8
      vertex 38.204 2.55059 0
      vertex 38.204 2.55059 8
    endloop
  endfacet
  facet normal -0.0654101 0.997858 0
    outer loop
      vertex 37.0762 1.56155 0
      vertex 36.9 1.55 8
      vertex 37.0762 1.56155 8
    endloop
  endfacet
  facet normal -0.0654101 0.997858 0
    outer loop
      vertex 36.9 1.55 8
      vertex 37.0762 1.56155 0
      vertex 36.9 1.55 0
    endloop
  endfacet
  facet normal 0.946861 0.321642 0
    outer loop
      vertex 35.6528 2.38338 8
      vertex 35.596 2.55059 0
      vertex 35.596 2.55059 8
    endloop
  endfacet
  facet normal 0.946861 0.321642 0
    outer loop
      vertex 35.596 2.55059 0
      vertex 35.6528 2.38338 8
      vertex 35.6528 2.38338 0
    endloop
  endfacet
  facet normal -0.831492 0.555536 0
    outer loop
      vertex 37.971 2.07817 0
      vertex 38.0691 2.225 8
      vertex 38.0691 2.225 0
    endloop
  endfacet
  facet normal -0.831492 0.555536 0
    outer loop
      vertex 38.0691 2.225 8
      vertex 37.971 2.07817 0
      vertex 37.971 2.07817 8
    endloop
  endfacet
  facet normal -0.442269 -0.896882 0
    outer loop
      vertex 37.4166 4.14724 0
      vertex 37.575 4.06913 8
      vertex 37.4166 4.14724 8
    endloop
  endfacet
  facet normal -0.442269 -0.896882 -0
    outer loop
      vertex 37.575 4.06913 8
      vertex 37.4166 4.14724 0
      vertex 37.575 4.06913 0
    endloop
  endfacet
  facet normal 0.442269 -0.896882 0
    outer loop
      vertex 36.225 4.06913 0
      vertex 36.3834 4.14724 8
      vertex 36.225 4.06913 8
    endloop
  endfacet
  facet normal 0.442269 -0.896882 0
    outer loop
      vertex 36.3834 4.14724 8
      vertex 36.225 4.06913 0
      vertex 36.3834 4.14724 0
    endloop
  endfacet
  facet normal -0.442269 0.896882 0
    outer loop
      vertex 37.575 1.73087 0
      vertex 37.4166 1.65276 8
      vertex 37.575 1.73087 8
    endloop
  endfacet
  facet normal -0.442269 0.896882 0
    outer loop
      vertex 37.4166 1.65276 8
      vertex 37.575 1.73087 0
      vertex 37.4166 1.65276 0
    endloop
  endfacet
  facet normal -0.321456 0.946925 0
    outer loop
      vertex 37.4166 1.65276 0
      vertex 37.2494 1.596 8
      vertex 37.4166 1.65276 8
    endloop
  endfacet
  facet normal -0.321456 0.946925 0
    outer loop
      vertex 37.2494 1.596 8
      vertex 37.4166 1.65276 0
      vertex 37.2494 1.596 0
    endloop
  endfacet
  facet normal 0.195081 0.980787 -0
    outer loop
      vertex 36.7238 1.56155 0
      vertex 36.5506 1.596 8
      vertex 36.7238 1.56155 8
    endloop
  endfacet
  facet normal 0.195081 0.980787 0
    outer loop
      vertex 36.5506 1.596 8
      vertex 36.7238 1.56155 0
      vertex 36.5506 1.596 0
    endloop
  endfacet
  facet normal 0.946861 -0.321642 0
    outer loop
      vertex 35.596 3.24941 8
      vertex 35.6528 3.41662 0
      vertex 35.6528 3.41662 8
    endloop
  endfacet
  facet normal 0.946861 -0.321642 0
    outer loop
      vertex 35.6528 3.41662 0
      vertex 35.596 3.24941 8
      vertex 35.596 3.24941 0
    endloop
  endfacet
  facet normal 0.195081 -0.980787 0
    outer loop
      vertex 36.5506 4.204 0
      vertex 36.7238 4.23845 8
      vertex 36.5506 4.204 8
    endloop
  endfacet
  facet normal 0.195081 -0.980787 0
    outer loop
      vertex 36.7238 4.23845 8
      vertex 36.5506 4.204 0
      vertex 36.7238 4.23845 0
    endloop
  endfacet
  facet normal 0.555615 -0.83144 0
    outer loop
      vertex 36.0782 3.97103 0
      vertex 36.225 4.06913 8
      vertex 36.0782 3.97103 8
    endloop
  endfacet
  facet normal 0.555615 -0.83144 0
    outer loop
      vertex 36.225 4.06913 8
      vertex 36.0782 3.97103 0
      vertex 36.225 4.06913 0
    endloop
  endfacet
  facet normal -0.555615 0.83144 0
    outer loop
      vertex 37.7218 1.82897 0
      vertex 37.575 1.73087 8
      vertex 37.7218 1.82897 8
    endloop
  endfacet
  facet normal -0.555615 0.83144 0
    outer loop
      vertex 37.575 1.73087 8
      vertex 37.7218 1.82897 0
      vertex 37.575 1.73087 0
    endloop
  endfacet
  facet normal -0.195081 0.980787 0
    outer loop
      vertex 37.2494 1.596 0
      vertex 37.0762 1.56155 8
      vertex 37.2494 1.596 8
    endloop
  endfacet
  facet normal -0.195081 0.980787 0
    outer loop
      vertex 37.0762 1.56155 8
      vertex 37.2494 1.596 0
      vertex 37.0762 1.56155 0
    endloop
  endfacet
  facet normal 0.896883 -0.442269 0
    outer loop
      vertex 35.6528 3.41662 8
      vertex 35.7309 3.575 0
      vertex 35.7309 3.575 8
    endloop
  endfacet
  facet normal 0.896883 -0.442269 0
    outer loop
      vertex 35.7309 3.575 0
      vertex 35.6528 3.41662 8
      vertex 35.6528 3.41662 0
    endloop
  endfacet
  facet normal 0.831492 -0.555536 0
    outer loop
      vertex 35.7309 3.575 8
      vertex 35.829 3.72183 0
      vertex 35.829 3.72183 8
    endloop
  endfacet
  facet normal 0.831492 -0.555536 0
    outer loop
      vertex 35.829 3.72183 0
      vertex 35.7309 3.575 8
      vertex 35.7309 3.575 0
    endloop
  endfacet
  facet normal 0.0654101 0.997858 -0
    outer loop
      vertex 36.9 1.55 0
      vertex 36.7238 1.56155 8
      vertex 36.9 1.55 8
    endloop
  endfacet
  facet normal 0.0654101 0.997858 0
    outer loop
      vertex 36.7238 1.56155 8
      vertex 36.9 1.55 0
      vertex 36.7238 1.56155 0
    endloop
  endfacet
  facet normal 0.0654101 -0.997858 0
    outer loop
      vertex 36.7238 4.23845 0
      vertex 36.9 4.25 8
      vertex 36.7238 4.23845 8
    endloop
  endfacet
  facet normal 0.0654101 -0.997858 0
    outer loop
      vertex 36.9 4.25 8
      vertex 36.7238 4.23845 0
      vertex 36.9 4.25 0
    endloop
  endfacet
  facet normal 0.659274 -0.751903 0
    outer loop
      vertex 35.9454 3.85459 0
      vertex 36.0782 3.97103 8
      vertex 35.9454 3.85459 8
    endloop
  endfacet
  facet normal 0.659274 -0.751903 0
    outer loop
      vertex 36.0782 3.97103 8
      vertex 35.9454 3.85459 0
      vertex 36.0782 3.97103 0
    endloop
  endfacet
  facet normal 0.659274 0.751903 -0
    outer loop
      vertex 36.0782 1.82897 0
      vertex 35.9454 1.94541 8
      vertex 36.0782 1.82897 8
    endloop
  endfacet
  facet normal 0.659274 0.751903 0
    outer loop
      vertex 35.9454 1.94541 8
      vertex 36.0782 1.82897 0
      vertex 35.9454 1.94541 0
    endloop
  endfacet
  facet normal 0.751917 -0.659258 0
    outer loop
      vertex 35.829 3.72183 8
      vertex 35.9454 3.85459 0
      vertex 35.9454 3.85459 8
    endloop
  endfacet
  facet normal 0.751917 -0.659258 0
    outer loop
      vertex 35.9454 3.85459 0
      vertex 35.829 3.72183 8
      vertex 35.829 3.72183 0
    endloop
  endfacet
  facet normal -0.751917 0.659258 0
    outer loop
      vertex 37.8546 1.94541 0
      vertex 37.971 2.07817 8
      vertex 37.971 2.07817 0
    endloop
  endfacet
  facet normal -0.751917 0.659258 0
    outer loop
      vertex 37.971 2.07817 8
      vertex 37.8546 1.94541 0
      vertex 37.8546 1.94541 8
    endloop
  endfacet
  facet normal -0.896883 0.442269 0
    outer loop
      vertex 38.0691 2.225 0
      vertex 38.1472 2.38338 8
      vertex 38.1472 2.38338 0
    endloop
  endfacet
  facet normal -0.896883 0.442269 0
    outer loop
      vertex 38.1472 2.38338 8
      vertex 38.0691 2.225 0
      vertex 38.0691 2.225 8
    endloop
  endfacet
  facet normal 0.980841 -0.194809 0
    outer loop
      vertex 35.5616 3.07621 8
      vertex 35.596 3.24941 0
      vertex 35.596 3.24941 8
    endloop
  endfacet
  facet normal 0.980841 -0.194809 0
    outer loop
      vertex 35.596 3.24941 0
      vertex 35.5616 3.07621 8
      vertex 35.5616 3.07621 0
    endloop
  endfacet
  facet normal -0.0654101 -0.997858 0
    outer loop
      vertex 36.9 4.25 0
      vertex 37.0762 4.23845 8
      vertex 36.9 4.25 8
    endloop
  endfacet
  facet normal -0.0654101 -0.997858 -0
    outer loop
      vertex 37.0762 4.23845 8
      vertex 36.9 4.25 0
      vertex 37.0762 4.23845 0
    endloop
  endfacet
  facet normal -0.555615 -0.83144 0
    outer loop
      vertex 37.575 4.06913 0
      vertex 37.7218 3.97103 8
      vertex 37.575 4.06913 8
    endloop
  endfacet
  facet normal -0.555615 -0.83144 -0
    outer loop
      vertex 37.7218 3.97103 8
      vertex 37.575 4.06913 0
      vertex 37.7218 3.97103 0
    endloop
  endfacet
  facet normal 0.321456 -0.946925 0
    outer loop
      vertex 36.3834 4.14724 0
      vertex 36.5506 4.204 8
      vertex 36.3834 4.14724 8
    endloop
  endfacet
  facet normal 0.321456 -0.946925 0
    outer loop
      vertex 36.5506 4.204 8
      vertex 36.3834 4.14724 0
      vertex 36.5506 4.204 0
    endloop
  endfacet
  facet normal 0.99784 -0.0656884 0
    outer loop
      vertex 35.55 2.9 8
      vertex 35.5616 3.07621 0
      vertex 35.5616 3.07621 8
    endloop
  endfacet
  facet normal 0.99784 -0.0656884 0
    outer loop
      vertex 35.5616 3.07621 0
      vertex 35.55 2.9 8
      vertex 35.55 2.9 0
    endloop
  endfacet
  facet normal -0.659274 -0.751903 0
    outer loop
      vertex 37.7218 3.97103 0
      vertex 37.8546 3.85459 8
      vertex 37.7218 3.97103 8
    endloop
  endfacet
  facet normal -0.659274 -0.751903 -0
    outer loop
      vertex 37.8546 3.85459 8
      vertex 37.7218 3.97103 0
      vertex 37.8546 3.85459 0
    endloop
  endfacet
  facet normal 0.896883 0.442269 0
    outer loop
      vertex 35.7309 2.225 8
      vertex 35.6528 2.38338 0
      vertex 35.6528 2.38338 8
    endloop
  endfacet
  facet normal 0.896883 0.442269 0
    outer loop
      vertex 35.6528 2.38338 0
      vertex 35.7309 2.225 8
      vertex 35.7309 2.225 0
    endloop
  endfacet
  facet normal 0.442269 0.896882 -0
    outer loop
      vertex 36.3834 1.65276 0
      vertex 36.225 1.73087 8
      vertex 36.3834 1.65276 8
    endloop
  endfacet
  facet normal 0.442269 0.896882 0
    outer loop
      vertex 36.225 1.73087 8
      vertex 36.3834 1.65276 0
      vertex 36.225 1.73087 0
    endloop
  endfacet
  facet normal -0.659274 0.751903 0
    outer loop
      vertex 37.8546 1.94541 0
      vertex 37.7218 1.82897 8
      vertex 37.8546 1.94541 8
    endloop
  endfacet
  facet normal -0.659274 0.751903 0
    outer loop
      vertex 37.7218 1.82897 8
      vertex 37.8546 1.94541 0
      vertex 37.7218 1.82897 0
    endloop
  endfacet
  facet normal 0.831492 0.555536 0
    outer loop
      vertex 35.829 2.07817 8
      vertex 35.7309 2.225 0
      vertex 35.7309 2.225 8
    endloop
  endfacet
  facet normal 0.831492 0.555536 0
    outer loop
      vertex 35.7309 2.225 0
      vertex 35.829 2.07817 8
      vertex 35.829 2.07817 0
    endloop
  endfacet
  facet normal -0.980841 -0.194809 0
    outer loop
      vertex 38.2384 29.0762 0
      vertex 38.204 29.2494 8
      vertex 38.204 29.2494 0
    endloop
  endfacet
  facet normal -0.980841 -0.194809 0
    outer loop
      vertex 38.204 29.2494 8
      vertex 38.2384 29.0762 0
      vertex 38.2384 29.0762 8
    endloop
  endfacet
  facet normal -0.99784 -0.0656921 0
    outer loop
      vertex 38.25 28.9 0
      vertex 38.2384 29.0762 8
      vertex 38.2384 29.0762 0
    endloop
  endfacet
  facet normal -0.99784 -0.0656921 0
    outer loop
      vertex 38.2384 29.0762 8
      vertex 38.25 28.9 0
      vertex 38.25 28.9 8
    endloop
  endfacet
  facet normal -0.946856 -0.321659 0
    outer loop
      vertex 38.204 29.2494 0
      vertex 38.1472 29.4166 8
      vertex 38.1472 29.4166 0
    endloop
  endfacet
  facet normal -0.946856 -0.321659 0
    outer loop
      vertex 38.1472 29.4166 8
      vertex 38.204 29.2494 0
      vertex 38.204 29.2494 8
    endloop
  endfacet
  facet normal -0.83144 -0.555615 0
    outer loop
      vertex 38.0691 29.575 0
      vertex 37.971 29.7218 8
      vertex 37.971 29.7218 0
    endloop
  endfacet
  facet normal -0.83144 -0.555615 0
    outer loop
      vertex 37.971 29.7218 8
      vertex 38.0691 29.575 0
      vertex 38.0691 29.575 8
    endloop
  endfacet
  facet normal 0.946856 0.321659 0
    outer loop
      vertex 35.6528 28.3834 8
      vertex 35.596 28.5506 0
      vertex 35.596 28.5506 8
    endloop
  endfacet
  facet normal 0.946856 0.321659 0
    outer loop
      vertex 35.596 28.5506 0
      vertex 35.6528 28.3834 8
      vertex 35.6528 28.3834 0
    endloop
  endfacet
  facet normal -0.321659 0.946856 0
    outer loop
      vertex 37.4166 27.6528 0
      vertex 37.2494 27.596 8
      vertex 37.4166 27.6528 8
    endloop
  endfacet
  facet normal -0.321659 0.946856 0
    outer loop
      vertex 37.2494 27.596 8
      vertex 37.4166 27.6528 0
      vertex 37.2494 27.596 0
    endloop
  endfacet
  facet normal -0.896905 -0.442224 0
    outer loop
      vertex 38.1472 29.4166 0
      vertex 38.0691 29.575 8
      vertex 38.0691 29.575 0
    endloop
  endfacet
  facet normal -0.896905 -0.442224 0
    outer loop
      vertex 38.0691 29.575 8
      vertex 38.1472 29.4166 0
      vertex 38.1472 29.4166 8
    endloop
  endfacet
  facet normal 0.555615 -0.83144 0
    outer loop
      vertex 36.0782 29.971 0
      vertex 36.225 30.0691 8
      vertex 36.0782 29.971 8
    endloop
  endfacet
  facet normal 0.555615 -0.83144 0
    outer loop
      vertex 36.225 30.0691 8
      vertex 36.0782 29.971 0
      vertex 36.225 30.0691 0
    endloop
  endfacet
  facet normal -0.980841 0.194809 0
    outer loop
      vertex 38.204 28.5506 0
      vertex 38.2384 28.7238 8
      vertex 38.2384 28.7238 0
    endloop
  endfacet
  facet normal -0.980841 0.194809 0
    outer loop
      vertex 38.2384 28.7238 8
      vertex 38.204 28.5506 0
      vertex 38.204 28.5506 8
    endloop
  endfacet
  facet normal -0.321659 -0.946856 0
    outer loop
      vertex 37.2494 30.204 0
      vertex 37.4166 30.1472 8
      vertex 37.2494 30.204 8
    endloop
  endfacet
  facet normal -0.321659 -0.946856 -0
    outer loop
      vertex 37.4166 30.1472 8
      vertex 37.2494 30.204 0
      vertex 37.4166 30.1472 0
    endloop
  endfacet
  facet normal 0.659146 -0.752015 0
    outer loop
      vertex 35.9454 29.8546 0
      vertex 36.0782 29.971 8
      vertex 35.9454 29.8546 8
    endloop
  endfacet
  facet normal 0.659146 -0.752015 0
    outer loop
      vertex 36.0782 29.971 8
      vertex 35.9454 29.8546 0
      vertex 36.0782 29.971 0
    endloop
  endfacet
  facet normal -0.555615 0.83144 0
    outer loop
      vertex 37.7218 27.829 0
      vertex 37.575 27.7309 8
      vertex 37.7218 27.829 8
    endloop
  endfacet
  facet normal -0.555615 0.83144 0
    outer loop
      vertex 37.575 27.7309 8
      vertex 37.7218 27.829 0
      vertex 37.575 27.7309 0
    endloop
  endfacet
  facet normal 0.195354 -0.980733 0
    outer loop
      vertex 36.5506 30.204 0
      vertex 36.7238 30.2385 8
      vertex 36.5506 30.204 8
    endloop
  endfacet
  facet normal 0.195354 -0.980733 0
    outer loop
      vertex 36.7238 30.2385 8
      vertex 36.5506 30.204 0
      vertex 36.7238 30.2385 0
    endloop
  endfacet
  facet normal 0.99784 0.0656921 0
    outer loop
      vertex 35.5616 28.7238 8
      vertex 35.55 28.9 0
      vertex 35.55 28.9 8
    endloop
  endfacet
  facet normal 0.99784 0.0656921 0
    outer loop
      vertex 35.55 28.9 0
      vertex 35.5616 28.7238 8
      vertex 35.5616 28.7238 0
    endloop
  endfacet
  facet normal 0.896905 0.442224 0
    outer loop
      vertex 35.7309 28.225 8
      vertex 35.6528 28.3834 0
      vertex 35.6528 28.3834 8
    endloop
  endfacet
  facet normal 0.896905 0.442224 0
    outer loop
      vertex 35.6528 28.3834 0
      vertex 35.7309 28.225 8
      vertex 35.7309 28.225 0
    endloop
  endfacet
  facet normal -0.0651282 -0.997877 0
    outer loop
      vertex 36.9 30.25 0
      vertex 37.0762 30.2385 8
      vertex 36.9 30.25 8
    endloop
  endfacet
  facet normal -0.0651282 -0.997877 -0
    outer loop
      vertex 37.0762 30.2385 8
      vertex 36.9 30.25 0
      vertex 37.0762 30.2385 0
    endloop
  endfacet
  facet normal 0.321659 0.946856 -0
    outer loop
      vertex 36.5506 27.596 0
      vertex 36.3834 27.6528 8
      vertex 36.5506 27.596 8
    endloop
  endfacet
  facet normal 0.321659 0.946856 0
    outer loop
      vertex 36.3834 27.6528 8
      vertex 36.5506 27.596 0
      vertex 36.3834 27.6528 0
    endloop
  endfacet
  facet normal -0.195354 0.980733 0
    outer loop
      vertex 37.2494 27.596 0
      vertex 37.0762 27.5615 8
      vertex 37.2494 27.596 8
    endloop
  endfacet
  facet normal -0.195354 0.980733 0
    outer loop
      vertex 37.0762 27.5615 8
      vertex 37.2494 27.596 0
      vertex 37.0762 27.5615 0
    endloop
  endfacet
  facet normal 0.442224 -0.896905 0
    outer loop
      vertex 36.225 30.0691 0
      vertex 36.3834 30.1472 8
      vertex 36.225 30.0691 8
    endloop
  endfacet
  facet normal 0.442224 -0.896905 0
    outer loop
      vertex 36.3834 30.1472 8
      vertex 36.225 30.0691 0
      vertex 36.3834 30.1472 0
    endloop
  endfacet
  facet normal -0.442224 -0.896905 0
    outer loop
      vertex 37.4166 30.1472 0
      vertex 37.575 30.0691 8
      vertex 37.4166 30.1472 8
    endloop
  endfacet
  facet normal -0.442224 -0.896905 -0
    outer loop
      vertex 37.575 30.0691 8
      vertex 37.4166 30.1472 0
      vertex 37.575 30.0691 0
    endloop
  endfacet
  facet normal -0.442224 0.896905 0
    outer loop
      vertex 37.575 27.7309 0
      vertex 37.4166 27.6528 8
      vertex 37.575 27.7309 8
    endloop
  endfacet
  facet normal -0.442224 0.896905 0
    outer loop
      vertex 37.4166 27.6528 8
      vertex 37.575 27.7309 0
      vertex 37.4166 27.6528 0
    endloop
  endfacet
  facet normal 0.980841 0.194809 0
    outer loop
      vertex 35.596 28.5506 8
      vertex 35.5616 28.7238 0
      vertex 35.5616 28.7238 8
    endloop
  endfacet
  facet normal 0.980841 0.194809 0
    outer loop
      vertex 35.5616 28.7238 0
      vertex 35.596 28.5506 8
      vertex 35.596 28.5506 0
    endloop
  endfacet
  facet normal -0.99784 0.0656921 0
    outer loop
      vertex 38.2384 28.7238 0
      vertex 38.25 28.9 8
      vertex 38.25 28.9 0
    endloop
  endfacet
  facet normal -0.99784 0.0656921 0
    outer loop
      vertex 38.25 28.9 8
      vertex 38.2384 28.7238 0
      vertex 38.2384 28.7238 8
    endloop
  endfacet
  facet normal 0.555615 0.83144 -0
    outer loop
      vertex 36.225 27.7309 0
      vertex 36.0782 27.829 8
      vertex 36.225 27.7309 8
    endloop
  endfacet
  facet normal 0.555615 0.83144 0
    outer loop
      vertex 36.0782 27.829 8
      vertex 36.225 27.7309 0
      vertex 36.0782 27.829 0
    endloop
  endfacet
  facet normal -0.752015 0.659146 0
    outer loop
      vertex 37.8546 27.9454 0
      vertex 37.971 28.0782 8
      vertex 37.971 28.0782 0
    endloop
  endfacet
  facet normal -0.752015 0.659146 0
    outer loop
      vertex 37.971 28.0782 8
      vertex 37.8546 27.9454 0
      vertex 37.8546 27.9454 8
    endloop
  endfacet
  facet normal -0.83144 0.555615 0
    outer loop
      vertex 37.971 28.0782 0
      vertex 38.0691 28.225 8
      vertex 38.0691 28.225 0
    endloop
  endfacet
  facet normal -0.83144 0.555615 0
    outer loop
      vertex 38.0691 28.225 8
      vertex 37.971 28.0782 0
      vertex 37.971 28.0782 8
    endloop
  endfacet
  facet normal 0.752015 0.659146 0
    outer loop
      vertex 35.9454 27.9454 8
      vertex 35.829 28.0782 0
      vertex 35.829 28.0782 8
    endloop
  endfacet
  facet normal 0.752015 0.659146 0
    outer loop
      vertex 35.829 28.0782 0
      vertex 35.9454 27.9454 8
      vertex 35.9454 27.9454 0
    endloop
  endfacet
  facet normal 0.752015 -0.659146 0
    outer loop
      vertex 35.829 29.7218 8
      vertex 35.9454 29.8546 0
      vertex 35.9454 29.8546 8
    endloop
  endfacet
  facet normal 0.752015 -0.659146 0
    outer loop
      vertex 35.9454 29.8546 0
      vertex 35.829 29.7218 8
      vertex 35.829 29.7218 0
    endloop
  endfacet
  facet normal -0.946856 0.321659 0
    outer loop
      vertex 38.1472 28.3834 0
      vertex 38.204 28.5506 8
      vertex 38.204 28.5506 0
    endloop
  endfacet
  facet normal -0.946856 0.321659 0
    outer loop
      vertex 38.204 28.5506 8
      vertex 38.1472 28.3834 0
      vertex 38.1472 28.3834 8
    endloop
  endfacet
  facet normal 0.83144 0.555615 0
    outer loop
      vertex 35.829 28.0782 8
      vertex 35.7309 28.225 0
      vertex 35.7309 28.225 8
    endloop
  endfacet
  facet normal 0.83144 0.555615 0
    outer loop
      vertex 35.7309 28.225 0
      vertex 35.829 28.0782 8
      vertex 35.829 28.0782 0
    endloop
  endfacet
  facet normal -0.896905 0.442224 0
    outer loop
      vertex 38.0691 28.225 0
      vertex 38.1472 28.3834 8
      vertex 38.1472 28.3834 0
    endloop
  endfacet
  facet normal -0.896905 0.442224 0
    outer loop
      vertex 38.1472 28.3834 8
      vertex 38.0691 28.225 0
      vertex 38.0691 28.225 8
    endloop
  endfacet
  facet normal 0.195354 0.980733 -0
    outer loop
      vertex 36.7238 27.5615 0
      vertex 36.5506 27.596 8
      vertex 36.7238 27.5615 8
    endloop
  endfacet
  facet normal 0.195354 0.980733 0
    outer loop
      vertex 36.5506 27.596 8
      vertex 36.7238 27.5615 0
      vertex 36.5506 27.596 0
    endloop
  endfacet
  facet normal -0.0651282 0.997877 0
    outer loop
      vertex 37.0762 27.5615 0
      vertex 36.9 27.55 8
      vertex 37.0762 27.5615 8
    endloop
  endfacet
  facet normal -0.0651282 0.997877 0
    outer loop
      vertex 36.9 27.55 8
      vertex 37.0762 27.5615 0
      vertex 36.9 27.55 0
    endloop
  endfacet
  facet normal 0.442224 0.896905 -0
    outer loop
      vertex 36.3834 27.6528 0
      vertex 36.225 27.7309 8
      vertex 36.3834 27.6528 8
    endloop
  endfacet
  facet normal 0.442224 0.896905 0
    outer loop
      vertex 36.225 27.7309 8
      vertex 36.3834 27.6528 0
      vertex 36.225 27.7309 0
    endloop
  endfacet
  facet normal -0.195354 -0.980733 0
    outer loop
      vertex 37.0762 30.2385 0
      vertex 37.2494 30.204 8
      vertex 37.0762 30.2385 8
    endloop
  endfacet
  facet normal -0.195354 -0.980733 -0
    outer loop
      vertex 37.2494 30.204 8
      vertex 37.0762 30.2385 0
      vertex 37.2494 30.204 0
    endloop
  endfacet
  facet normal -0.659146 0.752015 0
    outer loop
      vertex 37.8546 27.9454 0
      vertex 37.7218 27.829 8
      vertex 37.8546 27.9454 8
    endloop
  endfacet
  facet normal -0.659146 0.752015 0
    outer loop
      vertex 37.7218 27.829 8
      vertex 37.8546 27.9454 0
      vertex 37.7218 27.829 0
    endloop
  endfacet
  facet normal -0.555615 -0.83144 0
    outer loop
      vertex 37.575 30.0691 0
      vertex 37.7218 29.971 8
      vertex 37.575 30.0691 8
    endloop
  endfacet
  facet normal -0.555615 -0.83144 -0
    outer loop
      vertex 37.7218 29.971 8
      vertex 37.575 30.0691 0
      vertex 37.7218 29.971 0
    endloop
  endfacet
  facet normal 0.321659 -0.946856 0
    outer loop
      vertex 36.3834 30.1472 0
      vertex 36.5506 30.204 8
      vertex 36.3834 30.1472 8
    endloop
  endfacet
  facet normal 0.321659 -0.946856 0
    outer loop
      vertex 36.5506 30.204 8
      vertex 36.3834 30.1472 0
      vertex 36.5506 30.204 0
    endloop
  endfacet
  facet normal 0.0651282 0.997877 -0
    outer loop
      vertex 36.9 27.55 0
      vertex 36.7238 27.5615 8
      vertex 36.9 27.55 8
    endloop
  endfacet
  facet normal 0.0651282 0.997877 0
    outer loop
      vertex 36.7238 27.5615 8
      vertex 36.9 27.55 0
      vertex 36.7238 27.5615 0
    endloop
  endfacet
  facet normal 0.896905 -0.442224 0
    outer loop
      vertex 35.6528 29.4166 8
      vertex 35.7309 29.575 0
      vertex 35.7309 29.575 8
    endloop
  endfacet
  facet normal 0.896905 -0.442224 0
    outer loop
      vertex 35.7309 29.575 0
      vertex 35.6528 29.4166 8
      vertex 35.6528 29.4166 0
    endloop
  endfacet
  facet normal 0.980841 -0.194809 0
    outer loop
      vertex 35.5616 29.0762 8
      vertex 35.596 29.2494 0
      vertex 35.596 29.2494 8
    endloop
  endfacet
  facet normal 0.980841 -0.194809 0
    outer loop
      vertex 35.596 29.2494 0
      vertex 35.5616 29.0762 8
      vertex 35.5616 29.0762 0
    endloop
  endfacet
  facet normal -0.752015 -0.659146 0
    outer loop
      vertex 37.971 29.7218 0
      vertex 37.8546 29.8546 8
      vertex 37.8546 29.8546 0
    endloop
  endfacet
  facet normal -0.752015 -0.659146 0
    outer loop
      vertex 37.8546 29.8546 8
      vertex 37.971 29.7218 0
      vertex 37.971 29.7218 8
    endloop
  endfacet
  facet normal 0.659146 0.752015 -0
    outer loop
      vertex 36.0782 27.829 0
      vertex 35.9454 27.9454 8
      vertex 36.0782 27.829 8
    endloop
  endfacet
  facet normal 0.659146 0.752015 0
    outer loop
      vertex 35.9454 27.9454 8
      vertex 36.0782 27.829 0
      vertex 35.9454 27.9454 0
    endloop
  endfacet
  facet normal -0.659146 -0.752015 0
    outer loop
      vertex 37.7218 29.971 0
      vertex 37.8546 29.8546 8
      vertex 37.7218 29.971 8
    endloop
  endfacet
  facet normal -0.659146 -0.752015 -0
    outer loop
      vertex 37.8546 29.8546 8
      vertex 37.7218 29.971 0
      vertex 37.8546 29.8546 0
    endloop
  endfacet
  facet normal 0.0651282 -0.997877 0
    outer loop
      vertex 36.7238 30.2385 0
      vertex 36.9 30.25 8
      vertex 36.7238 30.2385 8
    endloop
  endfacet
  facet normal 0.0651282 -0.997877 0
    outer loop
      vertex 36.9 30.25 8
      vertex 36.7238 30.2385 0
      vertex 36.9 30.25 0
    endloop
  endfacet
  facet normal 0.946856 -0.321659 0
    outer loop
      vertex 35.596 29.2494 8
      vertex 35.6528 29.4166 0
      vertex 35.6528 29.4166 8
    endloop
  endfacet
  facet normal 0.946856 -0.321659 0
    outer loop
      vertex 35.6528 29.4166 0
      vertex 35.596 29.2494 8
      vertex 35.596 29.2494 0
    endloop
  endfacet
  facet normal 0.99784 -0.0656921 0
    outer loop
      vertex 35.55 28.9 8
      vertex 35.5616 29.0762 0
      vertex 35.5616 29.0762 8
    endloop
  endfacet
  facet normal 0.99784 -0.0656921 0
    outer loop
      vertex 35.5616 29.0762 0
      vertex 35.55 28.9 8
      vertex 35.55 28.9 0
    endloop
  endfacet
  facet normal 0.83144 -0.555615 0
    outer loop
      vertex 35.7309 29.575 8
      vertex 35.829 29.7218 0
      vertex 35.829 29.7218 8
    endloop
  endfacet
  facet normal 0.83144 -0.555615 0
    outer loop
      vertex 35.829 29.7218 0
      vertex 35.7309 29.575 8
      vertex 35.7309 29.575 0
    endloop
  endfacet
  facet normal -0.555502 -0.831515 0
    outer loop
      vertex 31.5211 23.9237 0
      vertex 31.6407 23.8438 8
      vertex 31.5211 23.9237 8
    endloop
  endfacet
  facet normal -0.555502 -0.831515 -0
    outer loop
      vertex 31.6407 23.8438 8
      vertex 31.5211 23.9237 0
      vertex 31.6407 23.8438 0
    endloop
  endfacet
  facet normal -0.65939 -0.751801 0
    outer loop
      vertex 31.6407 23.8438 0
      vertex 31.7489 23.7489 8
      vertex 31.6407 23.8438 8
    endloop
  endfacet
  facet normal -0.65939 -0.751801 -0
    outer loop
      vertex 31.7489 23.7489 8
      vertex 31.6407 23.8438 0
      vertex 31.7489 23.7489 0
    endloop
  endfacet
  facet normal -0.441925 -0.897052 0
    outer loop
      vertex 31.392 23.9873 0
      vertex 31.5211 23.9237 8
      vertex 31.392 23.9873 8
    endloop
  endfacet
  facet normal -0.441925 -0.897052 -0
    outer loop
      vertex 31.5211 23.9237 8
      vertex 31.392 23.9873 0
      vertex 31.5211 23.9237 0
    endloop
  endfacet
  facet normal 0.997861 -0.0653651 0
    outer loop
      vertex 29.8711 22.9711 8
      vertex 29.8805 23.1146 0
      vertex 29.8805 23.1146 8
    endloop
  endfacet
  facet normal 0.997861 -0.0653651 0
    outer loop
      vertex 29.8805 23.1146 0
      vertex 29.8711 22.9711 8
      vertex 29.8711 22.9711 0
    endloop
  endfacet
  facet normal 0.831409 0.555662 0
    outer loop
      vertex 30.0984 22.3014 8
      vertex 30.0184 22.4211 0
      vertex 30.0184 22.4211 8
    endloop
  endfacet
  facet normal 0.831409 0.555662 0
    outer loop
      vertex 30.0184 22.4211 0
      vertex 30.0984 22.3014 8
      vertex 30.0984 22.3014 0
    endloop
  endfacet
  facet normal 0.65939 -0.751801 0
    outer loop
      vertex 30.1932 23.7489 0
      vertex 30.3014 23.8438 8
      vertex 30.1932 23.7489 8
    endloop
  endfacet
  facet normal 0.65939 -0.751801 0
    outer loop
      vertex 30.3014 23.8438 8
      vertex 30.1932 23.7489 0
      vertex 30.3014 23.8438 0
    endloop
  endfacet
  facet normal -0.831515 -0.555502 0
    outer loop
      vertex 31.9237 23.5211 0
      vertex 31.8438 23.6407 8
      vertex 31.8438 23.6407 0
    endloop
  endfacet
  facet normal -0.831515 -0.555502 0
    outer loop
      vertex 31.8438 23.6407 8
      vertex 31.9237 23.5211 0
      vertex 31.9237 23.5211 8
    endloop
  endfacet
  facet normal 0.195314 0.980741 -0
    outer loop
      vertex 30.8275 21.8805 0
      vertex 30.6864 21.9086 8
      vertex 30.8275 21.8805 8
    endloop
  endfacet
  facet normal 0.195314 0.980741 0
    outer loop
      vertex 30.6864 21.9086 8
      vertex 30.8275 21.8805 0
      vertex 30.6864 21.9086 0
    endloop
  endfacet
  facet normal 0.980767 -0.195181 0
    outer loop
      vertex 29.8805 23.1146 8
      vertex 29.9086 23.2558 0
      vertex 29.9086 23.2558 8
    endloop
  endfacet
  facet normal 0.980767 -0.195181 0
    outer loop
      vertex 29.9086 23.2558 0
      vertex 29.8805 23.1146 8
      vertex 29.8805 23.1146 0
    endloop
  endfacet
  facet normal 0.442201 0.896916 -0
    outer loop
      vertex 30.5501 21.9548 0
      vertex 30.4211 22.0184 8
      vertex 30.5501 21.9548 8
    endloop
  endfacet
  facet normal 0.442201 0.896916 0
    outer loop
      vertex 30.4211 22.0184 8
      vertex 30.5501 21.9548 0
      vertex 30.4211 22.0184 0
    endloop
  endfacet
  facet normal 0.555662 0.831409 -0
    outer loop
      vertex 30.4211 22.0184 0
      vertex 30.3014 22.0984 8
      vertex 30.4211 22.0184 8
    endloop
  endfacet
  facet normal 0.555662 0.831409 0
    outer loop
      vertex 30.3014 22.0984 8
      vertex 30.4211 22.0184 0
      vertex 30.3014 22.0984 0
    endloop
  endfacet
  facet normal -0.896916 0.442201 0
    outer loop
      vertex 31.9237 22.4211 0
      vertex 31.9873 22.5501 8
      vertex 31.9873 22.5501 0
    endloop
  endfacet
  facet normal -0.896916 0.442201 0
    outer loop
      vertex 31.9873 22.5501 8
      vertex 31.9237 22.4211 0
      vertex 31.9237 22.4211 8
    endloop
  endfacet
  facet normal 0.997864 0.0653198 0
    outer loop
      vertex 29.8805 22.8275 8
      vertex 29.8711 22.9711 0
      vertex 29.8711 22.9711 8
    endloop
  endfacet
  facet normal 0.997864 0.0653198 0
    outer loop
      vertex 29.8711 22.9711 0
      vertex 29.8805 22.8275 8
      vertex 29.8805 22.8275 0
    endloop
  endfacet
  facet normal -0.831729 0.555181 0
    outer loop
      vertex 31.8438 22.3014 0
      vertex 31.9237 22.4211 8
      vertex 31.9237 22.4211 0
    endloop
  endfacet
  facet normal -0.831729 0.555181 0
    outer loop
      vertex 31.9237 22.4211 8
      vertex 31.8438 22.3014 0
      vertex 31.8438 22.3014 8
    endloop
  endfacet
  facet normal 0.897052 -0.441925 0
    outer loop
      vertex 29.9548 23.392 8
      vertex 30.0184 23.5211 0
      vertex 30.0184 23.5211 8
    endloop
  endfacet
  facet normal 0.897052 -0.441925 0
    outer loop
      vertex 30.0184 23.5211 0
      vertex 29.9548 23.392 8
      vertex 29.9548 23.392 0
    endloop
  endfacet
  facet normal -0.321853 -0.94679 0
    outer loop
      vertex 31.2558 24.0336 0
      vertex 31.392 23.9873 8
      vertex 31.2558 24.0336 8
    endloop
  endfacet
  facet normal -0.321853 -0.94679 -0
    outer loop
      vertex 31.392 23.9873 8
      vertex 31.2558 24.0336 0
      vertex 31.392 23.9873 0
    endloop
  endfacet
  facet normal 0.658997 0.752146 -0
    outer loop
      vertex 30.3014 22.0984 0
      vertex 30.1932 22.1932 8
      vertex 30.3014 22.0984 8
    endloop
  endfacet
  facet normal 0.658997 0.752146 0
    outer loop
      vertex 30.1932 22.1932 8
      vertex 30.3014 22.0984 0
      vertex 30.1932 22.1932 0
    endloop
  endfacet
  facet normal -0.658997 0.752146 0
    outer loop
      vertex 31.7489 22.1932 0
      vertex 31.6407 22.0984 8
      vertex 31.7489 22.1932 8
    endloop
  endfacet
  facet normal -0.658997 0.752146 0
    outer loop
      vertex 31.6407 22.0984 8
      vertex 31.7489 22.1932 0
      vertex 31.6407 22.0984 0
    endloop
  endfacet
  facet normal 0.555181 -0.831729 0
    outer loop
      vertex 30.3014 23.8438 0
      vertex 30.4211 23.9237 8
      vertex 30.3014 23.8438 8
    endloop
  endfacet
  facet normal 0.555181 -0.831729 0
    outer loop
      vertex 30.4211 23.9237 8
      vertex 30.3014 23.8438 0
      vertex 30.4211 23.9237 0
    endloop
  endfacet
  facet normal -0.980767 -0.195181 0
    outer loop
      vertex 32.0617 23.1146 0
      vertex 32.0336 23.2558 8
      vertex 32.0336 23.2558 0
    endloop
  endfacet
  facet normal -0.980767 -0.195181 0
    outer loop
      vertex 32.0336 23.2558 8
      vertex 32.0617 23.1146 0
      vertex 32.0617 23.1146 8
    endloop
  endfacet
  facet normal 0.896916 0.442201 0
    outer loop
      vertex 30.0184 22.4211 8
      vertex 29.9548 22.5501 0
      vertex 29.9548 22.5501 8
    endloop
  endfacet
  facet normal 0.896916 0.442201 0
    outer loop
      vertex 29.9548 22.5501 0
      vertex 30.0184 22.4211 8
      vertex 30.0184 22.4211 0
    endloop
  endfacet
  facet normal -0.997861 -0.0653651 0
    outer loop
      vertex 32.0711 22.9711 0
      vertex 32.0617 23.1146 8
      vertex 32.0617 23.1146 0
    endloop
  endfacet
  facet normal -0.997861 -0.0653651 0
    outer loop
      vertex 32.0617 23.1146 8
      vertex 32.0711 22.9711 0
      vertex 32.0711 22.9711 8
    endloop
  endfacet
  facet normal 0.0653198 0.997864 -0
    outer loop
      vertex 30.9711 21.8711 0
      vertex 30.8275 21.8805 8
      vertex 30.9711 21.8711 8
    endloop
  endfacet
  facet normal 0.0653198 0.997864 0
    outer loop
      vertex 30.8275 21.8805 8
      vertex 30.9711 21.8711 0
      vertex 30.8275 21.8805 0
    endloop
  endfacet
  facet normal -0.897052 -0.441925 0
    outer loop
      vertex 31.9873 23.392 0
      vertex 31.9237 23.5211 8
      vertex 31.9237 23.5211 0
    endloop
  endfacet
  facet normal -0.897052 -0.441925 0
    outer loop
      vertex 31.9237 23.5211 8
      vertex 31.9873 23.392 0
      vertex 31.9873 23.392 8
    endloop
  endfacet
  facet normal -0.555983 0.831194 0
    outer loop
      vertex 31.6407 22.0984 0
      vertex 31.5211 22.0184 8
      vertex 31.6407 22.0984 8
    endloop
  endfacet
  facet normal -0.555983 0.831194 0
    outer loop
      vertex 31.5211 22.0184 8
      vertex 31.6407 22.0984 0
      vertex 31.5211 22.0184 0
    endloop
  endfacet
  facet normal 0.195314 -0.980741 0
    outer loop
      vertex 30.6864 24.0336 0
      vertex 30.8275 24.0617 8
      vertex 30.6864 24.0336 8
    endloop
  endfacet
  facet normal 0.195314 -0.980741 0
    outer loop
      vertex 30.8275 24.0617 8
      vertex 30.6864 24.0336 0
      vertex 30.8275 24.0617 0
    endloop
  endfacet
  facet normal 0.831194 -0.555983 0
    outer loop
      vertex 30.0184 23.5211 8
      vertex 30.0984 23.6407 0
      vertex 30.0984 23.6407 8
    endloop
  endfacet
  facet normal 0.831194 -0.555983 0
    outer loop
      vertex 30.0984 23.6407 0
      vertex 30.0184 23.5211 8
      vertex 30.0184 23.5211 0
    endloop
  endfacet
  facet normal 0.0653198 -0.997864 0
    outer loop
      vertex 30.8275 24.0617 0
      vertex 30.9711 24.0711 8
      vertex 30.8275 24.0617 8
    endloop
  endfacet
  facet normal 0.0653198 -0.997864 0
    outer loop
      vertex 30.9711 24.0711 8
      vertex 30.8275 24.0617 0
      vertex 30.9711 24.0711 0
    endloop
  endfacet
  facet normal -0.0653651 -0.997861 0
    outer loop
      vertex 30.9711 24.0711 0
      vertex 31.1146 24.0617 8
      vertex 30.9711 24.0711 8
    endloop
  endfacet
  facet normal -0.0653651 -0.997861 -0
    outer loop
      vertex 31.1146 24.0617 8
      vertex 30.9711 24.0711 0
      vertex 31.1146 24.0617 0
    endloop
  endfacet
  facet normal -0.751801 -0.65939 0
    outer loop
      vertex 31.8438 23.6407 0
      vertex 31.7489 23.7489 8
      vertex 31.7489 23.7489 0
    endloop
  endfacet
  facet normal -0.751801 -0.65939 0
    outer loop
      vertex 31.7489 23.7489 8
      vertex 31.8438 23.6407 0
      vertex 31.8438 23.6407 8
    endloop
  endfacet
  facet normal -0.441925 0.897052 0
    outer loop
      vertex 31.5211 22.0184 0
      vertex 31.392 21.9548 8
      vertex 31.5211 22.0184 8
    endloop
  endfacet
  facet normal -0.441925 0.897052 0
    outer loop
      vertex 31.392 21.9548 8
      vertex 31.5211 22.0184 0
      vertex 31.392 21.9548 0
    endloop
  endfacet
  facet normal -0.94679 -0.321853 0
    outer loop
      vertex 32.0336 23.2558 0
      vertex 31.9873 23.392 8
      vertex 31.9873 23.392 0
    endloop
  endfacet
  facet normal -0.94679 -0.321853 0
    outer loop
      vertex 31.9873 23.392 8
      vertex 32.0336 23.2558 0
      vertex 32.0336 23.2558 8
    endloop
  endfacet
  facet normal -0.751801 0.65939 0
    outer loop
      vertex 31.7489 22.1932 0
      vertex 31.8438 22.3014 8
      vertex 31.8438 22.3014 0
    endloop
  endfacet
  facet normal -0.751801 0.65939 0
    outer loop
      vertex 31.8438 22.3014 8
      vertex 31.7489 22.1932 0
      vertex 31.7489 22.1932 8
    endloop
  endfacet
  facet normal -0.980741 0.195314 0
    outer loop
      vertex 32.0336 22.6864 0
      vertex 32.0617 22.8275 8
      vertex 32.0617 22.8275 0
    endloop
  endfacet
  facet normal -0.980741 0.195314 0
    outer loop
      vertex 32.0617 22.8275 8
      vertex 32.0336 22.6864 0
      vertex 32.0336 22.6864 8
    endloop
  endfacet
  facet normal 0.321641 -0.946862 0
    outer loop
      vertex 30.5501 23.9873 0
      vertex 30.6864 24.0336 8
      vertex 30.5501 23.9873 8
    endloop
  endfacet
  facet normal 0.321641 -0.946862 0
    outer loop
      vertex 30.6864 24.0336 8
      vertex 30.5501 23.9873 0
      vertex 30.6864 24.0336 0
    endloop
  endfacet
  facet normal -0.195181 -0.980767 0
    outer loop
      vertex 31.1146 24.0617 0
      vertex 31.2558 24.0336 8
      vertex 31.1146 24.0617 8
    endloop
  endfacet
  facet normal -0.195181 -0.980767 -0
    outer loop
      vertex 31.2558 24.0336 8
      vertex 31.1146 24.0617 0
      vertex 31.2558 24.0336 0
    endloop
  endfacet
  facet normal -0.997864 0.0653198 0
    outer loop
      vertex 32.0617 22.8275 0
      vertex 32.0711 22.9711 8
      vertex 32.0711 22.9711 0
    endloop
  endfacet
  facet normal -0.997864 0.0653198 0
    outer loop
      vertex 32.0711 22.9711 8
      vertex 32.0617 22.8275 0
      vertex 32.0617 22.8275 8
    endloop
  endfacet
  facet normal 0.442201 -0.896916 0
    outer loop
      vertex 30.4211 23.9237 0
      vertex 30.5501 23.9873 8
      vertex 30.4211 23.9237 8
    endloop
  endfacet
  facet normal 0.442201 -0.896916 0
    outer loop
      vertex 30.5501 23.9873 8
      vertex 30.4211 23.9237 0
      vertex 30.5501 23.9873 0
    endloop
  endfacet
  facet normal 0.752146 -0.658997 0
    outer loop
      vertex 30.0984 23.6407 8
      vertex 30.1932 23.7489 0
      vertex 30.1932 23.7489 8
    endloop
  endfacet
  facet normal 0.752146 -0.658997 0
    outer loop
      vertex 30.1932 23.7489 0
      vertex 30.0984 23.6407 8
      vertex 30.0984 23.6407 0
    endloop
  endfacet
  facet normal -0.0653651 0.997861 0
    outer loop
      vertex 31.1146 21.8805 0
      vertex 30.9711 21.8711 8
      vertex 31.1146 21.8805 8
    endloop
  endfacet
  facet normal -0.0653651 0.997861 0
    outer loop
      vertex 30.9711 21.8711 8
      vertex 31.1146 21.8805 0
      vertex 30.9711 21.8711 0
    endloop
  endfacet
  facet normal 0.980741 0.195314 0
    outer loop
      vertex 29.9086 22.6864 8
      vertex 29.8805 22.8275 0
      vertex 29.8805 22.8275 8
    endloop
  endfacet
  facet normal 0.980741 0.195314 0
    outer loop
      vertex 29.8805 22.8275 0
      vertex 29.9086 22.6864 8
      vertex 29.9086 22.6864 0
    endloop
  endfacet
  facet normal 0.752146 0.658997 0
    outer loop
      vertex 30.1932 22.1932 8
      vertex 30.0984 22.3014 0
      vertex 30.0984 22.3014 8
    endloop
  endfacet
  facet normal 0.752146 0.658997 0
    outer loop
      vertex 30.0984 22.3014 0
      vertex 30.1932 22.1932 8
      vertex 30.1932 22.1932 0
    endloop
  endfacet
  facet normal -0.946862 0.321641 0
    outer loop
      vertex 31.9873 22.5501 0
      vertex 32.0336 22.6864 8
      vertex 32.0336 22.6864 0
    endloop
  endfacet
  facet normal -0.946862 0.321641 0
    outer loop
      vertex 32.0336 22.6864 8
      vertex 31.9873 22.5501 0
      vertex 31.9873 22.5501 8
    endloop
  endfacet
  facet normal -0.32123 0.947001 0
    outer loop
      vertex 31.392 21.9548 0
      vertex 31.2558 21.9086 8
      vertex 31.392 21.9548 8
    endloop
  endfacet
  facet normal -0.32123 0.947001 0
    outer loop
      vertex 31.2558 21.9086 8
      vertex 31.392 21.9548 0
      vertex 31.2558 21.9086 0
    endloop
  endfacet
  facet normal 0.947001 -0.32123 0
    outer loop
      vertex 29.9086 23.2558 8
      vertex 29.9548 23.392 0
      vertex 29.9548 23.392 8
    endloop
  endfacet
  facet normal 0.947001 -0.32123 0
    outer loop
      vertex 29.9548 23.392 0
      vertex 29.9086 23.2558 8
      vertex 29.9086 23.2558 0
    endloop
  endfacet
  facet normal 0.321018 0.947073 -0
    outer loop
      vertex 30.6864 21.9086 0
      vertex 30.5501 21.9548 8
      vertex 30.6864 21.9086 8
    endloop
  endfacet
  facet normal 0.321018 0.947073 0
    outer loop
      vertex 30.5501 21.9548 8
      vertex 30.6864 21.9086 0
      vertex 30.5501 21.9548 0
    endloop
  endfacet
  facet normal 0.947073 0.321018 0
    outer loop
      vertex 29.9548 22.5501 8
      vertex 29.9086 22.6864 0
      vertex 29.9086 22.6864 8
    endloop
  endfacet
  facet normal 0.947073 0.321018 0
    outer loop
      vertex 29.9086 22.6864 0
      vertex 29.9548 22.5501 8
      vertex 29.9548 22.5501 0
    endloop
  endfacet
  facet normal -0.195181 0.980767 0
    outer loop
      vertex 31.2558 21.9086 0
      vertex 31.1146 21.8805 8
      vertex 31.2558 21.9086 8
    endloop
  endfacet
  facet normal -0.195181 0.980767 0
    outer loop
      vertex 31.1146 21.8805 8
      vertex 31.2558 21.9086 0
      vertex 31.1146 21.8805 0
    endloop
  endfacet
  facet normal -0.442201 -0.896916 0
    outer loop
      vertex 17.2499 23.9873 0
      vertex 17.3789 23.9237 8
      vertex 17.2499 23.9873 8
    endloop
  endfacet
  facet normal -0.442201 -0.896916 -0
    outer loop
      vertex 17.3789 23.9237 8
      vertex 17.2499 23.9873 0
      vertex 17.3789 23.9237 0
    endloop
  endfacet
  facet normal 0.831515 -0.555502 0
    outer loop
      vertex 15.8763 23.5211 8
      vertex 15.9562 23.6407 0
      vertex 15.9562 23.6407 8
    endloop
  endfacet
  facet normal 0.831515 -0.555502 0
    outer loop
      vertex 15.9562 23.6407 0
      vertex 15.8763 23.5211 8
      vertex 15.8763 23.5211 0
    endloop
  endfacet
  facet normal 0.751801 -0.65939 0
    outer loop
      vertex 15.9562 23.6407 8
      vertex 16.0511 23.7489 0
      vertex 16.0511 23.7489 8
    endloop
  endfacet
  facet normal 0.751801 -0.65939 0
    outer loop
      vertex 16.0511 23.7489 0
      vertex 15.9562 23.6407 8
      vertex 15.9562 23.6407 0
    endloop
  endfacet
  facet normal 0.897052 -0.441925 0
    outer loop
      vertex 15.8127 23.392 8
      vertex 15.8763 23.5211 0
      vertex 15.8763 23.5211 8
    endloop
  endfacet
  facet normal 0.897052 -0.441925 0
    outer loop
      vertex 15.8763 23.5211 0
      vertex 15.8127 23.392 8
      vertex 15.8127 23.392 0
    endloop
  endfacet
  facet normal 0.980741 0.195314 0
    outer loop
      vertex 15.7664 22.6864 8
      vertex 15.7383 22.8275 0
      vertex 15.7383 22.8275 8
    endloop
  endfacet
  facet normal 0.980741 0.195314 0
    outer loop
      vertex 15.7383 22.8275 0
      vertex 15.7664 22.6864 8
      vertex 15.7664 22.6864 0
    endloop
  endfacet
  facet normal 0.0653651 -0.997861 0
    outer loop
      vertex 16.6854 24.0617 0
      vertex 16.8289 24.0711 8
      vertex 16.6854 24.0617 8
    endloop
  endfacet
  facet normal 0.0653651 -0.997861 0
    outer loop
      vertex 16.8289 24.0711 8
      vertex 16.6854 24.0617 0
      vertex 16.8289 24.0711 0
    endloop
  endfacet
  facet normal 0.65939 -0.751801 0
    outer loop
      vertex 16.0511 23.7489 0
      vertex 16.1593 23.8438 8
      vertex 16.0511 23.7489 8
    endloop
  endfacet
  facet normal 0.65939 -0.751801 0
    outer loop
      vertex 16.1593 23.8438 8
      vertex 16.0511 23.7489 0
      vertex 16.1593 23.8438 0
    endloop
  endfacet
  facet normal -0.947073 0.321018 0
    outer loop
      vertex 17.8452 22.5501 0
      vertex 17.8914 22.6864 8
      vertex 17.8914 22.6864 0
    endloop
  endfacet
  facet normal -0.947073 0.321018 0
    outer loop
      vertex 17.8914 22.6864 8
      vertex 17.8452 22.5501 0
      vertex 17.8452 22.5501 8
    endloop
  endfacet
  facet normal 0.0653651 0.997861 -0
    outer loop
      vertex 16.8289 21.8711 0
      vertex 16.6854 21.8805 8
      vertex 16.8289 21.8711 8
    endloop
  endfacet
  facet normal 0.0653651 0.997861 0
    outer loop
      vertex 16.6854 21.8805 8
      vertex 16.8289 21.8711 0
      vertex 16.6854 21.8805 0
    endloop
  endfacet
  facet normal -0.0653198 -0.997864 0
    outer loop
      vertex 16.8289 24.0711 0
      vertex 16.9725 24.0617 8
      vertex 16.8289 24.0711 8
    endloop
  endfacet
  facet normal -0.0653198 -0.997864 -0
    outer loop
      vertex 16.9725 24.0617 8
      vertex 16.8289 24.0711 0
      vertex 16.9725 24.0617 0
    endloop
  endfacet
  facet normal -0.321641 -0.946862 0
    outer loop
      vertex 17.1136 24.0336 0
      vertex 17.2499 23.9873 8
      vertex 17.1136 24.0336 8
    endloop
  endfacet
  facet normal -0.321641 -0.946862 -0
    outer loop
      vertex 17.2499 23.9873 8
      vertex 17.1136 24.0336 0
      vertex 17.2499 23.9873 0
    endloop
  endfacet
  facet normal 0.751801 0.65939 0
    outer loop
      vertex 16.0511 22.1932 8
      vertex 15.9562 22.3014 0
      vertex 15.9562 22.3014 8
    endloop
  endfacet
  facet normal 0.751801 0.65939 0
    outer loop
      vertex 15.9562 22.3014 0
      vertex 16.0511 22.1932 8
      vertex 16.0511 22.1932 0
    endloop
  endfacet
  facet normal -0.897052 -0.441925 0
    outer loop
      vertex 17.8452 23.392 0
      vertex 17.7816 23.5211 8
      vertex 17.7816 23.5211 0
    endloop
  endfacet
  facet normal -0.897052 -0.441925 0
    outer loop
      vertex 17.7816 23.5211 8
      vertex 17.8452 23.392 0
      vertex 17.8452 23.392 8
    endloop
  endfacet
  facet normal 0.441925 0.897052 -0
    outer loop
      vertex 16.408 21.9548 0
      vertex 16.2789 22.0184 8
      vertex 16.408 21.9548 8
    endloop
  endfacet
  facet normal 0.441925 0.897052 0
    outer loop
      vertex 16.2789 22.0184 8
      vertex 16.408 21.9548 0
      vertex 16.2789 22.0184 0
    endloop
  endfacet
  facet normal -0.752146 -0.658997 0
    outer loop
      vertex 17.7016 23.6407 0
      vertex 17.6068 23.7489 8
      vertex 17.6068 23.7489 0
    endloop
  endfacet
  facet normal -0.752146 -0.658997 0
    outer loop
      vertex 17.6068 23.7489 8
      vertex 17.7016 23.6407 0
      vertex 17.7016 23.6407 8
    endloop
  endfacet
  facet normal -0.896916 0.442201 0
    outer loop
      vertex 17.7816 22.4211 0
      vertex 17.8452 22.5501 8
      vertex 17.8452 22.5501 0
    endloop
  endfacet
  facet normal -0.896916 0.442201 0
    outer loop
      vertex 17.8452 22.5501 8
      vertex 17.7816 22.4211 0
      vertex 17.7816 22.4211 8
    endloop
  endfacet
  facet normal -0.997864 0.0653198 0
    outer loop
      vertex 17.9195 22.8275 0
      vertex 17.9289 22.9711 8
      vertex 17.9289 22.9711 0
    endloop
  endfacet
  facet normal -0.997864 0.0653198 0
    outer loop
      vertex 17.9289 22.9711 8
      vertex 17.9195 22.8275 0
      vertex 17.9195 22.8275 8
    endloop
  endfacet
  facet normal 0.441925 -0.897052 0
    outer loop
      vertex 16.2789 23.9237 0
      vertex 16.408 23.9873 8
      vertex 16.2789 23.9237 8
    endloop
  endfacet
  facet normal 0.441925 -0.897052 0
    outer loop
      vertex 16.408 23.9873 8
      vertex 16.2789 23.9237 0
      vertex 16.408 23.9873 0
    endloop
  endfacet
  facet normal 0.94679 -0.321853 0
    outer loop
      vertex 15.7664 23.2558 8
      vertex 15.8127 23.392 0
      vertex 15.8127 23.392 8
    endloop
  endfacet
  facet normal 0.94679 -0.321853 0
    outer loop
      vertex 15.8127 23.392 0
      vertex 15.7664 23.2558 8
      vertex 15.7664 23.2558 0
    endloop
  endfacet
  facet normal 0.195181 -0.980767 0
    outer loop
      vertex 16.5442 24.0336 0
      vertex 16.6854 24.0617 8
      vertex 16.5442 24.0336 8
    endloop
  endfacet
  facet normal 0.195181 -0.980767 0
    outer loop
      vertex 16.6854 24.0617 8
      vertex 16.5442 24.0336 0
      vertex 16.6854 24.0617 0
    endloop
  endfacet
  facet normal 0.997861 -0.0653651 0
    outer loop
      vertex 15.7289 22.9711 8
      vertex 15.7383 23.1146 0
      vertex 15.7383 23.1146 8
    endloop
  endfacet
  facet normal 0.997861 -0.0653651 0
    outer loop
      vertex 15.7383 23.1146 0
      vertex 15.7289 22.9711 8
      vertex 15.7289 22.9711 0
    endloop
  endfacet
  facet normal -0.555662 0.831409 0
    outer loop
      vertex 17.4986 22.0984 0
      vertex 17.3789 22.0184 8
      vertex 17.4986 22.0984 8
    endloop
  endfacet
  facet normal -0.555662 0.831409 0
    outer loop
      vertex 17.3789 22.0184 8
      vertex 17.4986 22.0984 0
      vertex 17.3789 22.0184 0
    endloop
  endfacet
  facet normal -0.195314 0.980741 0
    outer loop
      vertex 17.1136 21.9086 0
      vertex 16.9725 21.8805 8
      vertex 17.1136 21.9086 8
    endloop
  endfacet
  facet normal -0.195314 0.980741 0
    outer loop
      vertex 16.9725 21.8805 8
      vertex 17.1136 21.9086 0
      vertex 16.9725 21.8805 0
    endloop
  endfacet
  facet normal 0.997864 0.0653198 0
    outer loop
      vertex 15.7383 22.8275 8
      vertex 15.7289 22.9711 0
      vertex 15.7289 22.9711 8
    endloop
  endfacet
  facet normal 0.997864 0.0653198 0
    outer loop
      vertex 15.7289 22.9711 0
      vertex 15.7383 22.8275 8
      vertex 15.7383 22.8275 0
    endloop
  endfacet
  facet normal 0.195181 0.980767 -0
    outer loop
      vertex 16.6854 21.8805 0
      vertex 16.5442 21.9086 8
      vertex 16.6854 21.8805 8
    endloop
  endfacet
  facet normal 0.195181 0.980767 0
    outer loop
      vertex 16.5442 21.9086 8
      vertex 16.6854 21.8805 0
      vertex 16.5442 21.9086 0
    endloop
  endfacet
  facet normal -0.980741 0.195314 0
    outer loop
      vertex 17.8914 22.6864 0
      vertex 17.9195 22.8275 8
      vertex 17.9195 22.8275 0
    endloop
  endfacet
  facet normal -0.980741 0.195314 0
    outer loop
      vertex 17.9195 22.8275 8
      vertex 17.8914 22.6864 0
      vertex 17.8914 22.6864 8
    endloop
  endfacet
  facet normal 0.896916 0.442201 0
    outer loop
      vertex 15.8763 22.4211 8
      vertex 15.8127 22.5501 0
      vertex 15.8127 22.5501 8
    endloop
  endfacet
  facet normal 0.896916 0.442201 0
    outer loop
      vertex 15.8127 22.5501 0
      vertex 15.8763 22.4211 8
      vertex 15.8763 22.4211 0
    endloop
  endfacet
  facet normal 0.321853 -0.94679 0
    outer loop
      vertex 16.408 23.9873 0
      vertex 16.5442 24.0336 8
      vertex 16.408 23.9873 8
    endloop
  endfacet
  facet normal 0.321853 -0.94679 0
    outer loop
      vertex 16.5442 24.0336 8
      vertex 16.408 23.9873 0
      vertex 16.5442 24.0336 0
    endloop
  endfacet
  facet normal -0.997861 -0.0653651 0
    outer loop
      vertex 17.9289 22.9711 0
      vertex 17.9195 23.1146 8
      vertex 17.9195 23.1146 0
    endloop
  endfacet
  facet normal -0.997861 -0.0653651 0
    outer loop
      vertex 17.9195 23.1146 8
      vertex 17.9289 22.9711 0
      vertex 17.9289 22.9711 8
    endloop
  endfacet
  facet normal 0.980767 -0.195181 0
    outer loop
      vertex 15.7383 23.1146 8
      vertex 15.7664 23.2558 0
      vertex 15.7664 23.2558 8
    endloop
  endfacet
  facet normal 0.980767 -0.195181 0
    outer loop
      vertex 15.7664 23.2558 0
      vertex 15.7383 23.1146 8
      vertex 15.7383 23.1146 0
    endloop
  endfacet
  facet normal -0.831194 -0.555983 0
    outer loop
      vertex 17.7816 23.5211 0
      vertex 17.7016 23.6407 8
      vertex 17.7016 23.6407 0
    endloop
  endfacet
  facet normal -0.831194 -0.555983 0
    outer loop
      vertex 17.7016 23.6407 8
      vertex 17.7816 23.5211 0
      vertex 17.7816 23.5211 8
    endloop
  endfacet
  facet normal -0.555181 -0.831729 0
    outer loop
      vertex 17.3789 23.9237 0
      vertex 17.4986 23.8438 8
      vertex 17.3789 23.9237 8
    endloop
  endfacet
  facet normal -0.555181 -0.831729 -0
    outer loop
      vertex 17.4986 23.8438 8
      vertex 17.3789 23.9237 0
      vertex 17.4986 23.8438 0
    endloop
  endfacet
  facet normal -0.65939 -0.751801 0
    outer loop
      vertex 17.4986 23.8438 0
      vertex 17.6068 23.7489 8
      vertex 17.4986 23.8438 8
    endloop
  endfacet
  facet normal -0.65939 -0.751801 -0
    outer loop
      vertex 17.6068 23.7489 8
      vertex 17.4986 23.8438 0
      vertex 17.6068 23.7489 0
    endloop
  endfacet
  facet normal -0.442201 0.896916 0
    outer loop
      vertex 17.3789 22.0184 0
      vertex 17.2499 21.9548 8
      vertex 17.3789 22.0184 8
    endloop
  endfacet
  facet normal -0.442201 0.896916 0
    outer loop
      vertex 17.2499 21.9548 8
      vertex 17.3789 22.0184 0
      vertex 17.2499 21.9548 0
    endloop
  endfacet
  facet normal 0.946862 0.321641 0
    outer loop
      vertex 15.8127 22.5501 8
      vertex 15.7664 22.6864 0
      vertex 15.7664 22.6864 8
    endloop
  endfacet
  facet normal 0.946862 0.321641 0
    outer loop
      vertex 15.7664 22.6864 0
      vertex 15.8127 22.5501 8
      vertex 15.8127 22.5501 0
    endloop
  endfacet
  facet normal 0.658997 0.752146 -0
    outer loop
      vertex 16.1593 22.0984 0
      vertex 16.0511 22.1932 8
      vertex 16.1593 22.0984 8
    endloop
  endfacet
  facet normal 0.658997 0.752146 0
    outer loop
      vertex 16.0511 22.1932 8
      vertex 16.1593 22.0984 0
      vertex 16.0511 22.1932 0
    endloop
  endfacet
  facet normal 0.555983 0.831194 -0
    outer loop
      vertex 16.2789 22.0184 0
      vertex 16.1593 22.0984 8
      vertex 16.2789 22.0184 8
    endloop
  endfacet
  facet normal 0.555983 0.831194 0
    outer loop
      vertex 16.1593 22.0984 8
      vertex 16.2789 22.0184 0
      vertex 16.1593 22.0984 0
    endloop
  endfacet
  facet normal -0.195314 -0.980741 0
    outer loop
      vertex 16.9725 24.0617 0
      vertex 17.1136 24.0336 8
      vertex 16.9725 24.0617 8
    endloop
  endfacet
  facet normal -0.195314 -0.980741 -0
    outer loop
      vertex 17.1136 24.0336 8
      vertex 16.9725 24.0617 0
      vertex 17.1136 24.0336 0
    endloop
  endfacet
  facet normal 0.555502 -0.831515 0
    outer loop
      vertex 16.1593 23.8438 0
      vertex 16.2789 23.9237 8
      vertex 16.1593 23.8438 8
    endloop
  endfacet
  facet normal 0.555502 -0.831515 0
    outer loop
      vertex 16.2789 23.9237 8
      vertex 16.1593 23.8438 0
      vertex 16.2789 23.9237 0
    endloop
  endfacet
  facet normal -0.831409 0.555662 0
    outer loop
      vertex 17.7016 22.3014 0
      vertex 17.7816 22.4211 8
      vertex 17.7816 22.4211 0
    endloop
  endfacet
  facet normal -0.831409 0.555662 0
    outer loop
      vertex 17.7816 22.4211 8
      vertex 17.7016 22.3014 0
      vertex 17.7016 22.3014 8
    endloop
  endfacet
  facet normal -0.752146 0.658997 0
    outer loop
      vertex 17.6068 22.1932 0
      vertex 17.7016 22.3014 8
      vertex 17.7016 22.3014 0
    endloop
  endfacet
  facet normal -0.752146 0.658997 0
    outer loop
      vertex 17.7016 22.3014 8
      vertex 17.6068 22.1932 0
      vertex 17.6068 22.1932 8
    endloop
  endfacet
  facet normal -0.658997 0.752146 0
    outer loop
      vertex 17.6068 22.1932 0
      vertex 17.4986 22.0984 8
      vertex 17.6068 22.1932 8
    endloop
  endfacet
  facet normal -0.658997 0.752146 0
    outer loop
      vertex 17.4986 22.0984 8
      vertex 17.6068 22.1932 0
      vertex 17.4986 22.0984 0
    endloop
  endfacet
  facet normal -0.0653198 0.997864 0
    outer loop
      vertex 16.9725 21.8805 0
      vertex 16.8289 21.8711 8
      vertex 16.9725 21.8805 8
    endloop
  endfacet
  facet normal -0.0653198 0.997864 0
    outer loop
      vertex 16.8289 21.8711 8
      vertex 16.9725 21.8805 0
      vertex 16.8289 21.8711 0
    endloop
  endfacet
  facet normal 0.32123 0.947001 -0
    outer loop
      vertex 16.5442 21.9086 0
      vertex 16.408 21.9548 8
      vertex 16.5442 21.9086 8
    endloop
  endfacet
  facet normal 0.32123 0.947001 0
    outer loop
      vertex 16.408 21.9548 8
      vertex 16.5442 21.9086 0
      vertex 16.408 21.9548 0
    endloop
  endfacet
  facet normal 0.831729 0.555181 0
    outer loop
      vertex 15.9562 22.3014 8
      vertex 15.8763 22.4211 0
      vertex 15.8763 22.4211 8
    endloop
  endfacet
  facet normal 0.831729 0.555181 0
    outer loop
      vertex 15.8763 22.4211 0
      vertex 15.9562 22.3014 8
      vertex 15.9562 22.3014 0
    endloop
  endfacet
  facet normal -0.321018 0.947073 0
    outer loop
      vertex 17.2499 21.9548 0
      vertex 17.1136 21.9086 8
      vertex 17.2499 21.9548 8
    endloop
  endfacet
  facet normal -0.321018 0.947073 0
    outer loop
      vertex 17.1136 21.9086 8
      vertex 17.2499 21.9548 0
      vertex 17.1136 21.9086 0
    endloop
  endfacet
  facet normal -0.980767 -0.195181 0
    outer loop
      vertex 17.9195 23.1146 0
      vertex 17.8914 23.2558 8
      vertex 17.8914 23.2558 0
    endloop
  endfacet
  facet normal -0.980767 -0.195181 0
    outer loop
      vertex 17.8914 23.2558 8
      vertex 17.9195 23.1146 0
      vertex 17.9195 23.1146 8
    endloop
  endfacet
  facet normal -0.947001 -0.32123 0
    outer loop
      vertex 17.8914 23.2558 0
      vertex 17.8452 23.392 8
      vertex 17.8452 23.392 0
    endloop
  endfacet
  facet normal -0.947001 -0.32123 0
    outer loop
      vertex 17.8452 23.392 8
      vertex 17.8914 23.2558 0
      vertex 17.8914 23.2558 8
    endloop
  endfacet
  facet normal 0.442149 0.896942 -0
    outer loop
      vertex 16.408 7.81266 0
      vertex 16.2789 7.8763 8
      vertex 16.408 7.81266 8
    endloop
  endfacet
  facet normal 0.442149 0.896942 0
    outer loop
      vertex 16.2789 7.8763 8
      vertex 16.408 7.81266 0
      vertex 16.2789 7.8763 0
    endloop
  endfacet
  facet normal -0.195113 0.980781 0
    outer loop
      vertex 17.1136 7.76641 0
      vertex 16.9725 7.73834 8
      vertex 17.1136 7.76641 8
    endloop
  endfacet
  facet normal -0.195113 0.980781 0
    outer loop
      vertex 16.9725 7.73834 8
      vertex 17.1136 7.76641 0
      vertex 16.9725 7.73834 0
    endloop
  endfacet
  facet normal -0.896984 0.442063 0
    outer loop
      vertex 17.7816 8.27893 0
      vertex 17.8452 8.40798 8
      vertex 17.8452 8.40798 0
    endloop
  endfacet
  facet normal -0.896984 0.442063 0
    outer loop
      vertex 17.8452 8.40798 8
      vertex 17.7816 8.27893 0
      vertex 17.7816 8.27893 8
    endloop
  endfacet
  facet normal 0.946826 -0.321747 0
    outer loop
      vertex 15.7664 9.11363 8
      vertex 15.8127 9.24988 0
      vertex 15.8127 9.24988 8
    endloop
  endfacet
  facet normal 0.946826 -0.321747 0
    outer loop
      vertex 15.8127 9.24988 0
      vertex 15.7664 9.11363 8
      vertex 15.7664 9.11363 0
    endloop
  endfacet
  facet normal 0.980746 0.195287 0
    outer loop
      vertex 15.7664 8.54423 8
      vertex 15.7383 8.68535 0
      vertex 15.7383 8.68535 8
    endloop
  endfacet
  facet normal 0.980746 0.195287 0
    outer loop
      vertex 15.7383 8.68535 0
      vertex 15.7664 8.54423 8
      vertex 15.7664 8.54423 0
    endloop
  endfacet
  facet normal 0.555694 -0.831387 0
    outer loop
      vertex 16.1593 9.70162 0
      vertex 16.2789 9.78156 8
      vertex 16.1593 9.70162 8
    endloop
  endfacet
  facet normal 0.555694 -0.831387 0
    outer loop
      vertex 16.2789 9.78156 8
      vertex 16.1593 9.70162 0
      vertex 16.2789 9.78156 0
    endloop
  endfacet
  facet normal 0.659272 0.751905 -0
    outer loop
      vertex 16.1593 7.95624 0
      vertex 16.0511 8.05111 8
      vertex 16.1593 7.95624 8
    endloop
  endfacet
  facet normal 0.659272 0.751905 0
    outer loop
      vertex 16.0511 8.05111 8
      vertex 16.1593 7.95624 0
      vertex 16.0511 8.05111 0
    endloop
  endfacet
  facet normal -0.555373 -0.831601 0
    outer loop
      vertex 17.3789 9.78156 0
      vertex 17.4986 9.70162 8
      vertex 17.3789 9.78156 8
    endloop
  endfacet
  facet normal -0.555373 -0.831601 -0
    outer loop
      vertex 17.4986 9.70162 8
      vertex 17.3789 9.78156 0
      vertex 17.4986 9.70162 0
    endloop
  endfacet
  facet normal -0.195113 -0.980781 0
    outer loop
      vertex 16.9725 9.91952 0
      vertex 17.1136 9.89145 8
      vertex 16.9725 9.91952 8
    endloop
  endfacet
  facet normal -0.195113 -0.980781 -0
    outer loop
      vertex 17.1136 9.89145 8
      vertex 16.9725 9.91952 0
      vertex 17.1136 9.89145 0
    endloop
  endfacet
  facet normal 0.751741 0.659458 0
    outer loop
      vertex 16.0511 8.05111 8
      vertex 15.9562 8.15929 0
      vertex 15.9562 8.15929 8
    endloop
  endfacet
  facet normal 0.751741 0.659458 0
    outer loop
      vertex 15.9562 8.15929 0
      vertex 16.0511 8.05111 8
      vertex 16.0511 8.05111 0
    endloop
  endfacet
  facet normal 0.896984 0.442063 0
    outer loop
      vertex 15.8763 8.27893 8
      vertex 15.8127 8.40798 0
      vertex 15.8127 8.40798 8
    endloop
  endfacet
  facet normal 0.896984 0.442063 0
    outer loop
      vertex 15.8127 8.40798 0
      vertex 15.8763 8.27893 8
      vertex 15.8763 8.27893 0
    endloop
  endfacet
  facet normal -0.997864 0.0653289 0
    outer loop
      vertex 17.9195 8.68535 0
      vertex 17.9289 8.82893 8
      vertex 17.9289 8.82893 0
    endloop
  endfacet
  facet normal -0.997864 0.0653289 0
    outer loop
      vertex 17.9289 8.82893 8
      vertex 17.9195 8.68535 0
      vertex 17.9195 8.68535 8
    endloop
  endfacet
  facet normal -0.83128 -0.555854 0
    outer loop
      vertex 17.7816 9.37893 0
      vertex 17.7016 9.49857 8
      vertex 17.7016 9.49857 0
    endloop
  endfacet
  facet normal -0.83128 -0.555854 0
    outer loop
      vertex 17.7016 9.49857 8
      vertex 17.7816 9.37893 0
      vertex 17.7816 9.37893 8
    endloop
  endfacet
  facet normal 0.321541 -0.946896 0
    outer loop
      vertex 16.408 9.8452 0
      vertex 16.5442 9.89145 8
      vertex 16.408 9.8452 8
    endloop
  endfacet
  facet normal 0.321541 -0.946896 0
    outer loop
      vertex 16.5442 9.89145 8
      vertex 16.408 9.8452 0
      vertex 16.5442 9.89145 0
    endloop
  endfacet
  facet normal -0.659272 0.751905 0
    outer loop
      vertex 17.6068 8.05111 0
      vertex 17.4986 7.95624 8
      vertex 17.6068 8.05111 8
    endloop
  endfacet
  facet normal -0.659272 0.751905 0
    outer loop
      vertex 17.4986 7.95624 8
      vertex 17.6068 8.05111 0
      vertex 17.4986 7.95624 0
    endloop
  endfacet
  facet normal 0.980746 -0.195287 0
    outer loop
      vertex 15.7383 8.97251 8
      vertex 15.7664 9.11363 0
      vertex 15.7664 9.11363 8
    endloop
  endfacet
  facet normal 0.980746 -0.195287 0
    outer loop
      vertex 15.7664 9.11363 0
      vertex 15.7383 8.97251 8
      vertex 15.7383 8.97251 0
    endloop
  endfacet
  facet normal 0.831601 -0.555374 0
    outer loop
      vertex 15.8763 9.37893 8
      vertex 15.9562 9.49857 0
      vertex 15.9562 9.49857 8
    endloop
  endfacet
  facet normal 0.831601 -0.555374 0
    outer loop
      vertex 15.9562 9.49857 0
      vertex 15.8763 9.37893 8
      vertex 15.8763 9.37893 0
    endloop
  endfacet
  facet normal 0.555694 0.831387 -0
    outer loop
      vertex 16.2789 7.8763 0
      vertex 16.1593 7.95624 8
      vertex 16.2789 7.8763 8
    endloop
  endfacet
  facet normal 0.555694 0.831387 0
    outer loop
      vertex 16.1593 7.95624 8
      vertex 16.2789 7.8763 0
      vertex 16.1593 7.95624 0
    endloop
  endfacet
  facet normal 0.194981 0.980807 -0
    outer loop
      vertex 16.6854 7.73834 0
      vertex 16.5442 7.76641 8
      vertex 16.6854 7.73834 8
    endloop
  endfacet
  facet normal 0.194981 0.980807 0
    outer loop
      vertex 16.5442 7.76641 8
      vertex 16.6854 7.73834 0
      vertex 16.5442 7.76641 0
    endloop
  endfacet
  facet normal -0.065389 -0.99786 0
    outer loop
      vertex 16.8289 9.92893 0
      vertex 16.9725 9.91952 8
      vertex 16.8289 9.92893 8
    endloop
  endfacet
  facet normal -0.065389 -0.99786 -0
    outer loop
      vertex 16.9725 9.91952 8
      vertex 16.8289 9.92893 0
      vertex 16.9725 9.91952 0
    endloop
  endfacet
  facet normal 0.997864 -0.0653289 0
    outer loop
      vertex 15.7289 8.82893 8
      vertex 15.7383 8.97251 0
      vertex 15.7383 8.97251 8
    endloop
  endfacet
  facet normal 0.997864 -0.0653289 0
    outer loop
      vertex 15.7383 8.97251 0
      vertex 15.7289 8.82893 8
      vertex 15.7289 8.82893 0
    endloop
  endfacet
  facet normal -0.947037 -0.321124 0
    outer loop
      vertex 17.8914 9.11363 0
      vertex 17.8452 9.24988 8
      vertex 17.8452 9.24988 0
    endloop
  endfacet
  facet normal -0.947037 -0.321124 0
    outer loop
      vertex 17.8452 9.24988 8
      vertex 17.8914 9.11363 0
      vertex 17.8914 9.11363 8
    endloop
  endfacet
  facet normal -0.659272 -0.751905 0
    outer loop
      vertex 17.4986 9.70162 0
      vertex 17.6068 9.60675 8
      vertex 17.4986 9.70162 8
    endloop
  endfacet
  facet normal -0.659272 -0.751905 -0
    outer loop
      vertex 17.6068 9.60675 8
      vertex 17.4986 9.70162 0
      vertex 17.6068 9.60675 0
    endloop
  endfacet
  facet normal -0.980746 0.195287 0
    outer loop
      vertex 17.8914 8.54423 0
      vertex 17.9195 8.68535 8
      vertex 17.9195 8.68535 0
    endloop
  endfacet
  facet normal -0.980746 0.195287 0
    outer loop
      vertex 17.9195 8.68535 8
      vertex 17.8914 8.54423 0
      vertex 17.8914 8.54423 8
    endloop
  endfacet
  facet normal 0.0654344 0.997857 -0
    outer loop
      vertex 16.8289 7.72893 0
      vertex 16.6854 7.73834 8
      vertex 16.8289 7.72893 8
    endloop
  endfacet
  facet normal 0.0654344 0.997857 0
    outer loop
      vertex 16.6854 7.73834 8
      vertex 16.8289 7.72893 0
      vertex 16.6854 7.73834 0
    endloop
  endfacet
  facet normal 0.442149 -0.896942 0
    outer loop
      vertex 16.2789 9.78156 0
      vertex 16.408 9.8452 8
      vertex 16.2789 9.78156 8
    endloop
  endfacet
  facet normal 0.442149 -0.896942 0
    outer loop
      vertex 16.408 9.8452 8
      vertex 16.2789 9.78156 0
      vertex 16.408 9.8452 0
    endloop
  endfacet
  facet normal -0.065389 0.99786 0
    outer loop
      vertex 16.9725 7.73834 0
      vertex 16.8289 7.72893 8
      vertex 16.9725 7.73834 8
    endloop
  endfacet
  facet normal -0.065389 0.99786 0
    outer loop
      vertex 16.8289 7.72893 8
      vertex 16.9725 7.73834 0
      vertex 16.8289 7.72893 0
    endloop
  endfacet
  facet normal 0.997864 0.0653289 0
    outer loop
      vertex 15.7383 8.68535 8
      vertex 15.7289 8.82893 0
      vertex 15.7289 8.82893 8
    endloop
  endfacet
  facet normal 0.997864 0.0653289 0
    outer loop
      vertex 15.7289 8.82893 0
      vertex 15.7383 8.68535 8
      vertex 15.7383 8.68535 0
    endloop
  endfacet
  facet normal 0.831601 0.555374 0
    outer loop
      vertex 15.9562 8.15929 8
      vertex 15.8763 8.27893 0
      vertex 15.8763 8.27893 8
    endloop
  endfacet
  facet normal 0.831601 0.555374 0
    outer loop
      vertex 15.8763 8.27893 0
      vertex 15.9562 8.15929 8
      vertex 15.9562 8.15929 0
    endloop
  endfacet
  facet normal -0.442424 -0.896806 0
    outer loop
      vertex 17.2499 9.8452 0
      vertex 17.3789 9.78156 8
      vertex 17.2499 9.8452 8
    endloop
  endfacet
  facet normal -0.442424 -0.896806 -0
    outer loop
      vertex 17.3789 9.78156 8
      vertex 17.2499 9.8452 0
      vertex 17.3789 9.78156 0
    endloop
  endfacet
  facet normal -0.896984 -0.442063 0
    outer loop
      vertex 17.8452 9.24988 0
      vertex 17.7816 9.37893 8
      vertex 17.7816 9.37893 0
    endloop
  endfacet
  facet normal -0.896984 -0.442063 0
    outer loop
      vertex 17.7816 9.37893 8
      vertex 17.8452 9.24988 0
      vertex 17.8452 9.24988 8
    endloop
  endfacet
  facet normal 0.751741 -0.659458 0
    outer loop
      vertex 15.9562 9.49857 8
      vertex 16.0511 9.60675 0
      vertex 16.0511 9.60675 8
    endloop
  endfacet
  facet normal 0.751741 -0.659458 0
    outer loop
      vertex 16.0511 9.60675 0
      vertex 15.9562 9.49857 8
      vertex 15.9562 9.49857 0
    endloop
  endfacet
  facet normal 0.896984 -0.442063 0
    outer loop
      vertex 15.8127 9.24988 8
      vertex 15.8763 9.37893 0
      vertex 15.8763 9.37893 8
    endloop
  endfacet
  facet normal 0.896984 -0.442063 0
    outer loop
      vertex 15.8763 9.37893 0
      vertex 15.8127 9.24988 8
      vertex 15.8127 9.24988 0
    endloop
  endfacet
  facet normal 0.321541 0.946896 -0
    outer loop
      vertex 16.5442 7.76641 0
      vertex 16.408 7.81266 8
      vertex 16.5442 7.76641 8
    endloop
  endfacet
  facet normal 0.321541 0.946896 0
    outer loop
      vertex 16.408 7.81266 8
      vertex 16.5442 7.76641 0
      vertex 16.408 7.81266 0
    endloop
  endfacet
  facet normal 0.659272 -0.751905 0
    outer loop
      vertex 16.0511 9.60675 0
      vertex 16.1593 9.70162 8
      vertex 16.0511 9.60675 8
    endloop
  endfacet
  facet normal 0.659272 -0.751905 0
    outer loop
      vertex 16.1593 9.70162 8
      vertex 16.0511 9.60675 0
      vertex 16.1593 9.70162 0
    endloop
  endfacet
  facet normal -0.752086 -0.659066 0
    outer loop
      vertex 17.7016 9.49857 0
      vertex 17.6068 9.60675 8
      vertex 17.6068 9.60675 0
    endloop
  endfacet
  facet normal -0.752086 -0.659066 0
    outer loop
      vertex 17.6068 9.60675 8
      vertex 17.7016 9.49857 0
      vertex 17.7016 9.49857 8
    endloop
  endfacet
  facet normal -0.32133 0.946967 0
    outer loop
      vertex 17.2499 7.81266 0
      vertex 17.1136 7.76641 8
      vertex 17.2499 7.81266 8
    endloop
  endfacet
  facet normal -0.32133 0.946967 0
    outer loop
      vertex 17.1136 7.76641 8
      vertex 17.2499 7.81266 0
      vertex 17.1136 7.76641 0
    endloop
  endfacet
  facet normal -0.442424 0.896806 0
    outer loop
      vertex 17.3789 7.8763 0
      vertex 17.2499 7.81266 8
      vertex 17.3789 7.8763 8
    endloop
  endfacet
  facet normal -0.442424 0.896806 0
    outer loop
      vertex 17.2499 7.81266 8
      vertex 17.3789 7.8763 0
      vertex 17.2499 7.81266 0
    endloop
  endfacet
  facet normal -0.752086 0.659066 0
    outer loop
      vertex 17.6068 8.05111 0
      vertex 17.7016 8.15929 8
      vertex 17.7016 8.15929 0
    endloop
  endfacet
  facet normal -0.752086 0.659066 0
    outer loop
      vertex 17.7016 8.15929 8
      vertex 17.6068 8.05111 0
      vertex 17.6068 8.05111 8
    endloop
  endfacet
  facet normal -0.83128 0.555854 0
    outer loop
      vertex 17.7016 8.15929 0
      vertex 17.7816 8.27893 8
      vertex 17.7816 8.27893 0
    endloop
  endfacet
  facet normal -0.83128 0.555854 0
    outer loop
      vertex 17.7816 8.27893 8
      vertex 17.7016 8.15929 0
      vertex 17.7016 8.15929 8
    endloop
  endfacet
  facet normal -0.32133 -0.946967 0
    outer loop
      vertex 17.1136 9.89145 0
      vertex 17.2499 9.8452 8
      vertex 17.1136 9.89145 8
    endloop
  endfacet
  facet normal -0.32133 -0.946967 -0
    outer loop
      vertex 17.2499 9.8452 8
      vertex 17.1136 9.89145 0
      vertex 17.2499 9.8452 0
    endloop
  endfacet
  facet normal 0.0654344 -0.997857 0
    outer loop
      vertex 16.6854 9.91952 0
      vertex 16.8289 9.92893 8
      vertex 16.6854 9.91952 8
    endloop
  endfacet
  facet normal 0.0654344 -0.997857 0
    outer loop
      vertex 16.8289 9.92893 8
      vertex 16.6854 9.91952 0
      vertex 16.8289 9.92893 0
    endloop
  endfacet
  facet normal -0.555373 0.831601 0
    outer loop
      vertex 17.4986 7.95624 0
      vertex 17.3789 7.8763 8
      vertex 17.4986 7.95624 8
    endloop
  endfacet
  facet normal -0.555373 0.831601 0
    outer loop
      vertex 17.3789 7.8763 8
      vertex 17.4986 7.95624 0
      vertex 17.3789 7.8763 0
    endloop
  endfacet
  facet normal 0.946826 0.321747 0
    outer loop
      vertex 15.8127 8.40798 8
      vertex 15.7664 8.54423 0
      vertex 15.7664 8.54423 8
    endloop
  endfacet
  facet normal 0.946826 0.321747 0
    outer loop
      vertex 15.7664 8.54423 0
      vertex 15.8127 8.40798 8
      vertex 15.8127 8.40798 0
    endloop
  endfacet
  facet normal -0.980746 -0.195287 0
    outer loop
      vertex 17.9195 8.97251 0
      vertex 17.8914 9.11363 8
      vertex 17.8914 9.11363 0
    endloop
  endfacet
  facet normal -0.980746 -0.195287 0
    outer loop
      vertex 17.8914 9.11363 8
      vertex 17.9195 8.97251 0
      vertex 17.9195 8.97251 8
    endloop
  endfacet
  facet normal -0.997864 -0.0653289 0
    outer loop
      vertex 17.9289 8.82893 0
      vertex 17.9195 8.97251 8
      vertex 17.9195 8.97251 0
    endloop
  endfacet
  facet normal -0.997864 -0.0653289 0
    outer loop
      vertex 17.9195 8.97251 8
      vertex 17.9289 8.82893 0
      vertex 17.9289 8.82893 8
    endloop
  endfacet
  facet normal -0.947037 0.321124 0
    outer loop
      vertex 17.8452 8.40798 0
      vertex 17.8914 8.54423 8
      vertex 17.8914 8.54423 0
    endloop
  endfacet
  facet normal -0.947037 0.321124 0
    outer loop
      vertex 17.8914 8.54423 8
      vertex 17.8452 8.40798 0
      vertex 17.8452 8.40798 8
    endloop
  endfacet
  facet normal 0.194981 -0.980807 0
    outer loop
      vertex 16.5442 9.89145 0
      vertex 16.6854 9.91952 8
      vertex 16.5442 9.89145 8
    endloop
  endfacet
  facet normal 0.194981 -0.980807 0
    outer loop
      vertex 16.6854 9.91952 8
      vertex 16.5442 9.89145 0
      vertex 16.6854 9.91952 0
    endloop
  endfacet
  facet normal 0.83128 -0.555854 0
    outer loop
      vertex 30.0184 9.37893 8
      vertex 30.0984 9.49857 0
      vertex 30.0984 9.49857 8
    endloop
  endfacet
  facet normal 0.83128 -0.555854 0
    outer loop
      vertex 30.0984 9.49857 0
      vertex 30.0184 9.37893 8
      vertex 30.0184 9.37893 0
    endloop
  endfacet
  facet normal -0.896984 0.442063 0
    outer loop
      vertex 31.9237 8.27893 0
      vertex 31.9873 8.40798 8
      vertex 31.9873 8.40798 0
    endloop
  endfacet
  facet normal -0.896984 0.442063 0
    outer loop
      vertex 31.9873 8.40798 8
      vertex 31.9237 8.27893 0
      vertex 31.9237 8.27893 8
    endloop
  endfacet
  facet normal -0.555694 -0.831387 0
    outer loop
      vertex 31.5211 9.78156 0
      vertex 31.6407 9.70162 8
      vertex 31.5211 9.78156 8
    endloop
  endfacet
  facet normal -0.555694 -0.831387 -0
    outer loop
      vertex 31.6407 9.70162 8
      vertex 31.5211 9.78156 0
      vertex 31.6407 9.70162 0
    endloop
  endfacet
  facet normal -0.751741 0.659458 0
    outer loop
      vertex 31.7489 8.05111 0
      vertex 31.8438 8.15929 8
      vertex 31.8438 8.15929 0
    endloop
  endfacet
  facet normal -0.751741 0.659458 0
    outer loop
      vertex 31.8438 8.15929 8
      vertex 31.7489 8.05111 0
      vertex 31.7489 8.05111 8
    endloop
  endfacet
  facet normal 0.659272 -0.751905 0
    outer loop
      vertex 30.1932 9.60675 0
      vertex 30.3014 9.70162 8
      vertex 30.1932 9.60675 8
    endloop
  endfacet
  facet normal 0.659272 -0.751905 0
    outer loop
      vertex 30.3014 9.70162 8
      vertex 30.1932 9.60675 0
      vertex 30.3014 9.70162 0
    endloop
  endfacet
  facet normal 0.980746 -0.195287 0
    outer loop
      vertex 29.8805 8.97251 8
      vertex 29.9086 9.11363 0
      vertex 29.9086 9.11363 8
    endloop
  endfacet
  facet normal 0.980746 -0.195287 0
    outer loop
      vertex 29.9086 9.11363 0
      vertex 29.8805 8.97251 8
      vertex 29.8805 8.97251 0
    endloop
  endfacet
  facet normal 0.065389 -0.99786 0
    outer loop
      vertex 30.8275 9.91952 0
      vertex 30.9711 9.92893 8
      vertex 30.8275 9.91952 8
    endloop
  endfacet
  facet normal 0.065389 -0.99786 0
    outer loop
      vertex 30.9711 9.92893 8
      vertex 30.8275 9.91952 0
      vertex 30.9711 9.92893 0
    endloop
  endfacet
  facet normal 0.997864 0.0653289 0
    outer loop
      vertex 29.8805 8.68535 8
      vertex 29.8711 8.82893 0
      vertex 29.8711 8.82893 8
    endloop
  endfacet
  facet normal 0.997864 0.0653289 0
    outer loop
      vertex 29.8711 8.82893 0
      vertex 29.8805 8.68535 8
      vertex 29.8805 8.68535 0
    endloop
  endfacet
  facet normal -0.946826 0.321747 0
    outer loop
      vertex 31.9873 8.40798 0
      vertex 32.0336 8.54423 8
      vertex 32.0336 8.54423 0
    endloop
  endfacet
  facet normal -0.946826 0.321747 0
    outer loop
      vertex 32.0336 8.54423 8
      vertex 31.9873 8.40798 0
      vertex 31.9873 8.40798 8
    endloop
  endfacet
  facet normal -0.194981 0.980807 0
    outer loop
      vertex 31.2558 7.76641 0
      vertex 31.1146 7.73834 8
      vertex 31.2558 7.76641 8
    endloop
  endfacet
  facet normal -0.194981 0.980807 0
    outer loop
      vertex 31.1146 7.73834 8
      vertex 31.2558 7.76641 0
      vertex 31.1146 7.73834 0
    endloop
  endfacet
  facet normal -0.321541 0.946896 0
    outer loop
      vertex 31.392 7.81266 0
      vertex 31.2558 7.76641 8
      vertex 31.392 7.81266 8
    endloop
  endfacet
  facet normal -0.321541 0.946896 0
    outer loop
      vertex 31.2558 7.76641 8
      vertex 31.392 7.81266 0
      vertex 31.2558 7.76641 0
    endloop
  endfacet
  facet normal -0.442149 0.896942 0
    outer loop
      vertex 31.5211 7.8763 0
      vertex 31.392 7.81266 8
      vertex 31.5211 7.8763 8
    endloop
  endfacet
  facet normal -0.442149 0.896942 0
    outer loop
      vertex 31.392 7.81266 8
      vertex 31.5211 7.8763 0
      vertex 31.392 7.81266 0
    endloop
  endfacet
  facet normal -0.0654344 0.997857 0
    outer loop
      vertex 31.1146 7.73834 0
      vertex 30.9711 7.72893 8
      vertex 31.1146 7.73834 8
    endloop
  endfacet
  facet normal -0.0654344 0.997857 0
    outer loop
      vertex 30.9711 7.72893 8
      vertex 31.1146 7.73834 0
      vertex 30.9711 7.72893 0
    endloop
  endfacet
  facet normal -0.831601 0.555374 0
    outer loop
      vertex 31.8438 8.15929 0
      vertex 31.9237 8.27893 8
      vertex 31.9237 8.27893 0
    endloop
  endfacet
  facet normal -0.831601 0.555374 0
    outer loop
      vertex 31.9237 8.27893 8
      vertex 31.8438 8.15929 0
      vertex 31.8438 8.15929 8
    endloop
  endfacet
  facet normal -0.896984 -0.442063 0
    outer loop
      vertex 31.9873 9.24988 0
      vertex 31.9237 9.37893 8
      vertex 31.9237 9.37893 0
    endloop
  endfacet
  facet normal -0.896984 -0.442063 0
    outer loop
      vertex 31.9237 9.37893 8
      vertex 31.9873 9.24988 0
      vertex 31.9873 9.24988 8
    endloop
  endfacet
  facet normal 0.555373 0.831601 -0
    outer loop
      vertex 30.4211 7.8763 0
      vertex 30.3014 7.95624 8
      vertex 30.4211 7.8763 8
    endloop
  endfacet
  facet normal 0.555373 0.831601 0
    outer loop
      vertex 30.3014 7.95624 8
      vertex 30.4211 7.8763 0
      vertex 30.3014 7.95624 0
    endloop
  endfacet
  facet normal -0.980746 -0.195287 0
    outer loop
      vertex 32.0617 8.97251 0
      vertex 32.0336 9.11363 8
      vertex 32.0336 9.11363 0
    endloop
  endfacet
  facet normal -0.980746 -0.195287 0
    outer loop
      vertex 32.0336 9.11363 8
      vertex 32.0617 8.97251 0
      vertex 32.0617 8.97251 8
    endloop
  endfacet
  facet normal -0.0654344 -0.997857 0
    outer loop
      vertex 30.9711 9.92893 0
      vertex 31.1146 9.91952 8
      vertex 30.9711 9.92893 8
    endloop
  endfacet
  facet normal -0.0654344 -0.997857 -0
    outer loop
      vertex 31.1146 9.91952 8
      vertex 30.9711 9.92893 0
      vertex 31.1146 9.91952 0
    endloop
  endfacet
  facet normal 0.980746 0.195287 0
    outer loop
      vertex 29.9086 8.54423 8
      vertex 29.8805 8.68535 0
      vertex 29.8805 8.68535 8
    endloop
  endfacet
  facet normal 0.980746 0.195287 0
    outer loop
      vertex 29.8805 8.68535 0
      vertex 29.9086 8.54423 8
      vertex 29.9086 8.54423 0
    endloop
  endfacet
  facet normal 0.195113 0.980781 -0
    outer loop
      vertex 30.8275 7.73834 0
      vertex 30.6864 7.76641 8
      vertex 30.8275 7.73834 8
    endloop
  endfacet
  facet normal 0.195113 0.980781 0
    outer loop
      vertex 30.6864 7.76641 8
      vertex 30.8275 7.73834 0
      vertex 30.6864 7.76641 0
    endloop
  endfacet
  facet normal 0.442424 0.896806 -0
    outer loop
      vertex 30.5501 7.81266 0
      vertex 30.4211 7.8763 8
      vertex 30.5501 7.81266 8
    endloop
  endfacet
  facet normal 0.442424 0.896806 0
    outer loop
      vertex 30.4211 7.8763 8
      vertex 30.5501 7.81266 0
      vertex 30.4211 7.8763 0
    endloop
  endfacet
  facet normal -0.980746 0.195287 0
    outer loop
      vertex 32.0336 8.54423 0
      vertex 32.0617 8.68535 8
      vertex 32.0617 8.68535 0
    endloop
  endfacet
  facet normal -0.980746 0.195287 0
    outer loop
      vertex 32.0617 8.68535 8
      vertex 32.0336 8.54423 0
      vertex 32.0336 8.54423 8
    endloop
  endfacet
  facet normal 0.83128 0.555854 0
    outer loop
      vertex 30.0984 8.15929 8
      vertex 30.0184 8.27893 0
      vertex 30.0184 8.27893 8
    endloop
  endfacet
  facet normal 0.83128 0.555854 0
    outer loop
      vertex 30.0184 8.27893 0
      vertex 30.0984 8.15929 8
      vertex 30.0984 8.15929 0
    endloop
  endfacet
  facet normal -0.997864 0.0653289 0
    outer loop
      vertex 32.0617 8.68535 0
      vertex 32.0711 8.82893 8
      vertex 32.0711 8.82893 0
    endloop
  endfacet
  facet normal -0.997864 0.0653289 0
    outer loop
      vertex 32.0711 8.82893 8
      vertex 32.0617 8.68535 0
      vertex 32.0617 8.68535 8
    endloop
  endfacet
  facet normal -0.659272 0.751905 0
    outer loop
      vertex 31.7489 8.05111 0
      vertex 31.6407 7.95624 8
      vertex 31.7489 8.05111 8
    endloop
  endfacet
  facet normal -0.659272 0.751905 0
    outer loop
      vertex 31.6407 7.95624 8
      vertex 31.7489 8.05111 0
      vertex 31.6407 7.95624 0
    endloop
  endfacet
  facet normal -0.997864 -0.0653289 0
    outer loop
      vertex 32.0711 8.82893 0
      vertex 32.0617 8.97251 8
      vertex 32.0617 8.97251 0
    endloop
  endfacet
  facet normal -0.997864 -0.0653289 0
    outer loop
      vertex 32.0617 8.97251 8
      vertex 32.0711 8.82893 0
      vertex 32.0711 8.82893 8
    endloop
  endfacet
  facet normal -0.555694 0.831387 0
    outer loop
      vertex 31.6407 7.95624 0
      vertex 31.5211 7.8763 8
      vertex 31.6407 7.95624 8
    endloop
  endfacet
  facet normal -0.555694 0.831387 0
    outer loop
      vertex 31.5211 7.8763 8
      vertex 31.6407 7.95624 0
      vertex 31.5211 7.8763 0
    endloop
  endfacet
  facet normal -0.442149 -0.896942 0
    outer loop
      vertex 31.392 9.8452 0
      vertex 31.5211 9.78156 8
      vertex 31.392 9.8452 8
    endloop
  endfacet
  facet normal -0.442149 -0.896942 -0
    outer loop
      vertex 31.5211 9.78156 8
      vertex 31.392 9.8452 0
      vertex 31.5211 9.78156 0
    endloop
  endfacet
  facet normal -0.194981 -0.980807 0
    outer loop
      vertex 31.1146 9.91952 0
      vertex 31.2558 9.89145 8
      vertex 31.1146 9.91952 8
    endloop
  endfacet
  facet normal -0.194981 -0.980807 -0
    outer loop
      vertex 31.2558 9.89145 8
      vertex 31.1146 9.91952 0
      vertex 31.2558 9.89145 0
    endloop
  endfacet
  facet normal 0.555373 -0.831601 0
    outer loop
      vertex 30.3014 9.70162 0
      vertex 30.4211 9.78156 8
      vertex 30.3014 9.70162 8
    endloop
  endfacet
  facet normal 0.555373 -0.831601 0
    outer loop
      vertex 30.4211 9.78156 8
      vertex 30.3014 9.70162 0
      vertex 30.4211 9.78156 0
    endloop
  endfacet
  facet normal 0.065389 0.99786 -0
    outer loop
      vertex 30.9711 7.72893 0
      vertex 30.8275 7.73834 8
      vertex 30.9711 7.72893 8
    endloop
  endfacet
  facet normal 0.065389 0.99786 0
    outer loop
      vertex 30.8275 7.73834 8
      vertex 30.9711 7.72893 0
      vertex 30.8275 7.73834 0
    endloop
  endfacet
  facet normal -0.946826 -0.321747 0
    outer loop
      vertex 32.0336 9.11363 0
      vertex 31.9873 9.24988 8
      vertex 31.9873 9.24988 0
    endloop
  endfacet
  facet normal -0.946826 -0.321747 0
    outer loop
      vertex 31.9873 9.24988 8
      vertex 32.0336 9.11363 0
      vertex 32.0336 9.11363 8
    endloop
  endfacet
  facet normal 0.32133 0.946967 -0
    outer loop
      vertex 30.6864 7.76641 0
      vertex 30.5501 7.81266 8
      vertex 30.6864 7.76641 8
    endloop
  endfacet
  facet normal 0.32133 0.946967 0
    outer loop
      vertex 30.5501 7.81266 8
      vertex 30.6864 7.76641 0
      vertex 30.5501 7.81266 0
    endloop
  endfacet
  facet normal 0.896984 -0.442063 0
    outer loop
      vertex 29.9548 9.24988 8
      vertex 30.0184 9.37893 0
      vertex 30.0184 9.37893 8
    endloop
  endfacet
  facet normal 0.896984 -0.442063 0
    outer loop
      vertex 30.0184 9.37893 0
      vertex 29.9548 9.24988 8
      vertex 29.9548 9.24988 0
    endloop
  endfacet
  facet normal 0.997864 -0.0653289 0
    outer loop
      vertex 29.8711 8.82893 8
      vertex 29.8805 8.97251 0
      vertex 29.8805 8.97251 8
    endloop
  endfacet
  facet normal 0.997864 -0.0653289 0
    outer loop
      vertex 29.8805 8.97251 0
      vertex 29.8711 8.82893 8
      vertex 29.8711 8.82893 0
    endloop
  endfacet
  facet normal 0.896984 0.442063 0
    outer loop
      vertex 30.0184 8.27893 8
      vertex 29.9548 8.40798 0
      vertex 29.9548 8.40798 8
    endloop
  endfacet
  facet normal 0.896984 0.442063 0
    outer loop
      vertex 29.9548 8.40798 0
      vertex 30.0184 8.27893 8
      vertex 30.0184 8.27893 0
    endloop
  endfacet
  facet normal 0.442424 -0.896806 0
    outer loop
      vertex 30.4211 9.78156 0
      vertex 30.5501 9.8452 8
      vertex 30.4211 9.78156 8
    endloop
  endfacet
  facet normal 0.442424 -0.896806 0
    outer loop
      vertex 30.5501 9.8452 8
      vertex 30.4211 9.78156 0
      vertex 30.5501 9.8452 0
    endloop
  endfacet
  facet normal 0.752086 0.659066 0
    outer loop
      vertex 30.1932 8.05111 8
      vertex 30.0984 8.15929 0
      vertex 30.0984 8.15929 8
    endloop
  endfacet
  facet normal 0.752086 0.659066 0
    outer loop
      vertex 30.0984 8.15929 0
      vertex 30.1932 8.05111 8
      vertex 30.1932 8.05111 0
    endloop
  endfacet
  facet normal -0.659272 -0.751905 0
    outer loop
      vertex 31.6407 9.70162 0
      vertex 31.7489 9.60675 8
      vertex 31.6407 9.70162 8
    endloop
  endfacet
  facet normal -0.659272 -0.751905 -0
    outer loop
      vertex 31.7489 9.60675 8
      vertex 31.6407 9.70162 0
      vertex 31.7489 9.60675 0
    endloop
  endfacet
  facet normal 0.659272 0.751905 -0
    outer loop
      vertex 30.3014 7.95624 0
      vertex 30.1932 8.05111 8
      vertex 30.3014 7.95624 8
    endloop
  endfacet
  facet normal 0.659272 0.751905 0
    outer loop
      vertex 30.1932 8.05111 8
      vertex 30.3014 7.95624 0
      vertex 30.1932 8.05111 0
    endloop
  endfacet
  facet normal 0.752086 -0.659066 0
    outer loop
      vertex 30.0984 9.49857 8
      vertex 30.1932 9.60675 0
      vertex 30.1932 9.60675 8
    endloop
  endfacet
  facet normal 0.752086 -0.659066 0
    outer loop
      vertex 30.1932 9.60675 0
      vertex 30.0984 9.49857 8
      vertex 30.0984 9.49857 0
    endloop
  endfacet
  facet normal -0.831601 -0.555374 0
    outer loop
      vertex 31.9237 9.37893 0
      vertex 31.8438 9.49857 8
      vertex 31.8438 9.49857 0
    endloop
  endfacet
  facet normal -0.831601 -0.555374 0
    outer loop
      vertex 31.8438 9.49857 8
      vertex 31.9237 9.37893 0
      vertex 31.9237 9.37893 8
    endloop
  endfacet
  facet normal -0.751741 -0.659458 0
    outer loop
      vertex 31.8438 9.49857 0
      vertex 31.7489 9.60675 8
      vertex 31.7489 9.60675 0
    endloop
  endfacet
  facet normal -0.751741 -0.659458 0
    outer loop
      vertex 31.7489 9.60675 8
      vertex 31.8438 9.49857 0
      vertex 31.8438 9.49857 8
    endloop
  endfacet
  facet normal -0.321541 -0.946896 0
    outer loop
      vertex 31.2558 9.89145 0
      vertex 31.392 9.8452 8
      vertex 31.2558 9.89145 8
    endloop
  endfacet
  facet normal -0.321541 -0.946896 -0
    outer loop
      vertex 31.392 9.8452 8
      vertex 31.2558 9.89145 0
      vertex 31.392 9.8452 0
    endloop
  endfacet
  facet normal 0.947037 0.321124 0
    outer loop
      vertex 29.9548 8.40798 8
      vertex 29.9086 8.54423 0
      vertex 29.9086 8.54423 8
    endloop
  endfacet
  facet normal 0.947037 0.321124 0
    outer loop
      vertex 29.9086 8.54423 0
      vertex 29.9548 8.40798 8
      vertex 29.9548 8.40798 0
    endloop
  endfacet
  facet normal 0.947037 -0.321124 0
    outer loop
      vertex 29.9086 9.11363 8
      vertex 29.9548 9.24988 0
      vertex 29.9548 9.24988 8
    endloop
  endfacet
  facet normal 0.947037 -0.321124 0
    outer loop
      vertex 29.9548 9.24988 0
      vertex 29.9086 9.11363 8
      vertex 29.9086 9.11363 0
    endloop
  endfacet
  facet normal 0.32133 -0.946967 0
    outer loop
      vertex 30.5501 9.8452 0
      vertex 30.6864 9.89145 8
      vertex 30.5501 9.8452 8
    endloop
  endfacet
  facet normal 0.32133 -0.946967 0
    outer loop
      vertex 30.6864 9.89145 8
      vertex 30.5501 9.8452 0
      vertex 30.6864 9.89145 0
    endloop
  endfacet
  facet normal 0.195113 -0.980781 0
    outer loop
      vertex 30.6864 9.89145 0
      vertex 30.8275 9.91952 8
      vertex 30.6864 9.89145 8
    endloop
  endfacet
  facet normal 0.195113 -0.980781 0
    outer loop
      vertex 30.8275 9.91952 8
      vertex 30.6864 9.89145 0
      vertex 30.8275 9.91952 0
    endloop
  endfacet
  facet normal 0.831462 0.555582 0
    outer loop
      vertex 39.6392 31.2 8
      vertex 39.552 31.3305 0
      vertex 39.552 31.3305 8
    endloop
  endfacet
  facet normal 0.831462 0.555582 0
    outer loop
      vertex 39.552 31.3305 0
      vertex 39.6392 31.2 8
      vertex 39.6392 31.2 0
    endloop
  endfacet
  facet normal -0.751841 -0.659344 0
    outer loop
      vertex 0.351471 0.351471 0
      vertex 0.247975 0.469486 8
      vertex 0.247975 0.469486 0
    endloop
  endfacet
  facet normal -0.751841 -0.659344 0
    outer loop
      vertex 0.247975 0.469486 8
      vertex 0.351471 0.351471 0
      vertex 0.351471 0.351471 8
    endloop
  endfacet
  facet normal -0.946906 0.321509 0
    outer loop
      vertex 0.0408888 30.9106 0
      vertex 0.0913439 31.0592 8
      vertex 0.0913439 31.0592 0
    endloop
  endfacet
  facet normal -0.946906 0.321509 0
    outer loop
      vertex 0.0913439 31.0592 8
      vertex 0.0408888 30.9106 0
      vertex 0.0408888 30.9106 8
    endloop
  endfacet
  facet normal -0.0656183 0.997845 0
    outer loop
      vertex 1.2 31.8 0
      vertex 1.04337 31.7897 8
      vertex 1.2 31.8 8
    endloop
  endfacet
  facet normal -0.0656183 0.997845 0
    outer loop
      vertex 1.04337 31.7897 8
      vertex 1.2 31.8 0
      vertex 1.04337 31.7897 0
    endloop
  endfacet
  facet normal -0.980785 -0.195092 0
    outer loop
      vertex 0.0408888 0.889417 0
      vertex 0.0102654 1.04337 8
      vertex 0.0102654 1.04337 0
    endloop
  endfacet
  facet normal -0.980785 -0.195092 0
    outer loop
      vertex 0.0102654 1.04337 8
      vertex 0.0408888 0.889417 0
      vertex 0.0408888 0.889417 8
    endloop
  endfacet
  facet normal 0.195035 -0.980796 0
    outer loop
      vertex 38.7566 0.0102654 0
      vertex 38.9106 0.0408888 8
      vertex 38.7566 0.0102654 8
    endloop
  endfacet
  facet normal 0.195035 -0.980796 0
    outer loop
      vertex 38.9106 0.0408888 8
      vertex 38.7566 0.0102654 0
      vertex 38.9106 0.0408888 0
    endloop
  endfacet
  facet normal 0 0 1
    outer loop
      vertex 39.8 30.6 8
      vertex 38.2384 29.0762 8
      vertex 38.25 28.9 8
    endloop
  endfacet
  facet normal 0 0 1
    outer loop
      vertex 39.8 30.6 8
      vertex 38.204 29.2494 8
      vertex 38.2384 29.0762 8
    endloop
  endfacet
  facet normal 0 0 1
    outer loop
      vertex 39.8 30.6 8
      vertex 38.1472 29.4166 8
      vertex 38.204 29.2494 8
    endloop
  endfacet
  facet normal 0 0 1
    outer loop
      vertex 39.8 30.6 8
      vertex 38.0691 29.575 8
      vertex 38.1472 29.4166 8
    endloop
  endfacet
  facet normal 0 0 1
    outer loop
      vertex 39.8 30.6 8
      vertex 37.971 29.7218 8
      vertex 38.0691 29.575 8
    endloop
  endfacet
  facet normal 0 0 1
    outer loop
      vertex 39.8 30.6 8
      vertex 37.8546 29.8546 8
      vertex 37.971 29.7218 8
    endloop
  endfacet
  facet normal 0 0 1
    outer loop
      vertex 38.6 31.8 8
      vertex 37.7218 29.971 8
      vertex 37.8546 29.8546 8
    endloop
  endfacet
  facet normal 0 0 1
    outer loop
      vertex 38.6 31.8 8
      vertex 37.575 30.0691 8
      vertex 37.7218 29.971 8
    endloop
  endfacet
  facet normal 0 0 1
    outer loop
      vertex 38.6 31.8 8
      vertex 37.4166 30.1472 8
      vertex 37.575 30.0691 8
    endloop
  endfacet
  facet normal 0 0 1
    outer loop
      vertex 38.6 31.8 8
      vertex 37.2494 30.204 8
      vertex 37.4166 30.1472 8
    endloop
  endfacet
  facet normal 0 0 1
    outer loop
      vertex 38.6 31.8 8
      vertex 37.0762 30.2385 8
      vertex 37.2494 30.204 8
    endloop
  endfacet
  facet normal 0 0 1
    outer loop
      vertex 38.6 31.8 8
      vertex 36.9 30.25 8
      vertex 37.0762 30.2385 8
    endloop
  endfacet
  facet normal 0 0 1
    outer loop
      vertex 38.6 31.8 8
      vertex 36.7238 30.2385 8
      vertex 36.9 30.25 8
    endloop
  endfacet
  facet normal 0 0 1
    outer loop
      vertex 38.6 31.8 8
      vertex 36.5506 30.204 8
      vertex 36.7238 30.2385 8
    endloop
  endfacet
  facet normal 0 0 1
    outer loop
      vertex 38.6 31.8 8
      vertex 36.3834 30.1472 8
      vertex 36.5506 30.204 8
    endloop
  endfacet
  facet normal 0 0 1
    outer loop
      vertex 38.6 31.8 8
      vertex 36.225 30.0691 8
      vertex 36.3834 30.1472 8
    endloop
  endfacet
  facet normal 0 0 1
    outer loop
      vertex 3.575 30.0691 8
      vertex 36.225 30.0691 8
      vertex 38.6 31.8 8
    endloop
  endfacet
  facet normal 0 0 1
    outer loop
      vertex 36.5506 27.596 8
      vertex 34.4526 20.8572 8
      vertex 35.0941 20.7296 8
    endloop
  endfacet
  facet normal 0 0 1
    outer loop
      vertex 30.8275 24.0617 8
      vertex 35.55 28.9 8
      vertex 35.5616 29.0762 8
    endloop
  endfacet
  facet normal 0 0 1
    outer loop
      vertex 35.5616 28.7238 8
      vertex 31.9873 23.392 8
      vertex 34.4526 20.8572 8
    endloop
  endfacet
  facet normal 0 0 1
    outer loop
      vertex 30.6864 24.0336 8
      vertex 35.5616 29.0762 8
      vertex 35.596 29.2494 8
    endloop
  endfacet
  facet normal -0 -0 1
    outer loop
      vertex 32.0617 23.1146 8
      vertex 34.4526 20.8572 8
      vertex 32.0336 23.2558 8
    endloop
  endfacet
  facet normal 0 0 1
    outer loop
      vertex 34.4526 20.8572 8
      vertex 32.0711 22.9711 8
      vertex 33.8 20.9 8
    endloop
  endfacet
  facet normal 0 0 1
    outer loop
      vertex 25.9706 23.6274 8
      vertex 35.596 29.2494 8
      vertex 35.6528 29.4166 8
    endloop
  endfacet
  facet normal -0 0 1
    outer loop
      vertex 32.0336 22.6864 8
      vertex 33.8 20.9 8
      vertex 32.0617 22.8275 8
    endloop
  endfacet
  facet normal 0 0 1
    outer loop
      vertex 24.9442 23.8316 8
      vertex 35.6528 29.4166 8
      vertex 35.7309 29.575 8
    endloop
  endfacet
  facet normal -0 0 1
    outer loop
      vertex 32.0617 22.8275 8
      vertex 33.8 20.9 8
      vertex 32.0711 22.9711 8
    endloop
  endfacet
  facet normal -0 -0 1
    outer loop
      vertex 32.0711 22.9711 8
      vertex 34.4526 20.8572 8
      vertex 32.0617 23.1146 8
    endloop
  endfacet
  facet normal 0 0 1
    outer loop
      vertex 34.4526 20.8572 8
      vertex 31.9873 23.392 8
      vertex 32.0336 23.2558 8
    endloop
  endfacet
  facet normal 0 0 1
    outer loop
      vertex 35.5616 28.7238 8
      vertex 31.9237 23.5211 8
      vertex 31.9873 23.392 8
    endloop
  endfacet
  facet normal 0 0 1
    outer loop
      vertex 35.5616 28.7238 8
      vertex 31.8438 23.6407 8
      vertex 31.9237 23.5211 8
    endloop
  endfacet
  facet normal 0 0 1
    outer loop
      vertex 35.5616 28.7238 8
      vertex 31.7489 23.7489 8
      vertex 31.8438 23.6407 8
    endloop
  endfacet
  facet normal 0 0 1
    outer loop
      vertex 23.9 23.9 8
      vertex 35.7309 29.575 8
      vertex 35.829 29.7218 8
    endloop
  endfacet
  facet normal 0 0 1
    outer loop
      vertex 35.5616 28.7238 8
      vertex 31.6407 23.8438 8
      vertex 31.7489 23.7489 8
    endloop
  endfacet
  facet normal 0 0 1
    outer loop
      vertex 35.5616 28.7238 8
      vertex 31.5211 23.9237 8
      vertex 31.6407 23.8438 8
    endloop
  endfacet
  facet normal 0 0 1
    outer loop
      vertex 35.5616 28.7238 8
      vertex 31.392 23.9873 8
      vertex 31.5211 23.9237 8
    endloop
  endfacet
  facet normal 0 0 1
    outer loop
      vertex 35.5616 28.7238 8
      vertex 31.2558 24.0336 8
      vertex 31.392 23.9873 8
    endloop
  endfacet
  facet normal 0 0 1
    outer loop
      vertex 35.5616 28.7238 8
      vertex 31.1146 24.0617 8
      vertex 31.2558 24.0336 8
    endloop
  endfacet
  facet normal 0 0 1
    outer loop
      vertex 35.5616 28.7238 8
      vertex 30.9711 24.0711 8
      vertex 31.1146 24.0617 8
    endloop
  endfacet
  facet normal 0 0 1
    outer loop
      vertex 35.55 28.9 8
      vertex 30.8275 24.0617 8
      vertex 30.9711 24.0711 8
    endloop
  endfacet
  facet normal 0 0 1
    outer loop
      vertex 23.9 23.9 8
      vertex 35.829 29.7218 8
      vertex 35.9454 29.8546 8
    endloop
  endfacet
  facet normal 0 0 1
    outer loop
      vertex 35.5616 29.0762 8
      vertex 30.6864 24.0336 8
      vertex 30.8275 24.0617 8
    endloop
  endfacet
  facet normal 0 0 1
    outer loop
      vertex 35.596 29.2494 8
      vertex 30.5501 23.9873 8
      vertex 30.6864 24.0336 8
    endloop
  endfacet
  facet normal 0 0 1
    outer loop
      vertex 35.596 29.2494 8
      vertex 25.9706 23.6274 8
      vertex 30.5501 23.9873 8
    endloop
  endfacet
  facet normal 0 0 1
    outer loop
      vertex 30.5501 23.9873 8
      vertex 25.9706 23.6274 8
      vertex 30.4211 23.9237 8
    endloop
  endfacet
  facet normal 0 -0 1
    outer loop
      vertex 26.9615 23.291 8
      vertex 30.4211 23.9237 8
      vertex 25.9706 23.6274 8
    endloop
  endfacet
  facet normal 0 0 1
    outer loop
      vertex 28.7701 22.2468 8
      vertex 29.8711 22.9711 8
      vertex 29.8805 23.1146 8
    endloop
  endfacet
  facet normal 0 0 1
    outer loop
      vertex 27.9 22.8282 8
      vertex 29.8805 23.1146 8
      vertex 29.9086 23.2558 8
    endloop
  endfacet
  facet normal 0 0 1
    outer loop
      vertex 29.8711 22.9711 8
      vertex 28.7701 22.2468 8
      vertex 29.5569 21.5569 8
    endloop
  endfacet
  facet normal 0 0 1
    outer loop
      vertex 27.9 22.8282 8
      vertex 29.9086 23.2558 8
      vertex 29.9548 23.392 8
    endloop
  endfacet
  facet normal 0 0 1
    outer loop
      vertex 27.9 22.8282 8
      vertex 29.9548 23.392 8
      vertex 30.0184 23.5211 8
    endloop
  endfacet
  facet normal 0 0 1
    outer loop
      vertex 27.9 22.8282 8
      vertex 30.0184 23.5211 8
      vertex 30.0984 23.6407 8
    endloop
  endfacet
  facet normal 0 0 1
    outer loop
      vertex 26.9615 23.291 8
      vertex 30.0984 23.6407 8
      vertex 30.1932 23.7489 8
    endloop
  endfacet
  facet normal 0 0 1
    outer loop
      vertex 30.4211 23.9237 8
      vertex 26.9615 23.291 8
      vertex 30.3014 23.8438 8
    endloop
  endfacet
  facet normal 0 0 1
    outer loop
      vertex 29.8805 23.1146 8
      vertex 27.9 22.8282 8
      vertex 28.7701 22.2468 8
    endloop
  endfacet
  facet normal 0 0 1
    outer loop
      vertex 16.9725 24.0617 8
      vertex 35.9454 29.8546 8
      vertex 36.0782 29.971 8
    endloop
  endfacet
  facet normal 0 0 1
    outer loop
      vertex 30.0984 23.6407 8
      vertex 26.9615 23.291 8
      vertex 27.9 22.8282 8
    endloop
  endfacet
  facet normal 0 0 1
    outer loop
      vertex 30.3014 23.8438 8
      vertex 26.9615 23.291 8
      vertex 30.1932 23.7489 8
    endloop
  endfacet
  facet normal 0 0 1
    outer loop
      vertex 36.225 30.0691 8
      vertex 3.575 30.0691 8
      vertex 36.0782 29.971 8
    endloop
  endfacet
  facet normal 0 0 1
    outer loop
      vertex 35.6528 29.4166 8
      vertex 24.9442 23.8316 8
      vertex 25.9706 23.6274 8
    endloop
  endfacet
  facet normal 0 0 1
    outer loop
      vertex 35.7309 29.575 8
      vertex 23.9 23.9 8
      vertex 24.9442 23.8316 8
    endloop
  endfacet
  facet normal 0 0 1
    outer loop
      vertex 35.9454 29.8546 8
      vertex 22.8558 23.8316 8
      vertex 23.9 23.9 8
    endloop
  endfacet
  facet normal 0 0 1
    outer loop
      vertex 35.9454 29.8546 8
      vertex 16.9725 24.0617 8
      vertex 22.8558 23.8316 8
    endloop
  endfacet
  facet normal 0 0 1
    outer loop
      vertex 22.8558 23.8316 8
      vertex 17.1136 24.0336 8
      vertex 21.8294 23.6274 8
    endloop
  endfacet
  facet normal -0 0 1
    outer loop
      vertex 17.9195 22.8275 8
      vertex 19.0299 22.2468 8
      vertex 17.9289 22.9711 8
    endloop
  endfacet
  facet normal 0 0 1
    outer loop
      vertex 17.9195 23.1146 8
      vertex 19.0299 22.2468 8
      vertex 19.9 22.8282 8
    endloop
  endfacet
  facet normal 0 0 1
    outer loop
      vertex 17.7016 23.6407 8
      vertex 19.9 22.8282 8
      vertex 20.8385 23.291 8
    endloop
  endfacet
  facet normal -0 -0 1
    outer loop
      vertex 17.2499 23.9873 8
      vertex 21.8294 23.6274 8
      vertex 17.1136 24.0336 8
    endloop
  endfacet
  facet normal 0 0 1
    outer loop
      vertex 19.0299 22.2468 8
      vertex 17.9195 23.1146 8
      vertex 17.9289 22.9711 8
    endloop
  endfacet
  facet normal 0 0 1
    outer loop
      vertex 19.9 22.8282 8
      vertex 17.8914 23.2558 8
      vertex 17.9195 23.1146 8
    endloop
  endfacet
  facet normal 0 0 1
    outer loop
      vertex 19.9 22.8282 8
      vertex 17.8452 23.392 8
      vertex 17.8914 23.2558 8
    endloop
  endfacet
  facet normal 0 0 1
    outer loop
      vertex 19.9 22.8282 8
      vertex 17.7816 23.5211 8
      vertex 17.8452 23.392 8
    endloop
  endfacet
  facet normal 0 0 1
    outer loop
      vertex 19.9 22.8282 8
      vertex 17.7016 23.6407 8
      vertex 17.7816 23.5211 8
    endloop
  endfacet
  facet normal 0 0 1
    outer loop
      vertex 20.8385 23.291 8
      vertex 17.6068 23.7489 8
      vertex 17.7016 23.6407 8
    endloop
  endfacet
  facet normal 0 0 1
    outer loop
      vertex 20.8385 23.291 8
      vertex 17.4986 23.8438 8
      vertex 17.6068 23.7489 8
    endloop
  endfacet
  facet normal 0 0 1
    outer loop
      vertex 20.8385 23.291 8
      vertex 17.3789 23.9237 8
      vertex 17.4986 23.8438 8
    endloop
  endfacet
  facet normal 0 0 1
    outer loop
      vertex 21.8294 23.6274 8
      vertex 17.3789 23.9237 8
      vertex 20.8385 23.291 8
    endloop
  endfacet
  facet normal -0 -0 1
    outer loop
      vertex 17.3789 23.9237 8
      vertex 21.8294 23.6274 8
      vertex 17.2499 23.9873 8
    endloop
  endfacet
  facet normal 0 0 1
    outer loop
      vertex 22.8558 23.8316 8
      vertex 16.9725 24.0617 8
      vertex 17.1136 24.0336 8
    endloop
  endfacet
  facet normal 0 0 1
    outer loop
      vertex 36.0782 29.971 8
      vertex 3.72183 29.971 8
      vertex 16.9725 24.0617 8
    endloop
  endfacet
  facet normal -0 -0 1
    outer loop
      vertex 3.85459 29.8546 8
      vertex 16.9725 24.0617 8
      vertex 3.72183 29.971 8
    endloop
  endfacet
  facet normal -0 -0 1
    outer loop
      vertex 3.97103 29.7218 8
      vertex 16.8289 24.0711 8
      vertex 3.85459 29.8546 8
    endloop
  endfacet
  facet normal 0 0 1
    outer loop
      vertex 16.8289 24.0711 8
      vertex 3.97103 29.7218 8
      vertex 16.6854 24.0617 8
    endloop
  endfacet
  facet normal -0 0 1
    outer loop
      vertex 3.575 27.7309 8
      vertex 15.7664 22.6864 8
      vertex 3.72183 27.829 8
    endloop
  endfacet
  facet normal 0 0 1
    outer loop
      vertex 15.8763 23.5211 8
      vertex 4.14724 28.3834 8
      vertex 15.8127 23.392 8
    endloop
  endfacet
  facet normal -0 0 1
    outer loop
      vertex 4.14724 28.3834 8
      vertex 15.8763 23.5211 8
      vertex 4.204 28.5506 8
    endloop
  endfacet
  facet normal 0 0 1
    outer loop
      vertex 15.9562 23.6407 8
      vertex 4.204 28.5506 8
      vertex 15.8763 23.5211 8
    endloop
  endfacet
  facet normal -0 0 1
    outer loop
      vertex 4.204 28.5506 8
      vertex 15.9562 23.6407 8
      vertex 4.23845 28.7238 8
    endloop
  endfacet
  facet normal 0 0 1
    outer loop
      vertex 16.0511 23.7489 8
      vertex 4.23845 28.7238 8
      vertex 15.9562 23.6407 8
    endloop
  endfacet
  facet normal -0 0 1
    outer loop
      vertex 4.23845 28.7238 8
      vertex 16.0511 23.7489 8
      vertex 4.25 28.9 8
    endloop
  endfacet
  facet normal 0 0 1
    outer loop
      vertex 16.1593 23.8438 8
      vertex 4.25 28.9 8
      vertex 16.0511 23.7489 8
    endloop
  endfacet
  facet normal 0 0 1
    outer loop
      vertex 4.23845 29.0762 8
      vertex 16.1593 23.8438 8
      vertex 16.2789 23.9237 8
    endloop
  endfacet
  facet normal 0 0 1
    outer loop
      vertex 4.204 29.2494 8
      vertex 16.2789 23.9237 8
      vertex 16.408 23.9873 8
    endloop
  endfacet
  facet normal -0 -0 1
    outer loop
      vertex 4.06913 29.575 8
      vertex 16.6854 24.0617 8
      vertex 3.97103 29.7218 8
    endloop
  endfacet
  facet normal 0 0 1
    outer loop
      vertex 16.1593 23.8438 8
      vertex 4.23845 29.0762 8
      vertex 4.25 28.9 8
    endloop
  endfacet
  facet normal 0 0 1
    outer loop
      vertex 16.2789 23.9237 8
      vertex 4.204 29.2494 8
      vertex 4.23845 29.0762 8
    endloop
  endfacet
  facet normal 0 0 1
    outer loop
      vertex 16.408 23.9873 8
      vertex 4.14724 29.4166 8
      vertex 4.204 29.2494 8
    endloop
  endfacet
  facet normal 0 0 1
    outer loop
      vertex 16.5442 24.0336 8
      vertex 4.14724 29.4166 8
      vertex 16.408 23.9873 8
    endloop
  endfacet
  facet normal -0 -0 1
    outer loop
      vertex 4.14724 29.4166 8
      vertex 16.5442 24.0336 8
      vertex 4.06913 29.575 8
    endloop
  endfacet
  facet normal 0 0 1
    outer loop
      vertex 16.6854 24.0617 8
      vertex 4.06913 29.575 8
      vertex 16.5442 24.0336 8
    endloop
  endfacet
  facet normal 0 0 1
    outer loop
      vertex 16.9725 24.0617 8
      vertex 3.85459 29.8546 8
      vertex 16.8289 24.0711 8
    endloop
  endfacet
  facet normal 0 0 1
    outer loop
      vertex 36.0782 29.971 8
      vertex 3.575 30.0691 8
      vertex 3.72183 29.971 8
    endloop
  endfacet
  facet normal -0 0 1
    outer loop
      vertex 1.2 31.8 8
      vertex 3.575 30.0691 8
      vertex 38.6 31.8 8
    endloop
  endfacet
  facet normal 0 0 1
    outer loop
      vertex 3.575 30.0691 8
      vertex 1.2 31.8 8
      vertex 3.41662 30.1472 8
    endloop
  endfacet
  facet normal 0 0 1
    outer loop
      vertex 3.41662 30.1472 8
      vertex 1.2 31.8 8
      vertex 3.24941 30.204 8
    endloop
  endfacet
  facet normal 0 0 1
    outer loop
      vertex 3.24941 30.204 8
      vertex 1.2 31.8 8
      vertex 3.07621 30.2385 8
    endloop
  endfacet
  facet normal 0 0 1
    outer loop
      vertex 1.65276 3.41662 8
      vertex 0 1.2 8
      vertex 1.596 3.24941 8
    endloop
  endfacet
  facet normal 0 0 1
    outer loop
      vertex 1.596 29.2494 8
      vertex 0 30.6 8
      vertex 1.56155 29.0762 8
    endloop
  endfacet
  facet normal 0 0 1
    outer loop
      vertex 1.65276 29.4166 8
      vertex 0 30.6 8
      vertex 1.596 29.2494 8
    endloop
  endfacet
  facet normal 0 0 1
    outer loop
      vertex 1.73087 29.575 8
      vertex 0 30.6 8
      vertex 1.65276 29.4166 8
    endloop
  endfacet
  facet normal 0 0 1
    outer loop
      vertex 1.82897 29.7218 8
      vertex 0 30.6 8
      vertex 1.73087 29.575 8
    endloop
  endfacet
  facet normal 0 0 1
    outer loop
      vertex 1.94541 29.8546 8
      vertex 0 30.6 8
      vertex 1.82897 29.7218 8
    endloop
  endfacet
  facet normal -0 0 1
    outer loop
      vertex 0 30.6 8
      vertex 1.94541 29.8546 8
      vertex 1.2 31.8 8
    endloop
  endfacet
  facet normal 0 0 1
    outer loop
      vertex 2.07817 29.971 8
      vertex 1.2 31.8 8
      vertex 1.94541 29.8546 8
    endloop
  endfacet
  facet normal 0 0 1
    outer loop
      vertex 2.225 30.0691 8
      vertex 1.2 31.8 8
      vertex 2.07817 29.971 8
    endloop
  endfacet
  facet normal 0 0 1
    outer loop
      vertex 2.38338 30.1472 8
      vertex 1.2 31.8 8
      vertex 2.225 30.0691 8
    endloop
  endfacet
  facet normal 0 0 1
    outer loop
      vertex 2.55059 30.204 8
      vertex 1.2 31.8 8
      vertex 2.38338 30.1472 8
    endloop
  endfacet
  facet normal 0 0 1
    outer loop
      vertex 2.72379 30.2385 8
      vertex 1.2 31.8 8
      vertex 2.55059 30.204 8
    endloop
  endfacet
  facet normal 0 0 1
    outer loop
      vertex 2.9 30.25 8
      vertex 1.2 31.8 8
      vertex 2.72379 30.2385 8
    endloop
  endfacet
  facet normal 0 0 1
    outer loop
      vertex 3.07621 30.2385 8
      vertex 1.2 31.8 8
      vertex 2.9 30.25 8
    endloop
  endfacet
  facet normal 0 0 1
    outer loop
      vertex 39.7591 30.9106 8
      vertex 37.8546 29.8546 8
      vertex 39.7897 30.7566 8
    endloop
  endfacet
  facet normal 0 0 1
    outer loop
      vertex 39.7087 31.0592 8
      vertex 37.8546 29.8546 8
      vertex 39.7591 30.9106 8
    endloop
  endfacet
  facet normal 0 0 1
    outer loop
      vertex 39.6392 31.2 8
      vertex 37.8546 29.8546 8
      vertex 39.7087 31.0592 8
    endloop
  endfacet
  facet normal 0 0 1
    outer loop
      vertex 39.552 31.3305 8
      vertex 37.8546 29.8546 8
      vertex 39.6392 31.2 8
    endloop
  endfacet
  facet normal 0 0 1
    outer loop
      vertex 39.4485 31.4485 8
      vertex 37.8546 29.8546 8
      vertex 39.552 31.3305 8
    endloop
  endfacet
  facet normal 0 0 1
    outer loop
      vertex 39.3305 31.552 8
      vertex 37.8546 29.8546 8
      vertex 39.4485 31.4485 8
    endloop
  endfacet
  facet normal 0 0 1
    outer loop
      vertex 39.2 31.6392 8
      vertex 37.8546 29.8546 8
      vertex 39.3305 31.552 8
    endloop
  endfacet
  facet normal 0 0 1
    outer loop
      vertex 39.0592 31.7087 8
      vertex 37.8546 29.8546 8
      vertex 39.2 31.6392 8
    endloop
  endfacet
  facet normal 0 0 1
    outer loop
      vertex 38.9106 31.7591 8
      vertex 37.8546 29.8546 8
      vertex 39.0592 31.7087 8
    endloop
  endfacet
  facet normal 0 0 1
    outer loop
      vertex 37.8546 29.8546 8
      vertex 38.9106 31.7591 8
      vertex 38.6 31.8 8
    endloop
  endfacet
  facet normal 0 0 1
    outer loop
      vertex 38.6 31.8 8
      vertex 38.9106 31.7591 8
      vertex 38.7566 31.7897 8
    endloop
  endfacet
  facet normal 0 0 1
    outer loop
      vertex 39.7897 30.7566 8
      vertex 37.8546 29.8546 8
      vertex 39.8 30.6 8
    endloop
  endfacet
  facet normal 0 0 1
    outer loop
      vertex 39.8 30.6 8
      vertex 38.25 28.9 8
      vertex 38.2384 28.7238 8
    endloop
  endfacet
  facet normal 0 0 1
    outer loop
      vertex 39.8 30.6 8
      vertex 38.2384 28.7238 8
      vertex 38.204 28.5506 8
    endloop
  endfacet
  facet normal 0 0 1
    outer loop
      vertex 39.8 30.6 8
      vertex 38.204 28.5506 8
      vertex 38.1472 28.3834 8
    endloop
  endfacet
  facet normal 0 0 1
    outer loop
      vertex 39.8 30.6 8
      vertex 38.1472 28.3834 8
      vertex 39.8 19.9 8
    endloop
  endfacet
  facet normal -0 0 1
    outer loop
      vertex 38.0691 28.225 8
      vertex 39.8 19.9 8
      vertex 38.1472 28.3834 8
    endloop
  endfacet
  facet normal -0 0 1
    outer loop
      vertex 37.971 28.0782 8
      vertex 39.8 19.9 8
      vertex 38.0691 28.225 8
    endloop
  endfacet
  facet normal -0 0 1
    outer loop
      vertex 37.8546 27.9454 8
      vertex 39.8 19.9 8
      vertex 37.971 28.0782 8
    endloop
  endfacet
  facet normal -0 0 1
    outer loop
      vertex 37.7218 27.829 8
      vertex 39.8 19.9 8
      vertex 37.8546 27.9454 8
    endloop
  endfacet
  facet normal -0 0 1
    outer loop
      vertex 37.575 27.7309 8
      vertex 39.8 19.9 8
      vertex 37.7218 27.829 8
    endloop
  endfacet
  facet normal -0 0 1
    outer loop
      vertex 37.4166 27.6528 8
      vertex 39.8 19.9 8
      vertex 37.575 27.7309 8
    endloop
  endfacet
  facet normal -0 0 1
    outer loop
      vertex 37.2494 27.596 8
      vertex 39.8 19.9 8
      vertex 37.4166 27.6528 8
    endloop
  endfacet
  facet normal 0 0 1
    outer loop
      vertex 36.3 20.2301 8
      vertex 37.2494 27.596 8
      vertex 37.0762 27.5615 8
    endloop
  endfacet
  facet normal 0 0 1
    outer loop
      vertex 35.7134 20.5194 8
      vertex 37.0762 27.5615 8
      vertex 36.9 27.55 8
    endloop
  endfacet
  facet normal 0 0 1
    outer loop
      vertex 37.2494 27.596 8
      vertex 36.3 20.2301 8
      vertex 39.8 19.9 8
    endloop
  endfacet
  facet normal 0 0 1
    outer loop
      vertex 35.7134 20.5194 8
      vertex 36.9 27.55 8
      vertex 36.7238 27.5615 8
    endloop
  endfacet
  facet normal 0 0 1
    outer loop
      vertex 35.0941 20.7296 8
      vertex 36.7238 27.5615 8
      vertex 36.5506 27.596 8
    endloop
  endfacet
  facet normal 0 0 1
    outer loop
      vertex 34.4526 20.8572 8
      vertex 36.5506 27.596 8
      vertex 36.3834 27.6528 8
    endloop
  endfacet
  facet normal 0 0 1
    outer loop
      vertex 39.8 19.9 8
      vertex 36.3 20.2301 8
      vertex 36.7941 19.9 8
    endloop
  endfacet
  facet normal 0 0 1
    outer loop
      vertex 34.4526 20.8572 8
      vertex 36.3834 27.6528 8
      vertex 36.225 27.7309 8
    endloop
  endfacet
  facet normal 0 0 1
    outer loop
      vertex 34.4526 20.8572 8
      vertex 36.225 27.7309 8
      vertex 36.0782 27.829 8
    endloop
  endfacet
  facet normal 0 0 1
    outer loop
      vertex 34.4526 20.8572 8
      vertex 36.0782 27.829 8
      vertex 35.9454 27.9454 8
    endloop
  endfacet
  facet normal 0 0 1
    outer loop
      vertex 34.4526 20.8572 8
      vertex 35.9454 27.9454 8
      vertex 35.829 28.0782 8
    endloop
  endfacet
  facet normal 0 0 1
    outer loop
      vertex 34.4526 20.8572 8
      vertex 35.829 28.0782 8
      vertex 35.7309 28.225 8
    endloop
  endfacet
  facet normal 0 0 1
    outer loop
      vertex 37.0762 27.5615 8
      vertex 35.7134 20.5194 8
      vertex 36.3 20.2301 8
    endloop
  endfacet
  facet normal 0 0 1
    outer loop
      vertex 34.4526 20.8572 8
      vertex 35.7309 28.225 8
      vertex 35.6528 28.3834 8
    endloop
  endfacet
  facet normal 0 0 1
    outer loop
      vertex 34.4526 20.8572 8
      vertex 35.6528 28.3834 8
      vertex 35.596 28.5506 8
    endloop
  endfacet
  facet normal 0 0 1
    outer loop
      vertex 34.4526 20.8572 8
      vertex 35.596 28.5506 8
      vertex 35.5616 28.7238 8
    endloop
  endfacet
  facet normal 0 0 1
    outer loop
      vertex 30.9711 24.0711 8
      vertex 35.5616 28.7238 8
      vertex 35.55 28.9 8
    endloop
  endfacet
  facet normal 0 0 1
    outer loop
      vertex 36.7238 27.5615 8
      vertex 35.0941 20.7296 8
      vertex 35.7134 20.5194 8
    endloop
  endfacet
  facet normal 0 0 1
    outer loop
      vertex 33.8 20.9 8
      vertex 32.0336 22.6864 8
      vertex 33.1474 20.8572 8
    endloop
  endfacet
  facet normal -0 0 1
    outer loop
      vertex 31.9873 22.5501 8
      vertex 33.1474 20.8572 8
      vertex 32.0336 22.6864 8
    endloop
  endfacet
  facet normal -0 0 1
    outer loop
      vertex 31.9237 22.4211 8
      vertex 33.1474 20.8572 8
      vertex 31.9873 22.5501 8
    endloop
  endfacet
  facet normal -0 0 1
    outer loop
      vertex 31.8438 22.3014 8
      vertex 33.1474 20.8572 8
      vertex 31.9237 22.4211 8
    endloop
  endfacet
  facet normal 0 0 1
    outer loop
      vertex 33.1474 20.8572 8
      vertex 31.8438 22.3014 8
      vertex 32.5059 20.7296 8
    endloop
  endfacet
  facet normal -0 0 1
    outer loop
      vertex 31.7489 22.1932 8
      vertex 32.5059 20.7296 8
      vertex 31.8438 22.3014 8
    endloop
  endfacet
  facet normal -0 0 1
    outer loop
      vertex 31.6407 22.0984 8
      vertex 32.5059 20.7296 8
      vertex 31.7489 22.1932 8
    endloop
  endfacet
  facet normal -0 0 1
    outer loop
      vertex 31.5211 22.0184 8
      vertex 32.5059 20.7296 8
      vertex 31.6407 22.0984 8
    endloop
  endfacet
  facet normal 0 0 1
    outer loop
      vertex 32.5059 20.7296 8
      vertex 31.5211 22.0184 8
      vertex 31.8866 20.5194 8
    endloop
  endfacet
  facet normal -0 0 1
    outer loop
      vertex 31.392 21.9548 8
      vertex 31.8866 20.5194 8
      vertex 31.5211 22.0184 8
    endloop
  endfacet
  facet normal -0 0 1
    outer loop
      vertex 31.2558 21.9086 8
      vertex 31.8866 20.5194 8
      vertex 31.392 21.9548 8
    endloop
  endfacet
  facet normal -0 0 1
    outer loop
      vertex 31.1146 21.8805 8
      vertex 31.8866 20.5194 8
      vertex 31.2558 21.9086 8
    endloop
  endfacet
  facet normal 0 0 1
    outer loop
      vertex 31.8866 20.5194 8
      vertex 31.1146 21.8805 8
      vertex 31.3 20.2301 8
    endloop
  endfacet
  facet normal -0 0 1
    outer loop
      vertex 30.9711 21.8711 8
      vertex 31.3 20.2301 8
      vertex 31.1146 21.8805 8
    endloop
  endfacet
  facet normal 0 0 1
    outer loop
      vertex 30.2468 20.7701 8
      vertex 30.9711 21.8711 8
      vertex 30.8275 21.8805 8
    endloop
  endfacet
  facet normal 0 0 1
    outer loop
      vertex 30.9711 21.8711 8
      vertex 30.2468 20.7701 8
      vertex 31.3 20.2301 8
    endloop
  endfacet
  facet normal 0 0 1
    outer loop
      vertex 30.2468 20.7701 8
      vertex 30.8275 21.8805 8
      vertex 30.6864 21.9086 8
    endloop
  endfacet
  facet normal 0 0 1
    outer loop
      vertex 30.2468 20.7701 8
      vertex 30.6864 21.9086 8
      vertex 30.5501 21.9548 8
    endloop
  endfacet
  facet normal 0 0 1
    outer loop
      vertex 30.2468 20.7701 8
      vertex 30.5501 21.9548 8
      vertex 30.4211 22.0184 8
    endloop
  endfacet
  facet normal 0 0 1
    outer loop
      vertex 29.5569 21.5569 8
      vertex 30.4211 22.0184 8
      vertex 30.3014 22.0984 8
    endloop
  endfacet
  facet normal 0 0 1
    outer loop
      vertex 31.3 20.2301 8
      vertex 30.2468 20.7701 8
      vertex 30.8213 19.9103 8
    endloop
  endfacet
  facet normal 0 0 1
    outer loop
      vertex 29.5569 21.5569 8
      vertex 30.3014 22.0984 8
      vertex 30.1932 22.1932 8
    endloop
  endfacet
  facet normal 0 0 1
    outer loop
      vertex 29.5569 21.5569 8
      vertex 30.1932 22.1932 8
      vertex 30.0984 22.3014 8
    endloop
  endfacet
  facet normal 0 0 1
    outer loop
      vertex 29.5569 21.5569 8
      vertex 30.0984 22.3014 8
      vertex 30.0184 22.4211 8
    endloop
  endfacet
  facet normal 0 0 1
    outer loop
      vertex 29.5569 21.5569 8
      vertex 30.0184 22.4211 8
      vertex 29.9548 22.5501 8
    endloop
  endfacet
  facet normal 0 0 1
    outer loop
      vertex 29.5569 21.5569 8
      vertex 29.9548 22.5501 8
      vertex 29.9086 22.6864 8
    endloop
  endfacet
  facet normal 0 0 1
    outer loop
      vertex 29.5569 21.5569 8
      vertex 29.9086 22.6864 8
      vertex 29.8805 22.8275 8
    endloop
  endfacet
  facet normal 0 0 1
    outer loop
      vertex 30.4211 22.0184 8
      vertex 29.5569 21.5569 8
      vertex 30.2468 20.7701 8
    endloop
  endfacet
  facet normal 0 0 1
    outer loop
      vertex 29.5569 21.5569 8
      vertex 29.8805 22.8275 8
      vertex 29.8711 22.9711 8
    endloop
  endfacet
  facet normal -0 0 1
    outer loop
      vertex 17.8914 22.6864 8
      vertex 19.0299 22.2468 8
      vertex 17.9195 22.8275 8
    endloop
  endfacet
  facet normal -0 0 1
    outer loop
      vertex 17.8452 22.5501 8
      vertex 19.0299 22.2468 8
      vertex 17.8914 22.6864 8
    endloop
  endfacet
  facet normal -0 0 1
    outer loop
      vertex 17.7816 22.4211 8
      vertex 19.0299 22.2468 8
      vertex 17.8452 22.5501 8
    endloop
  endfacet
  facet normal 0 0 1
    outer loop
      vertex 19.0299 22.2468 8
      vertex 17.7816 22.4211 8
      vertex 18.2431 21.5569 8
    endloop
  endfacet
  facet normal -0 0 1
    outer loop
      vertex 17.7016 22.3014 8
      vertex 18.2431 21.5569 8
      vertex 17.7816 22.4211 8
    endloop
  endfacet
  facet normal -0 0 1
    outer loop
      vertex 17.6068 22.1932 8
      vertex 18.2431 21.5569 8
      vertex 17.7016 22.3014 8
    endloop
  endfacet
  facet normal -0 0 1
    outer loop
      vertex 17.4986 22.0984 8
      vertex 18.2431 21.5569 8
      vertex 17.6068 22.1932 8
    endloop
  endfacet
  facet normal -0 0 1
    outer loop
      vertex 17.3789 22.0184 8
      vertex 18.2431 21.5569 8
      vertex 17.4986 22.0984 8
    endloop
  endfacet
  facet normal 0 0 1
    outer loop
      vertex 18.2431 21.5569 8
      vertex 17.3789 22.0184 8
      vertex 17.5532 20.7701 8
    endloop
  endfacet
  facet normal -0 0 1
    outer loop
      vertex 17.2499 21.9548 8
      vertex 17.5532 20.7701 8
      vertex 17.3789 22.0184 8
    endloop
  endfacet
  facet normal -0 0 1
    outer loop
      vertex 17.1136 21.9086 8
      vertex 17.5532 20.7701 8
      vertex 17.2499 21.9548 8
    endloop
  endfacet
  facet normal -0 0 1
    outer loop
      vertex 16.9725 21.8805 8
      vertex 17.5532 20.7701 8
      vertex 17.1136 21.9086 8
    endloop
  endfacet
  facet normal -0 0 1
    outer loop
      vertex 16.8289 21.8711 8
      vertex 17.5532 20.7701 8
      vertex 16.9725 21.8805 8
    endloop
  endfacet
  facet normal 0 0 1
    outer loop
      vertex 16.6854 21.8805 8
      vertex 17.5532 20.7701 8
      vertex 16.8289 21.8711 8
    endloop
  endfacet
  facet normal 0 0 1
    outer loop
      vertex 17.5532 20.7701 8
      vertex 16.6854 21.8805 8
      vertex 16.9718 19.9 8
    endloop
  endfacet
  facet normal 0 0 1
    outer loop
      vertex 16.5442 21.9086 8
      vertex 16.9718 19.9 8
      vertex 16.6854 21.8805 8
    endloop
  endfacet
  facet normal 0 0 1
    outer loop
      vertex 16.408 21.9548 8
      vertex 16.9718 19.9 8
      vertex 16.5442 21.9086 8
    endloop
  endfacet
  facet normal 0 0 1
    outer loop
      vertex 16.2789 22.0184 8
      vertex 16.9718 19.9 8
      vertex 16.408 21.9548 8
    endloop
  endfacet
  facet normal 0 0 1
    outer loop
      vertex 16.1593 22.0984 8
      vertex 16.9718 19.9 8
      vertex 16.2789 22.0184 8
    endloop
  endfacet
  facet normal 0 0 1
    outer loop
      vertex 16.9718 19.9 8
      vertex 16.1593 22.0984 8
      vertex 16.509 18.9615 8
    endloop
  endfacet
  facet normal 0 0 1
    outer loop
      vertex 16.0511 22.1932 8
      vertex 16.509 18.9615 8
      vertex 16.1593 22.0984 8
    endloop
  endfacet
  facet normal 0 0 1
    outer loop
      vertex 15.9562 22.3014 8
      vertex 16.509 18.9615 8
      vertex 16.0511 22.1932 8
    endloop
  endfacet
  facet normal 0 0 1
    outer loop
      vertex 15.8763 22.4211 8
      vertex 16.509 18.9615 8
      vertex 15.9562 22.3014 8
    endloop
  endfacet
  facet normal 0 0 1
    outer loop
      vertex 16.509 18.9615 8
      vertex 15.8763 22.4211 8
      vertex 16.1726 17.9706 8
    endloop
  endfacet
  facet normal 0 0 1
    outer loop
      vertex 15.8127 22.5501 8
      vertex 16.1726 17.9706 8
      vertex 15.8763 22.4211 8
    endloop
  endfacet
  facet normal 0 0 1
    outer loop
      vertex 15.7289 22.9711 8
      vertex 3.85459 27.9454 8
      vertex 15.7383 22.8275 8
    endloop
  endfacet
  facet normal 0 0 1
    outer loop
      vertex 19.0299 9.55317 8
      vertex 17.9195 8.97251 8
      vertex 17.9289 8.82893 8
    endloop
  endfacet
  facet normal 0 0 1
    outer loop
      vertex 19.0299 9.55317 8
      vertex 17.8914 9.11363 8
      vertex 17.9195 8.97251 8
    endloop
  endfacet
  facet normal 0 0 1
    outer loop
      vertex 19.0299 9.55317 8
      vertex 17.8452 9.24988 8
      vertex 17.8914 9.11363 8
    endloop
  endfacet
  facet normal 0 0 1
    outer loop
      vertex 19.0299 9.55317 8
      vertex 17.7816 9.37893 8
      vertex 17.8452 9.24988 8
    endloop
  endfacet
  facet normal 0 0 1
    outer loop
      vertex 18.2431 10.2431 8
      vertex 17.7016 9.49857 8
      vertex 17.7816 9.37893 8
    endloop
  endfacet
  facet normal 0 0 1
    outer loop
      vertex 18.2431 10.2431 8
      vertex 17.6068 9.60675 8
      vertex 17.7016 9.49857 8
    endloop
  endfacet
  facet normal 0 0 1
    outer loop
      vertex 17.3789 9.78156 8
      vertex 18.2431 10.2431 8
      vertex 17.5532 11.0299 8
    endloop
  endfacet
  facet normal 0 0 1
    outer loop
      vertex 18.2431 10.2431 8
      vertex 17.4986 9.70162 8
      vertex 17.6068 9.60675 8
    endloop
  endfacet
  facet normal 0 0 1
    outer loop
      vertex 18.2431 10.2431 8
      vertex 17.3789 9.78156 8
      vertex 17.4986 9.70162 8
    endloop
  endfacet
  facet normal 0 0 1
    outer loop
      vertex 17.5532 11.0299 8
      vertex 17.2499 9.8452 8
      vertex 17.3789 9.78156 8
    endloop
  endfacet
  facet normal 0 0 1
    outer loop
      vertex 17.5532 11.0299 8
      vertex 17.1136 9.89145 8
      vertex 17.2499 9.8452 8
    endloop
  endfacet
  facet normal 0 0 1
    outer loop
      vertex 17.5532 11.0299 8
      vertex 16.9725 9.91952 8
      vertex 17.1136 9.89145 8
    endloop
  endfacet
  facet normal 0 0 1
    outer loop
      vertex 16.6854 9.91952 8
      vertex 17.5532 11.0299 8
      vertex 16.9718 11.9 8
    endloop
  endfacet
  facet normal 0 0 1
    outer loop
      vertex 17.5532 11.0299 8
      vertex 16.8289 9.92893 8
      vertex 16.9725 9.91952 8
    endloop
  endfacet
  facet normal 0 0 1
    outer loop
      vertex 17.5532 11.0299 8
      vertex 16.6854 9.91952 8
      vertex 16.8289 9.92893 8
    endloop
  endfacet
  facet normal 0 0 1
    outer loop
      vertex 16.9718 11.9 8
      vertex 16.5442 9.89145 8
      vertex 16.6854 9.91952 8
    endloop
  endfacet
  facet normal 0 0 1
    outer loop
      vertex 16.1593 9.70162 8
      vertex 16.9718 11.9 8
      vertex 16.509 12.8385 8
    endloop
  endfacet
  facet normal 0 0 1
    outer loop
      vertex 16.9718 11.9 8
      vertex 16.408 9.8452 8
      vertex 16.5442 9.89145 8
    endloop
  endfacet
  facet normal 0 0 1
    outer loop
      vertex 16.9718 11.9 8
      vertex 16.2789 9.78156 8
      vertex 16.408 9.8452 8
    endloop
  endfacet
  facet normal 0 0 1
    outer loop
      vertex 15.8763 9.37893 8
      vertex 16.509 12.8385 8
      vertex 16.1726 13.8294 8
    endloop
  endfacet
  facet normal 0 0 1
    outer loop
      vertex 16.9718 11.9 8
      vertex 16.1593 9.70162 8
      vertex 16.2789 9.78156 8
    endloop
  endfacet
  facet normal 0 0 1
    outer loop
      vertex 16.509 12.8385 8
      vertex 16.0511 9.60675 8
      vertex 16.1593 9.70162 8
    endloop
  endfacet
  facet normal 0 0 1
    outer loop
      vertex 15.7664 9.11363 8
      vertex 16.1726 13.8294 8
      vertex 15.9684 14.8558 8
    endloop
  endfacet
  facet normal 0 0 1
    outer loop
      vertex 16.509 12.8385 8
      vertex 15.9562 9.49857 8
      vertex 16.0511 9.60675 8
    endloop
  endfacet
  facet normal 0 0 1
    outer loop
      vertex 15.7383 23.1146 8
      vertex 3.85459 27.9454 8
      vertex 15.7289 22.9711 8
    endloop
  endfacet
  facet normal 0 0 1
    outer loop
      vertex 16.509 12.8385 8
      vertex 15.8763 9.37893 8
      vertex 15.9562 9.49857 8
    endloop
  endfacet
  facet normal -0 0 1
    outer loop
      vertex 3.97103 28.0782 8
      vertex 15.7664 23.2558 8
      vertex 4.06913 28.225 8
    endloop
  endfacet
  facet normal 0 0 1
    outer loop
      vertex 15.8127 23.392 8
      vertex 4.06913 28.225 8
      vertex 15.7664 23.2558 8
    endloop
  endfacet
  facet normal 0 0 1
    outer loop
      vertex 16.1726 13.8294 8
      vertex 15.8127 9.24988 8
      vertex 15.8763 9.37893 8
    endloop
  endfacet
  facet normal 0 0 1
    outer loop
      vertex 15.7664 23.2558 8
      vertex 3.97103 28.0782 8
      vertex 15.7383 23.1146 8
    endloop
  endfacet
  facet normal 0 0 1
    outer loop
      vertex 16.1726 13.8294 8
      vertex 15.7664 9.11363 8
      vertex 15.8127 9.24988 8
    endloop
  endfacet
  facet normal -0 0 1
    outer loop
      vertex 4.06913 28.225 8
      vertex 15.8127 23.392 8
      vertex 4.14724 28.3834 8
    endloop
  endfacet
  facet normal -0 0 1
    outer loop
      vertex 3.72183 27.829 8
      vertex 15.7383 22.8275 8
      vertex 3.85459 27.9454 8
    endloop
  endfacet
  facet normal -0 0 1
    outer loop
      vertex 3.85459 27.9454 8
      vertex 15.7383 23.1146 8
      vertex 3.97103 28.0782 8
    endloop
  endfacet
  facet normal 0 0 1
    outer loop
      vertex 15.7383 22.8275 8
      vertex 3.72183 27.829 8
      vertex 15.7664 22.6864 8
    endloop
  endfacet
  facet normal -0 0 1
    outer loop
      vertex 3.41662 27.6528 8
      vertex 15.8127 22.5501 8
      vertex 3.575 27.7309 8
    endloop
  endfacet
  facet normal 0 0 1
    outer loop
      vertex 15.7289 8.82893 8
      vertex 4.23845 3.07621 8
      vertex 4.25 2.9 8
    endloop
  endfacet
  facet normal 0 0 1
    outer loop
      vertex 15.8127 22.5501 8
      vertex 3.41662 27.6528 8
      vertex 16.1726 17.9706 8
    endloop
  endfacet
  facet normal 0 0 1
    outer loop
      vertex 15.7289 8.82893 8
      vertex 4.204 3.24941 8
      vertex 4.23845 3.07621 8
    endloop
  endfacet
  facet normal 0 0 1
    outer loop
      vertex 16.1726 17.9706 8
      vertex 3.41662 27.6528 8
      vertex 15.9684 16.9442 8
    endloop
  endfacet
  facet normal 0 0 1
    outer loop
      vertex 15.7289 8.82893 8
      vertex 4.14724 3.41662 8
      vertex 4.204 3.24941 8
    endloop
  endfacet
  facet normal -0 0 1
    outer loop
      vertex 3.24941 27.596 8
      vertex 15.9684 16.9442 8
      vertex 3.41662 27.6528 8
    endloop
  endfacet
  facet normal 0 0 1
    outer loop
      vertex 15.7289 8.82893 8
      vertex 4.06913 3.575 8
      vertex 4.14724 3.41662 8
    endloop
  endfacet
  facet normal 0 0 1
    outer loop
      vertex 15.9684 16.9442 8
      vertex 3.24941 27.596 8
      vertex 15.9 15.9 8
    endloop
  endfacet
  facet normal 0 0 1
    outer loop
      vertex 15.7289 8.82893 8
      vertex 3.97103 3.72183 8
      vertex 4.06913 3.575 8
    endloop
  endfacet
  facet normal -0 0 1
    outer loop
      vertex 3.07621 27.5615 8
      vertex 15.9 15.9 8
      vertex 3.24941 27.596 8
    endloop
  endfacet
  facet normal 0 0 1
    outer loop
      vertex 15.7289 8.82893 8
      vertex 3.85459 3.85459 8
      vertex 3.97103 3.72183 8
    endloop
  endfacet
  facet normal 0 0 1
    outer loop
      vertex 3.07621 4.23845 8
      vertex 15.9 15.9 8
      vertex 3.07621 27.5615 8
    endloop
  endfacet
  facet normal 0 0 1
    outer loop
      vertex 15.7289 8.82893 8
      vertex 3.72183 3.97103 8
      vertex 3.85459 3.85459 8
    endloop
  endfacet
  facet normal 0 -0 1
    outer loop
      vertex 3.41662 4.14724 8
      vertex 15.9684 14.8558 8
      vertex 3.24941 4.204 8
    endloop
  endfacet
  facet normal 0 0 1
    outer loop
      vertex 15.7383 8.97251 8
      vertex 3.72183 3.97103 8
      vertex 15.7289 8.82893 8
    endloop
  endfacet
  facet normal 0 0 1
    outer loop
      vertex 15.9684 14.8558 8
      vertex 3.41662 4.14724 8
      vertex 15.7664 9.11363 8
    endloop
  endfacet
  facet normal 0 -0 1
    outer loop
      vertex 3.72183 3.97103 8
      vertex 15.7383 8.97251 8
      vertex 3.575 4.06913 8
    endloop
  endfacet
  facet normal 0 -0 1
    outer loop
      vertex 3.575 4.06913 8
      vertex 15.7664 9.11363 8
      vertex 3.41662 4.14724 8
    endloop
  endfacet
  facet normal 0 0 1
    outer loop
      vertex 15.7664 9.11363 8
      vertex 3.575 4.06913 8
      vertex 15.7383 8.97251 8
    endloop
  endfacet
  facet normal 0 0 1
    outer loop
      vertex 15.9 15.9 8
      vertex 3.07621 4.23845 8
      vertex 15.9684 14.8558 8
    endloop
  endfacet
  facet normal 0 0 1
    outer loop
      vertex 15.9684 14.8558 8
      vertex 3.07621 4.23845 8
      vertex 3.24941 4.204 8
    endloop
  endfacet
  facet normal -0 0 1
    outer loop
      vertex 2.9 27.55 8
      vertex 3.07621 4.23845 8
      vertex 3.07621 27.5615 8
    endloop
  endfacet
  facet normal 0 0 1
    outer loop
      vertex 2.9 27.55 8
      vertex 2.9 4.25 8
      vertex 3.07621 4.23845 8
    endloop
  endfacet
  facet normal 0 0 1
    outer loop
      vertex 2.72379 27.5615 8
      vertex 2.9 4.25 8
      vertex 2.9 27.55 8
    endloop
  endfacet
  facet normal 0 0 1
    outer loop
      vertex 2.72379 27.5615 8
      vertex 2.72379 4.23845 8
      vertex 2.9 4.25 8
    endloop
  endfacet
  facet normal 0 0 1
    outer loop
      vertex 2.55059 27.596 8
      vertex 2.72379 4.23845 8
      vertex 2.72379 27.5615 8
    endloop
  endfacet
  facet normal 0 0 1
    outer loop
      vertex 2.55059 27.596 8
      vertex 2.55059 4.204 8
      vertex 2.72379 4.23845 8
    endloop
  endfacet
  facet normal 0 0 1
    outer loop
      vertex 2.38338 27.6528 8
      vertex 2.55059 4.204 8
      vertex 2.55059 27.596 8
    endloop
  endfacet
  facet normal 0 0 1
    outer loop
      vertex 2.38338 27.6528 8
      vertex 2.38338 4.14724 8
      vertex 2.55059 4.204 8
    endloop
  endfacet
  facet normal 0 0 1
    outer loop
      vertex 2.225 27.7309 8
      vertex 2.38338 4.14724 8
      vertex 2.38338 27.6528 8
    endloop
  endfacet
  facet normal 0 0 1
    outer loop
      vertex 2.225 27.7309 8
      vertex 2.225 4.06913 8
      vertex 2.38338 4.14724 8
    endloop
  endfacet
  facet normal 0 0 1
    outer loop
      vertex 2.07817 27.829 8
      vertex 2.225 4.06913 8
      vertex 2.225 27.7309 8
    endloop
  endfacet
  facet normal 0 0 1
    outer loop
      vertex 2.07817 27.829 8
      vertex 2.07817 3.97103 8
      vertex 2.225 4.06913 8
    endloop
  endfacet
  facet normal 0 0 1
    outer loop
      vertex 1.94541 27.9454 8
      vertex 2.07817 3.97103 8
      vertex 2.07817 27.829 8
    endloop
  endfacet
  facet normal 0 0 1
    outer loop
      vertex 1.94541 27.9454 8
      vertex 1.94541 3.85459 8
      vertex 2.07817 3.97103 8
    endloop
  endfacet
  facet normal 0 0 1
    outer loop
      vertex 1.82897 28.0782 8
      vertex 1.94541 3.85459 8
      vertex 1.94541 27.9454 8
    endloop
  endfacet
  facet normal 0 0 1
    outer loop
      vertex 1.82897 28.0782 8
      vertex 1.82897 3.72183 8
      vertex 1.94541 3.85459 8
    endloop
  endfacet
  facet normal 0 0 1
    outer loop
      vertex 1.73087 28.225 8
      vertex 1.82897 3.72183 8
      vertex 1.82897 28.0782 8
    endloop
  endfacet
  facet normal 0 0 1
    outer loop
      vertex 1.73087 28.225 8
      vertex 1.73087 3.575 8
      vertex 1.82897 3.72183 8
    endloop
  endfacet
  facet normal 0 0 1
    outer loop
      vertex 0 30.6 8
      vertex 1.73087 28.225 8
      vertex 1.65276 28.3834 8
    endloop
  endfacet
  facet normal 0 0 1
    outer loop
      vertex 1.73087 28.225 8
      vertex 0 30.6 8
      vertex 1.73087 3.575 8
    endloop
  endfacet
  facet normal 0 0 1
    outer loop
      vertex 0 30.6 8
      vertex 1.65276 28.3834 8
      vertex 1.596 28.5506 8
    endloop
  endfacet
  facet normal 0 0 1
    outer loop
      vertex 0 1.2 8
      vertex 1.73087 3.575 8
      vertex 0 30.6 8
    endloop
  endfacet
  facet normal 0 0 1
    outer loop
      vertex 0 30.6 8
      vertex 1.596 28.5506 8
      vertex 1.56155 28.7238 8
    endloop
  endfacet
  facet normal 0 0 1
    outer loop
      vertex 1.73087 3.575 8
      vertex 0 1.2 8
      vertex 1.65276 3.41662 8
    endloop
  endfacet
  facet normal 0 0 1
    outer loop
      vertex 1.56155 29.0762 8
      vertex 0 30.6 8
      vertex 1.55 28.9 8
    endloop
  endfacet
  facet normal 0 0 1
    outer loop
      vertex 1.55 28.9 8
      vertex 0 30.6 8
      vertex 1.56155 28.7238 8
    endloop
  endfacet
  facet normal 0 0 1
    outer loop
      vertex 33.8 10.9 8
      vertex 32.0617 8.97251 8
      vertex 32.0711 8.82893 8
    endloop
  endfacet
  facet normal 0 0 1
    outer loop
      vertex 33.1474 10.9428 8
      vertex 32.0336 9.11363 8
      vertex 32.0617 8.97251 8
    endloop
  endfacet
  facet normal 0 0 1
    outer loop
      vertex 33.1474 10.9428 8
      vertex 31.9873 9.24988 8
      vertex 32.0336 9.11363 8
    endloop
  endfacet
  facet normal 0 0 1
    outer loop
      vertex 33.1474 10.9428 8
      vertex 31.9237 9.37893 8
      vertex 31.9873 9.24988 8
    endloop
  endfacet
  facet normal 0 0 1
    outer loop
      vertex 31.5211 9.78156 8
      vertex 32.5059 11.0704 8
      vertex 31.8866 11.2806 8
    endloop
  endfacet
  facet normal 0 0 1
    outer loop
      vertex 33.1474 10.9428 8
      vertex 31.8438 9.49857 8
      vertex 31.9237 9.37893 8
    endloop
  endfacet
  facet normal 0 0 1
    outer loop
      vertex 32.5059 11.0704 8
      vertex 31.7489 9.60675 8
      vertex 31.8438 9.49857 8
    endloop
  endfacet
  facet normal 0 0 1
    outer loop
      vertex 32.5059 11.0704 8
      vertex 31.6407 9.70162 8
      vertex 31.7489 9.60675 8
    endloop
  endfacet
  facet normal 0 0 1
    outer loop
      vertex 32.5059 11.0704 8
      vertex 31.5211 9.78156 8
      vertex 31.6407 9.70162 8
    endloop
  endfacet
  facet normal 0 0 1
    outer loop
      vertex 31.8866 11.2806 8
      vertex 31.392 9.8452 8
      vertex 31.5211 9.78156 8
    endloop
  endfacet
  facet normal 0 0 1
    outer loop
      vertex 31.1146 9.91952 8
      vertex 31.8866 11.2806 8
      vertex 31.3 11.5699 8
    endloop
  endfacet
  facet normal 0 0 1
    outer loop
      vertex 31.8866 11.2806 8
      vertex 31.2558 9.89145 8
      vertex 31.392 9.8452 8
    endloop
  endfacet
  facet normal 0 0 1
    outer loop
      vertex 31.8866 11.2806 8
      vertex 31.1146 9.91952 8
      vertex 31.2558 9.89145 8
    endloop
  endfacet
  facet normal 0 0 1
    outer loop
      vertex 31.3 11.5699 8
      vertex 30.9711 9.92893 8
      vertex 31.1146 9.91952 8
    endloop
  endfacet
  facet normal -0 0 1
    outer loop
      vertex 30.2468 11.0299 8
      vertex 30.9711 9.92893 8
      vertex 31.3 11.5699 8
    endloop
  endfacet
  facet normal 0 0 1
    outer loop
      vertex 30.2468 11.0299 8
      vertex 31.3 11.5699 8
      vertex 30.8213 11.8897 8
    endloop
  endfacet
  facet normal 0 0 1
    outer loop
      vertex 30.9711 9.92893 8
      vertex 30.2468 11.0299 8
      vertex 30.8275 9.91952 8
    endloop
  endfacet
  facet normal 0 0 1
    outer loop
      vertex 30.8275 9.91952 8
      vertex 30.2468 11.0299 8
      vertex 30.6864 9.89145 8
    endloop
  endfacet
  facet normal 0 0 1
    outer loop
      vertex 30.6864 9.89145 8
      vertex 30.2468 11.0299 8
      vertex 30.5501 9.8452 8
    endloop
  endfacet
  facet normal 0 0 1
    outer loop
      vertex 30.5501 9.8452 8
      vertex 30.2468 11.0299 8
      vertex 30.4211 9.78156 8
    endloop
  endfacet
  facet normal -0 0 1
    outer loop
      vertex 29.5569 10.2431 8
      vertex 30.4211 9.78156 8
      vertex 30.2468 11.0299 8
    endloop
  endfacet
  facet normal 0 0 1
    outer loop
      vertex 30.4211 9.78156 8
      vertex 29.5569 10.2431 8
      vertex 30.3014 9.70162 8
    endloop
  endfacet
  facet normal 0 0 1
    outer loop
      vertex 30.3014 9.70162 8
      vertex 29.5569 10.2431 8
      vertex 30.1932 9.60675 8
    endloop
  endfacet
  facet normal 0 0 1
    outer loop
      vertex 30.1932 9.60675 8
      vertex 29.5569 10.2431 8
      vertex 30.0984 9.49857 8
    endloop
  endfacet
  facet normal 0 0 1
    outer loop
      vertex 30.0984 9.49857 8
      vertex 29.5569 10.2431 8
      vertex 30.0184 9.37893 8
    endloop
  endfacet
  facet normal -0 0 1
    outer loop
      vertex 28.7701 9.55317 8
      vertex 30.0184 9.37893 8
      vertex 29.5569 10.2431 8
    endloop
  endfacet
  facet normal 0 0 1
    outer loop
      vertex 30.0184 9.37893 8
      vertex 28.7701 9.55317 8
      vertex 29.9548 9.24988 8
    endloop
  endfacet
  facet normal 0 0 1
    outer loop
      vertex 29.9086 9.11363 8
      vertex 28.7701 9.55317 8
      vertex 29.8805 8.97251 8
    endloop
  endfacet
  facet normal 0 0 1
    outer loop
      vertex 29.9548 9.24988 8
      vertex 28.7701 9.55317 8
      vertex 29.9086 9.11363 8
    endloop
  endfacet
  facet normal -0 0 1
    outer loop
      vertex 38.1472 3.41662 8
      vertex 39.8 1.2 8
      vertex 39.8 11.9 8
    endloop
  endfacet
  facet normal -0 -0 1
    outer loop
      vertex 38.204 3.24941 8
      vertex 39.8 1.2 8
      vertex 38.1472 3.41662 8
    endloop
  endfacet
  facet normal -0 -0 1
    outer loop
      vertex 38.2384 3.07621 8
      vertex 39.8 1.2 8
      vertex 38.204 3.24941 8
    endloop
  endfacet
  facet normal -0 -0 1
    outer loop
      vertex 38.25 2.9 8
      vertex 39.8 1.2 8
      vertex 38.2384 3.07621 8
    endloop
  endfacet
  facet normal -0 0 1
    outer loop
      vertex 38.204 2.55059 8
      vertex 39.8 1.2 8
      vertex 38.2384 2.72379 8
    endloop
  endfacet
  facet normal -0 0 1
    outer loop
      vertex 38.1472 2.38338 8
      vertex 39.8 1.2 8
      vertex 38.204 2.55059 8
    endloop
  endfacet
  facet normal -0 0 1
    outer loop
      vertex 38.0691 2.225 8
      vertex 39.8 1.2 8
      vertex 38.1472 2.38338 8
    endloop
  endfacet
  facet normal -0 0 1
    outer loop
      vertex 37.971 2.07817 8
      vertex 39.8 1.2 8
      vertex 38.0691 2.225 8
    endloop
  endfacet
  facet normal 0 0 1
    outer loop
      vertex 39.8 1.2 8
      vertex 37.8546 1.94541 8
      vertex 39.7897 1.04337 8
    endloop
  endfacet
  facet normal 0 0 1
    outer loop
      vertex 39.7897 1.04337 8
      vertex 37.8546 1.94541 8
      vertex 39.7591 0.889417 8
    endloop
  endfacet
  facet normal 0 0 1
    outer loop
      vertex 39.7591 0.889417 8
      vertex 37.8546 1.94541 8
      vertex 39.7087 0.74078 8
    endloop
  endfacet
  facet normal 0 0 1
    outer loop
      vertex 39.7087 0.74078 8
      vertex 37.8546 1.94541 8
      vertex 39.6392 0.599999 8
    endloop
  endfacet
  facet normal 0 0 1
    outer loop
      vertex 39.552 0.469486 8
      vertex 37.8546 1.94541 8
      vertex 39.4485 0.351471 8
    endloop
  endfacet
  facet normal 0 0 1
    outer loop
      vertex 39.6392 0.599999 8
      vertex 37.8546 1.94541 8
      vertex 39.552 0.469486 8
    endloop
  endfacet
  facet normal -0 0 1
    outer loop
      vertex 37.8546 1.94541 8
      vertex 39.8 1.2 8
      vertex 37.971 2.07817 8
    endloop
  endfacet
  facet normal -0 0 1
    outer loop
      vertex 38.2384 2.72379 8
      vertex 39.8 1.2 8
      vertex 38.25 2.9 8
    endloop
  endfacet
  facet normal 0 0 1
    outer loop
      vertex 39.8 11.9 8
      vertex 38.0691 3.575 8
      vertex 38.1472 3.41662 8
    endloop
  endfacet
  facet normal 0 0 1
    outer loop
      vertex 39.8 11.9 8
      vertex 37.971 3.72183 8
      vertex 38.0691 3.575 8
    endloop
  endfacet
  facet normal 0 0 1
    outer loop
      vertex 39.8 11.9 8
      vertex 37.8546 3.85459 8
      vertex 37.971 3.72183 8
    endloop
  endfacet
  facet normal 0 0 1
    outer loop
      vertex 39.8 11.9 8
      vertex 37.7218 3.97103 8
      vertex 37.8546 3.85459 8
    endloop
  endfacet
  facet normal 0 0 1
    outer loop
      vertex 39.8 11.9 8
      vertex 37.575 4.06913 8
      vertex 37.7218 3.97103 8
    endloop
  endfacet
  facet normal 0 0 1
    outer loop
      vertex 39.8 11.9 8
      vertex 37.4166 4.14724 8
      vertex 37.575 4.06913 8
    endloop
  endfacet
  facet normal 0 0 1
    outer loop
      vertex 39.8 11.9 8
      vertex 37.2494 4.204 8
      vertex 37.4166 4.14724 8
    endloop
  endfacet
  facet normal -0 0 1
    outer loop
      vertex 36.3 11.5699 8
      vertex 37.2494 4.204 8
      vertex 39.8 11.9 8
    endloop
  endfacet
  facet normal 0 0 1
    outer loop
      vertex 37.2494 4.204 8
      vertex 36.3 11.5699 8
      vertex 37.0762 4.23845 8
    endloop
  endfacet
  facet normal 0 0 1
    outer loop
      vertex 36.3 11.5699 8
      vertex 39.8 11.9 8
      vertex 36.7941 11.9 8
    endloop
  endfacet
  facet normal -0 0 1
    outer loop
      vertex 35.7134 11.2806 8
      vertex 37.0762 4.23845 8
      vertex 36.3 11.5699 8
    endloop
  endfacet
  facet normal 0 0 1
    outer loop
      vertex 37.0762 4.23845 8
      vertex 35.7134 11.2806 8
      vertex 36.9 4.25 8
    endloop
  endfacet
  facet normal 0 0 1
    outer loop
      vertex 36.9 4.25 8
      vertex 35.7134 11.2806 8
      vertex 36.7238 4.23845 8
    endloop
  endfacet
  facet normal -0 0 1
    outer loop
      vertex 35.0941 11.0704 8
      vertex 36.7238 4.23845 8
      vertex 35.7134 11.2806 8
    endloop
  endfacet
  facet normal 0 0 1
    outer loop
      vertex 36.7238 4.23845 8
      vertex 35.0941 11.0704 8
      vertex 36.5506 4.204 8
    endloop
  endfacet
  facet normal -0 0 1
    outer loop
      vertex 34.4526 10.9428 8
      vertex 36.5506 4.204 8
      vertex 35.0941 11.0704 8
    endloop
  endfacet
  facet normal -0 0 1
    outer loop
      vertex 32.0336 8.54423 8
      vertex 36.5506 4.204 8
      vertex 34.4526 10.9428 8
    endloop
  endfacet
  facet normal -0 0 1
    outer loop
      vertex 31.9873 8.40798 8
      vertex 36.3834 4.14724 8
      vertex 32.0336 8.54423 8
    endloop
  endfacet
  facet normal 0 0 1
    outer loop
      vertex 36.3834 4.14724 8
      vertex 31.9873 8.40798 8
      vertex 36.225 4.06913 8
    endloop
  endfacet
  facet normal -0 0 1
    outer loop
      vertex 31.9237 8.27893 8
      vertex 36.225 4.06913 8
      vertex 31.9873 8.40798 8
    endloop
  endfacet
  facet normal 0 0 1
    outer loop
      vertex 36.225 4.06913 8
      vertex 31.9237 8.27893 8
      vertex 36.0782 3.97103 8
    endloop
  endfacet
  facet normal -0 0 1
    outer loop
      vertex 31.8438 8.15929 8
      vertex 36.0782 3.97103 8
      vertex 31.9237 8.27893 8
    endloop
  endfacet
  facet normal -0 0 1
    outer loop
      vertex 31.7489 8.05111 8
      vertex 35.9454 3.85459 8
      vertex 31.8438 8.15929 8
    endloop
  endfacet
  facet normal 0 0 1
    outer loop
      vertex 35.9454 3.85459 8
      vertex 31.7489 8.05111 8
      vertex 35.829 3.72183 8
    endloop
  endfacet
  facet normal -0 0 1
    outer loop
      vertex 31.6407 7.95624 8
      vertex 35.829 3.72183 8
      vertex 31.7489 8.05111 8
    endloop
  endfacet
  facet normal 0 0 1
    outer loop
      vertex 39.4485 0.351471 8
      vertex 37.8546 1.94541 8
      vertex 39.3305 0.247975 8
    endloop
  endfacet
  facet normal 0 0 1
    outer loop
      vertex 39.3305 0.247975 8
      vertex 37.8546 1.94541 8
      vertex 39.2 0.160769 8
    endloop
  endfacet
  facet normal 0 0 1
    outer loop
      vertex 39.2 0.160769 8
      vertex 37.8546 1.94541 8
      vertex 39.0592 0.0913439 8
    endloop
  endfacet
  facet normal 0 0 1
    outer loop
      vertex 39.0592 0.0913439 8
      vertex 37.8546 1.94541 8
      vertex 38.9106 0.0408888 8
    endloop
  endfacet
  facet normal 0 0 1
    outer loop
      vertex 38.9106 0.0408888 8
      vertex 37.8546 1.94541 8
      vertex 38.7566 0.0102654 8
    endloop
  endfacet
  facet normal 0 0 1
    outer loop
      vertex 38.7566 0.0102654 8
      vertex 37.8546 1.94541 8
      vertex 38.6 0 8
    endloop
  endfacet
  facet normal -0 0 1
    outer loop
      vertex 37.7218 1.82897 8
      vertex 38.6 0 8
      vertex 37.8546 1.94541 8
    endloop
  endfacet
  facet normal -0 0 1
    outer loop
      vertex 37.575 1.73087 8
      vertex 38.6 0 8
      vertex 37.7218 1.82897 8
    endloop
  endfacet
  facet normal -0 0 1
    outer loop
      vertex 37.4166 1.65276 8
      vertex 38.6 0 8
      vertex 37.575 1.73087 8
    endloop
  endfacet
  facet normal -0 0 1
    outer loop
      vertex 37.2494 1.596 8
      vertex 38.6 0 8
      vertex 37.4166 1.65276 8
    endloop
  endfacet
  facet normal -0 0 1
    outer loop
      vertex 37.0762 1.56155 8
      vertex 38.6 0 8
      vertex 37.2494 1.596 8
    endloop
  endfacet
  facet normal -0 0 1
    outer loop
      vertex 36.9 1.55 8
      vertex 38.6 0 8
      vertex 37.0762 1.56155 8
    endloop
  endfacet
  facet normal 0 0 1
    outer loop
      vertex 36.7238 1.56155 8
      vertex 38.6 0 8
      vertex 36.9 1.55 8
    endloop
  endfacet
  facet normal 0 0 1
    outer loop
      vertex 36.5506 1.596 8
      vertex 38.6 0 8
      vertex 36.7238 1.56155 8
    endloop
  endfacet
  facet normal 0 0 1
    outer loop
      vertex 36.3834 1.65276 8
      vertex 38.6 0 8
      vertex 36.5506 1.596 8
    endloop
  endfacet
  facet normal 0 0 1
    outer loop
      vertex 36.225 1.73087 8
      vertex 38.6 0 8
      vertex 36.3834 1.65276 8
    endloop
  endfacet
  facet normal 0 0 1
    outer loop
      vertex 3.575 1.73087 8
      vertex 36.225 1.73087 8
      vertex 36.0782 1.82897 8
    endloop
  endfacet
  facet normal 0 0 1
    outer loop
      vertex 36.5506 4.204 8
      vertex 32.0336 8.54423 8
      vertex 36.3834 4.14724 8
    endloop
  endfacet
  facet normal -0 0 1
    outer loop
      vertex 31.5211 7.8763 8
      vertex 35.829 3.72183 8
      vertex 31.6407 7.95624 8
    endloop
  endfacet
  facet normal 0 0 1
    outer loop
      vertex 32.0711 8.82893 8
      vertex 34.4526 10.9428 8
      vertex 33.8 10.9 8
    endloop
  endfacet
  facet normal 0 0 1
    outer loop
      vertex 36.0782 3.97103 8
      vertex 31.8438 8.15929 8
      vertex 35.9454 3.85459 8
    endloop
  endfacet
  facet normal 0 0 1
    outer loop
      vertex 32.0617 8.97251 8
      vertex 33.8 10.9 8
      vertex 33.1474 10.9428 8
    endloop
  endfacet
  facet normal 0 0 1
    outer loop
      vertex 31.8438 9.49857 8
      vertex 33.1474 10.9428 8
      vertex 32.5059 11.0704 8
    endloop
  endfacet
  facet normal 0 0 1
    outer loop
      vertex 34.4526 10.9428 8
      vertex 32.0711 8.82893 8
      vertex 32.0617 8.68535 8
    endloop
  endfacet
  facet normal 0 0 1
    outer loop
      vertex 34.4526 10.9428 8
      vertex 32.0617 8.68535 8
      vertex 32.0336 8.54423 8
    endloop
  endfacet
  facet normal 0 0 1
    outer loop
      vertex 35.829 3.72183 8
      vertex 31.5211 7.8763 8
      vertex 35.7309 3.575 8
    endloop
  endfacet
  facet normal -0 0 1
    outer loop
      vertex 31.392 7.81266 8
      vertex 35.7309 3.575 8
      vertex 31.5211 7.8763 8
    endloop
  endfacet
  facet normal 0 0 1
    outer loop
      vertex 35.7309 3.575 8
      vertex 31.392 7.81266 8
      vertex 35.6528 3.41662 8
    endloop
  endfacet
  facet normal -0 0 1
    outer loop
      vertex 31.2558 7.76641 8
      vertex 35.6528 3.41662 8
      vertex 31.392 7.81266 8
    endloop
  endfacet
  facet normal 0 0 1
    outer loop
      vertex 35.6528 3.41662 8
      vertex 31.2558 7.76641 8
      vertex 35.596 3.24941 8
    endloop
  endfacet
  facet normal -0 0 1
    outer loop
      vertex 31.1146 7.73834 8
      vertex 35.596 3.24941 8
      vertex 31.2558 7.76641 8
    endloop
  endfacet
  facet normal 0 0 1
    outer loop
      vertex 35.596 3.24941 8
      vertex 31.1146 7.73834 8
      vertex 35.5616 3.07621 8
    endloop
  endfacet
  facet normal -0 0 1
    outer loop
      vertex 30.9711 7.72893 8
      vertex 35.5616 3.07621 8
      vertex 31.1146 7.73834 8
    endloop
  endfacet
  facet normal 0 0 1
    outer loop
      vertex 35.5616 3.07621 8
      vertex 30.9711 7.72893 8
      vertex 35.55 2.9 8
    endloop
  endfacet
  facet normal 0 0 1
    outer loop
      vertex 30.8275 7.73834 8
      vertex 35.55 2.9 8
      vertex 30.9711 7.72893 8
    endloop
  endfacet
  facet normal 0 0 1
    outer loop
      vertex 35.55 2.9 8
      vertex 30.8275 7.73834 8
      vertex 35.5616 2.72379 8
    endloop
  endfacet
  facet normal 0 0 1
    outer loop
      vertex 30.6864 7.76641 8
      vertex 35.5616 2.72379 8
      vertex 30.8275 7.73834 8
    endloop
  endfacet
  facet normal 0 0 1
    outer loop
      vertex 35.5616 2.72379 8
      vertex 30.6864 7.76641 8
      vertex 35.596 2.55059 8
    endloop
  endfacet
  facet normal 0 0 1
    outer loop
      vertex 30.5501 7.81266 8
      vertex 35.596 2.55059 8
      vertex 30.6864 7.76641 8
    endloop
  endfacet
  facet normal 0 0 1
    outer loop
      vertex 25.9706 8.17259 8
      vertex 35.596 2.55059 8
      vertex 30.5501 7.81266 8
    endloop
  endfacet
  facet normal 0 0 1
    outer loop
      vertex 35.596 2.55059 8
      vertex 25.9706 8.17259 8
      vertex 35.6528 2.38338 8
    endloop
  endfacet
  facet normal -0 0 1
    outer loop
      vertex 24.9442 7.96844 8
      vertex 35.6528 2.38338 8
      vertex 25.9706 8.17259 8
    endloop
  endfacet
  facet normal 0 0 1
    outer loop
      vertex 35.6528 2.38338 8
      vertex 24.9442 7.96844 8
      vertex 35.7309 2.225 8
    endloop
  endfacet
  facet normal 0 0 1
    outer loop
      vertex 25.9706 8.17259 8
      vertex 30.5501 7.81266 8
      vertex 30.4211 7.8763 8
    endloop
  endfacet
  facet normal 0 0 1
    outer loop
      vertex 26.9615 8.50896 8
      vertex 30.4211 7.8763 8
      vertex 30.3014 7.95624 8
    endloop
  endfacet
  facet normal 0 0 1
    outer loop
      vertex 26.9615 8.50896 8
      vertex 30.3014 7.95624 8
      vertex 30.1932 8.05111 8
    endloop
  endfacet
  facet normal 0 0 1
    outer loop
      vertex 29.8805 8.97251 8
      vertex 28.7701 9.55317 8
      vertex 29.8711 8.82893 8
    endloop
  endfacet
  facet normal 0 0 1
    outer loop
      vertex 29.8711 8.82893 8
      vertex 28.7701 9.55317 8
      vertex 29.8805 8.68535 8
    endloop
  endfacet
  facet normal -0 0 1
    outer loop
      vertex 27.9 8.9718 8
      vertex 29.8805 8.68535 8
      vertex 28.7701 9.55317 8
    endloop
  endfacet
  facet normal 0 0 1
    outer loop
      vertex 29.8805 8.68535 8
      vertex 27.9 8.9718 8
      vertex 29.9086 8.54423 8
    endloop
  endfacet
  facet normal 0 0 1
    outer loop
      vertex 29.9086 8.54423 8
      vertex 27.9 8.9718 8
      vertex 29.9548 8.40798 8
    endloop
  endfacet
  facet normal 0 0 1
    outer loop
      vertex 29.9548 8.40798 8
      vertex 27.9 8.9718 8
      vertex 30.0184 8.27893 8
    endloop
  endfacet
  facet normal 0 0 1
    outer loop
      vertex 30.0184 8.27893 8
      vertex 27.9 8.9718 8
      vertex 30.0984 8.15929 8
    endloop
  endfacet
  facet normal -0 0 1
    outer loop
      vertex 26.9615 8.50896 8
      vertex 30.0984 8.15929 8
      vertex 27.9 8.9718 8
    endloop
  endfacet
  facet normal 0 0 1
    outer loop
      vertex 30.0984 8.15929 8
      vertex 26.9615 8.50896 8
      vertex 30.1932 8.05111 8
    endloop
  endfacet
  facet normal 0 0 1
    outer loop
      vertex 30.4211 7.8763 8
      vertex 26.9615 8.50896 8
      vertex 25.9706 8.17259 8
    endloop
  endfacet
  facet normal -0 0 1
    outer loop
      vertex 23.9 7.9 8
      vertex 35.7309 2.225 8
      vertex 24.9442 7.96844 8
    endloop
  endfacet
  facet normal 0 0 1
    outer loop
      vertex 35.7309 2.225 8
      vertex 23.9 7.9 8
      vertex 35.829 2.07817 8
    endloop
  endfacet
  facet normal 0 0 1
    outer loop
      vertex 35.829 2.07817 8
      vertex 23.9 7.9 8
      vertex 35.9454 1.94541 8
    endloop
  endfacet
  facet normal 0 0 1
    outer loop
      vertex 22.8558 7.96844 8
      vertex 35.9454 1.94541 8
      vertex 23.9 7.9 8
    endloop
  endfacet
  facet normal -0 0 1
    outer loop
      vertex 16.9725 7.73834 8
      vertex 35.9454 1.94541 8
      vertex 22.8558 7.96844 8
    endloop
  endfacet
  facet normal 0 0 1
    outer loop
      vertex 35.9454 1.94541 8
      vertex 16.9725 7.73834 8
      vertex 36.0782 1.82897 8
    endloop
  endfacet
  facet normal 0 0 1
    outer loop
      vertex 17.1136 7.76641 8
      vertex 22.8558 7.96844 8
      vertex 21.8294 8.17259 8
    endloop
  endfacet
  facet normal 0 0 1
    outer loop
      vertex 17.3789 7.8763 8
      vertex 21.8294 8.17259 8
      vertex 20.8385 8.50896 8
    endloop
  endfacet
  facet normal 0 0 1
    outer loop
      vertex 17.7816 9.37893 8
      vertex 19.0299 9.55317 8
      vertex 18.2431 10.2431 8
    endloop
  endfacet
  facet normal 0 0 1
    outer loop
      vertex 17.9195 8.68535 8
      vertex 19.0299 9.55317 8
      vertex 17.9289 8.82893 8
    endloop
  endfacet
  facet normal 0 0 1
    outer loop
      vertex 19.0299 9.55317 8
      vertex 17.9195 8.68535 8
      vertex 19.9 8.9718 8
    endloop
  endfacet
  facet normal 0 0 1
    outer loop
      vertex 17.8914 8.54423 8
      vertex 19.9 8.9718 8
      vertex 17.9195 8.68535 8
    endloop
  endfacet
  facet normal 0 0 1
    outer loop
      vertex 17.8452 8.40798 8
      vertex 19.9 8.9718 8
      vertex 17.8914 8.54423 8
    endloop
  endfacet
  facet normal 0 0 1
    outer loop
      vertex 17.7816 8.27893 8
      vertex 19.9 8.9718 8
      vertex 17.8452 8.40798 8
    endloop
  endfacet
  facet normal 0 0 1
    outer loop
      vertex 17.7016 8.15929 8
      vertex 19.9 8.9718 8
      vertex 17.7816 8.27893 8
    endloop
  endfacet
  facet normal 0 0 1
    outer loop
      vertex 19.9 8.9718 8
      vertex 17.7016 8.15929 8
      vertex 20.8385 8.50896 8
    endloop
  endfacet
  facet normal 0 0 1
    outer loop
      vertex 17.6068 8.05111 8
      vertex 20.8385 8.50896 8
      vertex 17.7016 8.15929 8
    endloop
  endfacet
  facet normal 0 0 1
    outer loop
      vertex 17.4986 7.95624 8
      vertex 20.8385 8.50896 8
      vertex 17.6068 8.05111 8
    endloop
  endfacet
  facet normal 0 0 1
    outer loop
      vertex 17.3789 7.8763 8
      vertex 20.8385 8.50896 8
      vertex 17.4986 7.95624 8
    endloop
  endfacet
  facet normal 0 0 1
    outer loop
      vertex 21.8294 8.17259 8
      vertex 17.3789 7.8763 8
      vertex 17.2499 7.81266 8
    endloop
  endfacet
  facet normal 0 0 1
    outer loop
      vertex 21.8294 8.17259 8
      vertex 17.2499 7.81266 8
      vertex 17.1136 7.76641 8
    endloop
  endfacet
  facet normal 0 0 1
    outer loop
      vertex 16.9725 7.73834 8
      vertex 22.8558 7.96844 8
      vertex 17.1136 7.76641 8
    endloop
  endfacet
  facet normal 0 0 1
    outer loop
      vertex 3.72183 1.82897 8
      vertex 36.0782 1.82897 8
      vertex 16.9725 7.73834 8
    endloop
  endfacet
  facet normal 0 0 1
    outer loop
      vertex 3.85459 1.94541 8
      vertex 16.9725 7.73834 8
      vertex 16.8289 7.72893 8
    endloop
  endfacet
  facet normal 0 0 1
    outer loop
      vertex 3.97103 2.07817 8
      vertex 16.8289 7.72893 8
      vertex 16.6854 7.73834 8
    endloop
  endfacet
  facet normal 0 0 1
    outer loop
      vertex 4.06913 2.225 8
      vertex 16.6854 7.73834 8
      vertex 16.5442 7.76641 8
    endloop
  endfacet
  facet normal 0 0 1
    outer loop
      vertex 4.14724 2.38338 8
      vertex 16.5442 7.76641 8
      vertex 16.408 7.81266 8
    endloop
  endfacet
  facet normal 0 0 1
    outer loop
      vertex 15.7664 22.6864 8
      vertex 3.575 27.7309 8
      vertex 15.8127 22.5501 8
    endloop
  endfacet
  facet normal 0 0 1
    outer loop
      vertex 15.7289 8.82893 8
      vertex 4.25 2.9 8
      vertex 15.7383 8.68535 8
    endloop
  endfacet
  facet normal 0 0 1
    outer loop
      vertex 15.7383 8.68535 8
      vertex 4.25 2.9 8
      vertex 15.7664 8.54423 8
    endloop
  endfacet
  facet normal 0 0 1
    outer loop
      vertex 15.7664 8.54423 8
      vertex 4.25 2.9 8
      vertex 15.8127 8.40798 8
    endloop
  endfacet
  facet normal 0 0 1
    outer loop
      vertex 15.8127 8.40798 8
      vertex 4.25 2.9 8
      vertex 15.8763 8.27893 8
    endloop
  endfacet
  facet normal 0 0 1
    outer loop
      vertex 4.25 2.9 8
      vertex 15.9562 8.15929 8
      vertex 15.8763 8.27893 8
    endloop
  endfacet
  facet normal 0 0 1
    outer loop
      vertex 4.25 2.9 8
      vertex 16.0511 8.05111 8
      vertex 15.9562 8.15929 8
    endloop
  endfacet
  facet normal 0 0 1
    outer loop
      vertex 4.25 2.9 8
      vertex 16.1593 7.95624 8
      vertex 16.0511 8.05111 8
    endloop
  endfacet
  facet normal 0 0 1
    outer loop
      vertex 4.23845 2.72379 8
      vertex 16.1593 7.95624 8
      vertex 4.25 2.9 8
    endloop
  endfacet
  facet normal 0 0 1
    outer loop
      vertex 16.1593 7.95624 8
      vertex 4.23845 2.72379 8
      vertex 16.2789 7.8763 8
    endloop
  endfacet
  facet normal 0 0 1
    outer loop
      vertex 4.204 2.55059 8
      vertex 16.2789 7.8763 8
      vertex 4.23845 2.72379 8
    endloop
  endfacet
  facet normal 0 0 1
    outer loop
      vertex 16.2789 7.8763 8
      vertex 4.204 2.55059 8
      vertex 16.408 7.81266 8
    endloop
  endfacet
  facet normal 0 0 1
    outer loop
      vertex 4.14724 2.38338 8
      vertex 16.408 7.81266 8
      vertex 4.204 2.55059 8
    endloop
  endfacet
  facet normal 0 0 1
    outer loop
      vertex 16.5442 7.76641 8
      vertex 4.14724 2.38338 8
      vertex 4.06913 2.225 8
    endloop
  endfacet
  facet normal 0 0 1
    outer loop
      vertex 16.6854 7.73834 8
      vertex 4.06913 2.225 8
      vertex 3.97103 2.07817 8
    endloop
  endfacet
  facet normal 0 0 1
    outer loop
      vertex 16.8289 7.72893 8
      vertex 3.97103 2.07817 8
      vertex 3.85459 1.94541 8
    endloop
  endfacet
  facet normal 0 0 1
    outer loop
      vertex 16.9725 7.73834 8
      vertex 3.85459 1.94541 8
      vertex 3.72183 1.82897 8
    endloop
  endfacet
  facet normal 0 0 1
    outer loop
      vertex 3.575 1.73087 8
      vertex 36.0782 1.82897 8
      vertex 3.72183 1.82897 8
    endloop
  endfacet
  facet normal 0 0 1
    outer loop
      vertex 36.225 1.73087 8
      vertex 3.575 1.73087 8
      vertex 38.6 0 8
    endloop
  endfacet
  facet normal 0 0 1
    outer loop
      vertex 1.2 0 8
      vertex 3.575 1.73087 8
      vertex 3.41662 1.65276 8
    endloop
  endfacet
  facet normal 0 0 1
    outer loop
      vertex 1.2 0 8
      vertex 3.41662 1.65276 8
      vertex 3.24941 1.596 8
    endloop
  endfacet
  facet normal 0 0 1
    outer loop
      vertex 1.2 0 8
      vertex 3.24941 1.596 8
      vertex 3.07621 1.56155 8
    endloop
  endfacet
  facet normal 0 0 1
    outer loop
      vertex 1.2 0 8
      vertex 3.07621 1.56155 8
      vertex 2.9 1.55 8
    endloop
  endfacet
  facet normal 0 0 1
    outer loop
      vertex 3.575 1.73087 8
      vertex 1.2 0 8
      vertex 38.6 0 8
    endloop
  endfacet
  facet normal 0 0 1
    outer loop
      vertex 2.72379 1.56155 8
      vertex 1.2 0 8
      vertex 2.9 1.55 8
    endloop
  endfacet
  facet normal 0 0 1
    outer loop
      vertex 2.55059 1.596 8
      vertex 1.2 0 8
      vertex 2.72379 1.56155 8
    endloop
  endfacet
  facet normal 0 0 1
    outer loop
      vertex 2.38338 1.65276 8
      vertex 1.2 0 8
      vertex 2.55059 1.596 8
    endloop
  endfacet
  facet normal 0 0 1
    outer loop
      vertex 2.225 1.73087 8
      vertex 1.2 0 8
      vertex 2.38338 1.65276 8
    endloop
  endfacet
  facet normal 0 0 1
    outer loop
      vertex 2.07817 1.82897 8
      vertex 1.2 0 8
      vertex 2.225 1.73087 8
    endloop
  endfacet
  facet normal 0 0 1
    outer loop
      vertex 1.94541 1.94541 8
      vertex 1.2 0 8
      vertex 2.07817 1.82897 8
    endloop
  endfacet
  facet normal 0 0 1
    outer loop
      vertex 0 1.2 8
      vertex 1.94541 1.94541 8
      vertex 1.82897 2.07817 8
    endloop
  endfacet
  facet normal 0 0 1
    outer loop
      vertex 0 1.2 8
      vertex 1.82897 2.07817 8
      vertex 1.73087 2.225 8
    endloop
  endfacet
  facet normal 0 0 1
    outer loop
      vertex 0 1.2 8
      vertex 1.73087 2.225 8
      vertex 1.65276 2.38338 8
    endloop
  endfacet
  facet normal 0 0 1
    outer loop
      vertex 0 1.2 8
      vertex 1.65276 2.38338 8
      vertex 1.596 2.55059 8
    endloop
  endfacet
  facet normal 0 0 1
    outer loop
      vertex 0 1.2 8
      vertex 1.596 2.55059 8
      vertex 1.56155 2.72379 8
    endloop
  endfacet
  facet normal 0 0 1
    outer loop
      vertex 0 1.2 8
      vertex 1.56155 2.72379 8
      vertex 1.55 2.9 8
    endloop
  endfacet
  facet normal 0 0 1
    outer loop
      vertex 1.596 3.24941 8
      vertex 0 1.2 8
      vertex 1.56155 3.07621 8
    endloop
  endfacet
  facet normal 0 0 1
    outer loop
      vertex 0 30.6 8
      vertex 1.2 31.8 8
      vertex 1.04337 31.7897 8
    endloop
  endfacet
  facet normal 0 0 1
    outer loop
      vertex 1.56155 3.07621 8
      vertex 0 1.2 8
      vertex 1.55 2.9 8
    endloop
  endfacet
  facet normal 0 0 1
    outer loop
      vertex 0 30.6 8
      vertex 1.04337 31.7897 8
      vertex 0.889417 31.7591 8
    endloop
  endfacet
  facet normal 0 0 1
    outer loop
      vertex 1.94541 1.94541 8
      vertex 0 1.2 8
      vertex 0.0408888 0.889417 8
    endloop
  endfacet
  facet normal 0 0 1
    outer loop
      vertex 0 30.6 8
      vertex 0.889417 31.7591 8
      vertex 0.74078 31.7087 8
    endloop
  endfacet
  facet normal 0 0 1
    outer loop
      vertex 1.94541 1.94541 8
      vertex 1.04337 0.0102654 8
      vertex 1.2 0 8
    endloop
  endfacet
  facet normal 0 0 1
    outer loop
      vertex 0 30.6 8
      vertex 0.74078 31.7087 8
      vertex 0.599999 31.6392 8
    endloop
  endfacet
  facet normal 0 0 1
    outer loop
      vertex 1.94541 1.94541 8
      vertex 0.889417 0.0408888 8
      vertex 1.04337 0.0102654 8
    endloop
  endfacet
  facet normal 0 0 1
    outer loop
      vertex 0 30.6 8
      vertex 0.599999 31.6392 8
      vertex 0.469486 31.552 8
    endloop
  endfacet
  facet normal 0 0 1
    outer loop
      vertex 1.94541 1.94541 8
      vertex 0.74078 0.0913439 8
      vertex 0.889417 0.0408888 8
    endloop
  endfacet
  facet normal 0 0 1
    outer loop
      vertex 0 30.6 8
      vertex 0.469486 31.552 8
      vertex 0.351471 31.4485 8
    endloop
  endfacet
  facet normal 0 0 1
    outer loop
      vertex 1.94541 1.94541 8
      vertex 0.599999 0.160769 8
      vertex 0.74078 0.0913439 8
    endloop
  endfacet
  facet normal 0 0 1
    outer loop
      vertex 0 30.6 8
      vertex 0.351471 31.4485 8
      vertex 0.247975 31.3305 8
    endloop
  endfacet
  facet normal 0 0 1
    outer loop
      vertex 1.94541 1.94541 8
      vertex 0.469486 0.247975 8
      vertex 0.599999 0.160769 8
    endloop
  endfacet
  facet normal 0 0 1
    outer loop
      vertex 0 30.6 8
      vertex 0.247975 31.3305 8
      vertex 0.160769 31.2 8
    endloop
  endfacet
  facet normal 0 0 1
    outer loop
      vertex 1.94541 1.94541 8
      vertex 0.351471 0.351471 8
      vertex 0.469486 0.247975 8
    endloop
  endfacet
  facet normal 0 0 1
    outer loop
      vertex 0 30.6 8
      vertex 0.160769 31.2 8
      vertex 0.0913439 31.0592 8
    endloop
  endfacet
  facet normal 0 0 1
    outer loop
      vertex 1.94541 1.94541 8
      vertex 0.247975 0.469486 8
      vertex 0.351471 0.351471 8
    endloop
  endfacet
  facet normal 0 0 1
    outer loop
      vertex 0 30.6 8
      vertex 0.0913439 31.0592 8
      vertex 0.0408888 30.9106 8
    endloop
  endfacet
  facet normal 0 0 1
    outer loop
      vertex 1.94541 1.94541 8
      vertex 0.160769 0.599999 8
      vertex 0.247975 0.469486 8
    endloop
  endfacet
  facet normal 0 0 1
    outer loop
      vertex 0 30.6 8
      vertex 0.0408888 30.9106 8
      vertex 0.0102654 30.7566 8
    endloop
  endfacet
  facet normal 0 0 1
    outer loop
      vertex 1.94541 1.94541 8
      vertex 0.0913439 0.74078 8
      vertex 0.160769 0.599999 8
    endloop
  endfacet
  facet normal 0 0 1
    outer loop
      vertex 1.94541 1.94541 8
      vertex 0.0408888 0.889417 8
      vertex 0.0913439 0.74078 8
    endloop
  endfacet
  facet normal 0 0 1
    outer loop
      vertex 0.0408888 0.889417 8
      vertex 0 1.2 8
      vertex 0.0102654 1.04337 8
    endloop
  endfacet
  facet normal -0.321437 -0.946931 0
    outer loop
      vertex 0.74078 0.0913439 0
      vertex 0.889417 0.0408888 8
      vertex 0.74078 0.0913439 8
    endloop
  endfacet
  facet normal -0.321437 -0.946931 -0
    outer loop
      vertex 0.889417 0.0408888 8
      vertex 0.74078 0.0913439 0
      vertex 0.889417 0.0408888 0
    endloop
  endfacet
  facet normal -1 0 0
    outer loop
      vertex 0 1.2 0
      vertex 0 30.6 8
      vertex 0 30.6 0
    endloop
  endfacet
  facet normal -1 -0 0
    outer loop
      vertex 0 30.6 8
      vertex 0 1.2 0
      vertex 0 1.2 8
    endloop
  endfacet
  facet normal 0.0654113 -0.997858 0
    outer loop
      vertex 38.6 0 0
      vertex 38.7566 0.0102654 8
      vertex 38.6 0 8
    endloop
  endfacet
  facet normal 0.0654113 -0.997858 0
    outer loop
      vertex 38.7566 0.0102654 8
      vertex 38.6 0 0
      vertex 38.7566 0.0102654 0
    endloop
  endfacet
  facet normal 0.947013 0.321194 0
    outer loop
      vertex 39.7591 30.9106 8
      vertex 39.7087 31.0592 0
      vertex 39.7087 31.0592 8
    endloop
  endfacet
  facet normal 0.947013 0.321194 0
    outer loop
      vertex 39.7087 31.0592 0
      vertex 39.7591 30.9106 8
      vertex 39.7591 30.9106 0
    endloop
  endfacet
  facet normal -0.0653989 -0.997859 0
    outer loop
      vertex 1.04337 0.0102654 0
      vertex 1.2 0 8
      vertex 1.04337 0.0102654 8
    endloop
  endfacet
  facet normal -0.0653989 -0.997859 -0
    outer loop
      vertex 1.2 0 8
      vertex 1.04337 0.0102654 0
      vertex 1.2 0 0
    endloop
  endfacet
  facet normal 0 -1 0
    outer loop
      vertex 1.2 0 0
      vertex 38.6 0 8
      vertex 1.2 0 8
    endloop
  endfacet
  facet normal 0 -1 -0
    outer loop
      vertex 38.6 0 8
      vertex 1.2 0 0
      vertex 38.6 0 0
    endloop
  endfacet
  facet normal -0.321123 0.947038 0
    outer loop
      vertex 0.889417 31.7591 0
      vertex 0.74078 31.7087 8
      vertex 0.889417 31.7591 8
    endloop
  endfacet
  facet normal -0.321123 0.947038 0
    outer loop
      vertex 0.74078 31.7087 8
      vertex 0.889417 31.7591 0
      vertex 0.74078 31.7087 0
    endloop
  endfacet
  facet normal -0.83147 -0.55557 0
    outer loop
      vertex 0.247975 0.469486 0
      vertex 0.160769 0.599999 8
      vertex 0.160769 0.599999 0
    endloop
  endfacet
  facet normal -0.83147 -0.55557 0
    outer loop
      vertex 0.160769 0.599999 8
      vertex 0.247975 0.469486 0
      vertex 0.247975 0.469486 8
    endloop
  endfacet
  facet normal -0.896897 0.442239 0
    outer loop
      vertex 0.0913439 31.0592 0
      vertex 0.160769 31.2 8
      vertex 0.160769 31.2 0
    endloop
  endfacet
  facet normal -0.896897 0.442239 0
    outer loop
      vertex 0.160769 31.2 8
      vertex 0.0913439 31.0592 0
      vertex 0.0913439 31.0592 8
    endloop
  endfacet
  facet normal 0.555582 0.831462 -0
    outer loop
      vertex 39.3305 31.552 0
      vertex 39.2 31.6392 8
      vertex 39.3305 31.552 8
    endloop
  endfacet
  facet normal 0.555582 0.831462 0
    outer loop
      vertex 39.2 31.6392 8
      vertex 39.3305 31.552 0
      vertex 39.2 31.6392 0
    endloop
  endfacet
  facet normal -0.896874 -0.442287 0
    outer loop
      vertex 0.160769 0.599999 0
      vertex 0.0913439 0.74078 8
      vertex 0.0913439 0.74078 0
    endloop
  endfacet
  facet normal -0.896874 -0.442287 0
    outer loop
      vertex 0.0913439 0.74078 8
      vertex 0.160769 0.599999 0
      vertex 0.160769 0.599999 8
    endloop
  endfacet
  facet normal -0.659344 -0.751841 0
    outer loop
      vertex 0.351471 0.351471 0
      vertex 0.469486 0.247975 8
      vertex 0.351471 0.351471 8
    endloop
  endfacet
  facet normal -0.659344 -0.751841 -0
    outer loop
      vertex 0.469486 0.247975 8
      vertex 0.351471 0.351471 0
      vertex 0.469486 0.247975 0
    endloop
  endfacet
  facet normal 0.555608 -0.831444 0
    outer loop
      vertex 39.2 0.160769 0
      vertex 39.3305 0.247975 8
      vertex 39.2 0.160769 8
    endloop
  endfacet
  facet normal 0.555608 -0.831444 0
    outer loop
      vertex 39.3305 0.247975 8
      vertex 39.2 0.160769 0
      vertex 39.3305 0.247975 0
    endloop
  endfacet
  facet normal -0.55557 -0.83147 0
    outer loop
      vertex 0.469486 0.247975 0
      vertex 0.599999 0.160769 8
      vertex 0.469486 0.247975 8
    endloop
  endfacet
  facet normal -0.55557 -0.83147 -0
    outer loop
      vertex 0.599999 0.160769 8
      vertex 0.469486 0.247975 0
      vertex 0.599999 0.160769 0
    endloop
  endfacet
  facet normal 0.980813 -0.194948 0
    outer loop
      vertex 39.7591 0.889417 8
      vertex 39.7897 1.04337 0
      vertex 39.7897 1.04337 8
    endloop
  endfacet
  facet normal 0.980813 -0.194948 0
    outer loop
      vertex 39.7897 1.04337 0
      vertex 39.7591 0.889417 8
      vertex 39.7591 0.889417 0
    endloop
  endfacet
  facet normal -0.195092 -0.980785 0
    outer loop
      vertex 0.889417 0.0408888 0
      vertex 1.04337 0.0102654 8
      vertex 0.889417 0.0408888 8
    endloop
  endfacet
  facet normal -0.195092 -0.980785 -0
    outer loop
      vertex 1.04337 0.0102654 8
      vertex 0.889417 0.0408888 0
      vertex 1.04337 0.0102654 0
    endloop
  endfacet
  facet normal 1 0 0
    outer loop
      vertex 39.8 11.9 8
      vertex 39.8 1.2 8
      vertex 39.8 11.9 7.4
    endloop
  endfacet
  facet normal 1 0 0
    outer loop
      vertex 39.8 19.9 7.4
      vertex 39.8 30.6 8
      vertex 39.8 19.9 8
    endloop
  endfacet
  facet normal 1 0 0
    outer loop
      vertex 39.8 30.6 8
      vertex 39.8 19.9 7.4
      vertex 39.8 30.6 0
    endloop
  endfacet
  facet normal 1 -0 0
    outer loop
      vertex 39.8 11.9 7.4
      vertex 39.8 30.6 0
      vertex 39.8 19.9 7.4
    endloop
  endfacet
  facet normal 1 0 0
    outer loop
      vertex 39.8 1.2 0
      vertex 39.8 11.9 7.4
      vertex 39.8 1.2 8
    endloop
  endfacet
  facet normal 1 0 0
    outer loop
      vertex 39.8 11.9 7.4
      vertex 39.8 1.2 0
      vertex 39.8 30.6 0
    endloop
  endfacet
  facet normal -0.980796 0.195035 0
    outer loop
      vertex 0.0102654 30.7566 0
      vertex 0.0408888 30.9106 8
      vertex 0.0408888 30.9106 0
    endloop
  endfacet
  facet normal -0.980796 0.195035 0
    outer loop
      vertex 0.0408888 30.9106 8
      vertex 0.0102654 30.7566 0
      vertex 0.0102654 30.7566 8
    endloop
  endfacet
  facet normal -0.946931 -0.321437 0
    outer loop
      vertex 0.0913439 0.74078 0
      vertex 0.0408888 0.889417 8
      vertex 0.0408888 0.889417 0
    endloop
  endfacet
  facet normal -0.946931 -0.321437 0
    outer loop
      vertex 0.0408888 0.889417 8
      vertex 0.0913439 0.74078 0
      vertex 0.0913439 0.74078 8
    endloop
  endfacet
  facet normal -0.997859 -0.0653989 0
    outer loop
      vertex 0.0102654 1.04337 0
      vertex 0 1.2 8
      vertex 0 1.2 0
    endloop
  endfacet
  facet normal -0.997859 -0.0653989 0
    outer loop
      vertex 0 1.2 8
      vertex 0.0102654 1.04337 0
      vertex 0.0102654 1.04337 8
    endloop
  endfacet
  facet normal -0.555544 0.831487 0
    outer loop
      vertex 0.599999 31.6392 0
      vertex 0.469486 31.552 8
      vertex 0.599999 31.6392 8
    endloop
  endfacet
  facet normal -0.555544 0.831487 0
    outer loop
      vertex 0.469486 31.552 8
      vertex 0.599999 31.6392 0
      vertex 0.469486 31.552 0
    endloop
  endfacet
  facet normal -0.659359 0.751828 0
    outer loop
      vertex 0.469486 31.552 0
      vertex 0.351471 31.4485 8
      vertex 0.469486 31.552 8
    endloop
  endfacet
  facet normal -0.659359 0.751828 0
    outer loop
      vertex 0.351471 31.4485 8
      vertex 0.469486 31.552 0
      vertex 0.351471 31.4485 0
    endloop
  endfacet
  facet normal -0 0 -1
    outer loop
      vertex 15.7289 8.82893 0
      vertex 3.85459 3.85459 0
      vertex 15.7383 8.97251 0
    endloop
  endfacet
  facet normal 0 0 -1
    outer loop
      vertex 15.8763 22.4211 0
      vertex 4.23845 28.7238 0
      vertex 4.25 28.9 0
    endloop
  endfacet
  facet normal 0 0 -1
    outer loop
      vertex 3.72183 3.97103 0
      vertex 15.7383 8.97251 0
      vertex 3.85459 3.85459 0
    endloop
  endfacet
  facet normal 0 0 -1
    outer loop
      vertex 15.8763 22.4211 0
      vertex 4.204 28.5506 0
      vertex 4.23845 28.7238 0
    endloop
  endfacet
  facet normal -0 0 -1
    outer loop
      vertex 15.7383 8.97251 0
      vertex 3.72183 3.97103 0
      vertex 15.7664 9.11363 0
    endloop
  endfacet
  facet normal 0 0 -1
    outer loop
      vertex 15.8763 22.4211 0
      vertex 4.14724 28.3834 0
      vertex 4.204 28.5506 0
    endloop
  endfacet
  facet normal 0 0 -1
    outer loop
      vertex 3.575 4.06913 0
      vertex 15.7664 9.11363 0
      vertex 3.72183 3.97103 0
    endloop
  endfacet
  facet normal 0 0 -1
    outer loop
      vertex 15.8763 22.4211 0
      vertex 4.06913 28.225 0
      vertex 4.14724 28.3834 0
    endloop
  endfacet
  facet normal -0 0 -1
    outer loop
      vertex 15.7664 9.11363 0
      vertex 3.575 4.06913 0
      vertex 15.8127 9.24988 0
    endloop
  endfacet
  facet normal 0 0 -1
    outer loop
      vertex 15.8763 22.4211 0
      vertex 3.97103 28.0782 0
      vertex 4.06913 28.225 0
    endloop
  endfacet
  facet normal 0 0 -1
    outer loop
      vertex 3.41662 4.14724 0
      vertex 15.8127 9.24988 0
      vertex 3.575 4.06913 0
    endloop
  endfacet
  facet normal 0 0 -1
    outer loop
      vertex 15.8763 22.4211 0
      vertex 3.85459 27.9454 0
      vertex 3.97103 28.0782 0
    endloop
  endfacet
  facet normal -0 0 -1
    outer loop
      vertex 15.8127 9.24988 0
      vertex 3.41662 4.14724 0
      vertex 15.8763 9.37893 0
    endloop
  endfacet
  facet normal 0 0 -1
    outer loop
      vertex 15.8763 22.4211 0
      vertex 3.72183 27.829 0
      vertex 3.85459 27.9454 0
    endloop
  endfacet
  facet normal 0 0 -1
    outer loop
      vertex 3.24941 4.204 0
      vertex 15.8763 9.37893 0
      vertex 3.41662 4.14724 0
    endloop
  endfacet
  facet normal 0 0 -1
    outer loop
      vertex 15.8763 22.4211 0
      vertex 3.575 27.7309 0
      vertex 3.72183 27.829 0
    endloop
  endfacet
  facet normal -0 0 -1
    outer loop
      vertex 15.8763 9.37893 0
      vertex 3.24941 4.204 0
      vertex 15.8763 22.4211 0
    endloop
  endfacet
  facet normal 0 0 -1
    outer loop
      vertex 15.8763 22.4211 0
      vertex 3.41662 27.6528 0
      vertex 3.575 27.7309 0
    endloop
  endfacet
  facet normal 0 0 -1
    outer loop
      vertex 3.24941 27.596 0
      vertex 15.8763 22.4211 0
      vertex 3.24941 4.204 0
    endloop
  endfacet
  facet normal 0 0 -1
    outer loop
      vertex 15.8763 22.4211 0
      vertex 3.24941 27.596 0
      vertex 3.41662 27.6528 0
    endloop
  endfacet
  facet normal 0 0 -1
    outer loop
      vertex 3.07621 4.23845 0
      vertex 3.24941 27.596 0
      vertex 3.24941 4.204 0
    endloop
  endfacet
  facet normal 0 0 -1
    outer loop
      vertex 3.07621 4.23845 0
      vertex 3.07621 27.5615 0
      vertex 3.24941 27.596 0
    endloop
  endfacet
  facet normal 0 0 -1
    outer loop
      vertex 2.9 4.25 0
      vertex 3.07621 27.5615 0
      vertex 3.07621 4.23845 0
    endloop
  endfacet
  facet normal 0 0 -1
    outer loop
      vertex 2.9 4.25 0
      vertex 2.9 27.55 0
      vertex 3.07621 27.5615 0
    endloop
  endfacet
  facet normal 0 0 -1
    outer loop
      vertex 2.72379 4.23845 0
      vertex 2.9 27.55 0
      vertex 2.9 4.25 0
    endloop
  endfacet
  facet normal 0 0 -1
    outer loop
      vertex 2.72379 4.23845 0
      vertex 2.72379 27.5615 0
      vertex 2.9 27.55 0
    endloop
  endfacet
  facet normal 0 0 -1
    outer loop
      vertex 2.55059 4.204 0
      vertex 2.72379 27.5615 0
      vertex 2.72379 4.23845 0
    endloop
  endfacet
  facet normal 0 0 -1
    outer loop
      vertex 2.55059 4.204 0
      vertex 2.55059 27.596 0
      vertex 2.72379 27.5615 0
    endloop
  endfacet
  facet normal 0 0 -1
    outer loop
      vertex 2.38338 4.14724 0
      vertex 2.55059 27.596 0
      vertex 2.55059 4.204 0
    endloop
  endfacet
  facet normal 0 0 -1
    outer loop
      vertex 2.38338 4.14724 0
      vertex 2.38338 27.6528 0
      vertex 2.55059 27.596 0
    endloop
  endfacet
  facet normal 0 0 -1
    outer loop
      vertex 2.225 4.06913 0
      vertex 2.38338 27.6528 0
      vertex 2.38338 4.14724 0
    endloop
  endfacet
  facet normal 0 0 -1
    outer loop
      vertex 2.225 4.06913 0
      vertex 2.225 27.7309 0
      vertex 2.38338 27.6528 0
    endloop
  endfacet
  facet normal 0 0 -1
    outer loop
      vertex 2.07817 3.97103 0
      vertex 2.225 27.7309 0
      vertex 2.225 4.06913 0
    endloop
  endfacet
  facet normal 0 0 -1
    outer loop
      vertex 2.07817 3.97103 0
      vertex 2.07817 27.829 0
      vertex 2.225 27.7309 0
    endloop
  endfacet
  facet normal 0 0 -1
    outer loop
      vertex 1.94541 3.85459 0
      vertex 2.07817 27.829 0
      vertex 2.07817 3.97103 0
    endloop
  endfacet
  facet normal 0 0 -1
    outer loop
      vertex 1.94541 3.85459 0
      vertex 1.94541 27.9454 0
      vertex 2.07817 27.829 0
    endloop
  endfacet
  facet normal 0 0 -1
    outer loop
      vertex 1.82897 3.72183 0
      vertex 1.94541 27.9454 0
      vertex 1.94541 3.85459 0
    endloop
  endfacet
  facet normal 0 0 -1
    outer loop
      vertex 1.82897 3.72183 0
      vertex 1.82897 28.0782 0
      vertex 1.94541 27.9454 0
    endloop
  endfacet
  facet normal 0 0 -1
    outer loop
      vertex 1.73087 3.575 0
      vertex 1.82897 28.0782 0
      vertex 1.82897 3.72183 0
    endloop
  endfacet
  facet normal 0 0 -1
    outer loop
      vertex 1.73087 3.575 0
      vertex 1.73087 28.225 0
      vertex 1.82897 28.0782 0
    endloop
  endfacet
  facet normal 0 0 -1
    outer loop
      vertex 0 1.2 0
      vertex 1.73087 3.575 0
      vertex 1.65276 3.41662 0
    endloop
  endfacet
  facet normal -0 0 -1
    outer loop
      vertex 1.73087 3.575 0
      vertex 0 1.2 0
      vertex 1.73087 28.225 0
    endloop
  endfacet
  facet normal 0 0 -1
    outer loop
      vertex 0 1.2 0
      vertex 1.65276 3.41662 0
      vertex 1.596 3.24941 0
    endloop
  endfacet
  facet normal 0 0 -1
    outer loop
      vertex 0 30.6 0
      vertex 1.73087 28.225 0
      vertex 0 1.2 0
    endloop
  endfacet
  facet normal 0 0 -1
    outer loop
      vertex 0 1.2 0
      vertex 1.596 3.24941 0
      vertex 1.56155 3.07621 0
    endloop
  endfacet
  facet normal 0 0 -1
    outer loop
      vertex 1.73087 28.225 0
      vertex 0 30.6 0
      vertex 1.65276 28.3834 0
    endloop
  endfacet
  facet normal 0 0 -1
    outer loop
      vertex 0 1.2 0
      vertex 1.56155 3.07621 0
      vertex 1.55 2.9 0
    endloop
  endfacet
  facet normal 0 0 -1
    outer loop
      vertex 1.65276 28.3834 0
      vertex 0 30.6 0
      vertex 1.596 28.5506 0
    endloop
  endfacet
  facet normal 0 0 -1
    outer loop
      vertex 30.0184 9.37893 0
      vertex 17.7816 9.37893 0
      vertex 30.0984 9.49857 0
    endloop
  endfacet
  facet normal 0 0 -1
    outer loop
      vertex 30.1932 22.1932 0
      vertex 17.9195 22.8275 0
      vertex 17.9289 22.9711 0
    endloop
  endfacet
  facet normal 0 0 -1
    outer loop
      vertex 17.7016 9.49857 0
      vertex 30.0984 9.49857 0
      vertex 17.7816 9.37893 0
    endloop
  endfacet
  facet normal 0 0 -1
    outer loop
      vertex 30.1932 22.1932 0
      vertex 17.8914 22.6864 0
      vertex 17.9195 22.8275 0
    endloop
  endfacet
  facet normal 0 0 -1
    outer loop
      vertex 30.0984 9.49857 0
      vertex 17.7016 9.49857 0
      vertex 30.1932 9.60675 0
    endloop
  endfacet
  facet normal 0 0 -1
    outer loop
      vertex 30.1932 22.1932 0
      vertex 17.8452 22.5501 0
      vertex 17.8914 22.6864 0
    endloop
  endfacet
  facet normal 0 0 -1
    outer loop
      vertex 17.6068 9.60675 0
      vertex 30.1932 9.60675 0
      vertex 17.7016 9.49857 0
    endloop
  endfacet
  facet normal 0 0 -1
    outer loop
      vertex 30.1932 22.1932 0
      vertex 17.7816 22.4211 0
      vertex 17.8452 22.5501 0
    endloop
  endfacet
  facet normal 0 0 -1
    outer loop
      vertex 30.1932 9.60675 0
      vertex 17.6068 9.60675 0
      vertex 30.1932 22.1932 0
    endloop
  endfacet
  facet normal 0 0 -1
    outer loop
      vertex 30.1932 22.1932 0
      vertex 17.7016 22.3014 0
      vertex 17.7816 22.4211 0
    endloop
  endfacet
  facet normal 0 0 -1
    outer loop
      vertex 17.6068 22.1932 0
      vertex 30.1932 22.1932 0
      vertex 17.6068 9.60675 0
    endloop
  endfacet
  facet normal 0 0 -1
    outer loop
      vertex 30.1932 22.1932 0
      vertex 17.6068 22.1932 0
      vertex 17.7016 22.3014 0
    endloop
  endfacet
  facet normal 0 0 -1
    outer loop
      vertex 17.4986 9.70162 0
      vertex 17.6068 22.1932 0
      vertex 17.6068 9.60675 0
    endloop
  endfacet
  facet normal 0 0 -1
    outer loop
      vertex 17.4986 9.70162 0
      vertex 17.4986 22.0984 0
      vertex 17.6068 22.1932 0
    endloop
  endfacet
  facet normal 0 0 -1
    outer loop
      vertex 17.3789 9.78156 0
      vertex 17.4986 22.0984 0
      vertex 17.4986 9.70162 0
    endloop
  endfacet
  facet normal 0 0 -1
    outer loop
      vertex 17.3789 9.78156 0
      vertex 17.3789 22.0184 0
      vertex 17.4986 22.0984 0
    endloop
  endfacet
  facet normal 0 0 -1
    outer loop
      vertex 17.2499 9.8452 0
      vertex 17.3789 22.0184 0
      vertex 17.3789 9.78156 0
    endloop
  endfacet
  facet normal 0 0 -1
    outer loop
      vertex 17.2499 9.8452 0
      vertex 17.2499 21.9548 0
      vertex 17.3789 22.0184 0
    endloop
  endfacet
  facet normal 0 0 -1
    outer loop
      vertex 17.1136 9.89145 0
      vertex 17.2499 21.9548 0
      vertex 17.2499 9.8452 0
    endloop
  endfacet
  facet normal 0 0 -1
    outer loop
      vertex 17.1136 9.89145 0
      vertex 17.1136 21.9086 0
      vertex 17.2499 21.9548 0
    endloop
  endfacet
  facet normal 0 0 -1
    outer loop
      vertex 16.9725 9.91952 0
      vertex 17.1136 21.9086 0
      vertex 17.1136 9.89145 0
    endloop
  endfacet
  facet normal 0 0 -1
    outer loop
      vertex 16.9725 9.91952 0
      vertex 16.9725 21.8805 0
      vertex 17.1136 21.9086 0
    endloop
  endfacet
  facet normal 0 0 -1
    outer loop
      vertex 16.8289 9.92893 0
      vertex 16.9725 21.8805 0
      vertex 16.9725 9.91952 0
    endloop
  endfacet
  facet normal 0 0 -1
    outer loop
      vertex 16.8289 9.92893 0
      vertex 16.8289 21.8711 0
      vertex 16.9725 21.8805 0
    endloop
  endfacet
  facet normal 0 0 -1
    outer loop
      vertex 16.6854 9.91952 0
      vertex 16.8289 21.8711 0
      vertex 16.8289 9.92893 0
    endloop
  endfacet
  facet normal 0 0 -1
    outer loop
      vertex 16.6854 9.91952 0
      vertex 16.6854 21.8805 0
      vertex 16.8289 21.8711 0
    endloop
  endfacet
  facet normal 0 0 -1
    outer loop
      vertex 16.5442 9.89145 0
      vertex 16.6854 21.8805 0
      vertex 16.6854 9.91952 0
    endloop
  endfacet
  facet normal 0 0 -1
    outer loop
      vertex 16.5442 9.89145 0
      vertex 16.5442 21.9086 0
      vertex 16.6854 21.8805 0
    endloop
  endfacet
  facet normal 0 0 -1
    outer loop
      vertex 16.408 9.8452 0
      vertex 16.5442 21.9086 0
      vertex 16.5442 9.89145 0
    endloop
  endfacet
  facet normal 0 0 -1
    outer loop
      vertex 16.408 9.8452 0
      vertex 16.408 21.9548 0
      vertex 16.5442 21.9086 0
    endloop
  endfacet
  facet normal 0 0 -1
    outer loop
      vertex 16.2789 9.78156 0
      vertex 16.408 21.9548 0
      vertex 16.408 9.8452 0
    endloop
  endfacet
  facet normal 0 0 -1
    outer loop
      vertex 16.2789 9.78156 0
      vertex 16.2789 22.0184 0
      vertex 16.408 21.9548 0
    endloop
  endfacet
  facet normal 0 0 -1
    outer loop
      vertex 16.1593 9.70162 0
      vertex 16.2789 22.0184 0
      vertex 16.2789 9.78156 0
    endloop
  endfacet
  facet normal 0 0 -1
    outer loop
      vertex 16.1593 9.70162 0
      vertex 16.1593 22.0984 0
      vertex 16.2789 22.0184 0
    endloop
  endfacet
  facet normal 0 0 -1
    outer loop
      vertex 16.0511 9.60675 0
      vertex 16.1593 22.0984 0
      vertex 16.1593 9.70162 0
    endloop
  endfacet
  facet normal 0 0 -1
    outer loop
      vertex 16.0511 9.60675 0
      vertex 16.0511 22.1932 0
      vertex 16.1593 22.0984 0
    endloop
  endfacet
  facet normal 0 0 -1
    outer loop
      vertex 15.9562 9.49857 0
      vertex 16.0511 22.1932 0
      vertex 16.0511 9.60675 0
    endloop
  endfacet
  facet normal 0 0 -1
    outer loop
      vertex 15.9562 9.49857 0
      vertex 15.9562 22.3014 0
      vertex 16.0511 22.1932 0
    endloop
  endfacet
  facet normal 0 0 -1
    outer loop
      vertex 15.8763 9.37893 0
      vertex 15.9562 22.3014 0
      vertex 15.9562 9.49857 0
    endloop
  endfacet
  facet normal 0 0 -1
    outer loop
      vertex 15.8763 9.37893 0
      vertex 15.8763 22.4211 0
      vertex 15.9562 22.3014 0
    endloop
  endfacet
  facet normal -0 0 -1
    outer loop
      vertex 15.7664 8.54423 0
      vertex 3.97103 3.72183 0
      vertex 15.7383 8.68535 0
    endloop
  endfacet
  facet normal 0 0 -1
    outer loop
      vertex 3.85459 3.85459 0
      vertex 15.7383 8.68535 0
      vertex 3.97103 3.72183 0
    endloop
  endfacet
  facet normal 0 0 -1
    outer loop
      vertex 3.97103 3.72183 0
      vertex 15.7664 8.54423 0
      vertex 4.06913 3.575 0
    endloop
  endfacet
  facet normal -0 0 -1
    outer loop
      vertex 15.7383 8.68535 0
      vertex 3.85459 3.85459 0
      vertex 15.7289 8.82893 0
    endloop
  endfacet
  facet normal -0 0 -1
    outer loop
      vertex 15.8127 8.40798 0
      vertex 4.06913 3.575 0
      vertex 15.7664 8.54423 0
    endloop
  endfacet
  facet normal 0 0 -1
    outer loop
      vertex 15.8763 22.4211 0
      vertex 4.25 28.9 0
      vertex 15.8127 22.5501 0
    endloop
  endfacet
  facet normal 0 0 -1
    outer loop
      vertex 4.06913 3.575 0
      vertex 15.8127 8.40798 0
      vertex 4.14724 3.41662 0
    endloop
  endfacet
  facet normal 0 0 -1
    outer loop
      vertex 15.8127 22.5501 0
      vertex 4.25 28.9 0
      vertex 15.7664 22.6864 0
    endloop
  endfacet
  facet normal 0 0 -1
    outer loop
      vertex 37.2494 4.204 0
      vertex 31.9873 9.24988 0
      vertex 37.4166 4.14724 0
    endloop
  endfacet
  facet normal 0 0 -1
    outer loop
      vertex 37.4166 27.6528 0
      vertex 32.0617 22.8275 0
      vertex 32.0711 22.9711 0
    endloop
  endfacet
  facet normal 0 0 -1
    outer loop
      vertex 31.9237 9.37893 0
      vertex 37.4166 4.14724 0
      vertex 31.9873 9.24988 0
    endloop
  endfacet
  facet normal 0 0 -1
    outer loop
      vertex 37.4166 27.6528 0
      vertex 32.0336 22.6864 0
      vertex 32.0617 22.8275 0
    endloop
  endfacet
  facet normal 0 0 -1
    outer loop
      vertex 37.4166 4.14724 0
      vertex 31.9237 9.37893 0
      vertex 37.4166 27.6528 0
    endloop
  endfacet
  facet normal 0 0 -1
    outer loop
      vertex 37.4166 27.6528 0
      vertex 31.9873 22.5501 0
      vertex 32.0336 22.6864 0
    endloop
  endfacet
  facet normal 0 0 -1
    outer loop
      vertex 31.9237 22.4211 0
      vertex 37.4166 27.6528 0
      vertex 31.9237 9.37893 0
    endloop
  endfacet
  facet normal 0 0 -1
    outer loop
      vertex 37.4166 27.6528 0
      vertex 31.9237 22.4211 0
      vertex 31.9873 22.5501 0
    endloop
  endfacet
  facet normal 0 0 -1
    outer loop
      vertex 31.8438 9.49857 0
      vertex 31.9237 22.4211 0
      vertex 31.9237 9.37893 0
    endloop
  endfacet
  facet normal 0 0 -1
    outer loop
      vertex 31.8438 9.49857 0
      vertex 31.8438 22.3014 0
      vertex 31.9237 22.4211 0
    endloop
  endfacet
  facet normal 0 0 -1
    outer loop
      vertex 31.7489 9.60675 0
      vertex 31.8438 22.3014 0
      vertex 31.8438 9.49857 0
    endloop
  endfacet
  facet normal 0 0 -1
    outer loop
      vertex 31.7489 9.60675 0
      vertex 31.7489 22.1932 0
      vertex 31.8438 22.3014 0
    endloop
  endfacet
  facet normal 0 0 -1
    outer loop
      vertex 31.6407 9.70162 0
      vertex 31.7489 22.1932 0
      vertex 31.7489 9.60675 0
    endloop
  endfacet
  facet normal 0 0 -1
    outer loop
      vertex 31.6407 9.70162 0
      vertex 31.6407 22.0984 0
      vertex 31.7489 22.1932 0
    endloop
  endfacet
  facet normal 0 0 -1
    outer loop
      vertex 31.5211 9.78156 0
      vertex 31.6407 22.0984 0
      vertex 31.6407 9.70162 0
    endloop
  endfacet
  facet normal 0 0 -1
    outer loop
      vertex 31.5211 9.78156 0
      vertex 31.5211 22.0184 0
      vertex 31.6407 22.0984 0
    endloop
  endfacet
  facet normal 0 0 -1
    outer loop
      vertex 31.392 9.8452 0
      vertex 31.5211 22.0184 0
      vertex 31.5211 9.78156 0
    endloop
  endfacet
  facet normal 0 0 -1
    outer loop
      vertex 31.392 9.8452 0
      vertex 31.392 21.9548 0
      vertex 31.5211 22.0184 0
    endloop
  endfacet
  facet normal 0 0 -1
    outer loop
      vertex 31.2558 9.89145 0
      vertex 31.392 21.9548 0
      vertex 31.392 9.8452 0
    endloop
  endfacet
  facet normal 0 0 -1
    outer loop
      vertex 31.2558 9.89145 0
      vertex 31.2558 21.9086 0
      vertex 31.392 21.9548 0
    endloop
  endfacet
  facet normal 0 0 -1
    outer loop
      vertex 31.1146 9.91952 0
      vertex 31.2558 21.9086 0
      vertex 31.2558 9.89145 0
    endloop
  endfacet
  facet normal 0 0 -1
    outer loop
      vertex 31.1146 9.91952 0
      vertex 31.1146 21.8805 0
      vertex 31.2558 21.9086 0
    endloop
  endfacet
  facet normal 0 0 -1
    outer loop
      vertex 30.9711 9.92893 0
      vertex 31.1146 21.8805 0
      vertex 31.1146 9.91952 0
    endloop
  endfacet
  facet normal 0 0 -1
    outer loop
      vertex 30.9711 9.92893 0
      vertex 30.9711 21.8711 0
      vertex 31.1146 21.8805 0
    endloop
  endfacet
  facet normal 0 0 -1
    outer loop
      vertex 30.8275 9.91952 0
      vertex 30.9711 21.8711 0
      vertex 30.9711 9.92893 0
    endloop
  endfacet
  facet normal 0 0 -1
    outer loop
      vertex 30.8275 9.91952 0
      vertex 30.8275 21.8805 0
      vertex 30.9711 21.8711 0
    endloop
  endfacet
  facet normal 0 0 -1
    outer loop
      vertex 30.6864 9.89145 0
      vertex 30.8275 21.8805 0
      vertex 30.8275 9.91952 0
    endloop
  endfacet
  facet normal 0 0 -1
    outer loop
      vertex 30.6864 9.89145 0
      vertex 30.6864 21.9086 0
      vertex 30.8275 21.8805 0
    endloop
  endfacet
  facet normal 0 0 -1
    outer loop
      vertex 30.5501 9.8452 0
      vertex 30.6864 21.9086 0
      vertex 30.6864 9.89145 0
    endloop
  endfacet
  facet normal 0 0 -1
    outer loop
      vertex 30.5501 9.8452 0
      vertex 30.5501 21.9548 0
      vertex 30.6864 21.9086 0
    endloop
  endfacet
  facet normal 0 0 -1
    outer loop
      vertex 30.4211 9.78156 0
      vertex 30.5501 21.9548 0
      vertex 30.5501 9.8452 0
    endloop
  endfacet
  facet normal 0 0 -1
    outer loop
      vertex 30.4211 9.78156 0
      vertex 30.4211 22.0184 0
      vertex 30.5501 21.9548 0
    endloop
  endfacet
  facet normal 0 0 -1
    outer loop
      vertex 30.3014 9.70162 0
      vertex 30.4211 22.0184 0
      vertex 30.4211 9.78156 0
    endloop
  endfacet
  facet normal 0 0 -1
    outer loop
      vertex 30.3014 9.70162 0
      vertex 30.3014 22.0984 0
      vertex 30.4211 22.0184 0
    endloop
  endfacet
  facet normal 0 0 -1
    outer loop
      vertex 30.1932 9.60675 0
      vertex 30.3014 22.0984 0
      vertex 30.3014 9.70162 0
    endloop
  endfacet
  facet normal 0 0 -1
    outer loop
      vertex 30.1932 9.60675 0
      vertex 30.1932 22.1932 0
      vertex 30.3014 22.0984 0
    endloop
  endfacet
  facet normal 0 0 -1
    outer loop
      vertex 17.8452 9.24988 0
      vertex 29.9548 9.24988 0
      vertex 17.8914 9.11363 0
    endloop
  endfacet
  facet normal 0 0 -1
    outer loop
      vertex 29.9548 9.24988 0
      vertex 17.8452 9.24988 0
      vertex 30.0184 9.37893 0
    endloop
  endfacet
  facet normal 0 0 -1
    outer loop
      vertex 29.9086 9.11363 0
      vertex 17.8914 9.11363 0
      vertex 29.9548 9.24988 0
    endloop
  endfacet
  facet normal 0 0 -1
    outer loop
      vertex 17.7816 9.37893 0
      vertex 30.0184 9.37893 0
      vertex 17.8452 9.24988 0
    endloop
  endfacet
  facet normal 0 0 -1
    outer loop
      vertex 17.8914 9.11363 0
      vertex 29.9086 9.11363 0
      vertex 17.9195 8.97251 0
    endloop
  endfacet
  facet normal 0 0 -1
    outer loop
      vertex 30.1932 22.1932 0
      vertex 17.9289 22.9711 0
      vertex 30.0984 22.3014 0
    endloop
  endfacet
  facet normal 0 0 -1
    outer loop
      vertex 29.8805 8.97251 0
      vertex 17.9195 8.97251 0
      vertex 29.9086 9.11363 0
    endloop
  endfacet
  facet normal 0 0 -1
    outer loop
      vertex 30.0984 22.3014 0
      vertex 17.9289 22.9711 0
      vertex 30.0184 22.4211 0
    endloop
  endfacet
  facet normal 0 0 -1
    outer loop
      vertex 17.9195 8.97251 0
      vertex 29.8805 8.97251 0
      vertex 17.9289 8.82893 0
    endloop
  endfacet
  facet normal 0 0 -1
    outer loop
      vertex 30.0184 22.4211 0
      vertex 17.9289 22.9711 0
      vertex 29.9548 22.5501 0
    endloop
  endfacet
  facet normal 0 0 -1
    outer loop
      vertex 17.9289 8.82893 0
      vertex 29.8805 8.97251 0
      vertex 29.8711 8.82893 0
    endloop
  endfacet
  facet normal 0 0 -1
    outer loop
      vertex 29.9548 22.5501 0
      vertex 17.9289 22.9711 0
      vertex 29.9086 22.6864 0
    endloop
  endfacet
  facet normal 0 0 -1
    outer loop
      vertex 38.1472 3.41662 0
      vertex 39.8 1.2 0
      vertex 38.204 3.24941 0
    endloop
  endfacet
  facet normal 0 0 -1
    outer loop
      vertex 39.8 30.6 0
      vertex 38.2384 28.7238 0
      vertex 38.25 28.9 0
    endloop
  endfacet
  facet normal 0 0 -1
    outer loop
      vertex 38.0691 3.575 0
      vertex 39.8 1.2 0
      vertex 38.1472 3.41662 0
    endloop
  endfacet
  facet normal 0 0 -1
    outer loop
      vertex 39.8 30.6 0
      vertex 38.204 28.5506 0
      vertex 38.2384 28.7238 0
    endloop
  endfacet
  facet normal 0 0 -1
    outer loop
      vertex 39.8 1.2 0
      vertex 38.0691 3.575 0
      vertex 39.8 30.6 0
    endloop
  endfacet
  facet normal 0 0 -1
    outer loop
      vertex 39.8 30.6 0
      vertex 38.1472 28.3834 0
      vertex 38.204 28.5506 0
    endloop
  endfacet
  facet normal 0 0 -1
    outer loop
      vertex 38.0691 28.225 0
      vertex 39.8 30.6 0
      vertex 38.0691 3.575 0
    endloop
  endfacet
  facet normal 0 0 -1
    outer loop
      vertex 39.8 30.6 0
      vertex 38.0691 28.225 0
      vertex 38.1472 28.3834 0
    endloop
  endfacet
  facet normal 0 0 -1
    outer loop
      vertex 37.971 3.72183 0
      vertex 38.0691 28.225 0
      vertex 38.0691 3.575 0
    endloop
  endfacet
  facet normal 0 0 -1
    outer loop
      vertex 37.971 3.72183 0
      vertex 37.971 28.0782 0
      vertex 38.0691 28.225 0
    endloop
  endfacet
  facet normal 0 0 -1
    outer loop
      vertex 37.8546 3.85459 0
      vertex 37.971 28.0782 0
      vertex 37.971 3.72183 0
    endloop
  endfacet
  facet normal 0 0 -1
    outer loop
      vertex 37.8546 3.85459 0
      vertex 37.8546 27.9454 0
      vertex 37.971 28.0782 0
    endloop
  endfacet
  facet normal 0 0 -1
    outer loop
      vertex 37.7218 3.97103 0
      vertex 37.8546 27.9454 0
      vertex 37.8546 3.85459 0
    endloop
  endfacet
  facet normal 0 0 -1
    outer loop
      vertex 37.7218 3.97103 0
      vertex 37.7218 27.829 0
      vertex 37.8546 27.9454 0
    endloop
  endfacet
  facet normal 0 0 -1
    outer loop
      vertex 37.575 4.06913 0
      vertex 37.7218 27.829 0
      vertex 37.7218 3.97103 0
    endloop
  endfacet
  facet normal 0 0 -1
    outer loop
      vertex 37.575 4.06913 0
      vertex 37.575 27.7309 0
      vertex 37.7218 27.829 0
    endloop
  endfacet
  facet normal 0 0 -1
    outer loop
      vertex 37.4166 4.14724 0
      vertex 37.575 27.7309 0
      vertex 37.575 4.06913 0
    endloop
  endfacet
  facet normal 0 0 -1
    outer loop
      vertex 37.4166 4.14724 0
      vertex 37.4166 27.6528 0
      vertex 37.575 27.7309 0
    endloop
  endfacet
  facet normal 0 0 -1
    outer loop
      vertex 32.0336 9.11363 0
      vertex 37.0762 4.23845 0
      vertex 32.0617 8.97251 0
    endloop
  endfacet
  facet normal 0 0 -1
    outer loop
      vertex 37.0762 4.23845 0
      vertex 32.0336 9.11363 0
      vertex 37.2494 4.204 0
    endloop
  endfacet
  facet normal 0 0 -1
    outer loop
      vertex 36.9 4.25 0
      vertex 32.0617 8.97251 0
      vertex 37.0762 4.23845 0
    endloop
  endfacet
  facet normal 0 0 -1
    outer loop
      vertex 31.9873 9.24988 0
      vertex 37.2494 4.204 0
      vertex 32.0336 9.11363 0
    endloop
  endfacet
  facet normal 0 0 -1
    outer loop
      vertex 32.0617 8.97251 0
      vertex 36.9 4.25 0
      vertex 32.0711 8.82893 0
    endloop
  endfacet
  facet normal 0 0 -1
    outer loop
      vertex 37.4166 27.6528 0
      vertex 32.0711 22.9711 0
      vertex 37.2494 27.596 0
    endloop
  endfacet
  facet normal 0 0 -1
    outer loop
      vertex 32.0711 8.82893 0
      vertex 36.9 4.25 0
      vertex 36.7238 4.23845 0
    endloop
  endfacet
  facet normal 0 0 -1
    outer loop
      vertex 37.2494 27.596 0
      vertex 32.0711 22.9711 0
      vertex 37.0762 27.5615 0
    endloop
  endfacet
  facet normal 0 0 -1
    outer loop
      vertex 32.0617 8.68535 0
      vertex 36.7238 4.23845 0
      vertex 36.5506 4.204 0
    endloop
  endfacet
  facet normal 0 0 -1
    outer loop
      vertex 37.0762 27.5615 0
      vertex 32.0711 22.9711 0
      vertex 36.9 27.55 0
    endloop
  endfacet
  facet normal 0 0 -1
    outer loop
      vertex 32.0336 8.54423 0
      vertex 36.5506 4.204 0
      vertex 36.3834 4.14724 0
    endloop
  endfacet
  facet normal -0 0 -1
    outer loop
      vertex 36.9 27.55 0
      vertex 32.0711 22.9711 0
      vertex 36.7238 27.5615 0
    endloop
  endfacet
  facet normal 0 0 -1
    outer loop
      vertex 31.9873 8.40798 0
      vertex 36.3834 4.14724 0
      vertex 36.225 4.06913 0
    endloop
  endfacet
  facet normal 0 0 -1
    outer loop
      vertex 32.0617 23.1146 0
      vertex 36.7238 27.5615 0
      vertex 32.0711 22.9711 0
    endloop
  endfacet
  facet normal 0 0 -1
    outer loop
      vertex 31.9237 8.27893 0
      vertex 36.225 4.06913 0
      vertex 36.0782 3.97103 0
    endloop
  endfacet
  facet normal -0 0 -1
    outer loop
      vertex 36.7238 27.5615 0
      vertex 32.0617 23.1146 0
      vertex 36.5506 27.596 0
    endloop
  endfacet
  facet normal 0 0 -1
    outer loop
      vertex 31.8438 8.15929 0
      vertex 36.0782 3.97103 0
      vertex 35.9454 3.85459 0
    endloop
  endfacet
  facet normal 0 0 -1
    outer loop
      vertex 32.0336 23.2558 0
      vertex 36.5506 27.596 0
      vertex 32.0617 23.1146 0
    endloop
  endfacet
  facet normal 0 0 -1
    outer loop
      vertex 31.7489 8.05111 0
      vertex 35.9454 3.85459 0
      vertex 35.829 3.72183 0
    endloop
  endfacet
  facet normal -0 0 -1
    outer loop
      vertex 36.5506 27.596 0
      vertex 32.0336 23.2558 0
      vertex 36.3834 27.6528 0
    endloop
  endfacet
  facet normal 0 0 -1
    outer loop
      vertex 31.5211 7.8763 0
      vertex 35.829 3.72183 0
      vertex 35.7309 3.575 0
    endloop
  endfacet
  facet normal 0 0 -1
    outer loop
      vertex 31.9873 23.392 0
      vertex 36.3834 27.6528 0
      vertex 32.0336 23.2558 0
    endloop
  endfacet
  facet normal 0 0 -1
    outer loop
      vertex 31.392 7.81266 0
      vertex 35.7309 3.575 0
      vertex 35.6528 3.41662 0
    endloop
  endfacet
  facet normal -0 0 -1
    outer loop
      vertex 36.3834 27.6528 0
      vertex 31.9873 23.392 0
      vertex 36.225 27.7309 0
    endloop
  endfacet
  facet normal 0 0 -1
    outer loop
      vertex 31.2558 7.76641 0
      vertex 35.6528 3.41662 0
      vertex 35.596 3.24941 0
    endloop
  endfacet
  facet normal 0 0 -1
    outer loop
      vertex 31.9237 23.5211 0
      vertex 36.225 27.7309 0
      vertex 31.9873 23.392 0
    endloop
  endfacet
  facet normal 0 0 -1
    outer loop
      vertex 31.1146 7.73834 0
      vertex 35.596 3.24941 0
      vertex 35.5616 3.07621 0
    endloop
  endfacet
  facet normal -0 0 -1
    outer loop
      vertex 36.225 27.7309 0
      vertex 31.9237 23.5211 0
      vertex 36.0782 27.829 0
    endloop
  endfacet
  facet normal 0 0 -1
    outer loop
      vertex 30.9711 7.72893 0
      vertex 35.5616 3.07621 0
      vertex 35.55 2.9 0
    endloop
  endfacet
  facet normal 0 0 -1
    outer loop
      vertex 31.8438 23.6407 0
      vertex 36.0782 27.829 0
      vertex 31.9237 23.5211 0
    endloop
  endfacet
  facet normal 0 0 -1
    outer loop
      vertex 37.8546 1.94541 0
      vertex 39.8 1.2 0
      vertex 39.7897 1.04337 0
    endloop
  endfacet
  facet normal 0 0 -1
    outer loop
      vertex 38.2384 3.07621 0
      vertex 39.8 1.2 0
      vertex 38.25 2.9 0
    endloop
  endfacet
  facet normal 0 0 -1
    outer loop
      vertex 37.8546 1.94541 0
      vertex 39.7897 1.04337 0
      vertex 39.7591 0.889417 0
    endloop
  endfacet
  facet normal 0 0 -1
    outer loop
      vertex 38.204 3.24941 0
      vertex 39.8 1.2 0
      vertex 38.2384 3.07621 0
    endloop
  endfacet
  facet normal 0 0 -1
    outer loop
      vertex 37.8546 1.94541 0
      vertex 39.7591 0.889417 0
      vertex 39.7087 0.74078 0
    endloop
  endfacet
  facet normal 0 0 -1
    outer loop
      vertex 38.2384 29.0762 0
      vertex 39.8 30.6 0
      vertex 38.25 28.9 0
    endloop
  endfacet
  facet normal 0 0 -1
    outer loop
      vertex 37.8546 1.94541 0
      vertex 39.7087 0.74078 0
      vertex 39.6392 0.599999 0
    endloop
  endfacet
  facet normal 0 0 -1
    outer loop
      vertex 38.204 29.2494 0
      vertex 39.8 30.6 0
      vertex 38.2384 29.0762 0
    endloop
  endfacet
  facet normal 0 0 -1
    outer loop
      vertex 37.8546 1.94541 0
      vertex 39.6392 0.599999 0
      vertex 39.552 0.469486 0
    endloop
  endfacet
  facet normal 0 0 -1
    outer loop
      vertex 38.1472 29.4166 0
      vertex 39.8 30.6 0
      vertex 38.204 29.2494 0
    endloop
  endfacet
  facet normal 0 0 -1
    outer loop
      vertex 37.8546 1.94541 0
      vertex 39.552 0.469486 0
      vertex 39.4485 0.351471 0
    endloop
  endfacet
  facet normal 0 0 -1
    outer loop
      vertex 38.0691 29.575 0
      vertex 39.8 30.6 0
      vertex 38.1472 29.4166 0
    endloop
  endfacet
  facet normal 0 0 -1
    outer loop
      vertex 37.8546 1.94541 0
      vertex 39.4485 0.351471 0
      vertex 39.3305 0.247975 0
    endloop
  endfacet
  facet normal 0 0 -1
    outer loop
      vertex 37.971 29.7218 0
      vertex 39.8 30.6 0
      vertex 38.0691 29.575 0
    endloop
  endfacet
  facet normal 0 0 -1
    outer loop
      vertex 37.8546 1.94541 0
      vertex 39.3305 0.247975 0
      vertex 39.2 0.160769 0
    endloop
  endfacet
  facet normal 0 0 -1
    outer loop
      vertex 37.8546 29.8546 0
      vertex 39.8 30.6 0
      vertex 37.971 29.7218 0
    endloop
  endfacet
  facet normal 0 0 -1
    outer loop
      vertex 37.8546 1.94541 0
      vertex 39.2 0.160769 0
      vertex 39.0592 0.0913439 0
    endloop
  endfacet
  facet normal -0 0 -1
    outer loop
      vertex 39.8 30.6 0
      vertex 37.8546 29.8546 0
      vertex 39.7897 30.7566 0
    endloop
  endfacet
  facet normal 0 0 -1
    outer loop
      vertex 37.8546 1.94541 0
      vertex 39.0592 0.0913439 0
      vertex 38.9106 0.0408888 0
    endloop
  endfacet
  facet normal -0 0 -1
    outer loop
      vertex 39.7897 30.7566 0
      vertex 37.8546 29.8546 0
      vertex 39.7591 30.9106 0
    endloop
  endfacet
  facet normal 0 0 -1
    outer loop
      vertex 37.8546 1.94541 0
      vertex 38.9106 0.0408888 0
      vertex 38.7566 0.0102654 0
    endloop
  endfacet
  facet normal -0 0 -1
    outer loop
      vertex 39.7591 30.9106 0
      vertex 37.8546 29.8546 0
      vertex 39.7087 31.0592 0
    endloop
  endfacet
  facet normal 0 0 -1
    outer loop
      vertex 37.8546 1.94541 0
      vertex 38.7566 0.0102654 0
      vertex 38.6 0 0
    endloop
  endfacet
  facet normal -0 0 -1
    outer loop
      vertex 39.7087 31.0592 0
      vertex 37.8546 29.8546 0
      vertex 39.6392 31.2 0
    endloop
  endfacet
  facet normal -0 0 -1
    outer loop
      vertex 39.6392 31.2 0
      vertex 37.8546 29.8546 0
      vertex 39.552 31.3305 0
    endloop
  endfacet
  facet normal 0 0 -1
    outer loop
      vertex 39.8 1.2 0
      vertex 38.2384 2.72379 0
      vertex 38.25 2.9 0
    endloop
  endfacet
  facet normal 0 0 -1
    outer loop
      vertex 39.8 1.2 0
      vertex 38.204 2.55059 0
      vertex 38.2384 2.72379 0
    endloop
  endfacet
  facet normal 0 0 -1
    outer loop
      vertex 39.8 1.2 0
      vertex 38.1472 2.38338 0
      vertex 38.204 2.55059 0
    endloop
  endfacet
  facet normal 0 0 -1
    outer loop
      vertex 39.8 1.2 0
      vertex 38.0691 2.225 0
      vertex 38.1472 2.38338 0
    endloop
  endfacet
  facet normal 0 0 -1
    outer loop
      vertex 39.8 1.2 0
      vertex 37.971 2.07817 0
      vertex 38.0691 2.225 0
    endloop
  endfacet
  facet normal 0 0 -1
    outer loop
      vertex 39.8 1.2 0
      vertex 37.8546 1.94541 0
      vertex 37.971 2.07817 0
    endloop
  endfacet
  facet normal 0 0 -1
    outer loop
      vertex 38.6 0 0
      vertex 37.7218 1.82897 0
      vertex 37.8546 1.94541 0
    endloop
  endfacet
  facet normal 0 0 -1
    outer loop
      vertex 38.6 0 0
      vertex 37.575 1.73087 0
      vertex 37.7218 1.82897 0
    endloop
  endfacet
  facet normal 0 0 -1
    outer loop
      vertex 38.6 0 0
      vertex 37.4166 1.65276 0
      vertex 37.575 1.73087 0
    endloop
  endfacet
  facet normal 0 0 -1
    outer loop
      vertex 38.6 0 0
      vertex 37.2494 1.596 0
      vertex 37.4166 1.65276 0
    endloop
  endfacet
  facet normal 0 0 -1
    outer loop
      vertex 38.6 0 0
      vertex 37.0762 1.56155 0
      vertex 37.2494 1.596 0
    endloop
  endfacet
  facet normal 0 0 -1
    outer loop
      vertex 38.6 0 0
      vertex 36.9 1.55 0
      vertex 37.0762 1.56155 0
    endloop
  endfacet
  facet normal 0 0 -1
    outer loop
      vertex 38.6 0 0
      vertex 36.7238 1.56155 0
      vertex 36.9 1.55 0
    endloop
  endfacet
  facet normal 0 0 -1
    outer loop
      vertex 38.6 0 0
      vertex 36.5506 1.596 0
      vertex 36.7238 1.56155 0
    endloop
  endfacet
  facet normal 0 0 -1
    outer loop
      vertex 38.6 0 0
      vertex 36.3834 1.65276 0
      vertex 36.5506 1.596 0
    endloop
  endfacet
  facet normal 0 0 -1
    outer loop
      vertex 38.6 0 0
      vertex 36.225 1.73087 0
      vertex 36.3834 1.65276 0
    endloop
  endfacet
  facet normal 0 0 -1
    outer loop
      vertex 3.575 1.73087 0
      vertex 36.225 1.73087 0
      vertex 38.6 0 0
    endloop
  endfacet
  facet normal -0 0 -1
    outer loop
      vertex 36.0782 27.829 0
      vertex 31.8438 23.6407 0
      vertex 35.9454 27.9454 0
    endloop
  endfacet
  facet normal 0 0 -1
    outer loop
      vertex 30.8275 7.73834 0
      vertex 35.55 2.9 0
      vertex 35.5616 2.72379 0
    endloop
  endfacet
  facet normal 0 0 -1
    outer loop
      vertex 30.6864 7.76641 0
      vertex 35.5616 2.72379 0
      vertex 35.596 2.55059 0
    endloop
  endfacet
  facet normal 0 0 -1
    outer loop
      vertex 30.5501 7.81266 0
      vertex 35.596 2.55059 0
      vertex 35.6528 2.38338 0
    endloop
  endfacet
  facet normal 0 0 -1
    outer loop
      vertex 30.4211 7.8763 0
      vertex 35.6528 2.38338 0
      vertex 35.7309 2.225 0
    endloop
  endfacet
  facet normal 0 0 -1
    outer loop
      vertex 36.7238 4.23845 0
      vertex 32.0617 8.68535 0
      vertex 32.0711 8.82893 0
    endloop
  endfacet
  facet normal 0 0 -1
    outer loop
      vertex 36.5506 4.204 0
      vertex 32.0336 8.54423 0
      vertex 32.0617 8.68535 0
    endloop
  endfacet
  facet normal 0 0 -1
    outer loop
      vertex 36.3834 4.14724 0
      vertex 31.9873 8.40798 0
      vertex 32.0336 8.54423 0
    endloop
  endfacet
  facet normal 0 0 -1
    outer loop
      vertex 36.225 4.06913 0
      vertex 31.9237 8.27893 0
      vertex 31.9873 8.40798 0
    endloop
  endfacet
  facet normal 0 0 -1
    outer loop
      vertex 36.0782 3.97103 0
      vertex 31.8438 8.15929 0
      vertex 31.9237 8.27893 0
    endloop
  endfacet
  facet normal 0 0 -1
    outer loop
      vertex 35.9454 3.85459 0
      vertex 31.7489 8.05111 0
      vertex 31.8438 8.15929 0
    endloop
  endfacet
  facet normal 0 0 -1
    outer loop
      vertex 17.2499 7.81266 0
      vertex 35.7309 2.225 0
      vertex 35.829 2.07817 0
    endloop
  endfacet
  facet normal 0 0 -1
    outer loop
      vertex 35.829 3.72183 0
      vertex 31.6407 7.95624 0
      vertex 31.7489 8.05111 0
    endloop
  endfacet
  facet normal 0 0 -1
    outer loop
      vertex 35.829 3.72183 0
      vertex 31.5211 7.8763 0
      vertex 31.6407 7.95624 0
    endloop
  endfacet
  facet normal 0 0 -1
    outer loop
      vertex 35.7309 3.575 0
      vertex 31.392 7.81266 0
      vertex 31.5211 7.8763 0
    endloop
  endfacet
  facet normal 0 0 -1
    outer loop
      vertex 35.6528 3.41662 0
      vertex 31.2558 7.76641 0
      vertex 31.392 7.81266 0
    endloop
  endfacet
  facet normal 0 0 -1
    outer loop
      vertex 35.596 3.24941 0
      vertex 31.1146 7.73834 0
      vertex 31.2558 7.76641 0
    endloop
  endfacet
  facet normal 0 0 -1
    outer loop
      vertex 35.5616 3.07621 0
      vertex 30.9711 7.72893 0
      vertex 31.1146 7.73834 0
    endloop
  endfacet
  facet normal 0 0 -1
    outer loop
      vertex 35.55 2.9 0
      vertex 30.8275 7.73834 0
      vertex 30.9711 7.72893 0
    endloop
  endfacet
  facet normal 0 0 -1
    outer loop
      vertex 17.1136 7.76641 0
      vertex 35.829 2.07817 0
      vertex 35.9454 1.94541 0
    endloop
  endfacet
  facet normal 0 0 -1
    outer loop
      vertex 35.5616 2.72379 0
      vertex 30.6864 7.76641 0
      vertex 30.8275 7.73834 0
    endloop
  endfacet
  facet normal 0 0 -1
    outer loop
      vertex 35.596 2.55059 0
      vertex 30.5501 7.81266 0
      vertex 30.6864 7.76641 0
    endloop
  endfacet
  facet normal 0 0 -1
    outer loop
      vertex 35.6528 2.38338 0
      vertex 30.4211 7.8763 0
      vertex 30.5501 7.81266 0
    endloop
  endfacet
  facet normal 0 0 -1
    outer loop
      vertex 35.7309 2.225 0
      vertex 17.3789 7.8763 0
      vertex 30.4211 7.8763 0
    endloop
  endfacet
  facet normal 0 0 -1
    outer loop
      vertex 30.4211 7.8763 0
      vertex 17.3789 7.8763 0
      vertex 30.3014 7.95624 0
    endloop
  endfacet
  facet normal 0 0 -1
    outer loop
      vertex 29.9086 22.6864 0
      vertex 17.9289 22.9711 0
      vertex 29.8805 22.8275 0
    endloop
  endfacet
  facet normal 0 0 -1
    outer loop
      vertex 29.8805 8.68535 0
      vertex 17.9289 8.82893 0
      vertex 29.8711 8.82893 0
    endloop
  endfacet
  facet normal 0 0 -1
    outer loop
      vertex 17.9195 8.68535 0
      vertex 29.8805 8.68535 0
      vertex 29.9086 8.54423 0
    endloop
  endfacet
  facet normal 0 0 -1
    outer loop
      vertex 17.8914 8.54423 0
      vertex 29.9086 8.54423 0
      vertex 29.9548 8.40798 0
    endloop
  endfacet
  facet normal 0 0 -1
    outer loop
      vertex 17.8452 8.40798 0
      vertex 29.9548 8.40798 0
      vertex 30.0184 8.27893 0
    endloop
  endfacet
  facet normal 0 0 -1
    outer loop
      vertex 17.7816 8.27893 0
      vertex 30.0184 8.27893 0
      vertex 30.0984 8.15929 0
    endloop
  endfacet
  facet normal 0 0 -1
    outer loop
      vertex 17.7016 8.15929 0
      vertex 30.0984 8.15929 0
      vertex 30.1932 8.05111 0
    endloop
  endfacet
  facet normal 0 -0 -1
    outer loop
      vertex 17.4986 7.95624 0
      vertex 30.3014 7.95624 0
      vertex 17.3789 7.8763 0
    endloop
  endfacet
  facet normal 0 0 -1
    outer loop
      vertex 16.9725 7.73834 0
      vertex 35.9454 1.94541 0
      vertex 36.0782 1.82897 0
    endloop
  endfacet
  facet normal 0 0 -1
    outer loop
      vertex 36.225 1.73087 0
      vertex 3.575 1.73087 0
      vertex 36.0782 1.82897 0
    endloop
  endfacet
  facet normal 0 0 -1
    outer loop
      vertex 29.8805 8.68535 0
      vertex 17.9195 8.68535 0
      vertex 17.9289 8.82893 0
    endloop
  endfacet
  facet normal 0 0 -1
    outer loop
      vertex 29.9086 8.54423 0
      vertex 17.8914 8.54423 0
      vertex 17.9195 8.68535 0
    endloop
  endfacet
  facet normal 0 0 -1
    outer loop
      vertex 29.9548 8.40798 0
      vertex 17.8452 8.40798 0
      vertex 17.8914 8.54423 0
    endloop
  endfacet
  facet normal 0 0 -1
    outer loop
      vertex 30.0184 8.27893 0
      vertex 17.7816 8.27893 0
      vertex 17.8452 8.40798 0
    endloop
  endfacet
  facet normal 0 0 -1
    outer loop
      vertex 30.0984 8.15929 0
      vertex 17.7016 8.15929 0
      vertex 17.7816 8.27893 0
    endloop
  endfacet
  facet normal 0 0 -1
    outer loop
      vertex 30.1932 8.05111 0
      vertex 17.6068 8.05111 0
      vertex 17.7016 8.15929 0
    endloop
  endfacet
  facet normal -0 0 -1
    outer loop
      vertex 30.1932 8.05111 0
      vertex 17.4986 7.95624 0
      vertex 17.6068 8.05111 0
    endloop
  endfacet
  facet normal 0 0 -1
    outer loop
      vertex 30.3014 7.95624 0
      vertex 17.4986 7.95624 0
      vertex 30.1932 8.05111 0
    endloop
  endfacet
  facet normal 0 0 -1
    outer loop
      vertex 35.7309 2.225 0
      vertex 17.2499 7.81266 0
      vertex 17.3789 7.8763 0
    endloop
  endfacet
  facet normal 0 0 -1
    outer loop
      vertex 35.829 2.07817 0
      vertex 17.1136 7.76641 0
      vertex 17.2499 7.81266 0
    endloop
  endfacet
  facet normal 0 0 -1
    outer loop
      vertex 35.9454 1.94541 0
      vertex 16.9725 7.73834 0
      vertex 17.1136 7.76641 0
    endloop
  endfacet
  facet normal 0 0 -1
    outer loop
      vertex 36.0782 1.82897 0
      vertex 3.72183 1.82897 0
      vertex 16.9725 7.73834 0
    endloop
  endfacet
  facet normal 0 -0 -1
    outer loop
      vertex 3.85459 1.94541 0
      vertex 16.9725 7.73834 0
      vertex 3.72183 1.82897 0
    endloop
  endfacet
  facet normal 0 -0 -1
    outer loop
      vertex 3.97103 2.07817 0
      vertex 16.8289 7.72893 0
      vertex 3.85459 1.94541 0
    endloop
  endfacet
  facet normal -0 0 -1
    outer loop
      vertex 16.8289 7.72893 0
      vertex 3.97103 2.07817 0
      vertex 16.6854 7.73834 0
    endloop
  endfacet
  facet normal 0 0 -1
    outer loop
      vertex 15.7664 22.6864 0
      vertex 4.25 28.9 0
      vertex 15.7383 22.8275 0
    endloop
  endfacet
  facet normal -0 0 -1
    outer loop
      vertex 15.8763 8.27893 0
      vertex 4.14724 3.41662 0
      vertex 15.8127 8.40798 0
    endloop
  endfacet
  facet normal 0 0 -1
    outer loop
      vertex 4.14724 3.41662 0
      vertex 15.8763 8.27893 0
      vertex 4.204 3.24941 0
    endloop
  endfacet
  facet normal -0 0 -1
    outer loop
      vertex 15.9562 8.15929 0
      vertex 4.204 3.24941 0
      vertex 15.8763 8.27893 0
    endloop
  endfacet
  facet normal 0 0 -1
    outer loop
      vertex 4.204 3.24941 0
      vertex 15.9562 8.15929 0
      vertex 4.23845 3.07621 0
    endloop
  endfacet
  facet normal -0 0 -1
    outer loop
      vertex 16.0511 8.05111 0
      vertex 4.23845 3.07621 0
      vertex 15.9562 8.15929 0
    endloop
  endfacet
  facet normal 0 0 -1
    outer loop
      vertex 4.23845 3.07621 0
      vertex 16.0511 8.05111 0
      vertex 4.25 2.9 0
    endloop
  endfacet
  facet normal -0 0 -1
    outer loop
      vertex 16.1593 7.95624 0
      vertex 4.25 2.9 0
      vertex 16.0511 8.05111 0
    endloop
  endfacet
  facet normal 0 0 -1
    outer loop
      vertex 4.23845 2.72379 0
      vertex 16.1593 7.95624 0
      vertex 16.2789 7.8763 0
    endloop
  endfacet
  facet normal 0 0 -1
    outer loop
      vertex 4.204 2.55059 0
      vertex 16.2789 7.8763 0
      vertex 16.408 7.81266 0
    endloop
  endfacet
  facet normal 0 -0 -1
    outer loop
      vertex 4.06913 2.225 0
      vertex 16.6854 7.73834 0
      vertex 3.97103 2.07817 0
    endloop
  endfacet
  facet normal 0 0 -1
    outer loop
      vertex 16.1593 7.95624 0
      vertex 4.23845 2.72379 0
      vertex 4.25 2.9 0
    endloop
  endfacet
  facet normal 0 0 -1
    outer loop
      vertex 16.2789 7.8763 0
      vertex 4.204 2.55059 0
      vertex 4.23845 2.72379 0
    endloop
  endfacet
  facet normal 0 0 -1
    outer loop
      vertex 16.408 7.81266 0
      vertex 4.14724 2.38338 0
      vertex 4.204 2.55059 0
    endloop
  endfacet
  facet normal -0 0 -1
    outer loop
      vertex 16.5442 7.76641 0
      vertex 4.14724 2.38338 0
      vertex 16.408 7.81266 0
    endloop
  endfacet
  facet normal 0 -0 -1
    outer loop
      vertex 4.14724 2.38338 0
      vertex 16.5442 7.76641 0
      vertex 4.06913 2.225 0
    endloop
  endfacet
  facet normal -0 0 -1
    outer loop
      vertex 16.6854 7.73834 0
      vertex 4.06913 2.225 0
      vertex 16.5442 7.76641 0
    endloop
  endfacet
  facet normal 0 0 -1
    outer loop
      vertex 16.9725 7.73834 0
      vertex 3.85459 1.94541 0
      vertex 16.8289 7.72893 0
    endloop
  endfacet
  facet normal -0 0 -1
    outer loop
      vertex 36.0782 1.82897 0
      vertex 3.575 1.73087 0
      vertex 3.72183 1.82897 0
    endloop
  endfacet
  facet normal 0 0 -1
    outer loop
      vertex 1.2 0 0
      vertex 3.575 1.73087 0
      vertex 38.6 0 0
    endloop
  endfacet
  facet normal 0 0 -1
    outer loop
      vertex 3.575 1.73087 0
      vertex 1.2 0 0
      vertex 3.41662 1.65276 0
    endloop
  endfacet
  facet normal 0 0 -1
    outer loop
      vertex 3.41662 1.65276 0
      vertex 1.2 0 0
      vertex 3.24941 1.596 0
    endloop
  endfacet
  facet normal 0 0 -1
    outer loop
      vertex 3.24941 1.596 0
      vertex 1.2 0 0
      vertex 3.07621 1.56155 0
    endloop
  endfacet
  facet normal -0 0 -1
    outer loop
      vertex 1.56155 2.72379 0
      vertex 0 1.2 0
      vertex 1.55 2.9 0
    endloop
  endfacet
  facet normal -0 0 -1
    outer loop
      vertex 1.596 2.55059 0
      vertex 0 1.2 0
      vertex 1.56155 2.72379 0
    endloop
  endfacet
  facet normal -0 0 -1
    outer loop
      vertex 1.65276 2.38338 0
      vertex 0 1.2 0
      vertex 1.596 2.55059 0
    endloop
  endfacet
  facet normal -0 0 -1
    outer loop
      vertex 1.73087 2.225 0
      vertex 0 1.2 0
      vertex 1.65276 2.38338 0
    endloop
  endfacet
  facet normal -0 0 -1
    outer loop
      vertex 1.82897 2.07817 0
      vertex 0 1.2 0
      vertex 1.73087 2.225 0
    endloop
  endfacet
  facet normal -0 0 -1
    outer loop
      vertex 1.94541 1.94541 0
      vertex 0 1.2 0
      vertex 1.82897 2.07817 0
    endloop
  endfacet
  facet normal 0 0 -1
    outer loop
      vertex 0 1.2 0
      vertex 1.94541 1.94541 0
      vertex 1.2 0 0
    endloop
  endfacet
  facet normal -0 0 -1
    outer loop
      vertex 2.07817 1.82897 0
      vertex 1.2 0 0
      vertex 1.94541 1.94541 0
    endloop
  endfacet
  facet normal -0 0 -1
    outer loop
      vertex 2.225 1.73087 0
      vertex 1.2 0 0
      vertex 2.07817 1.82897 0
    endloop
  endfacet
  facet normal -0 0 -1
    outer loop
      vertex 2.38338 1.65276 0
      vertex 1.2 0 0
      vertex 2.225 1.73087 0
    endloop
  endfacet
  facet normal -0 0 -1
    outer loop
      vertex 2.55059 1.596 0
      vertex 1.2 0 0
      vertex 2.38338 1.65276 0
    endloop
  endfacet
  facet normal -0 0 -1
    outer loop
      vertex 2.72379 1.56155 0
      vertex 1.2 0 0
      vertex 2.55059 1.596 0
    endloop
  endfacet
  facet normal -0 0 -1
    outer loop
      vertex 2.9 1.55 0
      vertex 1.2 0 0
      vertex 2.72379 1.56155 0
    endloop
  endfacet
  facet normal 0 0 -1
    outer loop
      vertex 3.07621 1.56155 0
      vertex 1.2 0 0
      vertex 2.9 1.55 0
    endloop
  endfacet
  facet normal -0 0 -1
    outer loop
      vertex 39.552 31.3305 0
      vertex 37.8546 29.8546 0
      vertex 39.4485 31.4485 0
    endloop
  endfacet
  facet normal -0 0 -1
    outer loop
      vertex 39.4485 31.4485 0
      vertex 37.8546 29.8546 0
      vertex 39.3305 31.552 0
    endloop
  endfacet
  facet normal -0 0 -1
    outer loop
      vertex 39.3305 31.552 0
      vertex 37.8546 29.8546 0
      vertex 39.2 31.6392 0
    endloop
  endfacet
  facet normal -0 0 -1
    outer loop
      vertex 39.2 31.6392 0
      vertex 37.8546 29.8546 0
      vertex 39.0592 31.7087 0
    endloop
  endfacet
  facet normal -0 0 -1
    outer loop
      vertex 39.0592 31.7087 0
      vertex 37.8546 29.8546 0
      vertex 38.9106 31.7591 0
    endloop
  endfacet
  facet normal -0 0 -1
    outer loop
      vertex 38.9106 31.7591 0
      vertex 37.8546 29.8546 0
      vertex 38.7566 31.7897 0
    endloop
  endfacet
  facet normal -0 0 -1
    outer loop
      vertex 38.7566 31.7897 0
      vertex 37.8546 29.8546 0
      vertex 38.6 31.8 0
    endloop
  endfacet
  facet normal 0 0 -1
    outer loop
      vertex 37.7218 29.971 0
      vertex 38.6 31.8 0
      vertex 37.8546 29.8546 0
    endloop
  endfacet
  facet normal 0 0 -1
    outer loop
      vertex 37.575 30.0691 0
      vertex 38.6 31.8 0
      vertex 37.7218 29.971 0
    endloop
  endfacet
  facet normal 0 0 -1
    outer loop
      vertex 37.4166 30.1472 0
      vertex 38.6 31.8 0
      vertex 37.575 30.0691 0
    endloop
  endfacet
  facet normal 0 0 -1
    outer loop
      vertex 37.2494 30.204 0
      vertex 38.6 31.8 0
      vertex 37.4166 30.1472 0
    endloop
  endfacet
  facet normal 0 0 -1
    outer loop
      vertex 37.0762 30.2385 0
      vertex 38.6 31.8 0
      vertex 37.2494 30.204 0
    endloop
  endfacet
  facet normal 0 0 -1
    outer loop
      vertex 36.9 30.25 0
      vertex 38.6 31.8 0
      vertex 37.0762 30.2385 0
    endloop
  endfacet
  facet normal 0 0 -1
    outer loop
      vertex 36.7238 30.2385 0
      vertex 38.6 31.8 0
      vertex 36.9 30.25 0
    endloop
  endfacet
  facet normal 0 0 -1
    outer loop
      vertex 36.5506 30.204 0
      vertex 38.6 31.8 0
      vertex 36.7238 30.2385 0
    endloop
  endfacet
  facet normal 0 0 -1
    outer loop
      vertex 36.3834 30.1472 0
      vertex 38.6 31.8 0
      vertex 36.5506 30.204 0
    endloop
  endfacet
  facet normal 0 0 -1
    outer loop
      vertex 36.225 30.0691 0
      vertex 38.6 31.8 0
      vertex 36.3834 30.1472 0
    endloop
  endfacet
  facet normal 0 0 -1
    outer loop
      vertex 3.575 30.0691 0
      vertex 36.225 30.0691 0
      vertex 36.0782 29.971 0
    endloop
  endfacet
  facet normal 0 0 -1
    outer loop
      vertex 31.7489 23.7489 0
      vertex 35.9454 27.9454 0
      vertex 31.8438 23.6407 0
    endloop
  endfacet
  facet normal -0 0 -1
    outer loop
      vertex 35.9454 27.9454 0
      vertex 31.7489 23.7489 0
      vertex 35.829 28.0782 0
    endloop
  endfacet
  facet normal 0 0 -1
    outer loop
      vertex 31.6407 23.8438 0
      vertex 35.829 28.0782 0
      vertex 31.7489 23.7489 0
    endloop
  endfacet
  facet normal 0 0 -1
    outer loop
      vertex 31.5211 23.9237 0
      vertex 35.829 28.0782 0
      vertex 31.6407 23.8438 0
    endloop
  endfacet
  facet normal -0 0 -1
    outer loop
      vertex 35.829 28.0782 0
      vertex 31.5211 23.9237 0
      vertex 35.7309 28.225 0
    endloop
  endfacet
  facet normal 0 0 -1
    outer loop
      vertex 31.392 23.9873 0
      vertex 35.7309 28.225 0
      vertex 31.5211 23.9237 0
    endloop
  endfacet
  facet normal -0 0 -1
    outer loop
      vertex 35.7309 28.225 0
      vertex 31.392 23.9873 0
      vertex 35.6528 28.3834 0
    endloop
  endfacet
  facet normal 0 0 -1
    outer loop
      vertex 31.2558 24.0336 0
      vertex 35.6528 28.3834 0
      vertex 31.392 23.9873 0
    endloop
  endfacet
  facet normal -0 0 -1
    outer loop
      vertex 35.6528 28.3834 0
      vertex 31.2558 24.0336 0
      vertex 35.596 28.5506 0
    endloop
  endfacet
  facet normal 0 0 -1
    outer loop
      vertex 31.1146 24.0617 0
      vertex 35.596 28.5506 0
      vertex 31.2558 24.0336 0
    endloop
  endfacet
  facet normal -0 0 -1
    outer loop
      vertex 35.596 28.5506 0
      vertex 31.1146 24.0617 0
      vertex 35.5616 28.7238 0
    endloop
  endfacet
  facet normal 0 0 -1
    outer loop
      vertex 30.9711 24.0711 0
      vertex 35.5616 28.7238 0
      vertex 31.1146 24.0617 0
    endloop
  endfacet
  facet normal -0 0 -1
    outer loop
      vertex 35.5616 28.7238 0
      vertex 30.9711 24.0711 0
      vertex 35.55 28.9 0
    endloop
  endfacet
  facet normal 0 0 -1
    outer loop
      vertex 30.8275 24.0617 0
      vertex 35.55 28.9 0
      vertex 30.9711 24.0711 0
    endloop
  endfacet
  facet normal -0 0 -1
    outer loop
      vertex 35.55 28.9 0
      vertex 30.8275 24.0617 0
      vertex 35.5616 29.0762 0
    endloop
  endfacet
  facet normal 0 0 -1
    outer loop
      vertex 30.6864 24.0336 0
      vertex 35.5616 29.0762 0
      vertex 30.8275 24.0617 0
    endloop
  endfacet
  facet normal -0 0 -1
    outer loop
      vertex 35.5616 29.0762 0
      vertex 30.6864 24.0336 0
      vertex 35.596 29.2494 0
    endloop
  endfacet
  facet normal 0 0 -1
    outer loop
      vertex 30.5501 23.9873 0
      vertex 35.596 29.2494 0
      vertex 30.6864 24.0336 0
    endloop
  endfacet
  facet normal -0 0 -1
    outer loop
      vertex 35.596 29.2494 0
      vertex 30.5501 23.9873 0
      vertex 35.6528 29.4166 0
    endloop
  endfacet
  facet normal 0 0 -1
    outer loop
      vertex 30.4211 23.9237 0
      vertex 35.6528 29.4166 0
      vertex 30.5501 23.9873 0
    endloop
  endfacet
  facet normal -0 0 -1
    outer loop
      vertex 35.6528 29.4166 0
      vertex 30.4211 23.9237 0
      vertex 35.7309 29.575 0
    endloop
  endfacet
  facet normal 0 0 -1
    outer loop
      vertex 17.3789 23.9237 0
      vertex 35.7309 29.575 0
      vertex 30.4211 23.9237 0
    endloop
  endfacet
  facet normal 0 0 -1
    outer loop
      vertex 17.2499 23.9873 0
      vertex 35.7309 29.575 0
      vertex 17.3789 23.9237 0
    endloop
  endfacet
  facet normal 0 0 -1
    outer loop
      vertex 17.3789 23.9237 0
      vertex 30.4211 23.9237 0
      vertex 30.3014 23.8438 0
    endloop
  endfacet
  facet normal 0 0 -1
    outer loop
      vertex 17.4986 23.8438 0
      vertex 30.3014 23.8438 0
      vertex 30.1932 23.7489 0
    endloop
  endfacet
  facet normal 0 0 -1
    outer loop
      vertex 29.8805 22.8275 0
      vertex 17.9289 22.9711 0
      vertex 29.8711 22.9711 0
    endloop
  endfacet
  facet normal 0 0 -1
    outer loop
      vertex 29.8711 22.9711 0
      vertex 17.9289 22.9711 0
      vertex 29.8805 23.1146 0
    endloop
  endfacet
  facet normal 0 0 -1
    outer loop
      vertex 17.9195 23.1146 0
      vertex 29.8805 23.1146 0
      vertex 17.9289 22.9711 0
    endloop
  endfacet
  facet normal 0 0 -1
    outer loop
      vertex 29.8805 23.1146 0
      vertex 17.9195 23.1146 0
      vertex 29.9086 23.2558 0
    endloop
  endfacet
  facet normal 0 0 -1
    outer loop
      vertex 17.8914 23.2558 0
      vertex 29.9086 23.2558 0
      vertex 17.9195 23.1146 0
    endloop
  endfacet
  facet normal 0 0 -1
    outer loop
      vertex 29.9086 23.2558 0
      vertex 17.8914 23.2558 0
      vertex 29.9548 23.392 0
    endloop
  endfacet
  facet normal 0 0 -1
    outer loop
      vertex 17.8452 23.392 0
      vertex 29.9548 23.392 0
      vertex 17.8914 23.2558 0
    endloop
  endfacet
  facet normal 0 0 -1
    outer loop
      vertex 29.9548 23.392 0
      vertex 17.8452 23.392 0
      vertex 30.0184 23.5211 0
    endloop
  endfacet
  facet normal 0 0 -1
    outer loop
      vertex 17.7816 23.5211 0
      vertex 30.0184 23.5211 0
      vertex 17.8452 23.392 0
    endloop
  endfacet
  facet normal 0 0 -1
    outer loop
      vertex 30.0184 23.5211 0
      vertex 17.7816 23.5211 0
      vertex 30.0984 23.6407 0
    endloop
  endfacet
  facet normal 0 0 -1
    outer loop
      vertex 17.7016 23.6407 0
      vertex 30.0984 23.6407 0
      vertex 17.7816 23.5211 0
    endloop
  endfacet
  facet normal 0 0 -1
    outer loop
      vertex 30.0984 23.6407 0
      vertex 17.7016 23.6407 0
      vertex 30.1932 23.7489 0
    endloop
  endfacet
  facet normal 0 0 -1
    outer loop
      vertex 17.6068 23.7489 0
      vertex 30.1932 23.7489 0
      vertex 17.7016 23.6407 0
    endloop
  endfacet
  facet normal 0 0 -1
    outer loop
      vertex 17.4986 23.8438 0
      vertex 30.1932 23.7489 0
      vertex 17.6068 23.7489 0
    endloop
  endfacet
  facet normal 0 0 -1
    outer loop
      vertex 30.3014 23.8438 0
      vertex 17.4986 23.8438 0
      vertex 17.3789 23.9237 0
    endloop
  endfacet
  facet normal -0 0 -1
    outer loop
      vertex 35.7309 29.575 0
      vertex 17.2499 23.9873 0
      vertex 35.829 29.7218 0
    endloop
  endfacet
  facet normal 0 0 -1
    outer loop
      vertex 17.1136 24.0336 0
      vertex 35.829 29.7218 0
      vertex 17.2499 23.9873 0
    endloop
  endfacet
  facet normal -0 0 -1
    outer loop
      vertex 35.829 29.7218 0
      vertex 17.1136 24.0336 0
      vertex 35.9454 29.8546 0
    endloop
  endfacet
  facet normal 0 0 -1
    outer loop
      vertex 16.9725 24.0617 0
      vertex 35.9454 29.8546 0
      vertex 17.1136 24.0336 0
    endloop
  endfacet
  facet normal -0 0 -1
    outer loop
      vertex 35.9454 29.8546 0
      vertex 16.9725 24.0617 0
      vertex 36.0782 29.971 0
    endloop
  endfacet
  facet normal 0 0 -1
    outer loop
      vertex 3.72183 29.971 0
      vertex 36.0782 29.971 0
      vertex 16.9725 24.0617 0
    endloop
  endfacet
  facet normal 0 0 -1
    outer loop
      vertex 3.85459 29.8546 0
      vertex 16.9725 24.0617 0
      vertex 16.8289 24.0711 0
    endloop
  endfacet
  facet normal 0 0 -1
    outer loop
      vertex 3.97103 29.7218 0
      vertex 16.8289 24.0711 0
      vertex 16.6854 24.0617 0
    endloop
  endfacet
  facet normal 0 0 -1
    outer loop
      vertex 4.06913 29.575 0
      vertex 16.6854 24.0617 0
      vertex 16.5442 24.0336 0
    endloop
  endfacet
  facet normal 0 0 -1
    outer loop
      vertex 4.14724 29.4166 0
      vertex 16.5442 24.0336 0
      vertex 16.408 23.9873 0
    endloop
  endfacet
  facet normal 0 0 -1
    outer loop
      vertex 15.7383 22.8275 0
      vertex 4.25 28.9 0
      vertex 15.7289 22.9711 0
    endloop
  endfacet
  facet normal 0 0 -1
    outer loop
      vertex 15.7289 22.9711 0
      vertex 4.25 28.9 0
      vertex 15.7383 23.1146 0
    endloop
  endfacet
  facet normal 0 0 -1
    outer loop
      vertex 15.7383 23.1146 0
      vertex 4.25 28.9 0
      vertex 15.7664 23.2558 0
    endloop
  endfacet
  facet normal 0 0 -1
    outer loop
      vertex 15.7664 23.2558 0
      vertex 4.25 28.9 0
      vertex 15.8127 23.392 0
    endloop
  endfacet
  facet normal 0 0 -1
    outer loop
      vertex 15.8127 23.392 0
      vertex 4.25 28.9 0
      vertex 15.8763 23.5211 0
    endloop
  endfacet
  facet normal 0 0 -1
    outer loop
      vertex 4.25 28.9 0
      vertex 15.9562 23.6407 0
      vertex 15.8763 23.5211 0
    endloop
  endfacet
  facet normal 0 0 -1
    outer loop
      vertex 4.25 28.9 0
      vertex 16.0511 23.7489 0
      vertex 15.9562 23.6407 0
    endloop
  endfacet
  facet normal 0 0 -1
    outer loop
      vertex 4.25 28.9 0
      vertex 16.1593 23.8438 0
      vertex 16.0511 23.7489 0
    endloop
  endfacet
  facet normal 0 0 -1
    outer loop
      vertex 4.23845 29.0762 0
      vertex 16.1593 23.8438 0
      vertex 4.25 28.9 0
    endloop
  endfacet
  facet normal 0 0 -1
    outer loop
      vertex 16.1593 23.8438 0
      vertex 4.23845 29.0762 0
      vertex 16.2789 23.9237 0
    endloop
  endfacet
  facet normal 0 0 -1
    outer loop
      vertex 4.204 29.2494 0
      vertex 16.2789 23.9237 0
      vertex 4.23845 29.0762 0
    endloop
  endfacet
  facet normal 0 0 -1
    outer loop
      vertex 16.2789 23.9237 0
      vertex 4.204 29.2494 0
      vertex 16.408 23.9873 0
    endloop
  endfacet
  facet normal 0 0 -1
    outer loop
      vertex 4.14724 29.4166 0
      vertex 16.408 23.9873 0
      vertex 4.204 29.2494 0
    endloop
  endfacet
  facet normal 0 0 -1
    outer loop
      vertex 16.5442 24.0336 0
      vertex 4.14724 29.4166 0
      vertex 4.06913 29.575 0
    endloop
  endfacet
  facet normal 0 0 -1
    outer loop
      vertex 16.6854 24.0617 0
      vertex 4.06913 29.575 0
      vertex 3.97103 29.7218 0
    endloop
  endfacet
  facet normal 0 0 -1
    outer loop
      vertex 16.8289 24.0711 0
      vertex 3.97103 29.7218 0
      vertex 3.85459 29.8546 0
    endloop
  endfacet
  facet normal 0 0 -1
    outer loop
      vertex 16.9725 24.0617 0
      vertex 3.85459 29.8546 0
      vertex 3.72183 29.971 0
    endloop
  endfacet
  facet normal 0 0 -1
    outer loop
      vertex 3.575 30.0691 0
      vertex 36.0782 29.971 0
      vertex 3.72183 29.971 0
    endloop
  endfacet
  facet normal 0 0 -1
    outer loop
      vertex 36.225 30.0691 0
      vertex 3.575 30.0691 0
      vertex 38.6 31.8 0
    endloop
  endfacet
  facet normal 0 0 -1
    outer loop
      vertex 1.2 31.8 0
      vertex 3.575 30.0691 0
      vertex 3.41662 30.1472 0
    endloop
  endfacet
  facet normal 0 0 -1
    outer loop
      vertex 1.2 31.8 0
      vertex 3.41662 30.1472 0
      vertex 3.24941 30.204 0
    endloop
  endfacet
  facet normal 0 0 -1
    outer loop
      vertex 1.2 31.8 0
      vertex 3.24941 30.204 0
      vertex 3.07621 30.2385 0
    endloop
  endfacet
  facet normal 0 0 -1
    outer loop
      vertex 1.2 31.8 0
      vertex 3.07621 30.2385 0
      vertex 2.9 30.25 0
    endloop
  endfacet
  facet normal 0 0 -1
    outer loop
      vertex 3.575 30.0691 0
      vertex 1.2 31.8 0
      vertex 38.6 31.8 0
    endloop
  endfacet
  facet normal 0 0 -1
    outer loop
      vertex 2.72379 30.2385 0
      vertex 1.2 31.8 0
      vertex 2.9 30.25 0
    endloop
  endfacet
  facet normal 0 0 -1
    outer loop
      vertex 2.55059 30.204 0
      vertex 1.2 31.8 0
      vertex 2.72379 30.2385 0
    endloop
  endfacet
  facet normal 0 0 -1
    outer loop
      vertex 2.38338 30.1472 0
      vertex 1.2 31.8 0
      vertex 2.55059 30.204 0
    endloop
  endfacet
  facet normal 0 0 -1
    outer loop
      vertex 2.225 30.0691 0
      vertex 1.2 31.8 0
      vertex 2.38338 30.1472 0
    endloop
  endfacet
  facet normal 0 0 -1
    outer loop
      vertex 2.07817 29.971 0
      vertex 1.2 31.8 0
      vertex 2.225 30.0691 0
    endloop
  endfacet
  facet normal 0 0 -1
    outer loop
      vertex 1.94541 29.8546 0
      vertex 1.2 31.8 0
      vertex 2.07817 29.971 0
    endloop
  endfacet
  facet normal 0 0 -1
    outer loop
      vertex 0 30.6 0
      vertex 1.94541 29.8546 0
      vertex 1.82897 29.7218 0
    endloop
  endfacet
  facet normal 0 0 -1
    outer loop
      vertex 0 30.6 0
      vertex 1.82897 29.7218 0
      vertex 1.73087 29.575 0
    endloop
  endfacet
  facet normal 0 0 -1
    outer loop
      vertex 0 30.6 0
      vertex 1.73087 29.575 0
      vertex 1.65276 29.4166 0
    endloop
  endfacet
  facet normal 0 0 -1
    outer loop
      vertex 0 30.6 0
      vertex 1.65276 29.4166 0
      vertex 1.596 29.2494 0
    endloop
  endfacet
  facet normal 0 0 -1
    outer loop
      vertex 0 30.6 0
      vertex 1.596 29.2494 0
      vertex 1.56155 29.0762 0
    endloop
  endfacet
  facet normal 0 0 -1
    outer loop
      vertex 0 30.6 0
      vertex 1.56155 29.0762 0
      vertex 1.55 28.9 0
    endloop
  endfacet
  facet normal 0 0 -1
    outer loop
      vertex 1.596 28.5506 0
      vertex 0 30.6 0
      vertex 1.56155 28.7238 0
    endloop
  endfacet
  facet normal 0 0 -1
    outer loop
      vertex 0 1.2 0
      vertex 1.2 0 0
      vertex 1.04337 0.0102654 0
    endloop
  endfacet
  facet normal 0 0 -1
    outer loop
      vertex 1.56155 28.7238 0
      vertex 0 30.6 0
      vertex 1.55 28.9 0
    endloop
  endfacet
  facet normal 0 0 -1
    outer loop
      vertex 0 1.2 0
      vertex 1.04337 0.0102654 0
      vertex 0.889417 0.0408888 0
    endloop
  endfacet
  facet normal 0 0 -1
    outer loop
      vertex 1.94541 29.8546 0
      vertex 0 30.6 0
      vertex 0.0408888 30.9106 0
    endloop
  endfacet
  facet normal 0 0 -1
    outer loop
      vertex 0 1.2 0
      vertex 0.889417 0.0408888 0
      vertex 0.74078 0.0913439 0
    endloop
  endfacet
  facet normal 0 0 -1
    outer loop
      vertex 1.94541 29.8546 0
      vertex 1.04337 31.7897 0
      vertex 1.2 31.8 0
    endloop
  endfacet
  facet normal 0 0 -1
    outer loop
      vertex 0 1.2 0
      vertex 0.74078 0.0913439 0
      vertex 0.599999 0.160769 0
    endloop
  endfacet
  facet normal 0 0 -1
    outer loop
      vertex 1.94541 29.8546 0
      vertex 0.889417 31.7591 0
      vertex 1.04337 31.7897 0
    endloop
  endfacet
  facet normal 0 0 -1
    outer loop
      vertex 0 1.2 0
      vertex 0.599999 0.160769 0
      vertex 0.469486 0.247975 0
    endloop
  endfacet
  facet normal 0 0 -1
    outer loop
      vertex 1.94541 29.8546 0
      vertex 0.74078 31.7087 0
      vertex 0.889417 31.7591 0
    endloop
  endfacet
  facet normal 0 0 -1
    outer loop
      vertex 0 1.2 0
      vertex 0.469486 0.247975 0
      vertex 0.351471 0.351471 0
    endloop
  endfacet
  facet normal 0 0 -1
    outer loop
      vertex 1.94541 29.8546 0
      vertex 0.599999 31.6392 0
      vertex 0.74078 31.7087 0
    endloop
  endfacet
  facet normal 0 0 -1
    outer loop
      vertex 0 1.2 0
      vertex 0.351471 0.351471 0
      vertex 0.247975 0.469486 0
    endloop
  endfacet
  facet normal 0 0 -1
    outer loop
      vertex 1.94541 29.8546 0
      vertex 0.469486 31.552 0
      vertex 0.599999 31.6392 0
    endloop
  endfacet
  facet normal 0 0 -1
    outer loop
      vertex 0 1.2 0
      vertex 0.247975 0.469486 0
      vertex 0.160769 0.599999 0
    endloop
  endfacet
  facet normal 0 0 -1
    outer loop
      vertex 1.94541 29.8546 0
      vertex 0.351471 31.4485 0
      vertex 0.469486 31.552 0
    endloop
  endfacet
  facet normal 0 0 -1
    outer loop
      vertex 0 1.2 0
      vertex 0.160769 0.599999 0
      vertex 0.0913439 0.74078 0
    endloop
  endfacet
  facet normal 0 0 -1
    outer loop
      vertex 1.94541 29.8546 0
      vertex 0.247975 31.3305 0
      vertex 0.351471 31.4485 0
    endloop
  endfacet
  facet normal 0 0 -1
    outer loop
      vertex 0 1.2 0
      vertex 0.0913439 0.74078 0
      vertex 0.0408888 0.889417 0
    endloop
  endfacet
  facet normal 0 0 -1
    outer loop
      vertex 1.94541 29.8546 0
      vertex 0.160769 31.2 0
      vertex 0.247975 31.3305 0
    endloop
  endfacet
  facet normal 0 0 -1
    outer loop
      vertex 0 1.2 0
      vertex 0.0408888 0.889417 0
      vertex 0.0102654 1.04337 0
    endloop
  endfacet
  facet normal 0 0 -1
    outer loop
      vertex 1.94541 29.8546 0
      vertex 0.0913439 31.0592 0
      vertex 0.160769 31.2 0
    endloop
  endfacet
  facet normal 0 0 -1
    outer loop
      vertex 1.94541 29.8546 0
      vertex 0.0408888 30.9106 0
      vertex 0.0913439 31.0592 0
    endloop
  endfacet
  facet normal 0 0 -1
    outer loop
      vertex 0.0408888 30.9106 0
      vertex 0 30.6 0
      vertex 0.0102654 30.7566 0
    endloop
  endfacet
  facet normal 0.659392 -0.751799 0
    outer loop
      vertex 39.3305 0.247975 0
      vertex 39.4485 0.351471 8
      vertex 39.3305 0.247975 8
    endloop
  endfacet
  facet normal 0.659392 -0.751799 0
    outer loop
      vertex 39.4485 0.351471 8
      vertex 39.3305 0.247975 0
      vertex 39.4485 0.351471 0
    endloop
  endfacet
  facet normal 0 1 -0
    outer loop
      vertex 38.6 31.8 0
      vertex 1.2 31.8 8
      vertex 38.6 31.8 8
    endloop
  endfacet
  facet normal 0 1 0
    outer loop
      vertex 1.2 31.8 8
      vertex 38.6 31.8 0
      vertex 1.2 31.8 0
    endloop
  endfacet
  facet normal 0.896708 0.442622 0
    outer loop
      vertex 39.7087 31.0592 8
      vertex 39.6392 31.2 0
      vertex 39.6392 31.2 8
    endloop
  endfacet
  facet normal 0.896708 0.442622 0
    outer loop
      vertex 39.6392 31.2 0
      vertex 39.7087 31.0592 8
      vertex 39.7087 31.0592 0
    endloop
  endfacet
  facet normal 0.321194 0.947013 -0
    outer loop
      vertex 39.0592 31.7087 0
      vertex 38.9106 31.7591 8
      vertex 39.0592 31.7087 8
    endloop
  endfacet
  facet normal 0.321194 0.947013 0
    outer loop
      vertex 38.9106 31.7591 8
      vertex 39.0592 31.7087 0
      vertex 38.9106 31.7591 0
    endloop
  endfacet
  facet normal 0.997845 -0.0656183 0
    outer loop
      vertex 39.7897 1.04337 8
      vertex 39.8 1.2 0
      vertex 39.8 1.2 8
    endloop
  endfacet
  facet normal 0.997845 -0.0656183 0
    outer loop
      vertex 39.8 1.2 0
      vertex 39.7897 1.04337 8
      vertex 39.7897 1.04337 0
    endloop
  endfacet
  facet normal -0.442287 -0.896874 0
    outer loop
      vertex 0.599999 0.160769 0
      vertex 0.74078 0.0913439 8
      vertex 0.599999 0.160769 8
    endloop
  endfacet
  facet normal -0.442287 -0.896874 -0
    outer loop
      vertex 0.74078 0.0913439 8
      vertex 0.599999 0.160769 0
      vertex 0.74078 0.0913439 0
    endloop
  endfacet
  facet normal 0.442622 0.896708 -0
    outer loop
      vertex 39.2 31.6392 0
      vertex 39.0592 31.7087 8
      vertex 39.2 31.6392 8
    endloop
  endfacet
  facet normal 0.442622 0.896708 0
    outer loop
      vertex 39.0592 31.7087 8
      vertex 39.2 31.6392 0
      vertex 39.0592 31.7087 0
    endloop
  endfacet
  facet normal -0.751799 0.659392 0
    outer loop
      vertex 0.247975 31.3305 0
      vertex 0.351471 31.4485 8
      vertex 0.351471 31.4485 0
    endloop
  endfacet
  facet normal -0.751799 0.659392 0
    outer loop
      vertex 0.351471 31.4485 8
      vertex 0.247975 31.3305 0
      vertex 0.247975 31.3305 8
    endloop
  endfacet
  facet normal 0.194891 0.980825 -0
    outer loop
      vertex 38.9106 31.7591 0
      vertex 38.7566 31.7897 8
      vertex 38.9106 31.7591 8
    endloop
  endfacet
  facet normal 0.194891 0.980825 0
    outer loop
      vertex 38.7566 31.7897 8
      vertex 38.9106 31.7591 0
      vertex 38.7566 31.7897 0
    endloop
  endfacet
  facet normal -0.997858 0.0654113 0
    outer loop
      vertex 0 30.6 0
      vertex 0.0102654 30.7566 8
      vertex 0.0102654 30.7566 0
    endloop
  endfacet
  facet normal -0.997858 0.0654113 0
    outer loop
      vertex 0.0102654 30.7566 8
      vertex 0 30.6 0
      vertex 0 30.6 8
    endloop
  endfacet
  facet normal -0.831444 0.555608 0
    outer loop
      vertex 0.160769 31.2 0
      vertex 0.247975 31.3305 8
      vertex 0.247975 31.3305 0
    endloop
  endfacet
  facet normal -0.831444 0.555608 0
    outer loop
      vertex 0.247975 31.3305 8
      vertex 0.160769 31.2 0
      vertex 0.160769 31.2 8
    endloop
  endfacet
  facet normal 0.947038 -0.321123 0
    outer loop
      vertex 39.7087 0.74078 8
      vertex 39.7591 0.889417 0
      vertex 39.7591 0.889417 8
    endloop
  endfacet
  facet normal 0.947038 -0.321123 0
    outer loop
      vertex 39.7591 0.889417 0
      vertex 39.7087 0.74078 8
      vertex 39.7087 0.74078 0
    endloop
  endfacet
  facet normal 0.0656309 0.997844 -0
    outer loop
      vertex 38.7566 31.7897 0
      vertex 38.6 31.8 8
      vertex 38.7566 31.7897 8
    endloop
  endfacet
  facet normal 0.0656309 0.997844 0
    outer loop
      vertex 38.6 31.8 8
      vertex 38.7566 31.7897 0
      vertex 38.6 31.8 0
    endloop
  endfacet
  facet normal -0.194948 0.980813 0
    outer loop
      vertex 1.04337 31.7897 0
      vertex 0.889417 31.7591 8
      vertex 1.04337 31.7897 8
    endloop
  endfacet
  facet normal -0.194948 0.980813 0
    outer loop
      vertex 0.889417 31.7591 8
      vertex 1.04337 31.7897 0
      vertex 0.889417 31.7591 0
    endloop
  endfacet
  facet normal 0.896684 -0.44267 0
    outer loop
      vertex 39.6392 0.599999 8
      vertex 39.7087 0.74078 0
      vertex 39.7087 0.74078 8
    endloop
  endfacet
  facet normal 0.896684 -0.44267 0
    outer loop
      vertex 39.7087 0.74078 0
      vertex 39.6392 0.599999 8
      vertex 39.6392 0.599999 0
    endloop
  endfacet
  facet normal 0.321509 -0.946906 0
    outer loop
      vertex 38.9106 0.0408888 0
      vertex 39.0592 0.0913439 8
      vertex 38.9106 0.0408888 8
    endloop
  endfacet
  facet normal 0.321509 -0.946906 0
    outer loop
      vertex 39.0592 0.0913439 8
      vertex 38.9106 0.0408888 0
      vertex 39.0592 0.0913439 0
    endloop
  endfacet
  facet normal 0.980825 0.194891 0
    outer loop
      vertex 39.7897 30.7566 8
      vertex 39.7591 30.9106 0
      vertex 39.7591 30.9106 8
    endloop
  endfacet
  facet normal 0.980825 0.194891 0
    outer loop
      vertex 39.7591 30.9106 0
      vertex 39.7897 30.7566 8
      vertex 39.7897 30.7566 0
    endloop
  endfacet
  facet normal 0.751787 0.659406 0
    outer loop
      vertex 39.552 31.3305 8
      vertex 39.4485 31.4485 0
      vertex 39.4485 31.4485 8
    endloop
  endfacet
  facet normal 0.751787 0.659406 0
    outer loop
      vertex 39.4485 31.4485 0
      vertex 39.552 31.3305 8
      vertex 39.552 31.3305 0
    endloop
  endfacet
  facet normal -0.44267 0.896684 0
    outer loop
      vertex 0.74078 31.7087 0
      vertex 0.599999 31.6392 8
      vertex 0.74078 31.7087 8
    endloop
  endfacet
  facet normal -0.44267 0.896684 0
    outer loop
      vertex 0.599999 31.6392 8
      vertex 0.74078 31.7087 0
      vertex 0.599999 31.6392 0
    endloop
  endfacet
  facet normal 0.997844 0.0656309 0
    outer loop
      vertex 39.8 30.6 8
      vertex 39.7897 30.7566 0
      vertex 39.7897 30.7566 8
    endloop
  endfacet
  facet normal 0.997844 0.0656309 0
    outer loop
      vertex 39.7897 30.7566 0
      vertex 39.8 30.6 8
      vertex 39.8 30.6 0
    endloop
  endfacet
  facet normal 0.831487 -0.555544 0
    outer loop
      vertex 39.552 0.469486 8
      vertex 39.6392 0.599999 0
      vertex 39.6392 0.599999 8
    endloop
  endfacet
  facet normal 0.831487 -0.555544 0
    outer loop
      vertex 39.6392 0.599999 0
      vertex 39.552 0.469486 8
      vertex 39.552 0.469486 0
    endloop
  endfacet
  facet normal 0.751828 -0.659359 0
    outer loop
      vertex 39.4485 0.351471 8
      vertex 39.552 0.469486 0
      vertex 39.552 0.469486 8
    endloop
  endfacet
  facet normal 0.751828 -0.659359 0
    outer loop
      vertex 39.552 0.469486 0
      vertex 39.4485 0.351471 8
      vertex 39.4485 0.351471 0
    endloop
  endfacet
  facet normal 0.442239 -0.896897 0
    outer loop
      vertex 39.0592 0.0913439 0
      vertex 39.2 0.160769 8
      vertex 39.0592 0.0913439 8
    endloop
  endfacet
  facet normal 0.442239 -0.896897 0
    outer loop
      vertex 39.2 0.160769 8
      vertex 39.0592 0.0913439 0
      vertex 39.2 0.160769 0
    endloop
  endfacet
  facet normal 0.659406 0.751787 -0
    outer loop
      vertex 39.4485 31.4485 0
      vertex 39.3305 31.552 8
      vertex 39.4485 31.4485 8
    endloop
  endfacet
  facet normal 0.659406 0.751787 0
    outer loop
      vertex 39.3305 31.552 8
      vertex 39.4485 31.4485 0
      vertex 39.3305 31.552 0
    endloop
  endfacet
  facet normal -0.321444 0.946929 0
    outer loop
      vertex 26.9615 8.50896 7.6
      vertex 25.9706 8.17259 8
      vertex 26.9615 8.50896 8
    endloop
  endfacet
  facet normal -0.321444 0.946929 0
    outer loop
      vertex 25.9706 8.17259 8
      vertex 26.9615 8.50896 7.6
      vertex 25.9706 8.17259 7.6
    endloop
  endfacet
  facet normal -0.83147 -0.55557 0
    outer loop
      vertex 30.8213 19.9103 7.6
      vertex 30.2468 20.7701 8
      vertex 30.2468 20.7701 7.6
    endloop
  endfacet
  facet normal -0.83147 -0.55557 0
    outer loop
      vertex 30.2468 20.7701 8
      vertex 30.8213 19.9103 7.6
      vertex 30.8213 19.9103 8
    endloop
  endfacet
  facet normal 0.896879 -0.442276 0
    outer loop
      vertex 16.509 18.9615 8
      vertex 16.9718 19.9 7.6
      vertex 16.9718 19.9 8
    endloop
  endfacet
  facet normal 0.896879 -0.442276 0
    outer loop
      vertex 16.9718 19.9 7.6
      vertex 16.509 18.9615 8
      vertex 16.509 18.9615 7.6
    endloop
  endfacet
  facet normal 0.555582 -0.831462 0
    outer loop
      vertex 19.0299 22.2468 7.6
      vertex 19.9 22.8282 8
      vertex 19.0299 22.2468 8
    endloop
  endfacet
  facet normal 0.555582 -0.831462 0
    outer loop
      vertex 19.9 22.8282 8
      vertex 19.0299 22.2468 7.6
      vertex 19.9 22.8282 7.6
    endloop
  endfacet
  facet normal 0.659289 -0.75189 0
    outer loop
      vertex 18.2431 21.5569 7.6
      vertex 19.0299 22.2468 8
      vertex 18.2431 21.5569 8
    endloop
  endfacet
  facet normal 0.659289 -0.75189 0
    outer loop
      vertex 19.0299 22.2468 8
      vertex 18.2431 21.5569 7.6
      vertex 19.0299 22.2468 7.6
    endloop
  endfacet
  facet normal 0.75189 -0.659289 0
    outer loop
      vertex 17.5532 20.7701 8
      vertex 18.2431 21.5569 7.6
      vertex 18.2431 21.5569 8
    endloop
  endfacet
  facet normal 0.75189 -0.659289 0
    outer loop
      vertex 18.2431 21.5569 7.6
      vertex 17.5532 20.7701 8
      vertex 17.5532 20.7701 7.6
    endloop
  endfacet
  facet normal 0.997861 -0.0653646 0
    outer loop
      vertex 15.9 15.9 8
      vertex 15.9684 16.9442 7.6
      vertex 15.9684 16.9442 8
    endloop
  endfacet
  facet normal 0.997861 -0.0653646 0
    outer loop
      vertex 15.9684 16.9442 7.6
      vertex 15.9 15.9 8
      vertex 15.9 15.9 7.6
    endloop
  endfacet
  facet normal -0.555582 -0.831462 0
    outer loop
      vertex 27.9 22.8282 7.6
      vertex 28.7701 22.2468 8
      vertex 27.9 22.8282 8
    endloop
  endfacet
  facet normal -0.555582 -0.831462 -0
    outer loop
      vertex 28.7701 22.2468 8
      vertex 27.9 22.8282 7.6
      vertex 28.7701 22.2468 7.6
    endloop
  endfacet
  facet normal 0.321444 0.946929 -0
    outer loop
      vertex 21.8294 8.17259 7.6
      vertex 20.8385 8.50896 8
      vertex 21.8294 8.17259 8
    endloop
  endfacet
  facet normal 0.321444 0.946929 0
    outer loop
      vertex 20.8385 8.50896 8
      vertex 21.8294 8.17259 7.6
      vertex 20.8385 8.50896 7.6
    endloop
  endfacet
  facet normal -0.195078 0.980788 0
    outer loop
      vertex 25.9706 8.17259 7.6
      vertex 24.9442 7.96844 8
      vertex 25.9706 8.17259 8
    endloop
  endfacet
  facet normal -0.195078 0.980788 0
    outer loop
      vertex 24.9442 7.96844 8
      vertex 25.9706 8.17259 7.6
      vertex 24.9442 7.96844 7.6
    endloop
  endfacet
  facet normal 0.321469 -0.94692 0
    outer loop
      vertex 20.8385 23.291 7.6
      vertex 21.8294 23.6274 8
      vertex 20.8385 23.291 8
    endloop
  endfacet
  facet normal 0.321469 -0.94692 0
    outer loop
      vertex 21.8294 23.6274 8
      vertex 20.8385 23.291 7.6
      vertex 21.8294 23.6274 7.6
    endloop
  endfacet
  facet normal 0.831462 0.555582 0
    outer loop
      vertex 17.5532 11.0299 8
      vertex 16.9718 11.9 7.6
      vertex 16.9718 11.9 8
    endloop
  endfacet
  facet normal 0.831462 0.555582 0
    outer loop
      vertex 16.9718 11.9 7.6
      vertex 17.5532 11.0299 8
      vertex 17.5532 11.0299 7.6
    endloop
  endfacet
  facet normal -0.555562 0.831475 0
    outer loop
      vertex 28.7701 9.55317 7.6
      vertex 27.9 8.9718 8
      vertex 28.7701 9.55317 8
    endloop
  endfacet
  facet normal -0.555562 0.831475 0
    outer loop
      vertex 27.9 8.9718 8
      vertex 28.7701 9.55317 7.6
      vertex 27.9 8.9718 7.6
    endloop
  endfacet
  facet normal 0.94692 -0.321469 0
    outer loop
      vertex 16.1726 17.9706 8
      vertex 16.509 18.9615 7.6
      vertex 16.509 18.9615 8
    endloop
  endfacet
  facet normal 0.94692 -0.321469 0
    outer loop
      vertex 16.509 18.9615 7.6
      vertex 16.1726 17.9706 8
      vertex 16.1726 17.9706 7.6
    endloop
  endfacet
  facet normal -0.321469 -0.94692 0
    outer loop
      vertex 25.9706 23.6274 7.6
      vertex 26.9615 23.291 8
      vertex 25.9706 23.6274 8
    endloop
  endfacet
  facet normal -0.321469 -0.94692 -0
    outer loop
      vertex 26.9615 23.291 8
      vertex 25.9706 23.6274 7.6
      vertex 26.9615 23.291 7.6
    endloop
  endfacet
  facet normal -0.0653646 -0.997861 0
    outer loop
      vertex 23.9 23.9 7.6
      vertex 24.9442 23.8316 8
      vertex 23.9 23.9 8
    endloop
  endfacet
  facet normal -0.0653646 -0.997861 -0
    outer loop
      vertex 24.9442 23.8316 8
      vertex 23.9 23.9 7.6
      vertex 24.9442 23.8316 7.6
    endloop
  endfacet
  facet normal 0.442276 -0.896879 0
    outer loop
      vertex 19.9 22.8282 7.6
      vertex 20.8385 23.291 8
      vertex 19.9 22.8282 8
    endloop
  endfacet
  facet normal 0.442276 -0.896879 0
    outer loop
      vertex 20.8385 23.291 8
      vertex 19.9 22.8282 7.6
      vertex 20.8385 23.291 7.6
    endloop
  endfacet
  facet normal -0.83147 0.55557 0
    outer loop
      vertex 30.2468 11.0299 7.6
      vertex 30.8213 11.8897 8
      vertex 30.8213 11.8897 7.6
    endloop
  endfacet
  facet normal -0.83147 0.55557 0
    outer loop
      vertex 30.8213 11.8897 8
      vertex 30.2468 11.0299 7.6
      vertex 30.2468 11.0299 8
    endloop
  endfacet
  facet normal 0.997861 0.0653646 0
    outer loop
      vertex 15.9684 14.8558 8
      vertex 15.9 15.9 7.6
      vertex 15.9 15.9 8
    endloop
  endfacet
  facet normal 0.997861 0.0653646 0
    outer loop
      vertex 15.9 15.9 7.6
      vertex 15.9684 14.8558 8
      vertex 15.9684 14.8558 7.6
    endloop
  endfacet
  facet normal 0.94692 0.321469 0
    outer loop
      vertex 16.509 12.8385 8
      vertex 16.1726 13.8294 7.6
      vertex 16.1726 13.8294 8
    endloop
  endfacet
  facet normal 0.94692 0.321469 0
    outer loop
      vertex 16.1726 13.8294 7.6
      vertex 16.509 12.8385 8
      vertex 16.509 12.8385 7.6
    endloop
  endfacet
  facet normal 0.659305 0.751875 -0
    outer loop
      vertex 19.0299 9.55317 7.6
      vertex 18.2431 10.2431 8
      vertex 19.0299 9.55317 8
    endloop
  endfacet
  facet normal 0.659305 0.751875 0
    outer loop
      vertex 18.2431 10.2431 8
      vertex 19.0299 9.55317 7.6
      vertex 18.2431 10.2431 7.6
    endloop
  endfacet
  facet normal -0.442276 -0.896879 0
    outer loop
      vertex 26.9615 23.291 7.6
      vertex 27.9 22.8282 8
      vertex 26.9615 23.291 8
    endloop
  endfacet
  facet normal -0.442276 -0.896879 -0
    outer loop
      vertex 27.9 22.8282 8
      vertex 26.9615 23.291 7.6
      vertex 27.9 22.8282 7.6
    endloop
  endfacet
  facet normal 0.195124 -0.980779 0
    outer loop
      vertex 21.8294 23.6274 7.6
      vertex 22.8558 23.8316 8
      vertex 21.8294 23.6274 8
    endloop
  endfacet
  facet normal 0.195124 -0.980779 0
    outer loop
      vertex 22.8558 23.8316 8
      vertex 21.8294 23.6274 7.6
      vertex 22.8558 23.8316 7.6
    endloop
  endfacet
  facet normal -0.75189 -0.659289 0
    outer loop
      vertex 30.2468 20.7701 7.6
      vertex 29.5569 21.5569 8
      vertex 29.5569 21.5569 7.6
    endloop
  endfacet
  facet normal -0.75189 -0.659289 0
    outer loop
      vertex 29.5569 21.5569 8
      vertex 30.2468 20.7701 7.6
      vertex 30.2468 20.7701 8
    endloop
  endfacet
  facet normal -0.195124 -0.980779 0
    outer loop
      vertex 24.9442 23.8316 7.6
      vertex 25.9706 23.6274 8
      vertex 24.9442 23.8316 8
    endloop
  endfacet
  facet normal -0.195124 -0.980779 -0
    outer loop
      vertex 25.9706 23.6274 8
      vertex 24.9442 23.8316 7.6
      vertex 25.9706 23.6274 7.6
    endloop
  endfacet
  facet normal -0.75189 0.659289 0
    outer loop
      vertex 29.5569 10.2431 7.6
      vertex 30.2468 11.0299 8
      vertex 30.2468 11.0299 7.6
    endloop
  endfacet
  facet normal -0.75189 0.659289 0
    outer loop
      vertex 30.2468 11.0299 8
      vertex 29.5569 10.2431 7.6
      vertex 29.5569 10.2431 8
    endloop
  endfacet
  facet normal 0.442306 0.896864 -0
    outer loop
      vertex 20.8385 8.50896 7.6
      vertex 19.9 8.9718 8
      vertex 20.8385 8.50896 8
    endloop
  endfacet
  facet normal 0.442306 0.896864 0
    outer loop
      vertex 19.9 8.9718 8
      vertex 20.8385 8.50896 7.6
      vertex 19.9 8.9718 7.6
    endloop
  endfacet
  facet normal 0.0653646 -0.997861 0
    outer loop
      vertex 22.8558 23.8316 7.6
      vertex 23.9 23.9 8
      vertex 22.8558 23.8316 8
    endloop
  endfacet
  facet normal 0.0653646 -0.997861 0
    outer loop
      vertex 23.9 23.9 8
      vertex 22.8558 23.8316 7.6
      vertex 23.9 23.9 7.6
    endloop
  endfacet
  facet normal 0.980779 -0.195124 0
    outer loop
      vertex 15.9684 16.9442 8
      vertex 16.1726 17.9706 7.6
      vertex 16.1726 17.9706 8
    endloop
  endfacet
  facet normal 0.980779 -0.195124 0
    outer loop
      vertex 16.1726 17.9706 7.6
      vertex 15.9684 16.9442 8
      vertex 15.9684 16.9442 7.6
    endloop
  endfacet
  facet normal -0.0654027 0.997859 0
    outer loop
      vertex 24.9442 7.96844 7.6
      vertex 23.9 7.9 8
      vertex 24.9442 7.96844 8
    endloop
  endfacet
  facet normal -0.0654027 0.997859 0
    outer loop
      vertex 23.9 7.9 8
      vertex 24.9442 7.96844 7.6
      vertex 23.9 7.9 7.6
    endloop
  endfacet
  facet normal -0.442306 0.896864 0
    outer loop
      vertex 27.9 8.9718 7.6
      vertex 26.9615 8.50896 8
      vertex 27.9 8.9718 8
    endloop
  endfacet
  facet normal -0.442306 0.896864 0
    outer loop
      vertex 26.9615 8.50896 8
      vertex 27.9 8.9718 7.6
      vertex 26.9615 8.50896 7.6
    endloop
  endfacet
  facet normal -0.659305 0.751875 0
    outer loop
      vertex 29.5569 10.2431 7.6
      vertex 28.7701 9.55317 8
      vertex 29.5569 10.2431 8
    endloop
  endfacet
  facet normal -0.659305 0.751875 0
    outer loop
      vertex 28.7701 9.55317 8
      vertex 29.5569 10.2431 7.6
      vertex 28.7701 9.55317 7.6
    endloop
  endfacet
  facet normal 0.896879 0.442276 0
    outer loop
      vertex 16.9718 11.9 8
      vertex 16.509 12.8385 7.6
      vertex 16.509 12.8385 8
    endloop
  endfacet
  facet normal 0.896879 0.442276 0
    outer loop
      vertex 16.509 12.8385 7.6
      vertex 16.9718 11.9 8
      vertex 16.9718 11.9 7.6
    endloop
  endfacet
  facet normal -0.659289 -0.75189 0
    outer loop
      vertex 28.7701 22.2468 7.6
      vertex 29.5569 21.5569 8
      vertex 28.7701 22.2468 8
    endloop
  endfacet
  facet normal -0.659289 -0.75189 -0
    outer loop
      vertex 29.5569 21.5569 8
      vertex 28.7701 22.2468 7.6
      vertex 29.5569 21.5569 7.6
    endloop
  endfacet
  facet normal 0.555562 0.831475 -0
    outer loop
      vertex 19.9 8.9718 7.6
      vertex 19.0299 9.55317 8
      vertex 19.9 8.9718 8
    endloop
  endfacet
  facet normal 0.555562 0.831475 0
    outer loop
      vertex 19.0299 9.55317 8
      vertex 19.9 8.9718 7.6
      vertex 19.0299 9.55317 7.6
    endloop
  endfacet
  facet normal 0 0 1
    outer loop
      vertex 30.2468 20.7701 7.6
      vertex 30.8059 19.9 7.6
      vertex 30.8213 19.9103 7.6
    endloop
  endfacet
  facet normal 0 0 1
    outer loop
      vertex 25.1546 19.9 7.6
      vertex 30.2468 20.7701 7.6
      vertex 29.5569 21.5569 7.6
    endloop
  endfacet
  facet normal 0 0 1
    outer loop
      vertex 25.1546 19.9 7.6
      vertex 29.5569 21.5569 7.6
      vertex 28.7701 22.2468 7.6
    endloop
  endfacet
  facet normal 0 0 1
    outer loop
      vertex 25.1546 19.9 7.6
      vertex 28.7701 22.2468 7.6
      vertex 27.9 22.8282 7.6
    endloop
  endfacet
  facet normal 0 0 1
    outer loop
      vertex 25.1546 19.9 7.6
      vertex 27.9 22.8282 7.6
      vertex 26.9615 23.291 7.6
    endloop
  endfacet
  facet normal 0 0 1
    outer loop
      vertex 25.1546 19.9 7.6
      vertex 26.9615 23.291 7.6
      vertex 25.9706 23.6274 7.6
    endloop
  endfacet
  facet normal 0 0 1
    outer loop
      vertex 30.2468 20.7701 7.6
      vertex 25.1546 19.9 7.6
      vertex 30.8059 19.9 7.6
    endloop
  endfacet
  facet normal 0 0 1
    outer loop
      vertex 25.9706 23.6274 7.6
      vertex 24.987 19.9569 7.6
      vertex 25.1546 19.9 7.6
    endloop
  endfacet
  facet normal 0 0 1
    outer loop
      vertex 24.9442 23.8316 7.6
      vertex 24.987 19.9569 7.6
      vertex 25.9706 23.6274 7.6
    endloop
  endfacet
  facet normal 0 0 1
    outer loop
      vertex 24.9442 23.8316 7.6
      vertex 24.4482 20.0641 7.6
      vertex 24.987 19.9569 7.6
    endloop
  endfacet
  facet normal 0 0 1
    outer loop
      vertex 23.9 23.9 7.6
      vertex 24.4482 20.0641 7.6
      vertex 24.9442 23.8316 7.6
    endloop
  endfacet
  facet normal 0 0 1
    outer loop
      vertex 23.9 23.9 7.6
      vertex 23.9 20.1 7.6
      vertex 24.4482 20.0641 7.6
    endloop
  endfacet
  facet normal 0 0 1
    outer loop
      vertex 23.9 23.9 7.6
      vertex 23.3518 20.0641 7.6
      vertex 23.9 20.1 7.6
    endloop
  endfacet
  facet normal -0 0 1
    outer loop
      vertex 22.8558 23.8316 7.6
      vertex 23.3518 20.0641 7.6
      vertex 23.9 23.9 7.6
    endloop
  endfacet
  facet normal 0 0 1
    outer loop
      vertex 22.8558 23.8316 7.6
      vertex 22.813 19.9569 7.6
      vertex 23.3518 20.0641 7.6
    endloop
  endfacet
  facet normal -0 0 1
    outer loop
      vertex 21.8294 23.6274 7.6
      vertex 22.813 19.9569 7.6
      vertex 22.8558 23.8316 7.6
    endloop
  endfacet
  facet normal 0 0 1
    outer loop
      vertex 22.813 19.9569 7.6
      vertex 21.8294 23.6274 7.6
      vertex 22.2927 19.7803 7.6
    endloop
  endfacet
  facet normal -0 0 1
    outer loop
      vertex 20.8385 23.291 7.6
      vertex 22.2927 19.7803 7.6
      vertex 21.8294 23.6274 7.6
    endloop
  endfacet
  facet normal 0 0 1
    outer loop
      vertex 22.2927 19.7803 7.6
      vertex 20.8385 23.291 7.6
      vertex 21.8 19.5373 7.6
    endloop
  endfacet
  facet normal -0 0 1
    outer loop
      vertex 19.9 22.8282 7.6
      vertex 21.8 19.5373 7.6
      vertex 20.8385 23.291 7.6
    endloop
  endfacet
  facet normal 0 0 1
    outer loop
      vertex 21.8 19.5373 7.6
      vertex 19.9 22.8282 7.6
      vertex 21.3432 19.2321 7.6
    endloop
  endfacet
  facet normal -0 0 1
    outer loop
      vertex 19.0299 22.2468 7.6
      vertex 21.3432 19.2321 7.6
      vertex 19.9 22.8282 7.6
    endloop
  endfacet
  facet normal 0 0 1
    outer loop
      vertex 21.3432 19.2321 7.6
      vertex 19.0299 22.2468 7.6
      vertex 20.9302 18.8698 7.6
    endloop
  endfacet
  facet normal -0 0 1
    outer loop
      vertex 18.2431 21.5569 7.6
      vertex 20.9302 18.8698 7.6
      vertex 19.0299 22.2468 7.6
    endloop
  endfacet
  facet normal 0 0 1
    outer loop
      vertex 20.9302 18.8698 7.6
      vertex 18.2431 21.5569 7.6
      vertex 20.5679 18.4568 7.6
    endloop
  endfacet
  facet normal -0 0 1
    outer loop
      vertex 17.5532 20.7701 7.6
      vertex 20.5679 18.4568 7.6
      vertex 18.2431 21.5569 7.6
    endloop
  endfacet
  facet normal 0 0 1
    outer loop
      vertex 20.5679 18.4568 7.6
      vertex 17.5532 20.7701 7.6
      vertex 20.2627 18 7.6
    endloop
  endfacet
  facet normal -0 0 1
    outer loop
      vertex 16.9718 19.9 7.6
      vertex 20.2627 18 7.6
      vertex 17.5532 20.7701 7.6
    endloop
  endfacet
  facet normal 0 0 1
    outer loop
      vertex 20.2627 18 7.6
      vertex 16.9718 19.9 7.6
      vertex 20.0197 17.5073 7.6
    endloop
  endfacet
  facet normal 0 0 1
    outer loop
      vertex 30.8059 11.9 7.6
      vertex 30.2468 11.0299 7.6
      vertex 30.8213 11.8897 7.6
    endloop
  endfacet
  facet normal -0 0 1
    outer loop
      vertex 25.1546 11.9 7.6
      vertex 30.2468 11.0299 7.6
      vertex 30.8059 11.9 7.6
    endloop
  endfacet
  facet normal 0 0 1
    outer loop
      vertex 30.2468 11.0299 7.6
      vertex 25.1546 11.9 7.6
      vertex 29.5569 10.2431 7.6
    endloop
  endfacet
  facet normal 0 0 1
    outer loop
      vertex 29.5569 10.2431 7.6
      vertex 25.1546 11.9 7.6
      vertex 28.7701 9.55317 7.6
    endloop
  endfacet
  facet normal 0 0 1
    outer loop
      vertex 28.7701 9.55317 7.6
      vertex 25.1546 11.9 7.6
      vertex 27.9 8.9718 7.6
    endloop
  endfacet
  facet normal 0 0 1
    outer loop
      vertex 27.9 8.9718 7.6
      vertex 25.1546 11.9 7.6
      vertex 26.9615 8.50896 7.6
    endloop
  endfacet
  facet normal 0 0 1
    outer loop
      vertex 26.9615 8.50896 7.6
      vertex 25.1546 11.9 7.6
      vertex 25.9706 8.17259 7.6
    endloop
  endfacet
  facet normal -0 0 1
    outer loop
      vertex 24.987 11.8431 7.6
      vertex 25.9706 8.17259 7.6
      vertex 25.1546 11.9 7.6
    endloop
  endfacet
  facet normal 0 0 1
    outer loop
      vertex 24.987 11.8431 7.6
      vertex 24.9442 7.96844 7.6
      vertex 25.9706 8.17259 7.6
    endloop
  endfacet
  facet normal -0 0 1
    outer loop
      vertex 24.4482 11.7359 7.6
      vertex 24.9442 7.96844 7.6
      vertex 24.987 11.8431 7.6
    endloop
  endfacet
  facet normal -0 0 1
    outer loop
      vertex 23.9 11.7 7.6
      vertex 24.9442 7.96844 7.6
      vertex 24.4482 11.7359 7.6
    endloop
  endfacet
  facet normal 0 0 1
    outer loop
      vertex 23.9 11.7 7.6
      vertex 23.9 7.9 7.6
      vertex 24.9442 7.96844 7.6
    endloop
  endfacet
  facet normal 0 0 1
    outer loop
      vertex 23.3518 11.7359 7.6
      vertex 23.9 7.9 7.6
      vertex 23.9 11.7 7.6
    endloop
  endfacet
  facet normal 0 0 1
    outer loop
      vertex 23.3518 11.7359 7.6
      vertex 22.8558 7.96844 7.6
      vertex 23.9 7.9 7.6
    endloop
  endfacet
  facet normal 0 0 1
    outer loop
      vertex 22.813 11.8431 7.6
      vertex 22.8558 7.96844 7.6
      vertex 23.3518 11.7359 7.6
    endloop
  endfacet
  facet normal 0 0 1
    outer loop
      vertex 21.8294 8.17259 7.6
      vertex 22.813 11.8431 7.6
      vertex 22.2927 12.0197 7.6
    endloop
  endfacet
  facet normal 0 0 1
    outer loop
      vertex 22.813 11.8431 7.6
      vertex 21.8294 8.17259 7.6
      vertex 22.8558 7.96844 7.6
    endloop
  endfacet
  facet normal 0 0 1
    outer loop
      vertex 20.8385 8.50896 7.6
      vertex 22.2927 12.0197 7.6
      vertex 21.8 12.2627 7.6
    endloop
  endfacet
  facet normal 0 0 1
    outer loop
      vertex 19.9 8.9718 7.6
      vertex 21.8 12.2627 7.6
      vertex 21.3432 12.5679 7.6
    endloop
  endfacet
  facet normal 0 0 1
    outer loop
      vertex 19.0299 9.55317 7.6
      vertex 21.3432 12.5679 7.6
      vertex 20.9302 12.9302 7.6
    endloop
  endfacet
  facet normal 0 0 1
    outer loop
      vertex 22.2927 12.0197 7.6
      vertex 20.8385 8.50896 7.6
      vertex 21.8294 8.17259 7.6
    endloop
  endfacet
  facet normal 0 0 1
    outer loop
      vertex 18.2431 10.2431 7.6
      vertex 20.9302 12.9302 7.6
      vertex 20.5679 13.3432 7.6
    endloop
  endfacet
  facet normal 0 0 1
    outer loop
      vertex 17.5532 11.0299 7.6
      vertex 20.5679 13.3432 7.6
      vertex 20.2627 13.8 7.6
    endloop
  endfacet
  facet normal 0 0 1
    outer loop
      vertex 16.9718 11.9 7.6
      vertex 20.2627 13.8 7.6
      vertex 20.0197 14.2927 7.6
    endloop
  endfacet
  facet normal 0 0 1
    outer loop
      vertex 21.8 12.2627 7.6
      vertex 19.9 8.9718 7.6
      vertex 20.8385 8.50896 7.6
    endloop
  endfacet
  facet normal 0 0 1
    outer loop
      vertex 16.509 12.8385 7.6
      vertex 20.0197 14.2927 7.6
      vertex 19.8431 14.813 7.6
    endloop
  endfacet
  facet normal 0 0 1
    outer loop
      vertex 16.1726 13.8294 7.6
      vertex 19.8431 14.813 7.6
      vertex 19.7359 15.3518 7.6
    endloop
  endfacet
  facet normal 0 0 1
    outer loop
      vertex 15.9684 14.8558 7.6
      vertex 19.7359 15.3518 7.6
      vertex 19.7 15.9 7.6
    endloop
  endfacet
  facet normal -0 0 1
    outer loop
      vertex 16.509 18.9615 7.6
      vertex 20.0197 17.5073 7.6
      vertex 16.9718 19.9 7.6
    endloop
  endfacet
  facet normal 0 0 1
    outer loop
      vertex 21.3432 12.5679 7.6
      vertex 19.0299 9.55317 7.6
      vertex 19.9 8.9718 7.6
    endloop
  endfacet
  facet normal 0 0 1
    outer loop
      vertex 20.0197 17.5073 7.6
      vertex 16.509 18.9615 7.6
      vertex 19.8431 16.987 7.6
    endloop
  endfacet
  facet normal 0 0 1
    outer loop
      vertex 20.9302 12.9302 7.6
      vertex 18.2431 10.2431 7.6
      vertex 19.0299 9.55317 7.6
    endloop
  endfacet
  facet normal -0 0 1
    outer loop
      vertex 16.1726 17.9706 7.6
      vertex 19.8431 16.987 7.6
      vertex 16.509 18.9615 7.6
    endloop
  endfacet
  facet normal 0 0 1
    outer loop
      vertex 20.5679 13.3432 7.6
      vertex 17.5532 11.0299 7.6
      vertex 18.2431 10.2431 7.6
    endloop
  endfacet
  facet normal 0 0 1
    outer loop
      vertex 19.8431 16.987 7.6
      vertex 16.1726 17.9706 7.6
      vertex 19.7359 16.4482 7.6
    endloop
  endfacet
  facet normal 0 0 1
    outer loop
      vertex 20.2627 13.8 7.6
      vertex 16.9718 11.9 7.6
      vertex 17.5532 11.0299 7.6
    endloop
  endfacet
  facet normal -0 0 1
    outer loop
      vertex 15.9684 16.9442 7.6
      vertex 19.7359 16.4482 7.6
      vertex 16.1726 17.9706 7.6
    endloop
  endfacet
  facet normal 0 0 1
    outer loop
      vertex 20.0197 14.2927 7.6
      vertex 16.509 12.8385 7.6
      vertex 16.9718 11.9 7.6
    endloop
  endfacet
  facet normal 0 0 1
    outer loop
      vertex 19.7359 16.4482 7.6
      vertex 15.9684 16.9442 7.6
      vertex 19.7 15.9 7.6
    endloop
  endfacet
  facet normal 0 0 1
    outer loop
      vertex 19.8431 14.813 7.6
      vertex 16.1726 13.8294 7.6
      vertex 16.509 12.8385 7.6
    endloop
  endfacet
  facet normal 0 0 1
    outer loop
      vertex 15.9 15.9 7.6
      vertex 19.7 15.9 7.6
      vertex 15.9684 16.9442 7.6
    endloop
  endfacet
  facet normal 0 0 1
    outer loop
      vertex 19.7359 15.3518 7.6
      vertex 15.9684 14.8558 7.6
      vertex 16.1726 13.8294 7.6
    endloop
  endfacet
  facet normal 0 0 1
    outer loop
      vertex 19.7 15.9 7.6
      vertex 15.9 15.9 7.6
      vertex 15.9684 14.8558 7.6
    endloop
  endfacet
  facet normal 0.980779 0.195124 0
    outer loop
      vertex 16.1726 13.8294 8
      vertex 15.9684 14.8558 7.6
      vertex 15.9684 14.8558 8
    endloop
  endfacet
  facet normal 0.980779 0.195124 0
    outer loop
      vertex 15.9684 14.8558 7.6
      vertex 16.1726 13.8294 8
      vertex 16.1726 13.8294 7.6
    endloop
  endfacet
  facet normal 0.75189 0.659289 0
    outer loop
      vertex 18.2431 10.2431 8
      vertex 17.5532 11.0299 7.6
      vertex 17.5532 11.0299 8
    endloop
  endfacet
  facet normal 0.75189 0.659289 0
    outer loop
      vertex 17.5532 11.0299 7.6
      vertex 18.2431 10.2431 8
      vertex 18.2431 10.2431 7.6
    endloop
  endfacet
  facet normal 0.195078 0.980788 -0
    outer loop
      vertex 22.8558 7.96844 7.6
      vertex 21.8294 8.17259 8
      vertex 22.8558 7.96844 8
    endloop
  endfacet
  facet normal 0.195078 0.980788 0
    outer loop
      vertex 21.8294 8.17259 8
      vertex 22.8558 7.96844 7.6
      vertex 21.8294 8.17259 7.6
    endloop
  endfacet
  facet normal 0.831462 -0.555582 0
    outer loop
      vertex 16.9718 19.9 8
      vertex 17.5532 20.7701 7.6
      vertex 17.5532 20.7701 8
    endloop
  endfacet
  facet normal 0.831462 -0.555582 0
    outer loop
      vertex 17.5532 20.7701 7.6
      vertex 16.9718 19.9 8
      vertex 16.9718 19.9 7.6
    endloop
  endfacet
  facet normal 0.0654027 0.997859 -0
    outer loop
      vertex 23.9 7.9 7.6
      vertex 22.8558 7.96844 8
      vertex 23.9 7.9 8
    endloop
  endfacet
  facet normal 0.0654027 0.997859 0
    outer loop
      vertex 22.8558 7.96844 8
      vertex 23.9 7.9 7.6
      vertex 22.8558 7.96844 7.6
    endloop
  endfacet
  facet normal -0 0 1
    outer loop
      vertex 36.7941 19.9 7.4
      vertex 39.8 11.9 7.4
      vertex 39.8 19.9 7.4
    endloop
  endfacet
  facet normal 0 0 1
    outer loop
      vertex 36.7941 19.9 7.4
      vertex 36.7941 11.9 7.4
      vertex 39.8 11.9 7.4
    endloop
  endfacet
  facet normal 0 0 1
    outer loop
      vertex 36.3 20.2301 7.4
      vertex 36.7941 11.9 7.4
      vertex 36.7941 19.9 7.4
    endloop
  endfacet
  facet normal 0 0 1
    outer loop
      vertex 36.3 20.2301 7.4
      vertex 36.3 11.5699 7.4
      vertex 36.7941 11.9 7.4
    endloop
  endfacet
  facet normal 0 0 1
    outer loop
      vertex 35.7134 20.5194 7.4
      vertex 36.3 11.5699 7.4
      vertex 36.3 20.2301 7.4
    endloop
  endfacet
  facet normal 0 0 1
    outer loop
      vertex 35.7134 20.5194 7.4
      vertex 35.7134 11.2806 7.4
      vertex 36.3 11.5699 7.4
    endloop
  endfacet
  facet normal 0 0 1
    outer loop
      vertex 35.0941 20.7296 7.4
      vertex 35.7134 11.2806 7.4
      vertex 35.7134 20.5194 7.4
    endloop
  endfacet
  facet normal 0 0 1
    outer loop
      vertex 35.0941 20.7296 7.4
      vertex 35.0941 11.0704 7.4
      vertex 35.7134 11.2806 7.4
    endloop
  endfacet
  facet normal 0 0 1
    outer loop
      vertex 34.4526 20.8572 7.4
      vertex 35.0941 11.0704 7.4
      vertex 35.0941 20.7296 7.4
    endloop
  endfacet
  facet normal 0 0 1
    outer loop
      vertex 34.4526 20.8572 7.4
      vertex 34.4526 10.9428 7.4
      vertex 35.0941 11.0704 7.4
    endloop
  endfacet
  facet normal 0 0 1
    outer loop
      vertex 33.8 20.9 7.4
      vertex 34.4526 10.9428 7.4
      vertex 34.4526 20.8572 7.4
    endloop
  endfacet
  facet normal 0 0 1
    outer loop
      vertex 33.8 20.9 7.4
      vertex 33.8 10.9 7.4
      vertex 34.4526 10.9428 7.4
    endloop
  endfacet
  facet normal -0 0 1
    outer loop
      vertex 33.1474 20.8572 7.4
      vertex 33.8 10.9 7.4
      vertex 33.8 20.9 7.4
    endloop
  endfacet
  facet normal 0 0 1
    outer loop
      vertex 33.1474 20.8572 7.4
      vertex 33.1474 10.9428 7.4
      vertex 33.8 10.9 7.4
    endloop
  endfacet
  facet normal -0 0 1
    outer loop
      vertex 32.5059 20.7296 7.4
      vertex 33.1474 10.9428 7.4
      vertex 33.1474 20.8572 7.4
    endloop
  endfacet
  facet normal 0 0 1
    outer loop
      vertex 32.5059 20.7296 7.4
      vertex 32.5059 11.0704 7.4
      vertex 33.1474 10.9428 7.4
    endloop
  endfacet
  facet normal -0 0 1
    outer loop
      vertex 31.8866 20.5194 7.4
      vertex 32.5059 11.0704 7.4
      vertex 32.5059 20.7296 7.4
    endloop
  endfacet
  facet normal 0 0 1
    outer loop
      vertex 31.8866 20.5194 7.4
      vertex 31.8866 11.2806 7.4
      vertex 32.5059 11.0704 7.4
    endloop
  endfacet
  facet normal -0 0 1
    outer loop
      vertex 31.3 20.2301 7.4
      vertex 31.8866 11.2806 7.4
      vertex 31.8866 20.5194 7.4
    endloop
  endfacet
  facet normal 0 0 1
    outer loop
      vertex 31.3 20.2301 7.4
      vertex 31.3 11.5699 7.4
      vertex 31.8866 11.2806 7.4
    endloop
  endfacet
  facet normal -0 0 1
    outer loop
      vertex 30.8059 19.9 7.4
      vertex 31.3 11.5699 7.4
      vertex 31.3 20.2301 7.4
    endloop
  endfacet
  facet normal 0 0 1
    outer loop
      vertex 30.8059 19.9 7.4
      vertex 30.8059 11.9 7.4
      vertex 31.3 11.5699 7.4
    endloop
  endfacet
  facet normal 0 0 1
    outer loop
      vertex 30.8059 19.9 7.4
      vertex 28.1 15.9 7.4
      vertex 30.8059 11.9 7.4
    endloop
  endfacet
  facet normal 0 0 1
    outer loop
      vertex 30.8059 19.9 7.4
      vertex 28.0641 16.4482 7.4
      vertex 28.1 15.9 7.4
    endloop
  endfacet
  facet normal 0 0 1
    outer loop
      vertex 30.8059 19.9 7.4
      vertex 27.9569 16.987 7.4
      vertex 28.0641 16.4482 7.4
    endloop
  endfacet
  facet normal 0 0 1
    outer loop
      vertex 30.8059 19.9 7.4
      vertex 27.7803 17.5073 7.4
      vertex 27.9569 16.987 7.4
    endloop
  endfacet
  facet normal 0 0 1
    outer loop
      vertex 30.8059 19.9 7.4
      vertex 27.5373 18 7.4
      vertex 27.7803 17.5073 7.4
    endloop
  endfacet
  facet normal 0 0 1
    outer loop
      vertex 30.8059 19.9 7.4
      vertex 27.2321 18.4568 7.4
      vertex 27.5373 18 7.4
    endloop
  endfacet
  facet normal 0 0 1
    outer loop
      vertex 30.8059 19.9 7.4
      vertex 26.8698 18.8698 7.4
      vertex 27.2321 18.4568 7.4
    endloop
  endfacet
  facet normal 0 0 1
    outer loop
      vertex 30.8059 19.9 7.4
      vertex 26.4568 19.2321 7.4
      vertex 26.8698 18.8698 7.4
    endloop
  endfacet
  facet normal 0 0 1
    outer loop
      vertex 30.8059 19.9 7.4
      vertex 26 19.5373 7.4
      vertex 26.4568 19.2321 7.4
    endloop
  endfacet
  facet normal 0 0 1
    outer loop
      vertex 30.8059 19.9 7.4
      vertex 25.5073 19.7803 7.4
      vertex 26 19.5373 7.4
    endloop
  endfacet
  facet normal 0 -0 1
    outer loop
      vertex 25.5073 19.7803 7.4
      vertex 30.8059 19.9 7.4
      vertex 25.1546 19.9 7.4
    endloop
  endfacet
  facet normal -0 0 1
    outer loop
      vertex 28.0641 15.3518 7.4
      vertex 30.8059 11.9 7.4
      vertex 28.1 15.9 7.4
    endloop
  endfacet
  facet normal -0 0 1
    outer loop
      vertex 27.9569 14.813 7.4
      vertex 30.8059 11.9 7.4
      vertex 28.0641 15.3518 7.4
    endloop
  endfacet
  facet normal -0 0 1
    outer loop
      vertex 27.7803 14.2927 7.4
      vertex 30.8059 11.9 7.4
      vertex 27.9569 14.813 7.4
    endloop
  endfacet
  facet normal -0 0 1
    outer loop
      vertex 27.5373 13.8 7.4
      vertex 30.8059 11.9 7.4
      vertex 27.7803 14.2927 7.4
    endloop
  endfacet
  facet normal -0 0 1
    outer loop
      vertex 27.2321 13.3432 7.4
      vertex 30.8059 11.9 7.4
      vertex 27.5373 13.8 7.4
    endloop
  endfacet
  facet normal -0 0 1
    outer loop
      vertex 26.8698 12.9302 7.4
      vertex 30.8059 11.9 7.4
      vertex 27.2321 13.3432 7.4
    endloop
  endfacet
  facet normal -0 0 1
    outer loop
      vertex 26.4568 12.5679 7.4
      vertex 30.8059 11.9 7.4
      vertex 26.8698 12.9302 7.4
    endloop
  endfacet
  facet normal -0 0 1
    outer loop
      vertex 26 12.2627 7.4
      vertex 30.8059 11.9 7.4
      vertex 26.4568 12.5679 7.4
    endloop
  endfacet
  facet normal -0 0 1
    outer loop
      vertex 25.5073 12.0197 7.4
      vertex 30.8059 11.9 7.4
      vertex 26 12.2627 7.4
    endloop
  endfacet
  facet normal 0 0 1
    outer loop
      vertex 30.8059 11.9 7.4
      vertex 25.5073 12.0197 7.4
      vertex 25.1546 11.9 7.4
    endloop
  endfacet
  facet normal 0 -1 0
    outer loop
      vertex 36.7941 19.9 7.4
      vertex 39.8 19.9 8
      vertex 36.7941 19.9 8
    endloop
  endfacet
  facet normal 0 -1 -0
    outer loop
      vertex 39.8 19.9 8
      vertex 36.7941 19.9 7.4
      vertex 39.8 19.9 7.4
    endloop
  endfacet
  facet normal 0 -1 0
    outer loop
      vertex 25.1546 19.9 7.4
      vertex 30.8059 19.9 7.6
      vertex 25.1546 19.9 7.6
    endloop
  endfacet
  facet normal 0 -1 -0
    outer loop
      vertex 30.8059 19.9 7.6
      vertex 25.1546 19.9 7.4
      vertex 30.8059 19.9 7.4
    endloop
  endfacet
  facet normal 0 1 -0
    outer loop
      vertex 39.8 11.9 7.4
      vertex 36.7941 11.9 8
      vertex 39.8 11.9 8
    endloop
  endfacet
  facet normal 0 1 0
    outer loop
      vertex 36.7941 11.9 8
      vertex 39.8 11.9 7.4
      vertex 36.7941 11.9 7.4
    endloop
  endfacet
  facet normal 0 1 -0
    outer loop
      vertex 30.8059 11.9 7.4
      vertex 25.1546 11.9 7.6
      vertex 30.8059 11.9 7.6
    endloop
  endfacet
  facet normal 0 1 0
    outer loop
      vertex 25.1546 11.9 7.6
      vertex 30.8059 11.9 7.4
      vertex 25.1546 11.9 7.4
    endloop
  endfacet
  facet normal -0.442314 -0.89686 0
    outer loop
      vertex 35.7134 20.5194 7.4
      vertex 36.3 20.2301 8
      vertex 35.7134 20.5194 8
    endloop
  endfacet
  facet normal -0.442314 -0.89686 -0
    outer loop
      vertex 36.3 20.2301 8
      vertex 35.7134 20.5194 7.4
      vertex 36.3 20.2301 7.4
    endloop
  endfacet
  facet normal 0.555945 -0.831219 0
    outer loop
      vertex 30.8059 19.9 7.6
      vertex 30.8059 19.9 7.4
      vertex 30.8213 19.9103 7.6
    endloop
  endfacet
  facet normal 0.555502 -0.831515 0
    outer loop
      vertex 30.8213 19.9103 7.6
      vertex 31.3 20.2301 8
      vertex 30.8213 19.9103 8
    endloop
  endfacet
  facet normal 0.555515 -0.831506 4.78777e-05
    outer loop
      vertex 31.3 20.2301 7.4
      vertex 30.8213 19.9103 7.6
      vertex 30.8059 19.9 7.4
    endloop
  endfacet
  facet normal 0.555502 -0.831515 0
    outer loop
      vertex 30.8213 19.9103 7.6
      vertex 31.3 20.2301 7.4
      vertex 31.3 20.2301 8
    endloop
  endfacet
  facet normal -0.321407 0.946941 0
    outer loop
      vertex 35.7134 11.2806 7.4
      vertex 35.0941 11.0704 8
      vertex 35.7134 11.2806 8
    endloop
  endfacet
  facet normal -0.321407 0.946941 0
    outer loop
      vertex 35.0941 11.0704 8
      vertex 35.7134 11.2806 7.4
      vertex 35.0941 11.0704 7.4
    endloop
  endfacet
  facet normal -0.321407 -0.946941 0
    outer loop
      vertex 35.0941 20.7296 7.4
      vertex 35.7134 20.5194 8
      vertex 35.0941 20.7296 8
    endloop
  endfacet
  facet normal -0.321407 -0.946941 -0
    outer loop
      vertex 35.7134 20.5194 8
      vertex 35.0941 20.7296 7.4
      vertex 35.7134 20.5194 7.4
    endloop
  endfacet
  facet normal 0.195087 -0.980786 0
    outer loop
      vertex 32.5059 20.7296 7.4
      vertex 33.1474 20.8572 8
      vertex 32.5059 20.7296 8
    endloop
  endfacet
  facet normal 0.195087 -0.980786 0
    outer loop
      vertex 33.1474 20.8572 8
      vertex 32.5059 20.7296 7.4
      vertex 33.1474 20.8572 7.4
    endloop
  endfacet
  facet normal -0.442314 0.89686 0
    outer loop
      vertex 36.3 11.5699 7.4
      vertex 35.7134 11.2806 8
      vertex 36.3 11.5699 8
    endloop
  endfacet
  facet normal -0.442314 0.89686 0
    outer loop
      vertex 35.7134 11.2806 8
      vertex 36.3 11.5699 7.4
      vertex 35.7134 11.2806 7.4
    endloop
  endfacet
  facet normal 0.321407 -0.946941 0
    outer loop
      vertex 31.8866 20.5194 7.4
      vertex 32.5059 20.7296 8
      vertex 31.8866 20.5194 8
    endloop
  endfacet
  facet normal 0.321407 -0.946941 0
    outer loop
      vertex 32.5059 20.7296 8
      vertex 31.8866 20.5194 7.4
      vertex 32.5059 20.7296 7.4
    endloop
  endfacet
  facet normal -0.195087 0.980786 0
    outer loop
      vertex 35.0941 11.0704 7.4
      vertex 34.4526 10.9428 8
      vertex 35.0941 11.0704 8
    endloop
  endfacet
  facet normal -0.195087 0.980786 0
    outer loop
      vertex 34.4526 10.9428 8
      vertex 35.0941 11.0704 7.4
      vertex 34.4526 10.9428 7.4
    endloop
  endfacet
  facet normal 0.195087 0.980786 -0
    outer loop
      vertex 33.1474 10.9428 7.4
      vertex 32.5059 11.0704 8
      vertex 33.1474 10.9428 8
    endloop
  endfacet
  facet normal 0.195087 0.980786 0
    outer loop
      vertex 32.5059 11.0704 8
      vertex 33.1474 10.9428 7.4
      vertex 32.5059 11.0704 7.4
    endloop
  endfacet
  facet normal 0.442314 -0.89686 0
    outer loop
      vertex 31.3 20.2301 7.4
      vertex 31.8866 20.5194 8
      vertex 31.3 20.2301 8
    endloop
  endfacet
  facet normal 0.442314 -0.89686 0
    outer loop
      vertex 31.8866 20.5194 8
      vertex 31.3 20.2301 7.4
      vertex 31.8866 20.5194 7.4
    endloop
  endfacet
  facet normal -0.0654432 0.997856 0
    outer loop
      vertex 34.4526 10.9428 7.4
      vertex 33.8 10.9 8
      vertex 34.4526 10.9428 8
    endloop
  endfacet
  facet normal -0.0654432 0.997856 0
    outer loop
      vertex 33.8 10.9 8
      vertex 34.4526 10.9428 7.4
      vertex 33.8 10.9 7.4
    endloop
  endfacet
  facet normal -0.555515 0.831506 0
    outer loop
      vertex 36.7941 11.9 7.4
      vertex 36.3 11.5699 8
      vertex 36.7941 11.9 8
    endloop
  endfacet
  facet normal -0.555515 0.831506 0
    outer loop
      vertex 36.3 11.5699 8
      vertex 36.7941 11.9 7.4
      vertex 36.3 11.5699 7.4
    endloop
  endfacet
  facet normal 0.0654432 -0.997856 0
    outer loop
      vertex 33.1474 20.8572 7.4
      vertex 33.8 20.9 8
      vertex 33.1474 20.8572 8
    endloop
  endfacet
  facet normal 0.0654432 -0.997856 0
    outer loop
      vertex 33.8 20.9 8
      vertex 33.1474 20.8572 7.4
      vertex 33.8 20.9 7.4
    endloop
  endfacet
  facet normal -0.555515 -0.831506 0
    outer loop
      vertex 36.3 20.2301 7.4
      vertex 36.7941 19.9 8
      vertex 36.3 20.2301 8
    endloop
  endfacet
  facet normal -0.555515 -0.831506 -0
    outer loop
      vertex 36.7941 19.9 8
      vertex 36.3 20.2301 7.4
      vertex 36.7941 19.9 7.4
    endloop
  endfacet
  facet normal 0.321407 0.946941 -0
    outer loop
      vertex 32.5059 11.0704 7.4
      vertex 31.8866 11.2806 8
      vertex 32.5059 11.0704 8
    endloop
  endfacet
  facet normal 0.321407 0.946941 0
    outer loop
      vertex 31.8866 11.2806 8
      vertex 32.5059 11.0704 7.4
      vertex 31.8866 11.2806 7.4
    endloop
  endfacet
  facet normal 0.442314 0.89686 -0
    outer loop
      vertex 31.8866 11.2806 7.4
      vertex 31.3 11.5699 8
      vertex 31.8866 11.2806 8
    endloop
  endfacet
  facet normal 0.442314 0.89686 0
    outer loop
      vertex 31.3 11.5699 8
      vertex 31.8866 11.2806 7.4
      vertex 31.3 11.5699 7.4
    endloop
  endfacet
  facet normal -0.195087 -0.980786 0
    outer loop
      vertex 34.4526 20.8572 7.4
      vertex 35.0941 20.7296 8
      vertex 34.4526 20.8572 8
    endloop
  endfacet
  facet normal -0.195087 -0.980786 -0
    outer loop
      vertex 35.0941 20.7296 8
      vertex 34.4526 20.8572 7.4
      vertex 35.0941 20.7296 7.4
    endloop
  endfacet
  facet normal -0.0654432 -0.997856 0
    outer loop
      vertex 33.8 20.9 7.4
      vertex 34.4526 20.8572 8
      vertex 33.8 20.9 8
    endloop
  endfacet
  facet normal -0.0654432 -0.997856 -0
    outer loop
      vertex 34.4526 20.8572 8
      vertex 33.8 20.9 7.4
      vertex 34.4526 20.8572 7.4
    endloop
  endfacet
  facet normal 0.0654432 0.997856 -0
    outer loop
      vertex 33.8 10.9 7.4
      vertex 33.1474 10.9428 8
      vertex 33.8 10.9 8
    endloop
  endfacet
  facet normal 0.0654432 0.997856 0
    outer loop
      vertex 33.1474 10.9428 8
      vertex 33.8 10.9 7.4
      vertex 33.1474 10.9428 7.4
    endloop
  endfacet
  facet normal 0.555502 0.831515 0
    outer loop
      vertex 31.3 11.5699 8
      vertex 30.8213 11.8897 7.6
      vertex 30.8213 11.8897 8
    endloop
  endfacet
  facet normal 0.555502 0.831515 -0
    outer loop
      vertex 31.3 11.5699 7.4
      vertex 30.8213 11.8897 7.6
      vertex 31.3 11.5699 8
    endloop
  endfacet
  facet normal 0.555515 0.831506 4.78777e-05
    outer loop
      vertex 30.8059 11.9 7.4
      vertex 30.8213 11.8897 7.6
      vertex 31.3 11.5699 7.4
    endloop
  endfacet
  facet normal 0.555945 0.831219 0
    outer loop
      vertex 30.8213 11.8897 7.6
      vertex 30.8059 11.9 7.4
      vertex 30.8059 11.9 7.6
    endloop
  endfacet
  facet normal 0.980776 0.195136 0
    outer loop
      vertex 19.8431 14.813 7.6
      vertex 19.7359 15.3518 7.1
      vertex 19.7359 15.3518 7.6
    endloop
  endfacet
  facet normal 0.980776 0.195136 0
    outer loop
      vertex 19.7359 15.3518 7.1
      vertex 19.8431 14.813 7.6
      vertex 19.8431 14.813 7.1
    endloop
  endfacet
  facet normal -0.980776 -0.195136 0
    outer loop
      vertex 28.0641 16.4482 7.1
      vertex 27.9569 16.987 7.4
      vertex 27.9569 16.987 7.1
    endloop
  endfacet
  facet normal -0.980776 -0.195136 0
    outer loop
      vertex 27.9569 16.987 7.4
      vertex 28.0641 16.4482 7.1
      vertex 28.0641 16.4482 7.4
    endloop
  endfacet
  facet normal -0.997863 -0.0653471 0
    outer loop
      vertex 28.1 15.9 7.1
      vertex 28.0641 16.4482 7.4
      vertex 28.0641 16.4482 7.1
    endloop
  endfacet
  facet normal -0.997863 -0.0653471 0
    outer loop
      vertex 28.0641 16.4482 7.4
      vertex 28.1 15.9 7.1
      vertex 28.1 15.9 7.4
    endloop
  endfacet
  facet normal -0.896853 -0.442329 0
    outer loop
      vertex 27.7803 17.5073 7.1
      vertex 27.5373 18 7.4
      vertex 27.5373 18 7.1
    endloop
  endfacet
  facet normal -0.896853 -0.442329 0
    outer loop
      vertex 27.5373 18 7.4
      vertex 27.7803 17.5073 7.1
      vertex 27.7803 17.5073 7.4
    endloop
  endfacet
  facet normal 0.83149 0.55554 0
    outer loop
      vertex 20.5679 13.3432 7.6
      vertex 20.2627 13.8 7.1
      vertex 20.2627 13.8 7.6
    endloop
  endfacet
  facet normal 0.83149 0.55554 0
    outer loop
      vertex 20.2627 13.8 7.1
      vertex 20.5679 13.3432 7.6
      vertex 20.5679 13.3432 7.1
    endloop
  endfacet
  facet normal -0.321477 -0.946917 0
    outer loop
      vertex 24.987 19.9569 7.6
      vertex 25.1546 19.9 7.4
      vertex 25.1546 19.9 7.6
    endloop
  endfacet
  facet normal -0.321477 -0.946917 0
    outer loop
      vertex 24.987 19.9569 7.1
      vertex 25.1546 19.9 7.4
      vertex 24.987 19.9569 7.6
    endloop
  endfacet
  facet normal -0.32141 -0.94694 -4.19204e-05
    outer loop
      vertex 25.5073 19.7803 7.1
      vertex 25.1546 19.9 7.4
      vertex 24.987 19.9569 7.1
    endloop
  endfacet
  facet normal -0.321378 -0.946951 0
    outer loop
      vertex 25.1546 19.9 7.4
      vertex 25.5073 19.7803 7.1
      vertex 25.5073 19.7803 7.4
    endloop
  endfacet
  facet normal -0.195136 0.980776 0
    outer loop
      vertex 24.987 11.8431 7.1
      vertex 24.4482 11.7359 7.6
      vertex 24.987 11.8431 7.6
    endloop
  endfacet
  facet normal -0.195136 0.980776 0
    outer loop
      vertex 24.4482 11.7359 7.6
      vertex 24.987 11.8431 7.1
      vertex 24.4482 11.7359 7.1
    endloop
  endfacet
  facet normal 0.751742 0.659458 0
    outer loop
      vertex 20.9302 12.9302 7.6
      vertex 20.5679 13.3432 7.1
      vertex 20.5679 13.3432 7.6
    endloop
  endfacet
  facet normal 0.751742 0.659458 0
    outer loop
      vertex 20.5679 13.3432 7.1
      vertex 20.9302 12.9302 7.6
      vertex 20.9302 12.9302 7.1
    endloop
  endfacet
  facet normal -0.980776 0.195136 0
    outer loop
      vertex 27.9569 14.813 7.1
      vertex 28.0641 15.3518 7.4
      vertex 28.0641 15.3518 7.1
    endloop
  endfacet
  facet normal -0.980776 0.195136 0
    outer loop
      vertex 28.0641 15.3518 7.4
      vertex 27.9569 14.813 7.1
      vertex 27.9569 14.813 7.4
    endloop
  endfacet
  facet normal -0.442329 0.896853 0
    outer loop
      vertex 26 12.2627 7.1
      vertex 25.5073 12.0197 7.4
      vertex 26 12.2627 7.4
    endloop
  endfacet
  facet normal -0.442329 0.896853 0
    outer loop
      vertex 25.5073 12.0197 7.4
      vertex 26 12.2627 7.1
      vertex 25.5073 12.0197 7.1
    endloop
  endfacet
  facet normal 0.0653471 -0.997863 0
    outer loop
      vertex 23.3518 20.0641 7.1
      vertex 23.9 20.1 7.6
      vertex 23.3518 20.0641 7.6
    endloop
  endfacet
  facet normal 0.0653471 -0.997863 0
    outer loop
      vertex 23.9 20.1 7.6
      vertex 23.3518 20.0641 7.1
      vertex 23.9 20.1 7.1
    endloop
  endfacet
  facet normal 0.442329 -0.896853 0
    outer loop
      vertex 21.8 19.5373 7.1
      vertex 22.2927 19.7803 7.6
      vertex 21.8 19.5373 7.6
    endloop
  endfacet
  facet normal 0.442329 -0.896853 0
    outer loop
      vertex 22.2927 19.7803 7.6
      vertex 21.8 19.5373 7.1
      vertex 22.2927 19.7803 7.1
    endloop
  endfacet
  facet normal -0.442329 -0.896853 0
    outer loop
      vertex 25.5073 19.7803 7.1
      vertex 26 19.5373 7.4
      vertex 25.5073 19.7803 7.4
    endloop
  endfacet
  facet normal -0.442329 -0.896853 -0
    outer loop
      vertex 26 19.5373 7.4
      vertex 25.5073 19.7803 7.1
      vertex 26 19.5373 7.1
    endloop
  endfacet
  facet normal -0.0653471 -0.997863 0
    outer loop
      vertex 23.9 20.1 7.1
      vertex 24.4482 20.0641 7.6
      vertex 23.9 20.1 7.6
    endloop
  endfacet
  facet normal -0.0653471 -0.997863 -0
    outer loop
      vertex 24.4482 20.0641 7.6
      vertex 23.9 20.1 7.1
      vertex 24.4482 20.0641 7.1
    endloop
  endfacet
  facet normal 0.751742 -0.659458 0
    outer loop
      vertex 20.5679 18.4568 7.6
      vertex 20.9302 18.8698 7.1
      vertex 20.9302 18.8698 7.6
    endloop
  endfacet
  facet normal 0.751742 -0.659458 0
    outer loop
      vertex 20.9302 18.8698 7.1
      vertex 20.5679 18.4568 7.6
      vertex 20.5679 18.4568 7.1
    endloop
  endfacet
  facet normal 0.55554 0.83149 -0
    outer loop
      vertex 21.8 12.2627 7.1
      vertex 21.3432 12.5679 7.6
      vertex 21.8 12.2627 7.6
    endloop
  endfacet
  facet normal 0.55554 0.83149 0
    outer loop
      vertex 21.3432 12.5679 7.6
      vertex 21.8 12.2627 7.1
      vertex 21.3432 12.5679 7.1
    endloop
  endfacet
  facet normal -0.195136 -0.980776 0
    outer loop
      vertex 24.4482 20.0641 7.1
      vertex 24.987 19.9569 7.6
      vertex 24.4482 20.0641 7.6
    endloop
  endfacet
  facet normal -0.195136 -0.980776 -0
    outer loop
      vertex 24.987 19.9569 7.6
      vertex 24.4482 20.0641 7.1
      vertex 24.987 19.9569 7.1
    endloop
  endfacet
  facet normal -0.83149 -0.55554 0
    outer loop
      vertex 27.5373 18 7.1
      vertex 27.2321 18.4568 7.4
      vertex 27.2321 18.4568 7.1
    endloop
  endfacet
  facet normal -0.83149 -0.55554 0
    outer loop
      vertex 27.2321 18.4568 7.4
      vertex 27.5373 18 7.1
      vertex 27.5373 18 7.4
    endloop
  endfacet
  facet normal -0.659458 -0.751742 0
    outer loop
      vertex 26.4568 19.2321 7.1
      vertex 26.8698 18.8698 7.4
      vertex 26.4568 19.2321 7.4
    endloop
  endfacet
  facet normal -0.659458 -0.751742 -0
    outer loop
      vertex 26.8698 18.8698 7.4
      vertex 26.4568 19.2321 7.1
      vertex 26.8698 18.8698 7.1
    endloop
  endfacet
  facet normal -0.0653471 0.997863 0
    outer loop
      vertex 24.4482 11.7359 7.1
      vertex 23.9 11.7 7.6
      vertex 24.4482 11.7359 7.6
    endloop
  endfacet
  facet normal -0.0653471 0.997863 0
    outer loop
      vertex 23.9 11.7 7.6
      vertex 24.4482 11.7359 7.1
      vertex 23.9 11.7 7.1
    endloop
  endfacet
  facet normal -0.94694 -0.32141 0
    outer loop
      vertex 27.9569 16.987 7.1
      vertex 27.7803 17.5073 7.4
      vertex 27.7803 17.5073 7.1
    endloop
  endfacet
  facet normal -0.94694 -0.32141 0
    outer loop
      vertex 27.7803 17.5073 7.4
      vertex 27.9569 16.987 7.1
      vertex 27.9569 16.987 7.4
    endloop
  endfacet
  facet normal 0.55554 -0.83149 0
    outer loop
      vertex 21.3432 19.2321 7.1
      vertex 21.8 19.5373 7.6
      vertex 21.3432 19.2321 7.6
    endloop
  endfacet
  facet normal 0.55554 -0.83149 0
    outer loop
      vertex 21.8 19.5373 7.6
      vertex 21.3432 19.2321 7.1
      vertex 21.8 19.5373 7.1
    endloop
  endfacet
  facet normal -0.997863 0.0653471 0
    outer loop
      vertex 28.0641 15.3518 7.1
      vertex 28.1 15.9 7.4
      vertex 28.1 15.9 7.1
    endloop
  endfacet
  facet normal -0.997863 0.0653471 0
    outer loop
      vertex 28.1 15.9 7.4
      vertex 28.0641 15.3518 7.1
      vertex 28.0641 15.3518 7.4
    endloop
  endfacet
  facet normal -0.751742 -0.659458 0
    outer loop
      vertex 27.2321 18.4568 7.1
      vertex 26.8698 18.8698 7.4
      vertex 26.8698 18.8698 7.1
    endloop
  endfacet
  facet normal -0.751742 -0.659458 0
    outer loop
      vertex 26.8698 18.8698 7.4
      vertex 27.2321 18.4568 7.1
      vertex 27.2321 18.4568 7.4
    endloop
  endfacet
  facet normal 0.195136 -0.980776 0
    outer loop
      vertex 22.813 19.9569 7.1
      vertex 23.3518 20.0641 7.6
      vertex 22.813 19.9569 7.6
    endloop
  endfacet
  facet normal 0.195136 -0.980776 0
    outer loop
      vertex 23.3518 20.0641 7.6
      vertex 22.813 19.9569 7.1
      vertex 23.3518 20.0641 7.1
    endloop
  endfacet
  facet normal -0.55554 -0.83149 0
    outer loop
      vertex 26 19.5373 7.1
      vertex 26.4568 19.2321 7.4
      vertex 26 19.5373 7.4
    endloop
  endfacet
  facet normal -0.55554 -0.83149 -0
    outer loop
      vertex 26.4568 19.2321 7.4
      vertex 26 19.5373 7.1
      vertex 26.4568 19.2321 7.1
    endloop
  endfacet
  facet normal -0.751742 0.659458 0
    outer loop
      vertex 26.8698 12.9302 7.1
      vertex 27.2321 13.3432 7.4
      vertex 27.2321 13.3432 7.1
    endloop
  endfacet
  facet normal -0.751742 0.659458 0
    outer loop
      vertex 27.2321 13.3432 7.4
      vertex 26.8698 12.9302 7.1
      vertex 26.8698 12.9302 7.4
    endloop
  endfacet
  facet normal 0.32141 -0.94694 0
    outer loop
      vertex 22.2927 19.7803 7.1
      vertex 22.813 19.9569 7.6
      vertex 22.2927 19.7803 7.6
    endloop
  endfacet
  facet normal 0.32141 -0.94694 0
    outer loop
      vertex 22.813 19.9569 7.6
      vertex 22.2927 19.7803 7.1
      vertex 22.813 19.9569 7.1
    endloop
  endfacet
  facet normal -0.896853 0.442329 0
    outer loop
      vertex 27.5373 13.8 7.1
      vertex 27.7803 14.2927 7.4
      vertex 27.7803 14.2927 7.1
    endloop
  endfacet
  facet normal -0.896853 0.442329 0
    outer loop
      vertex 27.7803 14.2927 7.4
      vertex 27.5373 13.8 7.1
      vertex 27.5373 13.8 7.4
    endloop
  endfacet
  facet normal -0.659458 0.751742 0
    outer loop
      vertex 26.8698 12.9302 7.1
      vertex 26.4568 12.5679 7.4
      vertex 26.8698 12.9302 7.4
    endloop
  endfacet
  facet normal -0.659458 0.751742 0
    outer loop
      vertex 26.4568 12.5679 7.4
      vertex 26.8698 12.9302 7.1
      vertex 26.4568 12.5679 7.1
    endloop
  endfacet
  facet normal 0.94694 0.32141 0
    outer loop
      vertex 20.0197 14.2927 7.6
      vertex 19.8431 14.813 7.1
      vertex 19.8431 14.813 7.6
    endloop
  endfacet
  facet normal 0.94694 0.32141 0
    outer loop
      vertex 19.8431 14.813 7.1
      vertex 20.0197 14.2927 7.6
      vertex 20.0197 14.2927 7.1
    endloop
  endfacet
  facet normal -0.94694 0.32141 0
    outer loop
      vertex 27.7803 14.2927 7.1
      vertex 27.9569 14.813 7.4
      vertex 27.9569 14.813 7.1
    endloop
  endfacet
  facet normal -0.94694 0.32141 0
    outer loop
      vertex 27.9569 14.813 7.4
      vertex 27.7803 14.2927 7.1
      vertex 27.7803 14.2927 7.4
    endloop
  endfacet
  facet normal 0.896853 0.442329 0
    outer loop
      vertex 20.2627 13.8 7.6
      vertex 20.0197 14.2927 7.1
      vertex 20.0197 14.2927 7.6
    endloop
  endfacet
  facet normal 0.896853 0.442329 0
    outer loop
      vertex 20.0197 14.2927 7.1
      vertex 20.2627 13.8 7.6
      vertex 20.2627 13.8 7.1
    endloop
  endfacet
  facet normal 0.195136 0.980776 -0
    outer loop
      vertex 23.3518 11.7359 7.1
      vertex 22.813 11.8431 7.6
      vertex 23.3518 11.7359 7.6
    endloop
  endfacet
  facet normal 0.195136 0.980776 0
    outer loop
      vertex 22.813 11.8431 7.6
      vertex 23.3518 11.7359 7.1
      vertex 22.813 11.8431 7.1
    endloop
  endfacet
  facet normal 0.83149 -0.55554 0
    outer loop
      vertex 20.2627 18 7.6
      vertex 20.5679 18.4568 7.1
      vertex 20.5679 18.4568 7.6
    endloop
  endfacet
  facet normal 0.83149 -0.55554 0
    outer loop
      vertex 20.5679 18.4568 7.1
      vertex 20.2627 18 7.6
      vertex 20.2627 18 7.1
    endloop
  endfacet
  facet normal 0 0 1
    outer loop
      vertex 28.0641 16.4482 7.1
      vertex 28.0641 15.3518 7.1
      vertex 28.1 15.9 7.1
    endloop
  endfacet
  facet normal 0 0 1
    outer loop
      vertex 27.9569 16.987 7.1
      vertex 28.0641 15.3518 7.1
      vertex 28.0641 16.4482 7.1
    endloop
  endfacet
  facet normal 0 0 1
    outer loop
      vertex 27.9569 16.987 7.1
      vertex 27.9569 14.813 7.1
      vertex 28.0641 15.3518 7.1
    endloop
  endfacet
  facet normal 0 0 1
    outer loop
      vertex 27.7803 17.5073 7.1
      vertex 27.9569 14.813 7.1
      vertex 27.9569 16.987 7.1
    endloop
  endfacet
  facet normal 0 0 1
    outer loop
      vertex 27.7803 17.5073 7.1
      vertex 27.7803 14.2927 7.1
      vertex 27.9569 14.813 7.1
    endloop
  endfacet
  facet normal 0 0 1
    outer loop
      vertex 27.5373 18 7.1
      vertex 27.7803 14.2927 7.1
      vertex 27.7803 17.5073 7.1
    endloop
  endfacet
  facet normal 0 0 1
    outer loop
      vertex 27.5373 18 7.1
      vertex 27.5373 13.8 7.1
      vertex 27.7803 14.2927 7.1
    endloop
  endfacet
  facet normal 0 0 1
    outer loop
      vertex 27.2321 18.4568 7.1
      vertex 27.5373 13.8 7.1
      vertex 27.5373 18 7.1
    endloop
  endfacet
  facet normal 0 0 1
    outer loop
      vertex 27.2321 18.4568 7.1
      vertex 27.2321 13.3432 7.1
      vertex 27.5373 13.8 7.1
    endloop
  endfacet
  facet normal 0 0 1
    outer loop
      vertex 26.8698 18.8698 7.1
      vertex 27.2321 13.3432 7.1
      vertex 27.2321 18.4568 7.1
    endloop
  endfacet
  facet normal 0 0 1
    outer loop
      vertex 26.8698 18.8698 7.1
      vertex 26.8698 12.9302 7.1
      vertex 27.2321 13.3432 7.1
    endloop
  endfacet
  facet normal 0 0 1
    outer loop
      vertex 26.4568 19.2321 7.1
      vertex 26.8698 12.9302 7.1
      vertex 26.8698 18.8698 7.1
    endloop
  endfacet
  facet normal 0 0 1
    outer loop
      vertex 26.4568 19.2321 7.1
      vertex 26.4568 12.5679 7.1
      vertex 26.8698 12.9302 7.1
    endloop
  endfacet
  facet normal 0 0 1
    outer loop
      vertex 26 19.5373 7.1
      vertex 26.4568 12.5679 7.1
      vertex 26.4568 19.2321 7.1
    endloop
  endfacet
  facet normal 0 0 1
    outer loop
      vertex 26 19.5373 7.1
      vertex 26 12.2627 7.1
      vertex 26.4568 12.5679 7.1
    endloop
  endfacet
  facet normal 0 0 1
    outer loop
      vertex 25.5073 19.7803 7.1
      vertex 26 12.2627 7.1
      vertex 26 19.5373 7.1
    endloop
  endfacet
  facet normal 0 0 1
    outer loop
      vertex 25.5073 19.7803 7.1
      vertex 25.5073 12.0197 7.1
      vertex 26 12.2627 7.1
    endloop
  endfacet
  facet normal 0 0 1
    outer loop
      vertex 24.987 19.9569 7.1
      vertex 25.5073 12.0197 7.1
      vertex 25.5073 19.7803 7.1
    endloop
  endfacet
  facet normal 0 0 1
    outer loop
      vertex 24.987 19.9569 7.1
      vertex 24.987 11.8431 7.1
      vertex 25.5073 12.0197 7.1
    endloop
  endfacet
  facet normal 0 0 1
    outer loop
      vertex 24.4482 20.0641 7.1
      vertex 24.987 11.8431 7.1
      vertex 24.987 19.9569 7.1
    endloop
  endfacet
  facet normal 0 0 1
    outer loop
      vertex 24.4482 20.0641 7.1
      vertex 24.4482 11.7359 7.1
      vertex 24.987 11.8431 7.1
    endloop
  endfacet
  facet normal 0 0 1
    outer loop
      vertex 23.9 20.1 7.1
      vertex 24.4482 11.7359 7.1
      vertex 24.4482 20.0641 7.1
    endloop
  endfacet
  facet normal 0 0 1
    outer loop
      vertex 23.9 20.1 7.1
      vertex 23.9 11.7 7.1
      vertex 24.4482 11.7359 7.1
    endloop
  endfacet
  facet normal -0 0 1
    outer loop
      vertex 23.3518 20.0641 7.1
      vertex 23.9 11.7 7.1
      vertex 23.9 20.1 7.1
    endloop
  endfacet
  facet normal 0 0 1
    outer loop
      vertex 23.3518 20.0641 7.1
      vertex 23.3518 11.7359 7.1
      vertex 23.9 11.7 7.1
    endloop
  endfacet
  facet normal -0 0 1
    outer loop
      vertex 22.813 19.9569 7.1
      vertex 23.3518 11.7359 7.1
      vertex 23.3518 20.0641 7.1
    endloop
  endfacet
  facet normal 0 0 1
    outer loop
      vertex 22.813 19.9569 7.1
      vertex 22.813 11.8431 7.1
      vertex 23.3518 11.7359 7.1
    endloop
  endfacet
  facet normal -0 0 1
    outer loop
      vertex 22.2927 19.7803 7.1
      vertex 22.813 11.8431 7.1
      vertex 22.813 19.9569 7.1
    endloop
  endfacet
  facet normal 0 0 1
    outer loop
      vertex 22.2927 19.7803 7.1
      vertex 22.2927 12.0197 7.1
      vertex 22.813 11.8431 7.1
    endloop
  endfacet
  facet normal -0 0 1
    outer loop
      vertex 21.8 19.5373 7.1
      vertex 22.2927 12.0197 7.1
      vertex 22.2927 19.7803 7.1
    endloop
  endfacet
  facet normal 0 0 1
    outer loop
      vertex 21.8 19.5373 7.1
      vertex 21.8 12.2627 7.1
      vertex 22.2927 12.0197 7.1
    endloop
  endfacet
  facet normal -0 0 1
    outer loop
      vertex 21.3432 19.2321 7.1
      vertex 21.8 12.2627 7.1
      vertex 21.8 19.5373 7.1
    endloop
  endfacet
  facet normal 0 0 1
    outer loop
      vertex 21.3432 19.2321 7.1
      vertex 21.3432 12.5679 7.1
      vertex 21.8 12.2627 7.1
    endloop
  endfacet
  facet normal -0 0 1
    outer loop
      vertex 20.9302 18.8698 7.1
      vertex 21.3432 12.5679 7.1
      vertex 21.3432 19.2321 7.1
    endloop
  endfacet
  facet normal 0 0 1
    outer loop
      vertex 20.9302 18.8698 7.1
      vertex 20.9302 12.9302 7.1
      vertex 21.3432 12.5679 7.1
    endloop
  endfacet
  facet normal -0 0 1
    outer loop
      vertex 20.5679 18.4568 7.1
      vertex 20.9302 12.9302 7.1
      vertex 20.9302 18.8698 7.1
    endloop
  endfacet
  facet normal 0 0 1
    outer loop
      vertex 20.5679 18.4568 7.1
      vertex 20.5679 13.3432 7.1
      vertex 20.9302 12.9302 7.1
    endloop
  endfacet
  facet normal -0 0 1
    outer loop
      vertex 20.2627 18 7.1
      vertex 20.5679 13.3432 7.1
      vertex 20.5679 18.4568 7.1
    endloop
  endfacet
  facet normal 0 0 1
    outer loop
      vertex 20.2627 18 7.1
      vertex 20.2627 13.8 7.1
      vertex 20.5679 13.3432 7.1
    endloop
  endfacet
  facet normal -0 0 1
    outer loop
      vertex 20.0197 17.5073 7.1
      vertex 20.2627 13.8 7.1
      vertex 20.2627 18 7.1
    endloop
  endfacet
  facet normal 0 0 1
    outer loop
      vertex 20.0197 17.5073 7.1
      vertex 20.0197 14.2927 7.1
      vertex 20.2627 13.8 7.1
    endloop
  endfacet
  facet normal -0 0 1
    outer loop
      vertex 19.8431 16.987 7.1
      vertex 20.0197 14.2927 7.1
      vertex 20.0197 17.5073 7.1
    endloop
  endfacet
  facet normal 0 0 1
    outer loop
      vertex 19.8431 16.987 7.1
      vertex 19.8431 14.813 7.1
      vertex 20.0197 14.2927 7.1
    endloop
  endfacet
  facet normal -0 0 1
    outer loop
      vertex 19.7359 16.4482 7.1
      vertex 19.8431 14.813 7.1
      vertex 19.8431 16.987 7.1
    endloop
  endfacet
  facet normal 0 0 1
    outer loop
      vertex 19.7359 16.4482 7.1
      vertex 19.7359 15.3518 7.1
      vertex 19.8431 14.813 7.1
    endloop
  endfacet
  facet normal 0 -0 1
    outer loop
      vertex 19.7359 15.3518 7.1
      vertex 19.7359 16.4482 7.1
      vertex 19.7 15.9 7.1
    endloop
  endfacet
  facet normal -0.83149 0.55554 0
    outer loop
      vertex 27.2321 13.3432 7.1
      vertex 27.5373 13.8 7.4
      vertex 27.5373 13.8 7.1
    endloop
  endfacet
  facet normal -0.83149 0.55554 0
    outer loop
      vertex 27.5373 13.8 7.4
      vertex 27.2321 13.3432 7.1
      vertex 27.2321 13.3432 7.4
    endloop
  endfacet
  facet normal -0.321378 0.946951 0
    outer loop
      vertex 25.5073 12.0197 7.4
      vertex 25.5073 12.0197 7.1
      vertex 25.1546 11.9 7.4
    endloop
  endfacet
  facet normal -0.321477 0.946917 0
    outer loop
      vertex 25.1546 11.9 7.4
      vertex 24.987 11.8431 7.6
      vertex 25.1546 11.9 7.6
    endloop
  endfacet
  facet normal -0.321477 0.946917 0
    outer loop
      vertex 25.1546 11.9 7.4
      vertex 24.987 11.8431 7.1
      vertex 24.987 11.8431 7.6
    endloop
  endfacet
  facet normal -0.32141 0.94694 -4.19204e-05
    outer loop
      vertex 24.987 11.8431 7.1
      vertex 25.1546 11.9 7.4
      vertex 25.5073 12.0197 7.1
    endloop
  endfacet
  facet normal 0.659458 -0.751742 0
    outer loop
      vertex 20.9302 18.8698 7.1
      vertex 21.3432 19.2321 7.6
      vertex 20.9302 18.8698 7.6
    endloop
  endfacet
  facet normal 0.659458 -0.751742 0
    outer loop
      vertex 21.3432 19.2321 7.6
      vertex 20.9302 18.8698 7.1
      vertex 21.3432 19.2321 7.1
    endloop
  endfacet
  facet normal 0.32141 0.94694 -0
    outer loop
      vertex 22.813 11.8431 7.1
      vertex 22.2927 12.0197 7.6
      vertex 22.813 11.8431 7.6
    endloop
  endfacet
  facet normal 0.32141 0.94694 0
    outer loop
      vertex 22.2927 12.0197 7.6
      vertex 22.813 11.8431 7.1
      vertex 22.2927 12.0197 7.1
    endloop
  endfacet
  facet normal 0.94694 -0.32141 0
    outer loop
      vertex 19.8431 16.987 7.6
      vertex 20.0197 17.5073 7.1
      vertex 20.0197 17.5073 7.6
    endloop
  endfacet
  facet normal 0.94694 -0.32141 0
    outer loop
      vertex 20.0197 17.5073 7.1
      vertex 19.8431 16.987 7.6
      vertex 19.8431 16.987 7.1
    endloop
  endfacet
  facet normal 0.997863 0.0653471 0
    outer loop
      vertex 19.7359 15.3518 7.6
      vertex 19.7 15.9 7.1
      vertex 19.7 15.9 7.6
    endloop
  endfacet
  facet normal 0.997863 0.0653471 0
    outer loop
      vertex 19.7 15.9 7.1
      vertex 19.7359 15.3518 7.6
      vertex 19.7359 15.3518 7.1
    endloop
  endfacet
  facet normal 0.0653471 0.997863 -0
    outer loop
      vertex 23.9 11.7 7.1
      vertex 23.3518 11.7359 7.6
      vertex 23.9 11.7 7.6
    endloop
  endfacet
  facet normal 0.0653471 0.997863 0
    outer loop
      vertex 23.3518 11.7359 7.6
      vertex 23.9 11.7 7.1
      vertex 23.3518 11.7359 7.1
    endloop
  endfacet
  facet normal -0.55554 0.83149 0
    outer loop
      vertex 26.4568 12.5679 7.1
      vertex 26 12.2627 7.4
      vertex 26.4568 12.5679 7.4
    endloop
  endfacet
  facet normal -0.55554 0.83149 0
    outer loop
      vertex 26 12.2627 7.4
      vertex 26.4568 12.5679 7.1
      vertex 26 12.2627 7.1
    endloop
  endfacet
  facet normal 0.442329 0.896853 -0
    outer loop
      vertex 22.2927 12.0197 7.1
      vertex 21.8 12.2627 7.6
      vertex 22.2927 12.0197 7.6
    endloop
  endfacet
  facet normal 0.442329 0.896853 0
    outer loop
      vertex 21.8 12.2627 7.6
      vertex 22.2927 12.0197 7.1
      vertex 21.8 12.2627 7.1
    endloop
  endfacet
  facet normal 0.896853 -0.442329 0
    outer loop
      vertex 20.0197 17.5073 7.6
      vertex 20.2627 18 7.1
      vertex 20.2627 18 7.6
    endloop
  endfacet
  facet normal 0.896853 -0.442329 0
    outer loop
      vertex 20.2627 18 7.1
      vertex 20.0197 17.5073 7.6
      vertex 20.0197 17.5073 7.1
    endloop
  endfacet
  facet normal 0.980776 -0.195136 0
    outer loop
      vertex 19.7359 16.4482 7.6
      vertex 19.8431 16.987 7.1
      vertex 19.8431 16.987 7.6
    endloop
  endfacet
  facet normal 0.980776 -0.195136 0
    outer loop
      vertex 19.8431 16.987 7.1
      vertex 19.7359 16.4482 7.6
      vertex 19.7359 16.4482 7.1
    endloop
  endfacet
  facet normal 0.659458 0.751742 -0
    outer loop
      vertex 21.3432 12.5679 7.1
      vertex 20.9302 12.9302 7.6
      vertex 21.3432 12.5679 7.6
    endloop
  endfacet
  facet normal 0.659458 0.751742 0
    outer loop
      vertex 20.9302 12.9302 7.6
      vertex 21.3432 12.5679 7.1
      vertex 20.9302 12.9302 7.1
    endloop
  endfacet
  facet normal 0.997863 -0.0653471 0
    outer loop
      vertex 19.7 15.9 7.6
      vertex 19.7359 16.4482 7.1
      vertex 19.7359 16.4482 7.6
    endloop
  endfacet
  facet normal 0.997863 -0.0653471 0
    outer loop
      vertex 19.7359 16.4482 7.1
      vertex 19.7 15.9 7.6
      vertex 19.7 15.9 7.1
    endloop
  endfacet
endsolid OpenSCAD_Model
