solid OpenSCAD_Model
  facet normal -0.904013 0.427505 0
    outer loop
      vertex 8.04118 6.55253 0
      vertex 8.08733 6.65012 1.4
      vertex 8.08733 6.65012 0
    endloop
  endfacet
  facet normal -0.904013 0.427505 0
    outer loop
      vertex 8.08733 6.65012 1.4
      vertex 8.04118 6.55253 0
      vertex 8.04118 6.55253 1.4
    endloop
  endfacet
  facet normal 0.595708 0.803201 -0
    outer loop
      vertex 6.45994 6.15645 0
      vertex 6.37323 6.22076 1.4
      vertex 6.45994 6.15645 1.4
    endloop
  endfacet
  facet normal 0.595708 0.803201 0
    outer loop
      vertex 6.37323 6.22076 1.4
      vertex 6.45994 6.15645 0
      vertex 6.37323 6.22076 0
    endloop
  endfacet
  facet normal 0.941526 0.336941 0
    outer loop
      vertex 6.0548 6.65012 1.4
      vertex 6.01843 6.75175 0
      vertex 6.01843 6.75175 1.4
    endloop
  endfacet
  facet normal 0.941526 0.336941 0
    outer loop
      vertex 6.01843 6.75175 0
      vertex 6.0548 6.65012 1.4
      vertex 6.0548 6.65012 0
    endloop
  endfacet
  facet normal 0.803201 0.595708 0
    outer loop
      vertex 6.22076 6.37323 1.4
      vertex 6.15645 6.45994 0
      vertex 6.15645 6.45994 1.4
    endloop
  endfacet
  facet normal 0.803201 0.595708 0
    outer loop
      vertex 6.15645 6.45994 0
      vertex 6.22076 6.37323 1.4
      vertex 6.22076 6.37323 0
    endloop
  endfacet
  facet normal -0.146737 -0.989176 0
    outer loop
      vertex 7.17889 8.16577 0
      vertex 7.28567 8.14993 1.4
      vertex 7.17889 8.16577 1.4
    endloop
  endfacet
  facet normal -0.146737 -0.989176 -0
    outer loop
      vertex 7.28567 8.14993 1.4
      vertex 7.17889 8.16577 0
      vertex 7.28567 8.14993 0
    endloop
  endfacet
  facet normal 0.740949 -0.671561 0
    outer loop
      vertex 6.22076 7.7689 1.4
      vertex 6.29325 7.84888 0
      vertex 6.29325 7.84888 1.4
    endloop
  endfacet
  facet normal 0.740949 -0.671561 0
    outer loop
      vertex 6.29325 7.84888 0
      vertex 6.22076 7.7689 1.4
      vertex 6.22076 7.7689 0
    endloop
  endfacet
  facet normal 0.0490043 0.998799 -0
    outer loop
      vertex 7.07107 5.97107 0
      vertex 6.96325 5.97636 1.4
      vertex 7.07107 5.97107 1.4
    endloop
  endfacet
  facet normal 0.0490043 0.998799 0
    outer loop
      vertex 6.96325 5.97636 1.4
      vertex 7.07107 5.97107 0
      vertex 6.96325 5.97636 0
    endloop
  endfacet
  facet normal 0.671612 -0.740903 0
    outer loop
      vertex 6.29325 7.84888 0
      vertex 6.37323 7.92138 1.4
      vertex 6.29325 7.84888 1.4
    endloop
  endfacet
  facet normal 0.671612 -0.740903 0
    outer loop
      vertex 6.37323 7.92138 1.4
      vertex 6.29325 7.84888 0
      vertex 6.37323 7.92138 0
    endloop
  endfacet
  facet normal -0.336911 0.941536 0
    outer loop
      vertex 7.49202 6.0548 0
      vertex 7.39038 6.01843 1.4
      vertex 7.49202 6.0548 1.4
    endloop
  endfacet
  facet normal -0.336911 0.941536 0
    outer loop
      vertex 7.39038 6.01843 1.4
      vertex 7.49202 6.0548 0
      vertex 7.39038 6.01843 0
    endloop
  endfacet
  facet normal -0.427541 0.903996 0
    outer loop
      vertex 7.5896 6.10095 0
      vertex 7.49202 6.0548 1.4
      vertex 7.5896 6.10095 1.4
    endloop
  endfacet
  facet normal -0.427541 0.903996 0
    outer loop
      vertex 7.49202 6.0548 1.4
      vertex 7.5896 6.10095 0
      vertex 7.49202 6.0548 0
    endloop
  endfacet
  facet normal 0.514128 0.857714 -0
    outer loop
      vertex 6.55253 6.10095 0
      vertex 6.45994 6.15645 1.4
      vertex 6.55253 6.10095 1.4
    endloop
  endfacet
  facet normal 0.514128 0.857714 0
    outer loop
      vertex 6.45994 6.15645 1.4
      vertex 6.55253 6.10095 0
      vertex 6.45994 6.15645 0
    endloop
  endfacet
  facet normal 0.146737 0.989176 -0
    outer loop
      vertex 6.96325 5.97636 0
      vertex 6.85647 5.9922 1.4
      vertex 6.96325 5.97636 1.4
    endloop
  endfacet
  facet normal 0.146737 0.989176 0
    outer loop
      vertex 6.85647 5.9922 1.4
      vertex 6.96325 5.97636 0
      vertex 6.85647 5.9922 0
    endloop
  endfacet
  facet normal 0.989176 0.146737 0
    outer loop
      vertex 5.9922 6.85647 1.4
      vertex 5.97636 6.96325 0
      vertex 5.97636 6.96325 1.4
    endloop
  endfacet
  facet normal 0.989176 0.146737 0
    outer loop
      vertex 5.97636 6.96325 0
      vertex 5.9922 6.85647 1.4
      vertex 5.9922 6.85647 0
    endloop
  endfacet
  facet normal 0.998799 0.0490043 0
    outer loop
      vertex 5.97636 6.96325 1.4
      vertex 5.97107 7.07107 0
      vertex 5.97107 7.07107 1.4
    endloop
  endfacet
  facet normal 0.998799 0.0490043 0
    outer loop
      vertex 5.97107 7.07107 0
      vertex 5.97636 6.96325 1.4
      vertex 5.97636 6.96325 0
    endloop
  endfacet
  facet normal 0.514128 -0.857714 0
    outer loop
      vertex 6.45994 7.98568 0
      vertex 6.55253 8.04118 1.4
      vertex 6.45994 7.98568 1.4
    endloop
  endfacet
  facet normal 0.514128 -0.857714 0
    outer loop
      vertex 6.55253 8.04118 1.4
      vertex 6.45994 7.98568 0
      vertex 6.55253 8.04118 0
    endloop
  endfacet
  facet normal 0.242972 0.970033 -0
    outer loop
      vertex 6.85647 5.9922 0
      vertex 6.75175 6.01843 1.4
      vertex 6.85647 5.9922 1.4
    endloop
  endfacet
  facet normal 0.242972 0.970033 0
    outer loop
      vertex 6.75175 6.01843 1.4
      vertex 6.85647 5.9922 0
      vertex 6.75175 6.01843 0
    endloop
  endfacet
  facet normal 0.941536 -0.336911 0
    outer loop
      vertex 6.01843 7.39038 1.4
      vertex 6.0548 7.49202 0
      vertex 6.0548 7.49202 1.4
    endloop
  endfacet
  facet normal 0.941536 -0.336911 0
    outer loop
      vertex 6.0548 7.49202 0
      vertex 6.01843 7.39038 1.4
      vertex 6.01843 7.39038 0
    endloop
  endfacet
  facet normal -0.514128 0.857714 0
    outer loop
      vertex 7.68219 6.15645 0
      vertex 7.5896 6.10095 1.4
      vertex 7.68219 6.15645 1.4
    endloop
  endfacet
  facet normal -0.514128 0.857714 0
    outer loop
      vertex 7.5896 6.10095 1.4
      vertex 7.68219 6.15645 0
      vertex 7.5896 6.10095 0
    endloop
  endfacet
  facet normal 0.970033 0.242972 0
    outer loop
      vertex 6.01843 6.75175 1.4
      vertex 5.9922 6.85647 0
      vertex 5.9922 6.85647 1.4
    endloop
  endfacet
  facet normal 0.970033 0.242972 0
    outer loop
      vertex 5.9922 6.85647 0
      vertex 6.01843 6.75175 1.4
      vertex 6.01843 6.75175 0
    endloop
  endfacet
  facet normal -0.336997 -0.941506 0
    outer loop
      vertex 7.39038 8.1237 0
      vertex 7.40122 8.11982 1.4
      vertex 7.39038 8.1237 1.4
    endloop
  endfacet
  facet normal -0.336997 -0.941506 -0
    outer loop
      vertex 7.40122 8.11982 1.4
      vertex 7.39038 8.1237 0
      vertex 7.40122 8.11982 0
    endloop
  endfacet
  facet normal -0.941526 0.336941 0
    outer loop
      vertex 8.08733 6.65012 0
      vertex 8.1237 6.75175 1.4
      vertex 8.1237 6.75175 0
    endloop
  endfacet
  facet normal -0.941526 0.336941 0
    outer loop
      vertex 8.1237 6.75175 1.4
      vertex 8.08733 6.65012 0
      vertex 8.08733 6.65012 1.4
    endloop
  endfacet
  facet normal 0.336941 -0.941526 0
    outer loop
      vertex 6.65012 8.08733 0
      vertex 6.75175 8.1237 1.4
      vertex 6.65012 8.08733 1.4
    endloop
  endfacet
  facet normal 0.336941 -0.941526 0
    outer loop
      vertex 6.75175 8.1237 1.4
      vertex 6.65012 8.08733 0
      vertex 6.75175 8.1237 0
    endloop
  endfacet
  facet normal 0.336941 0.941526 -0
    outer loop
      vertex 6.75175 6.01843 0
      vertex 6.65012 6.0548 1.4
      vertex 6.75175 6.01843 1.4
    endloop
  endfacet
  facet normal 0.336941 0.941526 0
    outer loop
      vertex 6.65012 6.0548 1.4
      vertex 6.75175 6.01843 0
      vertex 6.65012 6.0548 0
    endloop
  endfacet
  facet normal -0.970033 0.242972 0
    outer loop
      vertex 8.1237 6.75175 0
      vertex 8.14993 6.85647 1.4
      vertex 8.14993 6.85647 0
    endloop
  endfacet
  facet normal -0.970033 0.242972 0
    outer loop
      vertex 8.14993 6.85647 1.4
      vertex 8.1237 6.75175 0
      vertex 8.1237 6.75175 1.4
    endloop
  endfacet
  facet normal -0.998794 -0.0490967 0
    outer loop
      vertex 8.17107 7.07107 0
      vertex 8.16577 7.17889 1.4
      vertex 8.16577 7.17889 0
    endloop
  endfacet
  facet normal -0.998794 -0.0490967 0
    outer loop
      vertex 8.16577 7.17889 1.4
      vertex 8.17107 7.07107 0
      vertex 8.17107 7.07107 1.4
    endloop
  endfacet
  facet normal -0.803245 0.595648 0
    outer loop
      vertex 7.92138 6.37323 0
      vertex 7.98568 6.45994 1.4
      vertex 7.98568 6.45994 0
    endloop
  endfacet
  facet normal -0.803245 0.595648 0
    outer loop
      vertex 7.98568 6.45994 1.4
      vertex 7.92138 6.37323 0
      vertex 7.92138 6.37323 1.4
    endloop
  endfacet
  facet normal 0.740949 0.671561 0
    outer loop
      vertex 6.29325 6.29325 1.4
      vertex 6.22076 6.37323 0
      vertex 6.22076 6.37323 1.4
    endloop
  endfacet
  facet normal 0.740949 0.671561 0
    outer loop
      vertex 6.22076 6.37323 0
      vertex 6.29325 6.29325 1.4
      vertex 6.29325 6.29325 0
    endloop
  endfacet
  facet normal -0.242993 0.970028 0
    outer loop
      vertex 7.39038 6.01843 0
      vertex 7.28567 5.9922 1.4
      vertex 7.39038 6.01843 1.4
    endloop
  endfacet
  facet normal -0.242993 0.970028 0
    outer loop
      vertex 7.28567 5.9922 1.4
      vertex 7.39038 6.01843 0
      vertex 7.28567 5.9922 0
    endloop
  endfacet
  facet normal 0.595648 -0.803245 0
    outer loop
      vertex 6.37323 7.92138 0
      vertex 6.45994 7.98568 1.4
      vertex 6.37323 7.92138 1.4
    endloop
  endfacet
  facet normal 0.595648 -0.803245 0
    outer loop
      vertex 6.45994 7.98568 1.4
      vertex 6.37323 7.92138 0
      vertex 6.45994 7.98568 0
    endloop
  endfacet
  facet normal 0.0490967 -0.998794 0
    outer loop
      vertex 6.96325 8.16577 0
      vertex 7.07107 8.17107 1.4
      vertex 6.96325 8.16577 1.4
    endloop
  endfacet
  facet normal 0.0490967 -0.998794 0
    outer loop
      vertex 7.07107 8.17107 1.4
      vertex 6.96325 8.16577 0
      vertex 7.07107 8.17107 0
    endloop
  endfacet
  facet normal 0.146737 -0.989176 0
    outer loop
      vertex 6.85647 8.14993 0
      vertex 6.96325 8.16577 1.4
      vertex 6.85647 8.14993 1.4
    endloop
  endfacet
  facet normal 0.146737 -0.989176 0
    outer loop
      vertex 6.96325 8.16577 1.4
      vertex 6.85647 8.14993 0
      vertex 6.96325 8.16577 0
    endloop
  endfacet
  facet normal 0.242972 -0.970033 0
    outer loop
      vertex 6.75175 8.1237 0
      vertex 6.85647 8.14993 1.4
      vertex 6.75175 8.1237 1.4
    endloop
  endfacet
  facet normal 0.242972 -0.970033 0
    outer loop
      vertex 6.85647 8.14993 1.4
      vertex 6.75175 8.1237 0
      vertex 6.85647 8.14993 0
    endloop
  endfacet
  facet normal 0.803201 -0.595708 0
    outer loop
      vertex 6.15645 7.68219 1.4
      vertex 6.22076 7.7689 0
      vertex 6.22076 7.7689 1.4
    endloop
  endfacet
  facet normal 0.803201 -0.595708 0
    outer loop
      vertex 6.22076 7.7689 0
      vertex 6.15645 7.68219 1.4
      vertex 6.15645 7.68219 0
    endloop
  endfacet
  facet normal 0.427505 -0.904013 0
    outer loop
      vertex 6.55253 8.04118 0
      vertex 6.65012 8.08733 1.4
      vertex 6.55253 8.04118 1.4
    endloop
  endfacet
  facet normal 0.427505 -0.904013 0
    outer loop
      vertex 6.65012 8.08733 1.4
      vertex 6.55253 8.04118 0
      vertex 6.65012 8.08733 0
    endloop
  endfacet
  facet normal -0.857714 0.514128 0
    outer loop
      vertex 7.98568 6.45994 0
      vertex 8.04118 6.55253 1.4
      vertex 8.04118 6.55253 0
    endloop
  endfacet
  facet normal -0.857714 0.514128 0
    outer loop
      vertex 8.04118 6.55253 1.4
      vertex 7.98568 6.45994 0
      vertex 7.98568 6.45994 1.4
    endloop
  endfacet
  facet normal -0.0490967 -0.998794 0
    outer loop
      vertex 7.07107 8.17107 0
      vertex 7.17889 8.16577 1.4
      vertex 7.07107 8.17107 1.4
    endloop
  endfacet
  facet normal -0.0490967 -0.998794 -0
    outer loop
      vertex 7.17889 8.16577 1.4
      vertex 7.07107 8.17107 0
      vertex 7.17889 8.16577 0
    endloop
  endfacet
  facet normal -0.740903 0.671612 0
    outer loop
      vertex 7.84888 6.29325 0
      vertex 7.92138 6.37323 1.4
      vertex 7.92138 6.37323 0
    endloop
  endfacet
  facet normal -0.740903 0.671612 0
    outer loop
      vertex 7.92138 6.37323 1.4
      vertex 7.84888 6.29325 0
      vertex 7.84888 6.29325 1.4
    endloop
  endfacet
  facet normal -0.242993 -0.970028 0
    outer loop
      vertex 7.28567 8.14993 0
      vertex 7.39038 8.1237 1.4
      vertex 7.28567 8.14993 1.4
    endloop
  endfacet
  facet normal -0.242993 -0.970028 -0
    outer loop
      vertex 7.39038 8.1237 1.4
      vertex 7.28567 8.14993 0
      vertex 7.39038 8.1237 0
    endloop
  endfacet
  facet normal 0.998799 -0.0490043 0
    outer loop
      vertex 5.97107 7.07107 1.4
      vertex 5.97636 7.17889 0
      vertex 5.97636 7.17889 1.4
    endloop
  endfacet
  facet normal 0.998799 -0.0490043 0
    outer loop
      vertex 5.97636 7.17889 0
      vertex 5.97107 7.07107 1.4
      vertex 5.97107 7.07107 0
    endloop
  endfacet
  facet normal 0.903996 -0.427541 0
    outer loop
      vertex 6.0548 7.49202 1.4
      vertex 6.10095 7.5896 0
      vertex 6.10095 7.5896 1.4
    endloop
  endfacet
  facet normal 0.903996 -0.427541 0
    outer loop
      vertex 6.10095 7.5896 0
      vertex 6.0548 7.49202 1.4
      vertex 6.0548 7.49202 0
    endloop
  endfacet
  facet normal -0.989176 -0.146737 0
    outer loop
      vertex 8.16577 7.17889 0
      vertex 8.14993 7.28567 1.4
      vertex 8.14993 7.28567 0
    endloop
  endfacet
  facet normal -0.989176 -0.146737 0
    outer loop
      vertex 8.14993 7.28567 1.4
      vertex 8.16577 7.17889 0
      vertex 8.16577 7.17889 1.4
    endloop
  endfacet
  facet normal 0.857714 -0.514128 0
    outer loop
      vertex 6.10095 7.5896 1.4
      vertex 6.15645 7.68219 0
      vertex 6.15645 7.68219 1.4
    endloop
  endfacet
  facet normal 0.857714 -0.514128 0
    outer loop
      vertex 6.15645 7.68219 0
      vertex 6.10095 7.5896 1.4
      vertex 6.10095 7.5896 0
    endloop
  endfacet
  facet normal 0.427505 0.904013 -0
    outer loop
      vertex 6.65012 6.0548 0
      vertex 6.55253 6.10095 1.4
      vertex 6.65012 6.0548 1.4
    endloop
  endfacet
  facet normal 0.427505 0.904013 0
    outer loop
      vertex 6.55253 6.10095 1.4
      vertex 6.65012 6.0548 0
      vertex 6.55253 6.10095 0
    endloop
  endfacet
  facet normal -0.970028 -0.242993 0
    outer loop
      vertex 8.14993 7.28567 0
      vertex 8.1237 7.39038 1.4
      vertex 8.1237 7.39038 0
    endloop
  endfacet
  facet normal -0.970028 -0.242993 0
    outer loop
      vertex 8.1237 7.39038 1.4
      vertex 8.14993 7.28567 0
      vertex 8.14993 7.28567 1.4
    endloop
  endfacet
  facet normal -0.146737 0.989176 0
    outer loop
      vertex 7.28567 5.9922 0
      vertex 7.17889 5.97636 1.4
      vertex 7.28567 5.9922 1.4
    endloop
  endfacet
  facet normal -0.146737 0.989176 0
    outer loop
      vertex 7.17889 5.97636 1.4
      vertex 7.28567 5.9922 0
      vertex 7.17889 5.97636 0
    endloop
  endfacet
  facet normal -0.989176 0.146737 0
    outer loop
      vertex 8.14993 6.85647 0
      vertex 8.16577 6.96325 1.4
      vertex 8.16577 6.96325 0
    endloop
  endfacet
  facet normal -0.989176 0.146737 0
    outer loop
      vertex 8.16577 6.96325 1.4
      vertex 8.14993 6.85647 0
      vertex 8.14993 6.85647 1.4
    endloop
  endfacet
  facet normal -0.595708 0.803201 0
    outer loop
      vertex 7.7689 6.22076 0
      vertex 7.68219 6.15645 1.4
      vertex 7.7689 6.22076 1.4
    endloop
  endfacet
  facet normal -0.595708 0.803201 0
    outer loop
      vertex 7.68219 6.15645 1.4
      vertex 7.7689 6.22076 0
      vertex 7.68219 6.15645 0
    endloop
  endfacet
  facet normal -0.941506 -0.336997 0
    outer loop
      vertex 8.1237 7.39038 0
      vertex 8.11982 7.40122 1.4
      vertex 8.11982 7.40122 0
    endloop
  endfacet
  facet normal -0.941506 -0.336997 0
    outer loop
      vertex 8.11982 7.40122 1.4
      vertex 8.1237 7.39038 0
      vertex 8.1237 7.39038 1.4
    endloop
  endfacet
  facet normal -0.671561 0.740949 0
    outer loop
      vertex 7.84888 6.29325 0
      vertex 7.7689 6.22076 1.4
      vertex 7.84888 6.29325 1.4
    endloop
  endfacet
  facet normal -0.671561 0.740949 0
    outer loop
      vertex 7.7689 6.22076 1.4
      vertex 7.84888 6.29325 0
      vertex 7.7689 6.22076 0
    endloop
  endfacet
  facet normal 0.970028 -0.242993 0
    outer loop
      vertex 5.9922 7.28567 1.4
      vertex 6.01843 7.39038 0
      vertex 6.01843 7.39038 1.4
    endloop
  endfacet
  facet normal 0.970028 -0.242993 0
    outer loop
      vertex 6.01843 7.39038 0
      vertex 5.9922 7.28567 1.4
      vertex 5.9922 7.28567 0
    endloop
  endfacet
  facet normal 0.857714 0.514128 0
    outer loop
      vertex 6.15645 6.45994 1.4
      vertex 6.10095 6.55253 0
      vertex 6.10095 6.55253 1.4
    endloop
  endfacet
  facet normal 0.857714 0.514128 0
    outer loop
      vertex 6.10095 6.55253 0
      vertex 6.15645 6.45994 1.4
      vertex 6.15645 6.45994 0
    endloop
  endfacet
  facet normal 0.989176 -0.146737 0
    outer loop
      vertex 5.97636 7.17889 1.4
      vertex 5.9922 7.28567 0
      vertex 5.9922 7.28567 1.4
    endloop
  endfacet
  facet normal 0.989176 -0.146737 0
    outer loop
      vertex 5.9922 7.28567 0
      vertex 5.97636 7.17889 1.4
      vertex 5.97636 7.17889 0
    endloop
  endfacet
  facet normal -0.998794 0.0490967 0
    outer loop
      vertex 8.16577 6.96325 0
      vertex 8.17107 7.07107 1.4
      vertex 8.17107 7.07107 0
    endloop
  endfacet
  facet normal -0.998794 0.0490967 0
    outer loop
      vertex 8.17107 7.07107 1.4
      vertex 8.16577 6.96325 0
      vertex 8.16577 6.96325 1.4
    endloop
  endfacet
  facet normal 0.904013 0.427505 0
    outer loop
      vertex 6.10095 6.55253 1.4
      vertex 6.0548 6.65012 0
      vertex 6.0548 6.65012 1.4
    endloop
  endfacet
  facet normal 0.904013 0.427505 0
    outer loop
      vertex 6.0548 6.65012 0
      vertex 6.10095 6.55253 1.4
      vertex 6.10095 6.55253 0
    endloop
  endfacet
  facet normal -0.0490043 0.998799 0
    outer loop
      vertex 7.17889 5.97636 0
      vertex 7.07107 5.97107 1.4
      vertex 7.17889 5.97636 1.4
    endloop
  endfacet
  facet normal -0.0490043 0.998799 0
    outer loop
      vertex 7.07107 5.97107 1.4
      vertex 7.17889 5.97636 0
      vertex 7.07107 5.97107 0
    endloop
  endfacet
  facet normal 0.671561 0.740949 -0
    outer loop
      vertex 6.37323 6.22076 0
      vertex 6.29325 6.29325 1.4
      vertex 6.37323 6.22076 1.4
    endloop
  endfacet
  facet normal 0.671561 0.740949 0
    outer loop
      vertex 6.29325 6.29325 1.4
      vertex 6.37323 6.22076 0
      vertex 6.29325 6.29325 0
    endloop
  endfacet
  facet normal -0.803201 0.595708 0
    outer loop
      vertex -6.22076 6.37323 0
      vertex -6.15645 6.45994 1.4
      vertex -6.15645 6.45994 0
    endloop
  endfacet
  facet normal -0.803201 0.595708 0
    outer loop
      vertex -6.15645 6.45994 1.4
      vertex -6.22076 6.37323 0
      vertex -6.22076 6.37323 1.4
    endloop
  endfacet
  facet normal 0.242993 0.970028 -0
    outer loop
      vertex -7.28567 5.9922 0
      vertex -7.39038 6.01843 1.4
      vertex -7.28567 5.9922 1.4
    endloop
  endfacet
  facet normal 0.242993 0.970028 0
    outer loop
      vertex -7.39038 6.01843 1.4
      vertex -7.28567 5.9922 0
      vertex -7.39038 6.01843 0
    endloop
  endfacet
  facet normal 0.336911 0.941536 -0
    outer loop
      vertex -7.39038 6.01843 0
      vertex -7.49202 6.0548 1.4
      vertex -7.39038 6.01843 1.4
    endloop
  endfacet
  facet normal 0.336911 0.941536 0
    outer loop
      vertex -7.49202 6.0548 1.4
      vertex -7.39038 6.01843 0
      vertex -7.49202 6.0548 0
    endloop
  endfacet
  facet normal -0.336941 0.941526 0
    outer loop
      vertex -6.65012 6.0548 0
      vertex -6.75175 6.01843 1.4
      vertex -6.65012 6.0548 1.4
    endloop
  endfacet
  facet normal -0.336941 0.941526 0
    outer loop
      vertex -6.75175 6.01843 1.4
      vertex -6.65012 6.0548 0
      vertex -6.75175 6.01843 0
    endloop
  endfacet
  facet normal 0.803245 0.595648 0
    outer loop
      vertex -7.92138 6.37323 1.4
      vertex -7.98568 6.45994 0
      vertex -7.98568 6.45994 1.4
    endloop
  endfacet
  facet normal 0.803245 0.595648 0
    outer loop
      vertex -7.98568 6.45994 0
      vertex -7.92138 6.37323 1.4
      vertex -7.92138 6.37323 0
    endloop
  endfacet
  facet normal -0.595708 0.803201 0
    outer loop
      vertex -6.37323 6.22076 0
      vertex -6.45994 6.15645 1.4
      vertex -6.37323 6.22076 1.4
    endloop
  endfacet
  facet normal -0.595708 0.803201 0
    outer loop
      vertex -6.45994 6.15645 1.4
      vertex -6.37323 6.22076 0
      vertex -6.45994 6.15645 0
    endloop
  endfacet
  facet normal 0.989176 -0.146737 0
    outer loop
      vertex -8.16577 7.17889 1.4
      vertex -8.14993 7.28567 0
      vertex -8.14993 7.28567 1.4
    endloop
  endfacet
  facet normal 0.989176 -0.146737 0
    outer loop
      vertex -8.14993 7.28567 0
      vertex -8.16577 7.17889 1.4
      vertex -8.16577 7.17889 0
    endloop
  endfacet
  facet normal 0.671561 0.740949 -0
    outer loop
      vertex -7.7689 6.22076 0
      vertex -7.84888 6.29325 1.4
      vertex -7.7689 6.22076 1.4
    endloop
  endfacet
  facet normal 0.671561 0.740949 0
    outer loop
      vertex -7.84888 6.29325 1.4
      vertex -7.7689 6.22076 0
      vertex -7.84888 6.29325 0
    endloop
  endfacet
  facet normal -0.998799 0.0490043 0
    outer loop
      vertex -5.97636 6.96325 0
      vertex -5.97107 7.07107 1.4
      vertex -5.97107 7.07107 0
    endloop
  endfacet
  facet normal -0.998799 0.0490043 0
    outer loop
      vertex -5.97107 7.07107 1.4
      vertex -5.97636 6.96325 0
      vertex -5.97636 6.96325 1.4
    endloop
  endfacet
  facet normal -0.941536 -0.336911 0
    outer loop
      vertex -6.01843 7.39038 0
      vertex -6.0548 7.49202 1.4
      vertex -6.0548 7.49202 0
    endloop
  endfacet
  facet normal -0.941536 -0.336911 0
    outer loop
      vertex -6.0548 7.49202 1.4
      vertex -6.01843 7.39038 0
      vertex -6.01843 7.39038 1.4
    endloop
  endfacet
  facet normal -0.857714 0.514128 0
    outer loop
      vertex -6.15645 6.45994 0
      vertex -6.10095 6.55253 1.4
      vertex -6.10095 6.55253 0
    endloop
  endfacet
  facet normal -0.857714 0.514128 0
    outer loop
      vertex -6.10095 6.55253 1.4
      vertex -6.15645 6.45994 0
      vertex -6.15645 6.45994 1.4
    endloop
  endfacet
  facet normal -0.989176 0.146737 0
    outer loop
      vertex -5.9922 6.85647 0
      vertex -5.97636 6.96325 1.4
      vertex -5.97636 6.96325 0
    endloop
  endfacet
  facet normal -0.989176 0.146737 0
    outer loop
      vertex -5.97636 6.96325 1.4
      vertex -5.9922 6.85647 0
      vertex -5.9922 6.85647 1.4
    endloop
  endfacet
  facet normal -0.146737 0.989176 0
    outer loop
      vertex -6.85647 5.9922 0
      vertex -6.96325 5.97636 1.4
      vertex -6.85647 5.9922 1.4
    endloop
  endfacet
  facet normal -0.146737 0.989176 0
    outer loop
      vertex -6.96325 5.97636 1.4
      vertex -6.85647 5.9922 0
      vertex -6.96325 5.97636 0
    endloop
  endfacet
  facet normal -0.0490043 0.998799 0
    outer loop
      vertex -6.96325 5.97636 0
      vertex -7.07107 5.97107 1.4
      vertex -6.96325 5.97636 1.4
    endloop
  endfacet
  facet normal -0.0490043 0.998799 0
    outer loop
      vertex -7.07107 5.97107 1.4
      vertex -6.96325 5.97636 0
      vertex -7.07107 5.97107 0
    endloop
  endfacet
  facet normal 0.857714 0.514128 0
    outer loop
      vertex -7.98568 6.45994 1.4
      vertex -8.04118 6.55253 0
      vertex -8.04118 6.55253 1.4
    endloop
  endfacet
  facet normal 0.857714 0.514128 0
    outer loop
      vertex -8.04118 6.55253 0
      vertex -7.98568 6.45994 1.4
      vertex -7.98568 6.45994 0
    endloop
  endfacet
  facet normal 0.904013 0.427505 0
    outer loop
      vertex -8.04118 6.55253 1.4
      vertex -8.08733 6.65012 0
      vertex -8.08733 6.65012 1.4
    endloop
  endfacet
  facet normal 0.904013 0.427505 0
    outer loop
      vertex -8.08733 6.65012 0
      vertex -8.04118 6.55253 1.4
      vertex -8.04118 6.55253 0
    endloop
  endfacet
  facet normal -0.970033 0.242972 0
    outer loop
      vertex -6.01843 6.75175 0
      vertex -5.9922 6.85647 1.4
      vertex -5.9922 6.85647 0
    endloop
  endfacet
  facet normal -0.970033 0.242972 0
    outer loop
      vertex -5.9922 6.85647 1.4
      vertex -6.01843 6.75175 0
      vertex -6.01843 6.75175 1.4
    endloop
  endfacet
  facet normal 0.146737 0.989176 -0
    outer loop
      vertex -7.17889 5.97636 0
      vertex -7.28567 5.9922 1.4
      vertex -7.17889 5.97636 1.4
    endloop
  endfacet
  facet normal 0.146737 0.989176 0
    outer loop
      vertex -7.28567 5.9922 1.4
      vertex -7.17889 5.97636 0
      vertex -7.28567 5.9922 0
    endloop
  endfacet
  facet normal -0.671612 -0.740903 0
    outer loop
      vertex -6.37323 7.92138 0
      vertex -6.29325 7.84888 1.4
      vertex -6.37323 7.92138 1.4
    endloop
  endfacet
  facet normal -0.671612 -0.740903 -0
    outer loop
      vertex -6.29325 7.84888 1.4
      vertex -6.37323 7.92138 0
      vertex -6.29325 7.84888 0
    endloop
  endfacet
  facet normal -0.803201 -0.595708 0
    outer loop
      vertex -6.15645 7.68219 0
      vertex -6.22076 7.7689 1.4
      vertex -6.22076 7.7689 0
    endloop
  endfacet
  facet normal -0.803201 -0.595708 0
    outer loop
      vertex -6.22076 7.7689 1.4
      vertex -6.15645 7.68219 0
      vertex -6.15645 7.68219 1.4
    endloop
  endfacet
  facet normal -0.242972 0.970033 0
    outer loop
      vertex -6.75175 6.01843 0
      vertex -6.85647 5.9922 1.4
      vertex -6.75175 6.01843 1.4
    endloop
  endfacet
  facet normal -0.242972 0.970033 0
    outer loop
      vertex -6.85647 5.9922 1.4
      vertex -6.75175 6.01843 0
      vertex -6.85647 5.9922 0
    endloop
  endfacet
  facet normal 0.941506 -0.336997 0
    outer loop
      vertex -8.1237 7.39038 1.4
      vertex -8.11982 7.40122 0
      vertex -8.11982 7.40122 1.4
    endloop
  endfacet
  facet normal 0.941506 -0.336997 0
    outer loop
      vertex -8.11982 7.40122 0
      vertex -8.1237 7.39038 1.4
      vertex -8.1237 7.39038 0
    endloop
  endfacet
  facet normal -0.336941 -0.941526 0
    outer loop
      vertex -6.75175 8.1237 0
      vertex -6.65012 8.08733 1.4
      vertex -6.75175 8.1237 1.4
    endloop
  endfacet
  facet normal -0.336941 -0.941526 -0
    outer loop
      vertex -6.65012 8.08733 1.4
      vertex -6.75175 8.1237 0
      vertex -6.65012 8.08733 0
    endloop
  endfacet
  facet normal 0.941526 0.336941 0
    outer loop
      vertex -8.08733 6.65012 1.4
      vertex -8.1237 6.75175 0
      vertex -8.1237 6.75175 1.4
    endloop
  endfacet
  facet normal 0.941526 0.336941 0
    outer loop
      vertex -8.1237 6.75175 0
      vertex -8.08733 6.65012 1.4
      vertex -8.08733 6.65012 0
    endloop
  endfacet
  facet normal -0.941526 0.336941 0
    outer loop
      vertex -6.0548 6.65012 0
      vertex -6.01843 6.75175 1.4
      vertex -6.01843 6.75175 0
    endloop
  endfacet
  facet normal -0.941526 0.336941 0
    outer loop
      vertex -6.01843 6.75175 1.4
      vertex -6.0548 6.65012 0
      vertex -6.0548 6.65012 1.4
    endloop
  endfacet
  facet normal -0.242972 -0.970033 0
    outer loop
      vertex -6.85647 8.14993 0
      vertex -6.75175 8.1237 1.4
      vertex -6.85647 8.14993 1.4
    endloop
  endfacet
  facet normal -0.242972 -0.970033 -0
    outer loop
      vertex -6.75175 8.1237 1.4
      vertex -6.85647 8.14993 0
      vertex -6.75175 8.1237 0
    endloop
  endfacet
  facet normal 0.0490967 -0.998794 0
    outer loop
      vertex -7.17889 8.16577 0
      vertex -7.07107 8.17107 1.4
      vertex -7.17889 8.16577 1.4
    endloop
  endfacet
  facet normal 0.0490967 -0.998794 0
    outer loop
      vertex -7.07107 8.17107 1.4
      vertex -7.17889 8.16577 0
      vertex -7.07107 8.17107 0
    endloop
  endfacet
  facet normal -0.595648 -0.803245 0
    outer loop
      vertex -6.45994 7.98568 0
      vertex -6.37323 7.92138 1.4
      vertex -6.45994 7.98568 1.4
    endloop
  endfacet
  facet normal -0.595648 -0.803245 -0
    outer loop
      vertex -6.37323 7.92138 1.4
      vertex -6.45994 7.98568 0
      vertex -6.37323 7.92138 0
    endloop
  endfacet
  facet normal -0.671561 0.740949 0
    outer loop
      vertex -6.29325 6.29325 0
      vertex -6.37323 6.22076 1.4
      vertex -6.29325 6.29325 1.4
    endloop
  endfacet
  facet normal -0.671561 0.740949 0
    outer loop
      vertex -6.37323 6.22076 1.4
      vertex -6.29325 6.29325 0
      vertex -6.37323 6.22076 0
    endloop
  endfacet
  facet normal 0.998794 0.0490967 0
    outer loop
      vertex -8.16577 6.96325 1.4
      vertex -8.17107 7.07107 0
      vertex -8.17107 7.07107 1.4
    endloop
  endfacet
  facet normal 0.998794 0.0490967 0
    outer loop
      vertex -8.17107 7.07107 0
      vertex -8.16577 6.96325 1.4
      vertex -8.16577 6.96325 0
    endloop
  endfacet
  facet normal 0.740903 0.671612 0
    outer loop
      vertex -7.84888 6.29325 1.4
      vertex -7.92138 6.37323 0
      vertex -7.92138 6.37323 1.4
    endloop
  endfacet
  facet normal 0.740903 0.671612 0
    outer loop
      vertex -7.92138 6.37323 0
      vertex -7.84888 6.29325 1.4
      vertex -7.84888 6.29325 0
    endloop
  endfacet
  facet normal 0.989176 0.146737 0
    outer loop
      vertex -8.14993 6.85647 1.4
      vertex -8.16577 6.96325 0
      vertex -8.16577 6.96325 1.4
    endloop
  endfacet
  facet normal 0.989176 0.146737 0
    outer loop
      vertex -8.16577 6.96325 0
      vertex -8.14993 6.85647 1.4
      vertex -8.14993 6.85647 0
    endloop
  endfacet
  facet normal 0.595708 0.803201 -0
    outer loop
      vertex -7.68219 6.15645 0
      vertex -7.7689 6.22076 1.4
      vertex -7.68219 6.15645 1.4
    endloop
  endfacet
  facet normal 0.595708 0.803201 0
    outer loop
      vertex -7.7689 6.22076 1.4
      vertex -7.68219 6.15645 0
      vertex -7.7689 6.22076 0
    endloop
  endfacet
  facet normal -0.514128 -0.857714 0
    outer loop
      vertex -6.55253 8.04118 0
      vertex -6.45994 7.98568 1.4
      vertex -6.55253 8.04118 1.4
    endloop
  endfacet
  facet normal -0.514128 -0.857714 -0
    outer loop
      vertex -6.45994 7.98568 1.4
      vertex -6.55253 8.04118 0
      vertex -6.45994 7.98568 0
    endloop
  endfacet
  facet normal -0.146737 -0.989176 0
    outer loop
      vertex -6.96325 8.16577 0
      vertex -6.85647 8.14993 1.4
      vertex -6.96325 8.16577 1.4
    endloop
  endfacet
  facet normal -0.146737 -0.989176 -0
    outer loop
      vertex -6.85647 8.14993 1.4
      vertex -6.96325 8.16577 0
      vertex -6.85647 8.14993 0
    endloop
  endfacet
  facet normal 0.970033 0.242972 0
    outer loop
      vertex -8.1237 6.75175 1.4
      vertex -8.14993 6.85647 0
      vertex -8.14993 6.85647 1.4
    endloop
  endfacet
  facet normal 0.970033 0.242972 0
    outer loop
      vertex -8.14993 6.85647 0
      vertex -8.1237 6.75175 1.4
      vertex -8.1237 6.75175 0
    endloop
  endfacet
  facet normal 0.998794 -0.0490967 0
    outer loop
      vertex -8.17107 7.07107 1.4
      vertex -8.16577 7.17889 0
      vertex -8.16577 7.17889 1.4
    endloop
  endfacet
  facet normal 0.998794 -0.0490967 0
    outer loop
      vertex -8.16577 7.17889 0
      vertex -8.17107 7.07107 1.4
      vertex -8.17107 7.07107 0
    endloop
  endfacet
  facet normal 0.970028 -0.242993 0
    outer loop
      vertex -8.14993 7.28567 1.4
      vertex -8.1237 7.39038 0
      vertex -8.1237 7.39038 1.4
    endloop
  endfacet
  facet normal 0.970028 -0.242993 0
    outer loop
      vertex -8.1237 7.39038 0
      vertex -8.14993 7.28567 1.4
      vertex -8.14993 7.28567 0
    endloop
  endfacet
  facet normal -0.998799 -0.0490043 0
    outer loop
      vertex -5.97107 7.07107 0
      vertex -5.97636 7.17889 1.4
      vertex -5.97636 7.17889 0
    endloop
  endfacet
  facet normal -0.998799 -0.0490043 0
    outer loop
      vertex -5.97636 7.17889 1.4
      vertex -5.97107 7.07107 0
      vertex -5.97107 7.07107 1.4
    endloop
  endfacet
  facet normal 0.0490043 0.998799 -0
    outer loop
      vertex -7.07107 5.97107 0
      vertex -7.17889 5.97636 1.4
      vertex -7.07107 5.97107 1.4
    endloop
  endfacet
  facet normal 0.0490043 0.998799 0
    outer loop
      vertex -7.17889 5.97636 1.4
      vertex -7.07107 5.97107 0
      vertex -7.17889 5.97636 0
    endloop
  endfacet
  facet normal 0.427541 0.903996 -0
    outer loop
      vertex -7.49202 6.0548 0
      vertex -7.5896 6.10095 1.4
      vertex -7.49202 6.0548 1.4
    endloop
  endfacet
  facet normal 0.427541 0.903996 0
    outer loop
      vertex -7.5896 6.10095 1.4
      vertex -7.49202 6.0548 0
      vertex -7.5896 6.10095 0
    endloop
  endfacet
  facet normal -0.427505 -0.904013 0
    outer loop
      vertex -6.65012 8.08733 0
      vertex -6.55253 8.04118 1.4
      vertex -6.65012 8.08733 1.4
    endloop
  endfacet
  facet normal -0.427505 -0.904013 -0
    outer loop
      vertex -6.55253 8.04118 1.4
      vertex -6.65012 8.08733 0
      vertex -6.55253 8.04118 0
    endloop
  endfacet
  facet normal 0.146737 -0.989176 0
    outer loop
      vertex -7.28567 8.14993 0
      vertex -7.17889 8.16577 1.4
      vertex -7.28567 8.14993 1.4
    endloop
  endfacet
  facet normal 0.146737 -0.989176 0
    outer loop
      vertex -7.17889 8.16577 1.4
      vertex -7.28567 8.14993 0
      vertex -7.17889 8.16577 0
    endloop
  endfacet
  facet normal 0.514128 0.857714 -0
    outer loop
      vertex -7.5896 6.10095 0
      vertex -7.68219 6.15645 1.4
      vertex -7.5896 6.10095 1.4
    endloop
  endfacet
  facet normal 0.514128 0.857714 0
    outer loop
      vertex -7.68219 6.15645 1.4
      vertex -7.5896 6.10095 0
      vertex -7.68219 6.15645 0
    endloop
  endfacet
  facet normal -0.903996 -0.427541 0
    outer loop
      vertex -6.0548 7.49202 0
      vertex -6.10095 7.5896 1.4
      vertex -6.10095 7.5896 0
    endloop
  endfacet
  facet normal -0.903996 -0.427541 0
    outer loop
      vertex -6.10095 7.5896 1.4
      vertex -6.0548 7.49202 0
      vertex -6.0548 7.49202 1.4
    endloop
  endfacet
  facet normal -0.904013 0.427505 0
    outer loop
      vertex -6.10095 6.55253 0
      vertex -6.0548 6.65012 1.4
      vertex -6.0548 6.65012 0
    endloop
  endfacet
  facet normal -0.904013 0.427505 0
    outer loop
      vertex -6.0548 6.65012 1.4
      vertex -6.10095 6.55253 0
      vertex -6.10095 6.55253 1.4
    endloop
  endfacet
  facet normal 0.242993 -0.970028 0
    outer loop
      vertex -7.39038 8.1237 0
      vertex -7.28567 8.14993 1.4
      vertex -7.39038 8.1237 1.4
    endloop
  endfacet
  facet normal 0.242993 -0.970028 0
    outer loop
      vertex -7.28567 8.14993 1.4
      vertex -7.39038 8.1237 0
      vertex -7.28567 8.14993 0
    endloop
  endfacet
  facet normal -0.970028 -0.242993 0
    outer loop
      vertex -5.9922 7.28567 0
      vertex -6.01843 7.39038 1.4
      vertex -6.01843 7.39038 0
    endloop
  endfacet
  facet normal -0.970028 -0.242993 0
    outer loop
      vertex -6.01843 7.39038 1.4
      vertex -5.9922 7.28567 0
      vertex -5.9922 7.28567 1.4
    endloop
  endfacet
  facet normal -0.989176 -0.146737 0
    outer loop
      vertex -5.97636 7.17889 0
      vertex -5.9922 7.28567 1.4
      vertex -5.9922 7.28567 0
    endloop
  endfacet
  facet normal -0.989176 -0.146737 0
    outer loop
      vertex -5.9922 7.28567 1.4
      vertex -5.97636 7.17889 0
      vertex -5.97636 7.17889 1.4
    endloop
  endfacet
  facet normal 0.336997 -0.941506 0
    outer loop
      vertex -7.40122 8.11982 0
      vertex -7.39038 8.1237 1.4
      vertex -7.40122 8.11982 1.4
    endloop
  endfacet
  facet normal 0.336997 -0.941506 0
    outer loop
      vertex -7.39038 8.1237 1.4
      vertex -7.40122 8.11982 0
      vertex -7.39038 8.1237 0
    endloop
  endfacet
  facet normal -0.740949 -0.671561 0
    outer loop
      vertex -6.22076 7.7689 0
      vertex -6.29325 7.84888 1.4
      vertex -6.29325 7.84888 0
    endloop
  endfacet
  facet normal -0.740949 -0.671561 0
    outer loop
      vertex -6.29325 7.84888 1.4
      vertex -6.22076 7.7689 0
      vertex -6.22076 7.7689 1.4
    endloop
  endfacet
  facet normal -0.514128 0.857714 0
    outer loop
      vertex -6.45994 6.15645 0
      vertex -6.55253 6.10095 1.4
      vertex -6.45994 6.15645 1.4
    endloop
  endfacet
  facet normal -0.514128 0.857714 0
    outer loop
      vertex -6.55253 6.10095 1.4
      vertex -6.45994 6.15645 0
      vertex -6.55253 6.10095 0
    endloop
  endfacet
  facet normal -0.0490967 -0.998794 0
    outer loop
      vertex -7.07107 8.17107 0
      vertex -6.96325 8.16577 1.4
      vertex -7.07107 8.17107 1.4
    endloop
  endfacet
  facet normal -0.0490967 -0.998794 -0
    outer loop
      vertex -6.96325 8.16577 1.4
      vertex -7.07107 8.17107 0
      vertex -6.96325 8.16577 0
    endloop
  endfacet
  facet normal -0.427505 0.904013 0
    outer loop
      vertex -6.55253 6.10095 0
      vertex -6.65012 6.0548 1.4
      vertex -6.55253 6.10095 1.4
    endloop
  endfacet
  facet normal -0.427505 0.904013 0
    outer loop
      vertex -6.65012 6.0548 1.4
      vertex -6.55253 6.10095 0
      vertex -6.65012 6.0548 0
    endloop
  endfacet
  facet normal -0.857714 -0.514128 0
    outer loop
      vertex -6.10095 7.5896 0
      vertex -6.15645 7.68219 1.4
      vertex -6.15645 7.68219 0
    endloop
  endfacet
  facet normal -0.857714 -0.514128 0
    outer loop
      vertex -6.15645 7.68219 1.4
      vertex -6.10095 7.5896 0
      vertex -6.10095 7.5896 1.4
    endloop
  endfacet
  facet normal -0.740949 0.671561 0
    outer loop
      vertex -6.29325 6.29325 0
      vertex -6.22076 6.37323 1.4
      vertex -6.22076 6.37323 0
    endloop
  endfacet
  facet normal -0.740949 0.671561 0
    outer loop
      vertex -6.22076 6.37323 1.4
      vertex -6.29325 6.29325 0
      vertex -6.29325 6.29325 1.4
    endloop
  endfacet
  facet normal -0.595708 -0.803201 0
    outer loop
      vertex -6.45994 -6.15645 0
      vertex -6.37323 -6.22076 1.4
      vertex -6.45994 -6.15645 1.4
    endloop
  endfacet
  facet normal -0.595708 -0.803201 -0
    outer loop
      vertex -6.37323 -6.22076 1.4
      vertex -6.45994 -6.15645 0
      vertex -6.37323 -6.22076 0
    endloop
  endfacet
  facet normal -0.970028 0.242993 0
    outer loop
      vertex -6.01843 -7.39038 0
      vertex -5.9922 -7.28567 1.4
      vertex -5.9922 -7.28567 0
    endloop
  endfacet
  facet normal -0.970028 0.242993 0
    outer loop
      vertex -5.9922 -7.28567 1.4
      vertex -6.01843 -7.39038 0
      vertex -6.01843 -7.39038 1.4
    endloop
  endfacet
  facet normal -0.941536 0.336911 0
    outer loop
      vertex -6.0548 -7.49202 0
      vertex -6.01843 -7.39038 1.4
      vertex -6.01843 -7.39038 0
    endloop
  endfacet
  facet normal -0.941536 0.336911 0
    outer loop
      vertex -6.01843 -7.39038 1.4
      vertex -6.0548 -7.49202 0
      vertex -6.0548 -7.49202 1.4
    endloop
  endfacet
  facet normal -0.595648 0.803245 0
    outer loop
      vertex -6.37323 -7.92138 0
      vertex -6.45994 -7.98568 1.4
      vertex -6.37323 -7.92138 1.4
    endloop
  endfacet
  facet normal -0.595648 0.803245 0
    outer loop
      vertex -6.45994 -7.98568 1.4
      vertex -6.37323 -7.92138 0
      vertex -6.45994 -7.98568 0
    endloop
  endfacet
  facet normal -0.803201 -0.595708 0
    outer loop
      vertex -6.15645 -6.45994 0
      vertex -6.22076 -6.37323 1.4
      vertex -6.22076 -6.37323 0
    endloop
  endfacet
  facet normal -0.803201 -0.595708 0
    outer loop
      vertex -6.22076 -6.37323 1.4
      vertex -6.15645 -6.45994 0
      vertex -6.15645 -6.45994 1.4
    endloop
  endfacet
  facet normal -0.740949 0.671561 0
    outer loop
      vertex -6.29325 -7.84888 0
      vertex -6.22076 -7.7689 1.4
      vertex -6.22076 -7.7689 0
    endloop
  endfacet
  facet normal -0.740949 0.671561 0
    outer loop
      vertex -6.22076 -7.7689 1.4
      vertex -6.29325 -7.84888 0
      vertex -6.29325 -7.84888 1.4
    endloop
  endfacet
  facet normal -0.0490043 -0.998799 0
    outer loop
      vertex -7.07107 -5.97107 0
      vertex -6.96325 -5.97636 1.4
      vertex -7.07107 -5.97107 1.4
    endloop
  endfacet
  facet normal -0.0490043 -0.998799 -0
    outer loop
      vertex -6.96325 -5.97636 1.4
      vertex -7.07107 -5.97107 0
      vertex -6.96325 -5.97636 0
    endloop
  endfacet
  facet normal 0.336911 -0.941536 0
    outer loop
      vertex -7.49202 -6.0548 0
      vertex -7.39038 -6.01843 1.4
      vertex -7.49202 -6.0548 1.4
    endloop
  endfacet
  facet normal 0.336911 -0.941536 0
    outer loop
      vertex -7.39038 -6.01843 1.4
      vertex -7.49202 -6.0548 0
      vertex -7.39038 -6.01843 0
    endloop
  endfacet
  facet normal 0.146737 0.989176 -0
    outer loop
      vertex -7.17889 -8.16577 0
      vertex -7.28567 -8.14993 1.4
      vertex -7.17889 -8.16577 1.4
    endloop
  endfacet
  facet normal 0.146737 0.989176 0
    outer loop
      vertex -7.28567 -8.14993 1.4
      vertex -7.17889 -8.16577 0
      vertex -7.28567 -8.14993 0
    endloop
  endfacet
  facet normal -0.989176 -0.146737 0
    outer loop
      vertex -5.97636 -6.96325 0
      vertex -5.9922 -6.85647 1.4
      vertex -5.9922 -6.85647 0
    endloop
  endfacet
  facet normal -0.989176 -0.146737 0
    outer loop
      vertex -5.9922 -6.85647 1.4
      vertex -5.97636 -6.96325 0
      vertex -5.97636 -6.96325 1.4
    endloop
  endfacet
  facet normal -0.514128 0.857714 0
    outer loop
      vertex -6.45994 -7.98568 0
      vertex -6.55253 -8.04118 1.4
      vertex -6.45994 -7.98568 1.4
    endloop
  endfacet
  facet normal -0.514128 0.857714 0
    outer loop
      vertex -6.55253 -8.04118 1.4
      vertex -6.45994 -7.98568 0
      vertex -6.55253 -8.04118 0
    endloop
  endfacet
  facet normal -0.427505 0.904013 0
    outer loop
      vertex -6.55253 -8.04118 0
      vertex -6.65012 -8.08733 1.4
      vertex -6.55253 -8.04118 1.4
    endloop
  endfacet
  facet normal -0.427505 0.904013 0
    outer loop
      vertex -6.65012 -8.08733 1.4
      vertex -6.55253 -8.04118 0
      vertex -6.65012 -8.08733 0
    endloop
  endfacet
  facet normal -0.989176 0.146737 0
    outer loop
      vertex -5.9922 -7.28567 0
      vertex -5.97636 -7.17889 1.4
      vertex -5.97636 -7.17889 0
    endloop
  endfacet
  facet normal -0.989176 0.146737 0
    outer loop
      vertex -5.97636 -7.17889 1.4
      vertex -5.9922 -7.28567 0
      vertex -5.9922 -7.28567 1.4
    endloop
  endfacet
  facet normal 0.740903 -0.671612 0
    outer loop
      vertex -7.92138 -6.37323 1.4
      vertex -7.84888 -6.29325 0
      vertex -7.84888 -6.29325 1.4
    endloop
  endfacet
  facet normal 0.740903 -0.671612 0
    outer loop
      vertex -7.84888 -6.29325 0
      vertex -7.92138 -6.37323 1.4
      vertex -7.92138 -6.37323 0
    endloop
  endfacet
  facet normal -0.146737 -0.989176 0
    outer loop
      vertex -6.96325 -5.97636 0
      vertex -6.85647 -5.9922 1.4
      vertex -6.96325 -5.97636 1.4
    endloop
  endfacet
  facet normal -0.146737 -0.989176 -0
    outer loop
      vertex -6.85647 -5.9922 1.4
      vertex -6.96325 -5.97636 0
      vertex -6.85647 -5.9922 0
    endloop
  endfacet
  facet normal 0.595708 -0.803201 0
    outer loop
      vertex -7.7689 -6.22076 0
      vertex -7.68219 -6.15645 1.4
      vertex -7.7689 -6.22076 1.4
    endloop
  endfacet
  facet normal 0.595708 -0.803201 0
    outer loop
      vertex -7.68219 -6.15645 1.4
      vertex -7.7689 -6.22076 0
      vertex -7.68219 -6.15645 0
    endloop
  endfacet
  facet normal 0.941526 -0.336941 0
    outer loop
      vertex -8.1237 -6.75175 1.4
      vertex -8.08733 -6.65012 0
      vertex -8.08733 -6.65012 1.4
    endloop
  endfacet
  facet normal 0.941526 -0.336941 0
    outer loop
      vertex -8.08733 -6.65012 0
      vertex -8.1237 -6.75175 1.4
      vertex -8.1237 -6.75175 0
    endloop
  endfacet
  facet normal -0.336941 0.941526 0
    outer loop
      vertex -6.65012 -8.08733 0
      vertex -6.75175 -8.1237 1.4
      vertex -6.65012 -8.08733 1.4
    endloop
  endfacet
  facet normal -0.336941 0.941526 0
    outer loop
      vertex -6.75175 -8.1237 1.4
      vertex -6.65012 -8.08733 0
      vertex -6.75175 -8.1237 0
    endloop
  endfacet
  facet normal -0.336941 -0.941526 0
    outer loop
      vertex -6.75175 -6.01843 0
      vertex -6.65012 -6.0548 1.4
      vertex -6.75175 -6.01843 1.4
    endloop
  endfacet
  facet normal -0.336941 -0.941526 -0
    outer loop
      vertex -6.65012 -6.0548 1.4
      vertex -6.75175 -6.01843 0
      vertex -6.65012 -6.0548 0
    endloop
  endfacet
  facet normal 0.970033 -0.242972 0
    outer loop
      vertex -8.14993 -6.85647 1.4
      vertex -8.1237 -6.75175 0
      vertex -8.1237 -6.75175 1.4
    endloop
  endfacet
  facet normal 0.970033 -0.242972 0
    outer loop
      vertex -8.1237 -6.75175 0
      vertex -8.14993 -6.85647 1.4
      vertex -8.14993 -6.85647 0
    endloop
  endfacet
  facet normal 0.998794 0.0490967 0
    outer loop
      vertex -8.16577 -7.17889 1.4
      vertex -8.17107 -7.07107 0
      vertex -8.17107 -7.07107 1.4
    endloop
  endfacet
  facet normal 0.998794 0.0490967 0
    outer loop
      vertex -8.17107 -7.07107 0
      vertex -8.16577 -7.17889 1.4
      vertex -8.16577 -7.17889 0
    endloop
  endfacet
  facet normal 0.0490967 0.998794 -0
    outer loop
      vertex -7.07107 -8.17107 0
      vertex -7.17889 -8.16577 1.4
      vertex -7.07107 -8.17107 1.4
    endloop
  endfacet
  facet normal 0.0490967 0.998794 0
    outer loop
      vertex -7.17889 -8.16577 1.4
      vertex -7.07107 -8.17107 0
      vertex -7.17889 -8.16577 0
    endloop
  endfacet
  facet normal 0.803245 -0.595648 0
    outer loop
      vertex -7.98568 -6.45994 1.4
      vertex -7.92138 -6.37323 0
      vertex -7.92138 -6.37323 1.4
    endloop
  endfacet
  facet normal 0.803245 -0.595648 0
    outer loop
      vertex -7.92138 -6.37323 0
      vertex -7.98568 -6.45994 1.4
      vertex -7.98568 -6.45994 0
    endloop
  endfacet
  facet normal -0.740949 -0.671561 0
    outer loop
      vertex -6.22076 -6.37323 0
      vertex -6.29325 -6.29325 1.4
      vertex -6.29325 -6.29325 0
    endloop
  endfacet
  facet normal -0.740949 -0.671561 0
    outer loop
      vertex -6.29325 -6.29325 1.4
      vertex -6.22076 -6.37323 0
      vertex -6.22076 -6.37323 1.4
    endloop
  endfacet
  facet normal 0.336997 0.941506 -0
    outer loop
      vertex -7.39038 -8.1237 0
      vertex -7.40122 -8.11982 1.4
      vertex -7.39038 -8.1237 1.4
    endloop
  endfacet
  facet normal 0.336997 0.941506 0
    outer loop
      vertex -7.40122 -8.11982 1.4
      vertex -7.39038 -8.1237 0
      vertex -7.40122 -8.11982 0
    endloop
  endfacet
  facet normal -0.0490967 0.998794 0
    outer loop
      vertex -6.96325 -8.16577 0
      vertex -7.07107 -8.17107 1.4
      vertex -6.96325 -8.16577 1.4
    endloop
  endfacet
  facet normal -0.0490967 0.998794 0
    outer loop
      vertex -7.07107 -8.17107 1.4
      vertex -6.96325 -8.16577 0
      vertex -7.07107 -8.17107 0
    endloop
  endfacet
  facet normal -0.671612 0.740903 0
    outer loop
      vertex -6.29325 -7.84888 0
      vertex -6.37323 -7.92138 1.4
      vertex -6.29325 -7.84888 1.4
    endloop
  endfacet
  facet normal -0.671612 0.740903 0
    outer loop
      vertex -6.37323 -7.92138 1.4
      vertex -6.29325 -7.84888 0
      vertex -6.37323 -7.92138 0
    endloop
  endfacet
  facet normal -0.146737 0.989176 0
    outer loop
      vertex -6.85647 -8.14993 0
      vertex -6.96325 -8.16577 1.4
      vertex -6.85647 -8.14993 1.4
    endloop
  endfacet
  facet normal -0.146737 0.989176 0
    outer loop
      vertex -6.96325 -8.16577 1.4
      vertex -6.85647 -8.14993 0
      vertex -6.96325 -8.16577 0
    endloop
  endfacet
  facet normal -0.970033 -0.242972 0
    outer loop
      vertex -5.9922 -6.85647 0
      vertex -6.01843 -6.75175 1.4
      vertex -6.01843 -6.75175 0
    endloop
  endfacet
  facet normal -0.970033 -0.242972 0
    outer loop
      vertex -6.01843 -6.75175 1.4
      vertex -5.9922 -6.85647 0
      vertex -5.9922 -6.85647 1.4
    endloop
  endfacet
  facet normal -0.803201 0.595708 0
    outer loop
      vertex -6.22076 -7.7689 0
      vertex -6.15645 -7.68219 1.4
      vertex -6.15645 -7.68219 0
    endloop
  endfacet
  facet normal -0.803201 0.595708 0
    outer loop
      vertex -6.15645 -7.68219 1.4
      vertex -6.22076 -7.7689 0
      vertex -6.22076 -7.7689 1.4
    endloop
  endfacet
  facet normal 0.857714 -0.514128 0
    outer loop
      vertex -8.04118 -6.55253 1.4
      vertex -7.98568 -6.45994 0
      vertex -7.98568 -6.45994 1.4
    endloop
  endfacet
  facet normal 0.857714 -0.514128 0
    outer loop
      vertex -7.98568 -6.45994 0
      vertex -8.04118 -6.55253 1.4
      vertex -8.04118 -6.55253 0
    endloop
  endfacet
  facet normal 0.989176 -0.146737 0
    outer loop
      vertex -8.16577 -6.96325 1.4
      vertex -8.14993 -6.85647 0
      vertex -8.14993 -6.85647 1.4
    endloop
  endfacet
  facet normal 0.989176 -0.146737 0
    outer loop
      vertex -8.14993 -6.85647 0
      vertex -8.16577 -6.96325 1.4
      vertex -8.16577 -6.96325 0
    endloop
  endfacet
  facet normal -0.242972 0.970033 0
    outer loop
      vertex -6.75175 -8.1237 0
      vertex -6.85647 -8.14993 1.4
      vertex -6.75175 -8.1237 1.4
    endloop
  endfacet
  facet normal -0.242972 0.970033 0
    outer loop
      vertex -6.85647 -8.14993 1.4
      vertex -6.75175 -8.1237 0
      vertex -6.85647 -8.14993 0
    endloop
  endfacet
  facet normal 0.242993 0.970028 -0
    outer loop
      vertex -7.28567 -8.14993 0
      vertex -7.39038 -8.1237 1.4
      vertex -7.28567 -8.14993 1.4
    endloop
  endfacet
  facet normal 0.242993 0.970028 0
    outer loop
      vertex -7.39038 -8.1237 1.4
      vertex -7.28567 -8.14993 0
      vertex -7.39038 -8.1237 0
    endloop
  endfacet
  facet normal 0.970028 0.242993 0
    outer loop
      vertex -8.1237 -7.39038 1.4
      vertex -8.14993 -7.28567 0
      vertex -8.14993 -7.28567 1.4
    endloop
  endfacet
  facet normal 0.970028 0.242993 0
    outer loop
      vertex -8.14993 -7.28567 0
      vertex -8.1237 -7.39038 1.4
      vertex -8.1237 -7.39038 0
    endloop
  endfacet
  facet normal 0.0490043 -0.998799 0
    outer loop
      vertex -7.17889 -5.97636 0
      vertex -7.07107 -5.97107 1.4
      vertex -7.17889 -5.97636 1.4
    endloop
  endfacet
  facet normal 0.0490043 -0.998799 0
    outer loop
      vertex -7.07107 -5.97107 1.4
      vertex -7.17889 -5.97636 0
      vertex -7.07107 -5.97107 0
    endloop
  endfacet
  facet normal -0.242972 -0.970033 0
    outer loop
      vertex -6.85647 -5.9922 0
      vertex -6.75175 -6.01843 1.4
      vertex -6.85647 -5.9922 1.4
    endloop
  endfacet
  facet normal -0.242972 -0.970033 -0
    outer loop
      vertex -6.75175 -6.01843 1.4
      vertex -6.85647 -5.9922 0
      vertex -6.75175 -6.01843 0
    endloop
  endfacet
  facet normal -0.998799 0.0490043 0
    outer loop
      vertex -5.97636 -7.17889 0
      vertex -5.97107 -7.07107 1.4
      vertex -5.97107 -7.07107 0
    endloop
  endfacet
  facet normal -0.998799 0.0490043 0
    outer loop
      vertex -5.97107 -7.07107 1.4
      vertex -5.97636 -7.17889 0
      vertex -5.97636 -7.17889 1.4
    endloop
  endfacet
  facet normal -0.903996 0.427541 0
    outer loop
      vertex -6.10095 -7.5896 0
      vertex -6.0548 -7.49202 1.4
      vertex -6.0548 -7.49202 0
    endloop
  endfacet
  facet normal -0.903996 0.427541 0
    outer loop
      vertex -6.0548 -7.49202 1.4
      vertex -6.10095 -7.5896 0
      vertex -6.10095 -7.5896 1.4
    endloop
  endfacet
  facet normal 0.904013 -0.427505 0
    outer loop
      vertex -8.08733 -6.65012 1.4
      vertex -8.04118 -6.55253 0
      vertex -8.04118 -6.55253 1.4
    endloop
  endfacet
  facet normal 0.904013 -0.427505 0
    outer loop
      vertex -8.04118 -6.55253 0
      vertex -8.08733 -6.65012 1.4
      vertex -8.08733 -6.65012 0
    endloop
  endfacet
  facet normal 0.989176 0.146737 0
    outer loop
      vertex -8.14993 -7.28567 1.4
      vertex -8.16577 -7.17889 0
      vertex -8.16577 -7.17889 1.4
    endloop
  endfacet
  facet normal 0.989176 0.146737 0
    outer loop
      vertex -8.16577 -7.17889 0
      vertex -8.14993 -7.28567 1.4
      vertex -8.14993 -7.28567 0
    endloop
  endfacet
  facet normal -0.857714 0.514128 0
    outer loop
      vertex -6.15645 -7.68219 0
      vertex -6.10095 -7.5896 1.4
      vertex -6.10095 -7.5896 0
    endloop
  endfacet
  facet normal -0.857714 0.514128 0
    outer loop
      vertex -6.10095 -7.5896 1.4
      vertex -6.15645 -7.68219 0
      vertex -6.15645 -7.68219 1.4
    endloop
  endfacet
  facet normal -0.998799 -0.0490043 0
    outer loop
      vertex -5.97107 -7.07107 0
      vertex -5.97636 -6.96325 1.4
      vertex -5.97636 -6.96325 0
    endloop
  endfacet
  facet normal -0.998799 -0.0490043 0
    outer loop
      vertex -5.97636 -6.96325 1.4
      vertex -5.97107 -7.07107 0
      vertex -5.97107 -7.07107 1.4
    endloop
  endfacet
  facet normal 0.427541 -0.903996 0
    outer loop
      vertex -7.5896 -6.10095 0
      vertex -7.49202 -6.0548 1.4
      vertex -7.5896 -6.10095 1.4
    endloop
  endfacet
  facet normal 0.427541 -0.903996 0
    outer loop
      vertex -7.49202 -6.0548 1.4
      vertex -7.5896 -6.10095 0
      vertex -7.49202 -6.0548 0
    endloop
  endfacet
  facet normal -0.427505 -0.904013 0
    outer loop
      vertex -6.65012 -6.0548 0
      vertex -6.55253 -6.10095 1.4
      vertex -6.65012 -6.0548 1.4
    endloop
  endfacet
  facet normal -0.427505 -0.904013 -0
    outer loop
      vertex -6.55253 -6.10095 1.4
      vertex -6.65012 -6.0548 0
      vertex -6.55253 -6.10095 0
    endloop
  endfacet
  facet normal -0.514128 -0.857714 0
    outer loop
      vertex -6.55253 -6.10095 0
      vertex -6.45994 -6.15645 1.4
      vertex -6.55253 -6.10095 1.4
    endloop
  endfacet
  facet normal -0.514128 -0.857714 -0
    outer loop
      vertex -6.45994 -6.15645 1.4
      vertex -6.55253 -6.10095 0
      vertex -6.45994 -6.15645 0
    endloop
  endfacet
  facet normal 0.242993 -0.970028 0
    outer loop
      vertex -7.39038 -6.01843 0
      vertex -7.28567 -5.9922 1.4
      vertex -7.39038 -6.01843 1.4
    endloop
  endfacet
  facet normal 0.242993 -0.970028 0
    outer loop
      vertex -7.28567 -5.9922 1.4
      vertex -7.39038 -6.01843 0
      vertex -7.28567 -5.9922 0
    endloop
  endfacet
  facet normal 0.146737 -0.989176 0
    outer loop
      vertex -7.28567 -5.9922 0
      vertex -7.17889 -5.97636 1.4
      vertex -7.28567 -5.9922 1.4
    endloop
  endfacet
  facet normal 0.146737 -0.989176 0
    outer loop
      vertex -7.17889 -5.97636 1.4
      vertex -7.28567 -5.9922 0
      vertex -7.17889 -5.97636 0
    endloop
  endfacet
  facet normal 0.941506 0.336997 0
    outer loop
      vertex -8.11982 -7.40122 1.4
      vertex -8.1237 -7.39038 0
      vertex -8.1237 -7.39038 1.4
    endloop
  endfacet
  facet normal 0.941506 0.336997 0
    outer loop
      vertex -8.1237 -7.39038 0
      vertex -8.11982 -7.40122 1.4
      vertex -8.11982 -7.40122 0
    endloop
  endfacet
  facet normal 0.671561 -0.740949 0
    outer loop
      vertex -7.84888 -6.29325 0
      vertex -7.7689 -6.22076 1.4
      vertex -7.84888 -6.29325 1.4
    endloop
  endfacet
  facet normal 0.671561 -0.740949 0
    outer loop
      vertex -7.7689 -6.22076 1.4
      vertex -7.84888 -6.29325 0
      vertex -7.7689 -6.22076 0
    endloop
  endfacet
  facet normal 0.998794 -0.0490967 0
    outer loop
      vertex -8.17107 -7.07107 1.4
      vertex -8.16577 -6.96325 0
      vertex -8.16577 -6.96325 1.4
    endloop
  endfacet
  facet normal 0.998794 -0.0490967 0
    outer loop
      vertex -8.16577 -6.96325 0
      vertex -8.17107 -7.07107 1.4
      vertex -8.17107 -7.07107 0
    endloop
  endfacet
  facet normal -0.857714 -0.514128 0
    outer loop
      vertex -6.10095 -6.55253 0
      vertex -6.15645 -6.45994 1.4
      vertex -6.15645 -6.45994 0
    endloop
  endfacet
  facet normal -0.857714 -0.514128 0
    outer loop
      vertex -6.15645 -6.45994 1.4
      vertex -6.10095 -6.55253 0
      vertex -6.10095 -6.55253 1.4
    endloop
  endfacet
  facet normal -0.941526 -0.336941 0
    outer loop
      vertex -6.01843 -6.75175 0
      vertex -6.0548 -6.65012 1.4
      vertex -6.0548 -6.65012 0
    endloop
  endfacet
  facet normal -0.941526 -0.336941 0
    outer loop
      vertex -6.0548 -6.65012 1.4
      vertex -6.01843 -6.75175 0
      vertex -6.01843 -6.75175 1.4
    endloop
  endfacet
  facet normal -0.904013 -0.427505 0
    outer loop
      vertex -6.0548 -6.65012 0
      vertex -6.10095 -6.55253 1.4
      vertex -6.10095 -6.55253 0
    endloop
  endfacet
  facet normal -0.904013 -0.427505 0
    outer loop
      vertex -6.10095 -6.55253 1.4
      vertex -6.0548 -6.65012 0
      vertex -6.0548 -6.65012 1.4
    endloop
  endfacet
  facet normal 0.514128 -0.857714 0
    outer loop
      vertex -7.68219 -6.15645 0
      vertex -7.5896 -6.10095 1.4
      vertex -7.68219 -6.15645 1.4
    endloop
  endfacet
  facet normal 0.514128 -0.857714 0
    outer loop
      vertex -7.5896 -6.10095 1.4
      vertex -7.68219 -6.15645 0
      vertex -7.5896 -6.10095 0
    endloop
  endfacet
  facet normal -0.671561 -0.740949 0
    outer loop
      vertex -6.37323 -6.22076 0
      vertex -6.29325 -6.29325 1.4
      vertex -6.37323 -6.22076 1.4
    endloop
  endfacet
  facet normal -0.671561 -0.740949 -0
    outer loop
      vertex -6.29325 -6.29325 1.4
      vertex -6.37323 -6.22076 0
      vertex -6.29325 -6.29325 0
    endloop
  endfacet
  facet normal 0.427505 0.904013 -0
    outer loop
      vertex 6.65012 -8.08733 0
      vertex 6.55253 -8.04118 1.4
      vertex 6.65012 -8.08733 1.4
    endloop
  endfacet
  facet normal 0.427505 0.904013 0
    outer loop
      vertex 6.55253 -8.04118 1.4
      vertex 6.65012 -8.08733 0
      vertex 6.55253 -8.04118 0
    endloop
  endfacet
  facet normal 0.803201 -0.595708 0
    outer loop
      vertex 6.15645 -6.45994 1.4
      vertex 6.22076 -6.37323 0
      vertex 6.22076 -6.37323 1.4
    endloop
  endfacet
  facet normal 0.803201 -0.595708 0
    outer loop
      vertex 6.22076 -6.37323 0
      vertex 6.15645 -6.45994 1.4
      vertex 6.15645 -6.45994 0
    endloop
  endfacet
  facet normal 0.595708 -0.803201 0
    outer loop
      vertex 6.37323 -6.22076 0
      vertex 6.45994 -6.15645 1.4
      vertex 6.37323 -6.22076 1.4
    endloop
  endfacet
  facet normal 0.595708 -0.803201 0
    outer loop
      vertex 6.45994 -6.15645 1.4
      vertex 6.37323 -6.22076 0
      vertex 6.45994 -6.15645 0
    endloop
  endfacet
  facet normal -0.671561 -0.740949 0
    outer loop
      vertex 7.7689 -6.22076 0
      vertex 7.84888 -6.29325 1.4
      vertex 7.7689 -6.22076 1.4
    endloop
  endfacet
  facet normal -0.671561 -0.740949 -0
    outer loop
      vertex 7.84888 -6.29325 1.4
      vertex 7.7689 -6.22076 0
      vertex 7.84888 -6.29325 0
    endloop
  endfacet
  facet normal 0.998799 -0.0490043 0
    outer loop
      vertex 5.97107 -7.07107 1.4
      vertex 5.97636 -6.96325 0
      vertex 5.97636 -6.96325 1.4
    endloop
  endfacet
  facet normal 0.998799 -0.0490043 0
    outer loop
      vertex 5.97636 -6.96325 0
      vertex 5.97107 -7.07107 1.4
      vertex 5.97107 -7.07107 0
    endloop
  endfacet
  facet normal -0.740903 -0.671612 0
    outer loop
      vertex 7.92138 -6.37323 0
      vertex 7.84888 -6.29325 1.4
      vertex 7.84888 -6.29325 0
    endloop
  endfacet
  facet normal -0.740903 -0.671612 0
    outer loop
      vertex 7.84888 -6.29325 1.4
      vertex 7.92138 -6.37323 0
      vertex 7.92138 -6.37323 1.4
    endloop
  endfacet
  facet normal 0.941536 0.336911 0
    outer loop
      vertex 6.0548 -7.49202 1.4
      vertex 6.01843 -7.39038 0
      vertex 6.01843 -7.39038 1.4
    endloop
  endfacet
  facet normal 0.941536 0.336911 0
    outer loop
      vertex 6.01843 -7.39038 0
      vertex 6.0548 -7.49202 1.4
      vertex 6.0548 -7.49202 0
    endloop
  endfacet
  facet normal 0.903996 0.427541 0
    outer loop
      vertex 6.10095 -7.5896 1.4
      vertex 6.0548 -7.49202 0
      vertex 6.0548 -7.49202 1.4
    endloop
  endfacet
  facet normal 0.903996 0.427541 0
    outer loop
      vertex 6.0548 -7.49202 0
      vertex 6.10095 -7.5896 1.4
      vertex 6.10095 -7.5896 0
    endloop
  endfacet
  facet normal -0.989176 0.146737 0
    outer loop
      vertex 8.14993 -7.28567 0
      vertex 8.16577 -7.17889 1.4
      vertex 8.16577 -7.17889 0
    endloop
  endfacet
  facet normal -0.989176 0.146737 0
    outer loop
      vertex 8.16577 -7.17889 1.4
      vertex 8.14993 -7.28567 0
      vertex 8.14993 -7.28567 1.4
    endloop
  endfacet
  facet normal 0.146737 -0.989176 0
    outer loop
      vertex 6.85647 -5.9922 0
      vertex 6.96325 -5.97636 1.4
      vertex 6.85647 -5.9922 1.4
    endloop
  endfacet
  facet normal 0.146737 -0.989176 0
    outer loop
      vertex 6.96325 -5.97636 1.4
      vertex 6.85647 -5.9922 0
      vertex 6.96325 -5.97636 0
    endloop
  endfacet
  facet normal -0.857714 -0.514128 0
    outer loop
      vertex 8.04118 -6.55253 0
      vertex 7.98568 -6.45994 1.4
      vertex 7.98568 -6.45994 0
    endloop
  endfacet
  facet normal -0.857714 -0.514128 0
    outer loop
      vertex 7.98568 -6.45994 1.4
      vertex 8.04118 -6.55253 0
      vertex 8.04118 -6.55253 1.4
    endloop
  endfacet
  facet normal 0.989176 -0.146737 0
    outer loop
      vertex 5.97636 -6.96325 1.4
      vertex 5.9922 -6.85647 0
      vertex 5.9922 -6.85647 1.4
    endloop
  endfacet
  facet normal 0.989176 -0.146737 0
    outer loop
      vertex 5.9922 -6.85647 0
      vertex 5.97636 -6.96325 1.4
      vertex 5.97636 -6.96325 0
    endloop
  endfacet
  facet normal -0.336911 -0.941536 0
    outer loop
      vertex 7.39038 -6.01843 0
      vertex 7.49202 -6.0548 1.4
      vertex 7.39038 -6.01843 1.4
    endloop
  endfacet
  facet normal -0.336911 -0.941536 -0
    outer loop
      vertex 7.49202 -6.0548 1.4
      vertex 7.39038 -6.01843 0
      vertex 7.49202 -6.0548 0
    endloop
  endfacet
  facet normal 0.857714 0.514128 0
    outer loop
      vertex 6.15645 -7.68219 1.4
      vertex 6.10095 -7.5896 0
      vertex 6.10095 -7.5896 1.4
    endloop
  endfacet
  facet normal 0.857714 0.514128 0
    outer loop
      vertex 6.10095 -7.5896 0
      vertex 6.15645 -7.68219 1.4
      vertex 6.15645 -7.68219 0
    endloop
  endfacet
  facet normal 0.336941 0.941526 -0
    outer loop
      vertex 6.75175 -8.1237 0
      vertex 6.65012 -8.08733 1.4
      vertex 6.75175 -8.1237 1.4
    endloop
  endfacet
  facet normal 0.336941 0.941526 0
    outer loop
      vertex 6.65012 -8.08733 1.4
      vertex 6.75175 -8.1237 0
      vertex 6.65012 -8.08733 0
    endloop
  endfacet
  facet normal -0.941526 -0.336941 0
    outer loop
      vertex 8.1237 -6.75175 0
      vertex 8.08733 -6.65012 1.4
      vertex 8.08733 -6.65012 0
    endloop
  endfacet
  facet normal -0.941526 -0.336941 0
    outer loop
      vertex 8.08733 -6.65012 1.4
      vertex 8.1237 -6.75175 0
      vertex 8.1237 -6.75175 1.4
    endloop
  endfacet
  facet normal 0.941526 -0.336941 0
    outer loop
      vertex 6.01843 -6.75175 1.4
      vertex 6.0548 -6.65012 0
      vertex 6.0548 -6.65012 1.4
    endloop
  endfacet
  facet normal 0.941526 -0.336941 0
    outer loop
      vertex 6.0548 -6.65012 0
      vertex 6.01843 -6.75175 1.4
      vertex 6.01843 -6.75175 0
    endloop
  endfacet
  facet normal 0.242972 0.970033 -0
    outer loop
      vertex 6.85647 -8.14993 0
      vertex 6.75175 -8.1237 1.4
      vertex 6.85647 -8.14993 1.4
    endloop
  endfacet
  facet normal 0.242972 0.970033 0
    outer loop
      vertex 6.75175 -8.1237 1.4
      vertex 6.85647 -8.14993 0
      vertex 6.75175 -8.1237 0
    endloop
  endfacet
  facet normal -0.0490967 0.998794 0
    outer loop
      vertex 7.17889 -8.16577 0
      vertex 7.07107 -8.17107 1.4
      vertex 7.17889 -8.16577 1.4
    endloop
  endfacet
  facet normal -0.0490967 0.998794 0
    outer loop
      vertex 7.07107 -8.17107 1.4
      vertex 7.17889 -8.16577 0
      vertex 7.07107 -8.17107 0
    endloop
  endfacet
  facet normal -0.998794 0.0490967 0
    outer loop
      vertex 8.16577 -7.17889 0
      vertex 8.17107 -7.07107 1.4
      vertex 8.17107 -7.07107 0
    endloop
  endfacet
  facet normal -0.998794 0.0490967 0
    outer loop
      vertex 8.17107 -7.07107 1.4
      vertex 8.16577 -7.17889 0
      vertex 8.16577 -7.17889 1.4
    endloop
  endfacet
  facet normal 0.595648 0.803245 -0
    outer loop
      vertex 6.45994 -7.98568 0
      vertex 6.37323 -7.92138 1.4
      vertex 6.45994 -7.98568 1.4
    endloop
  endfacet
  facet normal 0.595648 0.803245 0
    outer loop
      vertex 6.37323 -7.92138 1.4
      vertex 6.45994 -7.98568 0
      vertex 6.37323 -7.92138 0
    endloop
  endfacet
  facet normal 0.671561 -0.740949 0
    outer loop
      vertex 6.29325 -6.29325 0
      vertex 6.37323 -6.22076 1.4
      vertex 6.29325 -6.29325 1.4
    endloop
  endfacet
  facet normal 0.671561 -0.740949 0
    outer loop
      vertex 6.37323 -6.22076 1.4
      vertex 6.29325 -6.29325 0
      vertex 6.37323 -6.22076 0
    endloop
  endfacet
  facet normal 0.970028 0.242993 0
    outer loop
      vertex 6.01843 -7.39038 1.4
      vertex 5.9922 -7.28567 0
      vertex 5.9922 -7.28567 1.4
    endloop
  endfacet
  facet normal 0.970028 0.242993 0
    outer loop
      vertex 5.9922 -7.28567 0
      vertex 6.01843 -7.39038 1.4
      vertex 6.01843 -7.39038 0
    endloop
  endfacet
  facet normal -0.941506 0.336997 0
    outer loop
      vertex 8.11982 -7.40122 0
      vertex 8.1237 -7.39038 1.4
      vertex 8.1237 -7.39038 0
    endloop
  endfacet
  facet normal -0.941506 0.336997 0
    outer loop
      vertex 8.1237 -7.39038 1.4
      vertex 8.11982 -7.40122 0
      vertex 8.11982 -7.40122 1.4
    endloop
  endfacet
  facet normal -0.803245 -0.595648 0
    outer loop
      vertex 7.98568 -6.45994 0
      vertex 7.92138 -6.37323 1.4
      vertex 7.92138 -6.37323 0
    endloop
  endfacet
  facet normal -0.803245 -0.595648 0
    outer loop
      vertex 7.92138 -6.37323 1.4
      vertex 7.98568 -6.45994 0
      vertex 7.98568 -6.45994 1.4
    endloop
  endfacet
  facet normal -0.998794 -0.0490967 0
    outer loop
      vertex 8.17107 -7.07107 0
      vertex 8.16577 -6.96325 1.4
      vertex 8.16577 -6.96325 0
    endloop
  endfacet
  facet normal -0.998794 -0.0490967 0
    outer loop
      vertex 8.16577 -6.96325 1.4
      vertex 8.17107 -7.07107 0
      vertex 8.17107 -7.07107 1.4
    endloop
  endfacet
  facet normal -0.989176 -0.146737 0
    outer loop
      vertex 8.16577 -6.96325 0
      vertex 8.14993 -6.85647 1.4
      vertex 8.14993 -6.85647 0
    endloop
  endfacet
  facet normal -0.989176 -0.146737 0
    outer loop
      vertex 8.14993 -6.85647 1.4
      vertex 8.16577 -6.96325 0
      vertex 8.16577 -6.96325 1.4
    endloop
  endfacet
  facet normal 0.242972 -0.970033 0
    outer loop
      vertex 6.75175 -6.01843 0
      vertex 6.85647 -5.9922 1.4
      vertex 6.75175 -6.01843 1.4
    endloop
  endfacet
  facet normal 0.242972 -0.970033 0
    outer loop
      vertex 6.85647 -5.9922 1.4
      vertex 6.75175 -6.01843 0
      vertex 6.85647 -5.9922 0
    endloop
  endfacet
  facet normal -0.970033 -0.242972 0
    outer loop
      vertex 8.14993 -6.85647 0
      vertex 8.1237 -6.75175 1.4
      vertex 8.1237 -6.75175 0
    endloop
  endfacet
  facet normal -0.970033 -0.242972 0
    outer loop
      vertex 8.1237 -6.75175 1.4
      vertex 8.14993 -6.85647 0
      vertex 8.14993 -6.85647 1.4
    endloop
  endfacet
  facet normal -0.595708 -0.803201 0
    outer loop
      vertex 7.68219 -6.15645 0
      vertex 7.7689 -6.22076 1.4
      vertex 7.68219 -6.15645 1.4
    endloop
  endfacet
  facet normal -0.595708 -0.803201 -0
    outer loop
      vertex 7.7689 -6.22076 1.4
      vertex 7.68219 -6.15645 0
      vertex 7.7689 -6.22076 0
    endloop
  endfacet
  facet normal -0.904013 -0.427505 0
    outer loop
      vertex 8.08733 -6.65012 0
      vertex 8.04118 -6.55253 1.4
      vertex 8.04118 -6.55253 0
    endloop
  endfacet
  facet normal -0.904013 -0.427505 0
    outer loop
      vertex 8.04118 -6.55253 1.4
      vertex 8.08733 -6.65012 0
      vertex 8.08733 -6.65012 1.4
    endloop
  endfacet
  facet normal 0.514128 0.857714 -0
    outer loop
      vertex 6.55253 -8.04118 0
      vertex 6.45994 -7.98568 1.4
      vertex 6.55253 -8.04118 1.4
    endloop
  endfacet
  facet normal 0.514128 0.857714 0
    outer loop
      vertex 6.45994 -7.98568 1.4
      vertex 6.55253 -8.04118 0
      vertex 6.45994 -7.98568 0
    endloop
  endfacet
  facet normal 0.671612 0.740903 -0
    outer loop
      vertex 6.37323 -7.92138 0
      vertex 6.29325 -7.84888 1.4
      vertex 6.37323 -7.92138 1.4
    endloop
  endfacet
  facet normal 0.671612 0.740903 0
    outer loop
      vertex 6.29325 -7.84888 1.4
      vertex 6.37323 -7.92138 0
      vertex 6.29325 -7.84888 0
    endloop
  endfacet
  facet normal -0.970028 0.242993 0
    outer loop
      vertex 8.1237 -7.39038 0
      vertex 8.14993 -7.28567 1.4
      vertex 8.14993 -7.28567 0
    endloop
  endfacet
  facet normal -0.970028 0.242993 0
    outer loop
      vertex 8.14993 -7.28567 1.4
      vertex 8.1237 -7.39038 0
      vertex 8.1237 -7.39038 1.4
    endloop
  endfacet
  facet normal -0.242993 0.970028 0
    outer loop
      vertex 7.39038 -8.1237 0
      vertex 7.28567 -8.14993 1.4
      vertex 7.39038 -8.1237 1.4
    endloop
  endfacet
  facet normal -0.242993 0.970028 0
    outer loop
      vertex 7.28567 -8.14993 1.4
      vertex 7.39038 -8.1237 0
      vertex 7.28567 -8.14993 0
    endloop
  endfacet
  facet normal 0.970033 -0.242972 0
    outer loop
      vertex 5.9922 -6.85647 1.4
      vertex 6.01843 -6.75175 0
      vertex 6.01843 -6.75175 1.4
    endloop
  endfacet
  facet normal 0.970033 -0.242972 0
    outer loop
      vertex 6.01843 -6.75175 0
      vertex 5.9922 -6.85647 1.4
      vertex 5.9922 -6.85647 0
    endloop
  endfacet
  facet normal -0.0490043 -0.998799 0
    outer loop
      vertex 7.07107 -5.97107 0
      vertex 7.17889 -5.97636 1.4
      vertex 7.07107 -5.97107 1.4
    endloop
  endfacet
  facet normal -0.0490043 -0.998799 -0
    outer loop
      vertex 7.17889 -5.97636 1.4
      vertex 7.07107 -5.97107 0
      vertex 7.17889 -5.97636 0
    endloop
  endfacet
  facet normal -0.427541 -0.903996 0
    outer loop
      vertex 7.49202 -6.0548 0
      vertex 7.5896 -6.10095 1.4
      vertex 7.49202 -6.0548 1.4
    endloop
  endfacet
  facet normal -0.427541 -0.903996 -0
    outer loop
      vertex 7.5896 -6.10095 1.4
      vertex 7.49202 -6.0548 0
      vertex 7.5896 -6.10095 0
    endloop
  endfacet
  facet normal -0.146737 0.989176 0
    outer loop
      vertex 7.28567 -8.14993 0
      vertex 7.17889 -8.16577 1.4
      vertex 7.28567 -8.14993 1.4
    endloop
  endfacet
  facet normal -0.146737 0.989176 0
    outer loop
      vertex 7.17889 -8.16577 1.4
      vertex 7.28567 -8.14993 0
      vertex 7.17889 -8.16577 0
    endloop
  endfacet
  facet normal -0.514128 -0.857714 0
    outer loop
      vertex 7.5896 -6.10095 0
      vertex 7.68219 -6.15645 1.4
      vertex 7.5896 -6.10095 1.4
    endloop
  endfacet
  facet normal -0.514128 -0.857714 -0
    outer loop
      vertex 7.68219 -6.15645 1.4
      vertex 7.5896 -6.10095 0
      vertex 7.68219 -6.15645 0
    endloop
  endfacet
  facet normal 0.0490043 -0.998799 0
    outer loop
      vertex 6.96325 -5.97636 0
      vertex 7.07107 -5.97107 1.4
      vertex 6.96325 -5.97636 1.4
    endloop
  endfacet
  facet normal 0.0490043 -0.998799 0
    outer loop
      vertex 7.07107 -5.97107 1.4
      vertex 6.96325 -5.97636 0
      vertex 7.07107 -5.97107 0
    endloop
  endfacet
  facet normal 0.904013 -0.427505 0
    outer loop
      vertex 6.0548 -6.65012 1.4
      vertex 6.10095 -6.55253 0
      vertex 6.10095 -6.55253 1.4
    endloop
  endfacet
  facet normal 0.904013 -0.427505 0
    outer loop
      vertex 6.10095 -6.55253 0
      vertex 6.0548 -6.65012 1.4
      vertex 6.0548 -6.65012 0
    endloop
  endfacet
  facet normal 0.857714 -0.514128 0
    outer loop
      vertex 6.10095 -6.55253 1.4
      vertex 6.15645 -6.45994 0
      vertex 6.15645 -6.45994 1.4
    endloop
  endfacet
  facet normal 0.857714 -0.514128 0
    outer loop
      vertex 6.15645 -6.45994 0
      vertex 6.10095 -6.55253 1.4
      vertex 6.10095 -6.55253 0
    endloop
  endfacet
  facet normal 0.989176 0.146737 0
    outer loop
      vertex 5.9922 -7.28567 1.4
      vertex 5.97636 -7.17889 0
      vertex 5.97636 -7.17889 1.4
    endloop
  endfacet
  facet normal 0.989176 0.146737 0
    outer loop
      vertex 5.97636 -7.17889 0
      vertex 5.9922 -7.28567 1.4
      vertex 5.9922 -7.28567 0
    endloop
  endfacet
  facet normal 0.146737 0.989176 -0
    outer loop
      vertex 6.96325 -8.16577 0
      vertex 6.85647 -8.14993 1.4
      vertex 6.96325 -8.16577 1.4
    endloop
  endfacet
  facet normal 0.146737 0.989176 0
    outer loop
      vertex 6.85647 -8.14993 1.4
      vertex 6.96325 -8.16577 0
      vertex 6.85647 -8.14993 0
    endloop
  endfacet
  facet normal 0.803201 0.595708 0
    outer loop
      vertex 6.22076 -7.7689 1.4
      vertex 6.15645 -7.68219 0
      vertex 6.15645 -7.68219 1.4
    endloop
  endfacet
  facet normal 0.803201 0.595708 0
    outer loop
      vertex 6.15645 -7.68219 0
      vertex 6.22076 -7.7689 1.4
      vertex 6.22076 -7.7689 0
    endloop
  endfacet
  facet normal -0.336997 0.941506 0
    outer loop
      vertex 7.40122 -8.11982 0
      vertex 7.39038 -8.1237 1.4
      vertex 7.40122 -8.11982 1.4
    endloop
  endfacet
  facet normal -0.336997 0.941506 0
    outer loop
      vertex 7.39038 -8.1237 1.4
      vertex 7.40122 -8.11982 0
      vertex 7.39038 -8.1237 0
    endloop
  endfacet
  facet normal 0.740949 0.671561 0
    outer loop
      vertex 6.29325 -7.84888 1.4
      vertex 6.22076 -7.7689 0
      vertex 6.22076 -7.7689 1.4
    endloop
  endfacet
  facet normal 0.740949 0.671561 0
    outer loop
      vertex 6.22076 -7.7689 0
      vertex 6.29325 -7.84888 1.4
      vertex 6.29325 -7.84888 0
    endloop
  endfacet
  facet normal -0.242993 -0.970028 0
    outer loop
      vertex 7.28567 -5.9922 0
      vertex 7.39038 -6.01843 1.4
      vertex 7.28567 -5.9922 1.4
    endloop
  endfacet
  facet normal -0.242993 -0.970028 -0
    outer loop
      vertex 7.39038 -6.01843 1.4
      vertex 7.28567 -5.9922 0
      vertex 7.39038 -6.01843 0
    endloop
  endfacet
  facet normal 0.514128 -0.857714 0
    outer loop
      vertex 6.45994 -6.15645 0
      vertex 6.55253 -6.10095 1.4
      vertex 6.45994 -6.15645 1.4
    endloop
  endfacet
  facet normal 0.514128 -0.857714 0
    outer loop
      vertex 6.55253 -6.10095 1.4
      vertex 6.45994 -6.15645 0
      vertex 6.55253 -6.10095 0
    endloop
  endfacet
  facet normal -0.146737 -0.989176 0
    outer loop
      vertex 7.17889 -5.97636 0
      vertex 7.28567 -5.9922 1.4
      vertex 7.17889 -5.97636 1.4
    endloop
  endfacet
  facet normal -0.146737 -0.989176 -0
    outer loop
      vertex 7.28567 -5.9922 1.4
      vertex 7.17889 -5.97636 0
      vertex 7.28567 -5.9922 0
    endloop
  endfacet
  facet normal 0.336941 -0.941526 0
    outer loop
      vertex 6.65012 -6.0548 0
      vertex 6.75175 -6.01843 1.4
      vertex 6.65012 -6.0548 1.4
    endloop
  endfacet
  facet normal 0.336941 -0.941526 0
    outer loop
      vertex 6.75175 -6.01843 1.4
      vertex 6.65012 -6.0548 0
      vertex 6.75175 -6.01843 0
    endloop
  endfacet
  facet normal 0.0490967 0.998794 -0
    outer loop
      vertex 7.07107 -8.17107 0
      vertex 6.96325 -8.16577 1.4
      vertex 7.07107 -8.17107 1.4
    endloop
  endfacet
  facet normal 0.0490967 0.998794 0
    outer loop
      vertex 6.96325 -8.16577 1.4
      vertex 7.07107 -8.17107 0
      vertex 6.96325 -8.16577 0
    endloop
  endfacet
  facet normal 0.427505 -0.904013 0
    outer loop
      vertex 6.55253 -6.10095 0
      vertex 6.65012 -6.0548 1.4
      vertex 6.55253 -6.10095 1.4
    endloop
  endfacet
  facet normal 0.427505 -0.904013 0
    outer loop
      vertex 6.65012 -6.0548 1.4
      vertex 6.55253 -6.10095 0
      vertex 6.65012 -6.0548 0
    endloop
  endfacet
  facet normal 0.998799 0.0490043 0
    outer loop
      vertex 5.97636 -7.17889 1.4
      vertex 5.97107 -7.07107 0
      vertex 5.97107 -7.07107 1.4
    endloop
  endfacet
  facet normal 0.998799 0.0490043 0
    outer loop
      vertex 5.97107 -7.07107 0
      vertex 5.97636 -7.17889 1.4
      vertex 5.97636 -7.17889 0
    endloop
  endfacet
  facet normal 0.740949 -0.671561 0
    outer loop
      vertex 6.22076 -6.37323 1.4
      vertex 6.29325 -6.29325 0
      vertex 6.29325 -6.29325 1.4
    endloop
  endfacet
  facet normal 0.740949 -0.671561 0
    outer loop
      vertex 6.29325 -6.29325 0
      vertex 6.22076 -6.37323 1.4
      vertex 6.22076 -6.37323 0
    endloop
  endfacet
  facet normal 0.989176 0.146737 0
    outer loop
      vertex 10.947 1.07819 1.4
      vertex 10.7886 2.14599 0
      vertex 10.7886 2.14599 1.4
    endloop
  endfacet
  facet normal 0.989176 0.146737 0
    outer loop
      vertex 10.7886 2.14599 0
      vertex 10.947 1.07819 1.4
      vertex 10.947 1.07819 0
    endloop
  endfacet
  facet normal 0.998794 0.0490972 0
    outer loop
      vertex 11 0 1.4
      vertex 10.947 1.07819 0
      vertex 10.947 1.07819 1.4
    endloop
  endfacet
  facet normal 0.998794 0.0490972 0
    outer loop
      vertex 10.947 1.07819 0
      vertex 11 0 1.4
      vertex 11 0 0
    endloop
  endfacet
  facet normal 0.97003 0.242985 0
    outer loop
      vertex 10.7886 2.14599 1.4
      vertex 10.5263 3.19313 0
      vertex 10.5263 3.19313 1.4
    endloop
  endfacet
  facet normal 0.97003 0.242985 0
    outer loop
      vertex 10.5263 3.19313 0
      vertex 10.7886 2.14599 1.4
      vertex 10.7886 2.14599 0
    endloop
  endfacet
  facet normal 0.595696 -0.80321 0
    outer loop
      vertex 6.11127 -9.14616 0
      vertex 6.97833 -8.50311 1.4
      vertex 6.11127 -9.14616 1.4
    endloop
  endfacet
  facet normal 0.595696 -0.80321 0
    outer loop
      vertex 6.97833 -8.50311 1.4
      vertex 6.11127 -9.14616 0
      vertex 6.97833 -8.50311 0
    endloop
  endfacet
  facet normal 0.427579 -0.903978 0
    outer loop
      vertex 4.20952 -10.1627 0
      vertex 5.18536 -9.70113 1.4
      vertex 4.20952 -10.1627 1.4
    endloop
  endfacet
  facet normal 0.427579 -0.903978 0
    outer loop
      vertex 5.18536 -9.70113 1.4
      vertex 4.20952 -10.1627 0
      vertex 5.18536 -9.70113 0
    endloop
  endfacet
  facet normal -0.671564 -0.740947 0
    outer loop
      vertex -7.40122 -8.11982 0
      vertex -6.97833 -8.50311 1.4
      vertex -7.40122 -8.11982 1.4
    endloop
  endfacet
  facet normal -0.671564 -0.740947 -0
    outer loop
      vertex -6.97833 -8.50311 1.4
      vertex -7.40122 -8.11982 0
      vertex -6.97833 -8.50311 0
    endloop
  endfacet
  facet normal 0.514103 0.857728 -0
    outer loop
      vertex 6.11127 9.14616 0
      vertex 5.18536 9.70113 1.4
      vertex 6.11127 9.14616 1.4
    endloop
  endfacet
  facet normal 0.514103 0.857728 0
    outer loop
      vertex 5.18536 9.70113 1.4
      vertex 6.11127 9.14616 0
      vertex 5.18536 9.70113 0
    endloop
  endfacet
  facet normal -0.146737 -0.989176 0
    outer loop
      vertex -2.14599 -10.7886 0
      vertex -1.07819 -10.947 1.4
      vertex -2.14599 -10.7886 1.4
    endloop
  endfacet
  facet normal -0.146737 -0.989176 -0
    outer loop
      vertex -1.07819 -10.947 1.4
      vertex -2.14599 -10.7886 0
      vertex -1.07819 -10.947 0
    endloop
  endfacet
  facet normal -0.242985 0.97003 0
    outer loop
      vertex -2.14599 10.7886 0
      vertex -3.19313 10.5263 1.4
      vertex -2.14599 10.7886 1.4
    endloop
  endfacet
  facet normal -0.242985 0.97003 0
    outer loop
      vertex -3.19313 10.5263 1.4
      vertex -2.14599 10.7886 0
      vertex -3.19313 10.5263 0
    endloop
  endfacet
  facet normal 0.740947 0.671564 0
    outer loop
      vertex 8.50311 6.97833 1.4
      vertex 8.11982 7.40122 0
      vertex 8.11982 7.40122 1.4
    endloop
  endfacet
  facet normal 0.740947 0.671564 0
    outer loop
      vertex 8.11982 7.40122 0
      vertex 8.50311 6.97833 1.4
      vertex 8.50311 6.97833 0
    endloop
  endfacet
  facet normal -0.97003 -0.242985 0
    outer loop
      vertex -10.5263 -3.19313 0
      vertex -10.7886 -2.14599 1.4
      vertex -10.7886 -2.14599 0
    endloop
  endfacet
  facet normal -0.97003 -0.242985 0
    outer loop
      vertex -10.7886 -2.14599 1.4
      vertex -10.5263 -3.19313 0
      vertex -10.5263 -3.19313 1.4
    endloop
  endfacet
  facet normal 0.857728 0.514103 0
    outer loop
      vertex 9.70113 5.18536 1.4
      vertex 9.14616 6.11127 0
      vertex 9.14616 6.11127 1.4
    endloop
  endfacet
  facet normal 0.857728 0.514103 0
    outer loop
      vertex 9.14616 6.11127 0
      vertex 9.70113 5.18536 1.4
      vertex 9.70113 5.18536 0
    endloop
  endfacet
  facet normal 0.671564 0.740947 -0
    outer loop
      vertex 7.40122 8.11982 0
      vertex 6.97833 8.50311 1.4
      vertex 7.40122 8.11982 1.4
    endloop
  endfacet
  facet normal 0.671564 0.740947 0
    outer loop
      vertex 6.97833 8.50311 1.4
      vertex 7.40122 8.11982 0
      vertex 6.97833 8.50311 0
    endloop
  endfacet
  facet normal -0.941565 -0.336832 0
    outer loop
      vertex -10.1627 -4.20952 0
      vertex -10.5263 -3.19313 1.4
      vertex -10.5263 -3.19313 0
    endloop
  endfacet
  facet normal -0.941565 -0.336832 0
    outer loop
      vertex -10.5263 -3.19313 1.4
      vertex -10.1627 -4.20952 0
      vertex -10.1627 -4.20952 1.4
    endloop
  endfacet
  facet normal 0.336832 -0.941565 0
    outer loop
      vertex 3.19313 -10.5263 0
      vertex 4.20952 -10.1627 1.4
      vertex 3.19313 -10.5263 1.4
    endloop
  endfacet
  facet normal 0.336832 -0.941565 0
    outer loop
      vertex 4.20952 -10.1627 1.4
      vertex 3.19313 -10.5263 0
      vertex 4.20952 -10.1627 0
    endloop
  endfacet
  facet normal 0.941565 0.336832 0
    outer loop
      vertex 10.5263 3.19313 1.4
      vertex 10.1627 4.20952 0
      vertex 10.1627 4.20952 1.4
    endloop
  endfacet
  facet normal 0.941565 0.336832 0
    outer loop
      vertex 10.1627 4.20952 0
      vertex 10.5263 3.19313 1.4
      vertex 10.5263 3.19313 0
    endloop
  endfacet
  facet normal -0.998794 -0.0490972 0
    outer loop
      vertex -10.947 -1.07819 0
      vertex -11 0 1.4
      vertex -11 0 0
    endloop
  endfacet
  facet normal -0.998794 -0.0490972 0
    outer loop
      vertex -11 0 1.4
      vertex -10.947 -1.07819 0
      vertex -10.947 -1.07819 1.4
    endloop
  endfacet
  facet normal -0.0490972 0.998794 0
    outer loop
      vertex 0 11 0
      vertex -1.07819 10.947 1.4
      vertex 0 11 1.4
    endloop
  endfacet
  facet normal -0.0490972 0.998794 0
    outer loop
      vertex -1.07819 10.947 1.4
      vertex 0 11 0
      vertex -1.07819 10.947 0
    endloop
  endfacet
  facet normal 0.903978 -0.427579 0
    outer loop
      vertex 9.70113 -5.18536 1.4
      vertex 10.1627 -4.20952 0
      vertex 10.1627 -4.20952 1.4
    endloop
  endfacet
  facet normal 0.903978 -0.427579 0
    outer loop
      vertex 10.1627 -4.20952 0
      vertex 9.70113 -5.18536 1.4
      vertex 9.70113 -5.18536 0
    endloop
  endfacet
  facet normal 0.595696 0.80321 -0
    outer loop
      vertex 6.97833 8.50311 0
      vertex 6.11127 9.14616 1.4
      vertex 6.97833 8.50311 1.4
    endloop
  endfacet
  facet normal 0.595696 0.80321 0
    outer loop
      vertex 6.11127 9.14616 1.4
      vertex 6.97833 8.50311 0
      vertex 6.11127 9.14616 0
    endloop
  endfacet
  facet normal 0.998794 -0.0490972 0
    outer loop
      vertex 10.947 -1.07819 1.4
      vertex 11 0 0
      vertex 11 0 1.4
    endloop
  endfacet
  facet normal 0.998794 -0.0490972 0
    outer loop
      vertex 11 0 0
      vertex 10.947 -1.07819 1.4
      vertex 10.947 -1.07819 0
    endloop
  endfacet
  facet normal -0.336832 -0.941565 0
    outer loop
      vertex -4.20952 -10.1627 0
      vertex -3.19313 -10.5263 1.4
      vertex -4.20952 -10.1627 1.4
    endloop
  endfacet
  facet normal -0.336832 -0.941565 -0
    outer loop
      vertex -3.19313 -10.5263 1.4
      vertex -4.20952 -10.1627 0
      vertex -3.19313 -10.5263 0
    endloop
  endfacet
  facet normal -0.0490972 -0.998794 0
    outer loop
      vertex -1.07819 -10.947 0
      vertex 0 -11 1.4
      vertex -1.07819 -10.947 1.4
    endloop
  endfacet
  facet normal -0.0490972 -0.998794 -0
    outer loop
      vertex 0 -11 1.4
      vertex -1.07819 -10.947 0
      vertex 0 -11 0
    endloop
  endfacet
  facet normal 0.0490972 -0.998794 0
    outer loop
      vertex 0 -11 0
      vertex 1.07819 -10.947 1.4
      vertex 0 -11 1.4
    endloop
  endfacet
  facet normal 0.0490972 -0.998794 0
    outer loop
      vertex 1.07819 -10.947 1.4
      vertex 0 -11 0
      vertex 1.07819 -10.947 0
    endloop
  endfacet
  facet normal 0.80321 0.595696 0
    outer loop
      vertex 9.14616 6.11127 1.4
      vertex 8.50311 6.97833 0
      vertex 8.50311 6.97833 1.4
    endloop
  endfacet
  facet normal 0.80321 0.595696 0
    outer loop
      vertex 8.50311 6.97833 0
      vertex 9.14616 6.11127 1.4
      vertex 9.14616 6.11127 0
    endloop
  endfacet
  facet normal -0.671564 0.740947 0
    outer loop
      vertex -6.97833 8.50311 0
      vertex -7.40122 8.11982 1.4
      vertex -6.97833 8.50311 1.4
    endloop
  endfacet
  facet normal -0.671564 0.740947 0
    outer loop
      vertex -7.40122 8.11982 1.4
      vertex -6.97833 8.50311 0
      vertex -7.40122 8.11982 0
    endloop
  endfacet
  facet normal 0.146737 0.989176 -0
    outer loop
      vertex 2.14599 10.7886 0
      vertex 1.07819 10.947 1.4
      vertex 2.14599 10.7886 1.4
    endloop
  endfacet
  facet normal 0.146737 0.989176 0
    outer loop
      vertex 1.07819 10.947 1.4
      vertex 2.14599 10.7886 0
      vertex 1.07819 10.947 0
    endloop
  endfacet
  facet normal 0.146737 -0.989176 0
    outer loop
      vertex 1.07819 -10.947 0
      vertex 2.14599 -10.7886 1.4
      vertex 1.07819 -10.947 1.4
    endloop
  endfacet
  facet normal 0.146737 -0.989176 0
    outer loop
      vertex 2.14599 -10.7886 1.4
      vertex 1.07819 -10.947 0
      vertex 2.14599 -10.7886 0
    endloop
  endfacet
  facet normal 0.427579 0.903978 -0
    outer loop
      vertex 5.18536 9.70113 0
      vertex 4.20952 10.1627 1.4
      vertex 5.18536 9.70113 1.4
    endloop
  endfacet
  facet normal 0.427579 0.903978 0
    outer loop
      vertex 4.20952 10.1627 1.4
      vertex 5.18536 9.70113 0
      vertex 4.20952 10.1627 0
    endloop
  endfacet
  facet normal 0.941565 -0.336832 0
    outer loop
      vertex 10.1627 -4.20952 1.4
      vertex 10.5263 -3.19313 0
      vertex 10.5263 -3.19313 1.4
    endloop
  endfacet
  facet normal 0.941565 -0.336832 0
    outer loop
      vertex 10.5263 -3.19313 0
      vertex 10.1627 -4.20952 1.4
      vertex 10.1627 -4.20952 0
    endloop
  endfacet
  facet normal 0.740947 -0.671564 0
    outer loop
      vertex 8.11982 -7.40122 1.4
      vertex 8.50311 -6.97833 0
      vertex 8.50311 -6.97833 1.4
    endloop
  endfacet
  facet normal 0.740947 -0.671564 0
    outer loop
      vertex 8.50311 -6.97833 0
      vertex 8.11982 -7.40122 1.4
      vertex 8.11982 -7.40122 0
    endloop
  endfacet
  facet normal -0.740947 0.671564 0
    outer loop
      vertex -8.50311 6.97833 0
      vertex -8.11982 7.40122 1.4
      vertex -8.11982 7.40122 0
    endloop
  endfacet
  facet normal -0.740947 0.671564 0
    outer loop
      vertex -8.11982 7.40122 1.4
      vertex -8.50311 6.97833 0
      vertex -8.50311 6.97833 1.4
    endloop
  endfacet
  facet normal -0.857728 0.514103 0
    outer loop
      vertex -9.70113 5.18536 0
      vertex -9.14616 6.11127 1.4
      vertex -9.14616 6.11127 0
    endloop
  endfacet
  facet normal -0.857728 0.514103 0
    outer loop
      vertex -9.14616 6.11127 1.4
      vertex -9.70113 5.18536 0
      vertex -9.70113 5.18536 1.4
    endloop
  endfacet
  facet normal 0.903978 0.427579 0
    outer loop
      vertex 10.1627 4.20952 1.4
      vertex 9.70113 5.18536 0
      vertex 9.70113 5.18536 1.4
    endloop
  endfacet
  facet normal 0.903978 0.427579 0
    outer loop
      vertex 9.70113 5.18536 0
      vertex 10.1627 4.20952 1.4
      vertex 10.1627 4.20952 0
    endloop
  endfacet
  facet normal -0.514103 0.857728 0
    outer loop
      vertex -5.18536 9.70113 0
      vertex -6.11127 9.14616 1.4
      vertex -5.18536 9.70113 1.4
    endloop
  endfacet
  facet normal -0.514103 0.857728 0
    outer loop
      vertex -6.11127 9.14616 1.4
      vertex -5.18536 9.70113 0
      vertex -6.11127 9.14616 0
    endloop
  endfacet
  facet normal 0.989176 -0.146737 0
    outer loop
      vertex 10.7886 -2.14599 1.4
      vertex 10.947 -1.07819 0
      vertex 10.947 -1.07819 1.4
    endloop
  endfacet
  facet normal 0.989176 -0.146737 0
    outer loop
      vertex 10.947 -1.07819 0
      vertex 10.7886 -2.14599 1.4
      vertex 10.7886 -2.14599 0
    endloop
  endfacet
  facet normal 0.514103 -0.857728 0
    outer loop
      vertex 5.18536 -9.70113 0
      vertex 6.11127 -9.14616 1.4
      vertex 5.18536 -9.70113 1.4
    endloop
  endfacet
  facet normal 0.514103 -0.857728 0
    outer loop
      vertex 6.11127 -9.14616 1.4
      vertex 5.18536 -9.70113 0
      vertex 6.11127 -9.14616 0
    endloop
  endfacet
  facet normal -0.941565 0.336832 0
    outer loop
      vertex -10.5263 3.19313 0
      vertex -10.1627 4.20952 1.4
      vertex -10.1627 4.20952 0
    endloop
  endfacet
  facet normal -0.941565 0.336832 0
    outer loop
      vertex -10.1627 4.20952 1.4
      vertex -10.5263 3.19313 0
      vertex -10.5263 3.19313 1.4
    endloop
  endfacet
  facet normal 0.336832 0.941565 -0
    outer loop
      vertex 4.20952 10.1627 0
      vertex 3.19313 10.5263 1.4
      vertex 4.20952 10.1627 1.4
    endloop
  endfacet
  facet normal 0.336832 0.941565 0
    outer loop
      vertex 3.19313 10.5263 1.4
      vertex 4.20952 10.1627 0
      vertex 3.19313 10.5263 0
    endloop
  endfacet
  facet normal 0.242985 0.97003 -0
    outer loop
      vertex 3.19313 10.5263 0
      vertex 2.14599 10.7886 1.4
      vertex 3.19313 10.5263 1.4
    endloop
  endfacet
  facet normal 0.242985 0.97003 0
    outer loop
      vertex 2.14599 10.7886 1.4
      vertex 3.19313 10.5263 0
      vertex 2.14599 10.7886 0
    endloop
  endfacet
  facet normal -0.427579 0.903978 0
    outer loop
      vertex -4.20952 10.1627 0
      vertex -5.18536 9.70113 1.4
      vertex -4.20952 10.1627 1.4
    endloop
  endfacet
  facet normal -0.427579 0.903978 0
    outer loop
      vertex -5.18536 9.70113 1.4
      vertex -4.20952 10.1627 0
      vertex -5.18536 9.70113 0
    endloop
  endfacet
  facet normal -0.595696 0.80321 0
    outer loop
      vertex -6.11127 9.14616 0
      vertex -6.97833 8.50311 1.4
      vertex -6.11127 9.14616 1.4
    endloop
  endfacet
  facet normal -0.595696 0.80321 0
    outer loop
      vertex -6.97833 8.50311 1.4
      vertex -6.11127 9.14616 0
      vertex -6.97833 8.50311 0
    endloop
  endfacet
  facet normal -0.146737 0.989176 0
    outer loop
      vertex -1.07819 10.947 0
      vertex -2.14599 10.7886 1.4
      vertex -1.07819 10.947 1.4
    endloop
  endfacet
  facet normal -0.146737 0.989176 0
    outer loop
      vertex -2.14599 10.7886 1.4
      vertex -1.07819 10.947 0
      vertex -2.14599 10.7886 0
    endloop
  endfacet
  facet normal 0.242985 -0.97003 0
    outer loop
      vertex 2.14599 -10.7886 0
      vertex 3.19313 -10.5263 1.4
      vertex 2.14599 -10.7886 1.4
    endloop
  endfacet
  facet normal 0.242985 -0.97003 0
    outer loop
      vertex 3.19313 -10.5263 1.4
      vertex 2.14599 -10.7886 0
      vertex 3.19313 -10.5263 0
    endloop
  endfacet
  facet normal -0.903978 -0.427579 0
    outer loop
      vertex -9.70113 -5.18536 0
      vertex -10.1627 -4.20952 1.4
      vertex -10.1627 -4.20952 0
    endloop
  endfacet
  facet normal -0.903978 -0.427579 0
    outer loop
      vertex -10.1627 -4.20952 1.4
      vertex -9.70113 -5.18536 0
      vertex -9.70113 -5.18536 1.4
    endloop
  endfacet
  facet normal -0.97003 0.242985 0
    outer loop
      vertex -10.7886 2.14599 0
      vertex -10.5263 3.19313 1.4
      vertex -10.5263 3.19313 0
    endloop
  endfacet
  facet normal -0.97003 0.242985 0
    outer loop
      vertex -10.5263 3.19313 1.4
      vertex -10.7886 2.14599 0
      vertex -10.7886 2.14599 1.4
    endloop
  endfacet
  facet normal -0.740947 -0.671564 0
    outer loop
      vertex -8.11982 -7.40122 0
      vertex -8.50311 -6.97833 1.4
      vertex -8.50311 -6.97833 0
    endloop
  endfacet
  facet normal -0.740947 -0.671564 0
    outer loop
      vertex -8.50311 -6.97833 1.4
      vertex -8.11982 -7.40122 0
      vertex -8.11982 -7.40122 1.4
    endloop
  endfacet
  facet normal -0.336832 0.941565 0
    outer loop
      vertex -3.19313 10.5263 0
      vertex -4.20952 10.1627 1.4
      vertex -3.19313 10.5263 1.4
    endloop
  endfacet
  facet normal -0.336832 0.941565 0
    outer loop
      vertex -4.20952 10.1627 1.4
      vertex -3.19313 10.5263 0
      vertex -4.20952 10.1627 0
    endloop
  endfacet
  facet normal -0.989176 0.146737 0
    outer loop
      vertex -10.947 1.07819 0
      vertex -10.7886 2.14599 1.4
      vertex -10.7886 2.14599 0
    endloop
  endfacet
  facet normal -0.989176 0.146737 0
    outer loop
      vertex -10.7886 2.14599 1.4
      vertex -10.947 1.07819 0
      vertex -10.947 1.07819 1.4
    endloop
  endfacet
  facet normal -0.998794 0.0490972 0
    outer loop
      vertex -11 0 0
      vertex -10.947 1.07819 1.4
      vertex -10.947 1.07819 0
    endloop
  endfacet
  facet normal -0.998794 0.0490972 0
    outer loop
      vertex -10.947 1.07819 1.4
      vertex -11 0 0
      vertex -11 0 1.4
    endloop
  endfacet
  facet normal -0.80321 0.595696 0
    outer loop
      vertex -9.14616 6.11127 0
      vertex -8.50311 6.97833 1.4
      vertex -8.50311 6.97833 0
    endloop
  endfacet
  facet normal -0.80321 0.595696 0
    outer loop
      vertex -8.50311 6.97833 1.4
      vertex -9.14616 6.11127 0
      vertex -9.14616 6.11127 1.4
    endloop
  endfacet
  facet normal 0.97003 -0.242985 0
    outer loop
      vertex 10.5263 -3.19313 1.4
      vertex 10.7886 -2.14599 0
      vertex 10.7886 -2.14599 1.4
    endloop
  endfacet
  facet normal 0.97003 -0.242985 0
    outer loop
      vertex 10.7886 -2.14599 0
      vertex 10.5263 -3.19313 1.4
      vertex 10.5263 -3.19313 0
    endloop
  endfacet
  facet normal -0.80321 -0.595696 0
    outer loop
      vertex -8.50311 -6.97833 0
      vertex -9.14616 -6.11127 1.4
      vertex -9.14616 -6.11127 0
    endloop
  endfacet
  facet normal -0.80321 -0.595696 0
    outer loop
      vertex -9.14616 -6.11127 1.4
      vertex -8.50311 -6.97833 0
      vertex -8.50311 -6.97833 1.4
    endloop
  endfacet
  facet normal -0.989176 -0.146737 0
    outer loop
      vertex -10.7886 -2.14599 0
      vertex -10.947 -1.07819 1.4
      vertex -10.947 -1.07819 0
    endloop
  endfacet
  facet normal -0.989176 -0.146737 0
    outer loop
      vertex -10.947 -1.07819 1.4
      vertex -10.7886 -2.14599 0
      vertex -10.7886 -2.14599 1.4
    endloop
  endfacet
  facet normal 0.0490972 0.998794 -0
    outer loop
      vertex 1.07819 10.947 0
      vertex 0 11 1.4
      vertex 1.07819 10.947 1.4
    endloop
  endfacet
  facet normal 0.0490972 0.998794 0
    outer loop
      vertex 0 11 1.4
      vertex 1.07819 10.947 0
      vertex 0 11 0
    endloop
  endfacet
  facet normal -0.514103 -0.857728 0
    outer loop
      vertex -6.11127 -9.14616 0
      vertex -5.18536 -9.70113 1.4
      vertex -6.11127 -9.14616 1.4
    endloop
  endfacet
  facet normal -0.514103 -0.857728 -0
    outer loop
      vertex -5.18536 -9.70113 1.4
      vertex -6.11127 -9.14616 0
      vertex -5.18536 -9.70113 0
    endloop
  endfacet
  facet normal -0.595696 -0.80321 0
    outer loop
      vertex -6.97833 -8.50311 0
      vertex -6.11127 -9.14616 1.4
      vertex -6.97833 -8.50311 1.4
    endloop
  endfacet
  facet normal -0.595696 -0.80321 -0
    outer loop
      vertex -6.11127 -9.14616 1.4
      vertex -6.97833 -8.50311 0
      vertex -6.11127 -9.14616 0
    endloop
  endfacet
  facet normal 0.857728 -0.514103 0
    outer loop
      vertex 9.14616 -6.11127 1.4
      vertex 9.70113 -5.18536 0
      vertex 9.70113 -5.18536 1.4
    endloop
  endfacet
  facet normal 0.857728 -0.514103 0
    outer loop
      vertex 9.70113 -5.18536 0
      vertex 9.14616 -6.11127 1.4
      vertex 9.14616 -6.11127 0
    endloop
  endfacet
  facet normal -0.427579 -0.903978 0
    outer loop
      vertex -5.18536 -9.70113 0
      vertex -4.20952 -10.1627 1.4
      vertex -5.18536 -9.70113 1.4
    endloop
  endfacet
  facet normal -0.427579 -0.903978 -0
    outer loop
      vertex -4.20952 -10.1627 1.4
      vertex -5.18536 -9.70113 0
      vertex -4.20952 -10.1627 0
    endloop
  endfacet
  facet normal 0.80321 -0.595696 0
    outer loop
      vertex 8.50311 -6.97833 1.4
      vertex 9.14616 -6.11127 0
      vertex 9.14616 -6.11127 1.4
    endloop
  endfacet
  facet normal 0.80321 -0.595696 0
    outer loop
      vertex 9.14616 -6.11127 0
      vertex 8.50311 -6.97833 1.4
      vertex 8.50311 -6.97833 0
    endloop
  endfacet
  facet normal -0.242985 -0.97003 0
    outer loop
      vertex -3.19313 -10.5263 0
      vertex -2.14599 -10.7886 1.4
      vertex -3.19313 -10.5263 1.4
    endloop
  endfacet
  facet normal -0.242985 -0.97003 -0
    outer loop
      vertex -2.14599 -10.7886 1.4
      vertex -3.19313 -10.5263 0
      vertex -2.14599 -10.7886 0
    endloop
  endfacet
  facet normal -0.857728 -0.514103 0
    outer loop
      vertex -9.14616 -6.11127 0
      vertex -9.70113 -5.18536 1.4
      vertex -9.70113 -5.18536 0
    endloop
  endfacet
  facet normal -0.857728 -0.514103 0
    outer loop
      vertex -9.70113 -5.18536 1.4
      vertex -9.14616 -6.11127 0
      vertex -9.14616 -6.11127 1.4
    endloop
  endfacet
  facet normal -0.903978 0.427579 0
    outer loop
      vertex -10.1627 4.20952 0
      vertex -9.70113 5.18536 1.4
      vertex -9.70113 5.18536 0
    endloop
  endfacet
  facet normal -0.903978 0.427579 0
    outer loop
      vertex -9.70113 5.18536 1.4
      vertex -10.1627 4.20952 0
      vertex -10.1627 4.20952 1.4
    endloop
  endfacet
  facet normal 0.671564 -0.740947 0
    outer loop
      vertex 6.97833 -8.50311 0
      vertex 7.40122 -8.11982 1.4
      vertex 6.97833 -8.50311 1.4
    endloop
  endfacet
  facet normal 0.671564 -0.740947 0
    outer loop
      vertex 7.40122 -8.11982 1.4
      vertex 6.97833 -8.50311 0
      vertex 7.40122 -8.11982 0
    endloop
  endfacet
  facet normal -0 0 -1
    outer loop
      vertex -7.39038 6.01843 0
      vertex -9.70113 5.18536 0
      vertex -7.49202 6.0548 0
    endloop
  endfacet
  facet normal 0 0 -1
    outer loop
      vertex -8.16577 -7.17889 0
      vertex -8.50311 -6.97833 0
      vertex -8.17107 -7.07107 0
    endloop
  endfacet
  facet normal 0 0 -1
    outer loop
      vertex -8.14993 -7.28567 0
      vertex -8.50311 -6.97833 0
      vertex -8.16577 -7.17889 0
    endloop
  endfacet
  facet normal 0 0 -1
    outer loop
      vertex -8.1237 -7.39038 0
      vertex -8.50311 -6.97833 0
      vertex -8.14993 -7.28567 0
    endloop
  endfacet
  facet normal 0 0 -1
    outer loop
      vertex -8.50311 -6.97833 0
      vertex -8.1237 -7.39038 0
      vertex -8.11982 -7.40122 0
    endloop
  endfacet
  facet normal -0 0 -1
    outer loop
      vertex -3.04056 -3.04056 0
      vertex -6.37323 -6.22076 0
      vertex -3.32394 -2.72789 0
    endloop
  endfacet
  facet normal 0 0 -1
    outer loop
      vertex -4.3 0 0
      vertex -5.97636 6.96325 0
      vertex -5.97107 7.07107 0
    endloop
  endfacet
  facet normal 0 0 -1
    outer loop
      vertex -6.45994 -6.15645 0
      vertex -3.32394 -2.72789 0
      vertex -6.37323 -6.22076 0
    endloop
  endfacet
  facet normal 0 0 -1
    outer loop
      vertex -4.3 0 0
      vertex -5.9922 6.85647 0
      vertex -5.97636 6.96325 0
    endloop
  endfacet
  facet normal 0 0 -1
    outer loop
      vertex -6.55253 -6.10095 0
      vertex -3.32394 -2.72789 0
      vertex -6.45994 -6.15645 0
    endloop
  endfacet
  facet normal 0 0 -1
    outer loop
      vertex -4.3 0 0
      vertex -6.01843 6.75175 0
      vertex -5.9922 6.85647 0
    endloop
  endfacet
  facet normal -0 0 -1
    outer loop
      vertex -3.32394 -2.72789 0
      vertex -6.55253 -6.10095 0
      vertex -3.57532 -2.38895 0
    endloop
  endfacet
  facet normal 0 0 -1
    outer loop
      vertex -4.3 0 0
      vertex -6.0548 6.65012 0
      vertex -6.01843 6.75175 0
    endloop
  endfacet
  facet normal 0 0 -1
    outer loop
      vertex -6.65012 -6.0548 0
      vertex -3.57532 -2.38895 0
      vertex -6.55253 -6.10095 0
    endloop
  endfacet
  facet normal 0 0 -1
    outer loop
      vertex -4.3 0 0
      vertex -6.10095 6.55253 0
      vertex -6.0548 6.65012 0
    endloop
  endfacet
  facet normal 0 0 -1
    outer loop
      vertex -6.75175 -6.01843 0
      vertex -3.57532 -2.38895 0
      vertex -6.65012 -6.0548 0
    endloop
  endfacet
  facet normal 0 0 -1
    outer loop
      vertex -4.3 0 0
      vertex -6.15645 6.45994 0
      vertex -6.10095 6.55253 0
    endloop
  endfacet
  facet normal -0 0 -1
    outer loop
      vertex -3.57532 -2.38895 0
      vertex -6.75175 -6.01843 0
      vertex -3.79226 -2.02701 0
    endloop
  endfacet
  facet normal 0 0 -1
    outer loop
      vertex -4.3 0 0
      vertex -6.22076 6.37323 0
      vertex -6.15645 6.45994 0
    endloop
  endfacet
  facet normal 0 0 -1
    outer loop
      vertex -6.85647 -5.9922 0
      vertex -3.79226 -2.02701 0
      vertex -6.75175 -6.01843 0
    endloop
  endfacet
  facet normal 0 0 -1
    outer loop
      vertex -4.3 0 0
      vertex -6.29325 6.29325 0
      vertex -6.22076 6.37323 0
    endloop
  endfacet
  facet normal 0 0 -1
    outer loop
      vertex -6.96325 -5.97636 0
      vertex -3.79226 -2.02701 0
      vertex -6.85647 -5.9922 0
    endloop
  endfacet
  facet normal 0 0 -1
    outer loop
      vertex -4.3 0 0
      vertex -6.37323 6.22076 0
      vertex -6.29325 6.29325 0
    endloop
  endfacet
  facet normal -0 0 -1
    outer loop
      vertex -3.79226 -2.02701 0
      vertex -6.96325 -5.97636 0
      vertex -3.97268 -1.64554 0
    endloop
  endfacet
  facet normal 0 0 -1
    outer loop
      vertex -4.3 0 0
      vertex -6.45994 6.15645 0
      vertex -6.37323 6.22076 0
    endloop
  endfacet
  facet normal 0 0 -1
    outer loop
      vertex -7.07107 -5.97107 0
      vertex -3.97268 -1.64554 0
      vertex -6.96325 -5.97636 0
    endloop
  endfacet
  facet normal 0 0 -1
    outer loop
      vertex -4.3 0 0
      vertex -6.55253 6.10095 0
      vertex -6.45994 6.15645 0
    endloop
  endfacet
  facet normal -0 0 -1
    outer loop
      vertex -3.97268 -1.64554 0
      vertex -7.07107 -5.97107 0
      vertex -4.11484 -1.24822 0
    endloop
  endfacet
  facet normal 0 0 -1
    outer loop
      vertex -4.3 0 0
      vertex -6.65012 6.0548 0
      vertex -6.55253 6.10095 0
    endloop
  endfacet
  facet normal 0 0 -1
    outer loop
      vertex -10.1627 -4.20952 0
      vertex -7.07107 -5.97107 0
      vertex -7.17889 -5.97636 0
    endloop
  endfacet
  facet normal 0 0 -1
    outer loop
      vertex -4.3 0 0
      vertex -6.75175 6.01843 0
      vertex -6.65012 6.0548 0
    endloop
  endfacet
  facet normal 0 0 -1
    outer loop
      vertex -10.1627 -4.20952 0
      vertex -7.28567 -5.9922 0
      vertex -9.70113 -5.18536 0
    endloop
  endfacet
  facet normal 0 0 -1
    outer loop
      vertex -4.3 0 0
      vertex -6.85647 5.9922 0
      vertex -6.75175 6.01843 0
    endloop
  endfacet
  facet normal 0 0 -1
    outer loop
      vertex -7.28567 -5.9922 0
      vertex -10.1627 -4.20952 0
      vertex -7.17889 -5.97636 0
    endloop
  endfacet
  facet normal 0 0 -1
    outer loop
      vertex -4.3 0 0
      vertex -6.96325 5.97636 0
      vertex -6.85647 5.9922 0
    endloop
  endfacet
  facet normal 0 0 -1
    outer loop
      vertex -9.70113 -5.18536 0
      vertex -7.28567 -5.9922 0
      vertex -7.39038 -6.01843 0
    endloop
  endfacet
  facet normal 0 0 -1
    outer loop
      vertex -4.3 0 0
      vertex -7.07107 5.97107 0
      vertex -6.96325 5.97636 0
    endloop
  endfacet
  facet normal 0 0 -1
    outer loop
      vertex -7.5896 -6.10095 0
      vertex -9.70113 -5.18536 0
      vertex -7.49202 -6.0548 0
    endloop
  endfacet
  facet normal 0 -0 -1
    outer loop
      vertex -10.5263 3.19313 0
      vertex -4.3 0 0
      vertex -10.7886 2.14599 0
    endloop
  endfacet
  facet normal 0 0 -1
    outer loop
      vertex -7.49202 -6.0548 0
      vertex -9.70113 -5.18536 0
      vertex -7.39038 -6.01843 0
    endloop
  endfacet
  facet normal 0 -0 -1
    outer loop
      vertex -10.947 1.07819 0
      vertex -4.3 0 0
      vertex -11 0 0
    endloop
  endfacet
  facet normal 0 0 -1
    outer loop
      vertex -7.68219 -6.15645 0
      vertex -9.70113 -5.18536 0
      vertex -7.5896 -6.10095 0
    endloop
  endfacet
  facet normal 0 0 -1
    outer loop
      vertex -11 0 0
      vertex -4.3 0 0
      vertex -10.947 -1.07819 0
    endloop
  endfacet
  facet normal 0 0 -1
    outer loop
      vertex -7.07107 -5.97107 0
      vertex -10.1627 -4.20952 0
      vertex -4.11484 -1.24822 0
    endloop
  endfacet
  facet normal 0 0 -1
    outer loop
      vertex -10.947 -1.07819 0
      vertex -4.27929 -0.421474 0
      vertex -10.7886 -2.14599 0
    endloop
  endfacet
  facet normal 0 0 -1
    outer loop
      vertex -9.70113 -5.18536 0
      vertex -7.68219 -6.15645 0
      vertex -9.14616 -6.11127 0
    endloop
  endfacet
  facet normal -0 0 -1
    outer loop
      vertex -4.21738 -0.838888 0
      vertex -10.7886 -2.14599 0
      vertex -4.27929 -0.421474 0
    endloop
  endfacet
  facet normal 0 0 -1
    outer loop
      vertex -10.5263 -3.19313 0
      vertex -4.11484 -1.24822 0
      vertex -10.1627 -4.20952 0
    endloop
  endfacet
  facet normal -0 0 -1
    outer loop
      vertex -4.11484 -1.24822 0
      vertex -10.5263 -3.19313 0
      vertex -4.21738 -0.838888 0
    endloop
  endfacet
  facet normal 0 0 -1
    outer loop
      vertex -9.14616 -6.11127 0
      vertex -7.68219 -6.15645 0
      vertex -7.7689 -6.22076 0
    endloop
  endfacet
  facet normal 0 0 -1
    outer loop
      vertex -10.7886 -2.14599 0
      vertex -4.21738 -0.838888 0
      vertex -10.5263 -3.19313 0
    endloop
  endfacet
  facet normal 0 0 -1
    outer loop
      vertex -9.14616 -6.11127 0
      vertex -7.7689 -6.22076 0
      vertex -7.84888 -6.29325 0
    endloop
  endfacet
  facet normal -0 0 -1
    outer loop
      vertex -4.27929 -0.421474 0
      vertex -10.947 -1.07819 0
      vertex -4.3 0 0
    endloop
  endfacet
  facet normal 0 0 -1
    outer loop
      vertex -9.14616 -6.11127 0
      vertex -7.84888 -6.29325 0
      vertex -7.92138 -6.37323 0
    endloop
  endfacet
  facet normal 0 -0 -1
    outer loop
      vertex -10.7886 2.14599 0
      vertex -4.3 0 0
      vertex -10.947 1.07819 0
    endloop
  endfacet
  facet normal 0 0 -1
    outer loop
      vertex -8.04118 -6.55253 0
      vertex -9.14616 -6.11127 0
      vertex -7.98568 -6.45994 0
    endloop
  endfacet
  facet normal 0 0 -1
    outer loop
      vertex -7.98568 -6.45994 0
      vertex -9.14616 -6.11127 0
      vertex -7.92138 -6.37323 0
    endloop
  endfacet
  facet normal 0 0 -1
    outer loop
      vertex -8.08733 -6.65012 0
      vertex -9.14616 -6.11127 0
      vertex -8.04118 -6.55253 0
    endloop
  endfacet
  facet normal 0 0 -1
    outer loop
      vertex -4.3 0 0
      vertex -10.5263 3.19313 0
      vertex -7.07107 5.97107 0
    endloop
  endfacet
  facet normal 0 0 -1
    outer loop
      vertex -9.14616 -6.11127 0
      vertex -8.08733 -6.65012 0
      vertex -8.50311 -6.97833 0
    endloop
  endfacet
  facet normal 0 -0 -1
    outer loop
      vertex -10.1627 4.20952 0
      vertex -7.07107 5.97107 0
      vertex -10.5263 3.19313 0
    endloop
  endfacet
  facet normal 0 0 -1
    outer loop
      vertex -8.50311 -6.97833 0
      vertex -8.08733 -6.65012 0
      vertex -8.1237 -6.75175 0
    endloop
  endfacet
  facet normal -0 0 -1
    outer loop
      vertex -7.07107 5.97107 0
      vertex -10.1627 4.20952 0
      vertex -7.17889 5.97636 0
    endloop
  endfacet
  facet normal 0 0 -1
    outer loop
      vertex -8.50311 -6.97833 0
      vertex -8.1237 -6.75175 0
      vertex -8.14993 -6.85647 0
    endloop
  endfacet
  facet normal -0 0 -1
    outer loop
      vertex -7.17889 5.97636 0
      vertex -10.1627 4.20952 0
      vertex -7.28567 5.9922 0
    endloop
  endfacet
  facet normal 0 0 -1
    outer loop
      vertex -8.50311 -6.97833 0
      vertex -8.14993 -6.85647 0
      vertex -8.16577 -6.96325 0
    endloop
  endfacet
  facet normal 0 -0 -1
    outer loop
      vertex -9.70113 5.18536 0
      vertex -7.28567 5.9922 0
      vertex -10.1627 4.20952 0
    endloop
  endfacet
  facet normal 0 0 -1
    outer loop
      vertex -8.50311 -6.97833 0
      vertex -8.16577 -6.96325 0
      vertex -8.17107 -7.07107 0
    endloop
  endfacet
  facet normal -0 0 -1
    outer loop
      vertex -7.28567 5.9922 0
      vertex -9.70113 5.18536 0
      vertex -7.39038 6.01843 0
    endloop
  endfacet
  facet normal 0 0 -1
    outer loop
      vertex -5.97636 7.17889 0
      vertex -4.20952 10.1627 0
      vertex -5.97107 7.07107 0
    endloop
  endfacet
  facet normal 0 0 -1
    outer loop
      vertex -5.9922 7.28567 0
      vertex -4.20952 10.1627 0
      vertex -5.97636 7.17889 0
    endloop
  endfacet
  facet normal 0 0 -1
    outer loop
      vertex -4.20952 10.1627 0
      vertex -5.9922 7.28567 0
      vertex -5.18536 9.70113 0
    endloop
  endfacet
  facet normal 0 0 -1
    outer loop
      vertex -6.01843 7.39038 0
      vertex -5.18536 9.70113 0
      vertex -5.9922 7.28567 0
    endloop
  endfacet
  facet normal 0 0 -1
    outer loop
      vertex -6.0548 7.49202 0
      vertex -5.18536 9.70113 0
      vertex -6.01843 7.39038 0
    endloop
  endfacet
  facet normal 0 0 -1
    outer loop
      vertex -6.10095 7.5896 0
      vertex -5.18536 9.70113 0
      vertex -6.0548 7.49202 0
    endloop
  endfacet
  facet normal 0 0 -1
    outer loop
      vertex -6.15645 7.68219 0
      vertex -5.18536 9.70113 0
      vertex -6.10095 7.5896 0
    endloop
  endfacet
  facet normal 0 0 -1
    outer loop
      vertex -5.18536 9.70113 0
      vertex -6.15645 7.68219 0
      vertex -6.11127 9.14616 0
    endloop
  endfacet
  facet normal 0 0 -1
    outer loop
      vertex -6.22076 7.7689 0
      vertex -6.11127 9.14616 0
      vertex -6.15645 7.68219 0
    endloop
  endfacet
  facet normal 0 0 -1
    outer loop
      vertex -6.29325 7.84888 0
      vertex -6.11127 9.14616 0
      vertex -6.22076 7.7689 0
    endloop
  endfacet
  facet normal 0 0 -1
    outer loop
      vertex -6.37323 7.92138 0
      vertex -6.11127 9.14616 0
      vertex -6.29325 7.84888 0
    endloop
  endfacet
  facet normal 0 0 -1
    outer loop
      vertex -6.45994 7.98568 0
      vertex -6.11127 9.14616 0
      vertex -6.37323 7.92138 0
    endloop
  endfacet
  facet normal 0 0 -1
    outer loop
      vertex -6.55253 8.04118 0
      vertex -6.11127 9.14616 0
      vertex -6.45994 7.98568 0
    endloop
  endfacet
  facet normal 0 0 -1
    outer loop
      vertex -6.65012 8.08733 0
      vertex -6.11127 9.14616 0
      vertex -6.55253 8.04118 0
    endloop
  endfacet
  facet normal 0 0 -1
    outer loop
      vertex -6.97833 8.50311 0
      vertex -6.65012 8.08733 0
      vertex -6.75175 8.1237 0
    endloop
  endfacet
  facet normal 0 0 -1
    outer loop
      vertex -6.97833 8.50311 0
      vertex -6.75175 8.1237 0
      vertex -6.85647 8.14993 0
    endloop
  endfacet
  facet normal 0 0 -1
    outer loop
      vertex -6.97833 8.50311 0
      vertex -6.85647 8.14993 0
      vertex -6.96325 8.16577 0
    endloop
  endfacet
  facet normal 0 0 -1
    outer loop
      vertex -6.65012 8.08733 0
      vertex -6.97833 8.50311 0
      vertex -6.11127 9.14616 0
    endloop
  endfacet
  facet normal 0 0 -1
    outer loop
      vertex -7.07107 8.17107 0
      vertex -6.97833 8.50311 0
      vertex -6.96325 8.16577 0
    endloop
  endfacet
  facet normal 0 0 -1
    outer loop
      vertex -7.17889 8.16577 0
      vertex -6.97833 8.50311 0
      vertex -7.07107 8.17107 0
    endloop
  endfacet
  facet normal 0 0 -1
    outer loop
      vertex -7.28567 8.14993 0
      vertex -6.97833 8.50311 0
      vertex -7.17889 8.16577 0
    endloop
  endfacet
  facet normal 0 0 -1
    outer loop
      vertex -7.39038 8.1237 0
      vertex -6.97833 8.50311 0
      vertex -7.28567 8.14993 0
    endloop
  endfacet
  facet normal 0 0 -1
    outer loop
      vertex -6.97833 8.50311 0
      vertex -7.39038 8.1237 0
      vertex -7.40122 8.11982 0
    endloop
  endfacet
  facet normal 0 0 -1
    outer loop
      vertex 6.97833 -8.50311 0
      vertex 7.39038 -8.1237 0
      vertex 7.40122 -8.11982 0
    endloop
  endfacet
  facet normal 0 0 -1
    outer loop
      vertex 6.97833 -8.50311 0
      vertex 7.28567 -8.14993 0
      vertex 7.39038 -8.1237 0
    endloop
  endfacet
  facet normal 0 0 -1
    outer loop
      vertex 6.97833 -8.50311 0
      vertex 7.17889 -8.16577 0
      vertex 7.28567 -8.14993 0
    endloop
  endfacet
  facet normal 0 0 -1
    outer loop
      vertex 6.97833 -8.50311 0
      vertex 7.07107 -8.17107 0
      vertex 7.17889 -8.16577 0
    endloop
  endfacet
  facet normal 0 0 -1
    outer loop
      vertex 6.97833 -8.50311 0
      vertex 6.96325 -8.16577 0
      vertex 7.07107 -8.17107 0
    endloop
  endfacet
  facet normal 0 0 -1
    outer loop
      vertex 6.97833 -8.50311 0
      vertex 6.85647 -8.14993 0
      vertex 6.96325 -8.16577 0
    endloop
  endfacet
  facet normal 0 0 -1
    outer loop
      vertex 6.97833 -8.50311 0
      vertex 6.75175 -8.1237 0
      vertex 6.85647 -8.14993 0
    endloop
  endfacet
  facet normal 0 0 -1
    outer loop
      vertex 6.97833 -8.50311 0
      vertex 6.65012 -8.08733 0
      vertex 6.75175 -8.1237 0
    endloop
  endfacet
  facet normal 0 0 -1
    outer loop
      vertex 6.11127 -9.14616 0
      vertex 6.65012 -8.08733 0
      vertex 6.97833 -8.50311 0
    endloop
  endfacet
  facet normal -0 0 -1
    outer loop
      vertex 6.65012 -8.08733 0
      vertex 6.11127 -9.14616 0
      vertex 6.55253 -8.04118 0
    endloop
  endfacet
  facet normal -0 0 -1
    outer loop
      vertex 6.55253 -8.04118 0
      vertex 6.11127 -9.14616 0
      vertex 6.45994 -7.98568 0
    endloop
  endfacet
  facet normal -0 0 -1
    outer loop
      vertex 6.45994 -7.98568 0
      vertex 6.11127 -9.14616 0
      vertex 6.37323 -7.92138 0
    endloop
  endfacet
  facet normal -0 0 -1
    outer loop
      vertex 6.37323 -7.92138 0
      vertex 6.11127 -9.14616 0
      vertex 6.29325 -7.84888 0
    endloop
  endfacet
  facet normal 0 0 -1
    outer loop
      vertex 6.11127 -9.14616 0
      vertex 6.22076 -7.7689 0
      vertex 6.29325 -7.84888 0
    endloop
  endfacet
  facet normal 0 0 -1
    outer loop
      vertex 6.11127 -9.14616 0
      vertex 6.15645 -7.68219 0
      vertex 6.22076 -7.7689 0
    endloop
  endfacet
  facet normal 0 0 -1
    outer loop
      vertex 5.18536 -9.70113 0
      vertex 6.15645 -7.68219 0
      vertex 6.11127 -9.14616 0
    endloop
  endfacet
  facet normal -0 0 -1
    outer loop
      vertex 6.15645 -7.68219 0
      vertex 5.18536 -9.70113 0
      vertex 6.10095 -7.5896 0
    endloop
  endfacet
  facet normal -0 0 -1
    outer loop
      vertex 6.10095 -7.5896 0
      vertex 5.18536 -9.70113 0
      vertex 6.0548 -7.49202 0
    endloop
  endfacet
  facet normal -0 0 -1
    outer loop
      vertex 6.0548 -7.49202 0
      vertex 5.18536 -9.70113 0
      vertex 6.01843 -7.39038 0
    endloop
  endfacet
  facet normal -0 0 -1
    outer loop
      vertex 6.01843 -7.39038 0
      vertex 5.18536 -9.70113 0
      vertex 5.9922 -7.28567 0
    endloop
  endfacet
  facet normal -0 0 -1
    outer loop
      vertex 6.45994 6.15645 0
      vertex 3.32394 2.72789 0
      vertex 6.37323 6.22076 0
    endloop
  endfacet
  facet normal -0 0 -1
    outer loop
      vertex 5.97636 -7.17889 0
      vertex 5.18536 -9.70113 0
      vertex 5.97107 -7.07107 0
    endloop
  endfacet
  facet normal -0 0 -1
    outer loop
      vertex 5.9922 -7.28567 0
      vertex 5.18536 -9.70113 0
      vertex 5.97636 -7.17889 0
    endloop
  endfacet
  facet normal 0 0 -1
    outer loop
      vertex 7.7689 -6.22076 0
      vertex 9.14616 -6.11127 0
      vertex 7.84888 -6.29325 0
    endloop
  endfacet
  facet normal 0 0 -1
    outer loop
      vertex 10.947 1.07819 0
      vertex 8.16577 6.96325 0
      vertex 8.17107 7.07107 0
    endloop
  endfacet
  facet normal 0 0 -1
    outer loop
      vertex 7.68219 -6.15645 0
      vertex 9.14616 -6.11127 0
      vertex 7.7689 -6.22076 0
    endloop
  endfacet
  facet normal 0 0 -1
    outer loop
      vertex 10.947 1.07819 0
      vertex 8.14993 6.85647 0
      vertex 8.16577 6.96325 0
    endloop
  endfacet
  facet normal -0 0 -1
    outer loop
      vertex 9.14616 -6.11127 0
      vertex 7.68219 -6.15645 0
      vertex 9.70113 -5.18536 0
    endloop
  endfacet
  facet normal 0 0 -1
    outer loop
      vertex 10.947 1.07819 0
      vertex 8.1237 6.75175 0
      vertex 8.14993 6.85647 0
    endloop
  endfacet
  facet normal 0 0 -1
    outer loop
      vertex 7.5896 -6.10095 0
      vertex 9.70113 -5.18536 0
      vertex 7.68219 -6.15645 0
    endloop
  endfacet
  facet normal 0 0 -1
    outer loop
      vertex 10.947 1.07819 0
      vertex 8.08733 6.65012 0
      vertex 8.1237 6.75175 0
    endloop
  endfacet
  facet normal 0 0 -1
    outer loop
      vertex 7.49202 -6.0548 0
      vertex 9.70113 -5.18536 0
      vertex 7.5896 -6.10095 0
    endloop
  endfacet
  facet normal 0 0 -1
    outer loop
      vertex 10.947 1.07819 0
      vertex 8.04118 6.55253 0
      vertex 8.08733 6.65012 0
    endloop
  endfacet
  facet normal 0 0 -1
    outer loop
      vertex 7.39038 -6.01843 0
      vertex 9.70113 -5.18536 0
      vertex 7.49202 -6.0548 0
    endloop
  endfacet
  facet normal 0 0 -1
    outer loop
      vertex 10.947 1.07819 0
      vertex 7.98568 6.45994 0
      vertex 8.04118 6.55253 0
    endloop
  endfacet
  facet normal 0 0 -1
    outer loop
      vertex 7.28567 -5.9922 0
      vertex 9.70113 -5.18536 0
      vertex 7.39038 -6.01843 0
    endloop
  endfacet
  facet normal 0 0 -1
    outer loop
      vertex 10.947 1.07819 0
      vertex 7.92138 6.37323 0
      vertex 7.98568 6.45994 0
    endloop
  endfacet
  facet normal -0 0 -1
    outer loop
      vertex 9.70113 -5.18536 0
      vertex 7.28567 -5.9922 0
      vertex 10.1627 -4.20952 0
    endloop
  endfacet
  facet normal 0 0 -1
    outer loop
      vertex 10.947 1.07819 0
      vertex 7.84888 6.29325 0
      vertex 7.92138 6.37323 0
    endloop
  endfacet
  facet normal 0 0 -1
    outer loop
      vertex 7.17889 -5.97636 0
      vertex 10.1627 -4.20952 0
      vertex 7.28567 -5.9922 0
    endloop
  endfacet
  facet normal 0 0 -1
    outer loop
      vertex 10.947 1.07819 0
      vertex 7.7689 6.22076 0
      vertex 7.84888 6.29325 0
    endloop
  endfacet
  facet normal 0 0 -1
    outer loop
      vertex 7.07107 -5.97107 0
      vertex 10.1627 -4.20952 0
      vertex 7.17889 -5.97636 0
    endloop
  endfacet
  facet normal 0 0 -1
    outer loop
      vertex 10.947 1.07819 0
      vertex 7.68219 6.15645 0
      vertex 7.7689 6.22076 0
    endloop
  endfacet
  facet normal -0 0 -1
    outer loop
      vertex 10.1627 -4.20952 0
      vertex 7.07107 -5.97107 0
      vertex 10.5263 -3.19313 0
    endloop
  endfacet
  facet normal 0 0 -1
    outer loop
      vertex 10.947 1.07819 0
      vertex 7.5896 6.10095 0
      vertex 7.68219 6.15645 0
    endloop
  endfacet
  facet normal 0 0 -1
    outer loop
      vertex 4.27929 -0.421474 0
      vertex 7.07107 -5.97107 0
      vertex 6.96325 -5.97636 0
    endloop
  endfacet
  facet normal 0 0 -1
    outer loop
      vertex 10.947 1.07819 0
      vertex 7.49202 6.0548 0
      vertex 7.5896 6.10095 0
    endloop
  endfacet
  facet normal 0 0 -1
    outer loop
      vertex 7.07107 -5.97107 0
      vertex 4.27929 -0.421474 0
      vertex 10.5263 -3.19313 0
    endloop
  endfacet
  facet normal 0 0 -1
    outer loop
      vertex 10.947 1.07819 0
      vertex 7.39038 6.01843 0
      vertex 7.49202 6.0548 0
    endloop
  endfacet
  facet normal 0 0 -1
    outer loop
      vertex 4.27929 -0.421474 0
      vertex 6.96325 -5.97636 0
      vertex 6.85647 -5.9922 0
    endloop
  endfacet
  facet normal 0 0 -1
    outer loop
      vertex 10.947 1.07819 0
      vertex 7.28567 5.9922 0
      vertex 7.39038 6.01843 0
    endloop
  endfacet
  facet normal 0 0 -1
    outer loop
      vertex 10.5263 -3.19313 0
      vertex 4.27929 -0.421474 0
      vertex 10.7886 -2.14599 0
    endloop
  endfacet
  facet normal 0 0 -1
    outer loop
      vertex 10.947 1.07819 0
      vertex 7.17889 5.97636 0
      vertex 7.28567 5.9922 0
    endloop
  endfacet
  facet normal 0 0 -1
    outer loop
      vertex 4.27929 -0.421474 0
      vertex 6.85647 -5.9922 0
      vertex 6.75175 -6.01843 0
    endloop
  endfacet
  facet normal 0 0 -1
    outer loop
      vertex 4.27929 0.421474 0
      vertex 10.947 1.07819 0
      vertex 4.3 0 0
    endloop
  endfacet
  facet normal 0 0 -1
    outer loop
      vertex 10.7886 -2.14599 0
      vertex 4.27929 -0.421474 0
      vertex 10.947 -1.07819 0
    endloop
  endfacet
  facet normal 0 0 -1
    outer loop
      vertex 11 0 0
      vertex 4.3 0 0
      vertex 10.947 1.07819 0
    endloop
  endfacet
  facet normal 0 0 -1
    outer loop
      vertex 10.947 -1.07819 0
      vertex 4.27929 -0.421474 0
      vertex 11 0 0
    endloop
  endfacet
  facet normal 0 0 -1
    outer loop
      vertex 4.21738 0.838888 0
      vertex 10.947 1.07819 0
      vertex 4.27929 0.421474 0
    endloop
  endfacet
  facet normal 0 -0 -1
    outer loop
      vertex 4.3 0 0
      vertex 11 0 0
      vertex 4.27929 -0.421474 0
    endloop
  endfacet
  facet normal 0 0 -1
    outer loop
      vertex 4.11484 1.24822 0
      vertex 10.947 1.07819 0
      vertex 4.21738 0.838888 0
    endloop
  endfacet
  facet normal 0 0 -1
    outer loop
      vertex 4.27929 -0.421474 0
      vertex 6.75175 -6.01843 0
      vertex 6.65012 -6.0548 0
    endloop
  endfacet
  facet normal 0 0 -1
    outer loop
      vertex 10.947 1.07819 0
      vertex 4.11484 1.24822 0
      vertex 7.17889 5.97636 0
    endloop
  endfacet
  facet normal 0 0 -1
    outer loop
      vertex 4.27929 -0.421474 0
      vertex 6.65012 -6.0548 0
      vertex 6.55253 -6.10095 0
    endloop
  endfacet
  facet normal 0 0 -1
    outer loop
      vertex 7.17889 5.97636 0
      vertex 4.11484 1.24822 0
      vertex 7.07107 5.97107 0
    endloop
  endfacet
  facet normal 0 0 -1
    outer loop
      vertex 4.27929 -0.421474 0
      vertex 6.55253 -6.10095 0
      vertex 6.45994 -6.15645 0
    endloop
  endfacet
  facet normal 0 0 -1
    outer loop
      vertex 3.97268 1.64554 0
      vertex 7.07107 5.97107 0
      vertex 4.11484 1.24822 0
    endloop
  endfacet
  facet normal 0 0 -1
    outer loop
      vertex 4.27929 -0.421474 0
      vertex 6.45994 -6.15645 0
      vertex 6.37323 -6.22076 0
    endloop
  endfacet
  facet normal -0 0 -1
    outer loop
      vertex 7.07107 5.97107 0
      vertex 3.97268 1.64554 0
      vertex 6.96325 5.97636 0
    endloop
  endfacet
  facet normal 0 0 -1
    outer loop
      vertex 4.27929 -0.421474 0
      vertex 6.37323 -6.22076 0
      vertex 6.29325 -6.29325 0
    endloop
  endfacet
  facet normal 0 0 -1
    outer loop
      vertex 3.79226 2.02701 0
      vertex 6.96325 5.97636 0
      vertex 3.97268 1.64554 0
    endloop
  endfacet
  facet normal 0 0 -1
    outer loop
      vertex 4.27929 -0.421474 0
      vertex 6.29325 -6.29325 0
      vertex 6.22076 -6.37323 0
    endloop
  endfacet
  facet normal -0 0 -1
    outer loop
      vertex 6.96325 5.97636 0
      vertex 3.79226 2.02701 0
      vertex 6.85647 5.9922 0
    endloop
  endfacet
  facet normal 0 0 -1
    outer loop
      vertex 4.27929 -0.421474 0
      vertex 6.22076 -6.37323 0
      vertex 6.15645 -6.45994 0
    endloop
  endfacet
  facet normal -0 0 -1
    outer loop
      vertex 6.85647 5.9922 0
      vertex 3.79226 2.02701 0
      vertex 6.75175 6.01843 0
    endloop
  endfacet
  facet normal 0 0 -1
    outer loop
      vertex 4.27929 -0.421474 0
      vertex 6.15645 -6.45994 0
      vertex 6.10095 -6.55253 0
    endloop
  endfacet
  facet normal 0 0 -1
    outer loop
      vertex 3.57532 2.38895 0
      vertex 6.75175 6.01843 0
      vertex 3.79226 2.02701 0
    endloop
  endfacet
  facet normal 0 0 -1
    outer loop
      vertex 4.27929 -0.421474 0
      vertex 6.10095 -6.55253 0
      vertex 6.0548 -6.65012 0
    endloop
  endfacet
  facet normal -0 0 -1
    outer loop
      vertex 6.75175 6.01843 0
      vertex 3.57532 2.38895 0
      vertex 6.65012 6.0548 0
    endloop
  endfacet
  facet normal 0 0 -1
    outer loop
      vertex 4.27929 -0.421474 0
      vertex 6.0548 -6.65012 0
      vertex 6.01843 -6.75175 0
    endloop
  endfacet
  facet normal -0 0 -1
    outer loop
      vertex 6.65012 6.0548 0
      vertex 3.57532 2.38895 0
      vertex 6.55253 6.10095 0
    endloop
  endfacet
  facet normal 0 0 -1
    outer loop
      vertex 4.27929 -0.421474 0
      vertex 6.01843 -6.75175 0
      vertex 5.9922 -6.85647 0
    endloop
  endfacet
  facet normal 0 0 -1
    outer loop
      vertex 3.32394 2.72789 0
      vertex 6.55253 6.10095 0
      vertex 3.57532 2.38895 0
    endloop
  endfacet
  facet normal 0 0 -1
    outer loop
      vertex 4.27929 -0.421474 0
      vertex 5.97636 -6.96325 0
      vertex 5.18536 -9.70113 0
    endloop
  endfacet
  facet normal 0 0 -1
    outer loop
      vertex 5.97636 -6.96325 0
      vertex 4.27929 -0.421474 0
      vertex 5.9922 -6.85647 0
    endloop
  endfacet
  facet normal 0 0 -1
    outer loop
      vertex 5.18536 -9.70113 0
      vertex 5.97636 -6.96325 0
      vertex 5.97107 -7.07107 0
    endloop
  endfacet
  facet normal -0 0 -1
    outer loop
      vertex 6.55253 6.10095 0
      vertex 3.32394 2.72789 0
      vertex 6.45994 6.15645 0
    endloop
  endfacet
  facet normal 0 0 -1
    outer loop
      vertex 7.92138 -6.37323 0
      vertex 9.14616 -6.11127 0
      vertex 7.98568 -6.45994 0
    endloop
  endfacet
  facet normal 0 0 -1
    outer loop
      vertex 8.04118 -6.55253 0
      vertex 9.14616 -6.11127 0
      vertex 8.08733 -6.65012 0
    endloop
  endfacet
  facet normal 0 0 -1
    outer loop
      vertex 7.98568 -6.45994 0
      vertex 9.14616 -6.11127 0
      vertex 8.04118 -6.55253 0
    endloop
  endfacet
  facet normal 0 0 -1
    outer loop
      vertex 8.50311 -6.97833 0
      vertex 8.08733 -6.65012 0
      vertex 9.14616 -6.11127 0
    endloop
  endfacet
  facet normal 0 0 -1
    outer loop
      vertex 7.84888 -6.29325 0
      vertex 9.14616 -6.11127 0
      vertex 7.92138 -6.37323 0
    endloop
  endfacet
  facet normal 0 0 -1
    outer loop
      vertex 8.08733 -6.65012 0
      vertex 8.50311 -6.97833 0
      vertex 8.1237 -6.75175 0
    endloop
  endfacet
  facet normal 0 0 -1
    outer loop
      vertex 10.947 1.07819 0
      vertex 8.17107 7.07107 0
      vertex 10.7886 2.14599 0
    endloop
  endfacet
  facet normal 0 0 -1
    outer loop
      vertex 8.1237 -6.75175 0
      vertex 8.50311 -6.97833 0
      vertex 8.14993 -6.85647 0
    endloop
  endfacet
  facet normal 0 0 -1
    outer loop
      vertex 10.7886 2.14599 0
      vertex 8.17107 7.07107 0
      vertex 10.5263 3.19313 0
    endloop
  endfacet
  facet normal 0 0 -1
    outer loop
      vertex 8.14993 -6.85647 0
      vertex 8.50311 -6.97833 0
      vertex 8.16577 -6.96325 0
    endloop
  endfacet
  facet normal 0 0 -1
    outer loop
      vertex 10.5263 3.19313 0
      vertex 8.17107 7.07107 0
      vertex 10.1627 4.20952 0
    endloop
  endfacet
  facet normal 0 0 -1
    outer loop
      vertex 8.16577 -6.96325 0
      vertex 8.50311 -6.97833 0
      vertex 8.17107 -7.07107 0
    endloop
  endfacet
  facet normal 0 0 -1
    outer loop
      vertex 10.1627 4.20952 0
      vertex 8.17107 7.07107 0
      vertex 9.70113 5.18536 0
    endloop
  endfacet
  facet normal 0 0 -1
    outer loop
      vertex 9.70113 5.18536 0
      vertex 8.17107 7.07107 0
      vertex 9.14616 6.11127 0
    endloop
  endfacet
  facet normal 0 0 -1
    outer loop
      vertex 8.50311 -6.97833 0
      vertex 8.16577 -7.17889 0
      vertex 8.17107 -7.07107 0
    endloop
  endfacet
  facet normal 0 0 -1
    outer loop
      vertex 8.50311 -6.97833 0
      vertex 8.14993 -7.28567 0
      vertex 8.16577 -7.17889 0
    endloop
  endfacet
  facet normal 0 0 -1
    outer loop
      vertex 8.50311 -6.97833 0
      vertex 8.1237 -7.39038 0
      vertex 8.14993 -7.28567 0
    endloop
  endfacet
  facet normal 0 -0 -1
    outer loop
      vertex 8.1237 -7.39038 0
      vertex 8.50311 -6.97833 0
      vertex 8.11982 -7.40122 0
    endloop
  endfacet
  facet normal 0 0 -1
    outer loop
      vertex 9.14616 6.11127 0
      vertex 8.17107 7.07107 0
      vertex 8.50311 6.97833 0
    endloop
  endfacet
  facet normal 0 0 -1
    outer loop
      vertex 8.16577 7.17889 0
      vertex 8.50311 6.97833 0
      vertex 8.17107 7.07107 0
    endloop
  endfacet
  facet normal 0 0 -1
    outer loop
      vertex 8.14993 7.28567 0
      vertex 8.50311 6.97833 0
      vertex 8.16577 7.17889 0
    endloop
  endfacet
  facet normal 0 0 -1
    outer loop
      vertex 8.1237 7.39038 0
      vertex 8.50311 6.97833 0
      vertex 8.14993 7.28567 0
    endloop
  endfacet
  facet normal 0 0 -1
    outer loop
      vertex 8.50311 6.97833 0
      vertex 8.1237 7.39038 0
      vertex 8.11982 7.40122 0
    endloop
  endfacet
  facet normal 0 0 -1
    outer loop
      vertex 7.39038 8.1237 0
      vertex 6.97833 8.50311 0
      vertex 7.40122 8.11982 0
    endloop
  endfacet
  facet normal 0 0 -1
    outer loop
      vertex 7.28567 8.14993 0
      vertex 6.97833 8.50311 0
      vertex 7.39038 8.1237 0
    endloop
  endfacet
  facet normal 0 0 -1
    outer loop
      vertex 7.17889 8.16577 0
      vertex 6.97833 8.50311 0
      vertex 7.28567 8.14993 0
    endloop
  endfacet
  facet normal 0 0 -1
    outer loop
      vertex 7.07107 8.17107 0
      vertex 6.97833 8.50311 0
      vertex 7.17889 8.16577 0
    endloop
  endfacet
  facet normal 0 0 -1
    outer loop
      vertex 6.96325 8.16577 0
      vertex 6.97833 8.50311 0
      vertex 7.07107 8.17107 0
    endloop
  endfacet
  facet normal 0 0 -1
    outer loop
      vertex 6.85647 8.14993 0
      vertex 6.97833 8.50311 0
      vertex 6.96325 8.16577 0
    endloop
  endfacet
  facet normal 0 0 -1
    outer loop
      vertex 6.75175 8.1237 0
      vertex 6.97833 8.50311 0
      vertex 6.85647 8.14993 0
    endloop
  endfacet
  facet normal 0 0 -1
    outer loop
      vertex 6.65012 8.08733 0
      vertex 6.97833 8.50311 0
      vertex 6.75175 8.1237 0
    endloop
  endfacet
  facet normal 0 0 -1
    outer loop
      vertex 6.11127 9.14616 0
      vertex 6.65012 8.08733 0
      vertex 6.55253 8.04118 0
    endloop
  endfacet
  facet normal 0 0 -1
    outer loop
      vertex 6.11127 9.14616 0
      vertex 6.55253 8.04118 0
      vertex 6.45994 7.98568 0
    endloop
  endfacet
  facet normal 0 0 -1
    outer loop
      vertex 6.11127 9.14616 0
      vertex 6.45994 7.98568 0
      vertex 6.37323 7.92138 0
    endloop
  endfacet
  facet normal 0 0 -1
    outer loop
      vertex 6.11127 9.14616 0
      vertex 6.37323 7.92138 0
      vertex 6.29325 7.84888 0
    endloop
  endfacet
  facet normal 0 0 -1
    outer loop
      vertex 6.65012 8.08733 0
      vertex 6.11127 9.14616 0
      vertex 6.97833 8.50311 0
    endloop
  endfacet
  facet normal 0 0 -1
    outer loop
      vertex 6.22076 7.7689 0
      vertex 6.11127 9.14616 0
      vertex 6.29325 7.84888 0
    endloop
  endfacet
  facet normal 0 0 -1
    outer loop
      vertex 6.15645 7.68219 0
      vertex 6.11127 9.14616 0
      vertex 6.22076 7.7689 0
    endloop
  endfacet
  facet normal 0 0 -1
    outer loop
      vertex 5.18536 9.70113 0
      vertex 6.15645 7.68219 0
      vertex 6.10095 7.5896 0
    endloop
  endfacet
  facet normal 0 0 -1
    outer loop
      vertex 5.18536 9.70113 0
      vertex 6.10095 7.5896 0
      vertex 6.0548 7.49202 0
    endloop
  endfacet
  facet normal 0 0 -1
    outer loop
      vertex 5.18536 9.70113 0
      vertex 6.0548 7.49202 0
      vertex 6.01843 7.39038 0
    endloop
  endfacet
  facet normal 0 0 -1
    outer loop
      vertex 5.18536 9.70113 0
      vertex 6.01843 7.39038 0
      vertex 5.9922 7.28567 0
    endloop
  endfacet
  facet normal 0 0 -1
    outer loop
      vertex 4.20952 10.1627 0
      vertex 5.9922 7.28567 0
      vertex 5.97636 7.17889 0
    endloop
  endfacet
  facet normal 0 0 -1
    outer loop
      vertex 6.15645 7.68219 0
      vertex 5.18536 9.70113 0
      vertex 6.11127 9.14616 0
    endloop
  endfacet
  facet normal 0 0 -1
    outer loop
      vertex 4.20952 10.1627 0
      vertex 5.97636 7.17889 0
      vertex 5.97107 7.07107 0
    endloop
  endfacet
  facet normal 0 0 -1
    outer loop
      vertex 3.04056 3.04056 0
      vertex 6.37323 6.22076 0
      vertex 3.32394 2.72789 0
    endloop
  endfacet
  facet normal -0 0 -1
    outer loop
      vertex 6.29325 6.29325 0
      vertex 3.04056 3.04056 0
      vertex 6.22076 6.37323 0
    endloop
  endfacet
  facet normal -0 0 -1
    outer loop
      vertex 6.37323 6.22076 0
      vertex 3.04056 3.04056 0
      vertex 6.29325 6.29325 0
    endloop
  endfacet
  facet normal 0 0 -1
    outer loop
      vertex 5.18536 -9.70113 0
      vertex 4.21738 -0.838888 0
      vertex 4.27929 -0.421474 0
    endloop
  endfacet
  facet normal 0 0 -1
    outer loop
      vertex 2.02701 -3.79226 0
      vertex 5.18536 -9.70113 0
      vertex 4.20952 -10.1627 0
    endloop
  endfacet
  facet normal 0 0 -1
    outer loop
      vertex 5.18536 -9.70113 0
      vertex 4.11484 -1.24822 0
      vertex 4.21738 -0.838888 0
    endloop
  endfacet
  facet normal 0 0 -1
    outer loop
      vertex 5.18536 -9.70113 0
      vertex 3.97268 -1.64554 0
      vertex 4.11484 -1.24822 0
    endloop
  endfacet
  facet normal 0 0 -1
    outer loop
      vertex 5.18536 -9.70113 0
      vertex 3.79226 -2.02701 0
      vertex 3.97268 -1.64554 0
    endloop
  endfacet
  facet normal 0 0 -1
    outer loop
      vertex 5.18536 -9.70113 0
      vertex 3.57532 -2.38895 0
      vertex 3.79226 -2.02701 0
    endloop
  endfacet
  facet normal 0 0 -1
    outer loop
      vertex 5.18536 -9.70113 0
      vertex 3.32394 -2.72789 0
      vertex 3.57532 -2.38895 0
    endloop
  endfacet
  facet normal 0 0 -1
    outer loop
      vertex 1.64554 -3.97268 0
      vertex 4.20952 -10.1627 0
      vertex 3.19313 -10.5263 0
    endloop
  endfacet
  facet normal 0 0 -1
    outer loop
      vertex 5.18536 -9.70113 0
      vertex 3.04056 -3.04056 0
      vertex 3.32394 -2.72789 0
    endloop
  endfacet
  facet normal 0 0 -1
    outer loop
      vertex 5.18536 -9.70113 0
      vertex 2.72789 -3.32394 0
      vertex 3.04056 -3.04056 0
    endloop
  endfacet
  facet normal 0 0 -1
    outer loop
      vertex 5.18536 -9.70113 0
      vertex 2.38895 -3.57532 0
      vertex 2.72789 -3.32394 0
    endloop
  endfacet
  facet normal 0 0 -1
    outer loop
      vertex 1.24822 -4.11484 0
      vertex 3.19313 -10.5263 0
      vertex 2.14599 -10.7886 0
    endloop
  endfacet
  facet normal 0 0 -1
    outer loop
      vertex 5.18536 -9.70113 0
      vertex 2.02701 -3.79226 0
      vertex 2.38895 -3.57532 0
    endloop
  endfacet
  facet normal 0 0 -1
    outer loop
      vertex 4.20952 -10.1627 0
      vertex 1.64554 -3.97268 0
      vertex 2.02701 -3.79226 0
    endloop
  endfacet
  facet normal 0 0 -1
    outer loop
      vertex 3.19313 -10.5263 0
      vertex 1.24822 -4.11484 0
      vertex 1.64554 -3.97268 0
    endloop
  endfacet
  facet normal 0 0 -1
    outer loop
      vertex 0.838888 -4.21738 0
      vertex 2.14599 -10.7886 0
      vertex 1.07819 -10.947 0
    endloop
  endfacet
  facet normal 0 0 -1
    outer loop
      vertex 2.14599 -10.7886 0
      vertex 0.838888 -4.21738 0
      vertex 1.24822 -4.11484 0
    endloop
  endfacet
  facet normal 0 0 -1
    outer loop
      vertex 1.07819 -10.947 0
      vertex 0.421474 -4.27929 0
      vertex 0.838888 -4.21738 0
    endloop
  endfacet
  facet normal 0 0 -1
    outer loop
      vertex 0 -11 0
      vertex 0.421474 -4.27929 0
      vertex 1.07819 -10.947 0
    endloop
  endfacet
  facet normal 0 0 -1
    outer loop
      vertex 0 -11 0
      vertex 0 -4.3 0
      vertex 0.421474 -4.27929 0
    endloop
  endfacet
  facet normal 0 0 -1
    outer loop
      vertex 0 -11 0
      vertex -0.421474 -4.27929 0
      vertex 0 -4.3 0
    endloop
  endfacet
  facet normal 0 0 -1
    outer loop
      vertex -1.07819 -10.947 0
      vertex -0.421474 -4.27929 0
      vertex 0 -11 0
    endloop
  endfacet
  facet normal -0 0 -1
    outer loop
      vertex -0.421474 -4.27929 0
      vertex -1.07819 -10.947 0
      vertex -0.838888 -4.21738 0
    endloop
  endfacet
  facet normal 0 0 -1
    outer loop
      vertex -2.14599 -10.7886 0
      vertex -0.838888 -4.21738 0
      vertex -1.07819 -10.947 0
    endloop
  endfacet
  facet normal -0 0 -1
    outer loop
      vertex -0.838888 -4.21738 0
      vertex -2.14599 -10.7886 0
      vertex -1.24822 -4.11484 0
    endloop
  endfacet
  facet normal 0 0 -1
    outer loop
      vertex -3.19313 -10.5263 0
      vertex -1.24822 -4.11484 0
      vertex -2.14599 -10.7886 0
    endloop
  endfacet
  facet normal -0 0 -1
    outer loop
      vertex -1.24822 -4.11484 0
      vertex -3.19313 -10.5263 0
      vertex -1.64554 -3.97268 0
    endloop
  endfacet
  facet normal 0 0 -1
    outer loop
      vertex -5.97107 -7.07107 0
      vertex -1.64554 -3.97268 0
      vertex -3.19313 -10.5263 0
    endloop
  endfacet
  facet normal 0 0 -1
    outer loop
      vertex -5.97636 -6.96325 0
      vertex -1.64554 -3.97268 0
      vertex -5.97107 -7.07107 0
    endloop
  endfacet
  facet normal -0 0 -1
    outer loop
      vertex -1.64554 -3.97268 0
      vertex -5.97636 -6.96325 0
      vertex -2.02701 -3.79226 0
    endloop
  endfacet
  facet normal 0 0 -1
    outer loop
      vertex -5.9922 -6.85647 0
      vertex -2.02701 -3.79226 0
      vertex -5.97636 -6.96325 0
    endloop
  endfacet
  facet normal 0 0 -1
    outer loop
      vertex -6.01843 -6.75175 0
      vertex -2.02701 -3.79226 0
      vertex -5.9922 -6.85647 0
    endloop
  endfacet
  facet normal -0 0 -1
    outer loop
      vertex -2.02701 -3.79226 0
      vertex -6.01843 -6.75175 0
      vertex -2.38895 -3.57532 0
    endloop
  endfacet
  facet normal 0 0 -1
    outer loop
      vertex -6.0548 -6.65012 0
      vertex -2.38895 -3.57532 0
      vertex -6.01843 -6.75175 0
    endloop
  endfacet
  facet normal 0 0 -1
    outer loop
      vertex -6.10095 -6.55253 0
      vertex -2.38895 -3.57532 0
      vertex -6.0548 -6.65012 0
    endloop
  endfacet
  facet normal -0 0 -1
    outer loop
      vertex -2.38895 -3.57532 0
      vertex -6.10095 -6.55253 0
      vertex -2.72789 -3.32394 0
    endloop
  endfacet
  facet normal 0 0 -1
    outer loop
      vertex -5.97107 -7.07107 0
      vertex -3.19313 -10.5263 0
      vertex -4.20952 -10.1627 0
    endloop
  endfacet
  facet normal 0 0 -1
    outer loop
      vertex -6.15645 -6.45994 0
      vertex -2.72789 -3.32394 0
      vertex -6.10095 -6.55253 0
    endloop
  endfacet
  facet normal 0 0 -1
    outer loop
      vertex -6.22076 -6.37323 0
      vertex -2.72789 -3.32394 0
      vertex -6.15645 -6.45994 0
    endloop
  endfacet
  facet normal -0 0 -1
    outer loop
      vertex -2.72789 -3.32394 0
      vertex -6.22076 -6.37323 0
      vertex -3.04056 -3.04056 0
    endloop
  endfacet
  facet normal 0 0 -1
    outer loop
      vertex -5.9922 -7.28567 0
      vertex -4.20952 -10.1627 0
      vertex -5.18536 -9.70113 0
    endloop
  endfacet
  facet normal -0 0 -1
    outer loop
      vertex -8.1237 7.39038 0
      vertex -8.50311 6.97833 0
      vertex -8.11982 7.40122 0
    endloop
  endfacet
  facet normal -0 0 -1
    outer loop
      vertex -8.14993 7.28567 0
      vertex -8.50311 6.97833 0
      vertex -8.1237 7.39038 0
    endloop
  endfacet
  facet normal -0 0 -1
    outer loop
      vertex -8.16577 7.17889 0
      vertex -8.50311 6.97833 0
      vertex -8.14993 7.28567 0
    endloop
  endfacet
  facet normal -0 0 -1
    outer loop
      vertex -8.17107 7.07107 0
      vertex -8.50311 6.97833 0
      vertex -8.16577 7.17889 0
    endloop
  endfacet
  facet normal -0 0 -1
    outer loop
      vertex -7.49202 6.0548 0
      vertex -9.70113 5.18536 0
      vertex -7.5896 6.10095 0
    endloop
  endfacet
  facet normal -0 0 -1
    outer loop
      vertex -7.5896 6.10095 0
      vertex -9.70113 5.18536 0
      vertex -7.68219 6.15645 0
    endloop
  endfacet
  facet normal 0 0 -1
    outer loop
      vertex -8.16577 6.96325 0
      vertex -8.50311 6.97833 0
      vertex -8.17107 7.07107 0
    endloop
  endfacet
  facet normal 0 -0 -1
    outer loop
      vertex -9.14616 6.11127 0
      vertex -7.68219 6.15645 0
      vertex -9.70113 5.18536 0
    endloop
  endfacet
  facet normal 0 0 -1
    outer loop
      vertex -8.14993 6.85647 0
      vertex -8.50311 6.97833 0
      vertex -8.16577 6.96325 0
    endloop
  endfacet
  facet normal -0 0 -1
    outer loop
      vertex -7.68219 6.15645 0
      vertex -9.14616 6.11127 0
      vertex -7.7689 6.22076 0
    endloop
  endfacet
  facet normal 0 0 -1
    outer loop
      vertex -8.1237 6.75175 0
      vertex -8.50311 6.97833 0
      vertex -8.14993 6.85647 0
    endloop
  endfacet
  facet normal -0 0 -1
    outer loop
      vertex -7.7689 6.22076 0
      vertex -9.14616 6.11127 0
      vertex -7.84888 6.29325 0
    endloop
  endfacet
  facet normal 0 0 -1
    outer loop
      vertex -8.08733 6.65012 0
      vertex -8.50311 6.97833 0
      vertex -8.1237 6.75175 0
    endloop
  endfacet
  facet normal -0 0 -1
    outer loop
      vertex -7.84888 6.29325 0
      vertex -9.14616 6.11127 0
      vertex -7.92138 6.37323 0
    endloop
  endfacet
  facet normal 0 -0 -1
    outer loop
      vertex -8.50311 6.97833 0
      vertex -8.08733 6.65012 0
      vertex -9.14616 6.11127 0
    endloop
  endfacet
  facet normal -0 0 -1
    outer loop
      vertex -7.98568 6.45994 0
      vertex -9.14616 6.11127 0
      vertex -8.04118 6.55253 0
    endloop
  endfacet
  facet normal -0 0 -1
    outer loop
      vertex -8.04118 6.55253 0
      vertex -9.14616 6.11127 0
      vertex -8.08733 6.65012 0
    endloop
  endfacet
  facet normal -0 0 -1
    outer loop
      vertex -7.92138 6.37323 0
      vertex -9.14616 6.11127 0
      vertex -7.98568 6.45994 0
    endloop
  endfacet
  facet normal 0 0 -1
    outer loop
      vertex 2.72789 3.32394 0
      vertex 6.22076 6.37323 0
      vertex 3.04056 3.04056 0
    endloop
  endfacet
  facet normal -0 0 -1
    outer loop
      vertex 6.22076 6.37323 0
      vertex 2.72789 3.32394 0
      vertex 6.15645 6.45994 0
    endloop
  endfacet
  facet normal -0 0 -1
    outer loop
      vertex 6.15645 6.45994 0
      vertex 2.72789 3.32394 0
      vertex 6.10095 6.55253 0
    endloop
  endfacet
  facet normal 0 0 -1
    outer loop
      vertex 2.38895 3.57532 0
      vertex 6.10095 6.55253 0
      vertex 2.72789 3.32394 0
    endloop
  endfacet
  facet normal -0 0 -1
    outer loop
      vertex 6.10095 6.55253 0
      vertex 2.38895 3.57532 0
      vertex 6.0548 6.65012 0
    endloop
  endfacet
  facet normal -0 0 -1
    outer loop
      vertex 6.0548 6.65012 0
      vertex 2.38895 3.57532 0
      vertex 6.01843 6.75175 0
    endloop
  endfacet
  facet normal 0 0 -1
    outer loop
      vertex 2.02701 3.79226 0
      vertex 6.01843 6.75175 0
      vertex 2.38895 3.57532 0
    endloop
  endfacet
  facet normal -0 0 -1
    outer loop
      vertex 6.01843 6.75175 0
      vertex 2.02701 3.79226 0
      vertex 5.9922 6.85647 0
    endloop
  endfacet
  facet normal -0 0 -1
    outer loop
      vertex 5.9922 6.85647 0
      vertex 2.02701 3.79226 0
      vertex 5.97636 6.96325 0
    endloop
  endfacet
  facet normal 0 0 -1
    outer loop
      vertex 1.64554 3.97268 0
      vertex 5.97636 6.96325 0
      vertex 2.02701 3.79226 0
    endloop
  endfacet
  facet normal -0 0 -1
    outer loop
      vertex 5.97636 6.96325 0
      vertex 1.64554 3.97268 0
      vertex 5.97107 7.07107 0
    endloop
  endfacet
  facet normal 0 0 -1
    outer loop
      vertex 5.9922 7.28567 0
      vertex 4.20952 10.1627 0
      vertex 5.18536 9.70113 0
    endloop
  endfacet
  facet normal -0 0 -1
    outer loop
      vertex 5.97107 7.07107 0
      vertex 1.64554 3.97268 0
      vertex 4.20952 10.1627 0
    endloop
  endfacet
  facet normal -0 0 -1
    outer loop
      vertex 4.20952 10.1627 0
      vertex 1.64554 3.97268 0
      vertex 3.19313 10.5263 0
    endloop
  endfacet
  facet normal 0 0 -1
    outer loop
      vertex 1.24822 4.11484 0
      vertex 3.19313 10.5263 0
      vertex 1.64554 3.97268 0
    endloop
  endfacet
  facet normal -0 0 -1
    outer loop
      vertex 3.19313 10.5263 0
      vertex 1.24822 4.11484 0
      vertex 2.14599 10.7886 0
    endloop
  endfacet
  facet normal 0 0 -1
    outer loop
      vertex 0.838888 4.21738 0
      vertex 2.14599 10.7886 0
      vertex 1.24822 4.11484 0
    endloop
  endfacet
  facet normal -0 0 -1
    outer loop
      vertex 2.14599 10.7886 0
      vertex 0.838888 4.21738 0
      vertex 1.07819 10.947 0
    endloop
  endfacet
  facet normal 0 0 -1
    outer loop
      vertex 0.421474 4.27929 0
      vertex 1.07819 10.947 0
      vertex 0.838888 4.21738 0
    endloop
  endfacet
  facet normal 0 0 -1
    outer loop
      vertex 0 4.3 0
      vertex 1.07819 10.947 0
      vertex 0.421474 4.27929 0
    endloop
  endfacet
  facet normal 0 0 -1
    outer loop
      vertex 0 4.3 0
      vertex 0 11 0
      vertex 1.07819 10.947 0
    endloop
  endfacet
  facet normal 0 0 -1
    outer loop
      vertex -0.421474 4.27929 0
      vertex 0 11 0
      vertex 0 4.3 0
    endloop
  endfacet
  facet normal 0 0 -1
    outer loop
      vertex -1.07819 10.947 0
      vertex -0.421474 4.27929 0
      vertex -0.838888 4.21738 0
    endloop
  endfacet
  facet normal 0 0 -1
    outer loop
      vertex -0.421474 4.27929 0
      vertex -1.07819 10.947 0
      vertex 0 11 0
    endloop
  endfacet
  facet normal 0 0 -1
    outer loop
      vertex -2.14599 10.7886 0
      vertex -0.838888 4.21738 0
      vertex -1.24822 4.11484 0
    endloop
  endfacet
  facet normal 0 0 -1
    outer loop
      vertex -3.19313 10.5263 0
      vertex -1.24822 4.11484 0
      vertex -1.64554 3.97268 0
    endloop
  endfacet
  facet normal 0 0 -1
    outer loop
      vertex -5.97107 7.07107 0
      vertex -1.64554 3.97268 0
      vertex -2.02701 3.79226 0
    endloop
  endfacet
  facet normal 0 0 -1
    outer loop
      vertex -0.838888 4.21738 0
      vertex -2.14599 10.7886 0
      vertex -1.07819 10.947 0
    endloop
  endfacet
  facet normal 0 0 -1
    outer loop
      vertex -5.97107 7.07107 0
      vertex -2.02701 3.79226 0
      vertex -2.38895 3.57532 0
    endloop
  endfacet
  facet normal 0 0 -1
    outer loop
      vertex -5.97107 7.07107 0
      vertex -2.38895 3.57532 0
      vertex -2.72789 3.32394 0
    endloop
  endfacet
  facet normal 0 0 -1
    outer loop
      vertex -5.97107 7.07107 0
      vertex -2.72789 3.32394 0
      vertex -3.04056 3.04056 0
    endloop
  endfacet
  facet normal 0 0 -1
    outer loop
      vertex -1.24822 4.11484 0
      vertex -3.19313 10.5263 0
      vertex -2.14599 10.7886 0
    endloop
  endfacet
  facet normal 0 0 -1
    outer loop
      vertex -5.97107 7.07107 0
      vertex -3.04056 3.04056 0
      vertex -3.32394 2.72789 0
    endloop
  endfacet
  facet normal 0 0 -1
    outer loop
      vertex -5.97107 7.07107 0
      vertex -3.32394 2.72789 0
      vertex -3.57532 2.38895 0
    endloop
  endfacet
  facet normal 0 0 -1
    outer loop
      vertex -5.97107 7.07107 0
      vertex -3.57532 2.38895 0
      vertex -3.79226 2.02701 0
    endloop
  endfacet
  facet normal 0 0 -1
    outer loop
      vertex -5.97107 7.07107 0
      vertex -3.79226 2.02701 0
      vertex -3.97268 1.64554 0
    endloop
  endfacet
  facet normal 0 0 -1
    outer loop
      vertex -5.97107 7.07107 0
      vertex -3.97268 1.64554 0
      vertex -4.11484 1.24822 0
    endloop
  endfacet
  facet normal 0 0 -1
    outer loop
      vertex -1.64554 3.97268 0
      vertex -4.20952 10.1627 0
      vertex -3.19313 10.5263 0
    endloop
  endfacet
  facet normal 0 0 -1
    outer loop
      vertex -5.97107 7.07107 0
      vertex -4.11484 1.24822 0
      vertex -4.21738 0.838888 0
    endloop
  endfacet
  facet normal 0 0 -1
    outer loop
      vertex -5.97107 7.07107 0
      vertex -4.21738 0.838888 0
      vertex -4.27929 0.421474 0
    endloop
  endfacet
  facet normal 0 0 -1
    outer loop
      vertex -6.37323 -6.22076 0
      vertex -3.04056 -3.04056 0
      vertex -6.29325 -6.29325 0
    endloop
  endfacet
  facet normal 0 0 -1
    outer loop
      vertex -6.29325 -6.29325 0
      vertex -3.04056 -3.04056 0
      vertex -6.22076 -6.37323 0
    endloop
  endfacet
  facet normal 0 0 -1
    outer loop
      vertex -4.3 0 0
      vertex -5.97107 7.07107 0
      vertex -4.27929 0.421474 0
    endloop
  endfacet
  facet normal 0 0 -1
    outer loop
      vertex -1.64554 3.97268 0
      vertex -5.97107 7.07107 0
      vertex -4.20952 10.1627 0
    endloop
  endfacet
  facet normal 0 0 -1
    outer loop
      vertex -4.20952 -10.1627 0
      vertex -5.97636 -7.17889 0
      vertex -5.97107 -7.07107 0
    endloop
  endfacet
  facet normal 0 0 -1
    outer loop
      vertex -4.20952 -10.1627 0
      vertex -5.9922 -7.28567 0
      vertex -5.97636 -7.17889 0
    endloop
  endfacet
  facet normal 0 0 -1
    outer loop
      vertex -5.18536 -9.70113 0
      vertex -6.01843 -7.39038 0
      vertex -5.9922 -7.28567 0
    endloop
  endfacet
  facet normal 0 0 -1
    outer loop
      vertex -5.18536 -9.70113 0
      vertex -6.0548 -7.49202 0
      vertex -6.01843 -7.39038 0
    endloop
  endfacet
  facet normal 0 0 -1
    outer loop
      vertex -5.18536 -9.70113 0
      vertex -6.10095 -7.5896 0
      vertex -6.0548 -7.49202 0
    endloop
  endfacet
  facet normal 0 0 -1
    outer loop
      vertex -6.15645 -7.68219 0
      vertex -5.18536 -9.70113 0
      vertex -6.11127 -9.14616 0
    endloop
  endfacet
  facet normal 0 0 -1
    outer loop
      vertex -5.18536 -9.70113 0
      vertex -6.15645 -7.68219 0
      vertex -6.10095 -7.5896 0
    endloop
  endfacet
  facet normal 0 0 -1
    outer loop
      vertex -6.11127 -9.14616 0
      vertex -6.22076 -7.7689 0
      vertex -6.15645 -7.68219 0
    endloop
  endfacet
  facet normal 0 0 -1
    outer loop
      vertex -6.11127 -9.14616 0
      vertex -6.29325 -7.84888 0
      vertex -6.22076 -7.7689 0
    endloop
  endfacet
  facet normal 0 0 -1
    outer loop
      vertex -6.11127 -9.14616 0
      vertex -6.37323 -7.92138 0
      vertex -6.29325 -7.84888 0
    endloop
  endfacet
  facet normal 0 0 -1
    outer loop
      vertex -6.11127 -9.14616 0
      vertex -6.45994 -7.98568 0
      vertex -6.37323 -7.92138 0
    endloop
  endfacet
  facet normal 0 0 -1
    outer loop
      vertex -6.11127 -9.14616 0
      vertex -6.55253 -8.04118 0
      vertex -6.45994 -7.98568 0
    endloop
  endfacet
  facet normal 0 0 -1
    outer loop
      vertex -6.11127 -9.14616 0
      vertex -6.65012 -8.08733 0
      vertex -6.55253 -8.04118 0
    endloop
  endfacet
  facet normal 0 0 -1
    outer loop
      vertex -6.97833 -8.50311 0
      vertex -6.65012 -8.08733 0
      vertex -6.11127 -9.14616 0
    endloop
  endfacet
  facet normal 0 0 -1
    outer loop
      vertex -6.65012 -8.08733 0
      vertex -6.97833 -8.50311 0
      vertex -6.75175 -8.1237 0
    endloop
  endfacet
  facet normal 0 0 -1
    outer loop
      vertex -6.75175 -8.1237 0
      vertex -6.97833 -8.50311 0
      vertex -6.85647 -8.14993 0
    endloop
  endfacet
  facet normal 0 0 -1
    outer loop
      vertex -6.85647 -8.14993 0
      vertex -6.97833 -8.50311 0
      vertex -6.96325 -8.16577 0
    endloop
  endfacet
  facet normal 0 0 -1
    outer loop
      vertex -6.97833 -8.50311 0
      vertex -7.07107 -8.17107 0
      vertex -6.96325 -8.16577 0
    endloop
  endfacet
  facet normal 0 0 -1
    outer loop
      vertex -6.97833 -8.50311 0
      vertex -7.17889 -8.16577 0
      vertex -7.07107 -8.17107 0
    endloop
  endfacet
  facet normal 0 0 -1
    outer loop
      vertex -6.97833 -8.50311 0
      vertex -7.28567 -8.14993 0
      vertex -7.17889 -8.16577 0
    endloop
  endfacet
  facet normal 0 0 -1
    outer loop
      vertex -6.97833 -8.50311 0
      vertex -7.39038 -8.1237 0
      vertex -7.28567 -8.14993 0
    endloop
  endfacet
  facet normal -0 -0 -1
    outer loop
      vertex -7.39038 -8.1237 0
      vertex -6.97833 -8.50311 0
      vertex -7.40122 -8.11982 0
    endloop
  endfacet
  facet normal 0 0 1
    outer loop
      vertex -7.39038 -6.01843 1.4
      vertex -9.70113 -5.18536 1.4
      vertex -7.49202 -6.0548 1.4
    endloop
  endfacet
  facet normal 0 0 1
    outer loop
      vertex -8.16577 7.17889 1.4
      vertex -8.50311 6.97833 1.4
      vertex -8.17107 7.07107 1.4
    endloop
  endfacet
  facet normal 0 0 1
    outer loop
      vertex -8.14993 7.28567 1.4
      vertex -8.50311 6.97833 1.4
      vertex -8.16577 7.17889 1.4
    endloop
  endfacet
  facet normal 0 0 1
    outer loop
      vertex -8.1237 7.39038 1.4
      vertex -8.50311 6.97833 1.4
      vertex -8.14993 7.28567 1.4
    endloop
  endfacet
  facet normal 0 0 1
    outer loop
      vertex -8.50311 6.97833 1.4
      vertex -8.1237 7.39038 1.4
      vertex -8.11982 7.40122 1.4
    endloop
  endfacet
  facet normal 0 0 1
    outer loop
      vertex -3.04056 3.04056 1.4
      vertex -6.37323 6.22076 1.4
      vertex -3.32394 2.72789 1.4
    endloop
  endfacet
  facet normal 0 0 1
    outer loop
      vertex -4.3 0 1.4
      vertex -5.97636 -6.96325 1.4
      vertex -5.97107 -7.07107 1.4
    endloop
  endfacet
  facet normal -0 0 1
    outer loop
      vertex -6.45994 6.15645 1.4
      vertex -3.32394 2.72789 1.4
      vertex -6.37323 6.22076 1.4
    endloop
  endfacet
  facet normal 0 0 1
    outer loop
      vertex -4.3 0 1.4
      vertex -5.9922 -6.85647 1.4
      vertex -5.97636 -6.96325 1.4
    endloop
  endfacet
  facet normal -0 0 1
    outer loop
      vertex -6.55253 6.10095 1.4
      vertex -3.32394 2.72789 1.4
      vertex -6.45994 6.15645 1.4
    endloop
  endfacet
  facet normal 0 0 1
    outer loop
      vertex -4.3 0 1.4
      vertex -6.01843 -6.75175 1.4
      vertex -5.9922 -6.85647 1.4
    endloop
  endfacet
  facet normal 0 0 1
    outer loop
      vertex -3.32394 2.72789 1.4
      vertex -6.55253 6.10095 1.4
      vertex -3.57532 2.38895 1.4
    endloop
  endfacet
  facet normal 0 0 1
    outer loop
      vertex -4.3 0 1.4
      vertex -6.0548 -6.65012 1.4
      vertex -6.01843 -6.75175 1.4
    endloop
  endfacet
  facet normal -0 0 1
    outer loop
      vertex -6.65012 6.0548 1.4
      vertex -3.57532 2.38895 1.4
      vertex -6.55253 6.10095 1.4
    endloop
  endfacet
  facet normal 0 0 1
    outer loop
      vertex -4.3 0 1.4
      vertex -6.10095 -6.55253 1.4
      vertex -6.0548 -6.65012 1.4
    endloop
  endfacet
  facet normal -0 0 1
    outer loop
      vertex -6.75175 6.01843 1.4
      vertex -3.57532 2.38895 1.4
      vertex -6.65012 6.0548 1.4
    endloop
  endfacet
  facet normal 0 0 1
    outer loop
      vertex -4.3 0 1.4
      vertex -6.15645 -6.45994 1.4
      vertex -6.10095 -6.55253 1.4
    endloop
  endfacet
  facet normal 0 0 1
    outer loop
      vertex -3.57532 2.38895 1.4
      vertex -6.75175 6.01843 1.4
      vertex -3.79226 2.02701 1.4
    endloop
  endfacet
  facet normal 0 0 1
    outer loop
      vertex -4.3 0 1.4
      vertex -6.22076 -6.37323 1.4
      vertex -6.15645 -6.45994 1.4
    endloop
  endfacet
  facet normal -0 0 1
    outer loop
      vertex -6.85647 5.9922 1.4
      vertex -3.79226 2.02701 1.4
      vertex -6.75175 6.01843 1.4
    endloop
  endfacet
  facet normal 0 0 1
    outer loop
      vertex -4.3 0 1.4
      vertex -6.29325 -6.29325 1.4
      vertex -6.22076 -6.37323 1.4
    endloop
  endfacet
  facet normal -0 0 1
    outer loop
      vertex -6.96325 5.97636 1.4
      vertex -3.79226 2.02701 1.4
      vertex -6.85647 5.9922 1.4
    endloop
  endfacet
  facet normal 0 0 1
    outer loop
      vertex -4.3 0 1.4
      vertex -6.37323 -6.22076 1.4
      vertex -6.29325 -6.29325 1.4
    endloop
  endfacet
  facet normal 0 0 1
    outer loop
      vertex -3.79226 2.02701 1.4
      vertex -6.96325 5.97636 1.4
      vertex -3.97268 1.64554 1.4
    endloop
  endfacet
  facet normal 0 0 1
    outer loop
      vertex -4.3 0 1.4
      vertex -6.45994 -6.15645 1.4
      vertex -6.37323 -6.22076 1.4
    endloop
  endfacet
  facet normal -0 0 1
    outer loop
      vertex -7.07107 5.97107 1.4
      vertex -3.97268 1.64554 1.4
      vertex -6.96325 5.97636 1.4
    endloop
  endfacet
  facet normal 0 0 1
    outer loop
      vertex -4.3 0 1.4
      vertex -6.55253 -6.10095 1.4
      vertex -6.45994 -6.15645 1.4
    endloop
  endfacet
  facet normal 0 0 1
    outer loop
      vertex -3.97268 1.64554 1.4
      vertex -7.07107 5.97107 1.4
      vertex -4.11484 1.24822 1.4
    endloop
  endfacet
  facet normal 0 0 1
    outer loop
      vertex -4.3 0 1.4
      vertex -6.65012 -6.0548 1.4
      vertex -6.55253 -6.10095 1.4
    endloop
  endfacet
  facet normal 0 0 1
    outer loop
      vertex -10.1627 4.20952 1.4
      vertex -7.07107 5.97107 1.4
      vertex -7.17889 5.97636 1.4
    endloop
  endfacet
  facet normal 0 0 1
    outer loop
      vertex -4.3 0 1.4
      vertex -6.75175 -6.01843 1.4
      vertex -6.65012 -6.0548 1.4
    endloop
  endfacet
  facet normal 0 0 1
    outer loop
      vertex -10.1627 4.20952 1.4
      vertex -7.28567 5.9922 1.4
      vertex -9.70113 5.18536 1.4
    endloop
  endfacet
  facet normal 0 0 1
    outer loop
      vertex -4.3 0 1.4
      vertex -6.85647 -5.9922 1.4
      vertex -6.75175 -6.01843 1.4
    endloop
  endfacet
  facet normal 0 0 1
    outer loop
      vertex -7.28567 5.9922 1.4
      vertex -10.1627 4.20952 1.4
      vertex -7.17889 5.97636 1.4
    endloop
  endfacet
  facet normal 0 0 1
    outer loop
      vertex -4.3 0 1.4
      vertex -6.96325 -5.97636 1.4
      vertex -6.85647 -5.9922 1.4
    endloop
  endfacet
  facet normal 0 0 1
    outer loop
      vertex -9.70113 5.18536 1.4
      vertex -7.28567 5.9922 1.4
      vertex -7.39038 6.01843 1.4
    endloop
  endfacet
  facet normal 0 0 1
    outer loop
      vertex -4.3 0 1.4
      vertex -7.07107 -5.97107 1.4
      vertex -6.96325 -5.97636 1.4
    endloop
  endfacet
  facet normal 0 0 1
    outer loop
      vertex -7.5896 6.10095 1.4
      vertex -9.70113 5.18536 1.4
      vertex -7.49202 6.0548 1.4
    endloop
  endfacet
  facet normal 0 -0 1
    outer loop
      vertex -10.5263 -3.19313 1.4
      vertex -4.3 0 1.4
      vertex -10.7886 -2.14599 1.4
    endloop
  endfacet
  facet normal 0 0 1
    outer loop
      vertex -7.49202 6.0548 1.4
      vertex -9.70113 5.18536 1.4
      vertex -7.39038 6.01843 1.4
    endloop
  endfacet
  facet normal 0 -0 1
    outer loop
      vertex -10.947 -1.07819 1.4
      vertex -4.3 0 1.4
      vertex -11 0 1.4
    endloop
  endfacet
  facet normal 0 0 1
    outer loop
      vertex -7.68219 6.15645 1.4
      vertex -9.70113 5.18536 1.4
      vertex -7.5896 6.10095 1.4
    endloop
  endfacet
  facet normal 0 0 1
    outer loop
      vertex -11 0 1.4
      vertex -4.3 0 1.4
      vertex -10.947 1.07819 1.4
    endloop
  endfacet
  facet normal 0 0 1
    outer loop
      vertex -7.07107 5.97107 1.4
      vertex -10.1627 4.20952 1.4
      vertex -4.11484 1.24822 1.4
    endloop
  endfacet
  facet normal -0 0 1
    outer loop
      vertex -10.947 1.07819 1.4
      vertex -4.27929 0.421474 1.4
      vertex -10.7886 2.14599 1.4
    endloop
  endfacet
  facet normal 0 0 1
    outer loop
      vertex -9.70113 5.18536 1.4
      vertex -7.68219 6.15645 1.4
      vertex -9.14616 6.11127 1.4
    endloop
  endfacet
  facet normal 0 0 1
    outer loop
      vertex -4.21738 0.838888 1.4
      vertex -10.7886 2.14599 1.4
      vertex -4.27929 0.421474 1.4
    endloop
  endfacet
  facet normal -0 0 1
    outer loop
      vertex -10.5263 3.19313 1.4
      vertex -4.11484 1.24822 1.4
      vertex -10.1627 4.20952 1.4
    endloop
  endfacet
  facet normal 0 0 1
    outer loop
      vertex -4.11484 1.24822 1.4
      vertex -10.5263 3.19313 1.4
      vertex -4.21738 0.838888 1.4
    endloop
  endfacet
  facet normal 0 0 1
    outer loop
      vertex -9.14616 6.11127 1.4
      vertex -7.68219 6.15645 1.4
      vertex -7.7689 6.22076 1.4
    endloop
  endfacet
  facet normal -0 0 1
    outer loop
      vertex -10.7886 2.14599 1.4
      vertex -4.21738 0.838888 1.4
      vertex -10.5263 3.19313 1.4
    endloop
  endfacet
  facet normal 0 0 1
    outer loop
      vertex -9.14616 6.11127 1.4
      vertex -7.7689 6.22076 1.4
      vertex -7.84888 6.29325 1.4
    endloop
  endfacet
  facet normal 0 0 1
    outer loop
      vertex -4.27929 0.421474 1.4
      vertex -10.947 1.07819 1.4
      vertex -4.3 0 1.4
    endloop
  endfacet
  facet normal 0 0 1
    outer loop
      vertex -9.14616 6.11127 1.4
      vertex -7.84888 6.29325 1.4
      vertex -7.92138 6.37323 1.4
    endloop
  endfacet
  facet normal 0 -0 1
    outer loop
      vertex -10.7886 -2.14599 1.4
      vertex -4.3 0 1.4
      vertex -10.947 -1.07819 1.4
    endloop
  endfacet
  facet normal 0 0 1
    outer loop
      vertex -8.04118 6.55253 1.4
      vertex -9.14616 6.11127 1.4
      vertex -7.98568 6.45994 1.4
    endloop
  endfacet
  facet normal 0 0 1
    outer loop
      vertex -7.98568 6.45994 1.4
      vertex -9.14616 6.11127 1.4
      vertex -7.92138 6.37323 1.4
    endloop
  endfacet
  facet normal 0 0 1
    outer loop
      vertex -8.08733 6.65012 1.4
      vertex -9.14616 6.11127 1.4
      vertex -8.04118 6.55253 1.4
    endloop
  endfacet
  facet normal 0 0 1
    outer loop
      vertex -4.3 0 1.4
      vertex -10.5263 -3.19313 1.4
      vertex -7.07107 -5.97107 1.4
    endloop
  endfacet
  facet normal 0 0 1
    outer loop
      vertex -9.14616 6.11127 1.4
      vertex -8.08733 6.65012 1.4
      vertex -8.50311 6.97833 1.4
    endloop
  endfacet
  facet normal -0 -0 1
    outer loop
      vertex -10.1627 -4.20952 1.4
      vertex -7.07107 -5.97107 1.4
      vertex -10.5263 -3.19313 1.4
    endloop
  endfacet
  facet normal 0 0 1
    outer loop
      vertex -8.50311 6.97833 1.4
      vertex -8.08733 6.65012 1.4
      vertex -8.1237 6.75175 1.4
    endloop
  endfacet
  facet normal 0 0 1
    outer loop
      vertex -7.07107 -5.97107 1.4
      vertex -10.1627 -4.20952 1.4
      vertex -7.17889 -5.97636 1.4
    endloop
  endfacet
  facet normal 0 0 1
    outer loop
      vertex -8.50311 6.97833 1.4
      vertex -8.1237 6.75175 1.4
      vertex -8.14993 6.85647 1.4
    endloop
  endfacet
  facet normal 0 0 1
    outer loop
      vertex -7.17889 -5.97636 1.4
      vertex -10.1627 -4.20952 1.4
      vertex -7.28567 -5.9922 1.4
    endloop
  endfacet
  facet normal 0 0 1
    outer loop
      vertex -8.50311 6.97833 1.4
      vertex -8.14993 6.85647 1.4
      vertex -8.16577 6.96325 1.4
    endloop
  endfacet
  facet normal -0 -0 1
    outer loop
      vertex -9.70113 -5.18536 1.4
      vertex -7.28567 -5.9922 1.4
      vertex -10.1627 -4.20952 1.4
    endloop
  endfacet
  facet normal -0 0 1
    outer loop
      vertex -8.50311 6.97833 1.4
      vertex -8.16577 6.96325 1.4
      vertex -8.17107 7.07107 1.4
    endloop
  endfacet
  facet normal 0 0 1
    outer loop
      vertex -7.28567 -5.9922 1.4
      vertex -9.70113 -5.18536 1.4
      vertex -7.39038 -6.01843 1.4
    endloop
  endfacet
  facet normal -0 0 1
    outer loop
      vertex -5.97636 -7.17889 1.4
      vertex -4.20952 -10.1627 1.4
      vertex -5.97107 -7.07107 1.4
    endloop
  endfacet
  facet normal -0 0 1
    outer loop
      vertex -5.9922 -7.28567 1.4
      vertex -4.20952 -10.1627 1.4
      vertex -5.97636 -7.17889 1.4
    endloop
  endfacet
  facet normal 0 0 1
    outer loop
      vertex -4.20952 -10.1627 1.4
      vertex -5.9922 -7.28567 1.4
      vertex -5.18536 -9.70113 1.4
    endloop
  endfacet
  facet normal -0 0 1
    outer loop
      vertex -6.01843 -7.39038 1.4
      vertex -5.18536 -9.70113 1.4
      vertex -5.9922 -7.28567 1.4
    endloop
  endfacet
  facet normal -0 0 1
    outer loop
      vertex -6.0548 -7.49202 1.4
      vertex -5.18536 -9.70113 1.4
      vertex -6.01843 -7.39038 1.4
    endloop
  endfacet
  facet normal -0 0 1
    outer loop
      vertex -6.10095 -7.5896 1.4
      vertex -5.18536 -9.70113 1.4
      vertex -6.0548 -7.49202 1.4
    endloop
  endfacet
  facet normal -0 0 1
    outer loop
      vertex -6.15645 -7.68219 1.4
      vertex -5.18536 -9.70113 1.4
      vertex -6.10095 -7.5896 1.4
    endloop
  endfacet
  facet normal 0 0 1
    outer loop
      vertex -5.18536 -9.70113 1.4
      vertex -6.15645 -7.68219 1.4
      vertex -6.11127 -9.14616 1.4
    endloop
  endfacet
  facet normal -0 0 1
    outer loop
      vertex -6.22076 -7.7689 1.4
      vertex -6.11127 -9.14616 1.4
      vertex -6.15645 -7.68219 1.4
    endloop
  endfacet
  facet normal -0 0 1
    outer loop
      vertex -6.29325 -7.84888 1.4
      vertex -6.11127 -9.14616 1.4
      vertex -6.22076 -7.7689 1.4
    endloop
  endfacet
  facet normal -0 0 1
    outer loop
      vertex -6.37323 -7.92138 1.4
      vertex -6.11127 -9.14616 1.4
      vertex -6.29325 -7.84888 1.4
    endloop
  endfacet
  facet normal -0 0 1
    outer loop
      vertex -6.45994 -7.98568 1.4
      vertex -6.11127 -9.14616 1.4
      vertex -6.37323 -7.92138 1.4
    endloop
  endfacet
  facet normal -0 0 1
    outer loop
      vertex -6.55253 -8.04118 1.4
      vertex -6.11127 -9.14616 1.4
      vertex -6.45994 -7.98568 1.4
    endloop
  endfacet
  facet normal -0 0 1
    outer loop
      vertex -6.65012 -8.08733 1.4
      vertex -6.11127 -9.14616 1.4
      vertex -6.55253 -8.04118 1.4
    endloop
  endfacet
  facet normal 0 0 1
    outer loop
      vertex -6.97833 -8.50311 1.4
      vertex -6.65012 -8.08733 1.4
      vertex -6.75175 -8.1237 1.4
    endloop
  endfacet
  facet normal 0 0 1
    outer loop
      vertex -6.97833 -8.50311 1.4
      vertex -6.75175 -8.1237 1.4
      vertex -6.85647 -8.14993 1.4
    endloop
  endfacet
  facet normal 0 0 1
    outer loop
      vertex -6.97833 -8.50311 1.4
      vertex -6.85647 -8.14993 1.4
      vertex -6.96325 -8.16577 1.4
    endloop
  endfacet
  facet normal 0 0 1
    outer loop
      vertex -6.65012 -8.08733 1.4
      vertex -6.97833 -8.50311 1.4
      vertex -6.11127 -9.14616 1.4
    endloop
  endfacet
  facet normal -0 0 1
    outer loop
      vertex -7.07107 -8.17107 1.4
      vertex -6.97833 -8.50311 1.4
      vertex -6.96325 -8.16577 1.4
    endloop
  endfacet
  facet normal 0 0 1
    outer loop
      vertex -7.17889 -8.16577 1.4
      vertex -6.97833 -8.50311 1.4
      vertex -7.07107 -8.17107 1.4
    endloop
  endfacet
  facet normal 0 0 1
    outer loop
      vertex -7.28567 -8.14993 1.4
      vertex -6.97833 -8.50311 1.4
      vertex -7.17889 -8.16577 1.4
    endloop
  endfacet
  facet normal 0 0 1
    outer loop
      vertex -7.39038 -8.1237 1.4
      vertex -6.97833 -8.50311 1.4
      vertex -7.28567 -8.14993 1.4
    endloop
  endfacet
  facet normal 0 0 1
    outer loop
      vertex -6.97833 -8.50311 1.4
      vertex -7.39038 -8.1237 1.4
      vertex -7.40122 -8.11982 1.4
    endloop
  endfacet
  facet normal 0 0 1
    outer loop
      vertex 6.97833 8.50311 1.4
      vertex 7.39038 8.1237 1.4
      vertex 7.40122 8.11982 1.4
    endloop
  endfacet
  facet normal 0 0 1
    outer loop
      vertex 6.97833 8.50311 1.4
      vertex 7.28567 8.14993 1.4
      vertex 7.39038 8.1237 1.4
    endloop
  endfacet
  facet normal 0 0 1
    outer loop
      vertex 6.97833 8.50311 1.4
      vertex 7.17889 8.16577 1.4
      vertex 7.28567 8.14993 1.4
    endloop
  endfacet
  facet normal 0 0 1
    outer loop
      vertex 6.97833 8.50311 1.4
      vertex 7.07107 8.17107 1.4
      vertex 7.17889 8.16577 1.4
    endloop
  endfacet
  facet normal 0 0 1
    outer loop
      vertex 6.97833 8.50311 1.4
      vertex 6.96325 8.16577 1.4
      vertex 7.07107 8.17107 1.4
    endloop
  endfacet
  facet normal 0 0 1
    outer loop
      vertex 6.97833 8.50311 1.4
      vertex 6.85647 8.14993 1.4
      vertex 6.96325 8.16577 1.4
    endloop
  endfacet
  facet normal 0 0 1
    outer loop
      vertex 6.97833 8.50311 1.4
      vertex 6.75175 8.1237 1.4
      vertex 6.85647 8.14993 1.4
    endloop
  endfacet
  facet normal 0 0 1
    outer loop
      vertex 6.97833 8.50311 1.4
      vertex 6.65012 8.08733 1.4
      vertex 6.75175 8.1237 1.4
    endloop
  endfacet
  facet normal 0 0 1
    outer loop
      vertex 6.11127 9.14616 1.4
      vertex 6.65012 8.08733 1.4
      vertex 6.97833 8.50311 1.4
    endloop
  endfacet
  facet normal 0 0 1
    outer loop
      vertex 6.65012 8.08733 1.4
      vertex 6.11127 9.14616 1.4
      vertex 6.55253 8.04118 1.4
    endloop
  endfacet
  facet normal 0 0 1
    outer loop
      vertex 6.55253 8.04118 1.4
      vertex 6.11127 9.14616 1.4
      vertex 6.45994 7.98568 1.4
    endloop
  endfacet
  facet normal 0 0 1
    outer loop
      vertex 6.45994 7.98568 1.4
      vertex 6.11127 9.14616 1.4
      vertex 6.37323 7.92138 1.4
    endloop
  endfacet
  facet normal 0 0 1
    outer loop
      vertex 6.37323 7.92138 1.4
      vertex 6.11127 9.14616 1.4
      vertex 6.29325 7.84888 1.4
    endloop
  endfacet
  facet normal 0 0 1
    outer loop
      vertex 6.11127 9.14616 1.4
      vertex 6.22076 7.7689 1.4
      vertex 6.29325 7.84888 1.4
    endloop
  endfacet
  facet normal 0 0 1
    outer loop
      vertex 6.11127 9.14616 1.4
      vertex 6.15645 7.68219 1.4
      vertex 6.22076 7.7689 1.4
    endloop
  endfacet
  facet normal 0 0 1
    outer loop
      vertex 5.18536 9.70113 1.4
      vertex 6.15645 7.68219 1.4
      vertex 6.11127 9.14616 1.4
    endloop
  endfacet
  facet normal 0 0 1
    outer loop
      vertex 6.15645 7.68219 1.4
      vertex 5.18536 9.70113 1.4
      vertex 6.10095 7.5896 1.4
    endloop
  endfacet
  facet normal 0 0 1
    outer loop
      vertex 6.10095 7.5896 1.4
      vertex 5.18536 9.70113 1.4
      vertex 6.0548 7.49202 1.4
    endloop
  endfacet
  facet normal 0 0 1
    outer loop
      vertex 6.0548 7.49202 1.4
      vertex 5.18536 9.70113 1.4
      vertex 6.01843 7.39038 1.4
    endloop
  endfacet
  facet normal 0 0 1
    outer loop
      vertex 6.01843 7.39038 1.4
      vertex 5.18536 9.70113 1.4
      vertex 5.9922 7.28567 1.4
    endloop
  endfacet
  facet normal 0 0 1
    outer loop
      vertex 6.45994 -6.15645 1.4
      vertex 3.32394 -2.72789 1.4
      vertex 6.37323 -6.22076 1.4
    endloop
  endfacet
  facet normal 0 0 1
    outer loop
      vertex 5.97636 7.17889 1.4
      vertex 5.18536 9.70113 1.4
      vertex 5.97107 7.07107 1.4
    endloop
  endfacet
  facet normal 0 0 1
    outer loop
      vertex 5.9922 7.28567 1.4
      vertex 5.18536 9.70113 1.4
      vertex 5.97636 7.17889 1.4
    endloop
  endfacet
  facet normal -0 0 1
    outer loop
      vertex 7.7689 6.22076 1.4
      vertex 9.14616 6.11127 1.4
      vertex 7.84888 6.29325 1.4
    endloop
  endfacet
  facet normal 0 0 1
    outer loop
      vertex 10.947 -1.07819 1.4
      vertex 8.16577 -6.96325 1.4
      vertex 8.17107 -7.07107 1.4
    endloop
  endfacet
  facet normal -0 0 1
    outer loop
      vertex 7.68219 6.15645 1.4
      vertex 9.14616 6.11127 1.4
      vertex 7.7689 6.22076 1.4
    endloop
  endfacet
  facet normal 0 0 1
    outer loop
      vertex 10.947 -1.07819 1.4
      vertex 8.14993 -6.85647 1.4
      vertex 8.16577 -6.96325 1.4
    endloop
  endfacet
  facet normal 0 0 1
    outer loop
      vertex 9.14616 6.11127 1.4
      vertex 7.68219 6.15645 1.4
      vertex 9.70113 5.18536 1.4
    endloop
  endfacet
  facet normal 0 0 1
    outer loop
      vertex 10.947 -1.07819 1.4
      vertex 8.1237 -6.75175 1.4
      vertex 8.14993 -6.85647 1.4
    endloop
  endfacet
  facet normal -0 0 1
    outer loop
      vertex 7.5896 6.10095 1.4
      vertex 9.70113 5.18536 1.4
      vertex 7.68219 6.15645 1.4
    endloop
  endfacet
  facet normal 0 0 1
    outer loop
      vertex 10.947 -1.07819 1.4
      vertex 8.08733 -6.65012 1.4
      vertex 8.1237 -6.75175 1.4
    endloop
  endfacet
  facet normal -0 0 1
    outer loop
      vertex 7.49202 6.0548 1.4
      vertex 9.70113 5.18536 1.4
      vertex 7.5896 6.10095 1.4
    endloop
  endfacet
  facet normal 0 0 1
    outer loop
      vertex 10.947 -1.07819 1.4
      vertex 8.04118 -6.55253 1.4
      vertex 8.08733 -6.65012 1.4
    endloop
  endfacet
  facet normal -0 0 1
    outer loop
      vertex 7.39038 6.01843 1.4
      vertex 9.70113 5.18536 1.4
      vertex 7.49202 6.0548 1.4
    endloop
  endfacet
  facet normal 0 0 1
    outer loop
      vertex 10.947 -1.07819 1.4
      vertex 7.98568 -6.45994 1.4
      vertex 8.04118 -6.55253 1.4
    endloop
  endfacet
  facet normal -0 0 1
    outer loop
      vertex 7.28567 5.9922 1.4
      vertex 9.70113 5.18536 1.4
      vertex 7.39038 6.01843 1.4
    endloop
  endfacet
  facet normal 0 0 1
    outer loop
      vertex 10.947 -1.07819 1.4
      vertex 7.92138 -6.37323 1.4
      vertex 7.98568 -6.45994 1.4
    endloop
  endfacet
  facet normal 0 0 1
    outer loop
      vertex 9.70113 5.18536 1.4
      vertex 7.28567 5.9922 1.4
      vertex 10.1627 4.20952 1.4
    endloop
  endfacet
  facet normal 0 0 1
    outer loop
      vertex 10.947 -1.07819 1.4
      vertex 7.84888 -6.29325 1.4
      vertex 7.92138 -6.37323 1.4
    endloop
  endfacet
  facet normal -0 0 1
    outer loop
      vertex 7.17889 5.97636 1.4
      vertex 10.1627 4.20952 1.4
      vertex 7.28567 5.9922 1.4
    endloop
  endfacet
  facet normal 0 0 1
    outer loop
      vertex 10.947 -1.07819 1.4
      vertex 7.7689 -6.22076 1.4
      vertex 7.84888 -6.29325 1.4
    endloop
  endfacet
  facet normal -0 0 1
    outer loop
      vertex 7.07107 5.97107 1.4
      vertex 10.1627 4.20952 1.4
      vertex 7.17889 5.97636 1.4
    endloop
  endfacet
  facet normal 0 0 1
    outer loop
      vertex 10.947 -1.07819 1.4
      vertex 7.68219 -6.15645 1.4
      vertex 7.7689 -6.22076 1.4
    endloop
  endfacet
  facet normal 0 0 1
    outer loop
      vertex 10.1627 4.20952 1.4
      vertex 7.07107 5.97107 1.4
      vertex 10.5263 3.19313 1.4
    endloop
  endfacet
  facet normal 0 0 1
    outer loop
      vertex 10.947 -1.07819 1.4
      vertex 7.5896 -6.10095 1.4
      vertex 7.68219 -6.15645 1.4
    endloop
  endfacet
  facet normal 0 0 1
    outer loop
      vertex 4.27929 0.421474 1.4
      vertex 7.07107 5.97107 1.4
      vertex 6.96325 5.97636 1.4
    endloop
  endfacet
  facet normal 0 0 1
    outer loop
      vertex 10.947 -1.07819 1.4
      vertex 7.49202 -6.0548 1.4
      vertex 7.5896 -6.10095 1.4
    endloop
  endfacet
  facet normal 0 0 1
    outer loop
      vertex 7.07107 5.97107 1.4
      vertex 4.27929 0.421474 1.4
      vertex 10.5263 3.19313 1.4
    endloop
  endfacet
  facet normal 0 0 1
    outer loop
      vertex 10.947 -1.07819 1.4
      vertex 7.39038 -6.01843 1.4
      vertex 7.49202 -6.0548 1.4
    endloop
  endfacet
  facet normal 0 0 1
    outer loop
      vertex 4.27929 0.421474 1.4
      vertex 6.96325 5.97636 1.4
      vertex 6.85647 5.9922 1.4
    endloop
  endfacet
  facet normal 0 0 1
    outer loop
      vertex 10.947 -1.07819 1.4
      vertex 7.28567 -5.9922 1.4
      vertex 7.39038 -6.01843 1.4
    endloop
  endfacet
  facet normal 0 0 1
    outer loop
      vertex 10.5263 3.19313 1.4
      vertex 4.27929 0.421474 1.4
      vertex 10.7886 2.14599 1.4
    endloop
  endfacet
  facet normal 0 0 1
    outer loop
      vertex 10.947 -1.07819 1.4
      vertex 7.17889 -5.97636 1.4
      vertex 7.28567 -5.9922 1.4
    endloop
  endfacet
  facet normal 0 0 1
    outer loop
      vertex 4.27929 0.421474 1.4
      vertex 6.85647 5.9922 1.4
      vertex 6.75175 6.01843 1.4
    endloop
  endfacet
  facet normal -0 0 1
    outer loop
      vertex 4.27929 -0.421474 1.4
      vertex 10.947 -1.07819 1.4
      vertex 4.3 0 1.4
    endloop
  endfacet
  facet normal 0 0 1
    outer loop
      vertex 10.7886 2.14599 1.4
      vertex 4.27929 0.421474 1.4
      vertex 10.947 1.07819 1.4
    endloop
  endfacet
  facet normal 0 0 1
    outer loop
      vertex 11 0 1.4
      vertex 4.3 0 1.4
      vertex 10.947 -1.07819 1.4
    endloop
  endfacet
  facet normal 0 0 1
    outer loop
      vertex 10.947 1.07819 1.4
      vertex 4.27929 0.421474 1.4
      vertex 11 0 1.4
    endloop
  endfacet
  facet normal -0 0 1
    outer loop
      vertex 4.21738 -0.838888 1.4
      vertex 10.947 -1.07819 1.4
      vertex 4.27929 -0.421474 1.4
    endloop
  endfacet
  facet normal 0 -0 1
    outer loop
      vertex 4.3 0 1.4
      vertex 11 0 1.4
      vertex 4.27929 0.421474 1.4
    endloop
  endfacet
  facet normal 0 0 1
    outer loop
      vertex 4.11484 -1.24822 1.4
      vertex 10.947 -1.07819 1.4
      vertex 4.21738 -0.838888 1.4
    endloop
  endfacet
  facet normal 0 0 1
    outer loop
      vertex 4.27929 0.421474 1.4
      vertex 6.75175 6.01843 1.4
      vertex 6.65012 6.0548 1.4
    endloop
  endfacet
  facet normal 0 0 1
    outer loop
      vertex 10.947 -1.07819 1.4
      vertex 4.11484 -1.24822 1.4
      vertex 7.17889 -5.97636 1.4
    endloop
  endfacet
  facet normal 0 0 1
    outer loop
      vertex 4.27929 0.421474 1.4
      vertex 6.65012 6.0548 1.4
      vertex 6.55253 6.10095 1.4
    endloop
  endfacet
  facet normal 0 0 1
    outer loop
      vertex 7.17889 -5.97636 1.4
      vertex 4.11484 -1.24822 1.4
      vertex 7.07107 -5.97107 1.4
    endloop
  endfacet
  facet normal 0 0 1
    outer loop
      vertex 4.27929 0.421474 1.4
      vertex 6.55253 6.10095 1.4
      vertex 6.45994 6.15645 1.4
    endloop
  endfacet
  facet normal -0 0 1
    outer loop
      vertex 3.97268 -1.64554 1.4
      vertex 7.07107 -5.97107 1.4
      vertex 4.11484 -1.24822 1.4
    endloop
  endfacet
  facet normal 0 0 1
    outer loop
      vertex 4.27929 0.421474 1.4
      vertex 6.45994 6.15645 1.4
      vertex 6.37323 6.22076 1.4
    endloop
  endfacet
  facet normal 0 0 1
    outer loop
      vertex 7.07107 -5.97107 1.4
      vertex 3.97268 -1.64554 1.4
      vertex 6.96325 -5.97636 1.4
    endloop
  endfacet
  facet normal 0 0 1
    outer loop
      vertex 4.27929 0.421474 1.4
      vertex 6.37323 6.22076 1.4
      vertex 6.29325 6.29325 1.4
    endloop
  endfacet
  facet normal -0 0 1
    outer loop
      vertex 3.79226 -2.02701 1.4
      vertex 6.96325 -5.97636 1.4
      vertex 3.97268 -1.64554 1.4
    endloop
  endfacet
  facet normal 0 0 1
    outer loop
      vertex 4.27929 0.421474 1.4
      vertex 6.29325 6.29325 1.4
      vertex 6.22076 6.37323 1.4
    endloop
  endfacet
  facet normal 0 0 1
    outer loop
      vertex 6.96325 -5.97636 1.4
      vertex 3.79226 -2.02701 1.4
      vertex 6.85647 -5.9922 1.4
    endloop
  endfacet
  facet normal 0 0 1
    outer loop
      vertex 4.27929 0.421474 1.4
      vertex 6.22076 6.37323 1.4
      vertex 6.15645 6.45994 1.4
    endloop
  endfacet
  facet normal 0 0 1
    outer loop
      vertex 6.85647 -5.9922 1.4
      vertex 3.79226 -2.02701 1.4
      vertex 6.75175 -6.01843 1.4
    endloop
  endfacet
  facet normal 0 0 1
    outer loop
      vertex 4.27929 0.421474 1.4
      vertex 6.15645 6.45994 1.4
      vertex 6.10095 6.55253 1.4
    endloop
  endfacet
  facet normal -0 0 1
    outer loop
      vertex 3.57532 -2.38895 1.4
      vertex 6.75175 -6.01843 1.4
      vertex 3.79226 -2.02701 1.4
    endloop
  endfacet
  facet normal 0 0 1
    outer loop
      vertex 4.27929 0.421474 1.4
      vertex 6.10095 6.55253 1.4
      vertex 6.0548 6.65012 1.4
    endloop
  endfacet
  facet normal 0 0 1
    outer loop
      vertex 6.75175 -6.01843 1.4
      vertex 3.57532 -2.38895 1.4
      vertex 6.65012 -6.0548 1.4
    endloop
  endfacet
  facet normal 0 0 1
    outer loop
      vertex 4.27929 0.421474 1.4
      vertex 6.0548 6.65012 1.4
      vertex 6.01843 6.75175 1.4
    endloop
  endfacet
  facet normal 0 0 1
    outer loop
      vertex 6.65012 -6.0548 1.4
      vertex 3.57532 -2.38895 1.4
      vertex 6.55253 -6.10095 1.4
    endloop
  endfacet
  facet normal 0 0 1
    outer loop
      vertex 4.27929 0.421474 1.4
      vertex 6.01843 6.75175 1.4
      vertex 5.9922 6.85647 1.4
    endloop
  endfacet
  facet normal -0 0 1
    outer loop
      vertex 3.32394 -2.72789 1.4
      vertex 6.55253 -6.10095 1.4
      vertex 3.57532 -2.38895 1.4
    endloop
  endfacet
  facet normal 0 0 1
    outer loop
      vertex 4.27929 0.421474 1.4
      vertex 5.97636 6.96325 1.4
      vertex 5.18536 9.70113 1.4
    endloop
  endfacet
  facet normal 0 0 1
    outer loop
      vertex 5.97636 6.96325 1.4
      vertex 4.27929 0.421474 1.4
      vertex 5.9922 6.85647 1.4
    endloop
  endfacet
  facet normal 0 0 1
    outer loop
      vertex 5.18536 9.70113 1.4
      vertex 5.97636 6.96325 1.4
      vertex 5.97107 7.07107 1.4
    endloop
  endfacet
  facet normal 0 0 1
    outer loop
      vertex 6.55253 -6.10095 1.4
      vertex 3.32394 -2.72789 1.4
      vertex 6.45994 -6.15645 1.4
    endloop
  endfacet
  facet normal -0 0 1
    outer loop
      vertex 7.92138 6.37323 1.4
      vertex 9.14616 6.11127 1.4
      vertex 7.98568 6.45994 1.4
    endloop
  endfacet
  facet normal -0 0 1
    outer loop
      vertex 8.04118 6.55253 1.4
      vertex 9.14616 6.11127 1.4
      vertex 8.08733 6.65012 1.4
    endloop
  endfacet
  facet normal -0 0 1
    outer loop
      vertex 7.98568 6.45994 1.4
      vertex 9.14616 6.11127 1.4
      vertex 8.04118 6.55253 1.4
    endloop
  endfacet
  facet normal 0 0 1
    outer loop
      vertex 8.50311 6.97833 1.4
      vertex 8.08733 6.65012 1.4
      vertex 9.14616 6.11127 1.4
    endloop
  endfacet
  facet normal -0 0 1
    outer loop
      vertex 7.84888 6.29325 1.4
      vertex 9.14616 6.11127 1.4
      vertex 7.92138 6.37323 1.4
    endloop
  endfacet
  facet normal 0 0 1
    outer loop
      vertex 8.08733 6.65012 1.4
      vertex 8.50311 6.97833 1.4
      vertex 8.1237 6.75175 1.4
    endloop
  endfacet
  facet normal 0 0 1
    outer loop
      vertex 10.947 -1.07819 1.4
      vertex 8.17107 -7.07107 1.4
      vertex 10.7886 -2.14599 1.4
    endloop
  endfacet
  facet normal 0 0 1
    outer loop
      vertex 8.1237 6.75175 1.4
      vertex 8.50311 6.97833 1.4
      vertex 8.14993 6.85647 1.4
    endloop
  endfacet
  facet normal 0 0 1
    outer loop
      vertex 10.7886 -2.14599 1.4
      vertex 8.17107 -7.07107 1.4
      vertex 10.5263 -3.19313 1.4
    endloop
  endfacet
  facet normal 0 0 1
    outer loop
      vertex 8.14993 6.85647 1.4
      vertex 8.50311 6.97833 1.4
      vertex 8.16577 6.96325 1.4
    endloop
  endfacet
  facet normal 0 0 1
    outer loop
      vertex 10.5263 -3.19313 1.4
      vertex 8.17107 -7.07107 1.4
      vertex 10.1627 -4.20952 1.4
    endloop
  endfacet
  facet normal 0 0 1
    outer loop
      vertex 8.16577 6.96325 1.4
      vertex 8.50311 6.97833 1.4
      vertex 8.17107 7.07107 1.4
    endloop
  endfacet
  facet normal 0 0 1
    outer loop
      vertex 10.1627 -4.20952 1.4
      vertex 8.17107 -7.07107 1.4
      vertex 9.70113 -5.18536 1.4
    endloop
  endfacet
  facet normal 0 0 1
    outer loop
      vertex 9.70113 -5.18536 1.4
      vertex 8.17107 -7.07107 1.4
      vertex 9.14616 -6.11127 1.4
    endloop
  endfacet
  facet normal 0 0 1
    outer loop
      vertex 8.50311 6.97833 1.4
      vertex 8.16577 7.17889 1.4
      vertex 8.17107 7.07107 1.4
    endloop
  endfacet
  facet normal 0 0 1
    outer loop
      vertex 8.50311 6.97833 1.4
      vertex 8.14993 7.28567 1.4
      vertex 8.16577 7.17889 1.4
    endloop
  endfacet
  facet normal 0 0 1
    outer loop
      vertex 8.50311 6.97833 1.4
      vertex 8.1237 7.39038 1.4
      vertex 8.14993 7.28567 1.4
    endloop
  endfacet
  facet normal -0 -0 1
    outer loop
      vertex 8.1237 7.39038 1.4
      vertex 8.50311 6.97833 1.4
      vertex 8.11982 7.40122 1.4
    endloop
  endfacet
  facet normal 0 0 1
    outer loop
      vertex 9.14616 -6.11127 1.4
      vertex 8.17107 -7.07107 1.4
      vertex 8.50311 -6.97833 1.4
    endloop
  endfacet
  facet normal 0 0 1
    outer loop
      vertex 8.16577 -7.17889 1.4
      vertex 8.50311 -6.97833 1.4
      vertex 8.17107 -7.07107 1.4
    endloop
  endfacet
  facet normal 0 0 1
    outer loop
      vertex 8.14993 -7.28567 1.4
      vertex 8.50311 -6.97833 1.4
      vertex 8.16577 -7.17889 1.4
    endloop
  endfacet
  facet normal 0 0 1
    outer loop
      vertex 8.1237 -7.39038 1.4
      vertex 8.50311 -6.97833 1.4
      vertex 8.14993 -7.28567 1.4
    endloop
  endfacet
  facet normal 0 0 1
    outer loop
      vertex 8.50311 -6.97833 1.4
      vertex 8.1237 -7.39038 1.4
      vertex 8.11982 -7.40122 1.4
    endloop
  endfacet
  facet normal -0 0 1
    outer loop
      vertex 7.39038 -8.1237 1.4
      vertex 6.97833 -8.50311 1.4
      vertex 7.40122 -8.11982 1.4
    endloop
  endfacet
  facet normal -0 0 1
    outer loop
      vertex 7.28567 -8.14993 1.4
      vertex 6.97833 -8.50311 1.4
      vertex 7.39038 -8.1237 1.4
    endloop
  endfacet
  facet normal -0 0 1
    outer loop
      vertex 7.17889 -8.16577 1.4
      vertex 6.97833 -8.50311 1.4
      vertex 7.28567 -8.14993 1.4
    endloop
  endfacet
  facet normal -0 0 1
    outer loop
      vertex 7.07107 -8.17107 1.4
      vertex 6.97833 -8.50311 1.4
      vertex 7.17889 -8.16577 1.4
    endloop
  endfacet
  facet normal 0 0 1
    outer loop
      vertex 6.96325 -8.16577 1.4
      vertex 6.97833 -8.50311 1.4
      vertex 7.07107 -8.17107 1.4
    endloop
  endfacet
  facet normal 0 0 1
    outer loop
      vertex 6.85647 -8.14993 1.4
      vertex 6.97833 -8.50311 1.4
      vertex 6.96325 -8.16577 1.4
    endloop
  endfacet
  facet normal 0 0 1
    outer loop
      vertex 6.75175 -8.1237 1.4
      vertex 6.97833 -8.50311 1.4
      vertex 6.85647 -8.14993 1.4
    endloop
  endfacet
  facet normal 0 0 1
    outer loop
      vertex 6.65012 -8.08733 1.4
      vertex 6.97833 -8.50311 1.4
      vertex 6.75175 -8.1237 1.4
    endloop
  endfacet
  facet normal 0 0 1
    outer loop
      vertex 6.11127 -9.14616 1.4
      vertex 6.65012 -8.08733 1.4
      vertex 6.55253 -8.04118 1.4
    endloop
  endfacet
  facet normal 0 0 1
    outer loop
      vertex 6.11127 -9.14616 1.4
      vertex 6.55253 -8.04118 1.4
      vertex 6.45994 -7.98568 1.4
    endloop
  endfacet
  facet normal 0 0 1
    outer loop
      vertex 6.11127 -9.14616 1.4
      vertex 6.45994 -7.98568 1.4
      vertex 6.37323 -7.92138 1.4
    endloop
  endfacet
  facet normal 0 0 1
    outer loop
      vertex 6.11127 -9.14616 1.4
      vertex 6.37323 -7.92138 1.4
      vertex 6.29325 -7.84888 1.4
    endloop
  endfacet
  facet normal 0 0 1
    outer loop
      vertex 6.65012 -8.08733 1.4
      vertex 6.11127 -9.14616 1.4
      vertex 6.97833 -8.50311 1.4
    endloop
  endfacet
  facet normal 0 0 1
    outer loop
      vertex 6.22076 -7.7689 1.4
      vertex 6.11127 -9.14616 1.4
      vertex 6.29325 -7.84888 1.4
    endloop
  endfacet
  facet normal 0 0 1
    outer loop
      vertex 6.15645 -7.68219 1.4
      vertex 6.11127 -9.14616 1.4
      vertex 6.22076 -7.7689 1.4
    endloop
  endfacet
  facet normal 0 0 1
    outer loop
      vertex 5.18536 -9.70113 1.4
      vertex 6.15645 -7.68219 1.4
      vertex 6.10095 -7.5896 1.4
    endloop
  endfacet
  facet normal 0 0 1
    outer loop
      vertex 5.18536 -9.70113 1.4
      vertex 6.10095 -7.5896 1.4
      vertex 6.0548 -7.49202 1.4
    endloop
  endfacet
  facet normal 0 0 1
    outer loop
      vertex 5.18536 -9.70113 1.4
      vertex 6.0548 -7.49202 1.4
      vertex 6.01843 -7.39038 1.4
    endloop
  endfacet
  facet normal 0 0 1
    outer loop
      vertex 5.18536 -9.70113 1.4
      vertex 6.01843 -7.39038 1.4
      vertex 5.9922 -7.28567 1.4
    endloop
  endfacet
  facet normal 0 0 1
    outer loop
      vertex 4.20952 -10.1627 1.4
      vertex 5.9922 -7.28567 1.4
      vertex 5.97636 -7.17889 1.4
    endloop
  endfacet
  facet normal 0 0 1
    outer loop
      vertex 6.15645 -7.68219 1.4
      vertex 5.18536 -9.70113 1.4
      vertex 6.11127 -9.14616 1.4
    endloop
  endfacet
  facet normal 0 0 1
    outer loop
      vertex 4.20952 -10.1627 1.4
      vertex 5.97636 -7.17889 1.4
      vertex 5.97107 -7.07107 1.4
    endloop
  endfacet
  facet normal -0 0 1
    outer loop
      vertex 3.04056 -3.04056 1.4
      vertex 6.37323 -6.22076 1.4
      vertex 3.32394 -2.72789 1.4
    endloop
  endfacet
  facet normal 0 0 1
    outer loop
      vertex 6.29325 -6.29325 1.4
      vertex 3.04056 -3.04056 1.4
      vertex 6.22076 -6.37323 1.4
    endloop
  endfacet
  facet normal 0 0 1
    outer loop
      vertex 6.37323 -6.22076 1.4
      vertex 3.04056 -3.04056 1.4
      vertex 6.29325 -6.29325 1.4
    endloop
  endfacet
  facet normal 0 0 1
    outer loop
      vertex 5.18536 9.70113 1.4
      vertex 4.21738 0.838888 1.4
      vertex 4.27929 0.421474 1.4
    endloop
  endfacet
  facet normal 0 0 1
    outer loop
      vertex 2.02701 3.79226 1.4
      vertex 5.18536 9.70113 1.4
      vertex 4.20952 10.1627 1.4
    endloop
  endfacet
  facet normal 0 0 1
    outer loop
      vertex 5.18536 9.70113 1.4
      vertex 4.11484 1.24822 1.4
      vertex 4.21738 0.838888 1.4
    endloop
  endfacet
  facet normal 0 0 1
    outer loop
      vertex 5.18536 9.70113 1.4
      vertex 3.97268 1.64554 1.4
      vertex 4.11484 1.24822 1.4
    endloop
  endfacet
  facet normal 0 0 1
    outer loop
      vertex 5.18536 9.70113 1.4
      vertex 3.79226 2.02701 1.4
      vertex 3.97268 1.64554 1.4
    endloop
  endfacet
  facet normal 0 0 1
    outer loop
      vertex 5.18536 9.70113 1.4
      vertex 3.57532 2.38895 1.4
      vertex 3.79226 2.02701 1.4
    endloop
  endfacet
  facet normal 0 0 1
    outer loop
      vertex 5.18536 9.70113 1.4
      vertex 3.32394 2.72789 1.4
      vertex 3.57532 2.38895 1.4
    endloop
  endfacet
  facet normal 0 0 1
    outer loop
      vertex 1.64554 3.97268 1.4
      vertex 4.20952 10.1627 1.4
      vertex 3.19313 10.5263 1.4
    endloop
  endfacet
  facet normal 0 0 1
    outer loop
      vertex 5.18536 9.70113 1.4
      vertex 3.04056 3.04056 1.4
      vertex 3.32394 2.72789 1.4
    endloop
  endfacet
  facet normal 0 0 1
    outer loop
      vertex 5.18536 9.70113 1.4
      vertex 2.72789 3.32394 1.4
      vertex 3.04056 3.04056 1.4
    endloop
  endfacet
  facet normal 0 0 1
    outer loop
      vertex 5.18536 9.70113 1.4
      vertex 2.38895 3.57532 1.4
      vertex 2.72789 3.32394 1.4
    endloop
  endfacet
  facet normal 0 0 1
    outer loop
      vertex 1.24822 4.11484 1.4
      vertex 3.19313 10.5263 1.4
      vertex 2.14599 10.7886 1.4
    endloop
  endfacet
  facet normal 0 0 1
    outer loop
      vertex 5.18536 9.70113 1.4
      vertex 2.02701 3.79226 1.4
      vertex 2.38895 3.57532 1.4
    endloop
  endfacet
  facet normal 0 0 1
    outer loop
      vertex 4.20952 10.1627 1.4
      vertex 1.64554 3.97268 1.4
      vertex 2.02701 3.79226 1.4
    endloop
  endfacet
  facet normal 0 0 1
    outer loop
      vertex 3.19313 10.5263 1.4
      vertex 1.24822 4.11484 1.4
      vertex 1.64554 3.97268 1.4
    endloop
  endfacet
  facet normal 0 0 1
    outer loop
      vertex 0.838888 4.21738 1.4
      vertex 2.14599 10.7886 1.4
      vertex 1.07819 10.947 1.4
    endloop
  endfacet
  facet normal 0 0 1
    outer loop
      vertex 2.14599 10.7886 1.4
      vertex 0.838888 4.21738 1.4
      vertex 1.24822 4.11484 1.4
    endloop
  endfacet
  facet normal 0 0 1
    outer loop
      vertex 1.07819 10.947 1.4
      vertex 0.421474 4.27929 1.4
      vertex 0.838888 4.21738 1.4
    endloop
  endfacet
  facet normal 0 0 1
    outer loop
      vertex 0 11 1.4
      vertex 0.421474 4.27929 1.4
      vertex 1.07819 10.947 1.4
    endloop
  endfacet
  facet normal 0 0 1
    outer loop
      vertex 0 11 1.4
      vertex 0 4.3 1.4
      vertex 0.421474 4.27929 1.4
    endloop
  endfacet
  facet normal 0 0 1
    outer loop
      vertex 0 11 1.4
      vertex -0.421474 4.27929 1.4
      vertex 0 4.3 1.4
    endloop
  endfacet
  facet normal -0 0 1
    outer loop
      vertex -1.07819 10.947 1.4
      vertex -0.421474 4.27929 1.4
      vertex 0 11 1.4
    endloop
  endfacet
  facet normal 0 0 1
    outer loop
      vertex -0.421474 4.27929 1.4
      vertex -1.07819 10.947 1.4
      vertex -0.838888 4.21738 1.4
    endloop
  endfacet
  facet normal -0 0 1
    outer loop
      vertex -2.14599 10.7886 1.4
      vertex -0.838888 4.21738 1.4
      vertex -1.07819 10.947 1.4
    endloop
  endfacet
  facet normal 0 0 1
    outer loop
      vertex -0.838888 4.21738 1.4
      vertex -2.14599 10.7886 1.4
      vertex -1.24822 4.11484 1.4
    endloop
  endfacet
  facet normal -0 0 1
    outer loop
      vertex -3.19313 10.5263 1.4
      vertex -1.24822 4.11484 1.4
      vertex -2.14599 10.7886 1.4
    endloop
  endfacet
  facet normal 0 0 1
    outer loop
      vertex -1.24822 4.11484 1.4
      vertex -3.19313 10.5263 1.4
      vertex -1.64554 3.97268 1.4
    endloop
  endfacet
  facet normal -0 0 1
    outer loop
      vertex -5.97107 7.07107 1.4
      vertex -1.64554 3.97268 1.4
      vertex -3.19313 10.5263 1.4
    endloop
  endfacet
  facet normal -0 0 1
    outer loop
      vertex -5.97636 6.96325 1.4
      vertex -1.64554 3.97268 1.4
      vertex -5.97107 7.07107 1.4
    endloop
  endfacet
  facet normal 0 0 1
    outer loop
      vertex -1.64554 3.97268 1.4
      vertex -5.97636 6.96325 1.4
      vertex -2.02701 3.79226 1.4
    endloop
  endfacet
  facet normal -0 0 1
    outer loop
      vertex -5.9922 6.85647 1.4
      vertex -2.02701 3.79226 1.4
      vertex -5.97636 6.96325 1.4
    endloop
  endfacet
  facet normal -0 0 1
    outer loop
      vertex -6.01843 6.75175 1.4
      vertex -2.02701 3.79226 1.4
      vertex -5.9922 6.85647 1.4
    endloop
  endfacet
  facet normal 0 0 1
    outer loop
      vertex -2.02701 3.79226 1.4
      vertex -6.01843 6.75175 1.4
      vertex -2.38895 3.57532 1.4
    endloop
  endfacet
  facet normal -0 0 1
    outer loop
      vertex -6.0548 6.65012 1.4
      vertex -2.38895 3.57532 1.4
      vertex -6.01843 6.75175 1.4
    endloop
  endfacet
  facet normal -0 0 1
    outer loop
      vertex -6.10095 6.55253 1.4
      vertex -2.38895 3.57532 1.4
      vertex -6.0548 6.65012 1.4
    endloop
  endfacet
  facet normal 0 0 1
    outer loop
      vertex -2.38895 3.57532 1.4
      vertex -6.10095 6.55253 1.4
      vertex -2.72789 3.32394 1.4
    endloop
  endfacet
  facet normal 0 0 1
    outer loop
      vertex -5.97107 7.07107 1.4
      vertex -3.19313 10.5263 1.4
      vertex -4.20952 10.1627 1.4
    endloop
  endfacet
  facet normal -0 0 1
    outer loop
      vertex -6.15645 6.45994 1.4
      vertex -2.72789 3.32394 1.4
      vertex -6.10095 6.55253 1.4
    endloop
  endfacet
  facet normal -0 0 1
    outer loop
      vertex -6.22076 6.37323 1.4
      vertex -2.72789 3.32394 1.4
      vertex -6.15645 6.45994 1.4
    endloop
  endfacet
  facet normal 0 0 1
    outer loop
      vertex -2.72789 3.32394 1.4
      vertex -6.22076 6.37323 1.4
      vertex -3.04056 3.04056 1.4
    endloop
  endfacet
  facet normal 0 0 1
    outer loop
      vertex -5.9922 7.28567 1.4
      vertex -4.20952 10.1627 1.4
      vertex -5.18536 9.70113 1.4
    endloop
  endfacet
  facet normal 0 0 1
    outer loop
      vertex -8.1237 -7.39038 1.4
      vertex -8.50311 -6.97833 1.4
      vertex -8.11982 -7.40122 1.4
    endloop
  endfacet
  facet normal 0 0 1
    outer loop
      vertex -8.14993 -7.28567 1.4
      vertex -8.50311 -6.97833 1.4
      vertex -8.1237 -7.39038 1.4
    endloop
  endfacet
  facet normal 0 0 1
    outer loop
      vertex -8.16577 -7.17889 1.4
      vertex -8.50311 -6.97833 1.4
      vertex -8.14993 -7.28567 1.4
    endloop
  endfacet
  facet normal 0 0 1
    outer loop
      vertex -8.17107 -7.07107 1.4
      vertex -8.50311 -6.97833 1.4
      vertex -8.16577 -7.17889 1.4
    endloop
  endfacet
  facet normal 0 0 1
    outer loop
      vertex -7.49202 -6.0548 1.4
      vertex -9.70113 -5.18536 1.4
      vertex -7.5896 -6.10095 1.4
    endloop
  endfacet
  facet normal 0 0 1
    outer loop
      vertex -7.5896 -6.10095 1.4
      vertex -9.70113 -5.18536 1.4
      vertex -7.68219 -6.15645 1.4
    endloop
  endfacet
  facet normal 0 0 1
    outer loop
      vertex -8.16577 -6.96325 1.4
      vertex -8.50311 -6.97833 1.4
      vertex -8.17107 -7.07107 1.4
    endloop
  endfacet
  facet normal -0 -0 1
    outer loop
      vertex -9.14616 -6.11127 1.4
      vertex -7.68219 -6.15645 1.4
      vertex -9.70113 -5.18536 1.4
    endloop
  endfacet
  facet normal 0 0 1
    outer loop
      vertex -8.14993 -6.85647 1.4
      vertex -8.50311 -6.97833 1.4
      vertex -8.16577 -6.96325 1.4
    endloop
  endfacet
  facet normal 0 0 1
    outer loop
      vertex -7.68219 -6.15645 1.4
      vertex -9.14616 -6.11127 1.4
      vertex -7.7689 -6.22076 1.4
    endloop
  endfacet
  facet normal 0 0 1
    outer loop
      vertex -8.1237 -6.75175 1.4
      vertex -8.50311 -6.97833 1.4
      vertex -8.14993 -6.85647 1.4
    endloop
  endfacet
  facet normal 0 0 1
    outer loop
      vertex -7.7689 -6.22076 1.4
      vertex -9.14616 -6.11127 1.4
      vertex -7.84888 -6.29325 1.4
    endloop
  endfacet
  facet normal 0 0 1
    outer loop
      vertex -8.08733 -6.65012 1.4
      vertex -8.50311 -6.97833 1.4
      vertex -8.1237 -6.75175 1.4
    endloop
  endfacet
  facet normal 0 0 1
    outer loop
      vertex -7.84888 -6.29325 1.4
      vertex -9.14616 -6.11127 1.4
      vertex -7.92138 -6.37323 1.4
    endloop
  endfacet
  facet normal 0 -0 1
    outer loop
      vertex -8.50311 -6.97833 1.4
      vertex -8.08733 -6.65012 1.4
      vertex -9.14616 -6.11127 1.4
    endloop
  endfacet
  facet normal 0 0 1
    outer loop
      vertex -7.98568 -6.45994 1.4
      vertex -9.14616 -6.11127 1.4
      vertex -8.04118 -6.55253 1.4
    endloop
  endfacet
  facet normal 0 0 1
    outer loop
      vertex -8.04118 -6.55253 1.4
      vertex -9.14616 -6.11127 1.4
      vertex -8.08733 -6.65012 1.4
    endloop
  endfacet
  facet normal 0 0 1
    outer loop
      vertex -7.92138 -6.37323 1.4
      vertex -9.14616 -6.11127 1.4
      vertex -7.98568 -6.45994 1.4
    endloop
  endfacet
  facet normal -0 0 1
    outer loop
      vertex 2.72789 -3.32394 1.4
      vertex 6.22076 -6.37323 1.4
      vertex 3.04056 -3.04056 1.4
    endloop
  endfacet
  facet normal 0 0 1
    outer loop
      vertex 6.22076 -6.37323 1.4
      vertex 2.72789 -3.32394 1.4
      vertex 6.15645 -6.45994 1.4
    endloop
  endfacet
  facet normal 0 0 1
    outer loop
      vertex 6.15645 -6.45994 1.4
      vertex 2.72789 -3.32394 1.4
      vertex 6.10095 -6.55253 1.4
    endloop
  endfacet
  facet normal -0 0 1
    outer loop
      vertex 2.38895 -3.57532 1.4
      vertex 6.10095 -6.55253 1.4
      vertex 2.72789 -3.32394 1.4
    endloop
  endfacet
  facet normal 0 0 1
    outer loop
      vertex 6.10095 -6.55253 1.4
      vertex 2.38895 -3.57532 1.4
      vertex 6.0548 -6.65012 1.4
    endloop
  endfacet
  facet normal 0 0 1
    outer loop
      vertex 6.0548 -6.65012 1.4
      vertex 2.38895 -3.57532 1.4
      vertex 6.01843 -6.75175 1.4
    endloop
  endfacet
  facet normal -0 0 1
    outer loop
      vertex 2.02701 -3.79226 1.4
      vertex 6.01843 -6.75175 1.4
      vertex 2.38895 -3.57532 1.4
    endloop
  endfacet
  facet normal 0 0 1
    outer loop
      vertex 6.01843 -6.75175 1.4
      vertex 2.02701 -3.79226 1.4
      vertex 5.9922 -6.85647 1.4
    endloop
  endfacet
  facet normal 0 0 1
    outer loop
      vertex 5.9922 -6.85647 1.4
      vertex 2.02701 -3.79226 1.4
      vertex 5.97636 -6.96325 1.4
    endloop
  endfacet
  facet normal -0 0 1
    outer loop
      vertex 1.64554 -3.97268 1.4
      vertex 5.97636 -6.96325 1.4
      vertex 2.02701 -3.79226 1.4
    endloop
  endfacet
  facet normal 0 0 1
    outer loop
      vertex 5.97636 -6.96325 1.4
      vertex 1.64554 -3.97268 1.4
      vertex 5.97107 -7.07107 1.4
    endloop
  endfacet
  facet normal 0 0 1
    outer loop
      vertex 5.9922 -7.28567 1.4
      vertex 4.20952 -10.1627 1.4
      vertex 5.18536 -9.70113 1.4
    endloop
  endfacet
  facet normal 0 0 1
    outer loop
      vertex 5.97107 -7.07107 1.4
      vertex 1.64554 -3.97268 1.4
      vertex 4.20952 -10.1627 1.4
    endloop
  endfacet
  facet normal 0 0 1
    outer loop
      vertex 4.20952 -10.1627 1.4
      vertex 1.64554 -3.97268 1.4
      vertex 3.19313 -10.5263 1.4
    endloop
  endfacet
  facet normal -0 0 1
    outer loop
      vertex 1.24822 -4.11484 1.4
      vertex 3.19313 -10.5263 1.4
      vertex 1.64554 -3.97268 1.4
    endloop
  endfacet
  facet normal 0 0 1
    outer loop
      vertex 3.19313 -10.5263 1.4
      vertex 1.24822 -4.11484 1.4
      vertex 2.14599 -10.7886 1.4
    endloop
  endfacet
  facet normal -0 0 1
    outer loop
      vertex 0.838888 -4.21738 1.4
      vertex 2.14599 -10.7886 1.4
      vertex 1.24822 -4.11484 1.4
    endloop
  endfacet
  facet normal 0 0 1
    outer loop
      vertex 2.14599 -10.7886 1.4
      vertex 0.838888 -4.21738 1.4
      vertex 1.07819 -10.947 1.4
    endloop
  endfacet
  facet normal -0 0 1
    outer loop
      vertex 0.421474 -4.27929 1.4
      vertex 1.07819 -10.947 1.4
      vertex 0.838888 -4.21738 1.4
    endloop
  endfacet
  facet normal -0 0 1
    outer loop
      vertex 0 -4.3 1.4
      vertex 1.07819 -10.947 1.4
      vertex 0.421474 -4.27929 1.4
    endloop
  endfacet
  facet normal 0 0 1
    outer loop
      vertex 0 -4.3 1.4
      vertex 0 -11 1.4
      vertex 1.07819 -10.947 1.4
    endloop
  endfacet
  facet normal 0 0 1
    outer loop
      vertex -0.421474 -4.27929 1.4
      vertex 0 -11 1.4
      vertex 0 -4.3 1.4
    endloop
  endfacet
  facet normal 0 0 1
    outer loop
      vertex -1.07819 -10.947 1.4
      vertex -0.421474 -4.27929 1.4
      vertex -0.838888 -4.21738 1.4
    endloop
  endfacet
  facet normal 0 0 1
    outer loop
      vertex -0.421474 -4.27929 1.4
      vertex -1.07819 -10.947 1.4
      vertex 0 -11 1.4
    endloop
  endfacet
  facet normal 0 0 1
    outer loop
      vertex -2.14599 -10.7886 1.4
      vertex -0.838888 -4.21738 1.4
      vertex -1.24822 -4.11484 1.4
    endloop
  endfacet
  facet normal 0 0 1
    outer loop
      vertex -3.19313 -10.5263 1.4
      vertex -1.24822 -4.11484 1.4
      vertex -1.64554 -3.97268 1.4
    endloop
  endfacet
  facet normal 0 0 1
    outer loop
      vertex -5.97107 -7.07107 1.4
      vertex -1.64554 -3.97268 1.4
      vertex -2.02701 -3.79226 1.4
    endloop
  endfacet
  facet normal 0 0 1
    outer loop
      vertex -0.838888 -4.21738 1.4
      vertex -2.14599 -10.7886 1.4
      vertex -1.07819 -10.947 1.4
    endloop
  endfacet
  facet normal 0 0 1
    outer loop
      vertex -5.97107 -7.07107 1.4
      vertex -2.02701 -3.79226 1.4
      vertex -2.38895 -3.57532 1.4
    endloop
  endfacet
  facet normal 0 0 1
    outer loop
      vertex -5.97107 -7.07107 1.4
      vertex -2.38895 -3.57532 1.4
      vertex -2.72789 -3.32394 1.4
    endloop
  endfacet
  facet normal 0 0 1
    outer loop
      vertex -5.97107 -7.07107 1.4
      vertex -2.72789 -3.32394 1.4
      vertex -3.04056 -3.04056 1.4
    endloop
  endfacet
  facet normal 0 0 1
    outer loop
      vertex -1.24822 -4.11484 1.4
      vertex -3.19313 -10.5263 1.4
      vertex -2.14599 -10.7886 1.4
    endloop
  endfacet
  facet normal 0 0 1
    outer loop
      vertex -5.97107 -7.07107 1.4
      vertex -3.04056 -3.04056 1.4
      vertex -3.32394 -2.72789 1.4
    endloop
  endfacet
  facet normal 0 0 1
    outer loop
      vertex -5.97107 -7.07107 1.4
      vertex -3.32394 -2.72789 1.4
      vertex -3.57532 -2.38895 1.4
    endloop
  endfacet
  facet normal 0 0 1
    outer loop
      vertex -5.97107 -7.07107 1.4
      vertex -3.57532 -2.38895 1.4
      vertex -3.79226 -2.02701 1.4
    endloop
  endfacet
  facet normal 0 0 1
    outer loop
      vertex -5.97107 -7.07107 1.4
      vertex -3.79226 -2.02701 1.4
      vertex -3.97268 -1.64554 1.4
    endloop
  endfacet
  facet normal 0 0 1
    outer loop
      vertex -5.97107 -7.07107 1.4
      vertex -3.97268 -1.64554 1.4
      vertex -4.11484 -1.24822 1.4
    endloop
  endfacet
  facet normal 0 0 1
    outer loop
      vertex -1.64554 -3.97268 1.4
      vertex -4.20952 -10.1627 1.4
      vertex -3.19313 -10.5263 1.4
    endloop
  endfacet
  facet normal 0 0 1
    outer loop
      vertex -5.97107 -7.07107 1.4
      vertex -4.11484 -1.24822 1.4
      vertex -4.21738 -0.838888 1.4
    endloop
  endfacet
  facet normal 0 0 1
    outer loop
      vertex -5.97107 -7.07107 1.4
      vertex -4.21738 -0.838888 1.4
      vertex -4.27929 -0.421474 1.4
    endloop
  endfacet
  facet normal -0 0 1
    outer loop
      vertex -6.37323 6.22076 1.4
      vertex -3.04056 3.04056 1.4
      vertex -6.29325 6.29325 1.4
    endloop
  endfacet
  facet normal -0 0 1
    outer loop
      vertex -6.29325 6.29325 1.4
      vertex -3.04056 3.04056 1.4
      vertex -6.22076 6.37323 1.4
    endloop
  endfacet
  facet normal 0 0 1
    outer loop
      vertex -4.3 0 1.4
      vertex -5.97107 -7.07107 1.4
      vertex -4.27929 -0.421474 1.4
    endloop
  endfacet
  facet normal 0 0 1
    outer loop
      vertex -1.64554 -3.97268 1.4
      vertex -5.97107 -7.07107 1.4
      vertex -4.20952 -10.1627 1.4
    endloop
  endfacet
  facet normal 0 0 1
    outer loop
      vertex -4.20952 10.1627 1.4
      vertex -5.97636 7.17889 1.4
      vertex -5.97107 7.07107 1.4
    endloop
  endfacet
  facet normal 0 0 1
    outer loop
      vertex -4.20952 10.1627 1.4
      vertex -5.9922 7.28567 1.4
      vertex -5.97636 7.17889 1.4
    endloop
  endfacet
  facet normal 0 0 1
    outer loop
      vertex -5.18536 9.70113 1.4
      vertex -6.01843 7.39038 1.4
      vertex -5.9922 7.28567 1.4
    endloop
  endfacet
  facet normal 0 0 1
    outer loop
      vertex -5.18536 9.70113 1.4
      vertex -6.0548 7.49202 1.4
      vertex -6.01843 7.39038 1.4
    endloop
  endfacet
  facet normal 0 0 1
    outer loop
      vertex -5.18536 9.70113 1.4
      vertex -6.10095 7.5896 1.4
      vertex -6.0548 7.49202 1.4
    endloop
  endfacet
  facet normal 0 0 1
    outer loop
      vertex -6.15645 7.68219 1.4
      vertex -5.18536 9.70113 1.4
      vertex -6.11127 9.14616 1.4
    endloop
  endfacet
  facet normal 0 0 1
    outer loop
      vertex -5.18536 9.70113 1.4
      vertex -6.15645 7.68219 1.4
      vertex -6.10095 7.5896 1.4
    endloop
  endfacet
  facet normal 0 0 1
    outer loop
      vertex -6.11127 9.14616 1.4
      vertex -6.22076 7.7689 1.4
      vertex -6.15645 7.68219 1.4
    endloop
  endfacet
  facet normal 0 0 1
    outer loop
      vertex -6.11127 9.14616 1.4
      vertex -6.29325 7.84888 1.4
      vertex -6.22076 7.7689 1.4
    endloop
  endfacet
  facet normal 0 0 1
    outer loop
      vertex -6.11127 9.14616 1.4
      vertex -6.37323 7.92138 1.4
      vertex -6.29325 7.84888 1.4
    endloop
  endfacet
  facet normal 0 0 1
    outer loop
      vertex -6.11127 9.14616 1.4
      vertex -6.45994 7.98568 1.4
      vertex -6.37323 7.92138 1.4
    endloop
  endfacet
  facet normal 0 0 1
    outer loop
      vertex -6.11127 9.14616 1.4
      vertex -6.55253 8.04118 1.4
      vertex -6.45994 7.98568 1.4
    endloop
  endfacet
  facet normal 0 0 1
    outer loop
      vertex -6.11127 9.14616 1.4
      vertex -6.65012 8.08733 1.4
      vertex -6.55253 8.04118 1.4
    endloop
  endfacet
  facet normal -0 0 1
    outer loop
      vertex -6.97833 8.50311 1.4
      vertex -6.65012 8.08733 1.4
      vertex -6.11127 9.14616 1.4
    endloop
  endfacet
  facet normal 0 0 1
    outer loop
      vertex -6.65012 8.08733 1.4
      vertex -6.97833 8.50311 1.4
      vertex -6.75175 8.1237 1.4
    endloop
  endfacet
  facet normal 0 0 1
    outer loop
      vertex -6.75175 8.1237 1.4
      vertex -6.97833 8.50311 1.4
      vertex -6.85647 8.14993 1.4
    endloop
  endfacet
  facet normal 0 0 1
    outer loop
      vertex -6.85647 8.14993 1.4
      vertex -6.97833 8.50311 1.4
      vertex -6.96325 8.16577 1.4
    endloop
  endfacet
  facet normal 0 0 1
    outer loop
      vertex -6.97833 8.50311 1.4
      vertex -7.07107 8.17107 1.4
      vertex -6.96325 8.16577 1.4
    endloop
  endfacet
  facet normal 0 0 1
    outer loop
      vertex -6.97833 8.50311 1.4
      vertex -7.17889 8.16577 1.4
      vertex -7.07107 8.17107 1.4
    endloop
  endfacet
  facet normal 0 0 1
    outer loop
      vertex -6.97833 8.50311 1.4
      vertex -7.28567 8.14993 1.4
      vertex -7.17889 8.16577 1.4
    endloop
  endfacet
  facet normal 0 0 1
    outer loop
      vertex -6.97833 8.50311 1.4
      vertex -7.39038 8.1237 1.4
      vertex -7.28567 8.14993 1.4
    endloop
  endfacet
  facet normal 0 -0 1
    outer loop
      vertex -7.39038 8.1237 1.4
      vertex -6.97833 8.50311 1.4
      vertex -7.40122 8.11982 1.4
    endloop
  endfacet
  facet normal 0.803202 -0.595707 0
    outer loop
      vertex -3.57532 2.38895 1.4
      vertex -3.32394 2.72789 0
      vertex -3.32394 2.72789 1.4
    endloop
  endfacet
  facet normal 0.803202 -0.595707 0
    outer loop
      vertex -3.32394 2.72789 0
      vertex -3.57532 2.38895 1.4
      vertex -3.57532 2.38895 0
    endloop
  endfacet
  facet normal -0.989179 -0.146713 0
    outer loop
      vertex 4.27929 0.421474 0
      vertex 4.21738 0.838888 1.4
      vertex 4.21738 0.838888 0
    endloop
  endfacet
  facet normal -0.989179 -0.146713 0
    outer loop
      vertex 4.21738 0.838888 1.4
      vertex 4.27929 0.421474 0
      vertex 4.27929 0.421474 1.4
    endloop
  endfacet
  facet normal -0.998795 -0.0490779 0
    outer loop
      vertex 4.3 0 0
      vertex 4.27929 0.421474 1.4
      vertex 4.27929 0.421474 0
    endloop
  endfacet
  facet normal -0.998795 -0.0490779 0
    outer loop
      vertex 4.27929 0.421474 1.4
      vertex 4.3 0 0
      vertex 4.3 0 1.4
    endloop
  endfacet
  facet normal -0.970027 -0.242997 0
    outer loop
      vertex 4.21738 0.838888 0
      vertex 4.11484 1.24822 1.4
      vertex 4.11484 1.24822 0
    endloop
  endfacet
  facet normal -0.970027 -0.242997 0
    outer loop
      vertex 4.11484 1.24822 1.4
      vertex 4.21738 0.838888 0
      vertex 4.21738 0.838888 1.4
    endloop
  endfacet
  facet normal 0.941547 -0.336883 0
    outer loop
      vertex -4.11484 1.24822 1.4
      vertex -3.97268 1.64554 0
      vertex -3.97268 1.64554 1.4
    endloop
  endfacet
  facet normal 0.941547 -0.336883 0
    outer loop
      vertex -3.97268 1.64554 0
      vertex -4.11484 1.24822 1.4
      vertex -4.11484 1.24822 0
    endloop
  endfacet
  facet normal -0.803202 -0.595707 0
    outer loop
      vertex 3.57532 2.38895 0
      vertex 3.32394 2.72789 1.4
      vertex 3.32394 2.72789 0
    endloop
  endfacet
  facet normal -0.803202 -0.595707 0
    outer loop
      vertex 3.32394 2.72789 1.4
      vertex 3.57532 2.38895 0
      vertex 3.57532 2.38895 1.4
    endloop
  endfacet
  facet normal -0.595707 -0.803202 0
    outer loop
      vertex 2.38895 3.57532 0
      vertex 2.72789 3.32394 1.4
      vertex 2.38895 3.57532 1.4
    endloop
  endfacet
  facet normal -0.595707 -0.803202 -0
    outer loop
      vertex 2.72789 3.32394 1.4
      vertex 2.38895 3.57532 0
      vertex 2.72789 3.32394 0
    endloop
  endfacet
  facet normal -0.671549 -0.74096 0
    outer loop
      vertex 2.72789 3.32394 0
      vertex 3.04056 3.04056 1.4
      vertex 2.72789 3.32394 1.4
    endloop
  endfacet
  facet normal -0.671549 -0.74096 -0
    outer loop
      vertex 3.04056 3.04056 1.4
      vertex 2.72789 3.32394 0
      vertex 3.04056 3.04056 0
    endloop
  endfacet
  facet normal -0.998795 0.0490779 0
    outer loop
      vertex 4.27929 -0.421474 0
      vertex 4.3 0 1.4
      vertex 4.3 0 0
    endloop
  endfacet
  facet normal -0.998795 0.0490779 0
    outer loop
      vertex 4.3 0 1.4
      vertex 4.27929 -0.421474 0
      vertex 4.27929 -0.421474 1.4
    endloop
  endfacet
  facet normal -0.74096 0.671549 0
    outer loop
      vertex 3.04056 -3.04056 0
      vertex 3.32394 -2.72789 1.4
      vertex 3.32394 -2.72789 0
    endloop
  endfacet
  facet normal -0.74096 0.671549 0
    outer loop
      vertex 3.32394 -2.72789 1.4
      vertex 3.04056 -3.04056 0
      vertex 3.04056 -3.04056 1.4
    endloop
  endfacet
  facet normal 0.970027 -0.242997 0
    outer loop
      vertex -4.21738 0.838888 1.4
      vertex -4.11484 1.24822 0
      vertex -4.11484 1.24822 1.4
    endloop
  endfacet
  facet normal 0.970027 -0.242997 0
    outer loop
      vertex -4.11484 1.24822 0
      vertex -4.21738 0.838888 1.4
      vertex -4.21738 0.838888 0
    endloop
  endfacet
  facet normal 0.242997 0.970027 -0
    outer loop
      vertex -0.838888 -4.21738 0
      vertex -1.24822 -4.11484 1.4
      vertex -0.838888 -4.21738 1.4
    endloop
  endfacet
  facet normal 0.242997 0.970027 0
    outer loop
      vertex -1.24822 -4.11484 1.4
      vertex -0.838888 -4.21738 0
      vertex -1.24822 -4.11484 0
    endloop
  endfacet
  facet normal -0.427551 -0.903991 0
    outer loop
      vertex 1.64554 3.97268 0
      vertex 2.02701 3.79226 1.4
      vertex 1.64554 3.97268 1.4
    endloop
  endfacet
  facet normal -0.427551 -0.903991 -0
    outer loop
      vertex 2.02701 3.79226 1.4
      vertex 1.64554 3.97268 0
      vertex 2.02701 3.79226 0
    endloop
  endfacet
  facet normal -0.857727 0.514105 0
    outer loop
      vertex 3.57532 -2.38895 0
      vertex 3.79226 -2.02701 1.4
      vertex 3.79226 -2.02701 0
    endloop
  endfacet
  facet normal -0.857727 0.514105 0
    outer loop
      vertex 3.79226 -2.02701 1.4
      vertex 3.57532 -2.38895 0
      vertex 3.57532 -2.38895 1.4
    endloop
  endfacet
  facet normal -0.146713 -0.989179 0
    outer loop
      vertex 0.421474 4.27929 0
      vertex 0.838888 4.21738 1.4
      vertex 0.421474 4.27929 1.4
    endloop
  endfacet
  facet normal -0.146713 -0.989179 -0
    outer loop
      vertex 0.838888 4.21738 1.4
      vertex 0.421474 4.27929 0
      vertex 0.838888 4.21738 0
    endloop
  endfacet
  facet normal 0.427551 -0.903991 0
    outer loop
      vertex -2.02701 3.79226 0
      vertex -1.64554 3.97268 1.4
      vertex -2.02701 3.79226 1.4
    endloop
  endfacet
  facet normal 0.427551 -0.903991 0
    outer loop
      vertex -1.64554 3.97268 1.4
      vertex -2.02701 3.79226 0
      vertex -1.64554 3.97268 0
    endloop
  endfacet
  facet normal -0.336883 0.941547 0
    outer loop
      vertex 1.64554 -3.97268 0
      vertex 1.24822 -4.11484 1.4
      vertex 1.64554 -3.97268 1.4
    endloop
  endfacet
  facet normal -0.336883 0.941547 0
    outer loop
      vertex 1.24822 -4.11484 1.4
      vertex 1.64554 -3.97268 0
      vertex 1.24822 -4.11484 0
    endloop
  endfacet
  facet normal 0.989179 0.146713 0
    outer loop
      vertex -4.21738 -0.838888 1.4
      vertex -4.27929 -0.421474 0
      vertex -4.27929 -0.421474 1.4
    endloop
  endfacet
  facet normal 0.989179 0.146713 0
    outer loop
      vertex -4.27929 -0.421474 0
      vertex -4.21738 -0.838888 1.4
      vertex -4.21738 -0.838888 0
    endloop
  endfacet
  facet normal 0.336883 0.941547 -0
    outer loop
      vertex -1.24822 -4.11484 0
      vertex -1.64554 -3.97268 1.4
      vertex -1.24822 -4.11484 1.4
    endloop
  endfacet
  facet normal 0.336883 0.941547 0
    outer loop
      vertex -1.64554 -3.97268 1.4
      vertex -1.24822 -4.11484 0
      vertex -1.64554 -3.97268 0
    endloop
  endfacet
  facet normal -0.427551 0.903991 0
    outer loop
      vertex 2.02701 -3.79226 0
      vertex 1.64554 -3.97268 1.4
      vertex 2.02701 -3.79226 1.4
    endloop
  endfacet
  facet normal -0.427551 0.903991 0
    outer loop
      vertex 1.64554 -3.97268 1.4
      vertex 2.02701 -3.79226 0
      vertex 1.64554 -3.97268 0
    endloop
  endfacet
  facet normal -0.336883 -0.941547 0
    outer loop
      vertex 1.24822 4.11484 0
      vertex 1.64554 3.97268 1.4
      vertex 1.24822 4.11484 1.4
    endloop
  endfacet
  facet normal -0.336883 -0.941547 -0
    outer loop
      vertex 1.64554 3.97268 1.4
      vertex 1.24822 4.11484 0
      vertex 1.64554 3.97268 0
    endloop
  endfacet
  facet normal 0.857727 -0.514105 0
    outer loop
      vertex -3.79226 2.02701 1.4
      vertex -3.57532 2.38895 0
      vertex -3.57532 2.38895 1.4
    endloop
  endfacet
  facet normal 0.857727 -0.514105 0
    outer loop
      vertex -3.57532 2.38895 0
      vertex -3.79226 2.02701 1.4
      vertex -3.79226 2.02701 0
    endloop
  endfacet
  facet normal 0.514105 -0.857727 0
    outer loop
      vertex -2.38895 3.57532 0
      vertex -2.02701 3.79226 1.4
      vertex -2.38895 3.57532 1.4
    endloop
  endfacet
  facet normal 0.514105 -0.857727 0
    outer loop
      vertex -2.02701 3.79226 1.4
      vertex -2.38895 3.57532 0
      vertex -2.02701 3.79226 0
    endloop
  endfacet
  facet normal 0.336883 -0.941547 0
    outer loop
      vertex -1.64554 3.97268 0
      vertex -1.24822 4.11484 1.4
      vertex -1.64554 3.97268 1.4
    endloop
  endfacet
  facet normal 0.336883 -0.941547 0
    outer loop
      vertex -1.24822 4.11484 1.4
      vertex -1.64554 3.97268 0
      vertex -1.24822 4.11484 0
    endloop
  endfacet
  facet normal 0.242997 -0.970027 0
    outer loop
      vertex -1.24822 4.11484 0
      vertex -0.838888 4.21738 1.4
      vertex -1.24822 4.11484 1.4
    endloop
  endfacet
  facet normal 0.242997 -0.970027 0
    outer loop
      vertex -0.838888 4.21738 1.4
      vertex -1.24822 4.11484 0
      vertex -0.838888 4.21738 0
    endloop
  endfacet
  facet normal -0.970027 0.242997 0
    outer loop
      vertex 4.11484 -1.24822 0
      vertex 4.21738 -0.838888 1.4
      vertex 4.21738 -0.838888 0
    endloop
  endfacet
  facet normal -0.970027 0.242997 0
    outer loop
      vertex 4.21738 -0.838888 1.4
      vertex 4.11484 -1.24822 0
      vertex 4.11484 -1.24822 1.4
    endloop
  endfacet
  facet normal 0.998795 -0.0490779 0
    outer loop
      vertex -4.3 0 1.4
      vertex -4.27929 0.421474 0
      vertex -4.27929 0.421474 1.4
    endloop
  endfacet
  facet normal 0.998795 -0.0490779 0
    outer loop
      vertex -4.27929 0.421474 0
      vertex -4.3 0 1.4
      vertex -4.3 0 0
    endloop
  endfacet
  facet normal -0.903991 -0.427551 0
    outer loop
      vertex 3.97268 1.64554 0
      vertex 3.79226 2.02701 1.4
      vertex 3.79226 2.02701 0
    endloop
  endfacet
  facet normal -0.903991 -0.427551 0
    outer loop
      vertex 3.79226 2.02701 1.4
      vertex 3.97268 1.64554 0
      vertex 3.97268 1.64554 1.4
    endloop
  endfacet
  facet normal 0.146713 -0.989179 0
    outer loop
      vertex -0.838888 4.21738 0
      vertex -0.421474 4.27929 1.4
      vertex -0.838888 4.21738 1.4
    endloop
  endfacet
  facet normal 0.146713 -0.989179 0
    outer loop
      vertex -0.421474 4.27929 1.4
      vertex -0.838888 4.21738 0
      vertex -0.421474 4.27929 0
    endloop
  endfacet
  facet normal 0.941547 0.336883 0
    outer loop
      vertex -3.97268 -1.64554 1.4
      vertex -4.11484 -1.24822 0
      vertex -4.11484 -1.24822 1.4
    endloop
  endfacet
  facet normal 0.941547 0.336883 0
    outer loop
      vertex -4.11484 -1.24822 0
      vertex -3.97268 -1.64554 1.4
      vertex -3.97268 -1.64554 0
    endloop
  endfacet
  facet normal 0.514105 0.857727 -0
    outer loop
      vertex -2.02701 -3.79226 0
      vertex -2.38895 -3.57532 1.4
      vertex -2.02701 -3.79226 1.4
    endloop
  endfacet
  facet normal 0.514105 0.857727 0
    outer loop
      vertex -2.38895 -3.57532 1.4
      vertex -2.02701 -3.79226 0
      vertex -2.38895 -3.57532 0
    endloop
  endfacet
  facet normal 0.970027 0.242997 0
    outer loop
      vertex -4.11484 -1.24822 1.4
      vertex -4.21738 -0.838888 0
      vertex -4.21738 -0.838888 1.4
    endloop
  endfacet
  facet normal 0.970027 0.242997 0
    outer loop
      vertex -4.21738 -0.838888 0
      vertex -4.11484 -1.24822 1.4
      vertex -4.11484 -1.24822 0
    endloop
  endfacet
  facet normal 0.595707 -0.803202 0
    outer loop
      vertex -2.72789 3.32394 0
      vertex -2.38895 3.57532 1.4
      vertex -2.72789 3.32394 1.4
    endloop
  endfacet
  facet normal 0.595707 -0.803202 0
    outer loop
      vertex -2.38895 3.57532 1.4
      vertex -2.72789 3.32394 0
      vertex -2.38895 3.57532 0
    endloop
  endfacet
  facet normal -0.803202 0.595707 0
    outer loop
      vertex 3.32394 -2.72789 0
      vertex 3.57532 -2.38895 1.4
      vertex 3.57532 -2.38895 0
    endloop
  endfacet
  facet normal -0.803202 0.595707 0
    outer loop
      vertex 3.57532 -2.38895 1.4
      vertex 3.32394 -2.72789 0
      vertex 3.32394 -2.72789 1.4
    endloop
  endfacet
  facet normal -0.941547 -0.336883 0
    outer loop
      vertex 4.11484 1.24822 0
      vertex 3.97268 1.64554 1.4
      vertex 3.97268 1.64554 0
    endloop
  endfacet
  facet normal -0.941547 -0.336883 0
    outer loop
      vertex 3.97268 1.64554 1.4
      vertex 4.11484 1.24822 0
      vertex 4.11484 1.24822 1.4
    endloop
  endfacet
  facet normal -0.242997 -0.970027 0
    outer loop
      vertex 0.838888 4.21738 0
      vertex 1.24822 4.11484 1.4
      vertex 0.838888 4.21738 1.4
    endloop
  endfacet
  facet normal -0.242997 -0.970027 -0
    outer loop
      vertex 1.24822 4.11484 1.4
      vertex 0.838888 4.21738 0
      vertex 1.24822 4.11484 0
    endloop
  endfacet
  facet normal -0.903991 0.427551 0
    outer loop
      vertex 3.79226 -2.02701 0
      vertex 3.97268 -1.64554 1.4
      vertex 3.97268 -1.64554 0
    endloop
  endfacet
  facet normal -0.903991 0.427551 0
    outer loop
      vertex 3.97268 -1.64554 1.4
      vertex 3.79226 -2.02701 0
      vertex 3.79226 -2.02701 1.4
    endloop
  endfacet
  facet normal 0.146713 0.989179 -0
    outer loop
      vertex -0.421474 -4.27929 0
      vertex -0.838888 -4.21738 1.4
      vertex -0.421474 -4.27929 1.4
    endloop
  endfacet
  facet normal 0.146713 0.989179 0
    outer loop
      vertex -0.838888 -4.21738 1.4
      vertex -0.421474 -4.27929 0
      vertex -0.838888 -4.21738 0
    endloop
  endfacet
  facet normal -0.514105 -0.857727 0
    outer loop
      vertex 2.02701 3.79226 0
      vertex 2.38895 3.57532 1.4
      vertex 2.02701 3.79226 1.4
    endloop
  endfacet
  facet normal -0.514105 -0.857727 -0
    outer loop
      vertex 2.38895 3.57532 1.4
      vertex 2.02701 3.79226 0
      vertex 2.38895 3.57532 0
    endloop
  endfacet
  facet normal 0.857727 0.514105 0
    outer loop
      vertex -3.57532 -2.38895 1.4
      vertex -3.79226 -2.02701 0
      vertex -3.79226 -2.02701 1.4
    endloop
  endfacet
  facet normal 0.857727 0.514105 0
    outer loop
      vertex -3.79226 -2.02701 0
      vertex -3.57532 -2.38895 1.4
      vertex -3.57532 -2.38895 0
    endloop
  endfacet
  facet normal -0.74096 -0.671549 0
    outer loop
      vertex 3.32394 2.72789 0
      vertex 3.04056 3.04056 1.4
      vertex 3.04056 3.04056 0
    endloop
  endfacet
  facet normal -0.74096 -0.671549 0
    outer loop
      vertex 3.04056 3.04056 1.4
      vertex 3.32394 2.72789 0
      vertex 3.32394 2.72789 1.4
    endloop
  endfacet
  facet normal 0.0490779 -0.998795 0
    outer loop
      vertex -0.421474 4.27929 0
      vertex 0 4.3 1.4
      vertex -0.421474 4.27929 1.4
    endloop
  endfacet
  facet normal 0.0490779 -0.998795 0
    outer loop
      vertex 0 4.3 1.4
      vertex -0.421474 4.27929 0
      vertex 0 4.3 0
    endloop
  endfacet
  facet normal 0.74096 -0.671549 0
    outer loop
      vertex -3.32394 2.72789 1.4
      vertex -3.04056 3.04056 0
      vertex -3.04056 3.04056 1.4
    endloop
  endfacet
  facet normal 0.74096 -0.671549 0
    outer loop
      vertex -3.04056 3.04056 0
      vertex -3.32394 2.72789 1.4
      vertex -3.32394 2.72789 0
    endloop
  endfacet
  facet normal -0.989179 0.146713 0
    outer loop
      vertex 4.21738 -0.838888 0
      vertex 4.27929 -0.421474 1.4
      vertex 4.27929 -0.421474 0
    endloop
  endfacet
  facet normal -0.989179 0.146713 0
    outer loop
      vertex 4.27929 -0.421474 1.4
      vertex 4.21738 -0.838888 0
      vertex 4.21738 -0.838888 1.4
    endloop
  endfacet
  facet normal 0.903991 0.427551 0
    outer loop
      vertex -3.79226 -2.02701 1.4
      vertex -3.97268 -1.64554 0
      vertex -3.97268 -1.64554 1.4
    endloop
  endfacet
  facet normal 0.903991 0.427551 0
    outer loop
      vertex -3.97268 -1.64554 0
      vertex -3.79226 -2.02701 1.4
      vertex -3.79226 -2.02701 0
    endloop
  endfacet
  facet normal 0.803202 0.595707 0
    outer loop
      vertex -3.32394 -2.72789 1.4
      vertex -3.57532 -2.38895 0
      vertex -3.57532 -2.38895 1.4
    endloop
  endfacet
  facet normal 0.803202 0.595707 0
    outer loop
      vertex -3.57532 -2.38895 0
      vertex -3.32394 -2.72789 1.4
      vertex -3.32394 -2.72789 0
    endloop
  endfacet
  facet normal -0.857727 -0.514105 0
    outer loop
      vertex 3.79226 2.02701 0
      vertex 3.57532 2.38895 1.4
      vertex 3.57532 2.38895 0
    endloop
  endfacet
  facet normal -0.857727 -0.514105 0
    outer loop
      vertex 3.57532 2.38895 1.4
      vertex 3.79226 2.02701 0
      vertex 3.79226 2.02701 1.4
    endloop
  endfacet
  facet normal 0.0490779 0.998795 -0
    outer loop
      vertex 0 -4.3 0
      vertex -0.421474 -4.27929 1.4
      vertex 0 -4.3 1.4
    endloop
  endfacet
  facet normal 0.0490779 0.998795 0
    outer loop
      vertex -0.421474 -4.27929 1.4
      vertex 0 -4.3 0
      vertex -0.421474 -4.27929 0
    endloop
  endfacet
  facet normal 0.74096 0.671549 0
    outer loop
      vertex -3.04056 -3.04056 1.4
      vertex -3.32394 -2.72789 0
      vertex -3.32394 -2.72789 1.4
    endloop
  endfacet
  facet normal 0.74096 0.671549 0
    outer loop
      vertex -3.32394 -2.72789 0
      vertex -3.04056 -3.04056 1.4
      vertex -3.04056 -3.04056 0
    endloop
  endfacet
  facet normal 0.671549 -0.74096 0
    outer loop
      vertex -3.04056 3.04056 0
      vertex -2.72789 3.32394 1.4
      vertex -3.04056 3.04056 1.4
    endloop
  endfacet
  facet normal 0.671549 -0.74096 0
    outer loop
      vertex -2.72789 3.32394 1.4
      vertex -3.04056 3.04056 0
      vertex -2.72789 3.32394 0
    endloop
  endfacet
  facet normal -0.146713 0.989179 0
    outer loop
      vertex 0.838888 -4.21738 0
      vertex 0.421474 -4.27929 1.4
      vertex 0.838888 -4.21738 1.4
    endloop
  endfacet
  facet normal -0.146713 0.989179 0
    outer loop
      vertex 0.421474 -4.27929 1.4
      vertex 0.838888 -4.21738 0
      vertex 0.421474 -4.27929 0
    endloop
  endfacet
  facet normal -0.242997 0.970027 0
    outer loop
      vertex 1.24822 -4.11484 0
      vertex 0.838888 -4.21738 1.4
      vertex 1.24822 -4.11484 1.4
    endloop
  endfacet
  facet normal -0.242997 0.970027 0
    outer loop
      vertex 0.838888 -4.21738 1.4
      vertex 1.24822 -4.11484 0
      vertex 0.838888 -4.21738 0
    endloop
  endfacet
  facet normal 0.595707 0.803202 -0
    outer loop
      vertex -2.38895 -3.57532 0
      vertex -2.72789 -3.32394 1.4
      vertex -2.38895 -3.57532 1.4
    endloop
  endfacet
  facet normal 0.595707 0.803202 0
    outer loop
      vertex -2.72789 -3.32394 1.4
      vertex -2.38895 -3.57532 0
      vertex -2.72789 -3.32394 0
    endloop
  endfacet
  facet normal 0.671549 0.74096 -0
    outer loop
      vertex -2.72789 -3.32394 0
      vertex -3.04056 -3.04056 1.4
      vertex -2.72789 -3.32394 1.4
    endloop
  endfacet
  facet normal 0.671549 0.74096 0
    outer loop
      vertex -3.04056 -3.04056 1.4
      vertex -2.72789 -3.32394 0
      vertex -3.04056 -3.04056 0
    endloop
  endfacet
  facet normal -0.671549 0.74096 0
    outer loop
      vertex 3.04056 -3.04056 0
      vertex 2.72789 -3.32394 1.4
      vertex 3.04056 -3.04056 1.4
    endloop
  endfacet
  facet normal -0.671549 0.74096 0
    outer loop
      vertex 2.72789 -3.32394 1.4
      vertex 3.04056 -3.04056 0
      vertex 2.72789 -3.32394 0
    endloop
  endfacet
  facet normal 0.903991 -0.427551 0
    outer loop
      vertex -3.97268 1.64554 1.4
      vertex -3.79226 2.02701 0
      vertex -3.79226 2.02701 1.4
    endloop
  endfacet
  facet normal 0.903991 -0.427551 0
    outer loop
      vertex -3.79226 2.02701 0
      vertex -3.97268 1.64554 1.4
      vertex -3.97268 1.64554 0
    endloop
  endfacet
  facet normal -0.0490779 0.998795 0
    outer loop
      vertex 0.421474 -4.27929 0
      vertex 0 -4.3 1.4
      vertex 0.421474 -4.27929 1.4
    endloop
  endfacet
  facet normal -0.0490779 0.998795 0
    outer loop
      vertex 0 -4.3 1.4
      vertex 0.421474 -4.27929 0
      vertex 0 -4.3 0
    endloop
  endfacet
  facet normal -0.0490779 -0.998795 0
    outer loop
      vertex 0 4.3 0
      vertex 0.421474 4.27929 1.4
      vertex 0 4.3 1.4
    endloop
  endfacet
  facet normal -0.0490779 -0.998795 -0
    outer loop
      vertex 0.421474 4.27929 1.4
      vertex 0 4.3 0
      vertex 0.421474 4.27929 0
    endloop
  endfacet
  facet normal 0.998795 0.0490779 0
    outer loop
      vertex -4.27929 -0.421474 1.4
      vertex -4.3 0 0
      vertex -4.3 0 1.4
    endloop
  endfacet
  facet normal 0.998795 0.0490779 0
    outer loop
      vertex -4.3 0 0
      vertex -4.27929 -0.421474 1.4
      vertex -4.27929 -0.421474 0
    endloop
  endfacet
  facet normal -0.941547 0.336883 0
    outer loop
      vertex 3.97268 -1.64554 0
      vertex 4.11484 -1.24822 1.4
      vertex 4.11484 -1.24822 0
    endloop
  endfacet
  facet normal -0.941547 0.336883 0
    outer loop
      vertex 4.11484 -1.24822 1.4
      vertex 3.97268 -1.64554 0
      vertex 3.97268 -1.64554 1.4
    endloop
  endfacet
  facet normal -0.595707 0.803202 0
    outer loop
      vertex 2.72789 -3.32394 0
      vertex 2.38895 -3.57532 1.4
      vertex 2.72789 -3.32394 1.4
    endloop
  endfacet
  facet normal -0.595707 0.803202 0
    outer loop
      vertex 2.38895 -3.57532 1.4
      vertex 2.72789 -3.32394 0
      vertex 2.38895 -3.57532 0
    endloop
  endfacet
  facet normal -0.514105 0.857727 0
    outer loop
      vertex 2.38895 -3.57532 0
      vertex 2.02701 -3.79226 1.4
      vertex 2.38895 -3.57532 1.4
    endloop
  endfacet
  facet normal -0.514105 0.857727 0
    outer loop
      vertex 2.02701 -3.79226 1.4
      vertex 2.38895 -3.57532 0
      vertex 2.02701 -3.79226 0
    endloop
  endfacet
  facet normal 0.989179 -0.146713 0
    outer loop
      vertex -4.27929 0.421474 1.4
      vertex -4.21738 0.838888 0
      vertex -4.21738 0.838888 1.4
    endloop
  endfacet
  facet normal 0.989179 -0.146713 0
    outer loop
      vertex -4.21738 0.838888 0
      vertex -4.27929 0.421474 1.4
      vertex -4.27929 0.421474 0
    endloop
  endfacet
  facet normal 0.427551 0.903991 -0
    outer loop
      vertex -1.64554 -3.97268 0
      vertex -2.02701 -3.79226 1.4
      vertex -1.64554 -3.97268 1.4
    endloop
  endfacet
  facet normal 0.427551 0.903991 0
    outer loop
      vertex -2.02701 -3.79226 1.4
      vertex -1.64554 -3.97268 0
      vertex -2.02701 -3.79226 0
    endloop
  endfacet
endsolid OpenSCAD_Model
