solid OpenSCAD_Model
  facet normal -0.989176 -0.146735 0
    outer loop
      vertex 4.2435 3.03232 0
      vertex 4.22406 3.16337 3.2
      vertex 4.22406 3.16337 0
    endloop
  endfacet
  facet normal -0.989176 -0.146735 0
    outer loop
      vertex 4.22406 3.16337 3.2
      vertex 4.2435 3.03232 0
      vertex 4.2435 3.03232 3.2
    endloop
  endfacet
  facet normal -0.998796 -0.0490642 0
    outer loop
      vertex 4.25 2.9 0
      vertex 4.2435 3.03232 3.2
      vertex 4.2435 3.03232 0
    endloop
  endfacet
  facet normal -0.998796 -0.0490642 0
    outer loop
      vertex 4.2435 3.03232 3.2
      vertex 4.25 2.9 0
      vertex 4.25 2.9 3.2
    endloop
  endfacet
  facet normal -0.970031 -0.24298 0
    outer loop
      vertex 4.22406 3.16337 0
      vertex 4.19187 3.29188 3.2
      vertex 4.19187 3.29188 0
    endloop
  endfacet
  facet normal -0.970031 -0.24298 0
    outer loop
      vertex 4.19187 3.29188 3.2
      vertex 4.22406 3.16337 0
      vertex 4.22406 3.16337 3.2
    endloop
  endfacet
  facet normal -0.336872 -0.94155 0
    outer loop
      vertex 3.29188 4.19187 0
      vertex 3.41662 4.14724 3.2
      vertex 3.29188 4.19187 3.2
    endloop
  endfacet
  facet normal -0.336872 -0.94155 -0
    outer loop
      vertex 3.41662 4.14724 3.2
      vertex 3.29188 4.19187 0
      vertex 3.41662 4.14724 0
    endloop
  endfacet
  facet normal -0.989176 0.146735 0
    outer loop
      vertex 4.22406 2.63663 0
      vertex 4.2435 2.76768 3.2
      vertex 4.2435 2.76768 0
    endloop
  endfacet
  facet normal -0.989176 0.146735 0
    outer loop
      vertex 4.2435 2.76768 3.2
      vertex 4.22406 2.63663 0
      vertex 4.22406 2.63663 3.2
    endloop
  endfacet
  facet normal -0.803204 -0.595704 0
    outer loop
      vertex 4.02248 3.65002 0
      vertex 3.94356 3.75643 3.2
      vertex 3.94356 3.75643 0
    endloop
  endfacet
  facet normal -0.803204 -0.595704 0
    outer loop
      vertex 3.94356 3.75643 3.2
      vertex 4.02248 3.65002 0
      vertex 4.02248 3.65002 3.2
    endloop
  endfacet
  facet normal -0.595704 -0.803204 0
    outer loop
      vertex 3.65002 4.02248 0
      vertex 3.75643 3.94356 3.2
      vertex 3.65002 4.02248 3.2
    endloop
  endfacet
  facet normal -0.595704 -0.803204 -0
    outer loop
      vertex 3.75643 3.94356 3.2
      vertex 3.65002 4.02248 0
      vertex 3.75643 3.94356 0
    endloop
  endfacet
  facet normal -0.998796 0.0490642 0
    outer loop
      vertex 4.2435 2.76768 0
      vertex 4.25 2.9 3.2
      vertex 4.25 2.9 0
    endloop
  endfacet
  facet normal -0.998796 0.0490642 0
    outer loop
      vertex 4.25 2.9 3.2
      vertex 4.2435 2.76768 0
      vertex 4.2435 2.76768 3.2
    endloop
  endfacet
  facet normal -0.24298 -0.970031 0
    outer loop
      vertex 3.16337 4.22406 0
      vertex 3.29188 4.19187 3.2
      vertex 3.16337 4.22406 3.2
    endloop
  endfacet
  facet normal -0.24298 -0.970031 -0
    outer loop
      vertex 3.29188 4.19187 3.2
      vertex 3.16337 4.22406 0
      vertex 3.29188 4.19187 0
    endloop
  endfacet
  facet normal 0.970031 -0.24298 0
    outer loop
      vertex 1.57594 3.16337 3.2
      vertex 1.60813 3.29188 0
      vertex 1.60813 3.29188 3.2
    endloop
  endfacet
  facet normal 0.970031 -0.24298 0
    outer loop
      vertex 1.60813 3.29188 0
      vertex 1.57594 3.16337 3.2
      vertex 1.57594 3.16337 0
    endloop
  endfacet
  facet normal 0.74094 -0.671571 0
    outer loop
      vertex 1.85644 3.75643 3.2
      vertex 1.94541 3.85459 0
      vertex 1.94541 3.85459 3.2
    endloop
  endfacet
  facet normal 0.74094 -0.671571 0
    outer loop
      vertex 1.94541 3.85459 0
      vertex 1.85644 3.75643 3.2
      vertex 1.85644 3.75643 0
    endloop
  endfacet
  facet normal -0.427574 -0.903981 0
    outer loop
      vertex 3.41662 4.14724 0
      vertex 3.53639 4.09059 3.2
      vertex 3.41662 4.14724 3.2
    endloop
  endfacet
  facet normal -0.427574 -0.903981 -0
    outer loop
      vertex 3.53639 4.09059 3.2
      vertex 3.41662 4.14724 0
      vertex 3.53639 4.09059 0
    endloop
  endfacet
  facet normal 0.903967 0.427603 0
    outer loop
      vertex 1.70941 2.26362 3.2
      vertex 1.65276 2.38338 0
      vertex 1.65276 2.38338 3.2
    endloop
  endfacet
  facet normal 0.903967 0.427603 0
    outer loop
      vertex 1.65276 2.38338 0
      vertex 1.70941 2.26362 3.2
      vertex 1.70941 2.26362 0
    endloop
  endfacet
  facet normal -0.671571 0.74094 0
    outer loop
      vertex 3.85459 1.94541 0
      vertex 3.75643 1.85644 3.2
      vertex 3.85459 1.94541 3.2
    endloop
  endfacet
  facet normal -0.671571 0.74094 0
    outer loop
      vertex 3.75643 1.85644 3.2
      vertex 3.85459 1.94541 0
      vertex 3.75643 1.85644 0
    endloop
  endfacet
  facet normal 0.595704 0.803204 -0
    outer loop
      vertex 2.14998 1.77752 0
      vertex 2.04357 1.85644 3.2
      vertex 2.14998 1.77752 3.2
    endloop
  endfacet
  facet normal 0.595704 0.803204 0
    outer loop
      vertex 2.04357 1.85644 3.2
      vertex 2.14998 1.77752 0
      vertex 2.04357 1.85644 0
    endloop
  endfacet
  facet normal -0.94155 -0.336872 0
    outer loop
      vertex 4.19187 3.29188 0
      vertex 4.14724 3.41662 3.2
      vertex 4.14724 3.41662 0
    endloop
  endfacet
  facet normal -0.94155 -0.336872 0
    outer loop
      vertex 4.14724 3.41662 3.2
      vertex 4.19187 3.29188 0
      vertex 4.19187 3.29188 3.2
    endloop
  endfacet
  facet normal 0.803204 0.595704 0
    outer loop
      vertex 1.85644 2.04357 3.2
      vertex 1.77752 2.14998 0
      vertex 1.77752 2.14998 3.2
    endloop
  endfacet
  facet normal 0.803204 0.595704 0
    outer loop
      vertex 1.77752 2.14998 0
      vertex 1.85644 2.04357 3.2
      vertex 1.85644 2.04357 0
    endloop
  endfacet
  facet normal 0.998796 0.0490642 0
    outer loop
      vertex 1.5565 2.76768 3.2
      vertex 1.55 2.9 0
      vertex 1.55 2.9 3.2
    endloop
  endfacet
  facet normal 0.998796 0.0490642 0
    outer loop
      vertex 1.55 2.9 0
      vertex 1.5565 2.76768 3.2
      vertex 1.5565 2.76768 0
    endloop
  endfacet
  facet normal -0.336872 0.94155 0
    outer loop
      vertex 3.41662 1.65276 0
      vertex 3.29188 1.60813 3.2
      vertex 3.41662 1.65276 3.2
    endloop
  endfacet
  facet normal -0.336872 0.94155 0
    outer loop
      vertex 3.29188 1.60813 3.2
      vertex 3.41662 1.65276 0
      vertex 3.29188 1.60813 0
    endloop
  endfacet
  facet normal 0.0490642 -0.998796 0
    outer loop
      vertex 2.76768 4.2435 0
      vertex 2.9 4.25 3.2
      vertex 2.76768 4.2435 3.2
    endloop
  endfacet
  facet normal 0.0490642 -0.998796 0
    outer loop
      vertex 2.9 4.25 3.2
      vertex 2.76768 4.2435 0
      vertex 2.9 4.25 0
    endloop
  endfacet
  facet normal -0.595704 0.803204 0
    outer loop
      vertex 3.75643 1.85644 0
      vertex 3.65002 1.77752 3.2
      vertex 3.75643 1.85644 3.2
    endloop
  endfacet
  facet normal -0.595704 0.803204 0
    outer loop
      vertex 3.65002 1.77752 3.2
      vertex 3.75643 1.85644 0
      vertex 3.65002 1.77752 0
    endloop
  endfacet
  facet normal 0.74094 0.671571 0
    outer loop
      vertex 1.94541 1.94541 3.2
      vertex 1.85644 2.04357 0
      vertex 1.85644 2.04357 3.2
    endloop
  endfacet
  facet normal 0.74094 0.671571 0
    outer loop
      vertex 1.85644 2.04357 0
      vertex 1.94541 1.94541 3.2
      vertex 1.94541 1.94541 0
    endloop
  endfacet
  facet normal -0.803204 0.595704 0
    outer loop
      vertex 3.94356 2.04357 0
      vertex 4.02248 2.14998 3.2
      vertex 4.02248 2.14998 0
    endloop
  endfacet
  facet normal -0.803204 0.595704 0
    outer loop
      vertex 4.02248 2.14998 3.2
      vertex 3.94356 2.04357 0
      vertex 3.94356 2.04357 3.2
    endloop
  endfacet
  facet normal 0.857739 0.514085 0
    outer loop
      vertex 1.77752 2.14998 3.2
      vertex 1.70941 2.26362 0
      vertex 1.70941 2.26362 3.2
    endloop
  endfacet
  facet normal 0.857739 0.514085 0
    outer loop
      vertex 1.70941 2.26362 0
      vertex 1.77752 2.14998 3.2
      vertex 1.77752 2.14998 0
    endloop
  endfacet
  facet normal -0.146735 -0.989176 0
    outer loop
      vertex 3.03232 4.2435 0
      vertex 3.16337 4.22406 3.2
      vertex 3.03232 4.2435 3.2
    endloop
  endfacet
  facet normal -0.146735 -0.989176 -0
    outer loop
      vertex 3.16337 4.22406 3.2
      vertex 3.03232 4.2435 0
      vertex 3.16337 4.22406 0
    endloop
  endfacet
  facet normal -0.146735 0.989176 0
    outer loop
      vertex 3.16337 1.57594 0
      vertex 3.03232 1.5565 3.2
      vertex 3.16337 1.57594 3.2
    endloop
  endfacet
  facet normal -0.146735 0.989176 0
    outer loop
      vertex 3.03232 1.5565 3.2
      vertex 3.16337 1.57594 0
      vertex 3.03232 1.5565 0
    endloop
  endfacet
  facet normal 0.146735 0.989176 -0
    outer loop
      vertex 2.76768 1.5565 0
      vertex 2.63663 1.57594 3.2
      vertex 2.76768 1.5565 3.2
    endloop
  endfacet
  facet normal 0.146735 0.989176 0
    outer loop
      vertex 2.63663 1.57594 3.2
      vertex 2.76768 1.5565 0
      vertex 2.63663 1.57594 0
    endloop
  endfacet
  facet normal 0.24298 -0.970031 0
    outer loop
      vertex 2.50812 4.19187 0
      vertex 2.63663 4.22406 3.2
      vertex 2.50812 4.19187 3.2
    endloop
  endfacet
  facet normal 0.24298 -0.970031 0
    outer loop
      vertex 2.63663 4.22406 3.2
      vertex 2.50812 4.19187 0
      vertex 2.63663 4.22406 0
    endloop
  endfacet
  facet normal 0.998796 -0.0490642 0
    outer loop
      vertex 1.55 2.9 3.2
      vertex 1.5565 3.03232 0
      vertex 1.5565 3.03232 3.2
    endloop
  endfacet
  facet normal 0.998796 -0.0490642 0
    outer loop
      vertex 1.5565 3.03232 0
      vertex 1.55 2.9 3.2
      vertex 1.55 2.9 0
    endloop
  endfacet
  facet normal -0.74094 0.671571 0
    outer loop
      vertex 3.85459 1.94541 0
      vertex 3.94356 2.04357 3.2
      vertex 3.94356 2.04357 0
    endloop
  endfacet
  facet normal -0.74094 0.671571 0
    outer loop
      vertex 3.94356 2.04357 3.2
      vertex 3.85459 1.94541 0
      vertex 3.85459 1.94541 3.2
    endloop
  endfacet
  facet normal -0.903981 -0.427574 0
    outer loop
      vertex 4.14724 3.41662 0
      vertex 4.09059 3.53639 3.2
      vertex 4.09059 3.53639 0
    endloop
  endfacet
  facet normal -0.903981 -0.427574 0
    outer loop
      vertex 4.09059 3.53639 3.2
      vertex 4.14724 3.41662 0
      vertex 4.14724 3.41662 3.2
    endloop
  endfacet
  facet normal 0.146735 -0.989176 0
    outer loop
      vertex 2.63663 4.22406 0
      vertex 2.76768 4.2435 3.2
      vertex 2.63663 4.22406 3.2
    endloop
  endfacet
  facet normal 0.146735 -0.989176 0
    outer loop
      vertex 2.76768 4.2435 3.2
      vertex 2.63663 4.22406 0
      vertex 2.76768 4.2435 0
    endloop
  endfacet
  facet normal 0.903981 -0.427574 0
    outer loop
      vertex 1.65276 3.41662 3.2
      vertex 1.70941 3.53639 0
      vertex 1.70941 3.53639 3.2
    endloop
  endfacet
  facet normal 0.903981 -0.427574 0
    outer loop
      vertex 1.70941 3.53639 0
      vertex 1.65276 3.41662 3.2
      vertex 1.65276 3.41662 0
    endloop
  endfacet
  facet normal 0.336872 -0.94155 0
    outer loop
      vertex 2.38338 4.14724 0
      vertex 2.50812 4.19187 3.2
      vertex 2.38338 4.14724 3.2
    endloop
  endfacet
  facet normal 0.336872 -0.94155 0
    outer loop
      vertex 2.50812 4.19187 3.2
      vertex 2.38338 4.14724 0
      vertex 2.50812 4.19187 0
    endloop
  endfacet
  facet normal -0.514118 -0.857719 0
    outer loop
      vertex 3.53639 4.09059 0
      vertex 3.65002 4.02248 3.2
      vertex 3.53639 4.09059 3.2
    endloop
  endfacet
  facet normal -0.514118 -0.857719 -0
    outer loop
      vertex 3.65002 4.02248 3.2
      vertex 3.53639 4.09059 0
      vertex 3.65002 4.02248 0
    endloop
  endfacet
  facet normal -0.671571 -0.74094 0
    outer loop
      vertex 3.75643 3.94356 0
      vertex 3.85459 3.85459 3.2
      vertex 3.75643 3.94356 3.2
    endloop
  endfacet
  facet normal -0.671571 -0.74094 -0
    outer loop
      vertex 3.85459 3.85459 3.2
      vertex 3.75643 3.94356 0
      vertex 3.85459 3.85459 0
    endloop
  endfacet
  facet normal 0.0490642 0.998796 -0
    outer loop
      vertex 2.9 1.55 0
      vertex 2.76768 1.5565 3.2
      vertex 2.9 1.55 3.2
    endloop
  endfacet
  facet normal 0.0490642 0.998796 0
    outer loop
      vertex 2.76768 1.5565 3.2
      vertex 2.9 1.55 0
      vertex 2.76768 1.5565 0
    endloop
  endfacet
  facet normal 0.94155 0.336872 0
    outer loop
      vertex 1.65276 2.38338 3.2
      vertex 1.60813 2.50812 0
      vertex 1.60813 2.50812 3.2
    endloop
  endfacet
  facet normal 0.94155 0.336872 0
    outer loop
      vertex 1.60813 2.50812 0
      vertex 1.65276 2.38338 3.2
      vertex 1.65276 2.38338 0
    endloop
  endfacet
  facet normal -0.24298 0.970031 0
    outer loop
      vertex 3.29188 1.60813 0
      vertex 3.16337 1.57594 3.2
      vertex 3.29188 1.60813 3.2
    endloop
  endfacet
  facet normal -0.24298 0.970031 0
    outer loop
      vertex 3.16337 1.57594 3.2
      vertex 3.29188 1.60813 0
      vertex 3.16337 1.57594 0
    endloop
  endfacet
  facet normal -0.903967 0.427603 0
    outer loop
      vertex 4.09059 2.26362 0
      vertex 4.14724 2.38338 3.2
      vertex 4.14724 2.38338 0
    endloop
  endfacet
  facet normal -0.903967 0.427603 0
    outer loop
      vertex 4.14724 2.38338 3.2
      vertex 4.09059 2.26362 0
      vertex 4.09059 2.26362 3.2
    endloop
  endfacet
  facet normal -0.427574 0.903981 0
    outer loop
      vertex 3.53639 1.70941 0
      vertex 3.41662 1.65276 3.2
      vertex 3.53639 1.70941 3.2
    endloop
  endfacet
  facet normal -0.427574 0.903981 0
    outer loop
      vertex 3.41662 1.65276 3.2
      vertex 3.53639 1.70941 0
      vertex 3.41662 1.65276 0
    endloop
  endfacet
  facet normal 0.427603 -0.903967 0
    outer loop
      vertex 2.26362 4.09059 0
      vertex 2.38338 4.14724 3.2
      vertex 2.26362 4.09059 3.2
    endloop
  endfacet
  facet normal 0.427603 -0.903967 0
    outer loop
      vertex 2.38338 4.14724 3.2
      vertex 2.26362 4.09059 0
      vertex 2.38338 4.14724 0
    endloop
  endfacet
  facet normal -0.0490642 -0.998796 0
    outer loop
      vertex 2.9 4.25 0
      vertex 3.03232 4.2435 3.2
      vertex 2.9 4.25 3.2
    endloop
  endfacet
  facet normal -0.0490642 -0.998796 -0
    outer loop
      vertex 3.03232 4.2435 3.2
      vertex 2.9 4.25 0
      vertex 3.03232 4.2435 0
    endloop
  endfacet
  facet normal 0.514085 -0.857739 0
    outer loop
      vertex 2.14998 4.02248 0
      vertex 2.26362 4.09059 3.2
      vertex 2.14998 4.02248 3.2
    endloop
  endfacet
  facet normal 0.514085 -0.857739 0
    outer loop
      vertex 2.26362 4.09059 3.2
      vertex 2.14998 4.02248 0
      vertex 2.26362 4.09059 0
    endloop
  endfacet
  facet normal -0.970031 0.24298 0
    outer loop
      vertex 4.19187 2.50812 0
      vertex 4.22406 2.63663 3.2
      vertex 4.22406 2.63663 0
    endloop
  endfacet
  facet normal -0.970031 0.24298 0
    outer loop
      vertex 4.22406 2.63663 3.2
      vertex 4.19187 2.50812 0
      vertex 4.19187 2.50812 3.2
    endloop
  endfacet
  facet normal -0.857719 -0.514118 0
    outer loop
      vertex 4.09059 3.53639 0
      vertex 4.02248 3.65002 3.2
      vertex 4.02248 3.65002 0
    endloop
  endfacet
  facet normal -0.857719 -0.514118 0
    outer loop
      vertex 4.02248 3.65002 3.2
      vertex 4.09059 3.53639 0
      vertex 4.09059 3.53639 3.2
    endloop
  endfacet
  facet normal 0.989176 0.146735 0
    outer loop
      vertex 1.57594 2.63663 3.2
      vertex 1.5565 2.76768 0
      vertex 1.5565 2.76768 3.2
    endloop
  endfacet
  facet normal 0.989176 0.146735 0
    outer loop
      vertex 1.5565 2.76768 0
      vertex 1.57594 2.63663 3.2
      vertex 1.57594 2.63663 0
    endloop
  endfacet
  facet normal 0.595704 -0.803204 0
    outer loop
      vertex 2.04357 3.94356 0
      vertex 2.14998 4.02248 3.2
      vertex 2.04357 3.94356 3.2
    endloop
  endfacet
  facet normal 0.595704 -0.803204 0
    outer loop
      vertex 2.14998 4.02248 3.2
      vertex 2.04357 3.94356 0
      vertex 2.14998 4.02248 0
    endloop
  endfacet
  facet normal -0.0490642 0.998796 0
    outer loop
      vertex 3.03232 1.5565 0
      vertex 2.9 1.55 3.2
      vertex 3.03232 1.5565 3.2
    endloop
  endfacet
  facet normal -0.0490642 0.998796 0
    outer loop
      vertex 2.9 1.55 3.2
      vertex 3.03232 1.5565 0
      vertex 2.9 1.55 0
    endloop
  endfacet
  facet normal 0.970031 0.24298 0
    outer loop
      vertex 1.60813 2.50812 3.2
      vertex 1.57594 2.63663 0
      vertex 1.57594 2.63663 3.2
    endloop
  endfacet
  facet normal 0.970031 0.24298 0
    outer loop
      vertex 1.57594 2.63663 0
      vertex 1.60813 2.50812 3.2
      vertex 1.60813 2.50812 0
    endloop
  endfacet
  facet normal 0.671571 0.74094 -0
    outer loop
      vertex 2.04357 1.85644 0
      vertex 1.94541 1.94541 3.2
      vertex 2.04357 1.85644 3.2
    endloop
  endfacet
  facet normal 0.671571 0.74094 0
    outer loop
      vertex 1.94541 1.94541 3.2
      vertex 2.04357 1.85644 0
      vertex 1.94541 1.94541 0
    endloop
  endfacet
  facet normal 0.671571 -0.74094 0
    outer loop
      vertex 1.94541 3.85459 0
      vertex 2.04357 3.94356 3.2
      vertex 1.94541 3.85459 3.2
    endloop
  endfacet
  facet normal 0.671571 -0.74094 0
    outer loop
      vertex 2.04357 3.94356 3.2
      vertex 1.94541 3.85459 0
      vertex 2.04357 3.94356 0
    endloop
  endfacet
  facet normal 0.857719 -0.514118 0
    outer loop
      vertex 1.70941 3.53639 3.2
      vertex 1.77752 3.65002 0
      vertex 1.77752 3.65002 3.2
    endloop
  endfacet
  facet normal 0.857719 -0.514118 0
    outer loop
      vertex 1.77752 3.65002 0
      vertex 1.70941 3.53639 3.2
      vertex 1.70941 3.53639 0
    endloop
  endfacet
  facet normal 0.514085 0.857739 -0
    outer loop
      vertex 2.26362 1.70941 0
      vertex 2.14998 1.77752 3.2
      vertex 2.26362 1.70941 3.2
    endloop
  endfacet
  facet normal 0.514085 0.857739 0
    outer loop
      vertex 2.14998 1.77752 3.2
      vertex 2.26362 1.70941 0
      vertex 2.14998 1.77752 0
    endloop
  endfacet
  facet normal -0.514118 0.857719 0
    outer loop
      vertex 3.65002 1.77752 0
      vertex 3.53639 1.70941 3.2
      vertex 3.65002 1.77752 3.2
    endloop
  endfacet
  facet normal -0.514118 0.857719 0
    outer loop
      vertex 3.53639 1.70941 3.2
      vertex 3.65002 1.77752 0
      vertex 3.53639 1.70941 0
    endloop
  endfacet
  facet normal 0.989176 -0.146735 0
    outer loop
      vertex 1.5565 3.03232 3.2
      vertex 1.57594 3.16337 0
      vertex 1.57594 3.16337 3.2
    endloop
  endfacet
  facet normal 0.989176 -0.146735 0
    outer loop
      vertex 1.57594 3.16337 0
      vertex 1.5565 3.03232 3.2
      vertex 1.5565 3.03232 0
    endloop
  endfacet
  facet normal -0.74094 -0.671571 0
    outer loop
      vertex 3.94356 3.75643 0
      vertex 3.85459 3.85459 3.2
      vertex 3.85459 3.85459 0
    endloop
  endfacet
  facet normal -0.74094 -0.671571 0
    outer loop
      vertex 3.85459 3.85459 3.2
      vertex 3.94356 3.75643 0
      vertex 3.94356 3.75643 3.2
    endloop
  endfacet
  facet normal 0.94155 -0.336872 0
    outer loop
      vertex 1.60813 3.29188 3.2
      vertex 1.65276 3.41662 0
      vertex 1.65276 3.41662 3.2
    endloop
  endfacet
  facet normal 0.94155 -0.336872 0
    outer loop
      vertex 1.65276 3.41662 0
      vertex 1.60813 3.29188 3.2
      vertex 1.60813 3.29188 0
    endloop
  endfacet
  facet normal -0.857739 0.514085 0
    outer loop
      vertex 4.02248 2.14998 0
      vertex 4.09059 2.26362 3.2
      vertex 4.09059 2.26362 0
    endloop
  endfacet
  facet normal -0.857739 0.514085 0
    outer loop
      vertex 4.09059 2.26362 3.2
      vertex 4.02248 2.14998 0
      vertex 4.02248 2.14998 3.2
    endloop
  endfacet
  facet normal -0.94155 0.336872 0
    outer loop
      vertex 4.14724 2.38338 0
      vertex 4.19187 2.50812 3.2
      vertex 4.19187 2.50812 0
    endloop
  endfacet
  facet normal -0.94155 0.336872 0
    outer loop
      vertex 4.19187 2.50812 3.2
      vertex 4.14724 2.38338 0
      vertex 4.14724 2.38338 3.2
    endloop
  endfacet
  facet normal 0.336872 0.94155 -0
    outer loop
      vertex 2.50812 1.60813 0
      vertex 2.38338 1.65276 3.2
      vertex 2.50812 1.60813 3.2
    endloop
  endfacet
  facet normal 0.336872 0.94155 0
    outer loop
      vertex 2.38338 1.65276 3.2
      vertex 2.50812 1.60813 0
      vertex 2.38338 1.65276 0
    endloop
  endfacet
  facet normal 0.24298 0.970031 -0
    outer loop
      vertex 2.63663 1.57594 0
      vertex 2.50812 1.60813 3.2
      vertex 2.63663 1.57594 3.2
    endloop
  endfacet
  facet normal 0.24298 0.970031 0
    outer loop
      vertex 2.50812 1.60813 3.2
      vertex 2.63663 1.57594 0
      vertex 2.50812 1.60813 0
    endloop
  endfacet
  facet normal 0.803204 -0.595704 0
    outer loop
      vertex 1.77752 3.65002 3.2
      vertex 1.85644 3.75643 0
      vertex 1.85644 3.75643 3.2
    endloop
  endfacet
  facet normal 0.803204 -0.595704 0
    outer loop
      vertex 1.85644 3.75643 0
      vertex 1.77752 3.65002 3.2
      vertex 1.77752 3.65002 0
    endloop
  endfacet
  facet normal 0.427603 0.903967 -0
    outer loop
      vertex 2.38338 1.65276 0
      vertex 2.26362 1.70941 3.2
      vertex 2.38338 1.65276 3.2
    endloop
  endfacet
  facet normal 0.427603 0.903967 0
    outer loop
      vertex 2.26362 1.70941 3.2
      vertex 2.38338 1.65276 0
      vertex 2.26362 1.70941 0
    endloop
  endfacet
  facet normal -0.989184 -0.14668 0
    outer loop
      vertex 4.2435 29.0323 0
      vertex 4.22406 29.1634 3.2
      vertex 4.22406 29.1634 0
    endloop
  endfacet
  facet normal -0.989184 -0.14668 0
    outer loop
      vertex 4.22406 29.1634 3.2
      vertex 4.2435 29.0323 0
      vertex 4.2435 29.0323 3.2
    endloop
  endfacet
  facet normal -0.998795 -0.0490716 0
    outer loop
      vertex 4.25 28.9 0
      vertex 4.2435 29.0323 3.2
      vertex 4.2435 29.0323 0
    endloop
  endfacet
  facet normal -0.998795 -0.0490716 0
    outer loop
      vertex 4.2435 29.0323 3.2
      vertex 4.25 28.9 0
      vertex 4.25 28.9 3.2
    endloop
  endfacet
  facet normal -0.970027 -0.242997 0
    outer loop
      vertex 4.22406 29.1634 0
      vertex 4.19187 29.2919 3.2
      vertex 4.19187 29.2919 0
    endloop
  endfacet
  facet normal -0.970027 -0.242997 0
    outer loop
      vertex 4.19187 29.2919 3.2
      vertex 4.22406 29.1634 0
      vertex 4.22406 29.1634 3.2
    endloop
  endfacet
  facet normal 0.243051 -0.970014 0
    outer loop
      vertex 2.50812 30.1919 0
      vertex 2.63663 30.2241 3.2
      vertex 2.50812 30.1919 3.2
    endloop
  endfacet
  facet normal 0.243051 -0.970014 0
    outer loop
      vertex 2.63663 30.2241 3.2
      vertex 2.50812 30.1919 0
      vertex 2.63663 30.2241 0
    endloop
  endfacet
  facet normal 0.904022 0.427486 0
    outer loop
      vertex 1.70941 28.2636 3.2
      vertex 1.65276 28.3834 0
      vertex 1.65276 28.3834 3.2
    endloop
  endfacet
  facet normal 0.904022 0.427486 0
    outer loop
      vertex 1.65276 28.3834 0
      vertex 1.70941 28.2636 3.2
      vertex 1.70941 28.2636 0
    endloop
  endfacet
  facet normal -0.427265 0.904126 0
    outer loop
      vertex 3.53639 27.7094 0
      vertex 3.41662 27.6528 3.2
      vertex 3.53639 27.7094 3.2
    endloop
  endfacet
  facet normal -0.427265 0.904126 0
    outer loop
      vertex 3.41662 27.6528 3.2
      vertex 3.53639 27.7094 0
      vertex 3.41662 27.6528 0
    endloop
  endfacet
  facet normal 0.243051 0.970014 -0
    outer loop
      vertex 2.63663 27.5759 0
      vertex 2.50812 27.6081 3.2
      vertex 2.63663 27.5759 3.2
    endloop
  endfacet
  facet normal 0.243051 0.970014 0
    outer loop
      vertex 2.50812 27.6081 3.2
      vertex 2.63663 27.5759 0
      vertex 2.50812 27.6081 0
    endloop
  endfacet
  facet normal -0.514063 0.857753 0
    outer loop
      vertex 3.65002 27.7775 0
      vertex 3.53639 27.7094 3.2
      vertex 3.65002 27.7775 3.2
    endloop
  endfacet
  facet normal -0.514063 0.857753 0
    outer loop
      vertex 3.53639 27.7094 3.2
      vertex 3.65002 27.7775 0
      vertex 3.53639 27.7094 0
    endloop
  endfacet
  facet normal 0.33734 0.941383 -0
    outer loop
      vertex 2.50812 27.6081 0
      vertex 2.38338 27.6528 3.2
      vertex 2.50812 27.6081 3.2
    endloop
  endfacet
  facet normal 0.33734 0.941383 0
    outer loop
      vertex 2.38338 27.6528 3.2
      vertex 2.50812 27.6081 0
      vertex 2.38338 27.6528 0
    endloop
  endfacet
  facet normal -0.33734 0.941383 0
    outer loop
      vertex 3.41662 27.6528 0
      vertex 3.29188 27.6081 3.2
      vertex 3.41662 27.6528 3.2
    endloop
  endfacet
  facet normal -0.33734 0.941383 0
    outer loop
      vertex 3.29188 27.6081 3.2
      vertex 3.41662 27.6528 0
      vertex 3.29188 27.6081 0
    endloop
  endfacet
  facet normal 0.671696 -0.740827 0
    outer loop
      vertex 1.94541 29.8546 0
      vertex 2.04357 29.9436 3.2
      vertex 1.94541 29.8546 3.2
    endloop
  endfacet
  facet normal 0.671696 -0.740827 0
    outer loop
      vertex 2.04357 29.9436 3.2
      vertex 1.94541 29.8546 0
      vertex 2.04357 29.9436 0
    endloop
  endfacet
  facet normal -0.243051 0.970014 0
    outer loop
      vertex 3.29188 27.6081 0
      vertex 3.16337 27.5759 3.2
      vertex 3.29188 27.6081 3.2
    endloop
  endfacet
  facet normal -0.243051 0.970014 0
    outer loop
      vertex 3.16337 27.5759 3.2
      vertex 3.29188 27.6081 0
      vertex 3.16337 27.5759 0
    endloop
  endfacet
  facet normal 0.857659 -0.514218 0
    outer loop
      vertex 1.70941 29.5364 3.2
      vertex 1.77752 29.65 0
      vertex 1.77752 29.65 3.2
    endloop
  endfacet
  facet normal 0.857659 -0.514218 0
    outer loop
      vertex 1.77752 29.65 0
      vertex 1.70941 29.5364 3.2
      vertex 1.70941 29.5364 0
    endloop
  endfacet
  facet normal 0.989184 -0.14668 0
    outer loop
      vertex 1.5565 29.0323 3.2
      vertex 1.57594 29.1634 0
      vertex 1.57594 29.1634 3.2
    endloop
  endfacet
  facet normal 0.989184 -0.14668 0
    outer loop
      vertex 1.57594 29.1634 0
      vertex 1.5565 29.0323 3.2
      vertex 1.5565 29.0323 0
    endloop
  endfacet
  facet normal -0.904022 -0.427486 0
    outer loop
      vertex 4.14724 29.4166 0
      vertex 4.09059 29.5364 3.2
      vertex 4.09059 29.5364 0
    endloop
  endfacet
  facet normal -0.904022 -0.427486 0
    outer loop
      vertex 4.09059 29.5364 3.2
      vertex 4.14724 29.4166 0
      vertex 4.14724 29.4166 3.2
    endloop
  endfacet
  facet normal -0.803177 0.59574 0
    outer loop
      vertex 3.94356 28.0436 0
      vertex 4.02248 28.15 3.2
      vertex 4.02248 28.15 0
    endloop
  endfacet
  facet normal -0.803177 0.59574 0
    outer loop
      vertex 4.02248 28.15 3.2
      vertex 3.94356 28.0436 0
      vertex 3.94356 28.0436 3.2
    endloop
  endfacet
  facet normal 0.595607 -0.803276 0
    outer loop
      vertex 2.04357 29.9436 0
      vertex 2.14998 30.0225 3.2
      vertex 2.04357 29.9436 3.2
    endloop
  endfacet
  facet normal 0.595607 -0.803276 0
    outer loop
      vertex 2.14998 30.0225 3.2
      vertex 2.04357 29.9436 0
      vertex 2.14998 30.0225 0
    endloop
  endfacet
  facet normal -0.595607 -0.803276 0
    outer loop
      vertex 3.65002 30.0225 0
      vertex 3.75643 29.9436 3.2
      vertex 3.65002 30.0225 3.2
    endloop
  endfacet
  facet normal -0.595607 -0.803276 -0
    outer loop
      vertex 3.75643 29.9436 3.2
      vertex 3.65002 30.0225 0
      vertex 3.75643 29.9436 0
    endloop
  endfacet
  facet normal -0.146439 -0.98922 0
    outer loop
      vertex 3.03232 30.2435 0
      vertex 3.16337 30.2241 3.2
      vertex 3.03232 30.2435 3.2
    endloop
  endfacet
  facet normal -0.146439 -0.98922 -0
    outer loop
      vertex 3.16337 30.2241 3.2
      vertex 3.03232 30.2435 0
      vertex 3.16337 30.2241 0
    endloop
  endfacet
  facet normal -0.803177 -0.59574 0
    outer loop
      vertex 4.02248 29.65 0
      vertex 3.94356 29.7564 3.2
      vertex 3.94356 29.7564 0
    endloop
  endfacet
  facet normal -0.803177 -0.59574 0
    outer loop
      vertex 3.94356 29.7564 3.2
      vertex 4.02248 29.65 0
      vertex 4.02248 29.65 3.2
    endloop
  endfacet
  facet normal 0.514029 -0.857773 0
    outer loop
      vertex 2.14998 30.0225 0
      vertex 2.26362 30.0906 3.2
      vertex 2.14998 30.0225 3.2
    endloop
  endfacet
  facet normal 0.514029 -0.857773 0
    outer loop
      vertex 2.26362 30.0906 3.2
      vertex 2.14998 30.0225 0
      vertex 2.26362 30.0906 0
    endloop
  endfacet
  facet normal -0.514063 -0.857753 0
    outer loop
      vertex 3.53639 30.0906 0
      vertex 3.65002 30.0225 3.2
      vertex 3.53639 30.0906 3.2
    endloop
  endfacet
  facet normal -0.514063 -0.857753 -0
    outer loop
      vertex 3.65002 30.0225 3.2
      vertex 3.53639 30.0906 0
      vertex 3.65002 30.0225 0
    endloop
  endfacet
  facet normal 0.941516 0.336968 0
    outer loop
      vertex 1.65276 28.3834 3.2
      vertex 1.60813 28.5081 0
      vertex 1.60813 28.5081 3.2
    endloop
  endfacet
  facet normal 0.941516 0.336968 0
    outer loop
      vertex 1.60813 28.5081 0
      vertex 1.65276 28.3834 3.2
      vertex 1.65276 28.3834 0
    endloop
  endfacet
  facet normal -0.998795 0.0490716 0
    outer loop
      vertex 4.2435 28.7677 0
      vertex 4.25 28.9 3.2
      vertex 4.25 28.9 0
    endloop
  endfacet
  facet normal -0.998795 0.0490716 0
    outer loop
      vertex 4.25 28.9 3.2
      vertex 4.2435 28.7677 0
      vertex 4.2435 28.7677 3.2
    endloop
  endfacet
  facet normal 0.427294 -0.904113 0
    outer loop
      vertex 2.26362 30.0906 0
      vertex 2.38338 30.1472 3.2
      vertex 2.26362 30.0906 3.2
    endloop
  endfacet
  facet normal 0.427294 -0.904113 0
    outer loop
      vertex 2.38338 30.1472 3.2
      vertex 2.26362 30.0906 0
      vertex 2.38338 30.1472 0
    endloop
  endfacet
  facet normal -0.904022 0.427486 0
    outer loop
      vertex 4.09059 28.2636 0
      vertex 4.14724 28.3834 3.2
      vertex 4.14724 28.3834 0
    endloop
  endfacet
  facet normal -0.904022 0.427486 0
    outer loop
      vertex 4.14724 28.3834 3.2
      vertex 4.09059 28.2636 0
      vertex 4.09059 28.2636 3.2
    endloop
  endfacet
  facet normal 0.595607 0.803276 -0
    outer loop
      vertex 2.14998 27.7775 0
      vertex 2.04357 27.8564 3.2
      vertex 2.14998 27.7775 3.2
    endloop
  endfacet
  facet normal 0.595607 0.803276 0
    outer loop
      vertex 2.04357 27.8564 3.2
      vertex 2.14998 27.7775 0
      vertex 2.04357 27.8564 0
    endloop
  endfacet
  facet normal 0.803177 -0.59574 0
    outer loop
      vertex 1.77752 29.65 3.2
      vertex 1.85644 29.7564 0
      vertex 1.85644 29.7564 3.2
    endloop
  endfacet
  facet normal 0.803177 -0.59574 0
    outer loop
      vertex 1.85644 29.7564 0
      vertex 1.77752 29.65 3.2
      vertex 1.77752 29.65 0
    endloop
  endfacet
  facet normal 0.941516 -0.336968 0
    outer loop
      vertex 1.60813 29.2919 3.2
      vertex 1.65276 29.4166 0
      vertex 1.65276 29.4166 3.2
    endloop
  endfacet
  facet normal 0.941516 -0.336968 0
    outer loop
      vertex 1.65276 29.4166 0
      vertex 1.60813 29.2919 3.2
      vertex 1.60813 29.2919 0
    endloop
  endfacet
  facet normal -0.941516 -0.336968 0
    outer loop
      vertex 4.19187 29.2919 0
      vertex 4.14724 29.4166 3.2
      vertex 4.14724 29.4166 0
    endloop
  endfacet
  facet normal -0.941516 -0.336968 0
    outer loop
      vertex 4.14724 29.4166 3.2
      vertex 4.19187 29.2919 0
      vertex 4.19187 29.2919 3.2
    endloop
  endfacet
  facet normal -0.857659 -0.514218 0
    outer loop
      vertex 4.09059 29.5364 0
      vertex 4.02248 29.65 3.2
      vertex 4.02248 29.65 0
    endloop
  endfacet
  facet normal -0.857659 -0.514218 0
    outer loop
      vertex 4.02248 29.65 3.2
      vertex 4.09059 29.5364 0
      vertex 4.09059 29.5364 3.2
    endloop
  endfacet
  facet normal -0.970027 0.242997 0
    outer loop
      vertex 4.19187 28.5081 0
      vertex 4.22406 28.6366 3.2
      vertex 4.22406 28.6366 0
    endloop
  endfacet
  facet normal -0.970027 0.242997 0
    outer loop
      vertex 4.22406 28.6366 3.2
      vertex 4.19187 28.5081 0
      vertex 4.19187 28.5081 3.2
    endloop
  endfacet
  facet normal -0.989184 0.14668 0
    outer loop
      vertex 4.22406 28.6366 0
      vertex 4.2435 28.7677 3.2
      vertex 4.2435 28.7677 0
    endloop
  endfacet
  facet normal -0.989184 0.14668 0
    outer loop
      vertex 4.2435 28.7677 3.2
      vertex 4.22406 28.6366 0
      vertex 4.22406 28.6366 3.2
    endloop
  endfacet
  facet normal 0.514029 0.857773 -0
    outer loop
      vertex 2.26362 27.7094 0
      vertex 2.14998 27.7775 3.2
      vertex 2.26362 27.7094 3.2
    endloop
  endfacet
  facet normal 0.514029 0.857773 0
    outer loop
      vertex 2.14998 27.7775 3.2
      vertex 2.26362 27.7094 0
      vertex 2.14998 27.7775 0
    endloop
  endfacet
  facet normal -0.33734 -0.941383 0
    outer loop
      vertex 3.29188 30.1919 0
      vertex 3.41662 30.1472 3.2
      vertex 3.29188 30.1919 3.2
    endloop
  endfacet
  facet normal -0.33734 -0.941383 -0
    outer loop
      vertex 3.41662 30.1472 3.2
      vertex 3.29188 30.1919 0
      vertex 3.41662 30.1472 0
    endloop
  endfacet
  facet normal 0.33734 -0.941383 0
    outer loop
      vertex 2.38338 30.1472 0
      vertex 2.50812 30.1919 3.2
      vertex 2.38338 30.1472 3.2
    endloop
  endfacet
  facet normal 0.33734 -0.941383 0
    outer loop
      vertex 2.50812 30.1919 3.2
      vertex 2.38338 30.1472 0
      vertex 2.50812 30.1919 0
    endloop
  endfacet
  facet normal -0.146439 0.98922 0
    outer loop
      vertex 3.16337 27.5759 0
      vertex 3.03232 27.5565 3.2
      vertex 3.16337 27.5759 3.2
    endloop
  endfacet
  facet normal -0.146439 0.98922 0
    outer loop
      vertex 3.03232 27.5565 3.2
      vertex 3.16337 27.5759 0
      vertex 3.03232 27.5565 0
    endloop
  endfacet
  facet normal -0.857659 0.514218 0
    outer loop
      vertex 4.02248 28.15 0
      vertex 4.09059 28.2636 3.2
      vertex 4.09059 28.2636 0
    endloop
  endfacet
  facet normal -0.857659 0.514218 0
    outer loop
      vertex 4.09059 28.2636 3.2
      vertex 4.02248 28.15 0
      vertex 4.02248 28.15 3.2
    endloop
  endfacet
  facet normal 0.0490642 -0.998796 0
    outer loop
      vertex 2.76768 30.2435 0
      vertex 2.9 30.25 3.2
      vertex 2.76768 30.2435 3.2
    endloop
  endfacet
  facet normal 0.0490642 -0.998796 0
    outer loop
      vertex 2.9 30.25 3.2
      vertex 2.76768 30.2435 0
      vertex 2.9 30.25 0
    endloop
  endfacet
  facet normal 0.998795 0.0490716 0
    outer loop
      vertex 1.5565 28.7677 3.2
      vertex 1.55 28.9 0
      vertex 1.55 28.9 3.2
    endloop
  endfacet
  facet normal 0.998795 0.0490716 0
    outer loop
      vertex 1.55 28.9 0
      vertex 1.5565 28.7677 3.2
      vertex 1.5565 28.7677 0
    endloop
  endfacet
  facet normal -0.941516 0.336968 0
    outer loop
      vertex 4.14724 28.3834 0
      vertex 4.19187 28.5081 3.2
      vertex 4.19187 28.5081 0
    endloop
  endfacet
  facet normal -0.941516 0.336968 0
    outer loop
      vertex 4.19187 28.5081 3.2
      vertex 4.14724 28.3834 0
      vertex 4.14724 28.3834 3.2
    endloop
  endfacet
  facet normal -0.427265 -0.904126 0
    outer loop
      vertex 3.41662 30.1472 0
      vertex 3.53639 30.0906 3.2
      vertex 3.41662 30.1472 3.2
    endloop
  endfacet
  facet normal -0.427265 -0.904126 -0
    outer loop
      vertex 3.53639 30.0906 3.2
      vertex 3.41662 30.1472 0
      vertex 3.53639 30.0906 0
    endloop
  endfacet
  facet normal -0.741076 -0.671421 0
    outer loop
      vertex 3.94356 29.7564 0
      vertex 3.85459 29.8546 3.2
      vertex 3.85459 29.8546 0
    endloop
  endfacet
  facet normal -0.741076 -0.671421 0
    outer loop
      vertex 3.85459 29.8546 3.2
      vertex 3.94356 29.7564 0
      vertex 3.94356 29.7564 3.2
    endloop
  endfacet
  facet normal -0.0490642 -0.998796 0
    outer loop
      vertex 2.9 30.25 0
      vertex 3.03232 30.2435 3.2
      vertex 2.9 30.25 3.2
    endloop
  endfacet
  facet normal -0.0490642 -0.998796 -0
    outer loop
      vertex 3.03232 30.2435 3.2
      vertex 2.9 30.25 0
      vertex 3.03232 30.2435 0
    endloop
  endfacet
  facet normal 0.857659 0.514218 0
    outer loop
      vertex 1.77752 28.15 3.2
      vertex 1.70941 28.2636 0
      vertex 1.70941 28.2636 3.2
    endloop
  endfacet
  facet normal 0.857659 0.514218 0
    outer loop
      vertex 1.70941 28.2636 0
      vertex 1.77752 28.15 3.2
      vertex 1.77752 28.15 0
    endloop
  endfacet
  facet normal 0.146439 0.98922 -0
    outer loop
      vertex 2.76768 27.5565 0
      vertex 2.63663 27.5759 3.2
      vertex 2.76768 27.5565 3.2
    endloop
  endfacet
  facet normal 0.146439 0.98922 0
    outer loop
      vertex 2.63663 27.5759 3.2
      vertex 2.76768 27.5565 0
      vertex 2.63663 27.5759 0
    endloop
  endfacet
  facet normal -0.671696 0.740827 0
    outer loop
      vertex 3.85459 27.9454 0
      vertex 3.75643 27.8564 3.2
      vertex 3.85459 27.9454 3.2
    endloop
  endfacet
  facet normal -0.671696 0.740827 0
    outer loop
      vertex 3.75643 27.8564 3.2
      vertex 3.85459 27.9454 0
      vertex 3.75643 27.8564 0
    endloop
  endfacet
  facet normal 0.0490642 0.998796 -0
    outer loop
      vertex 2.9 27.55 0
      vertex 2.76768 27.5565 3.2
      vertex 2.9 27.55 3.2
    endloop
  endfacet
  facet normal 0.0490642 0.998796 0
    outer loop
      vertex 2.76768 27.5565 3.2
      vertex 2.9 27.55 0
      vertex 2.76768 27.5565 0
    endloop
  endfacet
  facet normal 0.741076 -0.671421 0
    outer loop
      vertex 1.85644 29.7564 3.2
      vertex 1.94541 29.8546 0
      vertex 1.94541 29.8546 3.2
    endloop
  endfacet
  facet normal 0.741076 -0.671421 0
    outer loop
      vertex 1.94541 29.8546 0
      vertex 1.85644 29.7564 3.2
      vertex 1.85644 29.7564 0
    endloop
  endfacet
  facet normal -0.671696 -0.740827 0
    outer loop
      vertex 3.75643 29.9436 0
      vertex 3.85459 29.8546 3.2
      vertex 3.75643 29.9436 3.2
    endloop
  endfacet
  facet normal -0.671696 -0.740827 -0
    outer loop
      vertex 3.85459 29.8546 3.2
      vertex 3.75643 29.9436 0
      vertex 3.85459 29.8546 0
    endloop
  endfacet
  facet normal 0.146439 -0.98922 0
    outer loop
      vertex 2.63663 30.2241 0
      vertex 2.76768 30.2435 3.2
      vertex 2.63663 30.2241 3.2
    endloop
  endfacet
  facet normal 0.146439 -0.98922 0
    outer loop
      vertex 2.76768 30.2435 3.2
      vertex 2.63663 30.2241 0
      vertex 2.76768 30.2435 0
    endloop
  endfacet
  facet normal 0.904022 -0.427486 0
    outer loop
      vertex 1.65276 29.4166 3.2
      vertex 1.70941 29.5364 0
      vertex 1.70941 29.5364 3.2
    endloop
  endfacet
  facet normal 0.904022 -0.427486 0
    outer loop
      vertex 1.70941 29.5364 0
      vertex 1.65276 29.4166 3.2
      vertex 1.65276 29.4166 0
    endloop
  endfacet
  facet normal 0.671696 0.740827 -0
    outer loop
      vertex 2.04357 27.8564 0
      vertex 1.94541 27.9454 3.2
      vertex 2.04357 27.8564 3.2
    endloop
  endfacet
  facet normal 0.671696 0.740827 0
    outer loop
      vertex 1.94541 27.9454 3.2
      vertex 2.04357 27.8564 0
      vertex 1.94541 27.9454 0
    endloop
  endfacet
  facet normal 0.970027 -0.242997 0
    outer loop
      vertex 1.57594 29.1634 3.2
      vertex 1.60813 29.2919 0
      vertex 1.60813 29.2919 3.2
    endloop
  endfacet
  facet normal 0.970027 -0.242997 0
    outer loop
      vertex 1.60813 29.2919 0
      vertex 1.57594 29.1634 3.2
      vertex 1.57594 29.1634 0
    endloop
  endfacet
  facet normal -0.243051 -0.970014 0
    outer loop
      vertex 3.16337 30.2241 0
      vertex 3.29188 30.1919 3.2
      vertex 3.16337 30.2241 3.2
    endloop
  endfacet
  facet normal -0.243051 -0.970014 -0
    outer loop
      vertex 3.29188 30.1919 3.2
      vertex 3.16337 30.2241 0
      vertex 3.29188 30.1919 0
    endloop
  endfacet
  facet normal 0.970027 0.242997 0
    outer loop
      vertex 1.60813 28.5081 3.2
      vertex 1.57594 28.6366 0
      vertex 1.57594 28.6366 3.2
    endloop
  endfacet
  facet normal 0.970027 0.242997 0
    outer loop
      vertex 1.57594 28.6366 0
      vertex 1.60813 28.5081 3.2
      vertex 1.60813 28.5081 0
    endloop
  endfacet
  facet normal 0.427294 0.904113 -0
    outer loop
      vertex 2.38338 27.6528 0
      vertex 2.26362 27.7094 3.2
      vertex 2.38338 27.6528 3.2
    endloop
  endfacet
  facet normal 0.427294 0.904113 0
    outer loop
      vertex 2.26362 27.7094 3.2
      vertex 2.38338 27.6528 0
      vertex 2.26362 27.7094 0
    endloop
  endfacet
  facet normal 0.741076 0.671421 0
    outer loop
      vertex 1.94541 27.9454 3.2
      vertex 1.85644 28.0436 0
      vertex 1.85644 28.0436 3.2
    endloop
  endfacet
  facet normal 0.741076 0.671421 0
    outer loop
      vertex 1.85644 28.0436 0
      vertex 1.94541 27.9454 3.2
      vertex 1.94541 27.9454 0
    endloop
  endfacet
  facet normal -0.0490642 0.998796 0
    outer loop
      vertex 3.03232 27.5565 0
      vertex 2.9 27.55 3.2
      vertex 3.03232 27.5565 3.2
    endloop
  endfacet
  facet normal -0.0490642 0.998796 0
    outer loop
      vertex 2.9 27.55 3.2
      vertex 3.03232 27.5565 0
      vertex 2.9 27.55 0
    endloop
  endfacet
  facet normal 0.989184 0.14668 0
    outer loop
      vertex 1.57594 28.6366 3.2
      vertex 1.5565 28.7677 0
      vertex 1.5565 28.7677 3.2
    endloop
  endfacet
  facet normal 0.989184 0.14668 0
    outer loop
      vertex 1.5565 28.7677 0
      vertex 1.57594 28.6366 3.2
      vertex 1.57594 28.6366 0
    endloop
  endfacet
  facet normal -0.595607 0.803276 0
    outer loop
      vertex 3.75643 27.8564 0
      vertex 3.65002 27.7775 3.2
      vertex 3.75643 27.8564 3.2
    endloop
  endfacet
  facet normal -0.595607 0.803276 0
    outer loop
      vertex 3.65002 27.7775 3.2
      vertex 3.75643 27.8564 0
      vertex 3.65002 27.7775 0
    endloop
  endfacet
  facet normal 0.803177 0.59574 0
    outer loop
      vertex 1.85644 28.0436 3.2
      vertex 1.77752 28.15 0
      vertex 1.77752 28.15 3.2
    endloop
  endfacet
  facet normal 0.803177 0.59574 0
    outer loop
      vertex 1.77752 28.15 0
      vertex 1.85644 28.0436 3.2
      vertex 1.85644 28.0436 0
    endloop
  endfacet
  facet normal 0.998795 -0.0490716 0
    outer loop
      vertex 1.55 28.9 3.2
      vertex 1.5565 29.0323 0
      vertex 1.5565 29.0323 3.2
    endloop
  endfacet
  facet normal 0.998795 -0.0490716 0
    outer loop
      vertex 1.5565 29.0323 0
      vertex 1.55 28.9 3.2
      vertex 1.55 28.9 0
    endloop
  endfacet
  facet normal -0.741076 0.671421 0
    outer loop
      vertex 3.85459 27.9454 0
      vertex 3.94356 28.0436 3.2
      vertex 3.94356 28.0436 0
    endloop
  endfacet
  facet normal -0.741076 0.671421 0
    outer loop
      vertex 3.94356 28.0436 3.2
      vertex 3.85459 27.9454 0
      vertex 3.85459 27.9454 3.2
    endloop
  endfacet
  facet normal -0.98922 -0.146439 0
    outer loop
      vertex 38.2435 3.03232 0
      vertex 38.2241 3.16337 3.2
      vertex 38.2241 3.16337 0
    endloop
  endfacet
  facet normal -0.98922 -0.146439 0
    outer loop
      vertex 38.2241 3.16337 3.2
      vertex 38.2435 3.03232 0
      vertex 38.2435 3.03232 3.2
    endloop
  endfacet
  facet normal -0.998796 -0.0490642 0
    outer loop
      vertex 38.25 2.9 0
      vertex 38.2435 3.03232 3.2
      vertex 38.2435 3.03232 0
    endloop
  endfacet
  facet normal -0.998796 -0.0490642 0
    outer loop
      vertex 38.2435 3.03232 3.2
      vertex 38.25 2.9 0
      vertex 38.25 2.9 3.2
    endloop
  endfacet
  facet normal -0.970014 -0.243051 0
    outer loop
      vertex 38.2241 3.16337 0
      vertex 38.1919 3.29188 3.2
      vertex 38.1919 3.29188 0
    endloop
  endfacet
  facet normal -0.970014 -0.243051 0
    outer loop
      vertex 38.1919 3.29188 3.2
      vertex 38.2241 3.16337 0
      vertex 38.2241 3.16337 3.2
    endloop
  endfacet
  facet normal -0.336968 -0.941516 0
    outer loop
      vertex 37.2919 4.19187 0
      vertex 37.4166 4.14724 3.2
      vertex 37.2919 4.19187 3.2
    endloop
  endfacet
  facet normal -0.336968 -0.941516 -0
    outer loop
      vertex 37.4166 4.14724 3.2
      vertex 37.2919 4.19187 0
      vertex 37.4166 4.14724 0
    endloop
  endfacet
  facet normal -0.98922 0.146439 0
    outer loop
      vertex 38.2241 2.63663 0
      vertex 38.2435 2.76768 3.2
      vertex 38.2435 2.76768 0
    endloop
  endfacet
  facet normal -0.98922 0.146439 0
    outer loop
      vertex 38.2435 2.76768 3.2
      vertex 38.2241 2.63663 0
      vertex 38.2241 2.63663 3.2
    endloop
  endfacet
  facet normal -0.803276 -0.595607 0
    outer loop
      vertex 38.0225 3.65002 0
      vertex 37.9436 3.75643 3.2
      vertex 37.9436 3.75643 0
    endloop
  endfacet
  facet normal -0.803276 -0.595607 0
    outer loop
      vertex 37.9436 3.75643 3.2
      vertex 38.0225 3.65002 0
      vertex 38.0225 3.65002 3.2
    endloop
  endfacet
  facet normal -0.59574 -0.803177 0
    outer loop
      vertex 37.65 4.02248 0
      vertex 37.7564 3.94356 3.2
      vertex 37.65 4.02248 3.2
    endloop
  endfacet
  facet normal -0.59574 -0.803177 -0
    outer loop
      vertex 37.7564 3.94356 3.2
      vertex 37.65 4.02248 0
      vertex 37.7564 3.94356 0
    endloop
  endfacet
  facet normal -0.998796 0.0490642 0
    outer loop
      vertex 38.2435 2.76768 0
      vertex 38.25 2.9 3.2
      vertex 38.25 2.9 0
    endloop
  endfacet
  facet normal -0.998796 0.0490642 0
    outer loop
      vertex 38.25 2.9 3.2
      vertex 38.2435 2.76768 0
      vertex 38.2435 2.76768 3.2
    endloop
  endfacet
  facet normal -0.242997 -0.970027 0
    outer loop
      vertex 37.1634 4.22406 0
      vertex 37.2919 4.19187 3.2
      vertex 37.1634 4.22406 3.2
    endloop
  endfacet
  facet normal -0.242997 -0.970027 -0
    outer loop
      vertex 37.2919 4.19187 3.2
      vertex 37.1634 4.22406 0
      vertex 37.2919 4.19187 0
    endloop
  endfacet
  facet normal 0.970014 -0.243051 0
    outer loop
      vertex 35.5759 3.16337 3.2
      vertex 35.6081 3.29188 0
      vertex 35.6081 3.29188 3.2
    endloop
  endfacet
  facet normal 0.970014 -0.243051 0
    outer loop
      vertex 35.6081 3.29188 0
      vertex 35.5759 3.16337 3.2
      vertex 35.5759 3.16337 0
    endloop
  endfacet
  facet normal 0.740827 -0.671696 0
    outer loop
      vertex 35.8564 3.75643 3.2
      vertex 35.9454 3.85459 0
      vertex 35.9454 3.85459 3.2
    endloop
  endfacet
  facet normal 0.740827 -0.671696 0
    outer loop
      vertex 35.9454 3.85459 0
      vertex 35.8564 3.75643 3.2
      vertex 35.8564 3.75643 0
    endloop
  endfacet
  facet normal -0.427486 -0.904022 0
    outer loop
      vertex 37.4166 4.14724 0
      vertex 37.5364 4.09059 3.2
      vertex 37.4166 4.14724 3.2
    endloop
  endfacet
  facet normal -0.427486 -0.904022 -0
    outer loop
      vertex 37.5364 4.09059 3.2
      vertex 37.4166 4.14724 0
      vertex 37.5364 4.09059 0
    endloop
  endfacet
  facet normal 0.904113 0.427294 0
    outer loop
      vertex 35.7094 2.26362 3.2
      vertex 35.6528 2.38338 0
      vertex 35.6528 2.38338 3.2
    endloop
  endfacet
  facet normal 0.904113 0.427294 0
    outer loop
      vertex 35.6528 2.38338 0
      vertex 35.7094 2.26362 3.2
      vertex 35.7094 2.26362 0
    endloop
  endfacet
  facet normal -0.671421 0.741076 0
    outer loop
      vertex 37.8546 1.94541 0
      vertex 37.7564 1.85644 3.2
      vertex 37.8546 1.94541 3.2
    endloop
  endfacet
  facet normal -0.671421 0.741076 0
    outer loop
      vertex 37.7564 1.85644 3.2
      vertex 37.8546 1.94541 0
      vertex 37.7564 1.85644 0
    endloop
  endfacet
  facet normal 0.59574 0.803177 -0
    outer loop
      vertex 36.15 1.77752 0
      vertex 36.0436 1.85644 3.2
      vertex 36.15 1.77752 3.2
    endloop
  endfacet
  facet normal 0.59574 0.803177 0
    outer loop
      vertex 36.0436 1.85644 3.2
      vertex 36.15 1.77752 0
      vertex 36.0436 1.85644 0
    endloop
  endfacet
  facet normal -0.941383 -0.33734 0
    outer loop
      vertex 38.1919 3.29188 0
      vertex 38.1472 3.41662 3.2
      vertex 38.1472 3.41662 0
    endloop
  endfacet
  facet normal -0.941383 -0.33734 0
    outer loop
      vertex 38.1472 3.41662 3.2
      vertex 38.1919 3.29188 0
      vertex 38.1919 3.29188 3.2
    endloop
  endfacet
  facet normal 0.803276 0.595607 0
    outer loop
      vertex 35.8564 2.04357 3.2
      vertex 35.7775 2.14998 0
      vertex 35.7775 2.14998 3.2
    endloop
  endfacet
  facet normal 0.803276 0.595607 0
    outer loop
      vertex 35.7775 2.14998 0
      vertex 35.8564 2.04357 3.2
      vertex 35.8564 2.04357 0
    endloop
  endfacet
  facet normal 0.998796 0.0490642 0
    outer loop
      vertex 35.5565 2.76768 3.2
      vertex 35.55 2.9 0
      vertex 35.55 2.9 3.2
    endloop
  endfacet
  facet normal 0.998796 0.0490642 0
    outer loop
      vertex 35.55 2.9 0
      vertex 35.5565 2.76768 3.2
      vertex 35.5565 2.76768 0
    endloop
  endfacet
  facet normal -0.336968 0.941516 0
    outer loop
      vertex 37.4166 1.65276 0
      vertex 37.2919 1.60813 3.2
      vertex 37.4166 1.65276 3.2
    endloop
  endfacet
  facet normal -0.336968 0.941516 0
    outer loop
      vertex 37.2919 1.60813 3.2
      vertex 37.4166 1.65276 0
      vertex 37.2919 1.60813 0
    endloop
  endfacet
  facet normal 0.0490716 -0.998795 0
    outer loop
      vertex 36.7677 4.2435 0
      vertex 36.9 4.25 3.2
      vertex 36.7677 4.2435 3.2
    endloop
  endfacet
  facet normal 0.0490716 -0.998795 0
    outer loop
      vertex 36.9 4.25 3.2
      vertex 36.7677 4.2435 0
      vertex 36.9 4.25 0
    endloop
  endfacet
  facet normal -0.59574 0.803177 0
    outer loop
      vertex 37.7564 1.85644 0
      vertex 37.65 1.77752 3.2
      vertex 37.7564 1.85644 3.2
    endloop
  endfacet
  facet normal -0.59574 0.803177 0
    outer loop
      vertex 37.65 1.77752 3.2
      vertex 37.7564 1.85644 0
      vertex 37.65 1.77752 0
    endloop
  endfacet
  facet normal 0.740827 0.671696 0
    outer loop
      vertex 35.9454 1.94541 3.2
      vertex 35.8564 2.04357 0
      vertex 35.8564 2.04357 3.2
    endloop
  endfacet
  facet normal 0.740827 0.671696 0
    outer loop
      vertex 35.8564 2.04357 0
      vertex 35.9454 1.94541 3.2
      vertex 35.9454 1.94541 0
    endloop
  endfacet
  facet normal -0.803276 0.595607 0
    outer loop
      vertex 37.9436 2.04357 0
      vertex 38.0225 2.14998 3.2
      vertex 38.0225 2.14998 0
    endloop
  endfacet
  facet normal -0.803276 0.595607 0
    outer loop
      vertex 38.0225 2.14998 3.2
      vertex 37.9436 2.04357 0
      vertex 37.9436 2.04357 3.2
    endloop
  endfacet
  facet normal 0.857773 0.514029 0
    outer loop
      vertex 35.7775 2.14998 3.2
      vertex 35.7094 2.26362 0
      vertex 35.7094 2.26362 3.2
    endloop
  endfacet
  facet normal 0.857773 0.514029 0
    outer loop
      vertex 35.7094 2.26362 0
      vertex 35.7775 2.14998 3.2
      vertex 35.7775 2.14998 0
    endloop
  endfacet
  facet normal -0.14668 -0.989184 0
    outer loop
      vertex 37.0323 4.2435 0
      vertex 37.1634 4.22406 3.2
      vertex 37.0323 4.2435 3.2
    endloop
  endfacet
  facet normal -0.14668 -0.989184 -0
    outer loop
      vertex 37.1634 4.22406 3.2
      vertex 37.0323 4.2435 0
      vertex 37.1634 4.22406 0
    endloop
  endfacet
  facet normal -0.14668 0.989184 0
    outer loop
      vertex 37.1634 1.57594 0
      vertex 37.0323 1.5565 3.2
      vertex 37.1634 1.57594 3.2
    endloop
  endfacet
  facet normal -0.14668 0.989184 0
    outer loop
      vertex 37.0323 1.5565 3.2
      vertex 37.1634 1.57594 0
      vertex 37.0323 1.5565 0
    endloop
  endfacet
  facet normal 0.14668 0.989184 -0
    outer loop
      vertex 36.7677 1.5565 0
      vertex 36.6366 1.57594 3.2
      vertex 36.7677 1.5565 3.2
    endloop
  endfacet
  facet normal 0.14668 0.989184 0
    outer loop
      vertex 36.6366 1.57594 3.2
      vertex 36.7677 1.5565 0
      vertex 36.6366 1.57594 0
    endloop
  endfacet
  facet normal 0.242997 -0.970027 0
    outer loop
      vertex 36.5081 4.19187 0
      vertex 36.6366 4.22406 3.2
      vertex 36.5081 4.19187 3.2
    endloop
  endfacet
  facet normal 0.242997 -0.970027 0
    outer loop
      vertex 36.6366 4.22406 3.2
      vertex 36.5081 4.19187 0
      vertex 36.6366 4.22406 0
    endloop
  endfacet
  facet normal 0.998796 -0.0490642 0
    outer loop
      vertex 35.55 2.9 3.2
      vertex 35.5565 3.03232 0
      vertex 35.5565 3.03232 3.2
    endloop
  endfacet
  facet normal 0.998796 -0.0490642 0
    outer loop
      vertex 35.5565 3.03232 0
      vertex 35.55 2.9 3.2
      vertex 35.55 2.9 0
    endloop
  endfacet
  facet normal -0.740827 0.671696 0
    outer loop
      vertex 37.8546 1.94541 0
      vertex 37.9436 2.04357 3.2
      vertex 37.9436 2.04357 0
    endloop
  endfacet
  facet normal -0.740827 0.671696 0
    outer loop
      vertex 37.9436 2.04357 3.2
      vertex 37.8546 1.94541 0
      vertex 37.8546 1.94541 3.2
    endloop
  endfacet
  facet normal -0.904126 -0.427265 0
    outer loop
      vertex 38.1472 3.41662 0
      vertex 38.0906 3.53639 3.2
      vertex 38.0906 3.53639 0
    endloop
  endfacet
  facet normal -0.904126 -0.427265 0
    outer loop
      vertex 38.0906 3.53639 3.2
      vertex 38.1472 3.41662 0
      vertex 38.1472 3.41662 3.2
    endloop
  endfacet
  facet normal 0.14668 -0.989184 0
    outer loop
      vertex 36.6366 4.22406 0
      vertex 36.7677 4.2435 3.2
      vertex 36.6366 4.22406 3.2
    endloop
  endfacet
  facet normal 0.14668 -0.989184 0
    outer loop
      vertex 36.7677 4.2435 3.2
      vertex 36.6366 4.22406 0
      vertex 36.7677 4.2435 0
    endloop
  endfacet
  facet normal 0.904126 -0.427265 0
    outer loop
      vertex 35.6528 3.41662 3.2
      vertex 35.7094 3.53639 0
      vertex 35.7094 3.53639 3.2
    endloop
  endfacet
  facet normal 0.904126 -0.427265 0
    outer loop
      vertex 35.7094 3.53639 0
      vertex 35.6528 3.41662 3.2
      vertex 35.6528 3.41662 0
    endloop
  endfacet
  facet normal 0.336968 -0.941516 0
    outer loop
      vertex 36.3834 4.14724 0
      vertex 36.5081 4.19187 3.2
      vertex 36.3834 4.14724 3.2
    endloop
  endfacet
  facet normal 0.336968 -0.941516 0
    outer loop
      vertex 36.5081 4.19187 3.2
      vertex 36.3834 4.14724 0
      vertex 36.5081 4.19187 0
    endloop
  endfacet
  facet normal -0.514218 -0.857659 0
    outer loop
      vertex 37.5364 4.09059 0
      vertex 37.65 4.02248 3.2
      vertex 37.5364 4.09059 3.2
    endloop
  endfacet
  facet normal -0.514218 -0.857659 -0
    outer loop
      vertex 37.65 4.02248 3.2
      vertex 37.5364 4.09059 0
      vertex 37.65 4.02248 0
    endloop
  endfacet
  facet normal -0.671421 -0.741076 0
    outer loop
      vertex 37.7564 3.94356 0
      vertex 37.8546 3.85459 3.2
      vertex 37.7564 3.94356 3.2
    endloop
  endfacet
  facet normal -0.671421 -0.741076 -0
    outer loop
      vertex 37.8546 3.85459 3.2
      vertex 37.7564 3.94356 0
      vertex 37.8546 3.85459 0
    endloop
  endfacet
  facet normal 0.0490716 0.998795 -0
    outer loop
      vertex 36.9 1.55 0
      vertex 36.7677 1.5565 3.2
      vertex 36.9 1.55 3.2
    endloop
  endfacet
  facet normal 0.0490716 0.998795 0
    outer loop
      vertex 36.7677 1.5565 3.2
      vertex 36.9 1.55 0
      vertex 36.7677 1.5565 0
    endloop
  endfacet
  facet normal 0.941383 0.33734 0
    outer loop
      vertex 35.6528 2.38338 3.2
      vertex 35.6081 2.50812 0
      vertex 35.6081 2.50812 3.2
    endloop
  endfacet
  facet normal 0.941383 0.33734 0
    outer loop
      vertex 35.6081 2.50812 0
      vertex 35.6528 2.38338 3.2
      vertex 35.6528 2.38338 0
    endloop
  endfacet
  facet normal -0.242997 0.970027 0
    outer loop
      vertex 37.2919 1.60813 0
      vertex 37.1634 1.57594 3.2
      vertex 37.2919 1.60813 3.2
    endloop
  endfacet
  facet normal -0.242997 0.970027 0
    outer loop
      vertex 37.1634 1.57594 3.2
      vertex 37.2919 1.60813 0
      vertex 37.1634 1.57594 0
    endloop
  endfacet
  facet normal -0.904113 0.427294 0
    outer loop
      vertex 38.0906 2.26362 0
      vertex 38.1472 2.38338 3.2
      vertex 38.1472 2.38338 0
    endloop
  endfacet
  facet normal -0.904113 0.427294 0
    outer loop
      vertex 38.1472 2.38338 3.2
      vertex 38.0906 2.26362 0
      vertex 38.0906 2.26362 3.2
    endloop
  endfacet
  facet normal -0.427486 0.904022 0
    outer loop
      vertex 37.5364 1.70941 0
      vertex 37.4166 1.65276 3.2
      vertex 37.5364 1.70941 3.2
    endloop
  endfacet
  facet normal -0.427486 0.904022 0
    outer loop
      vertex 37.4166 1.65276 3.2
      vertex 37.5364 1.70941 0
      vertex 37.4166 1.65276 0
    endloop
  endfacet
  facet normal 0.427486 -0.904022 0
    outer loop
      vertex 36.2636 4.09059 0
      vertex 36.3834 4.14724 3.2
      vertex 36.2636 4.09059 3.2
    endloop
  endfacet
  facet normal 0.427486 -0.904022 0
    outer loop
      vertex 36.3834 4.14724 3.2
      vertex 36.2636 4.09059 0
      vertex 36.3834 4.14724 0
    endloop
  endfacet
  facet normal -0.0490716 -0.998795 0
    outer loop
      vertex 36.9 4.25 0
      vertex 37.0323 4.2435 3.2
      vertex 36.9 4.25 3.2
    endloop
  endfacet
  facet normal -0.0490716 -0.998795 -0
    outer loop
      vertex 37.0323 4.2435 3.2
      vertex 36.9 4.25 0
      vertex 37.0323 4.2435 0
    endloop
  endfacet
  facet normal 0.514218 -0.857659 0
    outer loop
      vertex 36.15 4.02248 0
      vertex 36.2636 4.09059 3.2
      vertex 36.15 4.02248 3.2
    endloop
  endfacet
  facet normal 0.514218 -0.857659 0
    outer loop
      vertex 36.2636 4.09059 3.2
      vertex 36.15 4.02248 0
      vertex 36.2636 4.09059 0
    endloop
  endfacet
  facet normal -0.970014 0.243051 0
    outer loop
      vertex 38.1919 2.50812 0
      vertex 38.2241 2.63663 3.2
      vertex 38.2241 2.63663 0
    endloop
  endfacet
  facet normal -0.970014 0.243051 0
    outer loop
      vertex 38.2241 2.63663 3.2
      vertex 38.1919 2.50812 0
      vertex 38.1919 2.50812 3.2
    endloop
  endfacet
  facet normal -0.857753 -0.514063 0
    outer loop
      vertex 38.0906 3.53639 0
      vertex 38.0225 3.65002 3.2
      vertex 38.0225 3.65002 0
    endloop
  endfacet
  facet normal -0.857753 -0.514063 0
    outer loop
      vertex 38.0225 3.65002 3.2
      vertex 38.0906 3.53639 0
      vertex 38.0906 3.53639 3.2
    endloop
  endfacet
  facet normal 0.98922 0.146439 0
    outer loop
      vertex 35.5759 2.63663 3.2
      vertex 35.5565 2.76768 0
      vertex 35.5565 2.76768 3.2
    endloop
  endfacet
  facet normal 0.98922 0.146439 0
    outer loop
      vertex 35.5565 2.76768 0
      vertex 35.5759 2.63663 3.2
      vertex 35.5759 2.63663 0
    endloop
  endfacet
  facet normal 0.59574 -0.803177 0
    outer loop
      vertex 36.0436 3.94356 0
      vertex 36.15 4.02248 3.2
      vertex 36.0436 3.94356 3.2
    endloop
  endfacet
  facet normal 0.59574 -0.803177 0
    outer loop
      vertex 36.15 4.02248 3.2
      vertex 36.0436 3.94356 0
      vertex 36.15 4.02248 0
    endloop
  endfacet
  facet normal -0.0490716 0.998795 0
    outer loop
      vertex 37.0323 1.5565 0
      vertex 36.9 1.55 3.2
      vertex 37.0323 1.5565 3.2
    endloop
  endfacet
  facet normal -0.0490716 0.998795 0
    outer loop
      vertex 36.9 1.55 3.2
      vertex 37.0323 1.5565 0
      vertex 36.9 1.55 0
    endloop
  endfacet
  facet normal 0.970014 0.243051 0
    outer loop
      vertex 35.6081 2.50812 3.2
      vertex 35.5759 2.63663 0
      vertex 35.5759 2.63663 3.2
    endloop
  endfacet
  facet normal 0.970014 0.243051 0
    outer loop
      vertex 35.5759 2.63663 0
      vertex 35.6081 2.50812 3.2
      vertex 35.6081 2.50812 0
    endloop
  endfacet
  facet normal 0.671421 0.741076 -0
    outer loop
      vertex 36.0436 1.85644 0
      vertex 35.9454 1.94541 3.2
      vertex 36.0436 1.85644 3.2
    endloop
  endfacet
  facet normal 0.671421 0.741076 0
    outer loop
      vertex 35.9454 1.94541 3.2
      vertex 36.0436 1.85644 0
      vertex 35.9454 1.94541 0
    endloop
  endfacet
  facet normal 0.671421 -0.741076 0
    outer loop
      vertex 35.9454 3.85459 0
      vertex 36.0436 3.94356 3.2
      vertex 35.9454 3.85459 3.2
    endloop
  endfacet
  facet normal 0.671421 -0.741076 0
    outer loop
      vertex 36.0436 3.94356 3.2
      vertex 35.9454 3.85459 0
      vertex 36.0436 3.94356 0
    endloop
  endfacet
  facet normal 0.857753 -0.514063 0
    outer loop
      vertex 35.7094 3.53639 3.2
      vertex 35.7775 3.65002 0
      vertex 35.7775 3.65002 3.2
    endloop
  endfacet
  facet normal 0.857753 -0.514063 0
    outer loop
      vertex 35.7775 3.65002 0
      vertex 35.7094 3.53639 3.2
      vertex 35.7094 3.53639 0
    endloop
  endfacet
  facet normal 0.514218 0.857659 -0
    outer loop
      vertex 36.2636 1.70941 0
      vertex 36.15 1.77752 3.2
      vertex 36.2636 1.70941 3.2
    endloop
  endfacet
  facet normal 0.514218 0.857659 0
    outer loop
      vertex 36.15 1.77752 3.2
      vertex 36.2636 1.70941 0
      vertex 36.15 1.77752 0
    endloop
  endfacet
  facet normal -0.514218 0.857659 0
    outer loop
      vertex 37.65 1.77752 0
      vertex 37.5364 1.70941 3.2
      vertex 37.65 1.77752 3.2
    endloop
  endfacet
  facet normal -0.514218 0.857659 0
    outer loop
      vertex 37.5364 1.70941 3.2
      vertex 37.65 1.77752 0
      vertex 37.5364 1.70941 0
    endloop
  endfacet
  facet normal 0.98922 -0.146439 0
    outer loop
      vertex 35.5565 3.03232 3.2
      vertex 35.5759 3.16337 0
      vertex 35.5759 3.16337 3.2
    endloop
  endfacet
  facet normal 0.98922 -0.146439 0
    outer loop
      vertex 35.5759 3.16337 0
      vertex 35.5565 3.03232 3.2
      vertex 35.5565 3.03232 0
    endloop
  endfacet
  facet normal -0.740827 -0.671696 0
    outer loop
      vertex 37.9436 3.75643 0
      vertex 37.8546 3.85459 3.2
      vertex 37.8546 3.85459 0
    endloop
  endfacet
  facet normal -0.740827 -0.671696 0
    outer loop
      vertex 37.8546 3.85459 3.2
      vertex 37.9436 3.75643 0
      vertex 37.9436 3.75643 3.2
    endloop
  endfacet
  facet normal 0.941383 -0.33734 0
    outer loop
      vertex 35.6081 3.29188 3.2
      vertex 35.6528 3.41662 0
      vertex 35.6528 3.41662 3.2
    endloop
  endfacet
  facet normal 0.941383 -0.33734 0
    outer loop
      vertex 35.6528 3.41662 0
      vertex 35.6081 3.29188 3.2
      vertex 35.6081 3.29188 0
    endloop
  endfacet
  facet normal -0.857773 0.514029 0
    outer loop
      vertex 38.0225 2.14998 0
      vertex 38.0906 2.26362 3.2
      vertex 38.0906 2.26362 0
    endloop
  endfacet
  facet normal -0.857773 0.514029 0
    outer loop
      vertex 38.0906 2.26362 3.2
      vertex 38.0225 2.14998 0
      vertex 38.0225 2.14998 3.2
    endloop
  endfacet
  facet normal -0.941383 0.33734 0
    outer loop
      vertex 38.1472 2.38338 0
      vertex 38.1919 2.50812 3.2
      vertex 38.1919 2.50812 0
    endloop
  endfacet
  facet normal -0.941383 0.33734 0
    outer loop
      vertex 38.1919 2.50812 3.2
      vertex 38.1472 2.38338 0
      vertex 38.1472 2.38338 3.2
    endloop
  endfacet
  facet normal 0.336968 0.941516 -0
    outer loop
      vertex 36.5081 1.60813 0
      vertex 36.3834 1.65276 3.2
      vertex 36.5081 1.60813 3.2
    endloop
  endfacet
  facet normal 0.336968 0.941516 0
    outer loop
      vertex 36.3834 1.65276 3.2
      vertex 36.5081 1.60813 0
      vertex 36.3834 1.65276 0
    endloop
  endfacet
  facet normal 0.242997 0.970027 -0
    outer loop
      vertex 36.6366 1.57594 0
      vertex 36.5081 1.60813 3.2
      vertex 36.6366 1.57594 3.2
    endloop
  endfacet
  facet normal 0.242997 0.970027 0
    outer loop
      vertex 36.5081 1.60813 3.2
      vertex 36.6366 1.57594 0
      vertex 36.5081 1.60813 0
    endloop
  endfacet
  facet normal 0.803276 -0.595607 0
    outer loop
      vertex 35.7775 3.65002 3.2
      vertex 35.8564 3.75643 0
      vertex 35.8564 3.75643 3.2
    endloop
  endfacet
  facet normal 0.803276 -0.595607 0
    outer loop
      vertex 35.8564 3.75643 0
      vertex 35.7775 3.65002 3.2
      vertex 35.7775 3.65002 0
    endloop
  endfacet
  facet normal 0.427486 0.904022 -0
    outer loop
      vertex 36.3834 1.65276 0
      vertex 36.2636 1.70941 3.2
      vertex 36.3834 1.65276 3.2
    endloop
  endfacet
  facet normal 0.427486 0.904022 0
    outer loop
      vertex 36.2636 1.70941 3.2
      vertex 36.3834 1.65276 0
      vertex 36.2636 1.70941 0
    endloop
  endfacet
  facet normal -0.989228 -0.146385 0
    outer loop
      vertex 38.2435 29.0323 0
      vertex 38.2241 29.1634 3.2
      vertex 38.2241 29.1634 0
    endloop
  endfacet
  facet normal -0.989228 -0.146385 0
    outer loop
      vertex 38.2241 29.1634 3.2
      vertex 38.2435 29.0323 0
      vertex 38.2435 29.0323 3.2
    endloop
  endfacet
  facet normal -0.998795 -0.0490716 0
    outer loop
      vertex 38.25 28.9 0
      vertex 38.2435 29.0323 3.2
      vertex 38.2435 29.0323 0
    endloop
  endfacet
  facet normal -0.998795 -0.0490716 0
    outer loop
      vertex 38.2435 29.0323 3.2
      vertex 38.25 28.9 0
      vertex 38.25 28.9 3.2
    endloop
  endfacet
  facet normal -0.970009 -0.243068 0
    outer loop
      vertex 38.2241 29.1634 0
      vertex 38.1919 29.2919 3.2
      vertex 38.1919 29.2919 0
    endloop
  endfacet
  facet normal -0.970009 -0.243068 0
    outer loop
      vertex 38.1919 29.2919 3.2
      vertex 38.2241 29.1634 0
      vertex 38.2241 29.1634 3.2
    endloop
  endfacet
  facet normal 0.243068 -0.970009 0
    outer loop
      vertex 36.5081 30.1919 0
      vertex 36.6366 30.2241 3.2
      vertex 36.5081 30.1919 3.2
    endloop
  endfacet
  facet normal 0.243068 -0.970009 0
    outer loop
      vertex 36.6366 30.2241 3.2
      vertex 36.5081 30.1919 0
      vertex 36.6366 30.2241 0
    endloop
  endfacet
  facet normal 0.904168 0.427178 0
    outer loop
      vertex 35.7094 28.2636 3.2
      vertex 35.6528 28.3834 0
      vertex 35.6528 28.3834 3.2
    endloop
  endfacet
  facet normal 0.904168 0.427178 0
    outer loop
      vertex 35.6528 28.3834 0
      vertex 35.7094 28.2636 3.2
      vertex 35.7094 28.2636 0
    endloop
  endfacet
  facet normal -0.427178 0.904168 0
    outer loop
      vertex 37.5364 27.7094 0
      vertex 37.4166 27.6528 3.2
      vertex 37.5364 27.7094 3.2
    endloop
  endfacet
  facet normal -0.427178 0.904168 0
    outer loop
      vertex 37.4166 27.6528 3.2
      vertex 37.5364 27.7094 0
      vertex 37.4166 27.6528 0
    endloop
  endfacet
  facet normal 0.243068 0.970009 -0
    outer loop
      vertex 36.6366 27.5759 0
      vertex 36.5081 27.6081 3.2
      vertex 36.6366 27.5759 3.2
    endloop
  endfacet
  facet normal 0.243068 0.970009 0
    outer loop
      vertex 36.5081 27.6081 3.2
      vertex 36.6366 27.5759 0
      vertex 36.5081 27.6081 0
    endloop
  endfacet
  facet normal -0.514163 0.857693 0
    outer loop
      vertex 37.65 27.7775 0
      vertex 37.5364 27.7094 3.2
      vertex 37.65 27.7775 3.2
    endloop
  endfacet
  facet normal -0.514163 0.857693 0
    outer loop
      vertex 37.5364 27.7094 3.2
      vertex 37.65 27.7775 0
      vertex 37.5364 27.7094 0
    endloop
  endfacet
  facet normal 0.337436 0.941348 -0
    outer loop
      vertex 36.5081 27.6081 0
      vertex 36.3834 27.6528 3.2
      vertex 36.5081 27.6081 3.2
    endloop
  endfacet
  facet normal 0.337436 0.941348 0
    outer loop
      vertex 36.3834 27.6528 3.2
      vertex 36.5081 27.6081 0
      vertex 36.3834 27.6528 0
    endloop
  endfacet
  facet normal -0.337436 0.941348 0
    outer loop
      vertex 37.4166 27.6528 0
      vertex 37.2919 27.6081 3.2
      vertex 37.4166 27.6528 3.2
    endloop
  endfacet
  facet normal -0.337436 0.941348 0
    outer loop
      vertex 37.2919 27.6081 3.2
      vertex 37.4166 27.6528 0
      vertex 37.2919 27.6081 0
    endloop
  endfacet
  facet normal 0.671545 -0.740963 0
    outer loop
      vertex 35.9454 29.8546 0
      vertex 36.0436 29.9436 3.2
      vertex 35.9454 29.8546 3.2
    endloop
  endfacet
  facet normal 0.671545 -0.740963 0
    outer loop
      vertex 36.0436 29.9436 3.2
      vertex 35.9454 29.8546 0
      vertex 36.0436 29.9436 0
    endloop
  endfacet
  facet normal -0.243068 0.970009 0
    outer loop
      vertex 37.2919 27.6081 0
      vertex 37.1634 27.5759 3.2
      vertex 37.2919 27.6081 3.2
    endloop
  endfacet
  facet normal -0.243068 0.970009 0
    outer loop
      vertex 37.1634 27.5759 3.2
      vertex 37.2919 27.6081 0
      vertex 37.1634 27.5759 0
    endloop
  endfacet
  facet normal 0.857693 -0.514163 0
    outer loop
      vertex 35.7094 29.5364 3.2
      vertex 35.7775 29.65 0
      vertex 35.7775 29.65 3.2
    endloop
  endfacet
  facet normal 0.857693 -0.514163 0
    outer loop
      vertex 35.7775 29.65 0
      vertex 35.7094 29.5364 3.2
      vertex 35.7094 29.5364 0
    endloop
  endfacet
  facet normal 0.989228 -0.146385 0
    outer loop
      vertex 35.5565 29.0323 3.2
      vertex 35.5759 29.1634 0
      vertex 35.5759 29.1634 3.2
    endloop
  endfacet
  facet normal 0.989228 -0.146385 0
    outer loop
      vertex 35.5759 29.1634 0
      vertex 35.5565 29.0323 3.2
      vertex 35.5565 29.0323 0
    endloop
  endfacet
  facet normal -0.904168 -0.427178 0
    outer loop
      vertex 38.1472 29.4166 0
      vertex 38.0906 29.5364 3.2
      vertex 38.0906 29.5364 0
    endloop
  endfacet
  facet normal -0.904168 -0.427178 0
    outer loop
      vertex 38.0906 29.5364 3.2
      vertex 38.1472 29.4166 0
      vertex 38.1472 29.4166 3.2
    endloop
  endfacet
  facet normal -0.803249 0.595643 0
    outer loop
      vertex 37.9436 28.0436 0
      vertex 38.0225 28.15 3.2
      vertex 38.0225 28.15 0
    endloop
  endfacet
  facet normal -0.803249 0.595643 0
    outer loop
      vertex 38.0225 28.15 3.2
      vertex 37.9436 28.0436 0
      vertex 37.9436 28.0436 3.2
    endloop
  endfacet
  facet normal 0.595643 -0.803249 0
    outer loop
      vertex 36.0436 29.9436 0
      vertex 36.15 30.0225 3.2
      vertex 36.0436 29.9436 3.2
    endloop
  endfacet
  facet normal 0.595643 -0.803249 0
    outer loop
      vertex 36.15 30.0225 3.2
      vertex 36.0436 29.9436 0
      vertex 36.15 30.0225 0
    endloop
  endfacet
  facet normal -0.595643 -0.803249 0
    outer loop
      vertex 37.65 30.0225 0
      vertex 37.7564 29.9436 3.2
      vertex 37.65 30.0225 3.2
    endloop
  endfacet
  facet normal -0.595643 -0.803249 -0
    outer loop
      vertex 37.7564 29.9436 3.2
      vertex 37.65 30.0225 0
      vertex 37.7564 29.9436 0
    endloop
  endfacet
  facet normal -0.146385 -0.989228 0
    outer loop
      vertex 37.0323 30.2435 0
      vertex 37.1634 30.2241 3.2
      vertex 37.0323 30.2435 3.2
    endloop
  endfacet
  facet normal -0.146385 -0.989228 -0
    outer loop
      vertex 37.1634 30.2241 3.2
      vertex 37.0323 30.2435 0
      vertex 37.1634 30.2241 0
    endloop
  endfacet
  facet normal -0.803249 -0.595643 0
    outer loop
      vertex 38.0225 29.65 0
      vertex 37.9436 29.7564 3.2
      vertex 37.9436 29.7564 0
    endloop
  endfacet
  facet normal -0.803249 -0.595643 0
    outer loop
      vertex 37.9436 29.7564 3.2
      vertex 38.0225 29.65 0
      vertex 38.0225 29.65 3.2
    endloop
  endfacet
  facet normal 0.514163 -0.857693 0
    outer loop
      vertex 36.15 30.0225 0
      vertex 36.2636 30.0906 3.2
      vertex 36.15 30.0225 3.2
    endloop
  endfacet
  facet normal 0.514163 -0.857693 0
    outer loop
      vertex 36.2636 30.0906 3.2
      vertex 36.15 30.0225 0
      vertex 36.2636 30.0906 0
    endloop
  endfacet
  facet normal -0.514163 -0.857693 0
    outer loop
      vertex 37.5364 30.0906 0
      vertex 37.65 30.0225 3.2
      vertex 37.5364 30.0906 3.2
    endloop
  endfacet
  facet normal -0.514163 -0.857693 -0
    outer loop
      vertex 37.65 30.0225 3.2
      vertex 37.5364 30.0906 0
      vertex 37.65 30.0225 0
    endloop
  endfacet
  facet normal -0.671545 -0.740963 0
    outer loop
      vertex 37.7564 29.9436 0
      vertex 37.8546 29.8546 3.2
      vertex 37.7564 29.9436 3.2
    endloop
  endfacet
  facet normal -0.671545 -0.740963 -0
    outer loop
      vertex 37.8546 29.8546 3.2
      vertex 37.7564 29.9436 0
      vertex 37.8546 29.8546 0
    endloop
  endfacet
  facet normal 0.941348 0.337436 0
    outer loop
      vertex 35.6528 28.3834 3.2
      vertex 35.6081 28.5081 0
      vertex 35.6081 28.5081 3.2
    endloop
  endfacet
  facet normal 0.941348 0.337436 0
    outer loop
      vertex 35.6081 28.5081 0
      vertex 35.6528 28.3834 3.2
      vertex 35.6528 28.3834 0
    endloop
  endfacet
  facet normal -0.998795 0.0490716 0
    outer loop
      vertex 38.2435 28.7677 0
      vertex 38.25 28.9 3.2
      vertex 38.25 28.9 0
    endloop
  endfacet
  facet normal -0.998795 0.0490716 0
    outer loop
      vertex 38.25 28.9 3.2
      vertex 38.2435 28.7677 0
      vertex 38.2435 28.7677 3.2
    endloop
  endfacet
  facet normal 0.427178 -0.904168 0
    outer loop
      vertex 36.2636 30.0906 0
      vertex 36.3834 30.1472 3.2
      vertex 36.2636 30.0906 3.2
    endloop
  endfacet
  facet normal 0.427178 -0.904168 0
    outer loop
      vertex 36.3834 30.1472 3.2
      vertex 36.2636 30.0906 0
      vertex 36.3834 30.1472 0
    endloop
  endfacet
  facet normal -0.904168 0.427178 0
    outer loop
      vertex 38.0906 28.2636 0
      vertex 38.1472 28.3834 3.2
      vertex 38.1472 28.3834 0
    endloop
  endfacet
  facet normal -0.904168 0.427178 0
    outer loop
      vertex 38.1472 28.3834 3.2
      vertex 38.0906 28.2636 0
      vertex 38.0906 28.2636 3.2
    endloop
  endfacet
  facet normal 0.595643 0.803249 -0
    outer loop
      vertex 36.15 27.7775 0
      vertex 36.0436 27.8564 3.2
      vertex 36.15 27.7775 3.2
    endloop
  endfacet
  facet normal 0.595643 0.803249 0
    outer loop
      vertex 36.0436 27.8564 3.2
      vertex 36.15 27.7775 0
      vertex 36.0436 27.8564 0
    endloop
  endfacet
  facet normal 0.803249 -0.595643 0
    outer loop
      vertex 35.7775 29.65 3.2
      vertex 35.8564 29.7564 0
      vertex 35.8564 29.7564 3.2
    endloop
  endfacet
  facet normal 0.803249 -0.595643 0
    outer loop
      vertex 35.8564 29.7564 0
      vertex 35.7775 29.65 3.2
      vertex 35.7775 29.65 0
    endloop
  endfacet
  facet normal 0.941348 -0.337436 0
    outer loop
      vertex 35.6081 29.2919 3.2
      vertex 35.6528 29.4166 0
      vertex 35.6528 29.4166 3.2
    endloop
  endfacet
  facet normal 0.941348 -0.337436 0
    outer loop
      vertex 35.6528 29.4166 0
      vertex 35.6081 29.2919 3.2
      vertex 35.6081 29.2919 0
    endloop
  endfacet
  facet normal -0.941348 -0.337436 0
    outer loop
      vertex 38.1919 29.2919 0
      vertex 38.1472 29.4166 3.2
      vertex 38.1472 29.4166 0
    endloop
  endfacet
  facet normal -0.941348 -0.337436 0
    outer loop
      vertex 38.1472 29.4166 3.2
      vertex 38.1919 29.2919 0
      vertex 38.1919 29.2919 3.2
    endloop
  endfacet
  facet normal -0.970009 0.243068 0
    outer loop
      vertex 38.1919 28.5081 0
      vertex 38.2241 28.6366 3.2
      vertex 38.2241 28.6366 0
    endloop
  endfacet
  facet normal -0.970009 0.243068 0
    outer loop
      vertex 38.2241 28.6366 3.2
      vertex 38.1919 28.5081 0
      vertex 38.1919 28.5081 3.2
    endloop
  endfacet
  facet normal -0.989228 0.146385 0
    outer loop
      vertex 38.2241 28.6366 0
      vertex 38.2435 28.7677 3.2
      vertex 38.2435 28.7677 0
    endloop
  endfacet
  facet normal -0.989228 0.146385 0
    outer loop
      vertex 38.2435 28.7677 3.2
      vertex 38.2241 28.6366 0
      vertex 38.2241 28.6366 3.2
    endloop
  endfacet
  facet normal 0.514163 0.857693 -0
    outer loop
      vertex 36.2636 27.7094 0
      vertex 36.15 27.7775 3.2
      vertex 36.2636 27.7094 3.2
    endloop
  endfacet
  facet normal 0.514163 0.857693 0
    outer loop
      vertex 36.15 27.7775 3.2
      vertex 36.2636 27.7094 0
      vertex 36.15 27.7775 0
    endloop
  endfacet
  facet normal -0.337436 -0.941348 0
    outer loop
      vertex 37.2919 30.1919 0
      vertex 37.4166 30.1472 3.2
      vertex 37.2919 30.1919 3.2
    endloop
  endfacet
  facet normal -0.337436 -0.941348 -0
    outer loop
      vertex 37.4166 30.1472 3.2
      vertex 37.2919 30.1919 0
      vertex 37.4166 30.1472 0
    endloop
  endfacet
  facet normal 0.337436 -0.941348 0
    outer loop
      vertex 36.3834 30.1472 0
      vertex 36.5081 30.1919 3.2
      vertex 36.3834 30.1472 3.2
    endloop
  endfacet
  facet normal 0.337436 -0.941348 0
    outer loop
      vertex 36.5081 30.1919 3.2
      vertex 36.3834 30.1472 0
      vertex 36.5081 30.1919 0
    endloop
  endfacet
  facet normal -0.146385 0.989228 0
    outer loop
      vertex 37.1634 27.5759 0
      vertex 37.0323 27.5565 3.2
      vertex 37.1634 27.5759 3.2
    endloop
  endfacet
  facet normal -0.146385 0.989228 0
    outer loop
      vertex 37.0323 27.5565 3.2
      vertex 37.1634 27.5759 0
      vertex 37.0323 27.5565 0
    endloop
  endfacet
  facet normal -0.857693 0.514163 0
    outer loop
      vertex 38.0225 28.15 0
      vertex 38.0906 28.2636 3.2
      vertex 38.0906 28.2636 0
    endloop
  endfacet
  facet normal -0.857693 0.514163 0
    outer loop
      vertex 38.0906 28.2636 3.2
      vertex 38.0225 28.15 0
      vertex 38.0225 28.15 3.2
    endloop
  endfacet
  facet normal 0.0490716 -0.998795 0
    outer loop
      vertex 36.7677 30.2435 0
      vertex 36.9 30.25 3.2
      vertex 36.7677 30.2435 3.2
    endloop
  endfacet
  facet normal 0.0490716 -0.998795 0
    outer loop
      vertex 36.9 30.25 3.2
      vertex 36.7677 30.2435 0
      vertex 36.9 30.25 0
    endloop
  endfacet
  facet normal 0.998795 0.0490716 0
    outer loop
      vertex 35.5565 28.7677 3.2
      vertex 35.55 28.9 0
      vertex 35.55 28.9 3.2
    endloop
  endfacet
  facet normal 0.998795 0.0490716 0
    outer loop
      vertex 35.55 28.9 0
      vertex 35.5565 28.7677 3.2
      vertex 35.5565 28.7677 0
    endloop
  endfacet
  facet normal -0.941348 0.337436 0
    outer loop
      vertex 38.1472 28.3834 0
      vertex 38.1919 28.5081 3.2
      vertex 38.1919 28.5081 0
    endloop
  endfacet
  facet normal -0.941348 0.337436 0
    outer loop
      vertex 38.1919 28.5081 3.2
      vertex 38.1472 28.3834 0
      vertex 38.1472 28.3834 3.2
    endloop
  endfacet
  facet normal -0.427178 -0.904168 0
    outer loop
      vertex 37.4166 30.1472 0
      vertex 37.5364 30.0906 3.2
      vertex 37.4166 30.1472 3.2
    endloop
  endfacet
  facet normal -0.427178 -0.904168 -0
    outer loop
      vertex 37.5364 30.0906 3.2
      vertex 37.4166 30.1472 0
      vertex 37.5364 30.0906 0
    endloop
  endfacet
  facet normal -0.740963 -0.671545 0
    outer loop
      vertex 37.9436 29.7564 0
      vertex 37.8546 29.8546 3.2
      vertex 37.8546 29.8546 0
    endloop
  endfacet
  facet normal -0.740963 -0.671545 0
    outer loop
      vertex 37.8546 29.8546 3.2
      vertex 37.9436 29.7564 0
      vertex 37.9436 29.7564 3.2
    endloop
  endfacet
  facet normal -0.0490716 -0.998795 0
    outer loop
      vertex 36.9 30.25 0
      vertex 37.0323 30.2435 3.2
      vertex 36.9 30.25 3.2
    endloop
  endfacet
  facet normal -0.0490716 -0.998795 -0
    outer loop
      vertex 37.0323 30.2435 3.2
      vertex 36.9 30.25 0
      vertex 37.0323 30.2435 0
    endloop
  endfacet
  facet normal 0.857693 0.514163 0
    outer loop
      vertex 35.7775 28.15 3.2
      vertex 35.7094 28.2636 0
      vertex 35.7094 28.2636 3.2
    endloop
  endfacet
  facet normal 0.857693 0.514163 0
    outer loop
      vertex 35.7094 28.2636 0
      vertex 35.7775 28.15 3.2
      vertex 35.7775 28.15 0
    endloop
  endfacet
  facet normal -0.857693 -0.514163 0
    outer loop
      vertex 38.0906 29.5364 0
      vertex 38.0225 29.65 3.2
      vertex 38.0225 29.65 0
    endloop
  endfacet
  facet normal -0.857693 -0.514163 0
    outer loop
      vertex 38.0225 29.65 3.2
      vertex 38.0906 29.5364 0
      vertex 38.0906 29.5364 3.2
    endloop
  endfacet
  facet normal 0.146385 0.989228 -0
    outer loop
      vertex 36.7677 27.5565 0
      vertex 36.6366 27.5759 3.2
      vertex 36.7677 27.5565 3.2
    endloop
  endfacet
  facet normal 0.146385 0.989228 0
    outer loop
      vertex 36.6366 27.5759 3.2
      vertex 36.7677 27.5565 0
      vertex 36.6366 27.5759 0
    endloop
  endfacet
  facet normal -0.671545 0.740963 0
    outer loop
      vertex 37.8546 27.9454 0
      vertex 37.7564 27.8564 3.2
      vertex 37.8546 27.9454 3.2
    endloop
  endfacet
  facet normal -0.671545 0.740963 0
    outer loop
      vertex 37.7564 27.8564 3.2
      vertex 37.8546 27.9454 0
      vertex 37.7564 27.8564 0
    endloop
  endfacet
  facet normal 0.0490716 0.998795 -0
    outer loop
      vertex 36.9 27.55 0
      vertex 36.7677 27.5565 3.2
      vertex 36.9 27.55 3.2
    endloop
  endfacet
  facet normal 0.0490716 0.998795 0
    outer loop
      vertex 36.7677 27.5565 3.2
      vertex 36.9 27.55 0
      vertex 36.7677 27.5565 0
    endloop
  endfacet
  facet normal 0.740963 -0.671545 0
    outer loop
      vertex 35.8564 29.7564 3.2
      vertex 35.9454 29.8546 0
      vertex 35.9454 29.8546 3.2
    endloop
  endfacet
  facet normal 0.740963 -0.671545 0
    outer loop
      vertex 35.9454 29.8546 0
      vertex 35.8564 29.7564 3.2
      vertex 35.8564 29.7564 0
    endloop
  endfacet
  facet normal 0.146385 -0.989228 0
    outer loop
      vertex 36.6366 30.2241 0
      vertex 36.7677 30.2435 3.2
      vertex 36.6366 30.2241 3.2
    endloop
  endfacet
  facet normal 0.146385 -0.989228 0
    outer loop
      vertex 36.7677 30.2435 3.2
      vertex 36.6366 30.2241 0
      vertex 36.7677 30.2435 0
    endloop
  endfacet
  facet normal 0.904168 -0.427178 0
    outer loop
      vertex 35.6528 29.4166 3.2
      vertex 35.7094 29.5364 0
      vertex 35.7094 29.5364 3.2
    endloop
  endfacet
  facet normal 0.904168 -0.427178 0
    outer loop
      vertex 35.7094 29.5364 0
      vertex 35.6528 29.4166 3.2
      vertex 35.6528 29.4166 0
    endloop
  endfacet
  facet normal 0.671545 0.740963 -0
    outer loop
      vertex 36.0436 27.8564 0
      vertex 35.9454 27.9454 3.2
      vertex 36.0436 27.8564 3.2
    endloop
  endfacet
  facet normal 0.671545 0.740963 0
    outer loop
      vertex 35.9454 27.9454 3.2
      vertex 36.0436 27.8564 0
      vertex 35.9454 27.9454 0
    endloop
  endfacet
  facet normal 0.970009 -0.243068 0
    outer loop
      vertex 35.5759 29.1634 3.2
      vertex 35.6081 29.2919 0
      vertex 35.6081 29.2919 3.2
    endloop
  endfacet
  facet normal 0.970009 -0.243068 0
    outer loop
      vertex 35.6081 29.2919 0
      vertex 35.5759 29.1634 3.2
      vertex 35.5759 29.1634 0
    endloop
  endfacet
  facet normal -0.243068 -0.970009 0
    outer loop
      vertex 37.1634 30.2241 0
      vertex 37.2919 30.1919 3.2
      vertex 37.1634 30.2241 3.2
    endloop
  endfacet
  facet normal -0.243068 -0.970009 -0
    outer loop
      vertex 37.2919 30.1919 3.2
      vertex 37.1634 30.2241 0
      vertex 37.2919 30.1919 0
    endloop
  endfacet
  facet normal 0.970009 0.243068 0
    outer loop
      vertex 35.6081 28.5081 3.2
      vertex 35.5759 28.6366 0
      vertex 35.5759 28.6366 3.2
    endloop
  endfacet
  facet normal 0.970009 0.243068 0
    outer loop
      vertex 35.5759 28.6366 0
      vertex 35.6081 28.5081 3.2
      vertex 35.6081 28.5081 0
    endloop
  endfacet
  facet normal 0.427178 0.904168 -0
    outer loop
      vertex 36.3834 27.6528 0
      vertex 36.2636 27.7094 3.2
      vertex 36.3834 27.6528 3.2
    endloop
  endfacet
  facet normal 0.427178 0.904168 0
    outer loop
      vertex 36.2636 27.7094 3.2
      vertex 36.3834 27.6528 0
      vertex 36.2636 27.7094 0
    endloop
  endfacet
  facet normal 0.740963 0.671545 0
    outer loop
      vertex 35.9454 27.9454 3.2
      vertex 35.8564 28.0436 0
      vertex 35.8564 28.0436 3.2
    endloop
  endfacet
  facet normal 0.740963 0.671545 0
    outer loop
      vertex 35.8564 28.0436 0
      vertex 35.9454 27.9454 3.2
      vertex 35.9454 27.9454 0
    endloop
  endfacet
  facet normal -0.0490716 0.998795 0
    outer loop
      vertex 37.0323 27.5565 0
      vertex 36.9 27.55 3.2
      vertex 37.0323 27.5565 3.2
    endloop
  endfacet
  facet normal -0.0490716 0.998795 0
    outer loop
      vertex 36.9 27.55 3.2
      vertex 37.0323 27.5565 0
      vertex 36.9 27.55 0
    endloop
  endfacet
  facet normal 0.989228 0.146385 0
    outer loop
      vertex 35.5759 28.6366 3.2
      vertex 35.5565 28.7677 0
      vertex 35.5565 28.7677 3.2
    endloop
  endfacet
  facet normal 0.989228 0.146385 0
    outer loop
      vertex 35.5565 28.7677 0
      vertex 35.5759 28.6366 3.2
      vertex 35.5759 28.6366 0
    endloop
  endfacet
  facet normal -0.595643 0.803249 0
    outer loop
      vertex 37.7564 27.8564 0
      vertex 37.65 27.7775 3.2
      vertex 37.7564 27.8564 3.2
    endloop
  endfacet
  facet normal -0.595643 0.803249 0
    outer loop
      vertex 37.65 27.7775 3.2
      vertex 37.7564 27.8564 0
      vertex 37.65 27.7775 0
    endloop
  endfacet
  facet normal 0.803249 0.595643 0
    outer loop
      vertex 35.8564 28.0436 3.2
      vertex 35.7775 28.15 0
      vertex 35.7775 28.15 3.2
    endloop
  endfacet
  facet normal 0.803249 0.595643 0
    outer loop
      vertex 35.7775 28.15 0
      vertex 35.8564 28.0436 3.2
      vertex 35.8564 28.0436 0
    endloop
  endfacet
  facet normal 0.998795 -0.0490716 0
    outer loop
      vertex 35.55 28.9 3.2
      vertex 35.5565 29.0323 0
      vertex 35.5565 29.0323 3.2
    endloop
  endfacet
  facet normal 0.998795 -0.0490716 0
    outer loop
      vertex 35.5565 29.0323 0
      vertex 35.55 28.9 3.2
      vertex 35.55 28.9 0
    endloop
  endfacet
  facet normal -0.740963 0.671545 0
    outer loop
      vertex 37.8546 27.9454 0
      vertex 37.9436 28.0436 3.2
      vertex 37.9436 28.0436 0
    endloop
  endfacet
  facet normal -0.740963 0.671545 0
    outer loop
      vertex 37.9436 28.0436 3.2
      vertex 37.8546 27.9454 0
      vertex 37.8546 27.9454 3.2
    endloop
  endfacet
  facet normal -1 0 0
    outer loop
      vertex 23 12.55 1.2
      vertex 23 19.25 3.2
      vertex 23 19.25 1.2
    endloop
  endfacet
  facet normal -1 -0 0
    outer loop
      vertex 23 19.25 3.2
      vertex 23 12.55 1.2
      vertex 23 12.55 3.2
    endloop
  endfacet
  facet normal 0 0 1
    outer loop
      vertex 23 19.25 1.2
      vertex 20.7 18.8 1.2
      vertex 23 12.55 1.2
    endloop
  endfacet
  facet normal 0 0 1
    outer loop
      vertex 23 19.25 1.2
      vertex 20.6947 18.9078 1.2
      vertex 20.7 18.8 1.2
    endloop
  endfacet
  facet normal 0 0 1
    outer loop
      vertex 23 19.25 1.2
      vertex 20.6789 19.0146 1.2
      vertex 20.6947 18.9078 1.2
    endloop
  endfacet
  facet normal 0 0 1
    outer loop
      vertex 23 19.25 1.2
      vertex 20.6526 19.1193 1.2
      vertex 20.6789 19.0146 1.2
    endloop
  endfacet
  facet normal 0 0 1
    outer loop
      vertex 23 19.25 1.2
      vertex 20.6163 19.221 1.2
      vertex 20.6526 19.1193 1.2
    endloop
  endfacet
  facet normal 0 -0 1
    outer loop
      vertex 20.6163 19.221 1.2
      vertex 23 19.25 1.2
      vertex 20.6025 19.25 1.2
    endloop
  endfacet
  facet normal -0 0 1
    outer loop
      vertex 20.7 13 1.2
      vertex 23 12.55 1.2
      vertex 20.7 18.8 1.2
    endloop
  endfacet
  facet normal -0 0 1
    outer loop
      vertex 20.6947 12.8922 1.2
      vertex 23 12.55 1.2
      vertex 20.7 13 1.2
    endloop
  endfacet
  facet normal -0 0 1
    outer loop
      vertex 20.6789 12.7854 1.2
      vertex 23 12.55 1.2
      vertex 20.6947 12.8922 1.2
    endloop
  endfacet
  facet normal -0 0 1
    outer loop
      vertex 20.6526 12.6807 1.2
      vertex 23 12.55 1.2
      vertex 20.6789 12.7854 1.2
    endloop
  endfacet
  facet normal -0 0 1
    outer loop
      vertex 20.6163 12.579 1.2
      vertex 23 12.55 1.2
      vertex 20.6526 12.6807 1.2
    endloop
  endfacet
  facet normal 0 0 1
    outer loop
      vertex 23 12.55 1.2
      vertex 20.6163 12.579 1.2
      vertex 20.6025 12.55 1.2
    endloop
  endfacet
  facet normal 0 0 1
    outer loop
      vertex 12.1 18.8 1.2
      vertex 10 19.25 1.2
      vertex 12.1 13 1.2
    endloop
  endfacet
  facet normal 0 0 1
    outer loop
      vertex 12.1053 18.9078 1.2
      vertex 10 19.25 1.2
      vertex 12.1 18.8 1.2
    endloop
  endfacet
  facet normal 0 0 1
    outer loop
      vertex 12.1211 19.0146 1.2
      vertex 10 19.25 1.2
      vertex 12.1053 18.9078 1.2
    endloop
  endfacet
  facet normal 0 0 1
    outer loop
      vertex 12.1474 19.1193 1.2
      vertex 10 19.25 1.2
      vertex 12.1211 19.0146 1.2
    endloop
  endfacet
  facet normal 0 0 1
    outer loop
      vertex 12.1837 19.221 1.2
      vertex 10 19.25 1.2
      vertex 12.1474 19.1193 1.2
    endloop
  endfacet
  facet normal -0 0 1
    outer loop
      vertex 10 19.25 1.2
      vertex 12.1837 19.221 1.2
      vertex 12.1975 19.25 1.2
    endloop
  endfacet
  facet normal 0 0 1
    outer loop
      vertex 10 12.55 1.2
      vertex 12.1 13 1.2
      vertex 10 19.25 1.2
    endloop
  endfacet
  facet normal 0 0 1
    outer loop
      vertex 12.1 13 1.2
      vertex 10 12.55 1.2
      vertex 12.1053 12.8922 1.2
    endloop
  endfacet
  facet normal 0 0 1
    outer loop
      vertex 12.1053 12.8922 1.2
      vertex 10 12.55 1.2
      vertex 12.1211 12.7854 1.2
    endloop
  endfacet
  facet normal 0 0 1
    outer loop
      vertex 12.1837 12.579 1.2
      vertex 10 12.55 1.2
      vertex 12.1975 12.55 1.2
    endloop
  endfacet
  facet normal 0 0 1
    outer loop
      vertex 12.1474 12.6807 1.2
      vertex 10 12.55 1.2
      vertex 12.1837 12.579 1.2
    endloop
  endfacet
  facet normal 0 0 1
    outer loop
      vertex 12.1211 12.7854 1.2
      vertex 10 12.55 1.2
      vertex 12.1474 12.6807 1.2
    endloop
  endfacet
  facet normal 0 0 1
    outer loop
      vertex 18.5 18.8 1.2
      vertex 14.3 18.8 1.2
      vertex 18.5 13 1.2
    endloop
  endfacet
  facet normal 0 0 1
    outer loop
      vertex 18.5053 18.9078 1.2
      vertex 14.3 18.8 1.2
      vertex 18.5 18.8 1.2
    endloop
  endfacet
  facet normal 0 0 1
    outer loop
      vertex 14.2947 18.9078 1.2
      vertex 18.5053 18.9078 1.2
      vertex 18.5211 19.0146 1.2
    endloop
  endfacet
  facet normal 0 0 1
    outer loop
      vertex 14.2789 19.0146 1.2
      vertex 18.5211 19.0146 1.2
      vertex 18.5474 19.1193 1.2
    endloop
  endfacet
  facet normal 0 0 1
    outer loop
      vertex 14.2526 19.1193 1.2
      vertex 18.5474 19.1193 1.2
      vertex 18.5837 19.221 1.2
    endloop
  endfacet
  facet normal 0 0 1
    outer loop
      vertex 14.2163 19.221 1.2
      vertex 18.5837 19.221 1.2
      vertex 18.5975 19.25 1.2
    endloop
  endfacet
  facet normal 0 0 1
    outer loop
      vertex 18.5053 18.9078 1.2
      vertex 14.2947 18.9078 1.2
      vertex 14.3 18.8 1.2
    endloop
  endfacet
  facet normal 0 0 1
    outer loop
      vertex 18.5211 19.0146 1.2
      vertex 14.2789 19.0146 1.2
      vertex 14.2947 18.9078 1.2
    endloop
  endfacet
  facet normal 0 0 1
    outer loop
      vertex 18.5474 19.1193 1.2
      vertex 14.2526 19.1193 1.2
      vertex 14.2789 19.0146 1.2
    endloop
  endfacet
  facet normal 0 0 1
    outer loop
      vertex 18.5837 19.221 1.2
      vertex 14.2163 19.221 1.2
      vertex 14.2526 19.1193 1.2
    endloop
  endfacet
  facet normal 0 -0 1
    outer loop
      vertex 14.2163 19.221 1.2
      vertex 18.5975 19.25 1.2
      vertex 14.2025 19.25 1.2
    endloop
  endfacet
  facet normal 0 0 1
    outer loop
      vertex 14.3 13 1.2
      vertex 18.5 13 1.2
      vertex 14.3 18.8 1.2
    endloop
  endfacet
  facet normal 0 0 1
    outer loop
      vertex 18.5 13 1.2
      vertex 14.3 13 1.2
      vertex 18.5053 12.8922 1.2
    endloop
  endfacet
  facet normal 0 0 1
    outer loop
      vertex 14.2947 12.8922 1.2
      vertex 18.5053 12.8922 1.2
      vertex 14.3 13 1.2
    endloop
  endfacet
  facet normal 0 0 1
    outer loop
      vertex 18.5053 12.8922 1.2
      vertex 14.2947 12.8922 1.2
      vertex 18.5211 12.7854 1.2
    endloop
  endfacet
  facet normal 0 0 1
    outer loop
      vertex 14.2789 12.7854 1.2
      vertex 18.5211 12.7854 1.2
      vertex 14.2947 12.8922 1.2
    endloop
  endfacet
  facet normal 0 0 1
    outer loop
      vertex 18.5211 12.7854 1.2
      vertex 14.2789 12.7854 1.2
      vertex 18.5474 12.6807 1.2
    endloop
  endfacet
  facet normal 0 0 1
    outer loop
      vertex 14.2526 12.6807 1.2
      vertex 18.5474 12.6807 1.2
      vertex 14.2789 12.7854 1.2
    endloop
  endfacet
  facet normal 0 0 1
    outer loop
      vertex 18.5474 12.6807 1.2
      vertex 14.2526 12.6807 1.2
      vertex 18.5837 12.579 1.2
    endloop
  endfacet
  facet normal 0 0 1
    outer loop
      vertex 14.2163 12.579 1.2
      vertex 18.5837 12.579 1.2
      vertex 14.2526 12.6807 1.2
    endloop
  endfacet
  facet normal 0 0 1
    outer loop
      vertex 18.5837 12.579 1.2
      vertex 14.2163 12.579 1.2
      vertex 18.5975 12.55 1.2
    endloop
  endfacet
  facet normal 0 0 1
    outer loop
      vertex 18.5975 12.55 1.2
      vertex 14.2163 12.579 1.2
      vertex 14.2025 12.55 1.2
    endloop
  endfacet
  facet normal 1 -0 0
    outer loop
      vertex 10 12.55 3.2
      vertex 10 19.25 1.2
      vertex 10 19.25 3.2
    endloop
  endfacet
  facet normal 1 0 0
    outer loop
      vertex 10 19.25 1.2
      vertex 10 12.55 3.2
      vertex 10 12.55 1.2
    endloop
  endfacet
  facet normal 0 -1 0
    outer loop
      vertex 20.6025 19.25 1.2
      vertex 23 19.25 3.2
      vertex 20.6025 19.25 3.2
    endloop
  endfacet
  facet normal 0 -1 -0
    outer loop
      vertex 23 19.25 3.2
      vertex 20.6025 19.25 1.2
      vertex 23 19.25 1.2
    endloop
  endfacet
  facet normal 0 -1 0
    outer loop
      vertex 10 19.25 1.2
      vertex 12.1975 19.25 3.2
      vertex 10 19.25 3.2
    endloop
  endfacet
  facet normal 0 -1 -0
    outer loop
      vertex 12.1975 19.25 3.2
      vertex 10 19.25 1.2
      vertex 12.1975 19.25 1.2
    endloop
  endfacet
  facet normal 0 -1 0
    outer loop
      vertex 14.2025 19.25 1.2
      vertex 18.5975 19.25 3.2
      vertex 14.2025 19.25 3.2
    endloop
  endfacet
  facet normal 0 -1 -0
    outer loop
      vertex 18.5975 19.25 3.2
      vertex 14.2025 19.25 1.2
      vertex 18.5975 19.25 1.2
    endloop
  endfacet
  facet normal 0 1 -0
    outer loop
      vertex 23 12.55 1.2
      vertex 20.6025 12.55 3.2
      vertex 23 12.55 3.2
    endloop
  endfacet
  facet normal 0 1 0
    outer loop
      vertex 20.6025 12.55 3.2
      vertex 23 12.55 1.2
      vertex 20.6025 12.55 1.2
    endloop
  endfacet
  facet normal 0 1 -0
    outer loop
      vertex 12.1975 12.55 1.2
      vertex 10 12.55 3.2
      vertex 12.1975 12.55 3.2
    endloop
  endfacet
  facet normal 0 1 0
    outer loop
      vertex 10 12.55 3.2
      vertex 12.1975 12.55 1.2
      vertex 10 12.55 1.2
    endloop
  endfacet
  facet normal 0 1 -0
    outer loop
      vertex 18.5975 12.55 1.2
      vertex 14.2025 12.55 3.2
      vertex 18.5975 12.55 3.2
    endloop
  endfacet
  facet normal 0 1 0
    outer loop
      vertex 14.2025 12.55 3.2
      vertex 18.5975 12.55 1.2
      vertex 14.2025 12.55 1.2
    endloop
  endfacet
  facet normal -0.33616 -0.941805 0
    outer loop
      vertex 13.5193 19.8526 0
      vertex 13.621 19.8163 3.2
      vertex 13.5193 19.8526 3.2
    endloop
  endfacet
  facet normal -0.33616 -0.941805 -0
    outer loop
      vertex 13.621 19.8163 3.2
      vertex 13.5193 19.8526 0
      vertex 13.621 19.8163 0
    endloop
  endfacet
  facet normal 0.0491058 -0.998794 0
    outer loop
      vertex 13.0922 19.8947 0
      vertex 13.2 19.9 3.2
      vertex 13.0922 19.8947 3.2
    endloop
  endfacet
  facet normal 0.0491058 -0.998794 0
    outer loop
      vertex 13.2 19.9 3.2
      vertex 13.0922 19.8947 0
      vertex 13.2 19.9 0
    endloop
  endfacet
  facet normal 0.243625 0.969869 -0
    outer loop
      vertex 12.9854 11.9211 0
      vertex 12.8807 11.9474 3.2
      vertex 12.9854 11.9211 3.2
    endloop
  endfacet
  facet normal 0.243625 0.969869 0
    outer loop
      vertex 12.8807 11.9474 3.2
      vertex 12.9854 11.9211 0
      vertex 12.8807 11.9474 0
    endloop
  endfacet
  facet normal 0.803212 -0.595693 0
    outer loop
      vertex 12.2854 19.4111 3.2
      vertex 12.3497 19.4978 0
      vertex 12.3497 19.4978 3.2
    endloop
  endfacet
  facet normal 0.803212 -0.595693 0
    outer loop
      vertex 12.3497 19.4978 0
      vertex 12.2854 19.4111 3.2
      vertex 12.2854 19.4111 0
    endloop
  endfacet
  facet normal 0.90398 -0.427576 0
    outer loop
      vertex 12.1975 19.25 1.2
      vertex 12.2299 19.3185 3.2
      vertex 12.1975 19.25 3.2
    endloop
  endfacet
  facet normal 0.90398 -0.427576 0
    outer loop
      vertex 12.2299 19.3185 3.2
      vertex 12.1975 19.25 1.2
      vertex 12.2299 19.3185 0
    endloop
  endfacet
  facet normal 0.902976 -0.429692 0
    outer loop
      vertex 12.1837 19.221 0
      vertex 12.1975 19.25 1.2
      vertex 12.1837 19.221 1.2
    endloop
  endfacet
  facet normal 0.903681 -0.428206 -4.40255e-05
    outer loop
      vertex 12.1975 19.25 1.2
      vertex 12.1837 19.221 0
      vertex 12.2299 19.3185 0
    endloop
  endfacet
  facet normal -0.514087 -0.857738 0
    outer loop
      vertex 13.7185 19.7701 0
      vertex 13.8111 19.7146 3.2
      vertex 13.7185 19.7701 3.2
    endloop
  endfacet
  facet normal -0.514087 -0.857738 -0
    outer loop
      vertex 13.8111 19.7146 3.2
      vertex 13.7185 19.7701 0
      vertex 13.8111 19.7146 0
    endloop
  endfacet
  facet normal -0.243625 -0.969869 0
    outer loop
      vertex 13.4146 19.8789 0
      vertex 13.5193 19.8526 3.2
      vertex 13.4146 19.8789 3.2
    endloop
  endfacet
  facet normal -0.243625 -0.969869 -0
    outer loop
      vertex 13.5193 19.8526 3.2
      vertex 13.4146 19.8789 0
      vertex 13.5193 19.8526 0
    endloop
  endfacet
  facet normal -0.803212 0.595693 0
    outer loop
      vertex 14.0503 12.3022 0
      vertex 14.1146 12.3889 3.2
      vertex 14.1146 12.3889 0
    endloop
  endfacet
  facet normal -0.803212 0.595693 0
    outer loop
      vertex 14.1146 12.3889 3.2
      vertex 14.0503 12.3022 0
      vertex 14.0503 12.3022 3.2
    endloop
  endfacet
  facet normal -0.989233 0.146347 0
    outer loop
      vertex 14.2789 12.7854 0
      vertex 14.2947 12.8922 1.2
      vertex 14.2947 12.8922 0
    endloop
  endfacet
  facet normal -0.989233 0.146347 0
    outer loop
      vertex 14.2947 12.8922 1.2
      vertex 14.2789 12.7854 0
      vertex 14.2789 12.7854 1.2
    endloop
  endfacet
  facet normal -0.998794 -0.0491058 0
    outer loop
      vertex 14.3 18.8 0
      vertex 14.2947 18.9078 1.2
      vertex 14.2947 18.9078 0
    endloop
  endfacet
  facet normal -0.998794 -0.0491058 0
    outer loop
      vertex 14.2947 18.9078 1.2
      vertex 14.3 18.8 0
      vertex 14.3 18.8 1.2
    endloop
  endfacet
  facet normal 0.969869 -0.243625 0
    outer loop
      vertex 12.1211 19.0146 1.2
      vertex 12.1474 19.1193 0
      vertex 12.1474 19.1193 1.2
    endloop
  endfacet
  facet normal 0.969869 -0.243625 0
    outer loop
      vertex 12.1474 19.1193 0
      vertex 12.1211 19.0146 1.2
      vertex 12.1211 19.0146 0
    endloop
  endfacet
  facet normal 0.989233 -0.146347 0
    outer loop
      vertex 12.1053 18.9078 1.2
      vertex 12.1211 19.0146 0
      vertex 12.1211 19.0146 1.2
    endloop
  endfacet
  facet normal 0.989233 -0.146347 0
    outer loop
      vertex 12.1211 19.0146 0
      vertex 12.1053 18.9078 1.2
      vertex 12.1053 18.9078 0
    endloop
  endfacet
  facet normal -0.428206 -0.903681 0
    outer loop
      vertex 13.621 19.8163 0
      vertex 13.7185 19.7701 3.2
      vertex 13.621 19.8163 3.2
    endloop
  endfacet
  facet normal -0.428206 -0.903681 -0
    outer loop
      vertex 13.7185 19.7701 3.2
      vertex 13.621 19.8163 0
      vertex 13.7185 19.7701 0
    endloop
  endfacet
  facet normal 0.514087 -0.857738 0
    outer loop
      vertex 12.5889 19.7146 0
      vertex 12.6815 19.7701 3.2
      vertex 12.5889 19.7146 3.2
    endloop
  endfacet
  facet normal 0.514087 -0.857738 0
    outer loop
      vertex 12.6815 19.7701 3.2
      vertex 12.5889 19.7146 0
      vertex 12.6815 19.7701 0
    endloop
  endfacet
  facet normal 0.428206 -0.903681 0
    outer loop
      vertex 12.6815 19.7701 0
      vertex 12.779 19.8163 3.2
      vertex 12.6815 19.7701 3.2
    endloop
  endfacet
  facet normal 0.428206 -0.903681 0
    outer loop
      vertex 12.779 19.8163 3.2
      vertex 12.6815 19.7701 0
      vertex 12.779 19.8163 0
    endloop
  endfacet
  facet normal -0.0491058 0.998794 0
    outer loop
      vertex 13.3078 11.9053 0
      vertex 13.2 11.9 3.2
      vertex 13.3078 11.9053 3.2
    endloop
  endfacet
  facet normal -0.0491058 0.998794 0
    outer loop
      vertex 13.2 11.9 3.2
      vertex 13.3078 11.9053 0
      vertex 13.2 11.9 0
    endloop
  endfacet
  facet normal 0.857738 0.514087 0
    outer loop
      vertex 12.2854 12.3889 3.2
      vertex 12.2299 12.4815 0
      vertex 12.2299 12.4815 3.2
    endloop
  endfacet
  facet normal 0.857738 0.514087 0
    outer loop
      vertex 12.2299 12.4815 0
      vertex 12.2854 12.3889 3.2
      vertex 12.2854 12.3889 0
    endloop
  endfacet
  facet normal -0.671519 -0.740987 0
    outer loop
      vertex 13.8978 19.6503 0
      vertex 13.9778 19.5778 3.2
      vertex 13.8978 19.6503 3.2
    endloop
  endfacet
  facet normal -0.671519 -0.740987 -0
    outer loop
      vertex 13.9778 19.5778 3.2
      vertex 13.8978 19.6503 0
      vertex 13.9778 19.5778 0
    endloop
  endfacet
  facet normal 0.998794 0.0491058 0
    outer loop
      vertex 12.1053 12.8922 1.2
      vertex 12.1 13 0
      vertex 12.1 13 1.2
    endloop
  endfacet
  facet normal 0.998794 0.0491058 0
    outer loop
      vertex 12.1 13 0
      vertex 12.1053 12.8922 1.2
      vertex 12.1053 12.8922 0
    endloop
  endfacet
  facet normal -0.428206 0.903681 0
    outer loop
      vertex 13.7185 12.0299 0
      vertex 13.621 11.9837 3.2
      vertex 13.7185 12.0299 3.2
    endloop
  endfacet
  facet normal -0.428206 0.903681 0
    outer loop
      vertex 13.621 11.9837 3.2
      vertex 13.7185 12.0299 0
      vertex 13.621 11.9837 0
    endloop
  endfacet
  facet normal -0.146347 -0.989233 0
    outer loop
      vertex 13.3078 19.8947 0
      vertex 13.4146 19.8789 3.2
      vertex 13.3078 19.8947 3.2
    endloop
  endfacet
  facet normal -0.146347 -0.989233 -0
    outer loop
      vertex 13.4146 19.8789 3.2
      vertex 13.3078 19.8947 0
      vertex 13.4146 19.8789 0
    endloop
  endfacet
  facet normal -0.941805 -0.33616 0
    outer loop
      vertex 14.2526 19.1193 0
      vertex 14.2163 19.221 1.2
      vertex 14.2163 19.221 0
    endloop
  endfacet
  facet normal -0.941805 -0.33616 0
    outer loop
      vertex 14.2163 19.221 1.2
      vertex 14.2526 19.1193 0
      vertex 14.2526 19.1193 1.2
    endloop
  endfacet
  facet normal -0.803212 -0.595693 0
    outer loop
      vertex 14.1146 19.4111 0
      vertex 14.0503 19.4978 3.2
      vertex 14.0503 19.4978 0
    endloop
  endfacet
  facet normal -0.803212 -0.595693 0
    outer loop
      vertex 14.0503 19.4978 3.2
      vertex 14.1146 19.4111 0
      vertex 14.1146 19.4111 3.2
    endloop
  endfacet
  facet normal -0.595693 -0.803212 0
    outer loop
      vertex 13.8111 19.7146 0
      vertex 13.8978 19.6503 3.2
      vertex 13.8111 19.7146 3.2
    endloop
  endfacet
  facet normal -0.595693 -0.803212 -0
    outer loop
      vertex 13.8978 19.6503 3.2
      vertex 13.8111 19.7146 0
      vertex 13.8978 19.6503 0
    endloop
  endfacet
  facet normal -0.989233 -0.146347 0
    outer loop
      vertex 14.2947 18.9078 0
      vertex 14.2789 19.0146 1.2
      vertex 14.2789 19.0146 0
    endloop
  endfacet
  facet normal -0.989233 -0.146347 0
    outer loop
      vertex 14.2789 19.0146 1.2
      vertex 14.2947 18.9078 0
      vertex 14.2947 18.9078 1.2
    endloop
  endfacet
  facet normal 0.740987 -0.671519 0
    outer loop
      vertex 12.3497 19.4978 3.2
      vertex 12.4222 19.5778 0
      vertex 12.4222 19.5778 3.2
    endloop
  endfacet
  facet normal 0.740987 -0.671519 0
    outer loop
      vertex 12.4222 19.5778 0
      vertex 12.3497 19.4978 3.2
      vertex 12.3497 19.4978 0
    endloop
  endfacet
  facet normal 0.146347 -0.989233 0
    outer loop
      vertex 12.9854 19.8789 0
      vertex 13.0922 19.8947 3.2
      vertex 12.9854 19.8789 3.2
    endloop
  endfacet
  facet normal 0.146347 -0.989233 0
    outer loop
      vertex 13.0922 19.8947 3.2
      vertex 12.9854 19.8789 0
      vertex 13.0922 19.8947 0
    endloop
  endfacet
  facet normal -0.514087 0.857738 0
    outer loop
      vertex 13.8111 12.0854 0
      vertex 13.7185 12.0299 3.2
      vertex 13.8111 12.0854 3.2
    endloop
  endfacet
  facet normal -0.514087 0.857738 0
    outer loop
      vertex 13.7185 12.0299 3.2
      vertex 13.8111 12.0854 0
      vertex 13.7185 12.0299 0
    endloop
  endfacet
  facet normal -0.0491058 -0.998794 0
    outer loop
      vertex 13.2 19.9 0
      vertex 13.3078 19.8947 3.2
      vertex 13.2 19.9 3.2
    endloop
  endfacet
  facet normal -0.0491058 -0.998794 -0
    outer loop
      vertex 13.3078 19.8947 3.2
      vertex 13.2 19.9 0
      vertex 13.3078 19.8947 0
    endloop
  endfacet
  facet normal -0.90398 -0.427576 0
    outer loop
      vertex 14.1701 19.3185 0
      vertex 14.2025 19.25 1.2
      vertex 14.1701 19.3185 3.2
    endloop
  endfacet
  facet normal -0.903681 -0.428206 -4.40255e-05
    outer loop
      vertex 14.2163 19.221 0
      vertex 14.2025 19.25 1.2
      vertex 14.1701 19.3185 0
    endloop
  endfacet
  facet normal -0.902976 -0.429692 0
    outer loop
      vertex 14.2025 19.25 1.2
      vertex 14.2163 19.221 0
      vertex 14.2163 19.221 1.2
    endloop
  endfacet
  facet normal -0.90398 -0.427576 0
    outer loop
      vertex 14.1701 19.3185 3.2
      vertex 14.2025 19.25 1.2
      vertex 14.2025 19.25 3.2
    endloop
  endfacet
  facet normal -0.595693 0.803212 0
    outer loop
      vertex 13.8978 12.1497 0
      vertex 13.8111 12.0854 3.2
      vertex 13.8978 12.1497 3.2
    endloop
  endfacet
  facet normal -0.595693 0.803212 0
    outer loop
      vertex 13.8111 12.0854 3.2
      vertex 13.8978 12.1497 0
      vertex 13.8111 12.0854 0
    endloop
  endfacet
  facet normal -0.740987 0.671519 0
    outer loop
      vertex 13.9778 12.2222 0
      vertex 14.0503 12.3022 3.2
      vertex 14.0503 12.3022 0
    endloop
  endfacet
  facet normal -0.740987 0.671519 0
    outer loop
      vertex 14.0503 12.3022 3.2
      vertex 13.9778 12.2222 0
      vertex 13.9778 12.2222 3.2
    endloop
  endfacet
  facet normal -1 0 0
    outer loop
      vertex 14.3 13 0
      vertex 14.3 18.8 1.2
      vertex 14.3 18.8 0
    endloop
  endfacet
  facet normal -1 -0 0
    outer loop
      vertex 14.3 18.8 1.2
      vertex 14.3 13 0
      vertex 14.3 13 1.2
    endloop
  endfacet
  facet normal -0.998794 0.0491058 0
    outer loop
      vertex 14.2947 12.8922 0
      vertex 14.3 13 1.2
      vertex 14.3 13 0
    endloop
  endfacet
  facet normal -0.998794 0.0491058 0
    outer loop
      vertex 14.3 13 1.2
      vertex 14.2947 12.8922 0
      vertex 14.2947 12.8922 1.2
    endloop
  endfacet
  facet normal -0.941805 0.33616 0
    outer loop
      vertex 14.2163 12.579 0
      vertex 14.2526 12.6807 1.2
      vertex 14.2526 12.6807 0
    endloop
  endfacet
  facet normal -0.941805 0.33616 0
    outer loop
      vertex 14.2526 12.6807 1.2
      vertex 14.2163 12.579 0
      vertex 14.2163 12.579 1.2
    endloop
  endfacet
  facet normal 0.33616 -0.941805 0
    outer loop
      vertex 12.779 19.8163 0
      vertex 12.8807 19.8526 3.2
      vertex 12.779 19.8163 3.2
    endloop
  endfacet
  facet normal 0.33616 -0.941805 0
    outer loop
      vertex 12.8807 19.8526 3.2
      vertex 12.779 19.8163 0
      vertex 12.8807 19.8526 0
    endloop
  endfacet
  facet normal 1 -0 0
    outer loop
      vertex 12.1 13 1.2
      vertex 12.1 18.8 0
      vertex 12.1 18.8 1.2
    endloop
  endfacet
  facet normal 1 0 0
    outer loop
      vertex 12.1 18.8 0
      vertex 12.1 13 1.2
      vertex 12.1 13 0
    endloop
  endfacet
  facet normal -0.33616 0.941805 0
    outer loop
      vertex 13.621 11.9837 0
      vertex 13.5193 11.9474 3.2
      vertex 13.621 11.9837 3.2
    endloop
  endfacet
  facet normal -0.33616 0.941805 0
    outer loop
      vertex 13.5193 11.9474 3.2
      vertex 13.621 11.9837 0
      vertex 13.5193 11.9474 0
    endloop
  endfacet
  facet normal -0.857738 0.514087 0
    outer loop
      vertex 14.1146 12.3889 0
      vertex 14.1701 12.4815 3.2
      vertex 14.1701 12.4815 0
    endloop
  endfacet
  facet normal -0.857738 0.514087 0
    outer loop
      vertex 14.1701 12.4815 3.2
      vertex 14.1146 12.3889 0
      vertex 14.1146 12.3889 3.2
    endloop
  endfacet
  facet normal -0.969869 0.243625 0
    outer loop
      vertex 14.2526 12.6807 0
      vertex 14.2789 12.7854 1.2
      vertex 14.2789 12.7854 0
    endloop
  endfacet
  facet normal -0.969869 0.243625 0
    outer loop
      vertex 14.2789 12.7854 1.2
      vertex 14.2526 12.6807 0
      vertex 14.2526 12.6807 1.2
    endloop
  endfacet
  facet normal -0.857738 -0.514087 0
    outer loop
      vertex 14.1701 19.3185 0
      vertex 14.1146 19.4111 3.2
      vertex 14.1146 19.4111 0
    endloop
  endfacet
  facet normal -0.857738 -0.514087 0
    outer loop
      vertex 14.1146 19.4111 3.2
      vertex 14.1701 19.3185 0
      vertex 14.1701 19.3185 3.2
    endloop
  endfacet
  facet normal 0.998794 -0.0491058 0
    outer loop
      vertex 12.1 18.8 1.2
      vertex 12.1053 18.9078 0
      vertex 12.1053 18.9078 1.2
    endloop
  endfacet
  facet normal 0.998794 -0.0491058 0
    outer loop
      vertex 12.1053 18.9078 0
      vertex 12.1 18.8 1.2
      vertex 12.1 18.8 0
    endloop
  endfacet
  facet normal -0.969869 -0.243625 0
    outer loop
      vertex 14.2789 19.0146 0
      vertex 14.2526 19.1193 1.2
      vertex 14.2526 19.1193 0
    endloop
  endfacet
  facet normal -0.969869 -0.243625 0
    outer loop
      vertex 14.2526 19.1193 1.2
      vertex 14.2789 19.0146 0
      vertex 14.2789 19.0146 1.2
    endloop
  endfacet
  facet normal 0.857738 -0.514087 0
    outer loop
      vertex 12.2299 19.3185 3.2
      vertex 12.2854 19.4111 0
      vertex 12.2854 19.4111 3.2
    endloop
  endfacet
  facet normal 0.857738 -0.514087 0
    outer loop
      vertex 12.2854 19.4111 0
      vertex 12.2299 19.3185 3.2
      vertex 12.2299 19.3185 0
    endloop
  endfacet
  facet normal 0.671519 0.740987 -0
    outer loop
      vertex 12.5022 12.1497 0
      vertex 12.4222 12.2222 3.2
      vertex 12.5022 12.1497 3.2
    endloop
  endfacet
  facet normal 0.671519 0.740987 0
    outer loop
      vertex 12.4222 12.2222 3.2
      vertex 12.5022 12.1497 0
      vertex 12.4222 12.2222 0
    endloop
  endfacet
  facet normal 0.671519 -0.740987 0
    outer loop
      vertex 12.4222 19.5778 0
      vertex 12.5022 19.6503 3.2
      vertex 12.4222 19.5778 3.2
    endloop
  endfacet
  facet normal 0.671519 -0.740987 0
    outer loop
      vertex 12.5022 19.6503 3.2
      vertex 12.4222 19.5778 0
      vertex 12.5022 19.6503 0
    endloop
  endfacet
  facet normal 0.740987 0.671519 0
    outer loop
      vertex 12.4222 12.2222 3.2
      vertex 12.3497 12.3022 0
      vertex 12.3497 12.3022 3.2
    endloop
  endfacet
  facet normal 0.740987 0.671519 0
    outer loop
      vertex 12.3497 12.3022 0
      vertex 12.4222 12.2222 3.2
      vertex 12.4222 12.2222 0
    endloop
  endfacet
  facet normal 0.989233 0.146347 0
    outer loop
      vertex 12.1211 12.7854 1.2
      vertex 12.1053 12.8922 0
      vertex 12.1053 12.8922 1.2
    endloop
  endfacet
  facet normal 0.989233 0.146347 0
    outer loop
      vertex 12.1053 12.8922 0
      vertex 12.1211 12.7854 1.2
      vertex 12.1211 12.7854 0
    endloop
  endfacet
  facet normal 0.941805 -0.33616 0
    outer loop
      vertex 12.1474 19.1193 1.2
      vertex 12.1837 19.221 0
      vertex 12.1837 19.221 1.2
    endloop
  endfacet
  facet normal 0.941805 -0.33616 0
    outer loop
      vertex 12.1837 19.221 0
      vertex 12.1474 19.1193 1.2
      vertex 12.1474 19.1193 0
    endloop
  endfacet
  facet normal -0.740987 -0.671519 0
    outer loop
      vertex 14.0503 19.4978 0
      vertex 13.9778 19.5778 3.2
      vertex 13.9778 19.5778 0
    endloop
  endfacet
  facet normal -0.740987 -0.671519 0
    outer loop
      vertex 13.9778 19.5778 3.2
      vertex 14.0503 19.4978 0
      vertex 14.0503 19.4978 3.2
    endloop
  endfacet
  facet normal 0.595693 -0.803212 0
    outer loop
      vertex 12.5022 19.6503 0
      vertex 12.5889 19.7146 3.2
      vertex 12.5022 19.6503 3.2
    endloop
  endfacet
  facet normal 0.595693 -0.803212 0
    outer loop
      vertex 12.5889 19.7146 3.2
      vertex 12.5022 19.6503 0
      vertex 12.5889 19.7146 0
    endloop
  endfacet
  facet normal 0.595693 0.803212 -0
    outer loop
      vertex 12.5889 12.0854 0
      vertex 12.5022 12.1497 3.2
      vertex 12.5889 12.0854 3.2
    endloop
  endfacet
  facet normal 0.595693 0.803212 0
    outer loop
      vertex 12.5022 12.1497 3.2
      vertex 12.5889 12.0854 0
      vertex 12.5022 12.1497 0
    endloop
  endfacet
  facet normal -0.902976 0.429692 0
    outer loop
      vertex 14.2163 12.579 0
      vertex 14.2025 12.55 1.2
      vertex 14.2163 12.579 1.2
    endloop
  endfacet
  facet normal -0.903681 0.428206 -4.40255e-05
    outer loop
      vertex 14.1701 12.4815 0
      vertex 14.2025 12.55 1.2
      vertex 14.2163 12.579 0
    endloop
  endfacet
  facet normal -0.90398 0.427576 0
    outer loop
      vertex 14.1701 12.4815 3.2
      vertex 14.2025 12.55 1.2
      vertex 14.1701 12.4815 0
    endloop
  endfacet
  facet normal -0.90398 0.427576 0
    outer loop
      vertex 14.2025 12.55 1.2
      vertex 14.1701 12.4815 3.2
      vertex 14.2025 12.55 3.2
    endloop
  endfacet
  facet normal 0.514087 0.857738 -0
    outer loop
      vertex 12.6815 12.0299 0
      vertex 12.5889 12.0854 3.2
      vertex 12.6815 12.0299 3.2
    endloop
  endfacet
  facet normal 0.514087 0.857738 0
    outer loop
      vertex 12.5889 12.0854 3.2
      vertex 12.6815 12.0299 0
      vertex 12.5889 12.0854 0
    endloop
  endfacet
  facet normal 0.0491058 0.998794 -0
    outer loop
      vertex 13.2 11.9 0
      vertex 13.0922 11.9053 3.2
      vertex 13.2 11.9 3.2
    endloop
  endfacet
  facet normal 0.0491058 0.998794 0
    outer loop
      vertex 13.0922 11.9053 3.2
      vertex 13.2 11.9 0
      vertex 13.0922 11.9053 0
    endloop
  endfacet
  facet normal 0.146347 0.989233 -0
    outer loop
      vertex 13.0922 11.9053 0
      vertex 12.9854 11.9211 3.2
      vertex 13.0922 11.9053 3.2
    endloop
  endfacet
  facet normal 0.146347 0.989233 0
    outer loop
      vertex 12.9854 11.9211 3.2
      vertex 13.0922 11.9053 0
      vertex 12.9854 11.9211 0
    endloop
  endfacet
  facet normal 0.90398 0.427576 0
    outer loop
      vertex 12.1975 12.55 3.2
      vertex 12.2299 12.4815 3.2
      vertex 12.1975 12.55 1.2
    endloop
  endfacet
  facet normal 0.902976 0.429692 0
    outer loop
      vertex 12.1975 12.55 1.2
      vertex 12.1837 12.579 0
      vertex 12.1837 12.579 1.2
    endloop
  endfacet
  facet normal 0.90398 0.427576 -0
    outer loop
      vertex 12.2299 12.4815 0
      vertex 12.1975 12.55 1.2
      vertex 12.2299 12.4815 3.2
    endloop
  endfacet
  facet normal 0.903681 0.428206 -4.40255e-05
    outer loop
      vertex 12.1975 12.55 1.2
      vertex 12.2299 12.4815 0
      vertex 12.1837 12.579 0
    endloop
  endfacet
  facet normal 0.243625 -0.969869 0
    outer loop
      vertex 12.8807 19.8526 0
      vertex 12.9854 19.8789 3.2
      vertex 12.8807 19.8526 3.2
    endloop
  endfacet
  facet normal 0.243625 -0.969869 0
    outer loop
      vertex 12.9854 19.8789 3.2
      vertex 12.8807 19.8526 0
      vertex 12.9854 19.8789 0
    endloop
  endfacet
  facet normal -0.671519 0.740987 0
    outer loop
      vertex 13.9778 12.2222 0
      vertex 13.8978 12.1497 3.2
      vertex 13.9778 12.2222 3.2
    endloop
  endfacet
  facet normal -0.671519 0.740987 0
    outer loop
      vertex 13.8978 12.1497 3.2
      vertex 13.9778 12.2222 0
      vertex 13.8978 12.1497 0
    endloop
  endfacet
  facet normal -0.146347 0.989233 0
    outer loop
      vertex 13.4146 11.9211 0
      vertex 13.3078 11.9053 3.2
      vertex 13.4146 11.9211 3.2
    endloop
  endfacet
  facet normal -0.146347 0.989233 0
    outer loop
      vertex 13.3078 11.9053 3.2
      vertex 13.4146 11.9211 0
      vertex 13.3078 11.9053 0
    endloop
  endfacet
  facet normal 0.941805 0.33616 0
    outer loop
      vertex 12.1837 12.579 1.2
      vertex 12.1474 12.6807 0
      vertex 12.1474 12.6807 1.2
    endloop
  endfacet
  facet normal 0.941805 0.33616 0
    outer loop
      vertex 12.1474 12.6807 0
      vertex 12.1837 12.579 1.2
      vertex 12.1837 12.579 0
    endloop
  endfacet
  facet normal 0.428206 0.903681 -0
    outer loop
      vertex 12.779 11.9837 0
      vertex 12.6815 12.0299 3.2
      vertex 12.779 11.9837 3.2
    endloop
  endfacet
  facet normal 0.428206 0.903681 0
    outer loop
      vertex 12.6815 12.0299 3.2
      vertex 12.779 11.9837 0
      vertex 12.6815 12.0299 0
    endloop
  endfacet
  facet normal 0.33616 0.941805 -0
    outer loop
      vertex 12.8807 11.9474 0
      vertex 12.779 11.9837 3.2
      vertex 12.8807 11.9474 3.2
    endloop
  endfacet
  facet normal 0.33616 0.941805 0
    outer loop
      vertex 12.779 11.9837 3.2
      vertex 12.8807 11.9474 0
      vertex 12.779 11.9837 0
    endloop
  endfacet
  facet normal 0.803212 0.595693 0
    outer loop
      vertex 12.3497 12.3022 3.2
      vertex 12.2854 12.3889 0
      vertex 12.2854 12.3889 3.2
    endloop
  endfacet
  facet normal 0.803212 0.595693 0
    outer loop
      vertex 12.2854 12.3889 0
      vertex 12.3497 12.3022 3.2
      vertex 12.3497 12.3022 0
    endloop
  endfacet
  facet normal -0.243625 0.969869 0
    outer loop
      vertex 13.5193 11.9474 0
      vertex 13.4146 11.9211 3.2
      vertex 13.5193 11.9474 3.2
    endloop
  endfacet
  facet normal -0.243625 0.969869 0
    outer loop
      vertex 13.4146 11.9211 3.2
      vertex 13.5193 11.9474 0
      vertex 13.4146 11.9211 0
    endloop
  endfacet
  facet normal 0.969869 0.243625 0
    outer loop
      vertex 12.1474 12.6807 1.2
      vertex 12.1211 12.7854 0
      vertex 12.1211 12.7854 1.2
    endloop
  endfacet
  facet normal 0.969869 0.243625 0
    outer loop
      vertex 12.1211 12.7854 0
      vertex 12.1474 12.6807 1.2
      vertex 12.1474 12.6807 0
    endloop
  endfacet
  facet normal -0.969869 0.243625 0
    outer loop
      vertex 20.6526 12.6807 0
      vertex 20.6789 12.7854 1.2
      vertex 20.6789 12.7854 0
    endloop
  endfacet
  facet normal -0.969869 0.243625 0
    outer loop
      vertex 20.6789 12.7854 1.2
      vertex 20.6526 12.6807 0
      vertex 20.6526 12.6807 1.2
    endloop
  endfacet
  facet normal -0.989233 -0.146347 0
    outer loop
      vertex 20.6947 18.9078 0
      vertex 20.6789 19.0146 1.2
      vertex 20.6789 19.0146 0
    endloop
  endfacet
  facet normal -0.989233 -0.146347 0
    outer loop
      vertex 20.6789 19.0146 1.2
      vertex 20.6947 18.9078 0
      vertex 20.6947 18.9078 1.2
    endloop
  endfacet
  facet normal -0.33616 -0.941805 0
    outer loop
      vertex 19.9193 19.8526 0
      vertex 20.021 19.8163 3.2
      vertex 19.9193 19.8526 3.2
    endloop
  endfacet
  facet normal -0.33616 -0.941805 -0
    outer loop
      vertex 20.021 19.8163 3.2
      vertex 19.9193 19.8526 0
      vertex 20.021 19.8163 0
    endloop
  endfacet
  facet normal 0.740987 0.671519 0
    outer loop
      vertex 18.8222 12.2222 3.2
      vertex 18.7497 12.3022 0
      vertex 18.7497 12.3022 3.2
    endloop
  endfacet
  facet normal 0.740987 0.671519 0
    outer loop
      vertex 18.7497 12.3022 0
      vertex 18.8222 12.2222 3.2
      vertex 18.8222 12.2222 0
    endloop
  endfacet
  facet normal -0.803212 -0.595693 0
    outer loop
      vertex 20.5146 19.4111 0
      vertex 20.4503 19.4978 3.2
      vertex 20.4503 19.4978 0
    endloop
  endfacet
  facet normal -0.803212 -0.595693 0
    outer loop
      vertex 20.4503 19.4978 3.2
      vertex 20.5146 19.4111 0
      vertex 20.5146 19.4111 3.2
    endloop
  endfacet
  facet normal 0.33616 -0.941805 0
    outer loop
      vertex 19.179 19.8163 0
      vertex 19.2807 19.8526 3.2
      vertex 19.179 19.8163 3.2
    endloop
  endfacet
  facet normal 0.33616 -0.941805 0
    outer loop
      vertex 19.2807 19.8526 3.2
      vertex 19.179 19.8163 0
      vertex 19.2807 19.8526 0
    endloop
  endfacet
  facet normal 0.857738 -0.514087 0
    outer loop
      vertex 18.6299 19.3185 3.2
      vertex 18.6854 19.4111 0
      vertex 18.6854 19.4111 3.2
    endloop
  endfacet
  facet normal 0.857738 -0.514087 0
    outer loop
      vertex 18.6854 19.4111 0
      vertex 18.6299 19.3185 3.2
      vertex 18.6299 19.3185 0
    endloop
  endfacet
  facet normal -0.514087 -0.857738 0
    outer loop
      vertex 20.1185 19.7701 0
      vertex 20.2111 19.7146 3.2
      vertex 20.1185 19.7701 3.2
    endloop
  endfacet
  facet normal -0.514087 -0.857738 -0
    outer loop
      vertex 20.2111 19.7146 3.2
      vertex 20.1185 19.7701 0
      vertex 20.2111 19.7146 0
    endloop
  endfacet
  facet normal -0.243625 -0.969869 0
    outer loop
      vertex 19.8146 19.8789 0
      vertex 19.9193 19.8526 3.2
      vertex 19.8146 19.8789 3.2
    endloop
  endfacet
  facet normal -0.243625 -0.969869 -0
    outer loop
      vertex 19.9193 19.8526 3.2
      vertex 19.8146 19.8789 0
      vertex 19.9193 19.8526 0
    endloop
  endfacet
  facet normal 0.998794 -0.0491058 0
    outer loop
      vertex 18.5 18.8 1.2
      vertex 18.5053 18.9078 0
      vertex 18.5053 18.9078 1.2
    endloop
  endfacet
  facet normal 0.998794 -0.0491058 0
    outer loop
      vertex 18.5053 18.9078 0
      vertex 18.5 18.8 1.2
      vertex 18.5 18.8 0
    endloop
  endfacet
  facet normal 0.671519 -0.740987 0
    outer loop
      vertex 18.8222 19.5778 0
      vertex 18.9022 19.6503 3.2
      vertex 18.8222 19.5778 3.2
    endloop
  endfacet
  facet normal 0.671519 -0.740987 0
    outer loop
      vertex 18.9022 19.6503 3.2
      vertex 18.8222 19.5778 0
      vertex 18.9022 19.6503 0
    endloop
  endfacet
  facet normal 0.595693 -0.803212 0
    outer loop
      vertex 18.9022 19.6503 0
      vertex 18.9889 19.7146 3.2
      vertex 18.9022 19.6503 3.2
    endloop
  endfacet
  facet normal 0.595693 -0.803212 0
    outer loop
      vertex 18.9889 19.7146 3.2
      vertex 18.9022 19.6503 0
      vertex 18.9889 19.7146 0
    endloop
  endfacet
  facet normal -0.595693 0.803212 0
    outer loop
      vertex 20.2978 12.1497 0
      vertex 20.2111 12.0854 3.2
      vertex 20.2978 12.1497 3.2
    endloop
  endfacet
  facet normal -0.595693 0.803212 0
    outer loop
      vertex 20.2111 12.0854 3.2
      vertex 20.2978 12.1497 0
      vertex 20.2111 12.0854 0
    endloop
  endfacet
  facet normal 0.243625 0.969869 -0
    outer loop
      vertex 19.3854 11.9211 0
      vertex 19.2807 11.9474 3.2
      vertex 19.3854 11.9211 3.2
    endloop
  endfacet
  facet normal 0.243625 0.969869 0
    outer loop
      vertex 19.2807 11.9474 3.2
      vertex 19.3854 11.9211 0
      vertex 19.2807 11.9474 0
    endloop
  endfacet
  facet normal -0.428206 -0.903681 0
    outer loop
      vertex 20.021 19.8163 0
      vertex 20.1185 19.7701 3.2
      vertex 20.021 19.8163 3.2
    endloop
  endfacet
  facet normal -0.428206 -0.903681 -0
    outer loop
      vertex 20.1185 19.7701 3.2
      vertex 20.021 19.8163 0
      vertex 20.1185 19.7701 0
    endloop
  endfacet
  facet normal 0.941805 -0.33616 0
    outer loop
      vertex 18.5474 19.1193 1.2
      vertex 18.5837 19.221 0
      vertex 18.5837 19.221 1.2
    endloop
  endfacet
  facet normal 0.941805 -0.33616 0
    outer loop
      vertex 18.5837 19.221 0
      vertex 18.5474 19.1193 1.2
      vertex 18.5474 19.1193 0
    endloop
  endfacet
  facet normal -0.941805 -0.33616 0
    outer loop
      vertex 20.6526 19.1193 0
      vertex 20.6163 19.221 1.2
      vertex 20.6163 19.221 0
    endloop
  endfacet
  facet normal -0.941805 -0.33616 0
    outer loop
      vertex 20.6163 19.221 1.2
      vertex 20.6526 19.1193 0
      vertex 20.6526 19.1193 1.2
    endloop
  endfacet
  facet normal 0.998794 0.0491058 0
    outer loop
      vertex 18.5053 12.8922 1.2
      vertex 18.5 13 0
      vertex 18.5 13 1.2
    endloop
  endfacet
  facet normal 0.998794 0.0491058 0
    outer loop
      vertex 18.5 13 0
      vertex 18.5053 12.8922 1.2
      vertex 18.5053 12.8922 0
    endloop
  endfacet
  facet normal -0.941805 0.33616 0
    outer loop
      vertex 20.6163 12.579 0
      vertex 20.6526 12.6807 1.2
      vertex 20.6526 12.6807 0
    endloop
  endfacet
  facet normal -0.941805 0.33616 0
    outer loop
      vertex 20.6526 12.6807 1.2
      vertex 20.6163 12.579 0
      vertex 20.6163 12.579 1.2
    endloop
  endfacet
  facet normal -0.857738 0.514087 0
    outer loop
      vertex 20.5146 12.3889 0
      vertex 20.5701 12.4815 3.2
      vertex 20.5701 12.4815 0
    endloop
  endfacet
  facet normal -0.857738 0.514087 0
    outer loop
      vertex 20.5701 12.4815 3.2
      vertex 20.5146 12.3889 0
      vertex 20.5146 12.3889 3.2
    endloop
  endfacet
  facet normal -0.671519 -0.740987 0
    outer loop
      vertex 20.2978 19.6503 0
      vertex 20.3778 19.5778 3.2
      vertex 20.2978 19.6503 3.2
    endloop
  endfacet
  facet normal -0.671519 -0.740987 -0
    outer loop
      vertex 20.3778 19.5778 3.2
      vertex 20.2978 19.6503 0
      vertex 20.3778 19.5778 0
    endloop
  endfacet
  facet normal 0.989233 0.146347 0
    outer loop
      vertex 18.5211 12.7854 1.2
      vertex 18.5053 12.8922 0
      vertex 18.5053 12.8922 1.2
    endloop
  endfacet
  facet normal 0.989233 0.146347 0
    outer loop
      vertex 18.5053 12.8922 0
      vertex 18.5211 12.7854 1.2
      vertex 18.5211 12.7854 0
    endloop
  endfacet
  facet normal -0.998794 -0.0491058 0
    outer loop
      vertex 20.7 18.8 0
      vertex 20.6947 18.9078 1.2
      vertex 20.6947 18.9078 0
    endloop
  endfacet
  facet normal -0.998794 -0.0491058 0
    outer loop
      vertex 20.6947 18.9078 1.2
      vertex 20.7 18.8 0
      vertex 20.7 18.8 1.2
    endloop
  endfacet
  facet normal -0.146347 -0.989233 0
    outer loop
      vertex 19.7078 19.8947 0
      vertex 19.8146 19.8789 3.2
      vertex 19.7078 19.8947 3.2
    endloop
  endfacet
  facet normal -0.146347 -0.989233 -0
    outer loop
      vertex 19.8146 19.8789 3.2
      vertex 19.7078 19.8947 0
      vertex 19.8146 19.8789 0
    endloop
  endfacet
  facet normal 0.90398 -0.427576 0
    outer loop
      vertex 18.5975 19.25 1.2
      vertex 18.6299 19.3185 3.2
      vertex 18.5975 19.25 3.2
    endloop
  endfacet
  facet normal 0.90398 -0.427576 0
    outer loop
      vertex 18.6299 19.3185 3.2
      vertex 18.5975 19.25 1.2
      vertex 18.6299 19.3185 0
    endloop
  endfacet
  facet normal 0.902976 -0.429692 0
    outer loop
      vertex 18.5837 19.221 0
      vertex 18.5975 19.25 1.2
      vertex 18.5837 19.221 1.2
    endloop
  endfacet
  facet normal 0.903681 -0.428206 -4.40255e-05
    outer loop
      vertex 18.5975 19.25 1.2
      vertex 18.5837 19.221 0
      vertex 18.6299 19.3185 0
    endloop
  endfacet
  facet normal 0.671519 0.740987 -0
    outer loop
      vertex 18.9022 12.1497 0
      vertex 18.8222 12.2222 3.2
      vertex 18.9022 12.1497 3.2
    endloop
  endfacet
  facet normal 0.671519 0.740987 0
    outer loop
      vertex 18.8222 12.2222 3.2
      vertex 18.9022 12.1497 0
      vertex 18.8222 12.2222 0
    endloop
  endfacet
  facet normal 0.514087 -0.857738 0
    outer loop
      vertex 18.9889 19.7146 0
      vertex 19.0815 19.7701 3.2
      vertex 18.9889 19.7146 3.2
    endloop
  endfacet
  facet normal 0.514087 -0.857738 0
    outer loop
      vertex 19.0815 19.7701 3.2
      vertex 18.9889 19.7146 0
      vertex 19.0815 19.7701 0
    endloop
  endfacet
  facet normal -0.514087 0.857738 0
    outer loop
      vertex 20.2111 12.0854 0
      vertex 20.1185 12.0299 3.2
      vertex 20.2111 12.0854 3.2
    endloop
  endfacet
  facet normal -0.514087 0.857738 0
    outer loop
      vertex 20.1185 12.0299 3.2
      vertex 20.2111 12.0854 0
      vertex 20.1185 12.0299 0
    endloop
  endfacet
  facet normal -0.0491058 0.998794 0
    outer loop
      vertex 19.7078 11.9053 0
      vertex 19.6 11.9 3.2
      vertex 19.7078 11.9053 3.2
    endloop
  endfacet
  facet normal -0.0491058 0.998794 0
    outer loop
      vertex 19.6 11.9 3.2
      vertex 19.7078 11.9053 0
      vertex 19.6 11.9 0
    endloop
  endfacet
  facet normal -0.998794 0.0491058 0
    outer loop
      vertex 20.6947 12.8922 0
      vertex 20.7 13 1.2
      vertex 20.7 13 0
    endloop
  endfacet
  facet normal -0.998794 0.0491058 0
    outer loop
      vertex 20.7 13 1.2
      vertex 20.6947 12.8922 0
      vertex 20.6947 12.8922 1.2
    endloop
  endfacet
  facet normal -0.595693 -0.803212 0
    outer loop
      vertex 20.2111 19.7146 0
      vertex 20.2978 19.6503 3.2
      vertex 20.2111 19.7146 3.2
    endloop
  endfacet
  facet normal -0.595693 -0.803212 -0
    outer loop
      vertex 20.2978 19.6503 3.2
      vertex 20.2111 19.7146 0
      vertex 20.2978 19.6503 0
    endloop
  endfacet
  facet normal 0.0491058 -0.998794 0
    outer loop
      vertex 19.4922 19.8947 0
      vertex 19.6 19.9 3.2
      vertex 19.4922 19.8947 3.2
    endloop
  endfacet
  facet normal 0.0491058 -0.998794 0
    outer loop
      vertex 19.6 19.9 3.2
      vertex 19.4922 19.8947 0
      vertex 19.6 19.9 0
    endloop
  endfacet
  facet normal 0.969869 -0.243625 0
    outer loop
      vertex 18.5211 19.0146 1.2
      vertex 18.5474 19.1193 0
      vertex 18.5474 19.1193 1.2
    endloop
  endfacet
  facet normal 0.969869 -0.243625 0
    outer loop
      vertex 18.5474 19.1193 0
      vertex 18.5211 19.0146 1.2
      vertex 18.5211 19.0146 0
    endloop
  endfacet
  facet normal 0.428206 0.903681 -0
    outer loop
      vertex 19.179 11.9837 0
      vertex 19.0815 12.0299 3.2
      vertex 19.179 11.9837 3.2
    endloop
  endfacet
  facet normal 0.428206 0.903681 0
    outer loop
      vertex 19.0815 12.0299 3.2
      vertex 19.179 11.9837 0
      vertex 19.0815 12.0299 0
    endloop
  endfacet
  facet normal 0.243625 -0.969869 0
    outer loop
      vertex 19.2807 19.8526 0
      vertex 19.3854 19.8789 3.2
      vertex 19.2807 19.8526 3.2
    endloop
  endfacet
  facet normal 0.243625 -0.969869 0
    outer loop
      vertex 19.3854 19.8789 3.2
      vertex 19.2807 19.8526 0
      vertex 19.3854 19.8789 0
    endloop
  endfacet
  facet normal 0.90398 0.427576 0
    outer loop
      vertex 18.5975 12.55 3.2
      vertex 18.6299 12.4815 3.2
      vertex 18.5975 12.55 1.2
    endloop
  endfacet
  facet normal 0.902976 0.429692 0
    outer loop
      vertex 18.5975 12.55 1.2
      vertex 18.5837 12.579 0
      vertex 18.5837 12.579 1.2
    endloop
  endfacet
  facet normal 0.90398 0.427576 -0
    outer loop
      vertex 18.6299 12.4815 0
      vertex 18.5975 12.55 1.2
      vertex 18.6299 12.4815 3.2
    endloop
  endfacet
  facet normal 0.903681 0.428206 -4.40255e-05
    outer loop
      vertex 18.5975 12.55 1.2
      vertex 18.6299 12.4815 0
      vertex 18.5837 12.579 0
    endloop
  endfacet
  facet normal -0.857738 -0.514087 0
    outer loop
      vertex 20.5701 19.3185 0
      vertex 20.5146 19.4111 3.2
      vertex 20.5146 19.4111 0
    endloop
  endfacet
  facet normal -0.857738 -0.514087 0
    outer loop
      vertex 20.5146 19.4111 3.2
      vertex 20.5701 19.3185 0
      vertex 20.5701 19.3185 3.2
    endloop
  endfacet
  facet normal -0.740987 0.671519 0
    outer loop
      vertex 20.3778 12.2222 0
      vertex 20.4503 12.3022 3.2
      vertex 20.4503 12.3022 0
    endloop
  endfacet
  facet normal -0.740987 0.671519 0
    outer loop
      vertex 20.4503 12.3022 3.2
      vertex 20.3778 12.2222 0
      vertex 20.3778 12.2222 3.2
    endloop
  endfacet
  facet normal 0.428206 -0.903681 0
    outer loop
      vertex 19.0815 19.7701 0
      vertex 19.179 19.8163 3.2
      vertex 19.0815 19.7701 3.2
    endloop
  endfacet
  facet normal 0.428206 -0.903681 0
    outer loop
      vertex 19.179 19.8163 3.2
      vertex 19.0815 19.7701 0
      vertex 19.179 19.8163 0
    endloop
  endfacet
  facet normal 0.33616 0.941805 -0
    outer loop
      vertex 19.2807 11.9474 0
      vertex 19.179 11.9837 3.2
      vertex 19.2807 11.9474 3.2
    endloop
  endfacet
  facet normal 0.33616 0.941805 0
    outer loop
      vertex 19.179 11.9837 3.2
      vertex 19.2807 11.9474 0
      vertex 19.179 11.9837 0
    endloop
  endfacet
  facet normal -1 0 0
    outer loop
      vertex 20.7 13 0
      vertex 20.7 18.8 1.2
      vertex 20.7 18.8 0
    endloop
  endfacet
  facet normal -1 -0 0
    outer loop
      vertex 20.7 18.8 1.2
      vertex 20.7 13 0
      vertex 20.7 13 1.2
    endloop
  endfacet
  facet normal -0.989233 0.146347 0
    outer loop
      vertex 20.6789 12.7854 0
      vertex 20.6947 12.8922 1.2
      vertex 20.6947 12.8922 0
    endloop
  endfacet
  facet normal -0.989233 0.146347 0
    outer loop
      vertex 20.6947 12.8922 1.2
      vertex 20.6789 12.7854 0
      vertex 20.6789 12.7854 1.2
    endloop
  endfacet
  facet normal -0.969869 -0.243625 0
    outer loop
      vertex 20.6789 19.0146 0
      vertex 20.6526 19.1193 1.2
      vertex 20.6526 19.1193 0
    endloop
  endfacet
  facet normal -0.969869 -0.243625 0
    outer loop
      vertex 20.6526 19.1193 1.2
      vertex 20.6789 19.0146 0
      vertex 20.6789 19.0146 1.2
    endloop
  endfacet
  facet normal -0.90398 -0.427576 0
    outer loop
      vertex 20.5701 19.3185 0
      vertex 20.6025 19.25 1.2
      vertex 20.5701 19.3185 3.2
    endloop
  endfacet
  facet normal -0.903681 -0.428206 -4.40255e-05
    outer loop
      vertex 20.6163 19.221 0
      vertex 20.6025 19.25 1.2
      vertex 20.5701 19.3185 0
    endloop
  endfacet
  facet normal -0.902976 -0.429692 0
    outer loop
      vertex 20.6025 19.25 1.2
      vertex 20.6163 19.221 0
      vertex 20.6163 19.221 1.2
    endloop
  endfacet
  facet normal -0.90398 -0.427576 0
    outer loop
      vertex 20.5701 19.3185 3.2
      vertex 20.6025 19.25 1.2
      vertex 20.6025 19.25 3.2
    endloop
  endfacet
  facet normal -0.0491058 -0.998794 0
    outer loop
      vertex 19.6 19.9 0
      vertex 19.7078 19.8947 3.2
      vertex 19.6 19.9 3.2
    endloop
  endfacet
  facet normal -0.0491058 -0.998794 -0
    outer loop
      vertex 19.7078 19.8947 3.2
      vertex 19.6 19.9 0
      vertex 19.7078 19.8947 0
    endloop
  endfacet
  facet normal 0.146347 -0.989233 0
    outer loop
      vertex 19.3854 19.8789 0
      vertex 19.4922 19.8947 3.2
      vertex 19.3854 19.8789 3.2
    endloop
  endfacet
  facet normal 0.146347 -0.989233 0
    outer loop
      vertex 19.4922 19.8947 3.2
      vertex 19.3854 19.8789 0
      vertex 19.4922 19.8947 0
    endloop
  endfacet
  facet normal 1 -0 0
    outer loop
      vertex 18.5 13 1.2
      vertex 18.5 18.8 0
      vertex 18.5 18.8 1.2
    endloop
  endfacet
  facet normal 1 0 0
    outer loop
      vertex 18.5 18.8 0
      vertex 18.5 13 1.2
      vertex 18.5 13 0
    endloop
  endfacet
  facet normal 0.989233 -0.146347 0
    outer loop
      vertex 18.5053 18.9078 1.2
      vertex 18.5211 19.0146 0
      vertex 18.5211 19.0146 1.2
    endloop
  endfacet
  facet normal 0.989233 -0.146347 0
    outer loop
      vertex 18.5211 19.0146 0
      vertex 18.5053 18.9078 1.2
      vertex 18.5053 18.9078 0
    endloop
  endfacet
  facet normal 0.803212 0.595693 0
    outer loop
      vertex 18.7497 12.3022 3.2
      vertex 18.6854 12.3889 0
      vertex 18.6854 12.3889 3.2
    endloop
  endfacet
  facet normal 0.803212 0.595693 0
    outer loop
      vertex 18.6854 12.3889 0
      vertex 18.7497 12.3022 3.2
      vertex 18.7497 12.3022 0
    endloop
  endfacet
  facet normal 0.595693 0.803212 -0
    outer loop
      vertex 18.9889 12.0854 0
      vertex 18.9022 12.1497 3.2
      vertex 18.9889 12.0854 3.2
    endloop
  endfacet
  facet normal 0.595693 0.803212 0
    outer loop
      vertex 18.9022 12.1497 3.2
      vertex 18.9889 12.0854 0
      vertex 18.9022 12.1497 0
    endloop
  endfacet
  facet normal 0.803212 -0.595693 0
    outer loop
      vertex 18.6854 19.4111 3.2
      vertex 18.7497 19.4978 0
      vertex 18.7497 19.4978 3.2
    endloop
  endfacet
  facet normal 0.803212 -0.595693 0
    outer loop
      vertex 18.7497 19.4978 0
      vertex 18.6854 19.4111 3.2
      vertex 18.6854 19.4111 0
    endloop
  endfacet
  facet normal 0.146347 0.989233 -0
    outer loop
      vertex 19.4922 11.9053 0
      vertex 19.3854 11.9211 3.2
      vertex 19.4922 11.9053 3.2
    endloop
  endfacet
  facet normal 0.146347 0.989233 0
    outer loop
      vertex 19.3854 11.9211 3.2
      vertex 19.4922 11.9053 0
      vertex 19.3854 11.9211 0
    endloop
  endfacet
  facet normal -0.803212 0.595693 0
    outer loop
      vertex 20.4503 12.3022 0
      vertex 20.5146 12.3889 3.2
      vertex 20.5146 12.3889 0
    endloop
  endfacet
  facet normal -0.803212 0.595693 0
    outer loop
      vertex 20.5146 12.3889 3.2
      vertex 20.4503 12.3022 0
      vertex 20.4503 12.3022 3.2
    endloop
  endfacet
  facet normal -0.902976 0.429692 0
    outer loop
      vertex 20.6163 12.579 0
      vertex 20.6025 12.55 1.2
      vertex 20.6163 12.579 1.2
    endloop
  endfacet
  facet normal -0.903681 0.428206 -4.40255e-05
    outer loop
      vertex 20.5701 12.4815 0
      vertex 20.6025 12.55 1.2
      vertex 20.6163 12.579 0
    endloop
  endfacet
  facet normal -0.90398 0.427576 0
    outer loop
      vertex 20.5701 12.4815 3.2
      vertex 20.6025 12.55 1.2
      vertex 20.5701 12.4815 0
    endloop
  endfacet
  facet normal -0.90398 0.427576 0
    outer loop
      vertex 20.6025 12.55 1.2
      vertex 20.5701 12.4815 3.2
      vertex 20.6025 12.55 3.2
    endloop
  endfacet
  facet normal -0.671519 0.740987 0
    outer loop
      vertex 20.3778 12.2222 0
      vertex 20.2978 12.1497 3.2
      vertex 20.3778 12.2222 3.2
    endloop
  endfacet
  facet normal -0.671519 0.740987 0
    outer loop
      vertex 20.2978 12.1497 3.2
      vertex 20.3778 12.2222 0
      vertex 20.2978 12.1497 0
    endloop
  endfacet
  facet normal -0.740987 -0.671519 0
    outer loop
      vertex 20.4503 19.4978 0
      vertex 20.3778 19.5778 3.2
      vertex 20.3778 19.5778 0
    endloop
  endfacet
  facet normal -0.740987 -0.671519 0
    outer loop
      vertex 20.3778 19.5778 3.2
      vertex 20.4503 19.4978 0
      vertex 20.4503 19.4978 3.2
    endloop
  endfacet
  facet normal 0.740987 -0.671519 0
    outer loop
      vertex 18.7497 19.4978 3.2
      vertex 18.8222 19.5778 0
      vertex 18.8222 19.5778 3.2
    endloop
  endfacet
  facet normal 0.740987 -0.671519 0
    outer loop
      vertex 18.8222 19.5778 0
      vertex 18.7497 19.4978 3.2
      vertex 18.7497 19.4978 0
    endloop
  endfacet
  facet normal -0.243625 0.969869 0
    outer loop
      vertex 19.9193 11.9474 0
      vertex 19.8146 11.9211 3.2
      vertex 19.9193 11.9474 3.2
    endloop
  endfacet
  facet normal -0.243625 0.969869 0
    outer loop
      vertex 19.8146 11.9211 3.2
      vertex 19.9193 11.9474 0
      vertex 19.8146 11.9211 0
    endloop
  endfacet
  facet normal 0.514087 0.857738 -0
    outer loop
      vertex 19.0815 12.0299 0
      vertex 18.9889 12.0854 3.2
      vertex 19.0815 12.0299 3.2
    endloop
  endfacet
  facet normal 0.514087 0.857738 0
    outer loop
      vertex 18.9889 12.0854 3.2
      vertex 19.0815 12.0299 0
      vertex 18.9889 12.0854 0
    endloop
  endfacet
  facet normal -0.146347 0.989233 0
    outer loop
      vertex 19.8146 11.9211 0
      vertex 19.7078 11.9053 3.2
      vertex 19.8146 11.9211 3.2
    endloop
  endfacet
  facet normal -0.146347 0.989233 0
    outer loop
      vertex 19.7078 11.9053 3.2
      vertex 19.8146 11.9211 0
      vertex 19.7078 11.9053 0
    endloop
  endfacet
  facet normal 0.969869 0.243625 0
    outer loop
      vertex 18.5474 12.6807 1.2
      vertex 18.5211 12.7854 0
      vertex 18.5211 12.7854 1.2
    endloop
  endfacet
  facet normal 0.969869 0.243625 0
    outer loop
      vertex 18.5211 12.7854 0
      vertex 18.5474 12.6807 1.2
      vertex 18.5474 12.6807 0
    endloop
  endfacet
  facet normal -0.33616 0.941805 0
    outer loop
      vertex 20.021 11.9837 0
      vertex 19.9193 11.9474 3.2
      vertex 20.021 11.9837 3.2
    endloop
  endfacet
  facet normal -0.33616 0.941805 0
    outer loop
      vertex 19.9193 11.9474 3.2
      vertex 20.021 11.9837 0
      vertex 19.9193 11.9474 0
    endloop
  endfacet
  facet normal 0.0491058 0.998794 -0
    outer loop
      vertex 19.6 11.9 0
      vertex 19.4922 11.9053 3.2
      vertex 19.6 11.9 3.2
    endloop
  endfacet
  facet normal 0.0491058 0.998794 0
    outer loop
      vertex 19.4922 11.9053 3.2
      vertex 19.6 11.9 0
      vertex 19.4922 11.9053 0
    endloop
  endfacet
  facet normal 0.857738 0.514087 0
    outer loop
      vertex 18.6854 12.3889 3.2
      vertex 18.6299 12.4815 0
      vertex 18.6299 12.4815 3.2
    endloop
  endfacet
  facet normal 0.857738 0.514087 0
    outer loop
      vertex 18.6299 12.4815 0
      vertex 18.6854 12.3889 3.2
      vertex 18.6854 12.3889 0
    endloop
  endfacet
  facet normal 0.941805 0.33616 0
    outer loop
      vertex 18.5837 12.579 1.2
      vertex 18.5474 12.6807 0
      vertex 18.5474 12.6807 1.2
    endloop
  endfacet
  facet normal 0.941805 0.33616 0
    outer loop
      vertex 18.5474 12.6807 0
      vertex 18.5837 12.579 1.2
      vertex 18.5837 12.579 0
    endloop
  endfacet
  facet normal -0.428206 0.903681 0
    outer loop
      vertex 20.1185 12.0299 0
      vertex 20.021 11.9837 3.2
      vertex 20.1185 12.0299 3.2
    endloop
  endfacet
  facet normal -0.428206 0.903681 0
    outer loop
      vertex 20.021 11.9837 3.2
      vertex 20.1185 12.0299 0
      vertex 20.021 11.9837 0
    endloop
  endfacet
  facet normal -1 0 0
    outer loop
      vertex 37.4 12.55 1.2
      vertex 37.4 19.25 3.2
      vertex 37.4 19.25 1.2
    endloop
  endfacet
  facet normal -1 -0 0
    outer loop
      vertex 37.4 19.25 3.2
      vertex 37.4 12.55 1.2
      vertex 37.4 12.55 3.2
    endloop
  endfacet
  facet normal 0 0 1
    outer loop
      vertex 37.4 19.25 1.2
      vertex 35.1 18.8 1.2
      vertex 37.4 12.55 1.2
    endloop
  endfacet
  facet normal 0 0 1
    outer loop
      vertex 37.4 19.25 1.2
      vertex 35.0947 18.9078 1.2
      vertex 35.1 18.8 1.2
    endloop
  endfacet
  facet normal 0 0 1
    outer loop
      vertex 37.4 19.25 1.2
      vertex 35.0789 19.0146 1.2
      vertex 35.0947 18.9078 1.2
    endloop
  endfacet
  facet normal 0 0 1
    outer loop
      vertex 37.4 19.25 1.2
      vertex 35.0526 19.1193 1.2
      vertex 35.0789 19.0146 1.2
    endloop
  endfacet
  facet normal 0 0 1
    outer loop
      vertex 37.4 19.25 1.2
      vertex 35.0163 19.221 1.2
      vertex 35.0526 19.1193 1.2
    endloop
  endfacet
  facet normal 0 -0 1
    outer loop
      vertex 35.0163 19.221 1.2
      vertex 37.4 19.25 1.2
      vertex 35.0025 19.25 1.2
    endloop
  endfacet
  facet normal -0 0 1
    outer loop
      vertex 35.1 13 1.2
      vertex 37.4 12.55 1.2
      vertex 35.1 18.8 1.2
    endloop
  endfacet
  facet normal -0 0 1
    outer loop
      vertex 35.0947 12.8922 1.2
      vertex 37.4 12.55 1.2
      vertex 35.1 13 1.2
    endloop
  endfacet
  facet normal -0 0 1
    outer loop
      vertex 35.0789 12.7854 1.2
      vertex 37.4 12.55 1.2
      vertex 35.0947 12.8922 1.2
    endloop
  endfacet
  facet normal -0 0 1
    outer loop
      vertex 35.0526 12.6807 1.2
      vertex 37.4 12.55 1.2
      vertex 35.0789 12.7854 1.2
    endloop
  endfacet
  facet normal -0 0 1
    outer loop
      vertex 35.0163 12.579 1.2
      vertex 37.4 12.55 1.2
      vertex 35.0526 12.6807 1.2
    endloop
  endfacet
  facet normal 0 0 1
    outer loop
      vertex 37.4 12.55 1.2
      vertex 35.0163 12.579 1.2
      vertex 35.0025 12.55 1.2
    endloop
  endfacet
  facet normal 0 0 1
    outer loop
      vertex 26.5 18.8 1.2
      vertex 24.4 19.25 1.2
      vertex 26.5 13 1.2
    endloop
  endfacet
  facet normal 0 0 1
    outer loop
      vertex 26.5053 18.9078 1.2
      vertex 24.4 19.25 1.2
      vertex 26.5 18.8 1.2
    endloop
  endfacet
  facet normal 0 0 1
    outer loop
      vertex 26.5211 19.0146 1.2
      vertex 24.4 19.25 1.2
      vertex 26.5053 18.9078 1.2
    endloop
  endfacet
  facet normal 0 0 1
    outer loop
      vertex 26.5474 19.1193 1.2
      vertex 24.4 19.25 1.2
      vertex 26.5211 19.0146 1.2
    endloop
  endfacet
  facet normal 0 0 1
    outer loop
      vertex 26.5837 19.221 1.2
      vertex 24.4 19.25 1.2
      vertex 26.5474 19.1193 1.2
    endloop
  endfacet
  facet normal -0 0 1
    outer loop
      vertex 24.4 19.25 1.2
      vertex 26.5837 19.221 1.2
      vertex 26.5975 19.25 1.2
    endloop
  endfacet
  facet normal 0 0 1
    outer loop
      vertex 24.4 12.55 1.2
      vertex 26.5 13 1.2
      vertex 24.4 19.25 1.2
    endloop
  endfacet
  facet normal 0 0 1
    outer loop
      vertex 26.5 13 1.2
      vertex 24.4 12.55 1.2
      vertex 26.5053 12.8922 1.2
    endloop
  endfacet
  facet normal 0 0 1
    outer loop
      vertex 26.5053 12.8922 1.2
      vertex 24.4 12.55 1.2
      vertex 26.5211 12.7854 1.2
    endloop
  endfacet
  facet normal 0 0 1
    outer loop
      vertex 26.5837 12.579 1.2
      vertex 24.4 12.55 1.2
      vertex 26.5975 12.55 1.2
    endloop
  endfacet
  facet normal 0 0 1
    outer loop
      vertex 26.5474 12.6807 1.2
      vertex 24.4 12.55 1.2
      vertex 26.5837 12.579 1.2
    endloop
  endfacet
  facet normal 0 0 1
    outer loop
      vertex 26.5211 12.7854 1.2
      vertex 24.4 12.55 1.2
      vertex 26.5474 12.6807 1.2
    endloop
  endfacet
  facet normal 0 0 1
    outer loop
      vertex 32.9 18.8 1.2
      vertex 28.7 18.8 1.2
      vertex 32.9 13 1.2
    endloop
  endfacet
  facet normal 0 0 1
    outer loop
      vertex 32.9053 18.9078 1.2
      vertex 28.7 18.8 1.2
      vertex 32.9 18.8 1.2
    endloop
  endfacet
  facet normal 0 0 1
    outer loop
      vertex 28.6947 18.9078 1.2
      vertex 32.9053 18.9078 1.2
      vertex 32.9211 19.0146 1.2
    endloop
  endfacet
  facet normal 0 0 1
    outer loop
      vertex 28.6789 19.0146 1.2
      vertex 32.9211 19.0146 1.2
      vertex 32.9474 19.1193 1.2
    endloop
  endfacet
  facet normal 0 0 1
    outer loop
      vertex 28.6526 19.1193 1.2
      vertex 32.9474 19.1193 1.2
      vertex 32.9837 19.221 1.2
    endloop
  endfacet
  facet normal 0 0 1
    outer loop
      vertex 28.6163 19.221 1.2
      vertex 32.9837 19.221 1.2
      vertex 32.9975 19.25 1.2
    endloop
  endfacet
  facet normal 0 0 1
    outer loop
      vertex 32.9053 18.9078 1.2
      vertex 28.6947 18.9078 1.2
      vertex 28.7 18.8 1.2
    endloop
  endfacet
  facet normal 0 0 1
    outer loop
      vertex 32.9211 19.0146 1.2
      vertex 28.6789 19.0146 1.2
      vertex 28.6947 18.9078 1.2
    endloop
  endfacet
  facet normal 0 0 1
    outer loop
      vertex 32.9474 19.1193 1.2
      vertex 28.6526 19.1193 1.2
      vertex 28.6789 19.0146 1.2
    endloop
  endfacet
  facet normal 0 0 1
    outer loop
      vertex 32.9837 19.221 1.2
      vertex 28.6163 19.221 1.2
      vertex 28.6526 19.1193 1.2
    endloop
  endfacet
  facet normal 0 -0 1
    outer loop
      vertex 28.6163 19.221 1.2
      vertex 32.9975 19.25 1.2
      vertex 28.6025 19.25 1.2
    endloop
  endfacet
  facet normal 0 0 1
    outer loop
      vertex 28.7 13 1.2
      vertex 32.9 13 1.2
      vertex 28.7 18.8 1.2
    endloop
  endfacet
  facet normal 0 0 1
    outer loop
      vertex 32.9 13 1.2
      vertex 28.7 13 1.2
      vertex 32.9053 12.8922 1.2
    endloop
  endfacet
  facet normal 0 0 1
    outer loop
      vertex 28.6947 12.8922 1.2
      vertex 32.9053 12.8922 1.2
      vertex 28.7 13 1.2
    endloop
  endfacet
  facet normal 0 0 1
    outer loop
      vertex 32.9053 12.8922 1.2
      vertex 28.6947 12.8922 1.2
      vertex 32.9211 12.7854 1.2
    endloop
  endfacet
  facet normal 0 0 1
    outer loop
      vertex 28.6789 12.7854 1.2
      vertex 32.9211 12.7854 1.2
      vertex 28.6947 12.8922 1.2
    endloop
  endfacet
  facet normal 0 0 1
    outer loop
      vertex 32.9211 12.7854 1.2
      vertex 28.6789 12.7854 1.2
      vertex 32.9474 12.6807 1.2
    endloop
  endfacet
  facet normal 0 0 1
    outer loop
      vertex 28.6526 12.6807 1.2
      vertex 32.9474 12.6807 1.2
      vertex 28.6789 12.7854 1.2
    endloop
  endfacet
  facet normal 0 0 1
    outer loop
      vertex 32.9474 12.6807 1.2
      vertex 28.6526 12.6807 1.2
      vertex 32.9837 12.579 1.2
    endloop
  endfacet
  facet normal 0 0 1
    outer loop
      vertex 28.6163 12.579 1.2
      vertex 32.9837 12.579 1.2
      vertex 28.6526 12.6807 1.2
    endloop
  endfacet
  facet normal 0 0 1
    outer loop
      vertex 32.9837 12.579 1.2
      vertex 28.6163 12.579 1.2
      vertex 32.9975 12.55 1.2
    endloop
  endfacet
  facet normal 0 0 1
    outer loop
      vertex 32.9975 12.55 1.2
      vertex 28.6163 12.579 1.2
      vertex 28.6025 12.55 1.2
    endloop
  endfacet
  facet normal 1 -0 0
    outer loop
      vertex 24.4 12.55 3.2
      vertex 24.4 19.25 1.2
      vertex 24.4 19.25 3.2
    endloop
  endfacet
  facet normal 1 0 0
    outer loop
      vertex 24.4 19.25 1.2
      vertex 24.4 12.55 3.2
      vertex 24.4 12.55 1.2
    endloop
  endfacet
  facet normal 0 -1 0
    outer loop
      vertex 35.0025 19.25 1.2
      vertex 37.4 19.25 3.2
      vertex 35.0025 19.25 3.2
    endloop
  endfacet
  facet normal 0 -1 -0
    outer loop
      vertex 37.4 19.25 3.2
      vertex 35.0025 19.25 1.2
      vertex 37.4 19.25 1.2
    endloop
  endfacet
  facet normal 0 -1 0
    outer loop
      vertex 24.4 19.25 1.2
      vertex 26.5975 19.25 3.2
      vertex 24.4 19.25 3.2
    endloop
  endfacet
  facet normal 0 -1 -0
    outer loop
      vertex 26.5975 19.25 3.2
      vertex 24.4 19.25 1.2
      vertex 26.5975 19.25 1.2
    endloop
  endfacet
  facet normal 0 -1 0
    outer loop
      vertex 28.6025 19.25 1.2
      vertex 32.9975 19.25 3.2
      vertex 28.6025 19.25 3.2
    endloop
  endfacet
  facet normal 0 -1 -0
    outer loop
      vertex 32.9975 19.25 3.2
      vertex 28.6025 19.25 1.2
      vertex 32.9975 19.25 1.2
    endloop
  endfacet
  facet normal 0 1 -0
    outer loop
      vertex 37.4 12.55 1.2
      vertex 35.0025 12.55 3.2
      vertex 37.4 12.55 3.2
    endloop
  endfacet
  facet normal 0 1 0
    outer loop
      vertex 35.0025 12.55 3.2
      vertex 37.4 12.55 1.2
      vertex 35.0025 12.55 1.2
    endloop
  endfacet
  facet normal 0 1 -0
    outer loop
      vertex 26.5975 12.55 1.2
      vertex 24.4 12.55 3.2
      vertex 26.5975 12.55 3.2
    endloop
  endfacet
  facet normal 0 1 0
    outer loop
      vertex 24.4 12.55 3.2
      vertex 26.5975 12.55 1.2
      vertex 24.4 12.55 1.2
    endloop
  endfacet
  facet normal 0 1 -0
    outer loop
      vertex 32.9975 12.55 1.2
      vertex 28.6025 12.55 3.2
      vertex 32.9975 12.55 3.2
    endloop
  endfacet
  facet normal 0 1 0
    outer loop
      vertex 28.6025 12.55 3.2
      vertex 32.9975 12.55 1.2
      vertex 28.6025 12.55 1.2
    endloop
  endfacet
  facet normal -0.969869 0.243625 0
    outer loop
      vertex 28.6526 12.6807 0
      vertex 28.6789 12.7854 1.2
      vertex 28.6789 12.7854 0
    endloop
  endfacet
  facet normal -0.969869 0.243625 0
    outer loop
      vertex 28.6789 12.7854 1.2
      vertex 28.6526 12.6807 0
      vertex 28.6526 12.6807 1.2
    endloop
  endfacet
  facet normal -0.989233 -0.146347 0
    outer loop
      vertex 28.6947 18.9078 0
      vertex 28.6789 19.0146 1.2
      vertex 28.6789 19.0146 0
    endloop
  endfacet
  facet normal -0.989233 -0.146347 0
    outer loop
      vertex 28.6789 19.0146 1.2
      vertex 28.6947 18.9078 0
      vertex 28.6947 18.9078 1.2
    endloop
  endfacet
  facet normal -0.33616 -0.941805 0
    outer loop
      vertex 27.9193 19.8526 0
      vertex 28.021 19.8163 3.2
      vertex 27.9193 19.8526 3.2
    endloop
  endfacet
  facet normal -0.33616 -0.941805 -0
    outer loop
      vertex 28.021 19.8163 3.2
      vertex 27.9193 19.8526 0
      vertex 28.021 19.8163 0
    endloop
  endfacet
  facet normal -0.428206 0.903681 0
    outer loop
      vertex 28.1185 12.0299 0
      vertex 28.021 11.9837 3.2
      vertex 28.1185 12.0299 3.2
    endloop
  endfacet
  facet normal -0.428206 0.903681 0
    outer loop
      vertex 28.021 11.9837 3.2
      vertex 28.1185 12.0299 0
      vertex 28.021 11.9837 0
    endloop
  endfacet
  facet normal 0.740987 0.671519 0
    outer loop
      vertex 26.8222 12.2222 3.2
      vertex 26.7497 12.3022 0
      vertex 26.7497 12.3022 3.2
    endloop
  endfacet
  facet normal 0.740987 0.671519 0
    outer loop
      vertex 26.7497 12.3022 0
      vertex 26.8222 12.2222 3.2
      vertex 26.8222 12.2222 0
    endloop
  endfacet
  facet normal -0.803212 -0.595693 0
    outer loop
      vertex 28.5146 19.4111 0
      vertex 28.4503 19.4978 3.2
      vertex 28.4503 19.4978 0
    endloop
  endfacet
  facet normal -0.803212 -0.595693 0
    outer loop
      vertex 28.4503 19.4978 3.2
      vertex 28.5146 19.4111 0
      vertex 28.5146 19.4111 3.2
    endloop
  endfacet
  facet normal 0.33616 -0.941805 0
    outer loop
      vertex 27.179 19.8163 0
      vertex 27.2807 19.8526 3.2
      vertex 27.179 19.8163 3.2
    endloop
  endfacet
  facet normal 0.33616 -0.941805 0
    outer loop
      vertex 27.2807 19.8526 3.2
      vertex 27.179 19.8163 0
      vertex 27.2807 19.8526 0
    endloop
  endfacet
  facet normal 0.857738 -0.514087 0
    outer loop
      vertex 26.6299 19.3185 3.2
      vertex 26.6854 19.4111 0
      vertex 26.6854 19.4111 3.2
    endloop
  endfacet
  facet normal 0.857738 -0.514087 0
    outer loop
      vertex 26.6854 19.4111 0
      vertex 26.6299 19.3185 3.2
      vertex 26.6299 19.3185 0
    endloop
  endfacet
  facet normal -0.514087 -0.857738 0
    outer loop
      vertex 28.1185 19.7701 0
      vertex 28.2111 19.7146 3.2
      vertex 28.1185 19.7701 3.2
    endloop
  endfacet
  facet normal -0.514087 -0.857738 -0
    outer loop
      vertex 28.2111 19.7146 3.2
      vertex 28.1185 19.7701 0
      vertex 28.2111 19.7146 0
    endloop
  endfacet
  facet normal -0.243625 -0.969869 0
    outer loop
      vertex 27.8146 19.8789 0
      vertex 27.9193 19.8526 3.2
      vertex 27.8146 19.8789 3.2
    endloop
  endfacet
  facet normal -0.243625 -0.969869 -0
    outer loop
      vertex 27.9193 19.8526 3.2
      vertex 27.8146 19.8789 0
      vertex 27.9193 19.8526 0
    endloop
  endfacet
  facet normal 0.998794 -0.0491058 0
    outer loop
      vertex 26.5 18.8 1.2
      vertex 26.5053 18.9078 0
      vertex 26.5053 18.9078 1.2
    endloop
  endfacet
  facet normal 0.998794 -0.0491058 0
    outer loop
      vertex 26.5053 18.9078 0
      vertex 26.5 18.8 1.2
      vertex 26.5 18.8 0
    endloop
  endfacet
  facet normal 0.671519 -0.740987 0
    outer loop
      vertex 26.8222 19.5778 0
      vertex 26.9022 19.6503 3.2
      vertex 26.8222 19.5778 3.2
    endloop
  endfacet
  facet normal 0.671519 -0.740987 0
    outer loop
      vertex 26.9022 19.6503 3.2
      vertex 26.8222 19.5778 0
      vertex 26.9022 19.6503 0
    endloop
  endfacet
  facet normal 0.595693 -0.803212 0
    outer loop
      vertex 26.9022 19.6503 0
      vertex 26.9889 19.7146 3.2
      vertex 26.9022 19.6503 3.2
    endloop
  endfacet
  facet normal 0.595693 -0.803212 0
    outer loop
      vertex 26.9889 19.7146 3.2
      vertex 26.9022 19.6503 0
      vertex 26.9889 19.7146 0
    endloop
  endfacet
  facet normal -0.595693 0.803212 0
    outer loop
      vertex 28.2978 12.1497 0
      vertex 28.2111 12.0854 3.2
      vertex 28.2978 12.1497 3.2
    endloop
  endfacet
  facet normal -0.595693 0.803212 0
    outer loop
      vertex 28.2111 12.0854 3.2
      vertex 28.2978 12.1497 0
      vertex 28.2111 12.0854 0
    endloop
  endfacet
  facet normal 0.243625 0.969869 -0
    outer loop
      vertex 27.3854 11.9211 0
      vertex 27.2807 11.9474 3.2
      vertex 27.3854 11.9211 3.2
    endloop
  endfacet
  facet normal 0.243625 0.969869 0
    outer loop
      vertex 27.2807 11.9474 3.2
      vertex 27.3854 11.9211 0
      vertex 27.2807 11.9474 0
    endloop
  endfacet
  facet normal -0.428206 -0.903681 0
    outer loop
      vertex 28.021 19.8163 0
      vertex 28.1185 19.7701 3.2
      vertex 28.021 19.8163 3.2
    endloop
  endfacet
  facet normal -0.428206 -0.903681 -0
    outer loop
      vertex 28.1185 19.7701 3.2
      vertex 28.021 19.8163 0
      vertex 28.1185 19.7701 0
    endloop
  endfacet
  facet normal 0.941805 -0.33616 0
    outer loop
      vertex 26.5474 19.1193 1.2
      vertex 26.5837 19.221 0
      vertex 26.5837 19.221 1.2
    endloop
  endfacet
  facet normal 0.941805 -0.33616 0
    outer loop
      vertex 26.5837 19.221 0
      vertex 26.5474 19.1193 1.2
      vertex 26.5474 19.1193 0
    endloop
  endfacet
  facet normal -0.941805 -0.33616 0
    outer loop
      vertex 28.6526 19.1193 0
      vertex 28.6163 19.221 1.2
      vertex 28.6163 19.221 0
    endloop
  endfacet
  facet normal -0.941805 -0.33616 0
    outer loop
      vertex 28.6163 19.221 1.2
      vertex 28.6526 19.1193 0
      vertex 28.6526 19.1193 1.2
    endloop
  endfacet
  facet normal 0.998794 0.0491058 0
    outer loop
      vertex 26.5053 12.8922 1.2
      vertex 26.5 13 0
      vertex 26.5 13 1.2
    endloop
  endfacet
  facet normal 0.998794 0.0491058 0
    outer loop
      vertex 26.5 13 0
      vertex 26.5053 12.8922 1.2
      vertex 26.5053 12.8922 0
    endloop
  endfacet
  facet normal -0.941805 0.33616 0
    outer loop
      vertex 28.6163 12.579 0
      vertex 28.6526 12.6807 1.2
      vertex 28.6526 12.6807 0
    endloop
  endfacet
  facet normal -0.941805 0.33616 0
    outer loop
      vertex 28.6526 12.6807 1.2
      vertex 28.6163 12.579 0
      vertex 28.6163 12.579 1.2
    endloop
  endfacet
  facet normal -0.857738 0.514087 0
    outer loop
      vertex 28.5146 12.3889 0
      vertex 28.5701 12.4815 3.2
      vertex 28.5701 12.4815 0
    endloop
  endfacet
  facet normal -0.857738 0.514087 0
    outer loop
      vertex 28.5701 12.4815 3.2
      vertex 28.5146 12.3889 0
      vertex 28.5146 12.3889 3.2
    endloop
  endfacet
  facet normal -0.671519 -0.740987 0
    outer loop
      vertex 28.2978 19.6503 0
      vertex 28.3778 19.5778 3.2
      vertex 28.2978 19.6503 3.2
    endloop
  endfacet
  facet normal -0.671519 -0.740987 -0
    outer loop
      vertex 28.3778 19.5778 3.2
      vertex 28.2978 19.6503 0
      vertex 28.3778 19.5778 0
    endloop
  endfacet
  facet normal 0.989233 0.146347 0
    outer loop
      vertex 26.5211 12.7854 1.2
      vertex 26.5053 12.8922 0
      vertex 26.5053 12.8922 1.2
    endloop
  endfacet
  facet normal 0.989233 0.146347 0
    outer loop
      vertex 26.5053 12.8922 0
      vertex 26.5211 12.7854 1.2
      vertex 26.5211 12.7854 0
    endloop
  endfacet
  facet normal -0.998794 -0.0491058 0
    outer loop
      vertex 28.7 18.8 0
      vertex 28.6947 18.9078 1.2
      vertex 28.6947 18.9078 0
    endloop
  endfacet
  facet normal -0.998794 -0.0491058 0
    outer loop
      vertex 28.6947 18.9078 1.2
      vertex 28.7 18.8 0
      vertex 28.7 18.8 1.2
    endloop
  endfacet
  facet normal -0.146347 -0.989233 0
    outer loop
      vertex 27.7078 19.8947 0
      vertex 27.8146 19.8789 3.2
      vertex 27.7078 19.8947 3.2
    endloop
  endfacet
  facet normal -0.146347 -0.989233 -0
    outer loop
      vertex 27.8146 19.8789 3.2
      vertex 27.7078 19.8947 0
      vertex 27.8146 19.8789 0
    endloop
  endfacet
  facet normal 0.90398 -0.427576 0
    outer loop
      vertex 26.5975 19.25 1.2
      vertex 26.6299 19.3185 3.2
      vertex 26.5975 19.25 3.2
    endloop
  endfacet
  facet normal 0.90398 -0.427576 0
    outer loop
      vertex 26.6299 19.3185 3.2
      vertex 26.5975 19.25 1.2
      vertex 26.6299 19.3185 0
    endloop
  endfacet
  facet normal 0.902976 -0.429692 0
    outer loop
      vertex 26.5837 19.221 0
      vertex 26.5975 19.25 1.2
      vertex 26.5837 19.221 1.2
    endloop
  endfacet
  facet normal 0.903681 -0.428206 -4.40255e-05
    outer loop
      vertex 26.5975 19.25 1.2
      vertex 26.5837 19.221 0
      vertex 26.6299 19.3185 0
    endloop
  endfacet
  facet normal 0.671519 0.740987 -0
    outer loop
      vertex 26.9022 12.1497 0
      vertex 26.8222 12.2222 3.2
      vertex 26.9022 12.1497 3.2
    endloop
  endfacet
  facet normal 0.671519 0.740987 0
    outer loop
      vertex 26.8222 12.2222 3.2
      vertex 26.9022 12.1497 0
      vertex 26.8222 12.2222 0
    endloop
  endfacet
  facet normal 0.514087 -0.857738 0
    outer loop
      vertex 26.9889 19.7146 0
      vertex 27.0815 19.7701 3.2
      vertex 26.9889 19.7146 3.2
    endloop
  endfacet
  facet normal 0.514087 -0.857738 0
    outer loop
      vertex 27.0815 19.7701 3.2
      vertex 26.9889 19.7146 0
      vertex 27.0815 19.7701 0
    endloop
  endfacet
  facet normal -0.514087 0.857738 0
    outer loop
      vertex 28.2111 12.0854 0
      vertex 28.1185 12.0299 3.2
      vertex 28.2111 12.0854 3.2
    endloop
  endfacet
  facet normal -0.514087 0.857738 0
    outer loop
      vertex 28.1185 12.0299 3.2
      vertex 28.2111 12.0854 0
      vertex 28.1185 12.0299 0
    endloop
  endfacet
  facet normal -0.0491058 0.998794 0
    outer loop
      vertex 27.7078 11.9053 0
      vertex 27.6 11.9 3.2
      vertex 27.7078 11.9053 3.2
    endloop
  endfacet
  facet normal -0.0491058 0.998794 0
    outer loop
      vertex 27.6 11.9 3.2
      vertex 27.7078 11.9053 0
      vertex 27.6 11.9 0
    endloop
  endfacet
  facet normal -0.998794 0.0491058 0
    outer loop
      vertex 28.6947 12.8922 0
      vertex 28.7 13 1.2
      vertex 28.7 13 0
    endloop
  endfacet
  facet normal -0.998794 0.0491058 0
    outer loop
      vertex 28.7 13 1.2
      vertex 28.6947 12.8922 0
      vertex 28.6947 12.8922 1.2
    endloop
  endfacet
  facet normal -0.595693 -0.803212 0
    outer loop
      vertex 28.2111 19.7146 0
      vertex 28.2978 19.6503 3.2
      vertex 28.2111 19.7146 3.2
    endloop
  endfacet
  facet normal -0.595693 -0.803212 -0
    outer loop
      vertex 28.2978 19.6503 3.2
      vertex 28.2111 19.7146 0
      vertex 28.2978 19.6503 0
    endloop
  endfacet
  facet normal 0.0491058 -0.998794 0
    outer loop
      vertex 27.4922 19.8947 0
      vertex 27.6 19.9 3.2
      vertex 27.4922 19.8947 3.2
    endloop
  endfacet
  facet normal 0.0491058 -0.998794 0
    outer loop
      vertex 27.6 19.9 3.2
      vertex 27.4922 19.8947 0
      vertex 27.6 19.9 0
    endloop
  endfacet
  facet normal 0.969869 -0.243625 0
    outer loop
      vertex 26.5211 19.0146 1.2
      vertex 26.5474 19.1193 0
      vertex 26.5474 19.1193 1.2
    endloop
  endfacet
  facet normal 0.969869 -0.243625 0
    outer loop
      vertex 26.5474 19.1193 0
      vertex 26.5211 19.0146 1.2
      vertex 26.5211 19.0146 0
    endloop
  endfacet
  facet normal 0.428206 0.903681 -0
    outer loop
      vertex 27.179 11.9837 0
      vertex 27.0815 12.0299 3.2
      vertex 27.179 11.9837 3.2
    endloop
  endfacet
  facet normal 0.428206 0.903681 0
    outer loop
      vertex 27.0815 12.0299 3.2
      vertex 27.179 11.9837 0
      vertex 27.0815 12.0299 0
    endloop
  endfacet
  facet normal 0.243625 -0.969869 0
    outer loop
      vertex 27.2807 19.8526 0
      vertex 27.3854 19.8789 3.2
      vertex 27.2807 19.8526 3.2
    endloop
  endfacet
  facet normal 0.243625 -0.969869 0
    outer loop
      vertex 27.3854 19.8789 3.2
      vertex 27.2807 19.8526 0
      vertex 27.3854 19.8789 0
    endloop
  endfacet
  facet normal 0.90398 0.427576 0
    outer loop
      vertex 26.5975 12.55 3.2
      vertex 26.6299 12.4815 3.2
      vertex 26.5975 12.55 1.2
    endloop
  endfacet
  facet normal 0.902976 0.429692 0
    outer loop
      vertex 26.5975 12.55 1.2
      vertex 26.5837 12.579 0
      vertex 26.5837 12.579 1.2
    endloop
  endfacet
  facet normal 0.90398 0.427576 -0
    outer loop
      vertex 26.6299 12.4815 0
      vertex 26.5975 12.55 1.2
      vertex 26.6299 12.4815 3.2
    endloop
  endfacet
  facet normal 0.903681 0.428206 -4.40255e-05
    outer loop
      vertex 26.5975 12.55 1.2
      vertex 26.6299 12.4815 0
      vertex 26.5837 12.579 0
    endloop
  endfacet
  facet normal -0.857738 -0.514087 0
    outer loop
      vertex 28.5701 19.3185 0
      vertex 28.5146 19.4111 3.2
      vertex 28.5146 19.4111 0
    endloop
  endfacet
  facet normal -0.857738 -0.514087 0
    outer loop
      vertex 28.5146 19.4111 3.2
      vertex 28.5701 19.3185 0
      vertex 28.5701 19.3185 3.2
    endloop
  endfacet
  facet normal -0.740987 0.671519 0
    outer loop
      vertex 28.3778 12.2222 0
      vertex 28.4503 12.3022 3.2
      vertex 28.4503 12.3022 0
    endloop
  endfacet
  facet normal -0.740987 0.671519 0
    outer loop
      vertex 28.4503 12.3022 3.2
      vertex 28.3778 12.2222 0
      vertex 28.3778 12.2222 3.2
    endloop
  endfacet
  facet normal 0.428206 -0.903681 0
    outer loop
      vertex 27.0815 19.7701 0
      vertex 27.179 19.8163 3.2
      vertex 27.0815 19.7701 3.2
    endloop
  endfacet
  facet normal 0.428206 -0.903681 0
    outer loop
      vertex 27.179 19.8163 3.2
      vertex 27.0815 19.7701 0
      vertex 27.179 19.8163 0
    endloop
  endfacet
  facet normal 0.33616 0.941805 -0
    outer loop
      vertex 27.2807 11.9474 0
      vertex 27.179 11.9837 3.2
      vertex 27.2807 11.9474 3.2
    endloop
  endfacet
  facet normal 0.33616 0.941805 0
    outer loop
      vertex 27.179 11.9837 3.2
      vertex 27.2807 11.9474 0
      vertex 27.179 11.9837 0
    endloop
  endfacet
  facet normal -1 0 0
    outer loop
      vertex 28.7 13 0
      vertex 28.7 18.8 1.2
      vertex 28.7 18.8 0
    endloop
  endfacet
  facet normal -1 -0 0
    outer loop
      vertex 28.7 18.8 1.2
      vertex 28.7 13 0
      vertex 28.7 13 1.2
    endloop
  endfacet
  facet normal -0.989233 0.146347 0
    outer loop
      vertex 28.6789 12.7854 0
      vertex 28.6947 12.8922 1.2
      vertex 28.6947 12.8922 0
    endloop
  endfacet
  facet normal -0.989233 0.146347 0
    outer loop
      vertex 28.6947 12.8922 1.2
      vertex 28.6789 12.7854 0
      vertex 28.6789 12.7854 1.2
    endloop
  endfacet
  facet normal -0.969869 -0.243625 0
    outer loop
      vertex 28.6789 19.0146 0
      vertex 28.6526 19.1193 1.2
      vertex 28.6526 19.1193 0
    endloop
  endfacet
  facet normal -0.969869 -0.243625 0
    outer loop
      vertex 28.6526 19.1193 1.2
      vertex 28.6789 19.0146 0
      vertex 28.6789 19.0146 1.2
    endloop
  endfacet
  facet normal -0.90398 -0.427576 0
    outer loop
      vertex 28.5701 19.3185 0
      vertex 28.6025 19.25 1.2
      vertex 28.5701 19.3185 3.2
    endloop
  endfacet
  facet normal -0.903681 -0.428206 -4.40255e-05
    outer loop
      vertex 28.6163 19.221 0
      vertex 28.6025 19.25 1.2
      vertex 28.5701 19.3185 0
    endloop
  endfacet
  facet normal -0.902976 -0.429692 0
    outer loop
      vertex 28.6025 19.25 1.2
      vertex 28.6163 19.221 0
      vertex 28.6163 19.221 1.2
    endloop
  endfacet
  facet normal -0.90398 -0.427576 0
    outer loop
      vertex 28.5701 19.3185 3.2
      vertex 28.6025 19.25 1.2
      vertex 28.6025 19.25 3.2
    endloop
  endfacet
  facet normal -0.0491058 -0.998794 0
    outer loop
      vertex 27.6 19.9 0
      vertex 27.7078 19.8947 3.2
      vertex 27.6 19.9 3.2
    endloop
  endfacet
  facet normal -0.0491058 -0.998794 -0
    outer loop
      vertex 27.7078 19.8947 3.2
      vertex 27.6 19.9 0
      vertex 27.7078 19.8947 0
    endloop
  endfacet
  facet normal 0.146347 -0.989233 0
    outer loop
      vertex 27.3854 19.8789 0
      vertex 27.4922 19.8947 3.2
      vertex 27.3854 19.8789 3.2
    endloop
  endfacet
  facet normal 0.146347 -0.989233 0
    outer loop
      vertex 27.4922 19.8947 3.2
      vertex 27.3854 19.8789 0
      vertex 27.4922 19.8947 0
    endloop
  endfacet
  facet normal 1 -0 0
    outer loop
      vertex 26.5 13 1.2
      vertex 26.5 18.8 0
      vertex 26.5 18.8 1.2
    endloop
  endfacet
  facet normal 1 0 0
    outer loop
      vertex 26.5 18.8 0
      vertex 26.5 13 1.2
      vertex 26.5 13 0
    endloop
  endfacet
  facet normal 0.989233 -0.146347 0
    outer loop
      vertex 26.5053 18.9078 1.2
      vertex 26.5211 19.0146 0
      vertex 26.5211 19.0146 1.2
    endloop
  endfacet
  facet normal 0.989233 -0.146347 0
    outer loop
      vertex 26.5211 19.0146 0
      vertex 26.5053 18.9078 1.2
      vertex 26.5053 18.9078 0
    endloop
  endfacet
  facet normal 0.969869 0.243625 0
    outer loop
      vertex 26.5474 12.6807 1.2
      vertex 26.5211 12.7854 0
      vertex 26.5211 12.7854 1.2
    endloop
  endfacet
  facet normal 0.969869 0.243625 0
    outer loop
      vertex 26.5211 12.7854 0
      vertex 26.5474 12.6807 1.2
      vertex 26.5474 12.6807 0
    endloop
  endfacet
  facet normal 0.595693 0.803212 -0
    outer loop
      vertex 26.9889 12.0854 0
      vertex 26.9022 12.1497 3.2
      vertex 26.9889 12.0854 3.2
    endloop
  endfacet
  facet normal 0.595693 0.803212 0
    outer loop
      vertex 26.9022 12.1497 3.2
      vertex 26.9889 12.0854 0
      vertex 26.9022 12.1497 0
    endloop
  endfacet
  facet normal 0.803212 -0.595693 0
    outer loop
      vertex 26.6854 19.4111 3.2
      vertex 26.7497 19.4978 0
      vertex 26.7497 19.4978 3.2
    endloop
  endfacet
  facet normal 0.803212 -0.595693 0
    outer loop
      vertex 26.7497 19.4978 0
      vertex 26.6854 19.4111 3.2
      vertex 26.6854 19.4111 0
    endloop
  endfacet
  facet normal 0.146347 0.989233 -0
    outer loop
      vertex 27.4922 11.9053 0
      vertex 27.3854 11.9211 3.2
      vertex 27.4922 11.9053 3.2
    endloop
  endfacet
  facet normal 0.146347 0.989233 0
    outer loop
      vertex 27.3854 11.9211 3.2
      vertex 27.4922 11.9053 0
      vertex 27.3854 11.9211 0
    endloop
  endfacet
  facet normal -0.803212 0.595693 0
    outer loop
      vertex 28.4503 12.3022 0
      vertex 28.5146 12.3889 3.2
      vertex 28.5146 12.3889 0
    endloop
  endfacet
  facet normal -0.803212 0.595693 0
    outer loop
      vertex 28.5146 12.3889 3.2
      vertex 28.4503 12.3022 0
      vertex 28.4503 12.3022 3.2
    endloop
  endfacet
  facet normal -0.902976 0.429692 0
    outer loop
      vertex 28.6163 12.579 0
      vertex 28.6025 12.55 1.2
      vertex 28.6163 12.579 1.2
    endloop
  endfacet
  facet normal -0.903681 0.428206 -4.40255e-05
    outer loop
      vertex 28.5701 12.4815 0
      vertex 28.6025 12.55 1.2
      vertex 28.6163 12.579 0
    endloop
  endfacet
  facet normal -0.90398 0.427576 0
    outer loop
      vertex 28.5701 12.4815 3.2
      vertex 28.6025 12.55 1.2
      vertex 28.5701 12.4815 0
    endloop
  endfacet
  facet normal -0.90398 0.427576 0
    outer loop
      vertex 28.6025 12.55 1.2
      vertex 28.5701 12.4815 3.2
      vertex 28.6025 12.55 3.2
    endloop
  endfacet
  facet normal -0.671519 0.740987 0
    outer loop
      vertex 28.3778 12.2222 0
      vertex 28.2978 12.1497 3.2
      vertex 28.3778 12.2222 3.2
    endloop
  endfacet
  facet normal -0.671519 0.740987 0
    outer loop
      vertex 28.2978 12.1497 3.2
      vertex 28.3778 12.2222 0
      vertex 28.2978 12.1497 0
    endloop
  endfacet
  facet normal -0.740987 -0.671519 0
    outer loop
      vertex 28.4503 19.4978 0
      vertex 28.3778 19.5778 3.2
      vertex 28.3778 19.5778 0
    endloop
  endfacet
  facet normal -0.740987 -0.671519 0
    outer loop
      vertex 28.3778 19.5778 3.2
      vertex 28.4503 19.4978 0
      vertex 28.4503 19.4978 3.2
    endloop
  endfacet
  facet normal 0.740987 -0.671519 0
    outer loop
      vertex 26.7497 19.4978 3.2
      vertex 26.8222 19.5778 0
      vertex 26.8222 19.5778 3.2
    endloop
  endfacet
  facet normal 0.740987 -0.671519 0
    outer loop
      vertex 26.8222 19.5778 0
      vertex 26.7497 19.4978 3.2
      vertex 26.7497 19.4978 0
    endloop
  endfacet
  facet normal -0.243625 0.969869 0
    outer loop
      vertex 27.9193 11.9474 0
      vertex 27.8146 11.9211 3.2
      vertex 27.9193 11.9474 3.2
    endloop
  endfacet
  facet normal -0.243625 0.969869 0
    outer loop
      vertex 27.8146 11.9211 3.2
      vertex 27.9193 11.9474 0
      vertex 27.8146 11.9211 0
    endloop
  endfacet
  facet normal 0.514087 0.857738 -0
    outer loop
      vertex 27.0815 12.0299 0
      vertex 26.9889 12.0854 3.2
      vertex 27.0815 12.0299 3.2
    endloop
  endfacet
  facet normal 0.514087 0.857738 0
    outer loop
      vertex 26.9889 12.0854 3.2
      vertex 27.0815 12.0299 0
      vertex 26.9889 12.0854 0
    endloop
  endfacet
  facet normal -0.146347 0.989233 0
    outer loop
      vertex 27.8146 11.9211 0
      vertex 27.7078 11.9053 3.2
      vertex 27.8146 11.9211 3.2
    endloop
  endfacet
  facet normal -0.146347 0.989233 0
    outer loop
      vertex 27.7078 11.9053 3.2
      vertex 27.8146 11.9211 0
      vertex 27.7078 11.9053 0
    endloop
  endfacet
  facet normal -0.33616 0.941805 0
    outer loop
      vertex 28.021 11.9837 0
      vertex 27.9193 11.9474 3.2
      vertex 28.021 11.9837 3.2
    endloop
  endfacet
  facet normal -0.33616 0.941805 0
    outer loop
      vertex 27.9193 11.9474 3.2
      vertex 28.021 11.9837 0
      vertex 27.9193 11.9474 0
    endloop
  endfacet
  facet normal 0.0491058 0.998794 -0
    outer loop
      vertex 27.6 11.9 0
      vertex 27.4922 11.9053 3.2
      vertex 27.6 11.9 3.2
    endloop
  endfacet
  facet normal 0.0491058 0.998794 0
    outer loop
      vertex 27.4922 11.9053 3.2
      vertex 27.6 11.9 0
      vertex 27.4922 11.9053 0
    endloop
  endfacet
  facet normal 0.857738 0.514087 0
    outer loop
      vertex 26.6854 12.3889 3.2
      vertex 26.6299 12.4815 0
      vertex 26.6299 12.4815 3.2
    endloop
  endfacet
  facet normal 0.857738 0.514087 0
    outer loop
      vertex 26.6299 12.4815 0
      vertex 26.6854 12.3889 3.2
      vertex 26.6854 12.3889 0
    endloop
  endfacet
  facet normal 0.941805 0.33616 0
    outer loop
      vertex 26.5837 12.579 1.2
      vertex 26.5474 12.6807 0
      vertex 26.5474 12.6807 1.2
    endloop
  endfacet
  facet normal 0.941805 0.33616 0
    outer loop
      vertex 26.5474 12.6807 0
      vertex 26.5837 12.579 1.2
      vertex 26.5837 12.579 0
    endloop
  endfacet
  facet normal 0.803212 0.595693 0
    outer loop
      vertex 26.7497 12.3022 3.2
      vertex 26.6854 12.3889 0
      vertex 26.6854 12.3889 3.2
    endloop
  endfacet
  facet normal 0.803212 0.595693 0
    outer loop
      vertex 26.6854 12.3889 0
      vertex 26.7497 12.3022 3.2
      vertex 26.7497 12.3022 0
    endloop
  endfacet
  facet normal -0.146347 0.989233 0
    outer loop
      vertex 34.2146 11.9211 0
      vertex 34.1078 11.9053 3.2
      vertex 34.2146 11.9211 3.2
    endloop
  endfacet
  facet normal -0.146347 0.989233 0
    outer loop
      vertex 34.1078 11.9053 3.2
      vertex 34.2146 11.9211 0
      vertex 34.1078 11.9053 0
    endloop
  endfacet
  facet normal -0.33616 -0.941805 0
    outer loop
      vertex 34.3193 19.8526 0
      vertex 34.421 19.8163 3.2
      vertex 34.3193 19.8526 3.2
    endloop
  endfacet
  facet normal -0.33616 -0.941805 -0
    outer loop
      vertex 34.421 19.8163 3.2
      vertex 34.3193 19.8526 0
      vertex 34.421 19.8163 0
    endloop
  endfacet
  facet normal -0.740987 -0.671519 0
    outer loop
      vertex 34.8503 19.4978 0
      vertex 34.7778 19.5778 3.2
      vertex 34.7778 19.5778 0
    endloop
  endfacet
  facet normal -0.740987 -0.671519 0
    outer loop
      vertex 34.7778 19.5778 3.2
      vertex 34.8503 19.4978 0
      vertex 34.8503 19.4978 3.2
    endloop
  endfacet
  facet normal -0.803212 -0.595693 0
    outer loop
      vertex 34.9146 19.4111 0
      vertex 34.8503 19.4978 3.2
      vertex 34.8503 19.4978 0
    endloop
  endfacet
  facet normal -0.803212 -0.595693 0
    outer loop
      vertex 34.8503 19.4978 3.2
      vertex 34.9146 19.4111 0
      vertex 34.9146 19.4111 3.2
    endloop
  endfacet
  facet normal -0.514087 -0.857738 0
    outer loop
      vertex 34.5185 19.7701 0
      vertex 34.6111 19.7146 3.2
      vertex 34.5185 19.7701 3.2
    endloop
  endfacet
  facet normal -0.514087 -0.857738 -0
    outer loop
      vertex 34.6111 19.7146 3.2
      vertex 34.5185 19.7701 0
      vertex 34.6111 19.7146 0
    endloop
  endfacet
  facet normal -0.243625 -0.969869 0
    outer loop
      vertex 34.2146 19.8789 0
      vertex 34.3193 19.8526 3.2
      vertex 34.2146 19.8789 3.2
    endloop
  endfacet
  facet normal -0.243625 -0.969869 -0
    outer loop
      vertex 34.3193 19.8526 3.2
      vertex 34.2146 19.8789 0
      vertex 34.3193 19.8526 0
    endloop
  endfacet
  facet normal -0.989233 0.146347 0
    outer loop
      vertex 35.0789 12.7854 0
      vertex 35.0947 12.8922 1.2
      vertex 35.0947 12.8922 0
    endloop
  endfacet
  facet normal -0.989233 0.146347 0
    outer loop
      vertex 35.0947 12.8922 1.2
      vertex 35.0789 12.7854 0
      vertex 35.0789 12.7854 1.2
    endloop
  endfacet
  facet normal 0.740987 0.671519 0
    outer loop
      vertex 33.2222 12.2222 3.2
      vertex 33.1497 12.3022 0
      vertex 33.1497 12.3022 3.2
    endloop
  endfacet
  facet normal 0.740987 0.671519 0
    outer loop
      vertex 33.1497 12.3022 0
      vertex 33.2222 12.2222 3.2
      vertex 33.2222 12.2222 0
    endloop
  endfacet
  facet normal 0.969869 0.243625 0
    outer loop
      vertex 32.9474 12.6807 1.2
      vertex 32.9211 12.7854 0
      vertex 32.9211 12.7854 1.2
    endloop
  endfacet
  facet normal 0.969869 0.243625 0
    outer loop
      vertex 32.9211 12.7854 0
      vertex 32.9474 12.6807 1.2
      vertex 32.9474 12.6807 0
    endloop
  endfacet
  facet normal -0.90398 -0.427576 0
    outer loop
      vertex 34.9701 19.3185 0
      vertex 35.0025 19.25 1.2
      vertex 34.9701 19.3185 3.2
    endloop
  endfacet
  facet normal -0.903681 -0.428206 -4.40255e-05
    outer loop
      vertex 35.0163 19.221 0
      vertex 35.0025 19.25 1.2
      vertex 34.9701 19.3185 0
    endloop
  endfacet
  facet normal -0.902976 -0.429692 0
    outer loop
      vertex 35.0025 19.25 1.2
      vertex 35.0163 19.221 0
      vertex 35.0163 19.221 1.2
    endloop
  endfacet
  facet normal -0.90398 -0.427576 0
    outer loop
      vertex 34.9701 19.3185 3.2
      vertex 35.0025 19.25 1.2
      vertex 35.0025 19.25 3.2
    endloop
  endfacet
  facet normal 0.595693 0.803212 -0
    outer loop
      vertex 33.3889 12.0854 0
      vertex 33.3022 12.1497 3.2
      vertex 33.3889 12.0854 3.2
    endloop
  endfacet
  facet normal 0.595693 0.803212 0
    outer loop
      vertex 33.3022 12.1497 3.2
      vertex 33.3889 12.0854 0
      vertex 33.3022 12.1497 0
    endloop
  endfacet
  facet normal 0.857738 0.514087 0
    outer loop
      vertex 33.0854 12.3889 3.2
      vertex 33.0299 12.4815 0
      vertex 33.0299 12.4815 3.2
    endloop
  endfacet
  facet normal 0.857738 0.514087 0
    outer loop
      vertex 33.0299 12.4815 0
      vertex 33.0854 12.3889 3.2
      vertex 33.0854 12.3889 0
    endloop
  endfacet
  facet normal -0.0491058 0.998794 0
    outer loop
      vertex 34.1078 11.9053 0
      vertex 34 11.9 3.2
      vertex 34.1078 11.9053 3.2
    endloop
  endfacet
  facet normal -0.0491058 0.998794 0
    outer loop
      vertex 34 11.9 3.2
      vertex 34.1078 11.9053 0
      vertex 34 11.9 0
    endloop
  endfacet
  facet normal -0.998794 -0.0491058 0
    outer loop
      vertex 35.1 18.8 0
      vertex 35.0947 18.9078 1.2
      vertex 35.0947 18.9078 0
    endloop
  endfacet
  facet normal -0.998794 -0.0491058 0
    outer loop
      vertex 35.0947 18.9078 1.2
      vertex 35.1 18.8 0
      vertex 35.1 18.8 1.2
    endloop
  endfacet
  facet normal -0.428206 -0.903681 0
    outer loop
      vertex 34.421 19.8163 0
      vertex 34.5185 19.7701 3.2
      vertex 34.421 19.8163 3.2
    endloop
  endfacet
  facet normal -0.428206 -0.903681 -0
    outer loop
      vertex 34.5185 19.7701 3.2
      vertex 34.421 19.8163 0
      vertex 34.5185 19.7701 0
    endloop
  endfacet
  facet normal 0.671519 0.740987 -0
    outer loop
      vertex 33.3022 12.1497 0
      vertex 33.2222 12.2222 3.2
      vertex 33.3022 12.1497 3.2
    endloop
  endfacet
  facet normal 0.671519 0.740987 0
    outer loop
      vertex 33.2222 12.2222 3.2
      vertex 33.3022 12.1497 0
      vertex 33.2222 12.2222 0
    endloop
  endfacet
  facet normal -0.857738 -0.514087 0
    outer loop
      vertex 34.9701 19.3185 0
      vertex 34.9146 19.4111 3.2
      vertex 34.9146 19.4111 0
    endloop
  endfacet
  facet normal -0.857738 -0.514087 0
    outer loop
      vertex 34.9146 19.4111 3.2
      vertex 34.9701 19.3185 0
      vertex 34.9701 19.3185 3.2
    endloop
  endfacet
  facet normal 0.243625 -0.969869 0
    outer loop
      vertex 33.6807 19.8526 0
      vertex 33.7854 19.8789 3.2
      vertex 33.6807 19.8526 3.2
    endloop
  endfacet
  facet normal 0.243625 -0.969869 0
    outer loop
      vertex 33.7854 19.8789 3.2
      vertex 33.6807 19.8526 0
      vertex 33.7854 19.8789 0
    endloop
  endfacet
  facet normal 0.514087 -0.857738 0
    outer loop
      vertex 33.3889 19.7146 0
      vertex 33.4815 19.7701 3.2
      vertex 33.3889 19.7146 3.2
    endloop
  endfacet
  facet normal 0.514087 -0.857738 0
    outer loop
      vertex 33.4815 19.7701 3.2
      vertex 33.3889 19.7146 0
      vertex 33.4815 19.7701 0
    endloop
  endfacet
  facet normal 0.803212 0.595693 0
    outer loop
      vertex 33.1497 12.3022 3.2
      vertex 33.0854 12.3889 0
      vertex 33.0854 12.3889 3.2
    endloop
  endfacet
  facet normal 0.803212 0.595693 0
    outer loop
      vertex 33.0854 12.3889 0
      vertex 33.1497 12.3022 3.2
      vertex 33.1497 12.3022 0
    endloop
  endfacet
  facet normal 0.428206 -0.903681 0
    outer loop
      vertex 33.4815 19.7701 0
      vertex 33.579 19.8163 3.2
      vertex 33.4815 19.7701 3.2
    endloop
  endfacet
  facet normal 0.428206 -0.903681 0
    outer loop
      vertex 33.579 19.8163 3.2
      vertex 33.4815 19.7701 0
      vertex 33.579 19.8163 0
    endloop
  endfacet
  facet normal -0.0491058 -0.998794 0
    outer loop
      vertex 34 19.9 0
      vertex 34.1078 19.8947 3.2
      vertex 34 19.9 3.2
    endloop
  endfacet
  facet normal -0.0491058 -0.998794 -0
    outer loop
      vertex 34.1078 19.8947 3.2
      vertex 34 19.9 0
      vertex 34.1078 19.8947 0
    endloop
  endfacet
  facet normal 0.989233 -0.146347 0
    outer loop
      vertex 32.9053 18.9078 1.2
      vertex 32.9211 19.0146 0
      vertex 32.9211 19.0146 1.2
    endloop
  endfacet
  facet normal 0.989233 -0.146347 0
    outer loop
      vertex 32.9211 19.0146 0
      vertex 32.9053 18.9078 1.2
      vertex 32.9053 18.9078 0
    endloop
  endfacet
  facet normal -0.146347 -0.989233 0
    outer loop
      vertex 34.1078 19.8947 0
      vertex 34.2146 19.8789 3.2
      vertex 34.1078 19.8947 3.2
    endloop
  endfacet
  facet normal -0.146347 -0.989233 -0
    outer loop
      vertex 34.2146 19.8789 3.2
      vertex 34.1078 19.8947 0
      vertex 34.2146 19.8789 0
    endloop
  endfacet
  facet normal 0.671519 -0.740987 0
    outer loop
      vertex 33.2222 19.5778 0
      vertex 33.3022 19.6503 3.2
      vertex 33.2222 19.5778 3.2
    endloop
  endfacet
  facet normal 0.671519 -0.740987 0
    outer loop
      vertex 33.3022 19.6503 3.2
      vertex 33.2222 19.5778 0
      vertex 33.3022 19.6503 0
    endloop
  endfacet
  facet normal 0.998794 0.0491058 0
    outer loop
      vertex 32.9053 12.8922 1.2
      vertex 32.9 13 0
      vertex 32.9 13 1.2
    endloop
  endfacet
  facet normal 0.998794 0.0491058 0
    outer loop
      vertex 32.9 13 0
      vertex 32.9053 12.8922 1.2
      vertex 32.9053 12.8922 0
    endloop
  endfacet
  facet normal -0.969869 0.243625 0
    outer loop
      vertex 35.0526 12.6807 0
      vertex 35.0789 12.7854 1.2
      vertex 35.0789 12.7854 0
    endloop
  endfacet
  facet normal -0.969869 0.243625 0
    outer loop
      vertex 35.0789 12.7854 1.2
      vertex 35.0526 12.6807 0
      vertex 35.0526 12.6807 1.2
    endloop
  endfacet
  facet normal -0.595693 -0.803212 0
    outer loop
      vertex 34.6111 19.7146 0
      vertex 34.6978 19.6503 3.2
      vertex 34.6111 19.7146 3.2
    endloop
  endfacet
  facet normal -0.595693 -0.803212 -0
    outer loop
      vertex 34.6978 19.6503 3.2
      vertex 34.6111 19.7146 0
      vertex 34.6978 19.6503 0
    endloop
  endfacet
  facet normal -0.902976 0.429692 0
    outer loop
      vertex 35.0163 12.579 0
      vertex 35.0025 12.55 1.2
      vertex 35.0163 12.579 1.2
    endloop
  endfacet
  facet normal -0.903681 0.428206 -4.40255e-05
    outer loop
      vertex 34.9701 12.4815 0
      vertex 35.0025 12.55 1.2
      vertex 35.0163 12.579 0
    endloop
  endfacet
  facet normal -0.90398 0.427576 0
    outer loop
      vertex 34.9701 12.4815 3.2
      vertex 35.0025 12.55 1.2
      vertex 34.9701 12.4815 0
    endloop
  endfacet
  facet normal -0.90398 0.427576 0
    outer loop
      vertex 35.0025 12.55 1.2
      vertex 34.9701 12.4815 3.2
      vertex 35.0025 12.55 3.2
    endloop
  endfacet
  facet normal 0.243625 0.969869 -0
    outer loop
      vertex 33.7854 11.9211 0
      vertex 33.6807 11.9474 3.2
      vertex 33.7854 11.9211 3.2
    endloop
  endfacet
  facet normal 0.243625 0.969869 0
    outer loop
      vertex 33.6807 11.9474 3.2
      vertex 33.7854 11.9211 0
      vertex 33.6807 11.9474 0
    endloop
  endfacet
  facet normal 0.0491058 -0.998794 0
    outer loop
      vertex 33.8922 19.8947 0
      vertex 34 19.9 3.2
      vertex 33.8922 19.8947 3.2
    endloop
  endfacet
  facet normal 0.0491058 -0.998794 0
    outer loop
      vertex 34 19.9 3.2
      vertex 33.8922 19.8947 0
      vertex 34 19.9 0
    endloop
  endfacet
  facet normal -0.243625 0.969869 0
    outer loop
      vertex 34.3193 11.9474 0
      vertex 34.2146 11.9211 3.2
      vertex 34.3193 11.9474 3.2
    endloop
  endfacet
  facet normal -0.243625 0.969869 0
    outer loop
      vertex 34.2146 11.9211 3.2
      vertex 34.3193 11.9474 0
      vertex 34.2146 11.9211 0
    endloop
  endfacet
  facet normal -0.33616 0.941805 0
    outer loop
      vertex 34.421 11.9837 0
      vertex 34.3193 11.9474 3.2
      vertex 34.421 11.9837 3.2
    endloop
  endfacet
  facet normal -0.33616 0.941805 0
    outer loop
      vertex 34.3193 11.9474 3.2
      vertex 34.421 11.9837 0
      vertex 34.3193 11.9474 0
    endloop
  endfacet
  facet normal 0.969869 -0.243625 0
    outer loop
      vertex 32.9211 19.0146 1.2
      vertex 32.9474 19.1193 0
      vertex 32.9474 19.1193 1.2
    endloop
  endfacet
  facet normal 0.969869 -0.243625 0
    outer loop
      vertex 32.9474 19.1193 0
      vertex 32.9211 19.0146 1.2
      vertex 32.9211 19.0146 0
    endloop
  endfacet
  facet normal -0.989233 -0.146347 0
    outer loop
      vertex 35.0947 18.9078 0
      vertex 35.0789 19.0146 1.2
      vertex 35.0789 19.0146 0
    endloop
  endfacet
  facet normal -0.989233 -0.146347 0
    outer loop
      vertex 35.0789 19.0146 1.2
      vertex 35.0947 18.9078 0
      vertex 35.0947 18.9078 1.2
    endloop
  endfacet
  facet normal -0.941805 -0.33616 0
    outer loop
      vertex 35.0526 19.1193 0
      vertex 35.0163 19.221 1.2
      vertex 35.0163 19.221 0
    endloop
  endfacet
  facet normal -0.941805 -0.33616 0
    outer loop
      vertex 35.0163 19.221 1.2
      vertex 35.0526 19.1193 0
      vertex 35.0526 19.1193 1.2
    endloop
  endfacet
  facet normal 0.857738 -0.514087 0
    outer loop
      vertex 33.0299 19.3185 3.2
      vertex 33.0854 19.4111 0
      vertex 33.0854 19.4111 3.2
    endloop
  endfacet
  facet normal 0.857738 -0.514087 0
    outer loop
      vertex 33.0854 19.4111 0
      vertex 33.0299 19.3185 3.2
      vertex 33.0299 19.3185 0
    endloop
  endfacet
  facet normal -1 0 0
    outer loop
      vertex 35.1 13 0
      vertex 35.1 18.8 1.2
      vertex 35.1 18.8 0
    endloop
  endfacet
  facet normal -1 -0 0
    outer loop
      vertex 35.1 18.8 1.2
      vertex 35.1 13 0
      vertex 35.1 13 1.2
    endloop
  endfacet
  facet normal -0.998794 0.0491058 0
    outer loop
      vertex 35.0947 12.8922 0
      vertex 35.1 13 1.2
      vertex 35.1 13 0
    endloop
  endfacet
  facet normal -0.998794 0.0491058 0
    outer loop
      vertex 35.1 13 1.2
      vertex 35.0947 12.8922 0
      vertex 35.0947 12.8922 1.2
    endloop
  endfacet
  facet normal -0.803212 0.595693 0
    outer loop
      vertex 34.8503 12.3022 0
      vertex 34.9146 12.3889 3.2
      vertex 34.9146 12.3889 0
    endloop
  endfacet
  facet normal -0.803212 0.595693 0
    outer loop
      vertex 34.9146 12.3889 3.2
      vertex 34.8503 12.3022 0
      vertex 34.8503 12.3022 3.2
    endloop
  endfacet
  facet normal 1 -0 0
    outer loop
      vertex 32.9 13 1.2
      vertex 32.9 18.8 0
      vertex 32.9 18.8 1.2
    endloop
  endfacet
  facet normal 1 0 0
    outer loop
      vertex 32.9 18.8 0
      vertex 32.9 13 1.2
      vertex 32.9 13 0
    endloop
  endfacet
  facet normal -0.969869 -0.243625 0
    outer loop
      vertex 35.0789 19.0146 0
      vertex 35.0526 19.1193 1.2
      vertex 35.0526 19.1193 0
    endloop
  endfacet
  facet normal -0.969869 -0.243625 0
    outer loop
      vertex 35.0526 19.1193 1.2
      vertex 35.0789 19.0146 0
      vertex 35.0789 19.0146 1.2
    endloop
  endfacet
  facet normal 0.146347 -0.989233 0
    outer loop
      vertex 33.7854 19.8789 0
      vertex 33.8922 19.8947 3.2
      vertex 33.7854 19.8789 3.2
    endloop
  endfacet
  facet normal 0.146347 -0.989233 0
    outer loop
      vertex 33.8922 19.8947 3.2
      vertex 33.7854 19.8789 0
      vertex 33.8922 19.8947 0
    endloop
  endfacet
  facet normal -0.671519 -0.740987 0
    outer loop
      vertex 34.6978 19.6503 0
      vertex 34.7778 19.5778 3.2
      vertex 34.6978 19.6503 3.2
    endloop
  endfacet
  facet normal -0.671519 -0.740987 -0
    outer loop
      vertex 34.7778 19.5778 3.2
      vertex 34.6978 19.6503 0
      vertex 34.7778 19.5778 0
    endloop
  endfacet
  facet normal -0.857738 0.514087 0
    outer loop
      vertex 34.9146 12.3889 0
      vertex 34.9701 12.4815 3.2
      vertex 34.9701 12.4815 0
    endloop
  endfacet
  facet normal -0.857738 0.514087 0
    outer loop
      vertex 34.9701 12.4815 3.2
      vertex 34.9146 12.3889 0
      vertex 34.9146 12.3889 3.2
    endloop
  endfacet
  facet normal 0.998794 -0.0491058 0
    outer loop
      vertex 32.9 18.8 1.2
      vertex 32.9053 18.9078 0
      vertex 32.9053 18.9078 1.2
    endloop
  endfacet
  facet normal 0.998794 -0.0491058 0
    outer loop
      vertex 32.9053 18.9078 0
      vertex 32.9 18.8 1.2
      vertex 32.9 18.8 0
    endloop
  endfacet
  facet normal -0.595693 0.803212 0
    outer loop
      vertex 34.6978 12.1497 0
      vertex 34.6111 12.0854 3.2
      vertex 34.6978 12.1497 3.2
    endloop
  endfacet
  facet normal -0.595693 0.803212 0
    outer loop
      vertex 34.6111 12.0854 3.2
      vertex 34.6978 12.1497 0
      vertex 34.6111 12.0854 0
    endloop
  endfacet
  facet normal 0.514087 0.857738 -0
    outer loop
      vertex 33.4815 12.0299 0
      vertex 33.3889 12.0854 3.2
      vertex 33.4815 12.0299 3.2
    endloop
  endfacet
  facet normal 0.514087 0.857738 0
    outer loop
      vertex 33.3889 12.0854 3.2
      vertex 33.4815 12.0299 0
      vertex 33.3889 12.0854 0
    endloop
  endfacet
  facet normal 0.146347 0.989233 -0
    outer loop
      vertex 33.8922 11.9053 0
      vertex 33.7854 11.9211 3.2
      vertex 33.8922 11.9053 3.2
    endloop
  endfacet
  facet normal 0.146347 0.989233 0
    outer loop
      vertex 33.7854 11.9211 3.2
      vertex 33.8922 11.9053 0
      vertex 33.7854 11.9211 0
    endloop
  endfacet
  facet normal 0.0491058 0.998794 -0
    outer loop
      vertex 34 11.9 0
      vertex 33.8922 11.9053 3.2
      vertex 34 11.9 3.2
    endloop
  endfacet
  facet normal 0.0491058 0.998794 0
    outer loop
      vertex 33.8922 11.9053 3.2
      vertex 34 11.9 0
      vertex 33.8922 11.9053 0
    endloop
  endfacet
  facet normal 0.428206 0.903681 -0
    outer loop
      vertex 33.579 11.9837 0
      vertex 33.4815 12.0299 3.2
      vertex 33.579 11.9837 3.2
    endloop
  endfacet
  facet normal 0.428206 0.903681 0
    outer loop
      vertex 33.4815 12.0299 3.2
      vertex 33.579 11.9837 0
      vertex 33.4815 12.0299 0
    endloop
  endfacet
  facet normal 0.33616 -0.941805 0
    outer loop
      vertex 33.579 19.8163 0
      vertex 33.6807 19.8526 3.2
      vertex 33.579 19.8163 3.2
    endloop
  endfacet
  facet normal 0.33616 -0.941805 0
    outer loop
      vertex 33.6807 19.8526 3.2
      vertex 33.579 19.8163 0
      vertex 33.6807 19.8526 0
    endloop
  endfacet
  facet normal 0.941805 -0.33616 0
    outer loop
      vertex 32.9474 19.1193 1.2
      vertex 32.9837 19.221 0
      vertex 32.9837 19.221 1.2
    endloop
  endfacet
  facet normal 0.941805 -0.33616 0
    outer loop
      vertex 32.9837 19.221 0
      vertex 32.9474 19.1193 1.2
      vertex 32.9474 19.1193 0
    endloop
  endfacet
  facet normal 0.90398 0.427576 0
    outer loop
      vertex 32.9975 12.55 3.2
      vertex 33.0299 12.4815 3.2
      vertex 32.9975 12.55 1.2
    endloop
  endfacet
  facet normal 0.902976 0.429692 0
    outer loop
      vertex 32.9975 12.55 1.2
      vertex 32.9837 12.579 0
      vertex 32.9837 12.579 1.2
    endloop
  endfacet
  facet normal 0.90398 0.427576 -0
    outer loop
      vertex 33.0299 12.4815 0
      vertex 32.9975 12.55 1.2
      vertex 33.0299 12.4815 3.2
    endloop
  endfacet
  facet normal 0.903681 0.428206 -4.40255e-05
    outer loop
      vertex 32.9975 12.55 1.2
      vertex 33.0299 12.4815 0
      vertex 32.9837 12.579 0
    endloop
  endfacet
  facet normal 0.803212 -0.595693 0
    outer loop
      vertex 33.0854 19.4111 3.2
      vertex 33.1497 19.4978 0
      vertex 33.1497 19.4978 3.2
    endloop
  endfacet
  facet normal 0.803212 -0.595693 0
    outer loop
      vertex 33.1497 19.4978 0
      vertex 33.0854 19.4111 3.2
      vertex 33.0854 19.4111 0
    endloop
  endfacet
  facet normal 0.740987 -0.671519 0
    outer loop
      vertex 33.1497 19.4978 3.2
      vertex 33.2222 19.5778 0
      vertex 33.2222 19.5778 3.2
    endloop
  endfacet
  facet normal 0.740987 -0.671519 0
    outer loop
      vertex 33.2222 19.5778 0
      vertex 33.1497 19.4978 3.2
      vertex 33.1497 19.4978 0
    endloop
  endfacet
  facet normal -0.941805 0.33616 0
    outer loop
      vertex 35.0163 12.579 0
      vertex 35.0526 12.6807 1.2
      vertex 35.0526 12.6807 0
    endloop
  endfacet
  facet normal -0.941805 0.33616 0
    outer loop
      vertex 35.0526 12.6807 1.2
      vertex 35.0163 12.579 0
      vertex 35.0163 12.579 1.2
    endloop
  endfacet
  facet normal 0.90398 -0.427576 0
    outer loop
      vertex 32.9975 19.25 1.2
      vertex 33.0299 19.3185 3.2
      vertex 32.9975 19.25 3.2
    endloop
  endfacet
  facet normal 0.90398 -0.427576 0
    outer loop
      vertex 33.0299 19.3185 3.2
      vertex 32.9975 19.25 1.2
      vertex 33.0299 19.3185 0
    endloop
  endfacet
  facet normal 0.902976 -0.429692 0
    outer loop
      vertex 32.9837 19.221 0
      vertex 32.9975 19.25 1.2
      vertex 32.9837 19.221 1.2
    endloop
  endfacet
  facet normal 0.903681 -0.428206 -4.40255e-05
    outer loop
      vertex 32.9975 19.25 1.2
      vertex 32.9837 19.221 0
      vertex 33.0299 19.3185 0
    endloop
  endfacet
  facet normal 0.595693 -0.803212 0
    outer loop
      vertex 33.3022 19.6503 0
      vertex 33.3889 19.7146 3.2
      vertex 33.3022 19.6503 3.2
    endloop
  endfacet
  facet normal 0.595693 -0.803212 0
    outer loop
      vertex 33.3889 19.7146 3.2
      vertex 33.3022 19.6503 0
      vertex 33.3889 19.7146 0
    endloop
  endfacet
  facet normal 0.33616 0.941805 -0
    outer loop
      vertex 33.6807 11.9474 0
      vertex 33.579 11.9837 3.2
      vertex 33.6807 11.9474 3.2
    endloop
  endfacet
  facet normal 0.33616 0.941805 0
    outer loop
      vertex 33.579 11.9837 3.2
      vertex 33.6807 11.9474 0
      vertex 33.579 11.9837 0
    endloop
  endfacet
  facet normal -0.514087 0.857738 0
    outer loop
      vertex 34.6111 12.0854 0
      vertex 34.5185 12.0299 3.2
      vertex 34.6111 12.0854 3.2
    endloop
  endfacet
  facet normal -0.514087 0.857738 0
    outer loop
      vertex 34.5185 12.0299 3.2
      vertex 34.6111 12.0854 0
      vertex 34.5185 12.0299 0
    endloop
  endfacet
  facet normal 0.989233 0.146347 0
    outer loop
      vertex 32.9211 12.7854 1.2
      vertex 32.9053 12.8922 0
      vertex 32.9053 12.8922 1.2
    endloop
  endfacet
  facet normal 0.989233 0.146347 0
    outer loop
      vertex 32.9053 12.8922 0
      vertex 32.9211 12.7854 1.2
      vertex 32.9211 12.7854 0
    endloop
  endfacet
  facet normal -0.671519 0.740987 0
    outer loop
      vertex 34.7778 12.2222 0
      vertex 34.6978 12.1497 3.2
      vertex 34.7778 12.2222 3.2
    endloop
  endfacet
  facet normal -0.671519 0.740987 0
    outer loop
      vertex 34.6978 12.1497 3.2
      vertex 34.7778 12.2222 0
      vertex 34.6978 12.1497 0
    endloop
  endfacet
  facet normal -0.740987 0.671519 0
    outer loop
      vertex 34.7778 12.2222 0
      vertex 34.8503 12.3022 3.2
      vertex 34.8503 12.3022 0
    endloop
  endfacet
  facet normal -0.740987 0.671519 0
    outer loop
      vertex 34.8503 12.3022 3.2
      vertex 34.7778 12.2222 0
      vertex 34.7778 12.2222 3.2
    endloop
  endfacet
  facet normal -0.428206 0.903681 0
    outer loop
      vertex 34.5185 12.0299 0
      vertex 34.421 11.9837 3.2
      vertex 34.5185 12.0299 3.2
    endloop
  endfacet
  facet normal -0.428206 0.903681 0
    outer loop
      vertex 34.421 11.9837 3.2
      vertex 34.5185 12.0299 0
      vertex 34.421 11.9837 0
    endloop
  endfacet
  facet normal 0.941805 0.33616 0
    outer loop
      vertex 32.9837 12.579 1.2
      vertex 32.9474 12.6807 0
      vertex 32.9474 12.6807 1.2
    endloop
  endfacet
  facet normal 0.941805 0.33616 0
    outer loop
      vertex 32.9474 12.6807 0
      vertex 32.9837 12.579 1.2
      vertex 32.9837 12.579 0
    endloop
  endfacet
  facet normal -0.595607 -0.803276 0
    outer loop
      vertex 4.25001 25.1742 0
      vertex 4.28548 25.1479 3.2
      vertex 4.25001 25.1742 3.2
    endloop
  endfacet
  facet normal -0.595607 -0.803276 -0
    outer loop
      vertex 4.28548 25.1479 3.2
      vertex 4.25001 25.1742 0
      vertex 4.28548 25.1479 0
    endloop
  endfacet
  facet normal -0.989184 -0.14668 0
    outer loop
      vertex 4.44783 24.8441 0
      vertex 4.44135 24.8878 3.2
      vertex 4.44135 24.8878 0
    endloop
  endfacet
  facet normal -0.989184 -0.14668 0
    outer loop
      vertex 4.44135 24.8878 3.2
      vertex 4.44783 24.8441 0
      vertex 4.44783 24.8441 3.2
    endloop
  endfacet
  facet normal -0.998792 -0.0491469 0
    outer loop
      vertex 4.45 24.8 0
      vertex 4.44783 24.8441 3.2
      vertex 4.44783 24.8441 0
    endloop
  endfacet
  facet normal -0.998792 -0.0491469 0
    outer loop
      vertex 4.44783 24.8441 3.2
      vertex 4.45 24.8 0
      vertex 4.45 24.8 3.2
    endloop
  endfacet
  facet normal -0.969982 -0.243175 0
    outer loop
      vertex 4.44135 24.8878 0
      vertex 4.43062 24.9306 3.2
      vertex 4.43062 24.9306 0
    endloop
  endfacet
  facet normal -0.969982 -0.243175 0
    outer loop
      vertex 4.43062 24.9306 3.2
      vertex 4.44135 24.8878 0
      vertex 4.44135 24.8878 3.2
    endloop
  endfacet
  facet normal -0.740811 -0.671714 0
    outer loop
      vertex 4.34785 25.0855 0
      vertex 4.3182 25.1182 3.2
      vertex 4.3182 25.1182 0
    endloop
  endfacet
  facet normal -0.740811 -0.671714 0
    outer loop
      vertex 4.3182 25.1182 3.2
      vertex 4.34785 25.0855 0
      vertex 4.34785 25.0855 3.2
    endloop
  endfacet
  facet normal 0.803409 -0.595428 0
    outer loop
      vertex 3.62584 25.05 3.2
      vertex 3.65215 25.0855 0
      vertex 3.65215 25.0855 3.2
    endloop
  endfacet
  facet normal 0.803409 -0.595428 0
    outer loop
      vertex 3.65215 25.0855 0
      vertex 3.62584 25.05 3.2
      vertex 3.62584 25.05 0
    endloop
  endfacet
  facet normal 0.426059 -0.904695 0
    outer loop
      vertex 3.78787 25.1969 0
      vertex 3.82779 25.2157 3.2
      vertex 3.78787 25.1969 3.2
    endloop
  endfacet
  facet normal 0.426059 -0.904695 0
    outer loop
      vertex 3.82779 25.2157 3.2
      vertex 3.78787 25.1969 0
      vertex 3.82779 25.2157 0
    endloop
  endfacet
  facet normal -0.144972 0.989436 0
    outer loop
      vertex 4.08779 24.3586 0
      vertex 4.04411 24.3522 3.2
      vertex 4.08779 24.3586 3.2
    endloop
  endfacet
  facet normal -0.144972 0.989436 0
    outer loop
      vertex 4.04411 24.3522 3.2
      vertex 4.08779 24.3586 0
      vertex 4.04411 24.3522 0
    endloop
  endfacet
  facet normal -0.33734 -0.941383 0
    outer loop
      vertex 4.13063 25.2306 0
      vertex 4.17221 25.2157 3.2
      vertex 4.13063 25.2306 3.2
    endloop
  endfacet
  facet normal -0.33734 -0.941383 -0
    outer loop
      vertex 4.17221 25.2157 3.2
      vertex 4.13063 25.2306 0
      vertex 4.17221 25.2157 0
    endloop
  endfacet
  facet normal -0.514029 -0.857773 0
    outer loop
      vertex 4.21213 25.1969 0
      vertex 4.25001 25.1742 3.2
      vertex 4.21213 25.1969 3.2
    endloop
  endfacet
  facet normal -0.514029 -0.857773 -0
    outer loop
      vertex 4.25001 25.1742 3.2
      vertex 4.21213 25.1969 0
      vertex 4.25001 25.1742 0
    endloop
  endfacet
  facet normal -0.998792 0.0491469 0
    outer loop
      vertex 4.44783 24.7559 0
      vertex 4.45 24.8 3.2
      vertex 4.45 24.8 0
    endloop
  endfacet
  facet normal -0.998792 0.0491469 0
    outer loop
      vertex 4.45 24.8 3.2
      vertex 4.44783 24.7559 0
      vertex 4.44783 24.7559 3.2
    endloop
  endfacet
  facet normal 0.33734 -0.941383 0
    outer loop
      vertex 3.82779 25.2157 0
      vertex 3.86937 25.2306 3.2
      vertex 3.82779 25.2157 3.2
    endloop
  endfacet
  facet normal 0.33734 -0.941383 0
    outer loop
      vertex 3.86937 25.2306 3.2
      vertex 3.82779 25.2157 0
      vertex 3.86937 25.2306 0
    endloop
  endfacet
  facet normal -0.803409 0.595428 0
    outer loop
      vertex 4.34785 24.5145 0
      vertex 4.37416 24.55 3.2
      vertex 4.37416 24.55 0
    endloop
  endfacet
  facet normal -0.803409 0.595428 0
    outer loop
      vertex 4.37416 24.55 3.2
      vertex 4.34785 24.5145 0
      vertex 4.34785 24.5145 3.2
    endloop
  endfacet
  facet normal 0.144972 0.989436 -0
    outer loop
      vertex 3.95589 24.3522 0
      vertex 3.91221 24.3586 3.2
      vertex 3.95589 24.3522 3.2
    endloop
  endfacet
  facet normal 0.144972 0.989436 0
    outer loop
      vertex 3.91221 24.3586 3.2
      vertex 3.95589 24.3522 0
      vertex 3.91221 24.3586 0
    endloop
  endfacet
  facet normal -0.0498134 -0.998759 0
    outer loop
      vertex 4 25.25 0
      vertex 4.04411 25.2478 3.2
      vertex 4 25.25 3.2
    endloop
  endfacet
  facet normal -0.0498134 -0.998759 -0
    outer loop
      vertex 4.04411 25.2478 3.2
      vertex 4 25.25 0
      vertex 4.04411 25.2478 0
    endloop
  endfacet
  facet normal 0.803409 0.595428 0
    outer loop
      vertex 3.65215 24.5145 3.2
      vertex 3.62584 24.55 0
      vertex 3.62584 24.55 3.2
    endloop
  endfacet
  facet normal 0.803409 0.595428 0
    outer loop
      vertex 3.62584 24.55 0
      vertex 3.65215 24.5145 3.2
      vertex 3.65215 24.5145 0
    endloop
  endfacet
  facet normal 0.514029 -0.857773 0
    outer loop
      vertex 3.74999 25.1742 0
      vertex 3.78787 25.1969 3.2
      vertex 3.74999 25.1742 3.2
    endloop
  endfacet
  facet normal 0.514029 -0.857773 0
    outer loop
      vertex 3.78787 25.1969 3.2
      vertex 3.74999 25.1742 0
      vertex 3.78787 25.1969 0
    endloop
  endfacet
  facet normal 0.244452 0.969661 -0
    outer loop
      vertex 3.91221 24.3586 0
      vertex 3.86937 24.3694 3.2
      vertex 3.91221 24.3586 3.2
    endloop
  endfacet
  facet normal 0.244452 0.969661 0
    outer loop
      vertex 3.86937 24.3694 3.2
      vertex 3.91221 24.3586 0
      vertex 3.86937 24.3694 0
    endloop
  endfacet
  facet normal -0.244452 0.969661 0
    outer loop
      vertex 4.13063 24.3694 0
      vertex 4.08779 24.3586 3.2
      vertex 4.13063 24.3694 3.2
    endloop
  endfacet
  facet normal -0.244452 0.969661 0
    outer loop
      vertex 4.08779 24.3586 3.2
      vertex 4.13063 24.3694 0
      vertex 4.08779 24.3586 0
    endloop
  endfacet
  facet normal 0.857892 0.51383 0
    outer loop
      vertex 3.62584 24.55 3.2
      vertex 3.60314 24.5879 0
      vertex 3.60314 24.5879 3.2
    endloop
  endfacet
  facet normal 0.857892 0.51383 0
    outer loop
      vertex 3.60314 24.5879 0
      vertex 3.62584 24.55 3.2
      vertex 3.62584 24.55 0
    endloop
  endfacet
  facet normal -0.514029 0.857773 0
    outer loop
      vertex 4.25001 24.4258 0
      vertex 4.21213 24.4031 3.2
      vertex 4.25001 24.4258 3.2
    endloop
  endfacet
  facet normal -0.514029 0.857773 0
    outer loop
      vertex 4.21213 24.4031 3.2
      vertex 4.25001 24.4258 0
      vertex 4.21213 24.4031 0
    endloop
  endfacet
  facet normal -0.903825 0.427901 0
    outer loop
      vertex 4.39686 24.5879 0
      vertex 4.41575 24.6278 3.2
      vertex 4.41575 24.6278 0
    endloop
  endfacet
  facet normal -0.903825 0.427901 0
    outer loop
      vertex 4.41575 24.6278 3.2
      vertex 4.39686 24.5879 0
      vertex 4.39686 24.5879 3.2
    endloop
  endfacet
  facet normal -0.94165 0.336594 0
    outer loop
      vertex 4.41575 24.6278 0
      vertex 4.43062 24.6694 3.2
      vertex 4.43062 24.6694 0
    endloop
  endfacet
  facet normal -0.94165 0.336594 0
    outer loop
      vertex 4.43062 24.6694 3.2
      vertex 4.41575 24.6278 0
      vertex 4.41575 24.6278 3.2
    endloop
  endfacet
  facet normal 0.740811 -0.671714 0
    outer loop
      vertex 3.65215 25.0855 3.2
      vertex 3.6818 25.1182 0
      vertex 3.6818 25.1182 3.2
    endloop
  endfacet
  facet normal 0.740811 -0.671714 0
    outer loop
      vertex 3.6818 25.1182 0
      vertex 3.65215 25.0855 3.2
      vertex 3.65215 25.0855 0
    endloop
  endfacet
  facet normal 0.672109 -0.740452 0
    outer loop
      vertex 3.6818 25.1182 0
      vertex 3.71452 25.1479 3.2
      vertex 3.6818 25.1182 3.2
    endloop
  endfacet
  facet normal 0.672109 -0.740452 0
    outer loop
      vertex 3.71452 25.1479 3.2
      vertex 3.6818 25.1182 0
      vertex 3.71452 25.1479 0
    endloop
  endfacet
  facet normal 0.144972 -0.989436 0
    outer loop
      vertex 3.91221 25.2414 0
      vertex 3.95589 25.2478 3.2
      vertex 3.91221 25.2414 3.2
    endloop
  endfacet
  facet normal 0.144972 -0.989436 0
    outer loop
      vertex 3.95589 25.2478 3.2
      vertex 3.91221 25.2414 0
      vertex 3.95589 25.2478 0
    endloop
  endfacet
  facet normal -0.857892 0.51383 0
    outer loop
      vertex 4.37416 24.55 0
      vertex 4.39686 24.5879 3.2
      vertex 4.39686 24.5879 0
    endloop
  endfacet
  facet normal -0.857892 0.51383 0
    outer loop
      vertex 4.39686 24.5879 3.2
      vertex 4.37416 24.55 0
      vertex 4.37416 24.55 3.2
    endloop
  endfacet
  facet normal -0.426059 0.904695 0
    outer loop
      vertex 4.21213 24.4031 0
      vertex 4.17221 24.3843 3.2
      vertex 4.21213 24.4031 3.2
    endloop
  endfacet
  facet normal -0.426059 0.904695 0
    outer loop
      vertex 4.17221 24.3843 3.2
      vertex 4.21213 24.4031 0
      vertex 4.17221 24.3843 0
    endloop
  endfacet
  facet normal -0.672109 -0.740452 0
    outer loop
      vertex 4.28548 25.1479 0
      vertex 4.3182 25.1182 3.2
      vertex 4.28548 25.1479 3.2
    endloop
  endfacet
  facet normal -0.672109 -0.740452 -0
    outer loop
      vertex 4.3182 25.1182 3.2
      vertex 4.28548 25.1479 0
      vertex 4.3182 25.1182 0
    endloop
  endfacet
  facet normal 0.244452 -0.969661 0
    outer loop
      vertex 3.86937 25.2306 0
      vertex 3.91221 25.2414 3.2
      vertex 3.86937 25.2306 3.2
    endloop
  endfacet
  facet normal 0.244452 -0.969661 0
    outer loop
      vertex 3.91221 25.2414 3.2
      vertex 3.86937 25.2306 0
      vertex 3.91221 25.2414 0
    endloop
  endfacet
  facet normal -0.426059 -0.904695 0
    outer loop
      vertex 4.17221 25.2157 0
      vertex 4.21213 25.1969 3.2
      vertex 4.17221 25.2157 3.2
    endloop
  endfacet
  facet normal -0.426059 -0.904695 -0
    outer loop
      vertex 4.21213 25.1969 3.2
      vertex 4.17221 25.2157 0
      vertex 4.21213 25.1969 0
    endloop
  endfacet
  facet normal -0.0498134 0.998759 0
    outer loop
      vertex 4.04411 24.3522 0
      vertex 4 24.35 3.2
      vertex 4.04411 24.3522 3.2
    endloop
  endfacet
  facet normal -0.0498134 0.998759 0
    outer loop
      vertex 4 24.35 3.2
      vertex 4.04411 24.3522 0
      vertex 4 24.35 0
    endloop
  endfacet
  facet normal -0.803409 -0.595428 0
    outer loop
      vertex 4.37416 25.05 0
      vertex 4.34785 25.0855 3.2
      vertex 4.34785 25.0855 0
    endloop
  endfacet
  facet normal -0.803409 -0.595428 0
    outer loop
      vertex 4.34785 25.0855 3.2
      vertex 4.37416 25.05 0
      vertex 4.37416 25.05 3.2
    endloop
  endfacet
  facet normal 0.94165 0.336594 0
    outer loop
      vertex 3.58425 24.6278 3.2
      vertex 3.56938 24.6694 0
      vertex 3.56938 24.6694 3.2
    endloop
  endfacet
  facet normal 0.94165 0.336594 0
    outer loop
      vertex 3.56938 24.6694 0
      vertex 3.58425 24.6278 3.2
      vertex 3.58425 24.6278 0
    endloop
  endfacet
  facet normal 0.998792 -0.0491469 0
    outer loop
      vertex 3.55 24.8 3.2
      vertex 3.55217 24.8441 0
      vertex 3.55217 24.8441 3.2
    endloop
  endfacet
  facet normal 0.998792 -0.0491469 0
    outer loop
      vertex 3.55217 24.8441 0
      vertex 3.55 24.8 3.2
      vertex 3.55 24.8 0
    endloop
  endfacet
  facet normal -0.33734 0.941383 0
    outer loop
      vertex 4.17221 24.3843 0
      vertex 4.13063 24.3694 3.2
      vertex 4.17221 24.3843 3.2
    endloop
  endfacet
  facet normal -0.33734 0.941383 0
    outer loop
      vertex 4.13063 24.3694 3.2
      vertex 4.17221 24.3843 0
      vertex 4.13063 24.3694 0
    endloop
  endfacet
  facet normal -0.672109 0.740452 0
    outer loop
      vertex 4.3182 24.4818 0
      vertex 4.28548 24.4521 3.2
      vertex 4.3182 24.4818 3.2
    endloop
  endfacet
  facet normal -0.672109 0.740452 0
    outer loop
      vertex 4.28548 24.4521 3.2
      vertex 4.3182 24.4818 0
      vertex 4.28548 24.4521 0
    endloop
  endfacet
  facet normal -0.969982 0.243175 0
    outer loop
      vertex 4.43062 24.6694 0
      vertex 4.44135 24.7122 3.2
      vertex 4.44135 24.7122 0
    endloop
  endfacet
  facet normal -0.969982 0.243175 0
    outer loop
      vertex 4.44135 24.7122 3.2
      vertex 4.43062 24.6694 0
      vertex 4.43062 24.6694 3.2
    endloop
  endfacet
  facet normal -0.740811 0.671714 0
    outer loop
      vertex 4.3182 24.4818 0
      vertex 4.34785 24.5145 3.2
      vertex 4.34785 24.5145 0
    endloop
  endfacet
  facet normal -0.740811 0.671714 0
    outer loop
      vertex 4.34785 24.5145 3.2
      vertex 4.3182 24.4818 0
      vertex 4.3182 24.4818 3.2
    endloop
  endfacet
  facet normal 0.903825 -0.427901 0
    outer loop
      vertex 3.58425 24.9722 3.2
      vertex 3.60314 25.0121 0
      vertex 3.60314 25.0121 3.2
    endloop
  endfacet
  facet normal 0.903825 -0.427901 0
    outer loop
      vertex 3.60314 25.0121 0
      vertex 3.58425 24.9722 3.2
      vertex 3.58425 24.9722 0
    endloop
  endfacet
  facet normal 0.0498134 0.998759 -0
    outer loop
      vertex 4 24.35 0
      vertex 3.95589 24.3522 3.2
      vertex 4 24.35 3.2
    endloop
  endfacet
  facet normal 0.0498134 0.998759 0
    outer loop
      vertex 3.95589 24.3522 3.2
      vertex 4 24.35 0
      vertex 3.95589 24.3522 0
    endloop
  endfacet
  facet normal 0.740811 0.671714 0
    outer loop
      vertex 3.6818 24.4818 3.2
      vertex 3.65215 24.5145 0
      vertex 3.65215 24.5145 3.2
    endloop
  endfacet
  facet normal 0.740811 0.671714 0
    outer loop
      vertex 3.65215 24.5145 0
      vertex 3.6818 24.4818 3.2
      vertex 3.6818 24.4818 0
    endloop
  endfacet
  facet normal -0.94165 -0.336594 0
    outer loop
      vertex 4.43062 24.9306 0
      vertex 4.41575 24.9722 3.2
      vertex 4.41575 24.9722 0
    endloop
  endfacet
  facet normal -0.94165 -0.336594 0
    outer loop
      vertex 4.41575 24.9722 3.2
      vertex 4.43062 24.9306 0
      vertex 4.43062 24.9306 3.2
    endloop
  endfacet
  facet normal 0.969982 0.243175 0
    outer loop
      vertex 3.56938 24.6694 3.2
      vertex 3.55865 24.7122 0
      vertex 3.55865 24.7122 3.2
    endloop
  endfacet
  facet normal 0.969982 0.243175 0
    outer loop
      vertex 3.55865 24.7122 0
      vertex 3.56938 24.6694 3.2
      vertex 3.56938 24.6694 0
    endloop
  endfacet
  facet normal -0.903825 -0.427901 0
    outer loop
      vertex 4.41575 24.9722 0
      vertex 4.39686 25.0121 3.2
      vertex 4.39686 25.0121 0
    endloop
  endfacet
  facet normal -0.903825 -0.427901 0
    outer loop
      vertex 4.39686 25.0121 3.2
      vertex 4.41575 24.9722 0
      vertex 4.41575 24.9722 3.2
    endloop
  endfacet
  facet normal -0.989184 0.14668 0
    outer loop
      vertex 4.44135 24.7122 0
      vertex 4.44783 24.7559 3.2
      vertex 4.44783 24.7559 0
    endloop
  endfacet
  facet normal -0.989184 0.14668 0
    outer loop
      vertex 4.44783 24.7559 3.2
      vertex 4.44135 24.7122 0
      vertex 4.44135 24.7122 3.2
    endloop
  endfacet
  facet normal 0.989184 0.14668 0
    outer loop
      vertex 3.55865 24.7122 3.2
      vertex 3.55217 24.7559 0
      vertex 3.55217 24.7559 3.2
    endloop
  endfacet
  facet normal 0.989184 0.14668 0
    outer loop
      vertex 3.55217 24.7559 0
      vertex 3.55865 24.7122 3.2
      vertex 3.55865 24.7122 0
    endloop
  endfacet
  facet normal -0.857892 -0.51383 0
    outer loop
      vertex 4.39686 25.0121 0
      vertex 4.37416 25.05 3.2
      vertex 4.37416 25.05 0
    endloop
  endfacet
  facet normal -0.857892 -0.51383 0
    outer loop
      vertex 4.37416 25.05 3.2
      vertex 4.39686 25.0121 0
      vertex 4.39686 25.0121 3.2
    endloop
  endfacet
  facet normal 0.0498134 -0.998759 0
    outer loop
      vertex 3.95589 25.2478 0
      vertex 4 25.25 3.2
      vertex 3.95589 25.2478 3.2
    endloop
  endfacet
  facet normal 0.0498134 -0.998759 0
    outer loop
      vertex 4 25.25 3.2
      vertex 3.95589 25.2478 0
      vertex 4 25.25 0
    endloop
  endfacet
  facet normal 0.514029 0.857773 -0
    outer loop
      vertex 3.78787 24.4031 0
      vertex 3.74999 24.4258 3.2
      vertex 3.78787 24.4031 3.2
    endloop
  endfacet
  facet normal 0.514029 0.857773 0
    outer loop
      vertex 3.74999 24.4258 3.2
      vertex 3.78787 24.4031 0
      vertex 3.74999 24.4258 0
    endloop
  endfacet
  facet normal 0.969982 -0.243175 0
    outer loop
      vertex 3.55865 24.8878 3.2
      vertex 3.56938 24.9306 0
      vertex 3.56938 24.9306 3.2
    endloop
  endfacet
  facet normal 0.969982 -0.243175 0
    outer loop
      vertex 3.56938 24.9306 0
      vertex 3.55865 24.8878 3.2
      vertex 3.55865 24.8878 0
    endloop
  endfacet
  facet normal 0.857892 -0.51383 0
    outer loop
      vertex 3.60314 25.0121 3.2
      vertex 3.62584 25.05 0
      vertex 3.62584 25.05 3.2
    endloop
  endfacet
  facet normal 0.857892 -0.51383 0
    outer loop
      vertex 3.62584 25.05 0
      vertex 3.60314 25.0121 3.2
      vertex 3.60314 25.0121 0
    endloop
  endfacet
  facet normal 0.426059 0.904695 -0
    outer loop
      vertex 3.82779 24.3843 0
      vertex 3.78787 24.4031 3.2
      vertex 3.82779 24.3843 3.2
    endloop
  endfacet
  facet normal 0.426059 0.904695 0
    outer loop
      vertex 3.78787 24.4031 3.2
      vertex 3.82779 24.3843 0
      vertex 3.78787 24.4031 0
    endloop
  endfacet
  facet normal 0.595607 -0.803276 0
    outer loop
      vertex 3.71452 25.1479 0
      vertex 3.74999 25.1742 3.2
      vertex 3.71452 25.1479 3.2
    endloop
  endfacet
  facet normal 0.595607 -0.803276 0
    outer loop
      vertex 3.74999 25.1742 3.2
      vertex 3.71452 25.1479 0
      vertex 3.74999 25.1742 0
    endloop
  endfacet
  facet normal 0.989184 -0.14668 0
    outer loop
      vertex 3.55217 24.8441 3.2
      vertex 3.55865 24.8878 0
      vertex 3.55865 24.8878 3.2
    endloop
  endfacet
  facet normal 0.989184 -0.14668 0
    outer loop
      vertex 3.55865 24.8878 0
      vertex 3.55217 24.8441 3.2
      vertex 3.55217 24.8441 0
    endloop
  endfacet
  facet normal 0.94165 -0.336594 0
    outer loop
      vertex 3.56938 24.9306 3.2
      vertex 3.58425 24.9722 0
      vertex 3.58425 24.9722 3.2
    endloop
  endfacet
  facet normal 0.94165 -0.336594 0
    outer loop
      vertex 3.58425 24.9722 0
      vertex 3.56938 24.9306 3.2
      vertex 3.56938 24.9306 0
    endloop
  endfacet
  facet normal 0.998792 0.0491469 0
    outer loop
      vertex 3.55217 24.7559 3.2
      vertex 3.55 24.8 0
      vertex 3.55 24.8 3.2
    endloop
  endfacet
  facet normal 0.998792 0.0491469 0
    outer loop
      vertex 3.55 24.8 0
      vertex 3.55217 24.7559 3.2
      vertex 3.55217 24.7559 0
    endloop
  endfacet
  facet normal -0.244452 -0.969661 0
    outer loop
      vertex 4.08779 25.2414 0
      vertex 4.13063 25.2306 3.2
      vertex 4.08779 25.2414 3.2
    endloop
  endfacet
  facet normal -0.244452 -0.969661 -0
    outer loop
      vertex 4.13063 25.2306 3.2
      vertex 4.08779 25.2414 0
      vertex 4.13063 25.2306 0
    endloop
  endfacet
  facet normal 0.903825 0.427901 0
    outer loop
      vertex 3.60314 24.5879 3.2
      vertex 3.58425 24.6278 0
      vertex 3.58425 24.6278 3.2
    endloop
  endfacet
  facet normal 0.903825 0.427901 0
    outer loop
      vertex 3.58425 24.6278 0
      vertex 3.60314 24.5879 3.2
      vertex 3.60314 24.5879 0
    endloop
  endfacet
  facet normal -0.595607 0.803276 0
    outer loop
      vertex 4.28548 24.4521 0
      vertex 4.25001 24.4258 3.2
      vertex 4.28548 24.4521 3.2
    endloop
  endfacet
  facet normal -0.595607 0.803276 0
    outer loop
      vertex 4.25001 24.4258 3.2
      vertex 4.28548 24.4521 0
      vertex 4.25001 24.4258 0
    endloop
  endfacet
  facet normal 0.672109 0.740452 -0
    outer loop
      vertex 3.71452 24.4521 0
      vertex 3.6818 24.4818 3.2
      vertex 3.71452 24.4521 3.2
    endloop
  endfacet
  facet normal 0.672109 0.740452 0
    outer loop
      vertex 3.6818 24.4818 3.2
      vertex 3.71452 24.4521 0
      vertex 3.6818 24.4818 0
    endloop
  endfacet
  facet normal 0.595607 0.803276 -0
    outer loop
      vertex 3.74999 24.4258 0
      vertex 3.71452 24.4521 3.2
      vertex 3.74999 24.4258 3.2
    endloop
  endfacet
  facet normal 0.595607 0.803276 0
    outer loop
      vertex 3.71452 24.4521 3.2
      vertex 3.74999 24.4258 0
      vertex 3.71452 24.4521 0
    endloop
  endfacet
  facet normal -0.144972 -0.989436 0
    outer loop
      vertex 4.04411 25.2478 0
      vertex 4.08779 25.2414 3.2
      vertex 4.04411 25.2478 3.2
    endloop
  endfacet
  facet normal -0.144972 -0.989436 -0
    outer loop
      vertex 4.08779 25.2414 3.2
      vertex 4.04411 25.2478 0
      vertex 4.08779 25.2414 0
    endloop
  endfacet
  facet normal 0.33734 0.941383 -0
    outer loop
      vertex 3.86937 24.3694 0
      vertex 3.82779 24.3843 3.2
      vertex 3.86937 24.3694 3.2
    endloop
  endfacet
  facet normal 0.33734 0.941383 0
    outer loop
      vertex 3.82779 24.3843 3.2
      vertex 3.86937 24.3694 0
      vertex 3.82779 24.3843 0
    endloop
  endfacet
  facet normal -0.989184 -0.14668 0
    outer loop
      vertex 4.44783 17.2241 0
      vertex 4.44135 17.2678 3.2
      vertex 4.44135 17.2678 0
    endloop
  endfacet
  facet normal -0.989184 -0.14668 0
    outer loop
      vertex 4.44135 17.2678 3.2
      vertex 4.44783 17.2241 0
      vertex 4.44783 17.2241 3.2
    endloop
  endfacet
  facet normal -0.998792 -0.0491469 0
    outer loop
      vertex 4.45 17.18 0
      vertex 4.44783 17.2241 3.2
      vertex 4.44783 17.2241 0
    endloop
  endfacet
  facet normal -0.998792 -0.0491469 0
    outer loop
      vertex 4.44783 17.2241 3.2
      vertex 4.45 17.18 0
      vertex 4.45 17.18 3.2
    endloop
  endfacet
  facet normal -0.969982 -0.243175 0
    outer loop
      vertex 4.44135 17.2678 0
      vertex 4.43062 17.3106 3.2
      vertex 4.43062 17.3106 0
    endloop
  endfacet
  facet normal -0.969982 -0.243175 0
    outer loop
      vertex 4.43062 17.3106 3.2
      vertex 4.44135 17.2678 0
      vertex 4.44135 17.2678 3.2
    endloop
  endfacet
  facet normal -0.426059 -0.904695 0
    outer loop
      vertex 4.17221 17.5957 0
      vertex 4.21213 17.5769 3.2
      vertex 4.17221 17.5957 3.2
    endloop
  endfacet
  facet normal -0.426059 -0.904695 -0
    outer loop
      vertex 4.21213 17.5769 3.2
      vertex 4.17221 17.5957 0
      vertex 4.21213 17.5769 0
    endloop
  endfacet
  facet normal 0.903825 0.427901 0
    outer loop
      vertex 3.60314 16.9679 3.2
      vertex 3.58425 17.0078 0
      vertex 3.58425 17.0078 3.2
    endloop
  endfacet
  facet normal 0.903825 0.427901 0
    outer loop
      vertex 3.58425 17.0078 0
      vertex 3.60314 16.9679 3.2
      vertex 3.60314 16.9679 0
    endloop
  endfacet
  facet normal 0.0498134 0.998759 -0
    outer loop
      vertex 4 16.73 0
      vertex 3.95589 16.7322 3.2
      vertex 4 16.73 3.2
    endloop
  endfacet
  facet normal 0.0498134 0.998759 0
    outer loop
      vertex 3.95589 16.7322 3.2
      vertex 4 16.73 0
      vertex 3.95589 16.7322 0
    endloop
  endfacet
  facet normal -0.998792 0.0491469 0
    outer loop
      vertex 4.44783 17.1359 0
      vertex 4.45 17.18 3.2
      vertex 4.45 17.18 0
    endloop
  endfacet
  facet normal -0.998792 0.0491469 0
    outer loop
      vertex 4.45 17.18 3.2
      vertex 4.44783 17.1359 0
      vertex 4.44783 17.1359 3.2
    endloop
  endfacet
  facet normal 0.857892 0.51383 0
    outer loop
      vertex 3.62584 16.93 3.2
      vertex 3.60314 16.9679 0
      vertex 3.60314 16.9679 3.2
    endloop
  endfacet
  facet normal 0.857892 0.51383 0
    outer loop
      vertex 3.60314 16.9679 0
      vertex 3.62584 16.93 3.2
      vertex 3.62584 16.93 0
    endloop
  endfacet
  facet normal -0.426059 0.904695 0
    outer loop
      vertex 4.21213 16.7831 0
      vertex 4.17221 16.7643 3.2
      vertex 4.21213 16.7831 3.2
    endloop
  endfacet
  facet normal -0.426059 0.904695 0
    outer loop
      vertex 4.17221 16.7643 3.2
      vertex 4.21213 16.7831 0
      vertex 4.17221 16.7643 0
    endloop
  endfacet
  facet normal -0.903825 0.427901 0
    outer loop
      vertex 4.39686 16.9679 0
      vertex 4.41575 17.0078 3.2
      vertex 4.41575 17.0078 0
    endloop
  endfacet
  facet normal -0.903825 0.427901 0
    outer loop
      vertex 4.41575 17.0078 3.2
      vertex 4.39686 16.9679 0
      vertex 4.39686 16.9679 3.2
    endloop
  endfacet
  facet normal 0.989184 0.14668 0
    outer loop
      vertex 3.55865 17.0922 3.2
      vertex 3.55217 17.1359 0
      vertex 3.55217 17.1359 3.2
    endloop
  endfacet
  facet normal 0.989184 0.14668 0
    outer loop
      vertex 3.55217 17.1359 0
      vertex 3.55865 17.0922 3.2
      vertex 3.55865 17.0922 0
    endloop
  endfacet
  facet normal 0.740811 0.671714 0
    outer loop
      vertex 3.6818 16.8618 3.2
      vertex 3.65215 16.8945 0
      vertex 3.65215 16.8945 3.2
    endloop
  endfacet
  facet normal 0.740811 0.671714 0
    outer loop
      vertex 3.65215 16.8945 0
      vertex 3.6818 16.8618 3.2
      vertex 3.6818 16.8618 0
    endloop
  endfacet
  facet normal -0.969982 0.243175 0
    outer loop
      vertex 4.43062 17.0494 0
      vertex 4.44135 17.0922 3.2
      vertex 4.44135 17.0922 0
    endloop
  endfacet
  facet normal -0.969982 0.243175 0
    outer loop
      vertex 4.44135 17.0922 3.2
      vertex 4.43062 17.0494 0
      vertex 4.43062 17.0494 3.2
    endloop
  endfacet
  facet normal -0.803409 0.595428 0
    outer loop
      vertex 4.34785 16.8945 0
      vertex 4.37416 16.93 3.2
      vertex 4.37416 16.93 0
    endloop
  endfacet
  facet normal -0.803409 0.595428 0
    outer loop
      vertex 4.37416 16.93 3.2
      vertex 4.34785 16.8945 0
      vertex 4.34785 16.8945 3.2
    endloop
  endfacet
  facet normal 0.803409 -0.595428 0
    outer loop
      vertex 3.62584 17.43 3.2
      vertex 3.65215 17.4655 0
      vertex 3.65215 17.4655 3.2
    endloop
  endfacet
  facet normal 0.803409 -0.595428 0
    outer loop
      vertex 3.65215 17.4655 0
      vertex 3.62584 17.43 3.2
      vertex 3.62584 17.43 0
    endloop
  endfacet
  facet normal 0.244452 -0.969661 0
    outer loop
      vertex 3.86937 17.6106 0
      vertex 3.91221 17.6214 3.2
      vertex 3.86937 17.6106 3.2
    endloop
  endfacet
  facet normal 0.244452 -0.969661 0
    outer loop
      vertex 3.91221 17.6214 3.2
      vertex 3.86937 17.6106 0
      vertex 3.91221 17.6214 0
    endloop
  endfacet
  facet normal 0.803409 0.595428 0
    outer loop
      vertex 3.65215 16.8945 3.2
      vertex 3.62584 16.93 0
      vertex 3.62584 16.93 3.2
    endloop
  endfacet
  facet normal 0.803409 0.595428 0
    outer loop
      vertex 3.62584 16.93 0
      vertex 3.65215 16.8945 3.2
      vertex 3.65215 16.8945 0
    endloop
  endfacet
  facet normal -0.595607 -0.803276 0
    outer loop
      vertex 4.25001 17.5542 0
      vertex 4.28548 17.5279 3.2
      vertex 4.25001 17.5542 3.2
    endloop
  endfacet
  facet normal -0.595607 -0.803276 -0
    outer loop
      vertex 4.28548 17.5279 3.2
      vertex 4.25001 17.5542 0
      vertex 4.28548 17.5279 0
    endloop
  endfacet
  facet normal 0.94165 -0.336594 0
    outer loop
      vertex 3.56938 17.3106 3.2
      vertex 3.58425 17.3522 0
      vertex 3.58425 17.3522 3.2
    endloop
  endfacet
  facet normal 0.94165 -0.336594 0
    outer loop
      vertex 3.58425 17.3522 0
      vertex 3.56938 17.3106 3.2
      vertex 3.56938 17.3106 0
    endloop
  endfacet
  facet normal -0.803409 -0.595428 0
    outer loop
      vertex 4.37416 17.43 0
      vertex 4.34785 17.4655 3.2
      vertex 4.34785 17.4655 0
    endloop
  endfacet
  facet normal -0.803409 -0.595428 0
    outer loop
      vertex 4.34785 17.4655 3.2
      vertex 4.37416 17.43 0
      vertex 4.37416 17.43 3.2
    endloop
  endfacet
  facet normal -0.0498134 -0.998759 0
    outer loop
      vertex 4 17.63 0
      vertex 4.04411 17.6278 3.2
      vertex 4 17.63 3.2
    endloop
  endfacet
  facet normal -0.0498134 -0.998759 -0
    outer loop
      vertex 4.04411 17.6278 3.2
      vertex 4 17.63 0
      vertex 4.04411 17.6278 0
    endloop
  endfacet
  facet normal 0.33734 -0.941383 0
    outer loop
      vertex 3.82779 17.5957 0
      vertex 3.86937 17.6106 3.2
      vertex 3.82779 17.5957 3.2
    endloop
  endfacet
  facet normal 0.33734 -0.941383 0
    outer loop
      vertex 3.86937 17.6106 3.2
      vertex 3.82779 17.5957 0
      vertex 3.86937 17.6106 0
    endloop
  endfacet
  facet normal 0.740811 -0.671714 0
    outer loop
      vertex 3.65215 17.4655 3.2
      vertex 3.6818 17.4982 0
      vertex 3.6818 17.4982 3.2
    endloop
  endfacet
  facet normal 0.740811 -0.671714 0
    outer loop
      vertex 3.6818 17.4982 0
      vertex 3.65215 17.4655 3.2
      vertex 3.65215 17.4655 0
    endloop
  endfacet
  facet normal 0.903825 -0.427901 0
    outer loop
      vertex 3.58425 17.3522 3.2
      vertex 3.60314 17.3921 0
      vertex 3.60314 17.3921 3.2
    endloop
  endfacet
  facet normal 0.903825 -0.427901 0
    outer loop
      vertex 3.60314 17.3921 0
      vertex 3.58425 17.3522 3.2
      vertex 3.58425 17.3522 0
    endloop
  endfacet
  facet normal 0.989184 -0.14668 0
    outer loop
      vertex 3.55217 17.2241 3.2
      vertex 3.55865 17.2678 0
      vertex 3.55865 17.2678 3.2
    endloop
  endfacet
  facet normal 0.989184 -0.14668 0
    outer loop
      vertex 3.55865 17.2678 0
      vertex 3.55217 17.2241 3.2
      vertex 3.55217 17.2241 0
    endloop
  endfacet
  facet normal 0.0498134 -0.998759 0
    outer loop
      vertex 3.95589 17.6278 0
      vertex 4 17.63 3.2
      vertex 3.95589 17.6278 3.2
    endloop
  endfacet
  facet normal 0.0498134 -0.998759 0
    outer loop
      vertex 4 17.63 3.2
      vertex 3.95589 17.6278 0
      vertex 4 17.63 0
    endloop
  endfacet
  facet normal -0.514029 0.857773 0
    outer loop
      vertex 4.25001 16.8058 0
      vertex 4.21213 16.7831 3.2
      vertex 4.25001 16.8058 3.2
    endloop
  endfacet
  facet normal -0.514029 0.857773 0
    outer loop
      vertex 4.21213 16.7831 3.2
      vertex 4.25001 16.8058 0
      vertex 4.21213 16.7831 0
    endloop
  endfacet
  facet normal -0.514029 -0.857773 0
    outer loop
      vertex 4.21213 17.5769 0
      vertex 4.25001 17.5542 3.2
      vertex 4.21213 17.5769 3.2
    endloop
  endfacet
  facet normal -0.514029 -0.857773 -0
    outer loop
      vertex 4.25001 17.5542 3.2
      vertex 4.21213 17.5769 0
      vertex 4.25001 17.5542 0
    endloop
  endfacet
  facet normal -0.33734 0.941383 0
    outer loop
      vertex 4.17221 16.7643 0
      vertex 4.13063 16.7494 3.2
      vertex 4.17221 16.7643 3.2
    endloop
  endfacet
  facet normal -0.33734 0.941383 0
    outer loop
      vertex 4.13063 16.7494 3.2
      vertex 4.17221 16.7643 0
      vertex 4.13063 16.7494 0
    endloop
  endfacet
  facet normal -0.144972 0.989436 0
    outer loop
      vertex 4.08779 16.7386 0
      vertex 4.04411 16.7322 3.2
      vertex 4.08779 16.7386 3.2
    endloop
  endfacet
  facet normal -0.144972 0.989436 0
    outer loop
      vertex 4.04411 16.7322 3.2
      vertex 4.08779 16.7386 0
      vertex 4.04411 16.7322 0
    endloop
  endfacet
  facet normal 0.144972 0.989436 -0
    outer loop
      vertex 3.95589 16.7322 0
      vertex 3.91221 16.7386 3.2
      vertex 3.95589 16.7322 3.2
    endloop
  endfacet
  facet normal 0.144972 0.989436 0
    outer loop
      vertex 3.91221 16.7386 3.2
      vertex 3.95589 16.7322 0
      vertex 3.91221 16.7386 0
    endloop
  endfacet
  facet normal 0.857892 -0.51383 0
    outer loop
      vertex 3.60314 17.3921 3.2
      vertex 3.62584 17.43 0
      vertex 3.62584 17.43 3.2
    endloop
  endfacet
  facet normal 0.857892 -0.51383 0
    outer loop
      vertex 3.62584 17.43 0
      vertex 3.60314 17.3921 3.2
      vertex 3.60314 17.3921 0
    endloop
  endfacet
  facet normal 0.426059 -0.904695 0
    outer loop
      vertex 3.78787 17.5769 0
      vertex 3.82779 17.5957 3.2
      vertex 3.78787 17.5769 3.2
    endloop
  endfacet
  facet normal 0.426059 -0.904695 0
    outer loop
      vertex 3.82779 17.5957 3.2
      vertex 3.78787 17.5769 0
      vertex 3.82779 17.5957 0
    endloop
  endfacet
  facet normal -0.94165 -0.336594 0
    outer loop
      vertex 4.43062 17.3106 0
      vertex 4.41575 17.3522 3.2
      vertex 4.41575 17.3522 0
    endloop
  endfacet
  facet normal -0.94165 -0.336594 0
    outer loop
      vertex 4.41575 17.3522 3.2
      vertex 4.43062 17.3106 0
      vertex 4.43062 17.3106 3.2
    endloop
  endfacet
  facet normal 0.969982 0.243175 0
    outer loop
      vertex 3.56938 17.0494 3.2
      vertex 3.55865 17.0922 0
      vertex 3.55865 17.0922 3.2
    endloop
  endfacet
  facet normal 0.969982 0.243175 0
    outer loop
      vertex 3.55865 17.0922 0
      vertex 3.56938 17.0494 3.2
      vertex 3.56938 17.0494 0
    endloop
  endfacet
  facet normal -0.903825 -0.427901 0
    outer loop
      vertex 4.41575 17.3522 0
      vertex 4.39686 17.3921 3.2
      vertex 4.39686 17.3921 0
    endloop
  endfacet
  facet normal -0.903825 -0.427901 0
    outer loop
      vertex 4.39686 17.3921 3.2
      vertex 4.41575 17.3522 0
      vertex 4.41575 17.3522 3.2
    endloop
  endfacet
  facet normal -0.244452 -0.969661 0
    outer loop
      vertex 4.08779 17.6214 0
      vertex 4.13063 17.6106 3.2
      vertex 4.08779 17.6214 3.2
    endloop
  endfacet
  facet normal -0.244452 -0.969661 -0
    outer loop
      vertex 4.13063 17.6106 3.2
      vertex 4.08779 17.6214 0
      vertex 4.13063 17.6106 0
    endloop
  endfacet
  facet normal 0.969982 -0.243175 0
    outer loop
      vertex 3.55865 17.2678 3.2
      vertex 3.56938 17.3106 0
      vertex 3.56938 17.3106 3.2
    endloop
  endfacet
  facet normal 0.969982 -0.243175 0
    outer loop
      vertex 3.56938 17.3106 0
      vertex 3.55865 17.2678 3.2
      vertex 3.55865 17.2678 0
    endloop
  endfacet
  facet normal -0.989184 0.14668 0
    outer loop
      vertex 4.44135 17.0922 0
      vertex 4.44783 17.1359 3.2
      vertex 4.44783 17.1359 0
    endloop
  endfacet
  facet normal -0.989184 0.14668 0
    outer loop
      vertex 4.44783 17.1359 3.2
      vertex 4.44135 17.0922 0
      vertex 4.44135 17.0922 3.2
    endloop
  endfacet
  facet normal -0.857892 -0.51383 0
    outer loop
      vertex 4.39686 17.3921 0
      vertex 4.37416 17.43 3.2
      vertex 4.37416 17.43 0
    endloop
  endfacet
  facet normal -0.857892 -0.51383 0
    outer loop
      vertex 4.37416 17.43 3.2
      vertex 4.39686 17.3921 0
      vertex 4.39686 17.3921 3.2
    endloop
  endfacet
  facet normal 0.595607 -0.803276 0
    outer loop
      vertex 3.71452 17.5279 0
      vertex 3.74999 17.5542 3.2
      vertex 3.71452 17.5279 3.2
    endloop
  endfacet
  facet normal 0.595607 -0.803276 0
    outer loop
      vertex 3.74999 17.5542 3.2
      vertex 3.71452 17.5279 0
      vertex 3.74999 17.5542 0
    endloop
  endfacet
  facet normal -0.244452 0.969661 0
    outer loop
      vertex 4.13063 16.7494 0
      vertex 4.08779 16.7386 3.2
      vertex 4.13063 16.7494 3.2
    endloop
  endfacet
  facet normal -0.244452 0.969661 0
    outer loop
      vertex 4.08779 16.7386 3.2
      vertex 4.13063 16.7494 0
      vertex 4.08779 16.7386 0
    endloop
  endfacet
  facet normal -0.0498134 0.998759 0
    outer loop
      vertex 4.04411 16.7322 0
      vertex 4 16.73 3.2
      vertex 4.04411 16.7322 3.2
    endloop
  endfacet
  facet normal -0.0498134 0.998759 0
    outer loop
      vertex 4 16.73 3.2
      vertex 4.04411 16.7322 0
      vertex 4 16.73 0
    endloop
  endfacet
  facet normal 0.144972 -0.989436 0
    outer loop
      vertex 3.91221 17.6214 0
      vertex 3.95589 17.6278 3.2
      vertex 3.91221 17.6214 3.2
    endloop
  endfacet
  facet normal 0.144972 -0.989436 0
    outer loop
      vertex 3.95589 17.6278 3.2
      vertex 3.91221 17.6214 0
      vertex 3.95589 17.6278 0
    endloop
  endfacet
  facet normal 0.94165 0.336594 0
    outer loop
      vertex 3.58425 17.0078 3.2
      vertex 3.56938 17.0494 0
      vertex 3.56938 17.0494 3.2
    endloop
  endfacet
  facet normal 0.94165 0.336594 0
    outer loop
      vertex 3.56938 17.0494 0
      vertex 3.58425 17.0078 3.2
      vertex 3.58425 17.0078 0
    endloop
  endfacet
  facet normal 0.514029 0.857773 -0
    outer loop
      vertex 3.78787 16.7831 0
      vertex 3.74999 16.8058 3.2
      vertex 3.78787 16.7831 3.2
    endloop
  endfacet
  facet normal 0.514029 0.857773 0
    outer loop
      vertex 3.74999 16.8058 3.2
      vertex 3.78787 16.7831 0
      vertex 3.74999 16.8058 0
    endloop
  endfacet
  facet normal 0.672109 -0.740452 0
    outer loop
      vertex 3.6818 17.4982 0
      vertex 3.71452 17.5279 3.2
      vertex 3.6818 17.4982 3.2
    endloop
  endfacet
  facet normal 0.672109 -0.740452 0
    outer loop
      vertex 3.71452 17.5279 3.2
      vertex 3.6818 17.4982 0
      vertex 3.71452 17.5279 0
    endloop
  endfacet
  facet normal -0.595607 0.803276 0
    outer loop
      vertex 4.28548 16.8321 0
      vertex 4.25001 16.8058 3.2
      vertex 4.28548 16.8321 3.2
    endloop
  endfacet
  facet normal -0.595607 0.803276 0
    outer loop
      vertex 4.25001 16.8058 3.2
      vertex 4.28548 16.8321 0
      vertex 4.25001 16.8058 0
    endloop
  endfacet
  facet normal -0.857892 0.51383 0
    outer loop
      vertex 4.37416 16.93 0
      vertex 4.39686 16.9679 3.2
      vertex 4.39686 16.9679 0
    endloop
  endfacet
  facet normal -0.857892 0.51383 0
    outer loop
      vertex 4.39686 16.9679 3.2
      vertex 4.37416 16.93 0
      vertex 4.37416 16.93 3.2
    endloop
  endfacet
  facet normal -0.94165 0.336594 0
    outer loop
      vertex 4.41575 17.0078 0
      vertex 4.43062 17.0494 3.2
      vertex 4.43062 17.0494 0
    endloop
  endfacet
  facet normal -0.94165 0.336594 0
    outer loop
      vertex 4.43062 17.0494 3.2
      vertex 4.41575 17.0078 0
      vertex 4.41575 17.0078 3.2
    endloop
  endfacet
  facet normal -0.740811 -0.671714 0
    outer loop
      vertex 4.34785 17.4655 0
      vertex 4.3182 17.4982 3.2
      vertex 4.3182 17.4982 0
    endloop
  endfacet
  facet normal -0.740811 -0.671714 0
    outer loop
      vertex 4.3182 17.4982 3.2
      vertex 4.34785 17.4655 0
      vertex 4.34785 17.4655 3.2
    endloop
  endfacet
  facet normal -0.672109 -0.740452 0
    outer loop
      vertex 4.28548 17.5279 0
      vertex 4.3182 17.4982 3.2
      vertex 4.28548 17.5279 3.2
    endloop
  endfacet
  facet normal -0.672109 -0.740452 -0
    outer loop
      vertex 4.3182 17.4982 3.2
      vertex 4.28548 17.5279 0
      vertex 4.3182 17.4982 0
    endloop
  endfacet
  facet normal 0.244452 0.969661 -0
    outer loop
      vertex 3.91221 16.7386 0
      vertex 3.86937 16.7494 3.2
      vertex 3.91221 16.7386 3.2
    endloop
  endfacet
  facet normal 0.244452 0.969661 0
    outer loop
      vertex 3.86937 16.7494 3.2
      vertex 3.91221 16.7386 0
      vertex 3.86937 16.7494 0
    endloop
  endfacet
  facet normal -0.33734 -0.941383 0
    outer loop
      vertex 4.13063 17.6106 0
      vertex 4.17221 17.5957 3.2
      vertex 4.13063 17.6106 3.2
    endloop
  endfacet
  facet normal -0.33734 -0.941383 -0
    outer loop
      vertex 4.17221 17.5957 3.2
      vertex 4.13063 17.6106 0
      vertex 4.17221 17.5957 0
    endloop
  endfacet
  facet normal -0.144972 -0.989436 0
    outer loop
      vertex 4.04411 17.6278 0
      vertex 4.08779 17.6214 3.2
      vertex 4.04411 17.6278 3.2
    endloop
  endfacet
  facet normal -0.144972 -0.989436 -0
    outer loop
      vertex 4.08779 17.6214 3.2
      vertex 4.04411 17.6278 0
      vertex 4.08779 17.6214 0
    endloop
  endfacet
  facet normal 0.998792 0.0491469 0
    outer loop
      vertex 3.55217 17.1359 3.2
      vertex 3.55 17.18 0
      vertex 3.55 17.18 3.2
    endloop
  endfacet
  facet normal 0.998792 0.0491469 0
    outer loop
      vertex 3.55 17.18 0
      vertex 3.55217 17.1359 3.2
      vertex 3.55217 17.1359 0
    endloop
  endfacet
  facet normal -0.740811 0.671714 0
    outer loop
      vertex 4.3182 16.8618 0
      vertex 4.34785 16.8945 3.2
      vertex 4.34785 16.8945 0
    endloop
  endfacet
  facet normal -0.740811 0.671714 0
    outer loop
      vertex 4.34785 16.8945 3.2
      vertex 4.3182 16.8618 0
      vertex 4.3182 16.8618 3.2
    endloop
  endfacet
  facet normal -0.672109 0.740452 0
    outer loop
      vertex 4.3182 16.8618 0
      vertex 4.28548 16.8321 3.2
      vertex 4.3182 16.8618 3.2
    endloop
  endfacet
  facet normal -0.672109 0.740452 0
    outer loop
      vertex 4.28548 16.8321 3.2
      vertex 4.3182 16.8618 0
      vertex 4.28548 16.8321 0
    endloop
  endfacet
  facet normal 0.514029 -0.857773 0
    outer loop
      vertex 3.74999 17.5542 0
      vertex 3.78787 17.5769 3.2
      vertex 3.74999 17.5542 3.2
    endloop
  endfacet
  facet normal 0.514029 -0.857773 0
    outer loop
      vertex 3.78787 17.5769 3.2
      vertex 3.74999 17.5542 0
      vertex 3.78787 17.5769 0
    endloop
  endfacet
  facet normal 0.998792 -0.0491469 0
    outer loop
      vertex 3.55 17.18 3.2
      vertex 3.55217 17.2241 0
      vertex 3.55217 17.2241 3.2
    endloop
  endfacet
  facet normal 0.998792 -0.0491469 0
    outer loop
      vertex 3.55217 17.2241 0
      vertex 3.55 17.18 3.2
      vertex 3.55 17.18 0
    endloop
  endfacet
  facet normal 0.426059 0.904695 -0
    outer loop
      vertex 3.82779 16.7643 0
      vertex 3.78787 16.7831 3.2
      vertex 3.82779 16.7643 3.2
    endloop
  endfacet
  facet normal 0.426059 0.904695 0
    outer loop
      vertex 3.78787 16.7831 3.2
      vertex 3.82779 16.7643 0
      vertex 3.78787 16.7831 0
    endloop
  endfacet
  facet normal 0.672109 0.740452 -0
    outer loop
      vertex 3.71452 16.8321 0
      vertex 3.6818 16.8618 3.2
      vertex 3.71452 16.8321 3.2
    endloop
  endfacet
  facet normal 0.672109 0.740452 0
    outer loop
      vertex 3.6818 16.8618 3.2
      vertex 3.71452 16.8321 0
      vertex 3.6818 16.8618 0
    endloop
  endfacet
  facet normal 0.595607 0.803276 -0
    outer loop
      vertex 3.74999 16.8058 0
      vertex 3.71452 16.8321 3.2
      vertex 3.74999 16.8058 3.2
    endloop
  endfacet
  facet normal 0.595607 0.803276 0
    outer loop
      vertex 3.71452 16.8321 3.2
      vertex 3.74999 16.8058 0
      vertex 3.71452 16.8321 0
    endloop
  endfacet
  facet normal 0.33734 0.941383 -0
    outer loop
      vertex 3.86937 16.7494 0
      vertex 3.82779 16.7643 3.2
      vertex 3.86937 16.7494 3.2
    endloop
  endfacet
  facet normal 0.33734 0.941383 0
    outer loop
      vertex 3.82779 16.7643 3.2
      vertex 3.86937 16.7494 0
      vertex 3.82779 16.7643 0
    endloop
  endfacet
  facet normal 0.671869 0.74067 -0
    outer loop
      vertex 39.4485 31.4485 0
      vertex 39.3613 31.5276 3.2
      vertex 39.4485 31.4485 3.2
    endloop
  endfacet
  facet normal 0.671869 0.74067 0
    outer loop
      vertex 39.3613 31.5276 3.2
      vertex 39.4485 31.4485 0
      vertex 39.3613 31.5276 0
    endloop
  endfacet
  facet normal -0.85771 0.514134 0
    outer loop
      vertex 0.141694 31.1657 0
      vertex 0.202236 31.2667 3.2
      vertex 0.202236 31.2667 0
    endloop
  endfacet
  facet normal -0.85771 0.514134 0
    outer loop
      vertex 0.202236 31.2667 3.2
      vertex 0.141694 31.1657 0
      vertex 0.141694 31.1657 3.2
    endloop
  endfacet
  facet normal 0.803012 -0.595962 0
    outer loop
      vertex 39.5276 0.438727 3.2
      vertex 39.5978 0.533316 0
      vertex 39.5978 0.533316 3.2
    endloop
  endfacet
  facet normal 0.803012 -0.595962 0
    outer loop
      vertex 39.5978 0.533316 0
      vertex 39.5276 0.438727 3.2
      vertex 39.5276 0.438727 0
    endloop
  endfacet
  facet normal 0.989151 -0.146901 0
    outer loop
      vertex 39.7769 0.965891 3.2
      vertex 39.7942 1.08238 0
      vertex 39.7942 1.08238 3.2
    endloop
  endfacet
  facet normal 0.989151 -0.146901 0
    outer loop
      vertex 39.7942 1.08238 0
      vertex 39.7769 0.965891 3.2
      vertex 39.7769 0.965891 0
    endloop
  endfacet
  facet normal -0.513845 0.857883 0
    outer loop
      vertex 0.634323 31.6583 0
      vertex 0.533316 31.5978 3.2
      vertex 0.634323 31.6583 3.2
    endloop
  endfacet
  facet normal -0.513845 0.857883 0
    outer loop
      vertex 0.533316 31.5978 3.2
      vertex 0.634323 31.6583 0
      vertex 0.533316 31.5978 0
    endloop
  endfacet
  facet normal 0 -1 0
    outer loop
      vertex 1.2 0 0
      vertex 38.6 0 3.2
      vertex 1.2 0 3.2
    endloop
  endfacet
  facet normal 0 -1 -0
    outer loop
      vertex 38.6 0 3.2
      vertex 1.2 0 0
      vertex 38.6 0 0
    endloop
  endfacet
  facet normal -0.336342 0.94174 0
    outer loop
      vertex 0.851658 31.7483 0
      vertex 0.74078 31.7087 3.2
      vertex 0.851658 31.7483 3.2
    endloop
  endfacet
  facet normal -0.336342 0.94174 0
    outer loop
      vertex 0.74078 31.7087 3.2
      vertex 0.851658 31.7483 0
      vertex 0.74078 31.7087 0
    endloop
  endfacet
  facet normal 0.74067 0.671869 0
    outer loop
      vertex 39.5276 31.3613 3.2
      vertex 39.4485 31.4485 0
      vertex 39.4485 31.4485 3.2
    endloop
  endfacet
  facet normal 0.74067 0.671869 0
    outer loop
      vertex 39.4485 31.4485 0
      vertex 39.5276 31.3613 3.2
      vertex 39.5276 31.3613 0
    endloop
  endfacet
  facet normal 1 -0 0
    outer loop
      vertex 39.8 1.2 3.2
      vertex 39.8 30.6 0
      vertex 39.8 30.6 3.2
    endloop
  endfacet
  facet normal 1 0 0
    outer loop
      vertex 39.8 30.6 0
      vertex 39.8 1.2 3.2
      vertex 39.8 1.2 0
    endloop
  endfacet
  facet normal 0.0490761 -0.998795 0
    outer loop
      vertex 38.6 0 0
      vertex 38.7176 0.00577831 3.2
      vertex 38.6 0 3.2
    endloop
  endfacet
  facet normal 0.0490761 -0.998795 0
    outer loop
      vertex 38.7176 0.00577831 3.2
      vertex 38.6 0 0
      vertex 38.7176 0.00577831 0
    endloop
  endfacet
  facet normal 0.857867 0.513871 0
    outer loop
      vertex 39.6583 31.1657 3.2
      vertex 39.5978 31.2667 0
      vertex 39.5978 31.2667 3.2
    endloop
  endfacet
  facet normal 0.857867 0.513871 0
    outer loop
      vertex 39.5978 31.2667 0
      vertex 39.6583 31.1657 3.2
      vertex 39.6583 31.1657 0
    endloop
  endfacet
  facet normal 0.595649 -0.803245 0
    outer loop
      vertex 39.2667 0.202236 0
      vertex 39.3613 0.272387 3.2
      vertex 39.2667 0.202236 3.2
    endloop
  endfacet
  facet normal 0.595649 -0.803245 0
    outer loop
      vertex 39.3613 0.272387 3.2
      vertex 39.2667 0.202236 0
      vertex 39.3613 0.272387 0
    endloop
  endfacet
  facet normal -0.242981 -0.970031 0
    outer loop
      vertex 0.851658 0.051671 0
      vertex 0.965891 0.023057 3.2
      vertex 0.851658 0.051671 3.2
    endloop
  endfacet
  facet normal -0.242981 -0.970031 -0
    outer loop
      vertex 0.965891 0.023057 3.2
      vertex 0.851658 0.051671 0
      vertex 0.965891 0.023057 0
    endloop
  endfacet
  facet normal -0.941565 0.336831 0
    outer loop
      vertex 0.051671 30.9483 0
      vertex 0.0913439 31.0592 3.2
      vertex 0.0913439 31.0592 0
    endloop
  endfacet
  facet normal -0.941565 0.336831 0
    outer loop
      vertex 0.0913439 31.0592 3.2
      vertex 0.051671 30.9483 0
      vertex 0.051671 30.9483 3.2
    endloop
  endfacet
  facet normal 0 1 -0
    outer loop
      vertex 38.6 31.8 0
      vertex 1.2 31.8 3.2
      vertex 38.6 31.8 3.2
    endloop
  endfacet
  facet normal 0 1 0
    outer loop
      vertex 1.2 31.8 3.2
      vertex 38.6 31.8 0
      vertex 1.2 31.8 0
    endloop
  endfacet
  facet normal 0.857883 -0.513845 0
    outer loop
      vertex 39.5978 0.533316 3.2
      vertex 39.6583 0.634323 0
      vertex 39.6583 0.634323 3.2
    endloop
  endfacet
  facet normal 0.857883 -0.513845 0
    outer loop
      vertex 39.6583 0.634323 0
      vertex 39.5978 0.533316 3.2
      vertex 39.5978 0.533316 0
    endloop
  endfacet
  facet normal 0.803046 0.595918 0
    outer loop
      vertex 39.5978 31.2667 3.2
      vertex 39.5276 31.3613 0
      vertex 39.5276 31.3613 3.2
    endloop
  endfacet
  facet normal 0.803046 0.595918 0
    outer loop
      vertex 39.5276 31.3613 0
      vertex 39.5978 31.2667 3.2
      vertex 39.5978 31.2667 0
    endloop
  endfacet
  facet normal 0.427412 -0.904057 0
    outer loop
      vertex 39.0592 0.0913439 0
      vertex 39.1657 0.141694 3.2
      vertex 39.0592 0.0913439 3.2
    endloop
  endfacet
  facet normal 0.427412 -0.904057 0
    outer loop
      vertex 39.1657 0.141694 3.2
      vertex 39.0592 0.0913439 0
      vertex 39.1657 0.141694 0
    endloop
  endfacet
  facet normal -1 0 0
    outer loop
      vertex 0 30.6 0
      vertex 0 26.06 1.4
      vertex 0 30.6 3.2
    endloop
  endfacet
  facet normal -1 0 0
    outer loop
      vertex 0 30.6 0
      vertex 0 5.74 1.4
      vertex 0 26.06 1.4
    endloop
  endfacet
  facet normal -1 0 0
    outer loop
      vertex 0 1.2 0
      vertex 0 5.74 1.4
      vertex 0 30.6 0
    endloop
  endfacet
  facet normal -1 0 0
    outer loop
      vertex 0 1.2 3.2
      vertex 0 5.74 1.4
      vertex 0 1.2 0
    endloop
  endfacet
  facet normal -1 0 0
    outer loop
      vertex 0 5.74 1.4
      vertex 0 1.2 3.2
      vertex 0 5.74 3.2
    endloop
  endfacet
  facet normal -1 -0 0
    outer loop
      vertex 0 30.6 3.2
      vertex 0 26.06 1.4
      vertex 0 26.06 3.2
    endloop
  endfacet
  facet normal -0.427899 0.903827 0
    outer loop
      vertex 0.74078 31.7087 0
      vertex 0.634323 31.6583 3.2
      vertex 0.74078 31.7087 3.2
    endloop
  endfacet
  facet normal -0.427899 0.903827 0
    outer loop
      vertex 0.634323 31.6583 3.2
      vertex 0.74078 31.7087 0
      vertex 0.634323 31.6583 0
    endloop
  endfacet
  facet normal -0.671632 0.740884 0
    outer loop
      vertex 0.438727 31.5276 0
      vertex 0.351471 31.4485 3.2
      vertex 0.438727 31.5276 3.2
    endloop
  endfacet
  facet normal -0.671632 0.740884 0
    outer loop
      vertex 0.351471 31.4485 3.2
      vertex 0.438727 31.5276 0
      vertex 0.351471 31.4485 0
    endloop
  endfacet
  facet normal 0.998786 -0.0492515 0
    outer loop
      vertex 39.7942 1.08238 3.2
      vertex 39.8 1.2 0
      vertex 39.8 1.2 3.2
    endloop
  endfacet
  facet normal 0.998786 -0.0492515 0
    outer loop
      vertex 39.8 1.2 0
      vertex 39.7942 1.08238 3.2
      vertex 39.7942 1.08238 0
    endloop
  endfacet
  facet normal 0.243047 -0.970014 0
    outer loop
      vertex 38.8341 0.023057 0
      vertex 38.9483 0.051671 3.2
      vertex 38.8341 0.023057 3.2
    endloop
  endfacet
  facet normal 0.243047 -0.970014 0
    outer loop
      vertex 38.9483 0.051671 3.2
      vertex 38.8341 0.023057 0
      vertex 38.9483 0.051671 0
    endloop
  endfacet
  facet normal 0.427758 0.903893 -0
    outer loop
      vertex 39.1657 31.6583 0
      vertex 39.0592 31.7087 3.2
      vertex 39.1657 31.6583 3.2
    endloop
  endfacet
  facet normal 0.427758 0.903893 0
    outer loop
      vertex 39.0592 31.7087 3.2
      vertex 39.1657 31.6583 0
      vertex 39.0592 31.7087 0
    endloop
  endfacet
  facet normal 0.998786 0.0492599 0
    outer loop
      vertex 39.8 30.6 3.2
      vertex 39.7942 30.7176 0
      vertex 39.7942 30.7176 3.2
    endloop
  endfacet
  facet normal 0.998786 0.0492599 0
    outer loop
      vertex 39.7942 30.7176 0
      vertex 39.8 30.6 3.2
      vertex 39.8 30.6 0
    endloop
  endfacet
  facet normal -0.740952 -0.671558 0
    outer loop
      vertex 0.351471 0.351471 0
      vertex 0.272387 0.438727 3.2
      vertex 0.272387 0.438727 0
    endloop
  endfacet
  facet normal -0.740952 -0.671558 0
    outer loop
      vertex 0.272387 0.438727 3.2
      vertex 0.351471 0.351471 0
      vertex 0.351471 0.351471 3.2
    endloop
  endfacet
  facet normal -0.998795 0.0490761 0
    outer loop
      vertex 0 30.6 0
      vertex 0.00577831 30.7176 3.2
      vertex 0.00577831 30.7176 0
    endloop
  endfacet
  facet normal -0.998795 0.0490761 0
    outer loop
      vertex 0.00577831 30.7176 3.2
      vertex 0 30.6 0
      vertex 0 30.6 3.2
    endloop
  endfacet
  facet normal 0 0 -1
    outer loop
      vertex 13.0922 19.8947 0
      vertex 4.2435 28.7677 0
      vertex 4.25 28.9 0
    endloop
  endfacet
  facet normal 0 0 -1
    outer loop
      vertex 4.28548 25.1479 0
      vertex 4.22406 28.6366 0
      vertex 4.2435 28.7677 0
    endloop
  endfacet
  facet normal 0 0 -1
    outer loop
      vertex 3.85459 27.9454 0
      vertex 4.25001 25.1742 0
      vertex 4.21213 25.1969 0
    endloop
  endfacet
  facet normal 0 0 -1
    outer loop
      vertex 4.28548 25.1479 0
      vertex 4.19187 28.5081 0
      vertex 4.22406 28.6366 0
    endloop
  endfacet
  facet normal 0 0 -1
    outer loop
      vertex 3.85459 27.9454 0
      vertex 4.21213 25.1969 0
      vertex 4.17221 25.2157 0
    endloop
  endfacet
  facet normal 0 0 -1
    outer loop
      vertex 4.28548 25.1479 0
      vertex 4.14724 28.3834 0
      vertex 4.19187 28.5081 0
    endloop
  endfacet
  facet normal 0 0 -1
    outer loop
      vertex 3.75643 27.8564 0
      vertex 4.17221 25.2157 0
      vertex 4.13063 25.2306 0
    endloop
  endfacet
  facet normal 0 0 -1
    outer loop
      vertex 4.28548 25.1479 0
      vertex 4.09059 28.2636 0
      vertex 4.14724 28.3834 0
    endloop
  endfacet
  facet normal 0 0 -1
    outer loop
      vertex 3.65002 27.7775 0
      vertex 4.13063 25.2306 0
      vertex 4.08779 25.2414 0
    endloop
  endfacet
  facet normal 0 0 -1
    outer loop
      vertex 3.53639 27.7094 0
      vertex 4.08779 25.2414 0
      vertex 4.04411 25.2478 0
    endloop
  endfacet
  facet normal 0 0 -1
    outer loop
      vertex 4.28548 25.1479 0
      vertex 4.02248 28.15 0
      vertex 4.09059 28.2636 0
    endloop
  endfacet
  facet normal 0 0 -1
    outer loop
      vertex 3.53639 27.7094 0
      vertex 4.04411 25.2478 0
      vertex 4 25.25 0
    endloop
  endfacet
  facet normal 0 0 -1
    outer loop
      vertex 3.41662 27.6528 0
      vertex 4 25.25 0
      vertex 3.95589 25.2478 0
    endloop
  endfacet
  facet normal 0 0 -1
    outer loop
      vertex 4.28548 25.1479 0
      vertex 3.94356 28.0436 0
      vertex 4.02248 28.15 0
    endloop
  endfacet
  facet normal 0 0 -1
    outer loop
      vertex 3.29188 27.6081 0
      vertex 3.95589 25.2478 0
      vertex 3.91221 25.2414 0
    endloop
  endfacet
  facet normal 0 0 -1
    outer loop
      vertex 3.29188 27.6081 0
      vertex 3.91221 25.2414 0
      vertex 3.86937 25.2306 0
    endloop
  endfacet
  facet normal 0 0 -1
    outer loop
      vertex 4.25001 25.1742 0
      vertex 3.85459 27.9454 0
      vertex 3.94356 28.0436 0
    endloop
  endfacet
  facet normal 0 0 -1
    outer loop
      vertex 3.16337 27.5759 0
      vertex 3.86937 25.2306 0
      vertex 3.82779 25.2157 0
    endloop
  endfacet
  facet normal 0 0 -1
    outer loop
      vertex 3.16337 27.5759 0
      vertex 3.82779 25.2157 0
      vertex 3.78787 25.1969 0
    endloop
  endfacet
  facet normal 0 0 -1
    outer loop
      vertex 4.17221 25.2157 0
      vertex 3.75643 27.8564 0
      vertex 3.85459 27.9454 0
    endloop
  endfacet
  facet normal 0 0 -1
    outer loop
      vertex 3.03232 27.5565 0
      vertex 3.78787 25.1969 0
      vertex 3.74999 25.1742 0
    endloop
  endfacet
  facet normal 0 0 -1
    outer loop
      vertex 2.9 27.55 0
      vertex 3.74999 25.1742 0
      vertex 3.71452 25.1479 0
    endloop
  endfacet
  facet normal 0 0 -1
    outer loop
      vertex 2.9 27.55 0
      vertex 3.71452 25.1479 0
      vertex 3.6818 25.1182 0
    endloop
  endfacet
  facet normal 0 0 -1
    outer loop
      vertex 2.76768 27.5565 0
      vertex 3.6818 25.1182 0
      vertex 3.65215 25.0855 0
    endloop
  endfacet
  facet normal 0 0 -1
    outer loop
      vertex 4.13063 25.2306 0
      vertex 3.65002 27.7775 0
      vertex 3.75643 27.8564 0
    endloop
  endfacet
  facet normal 0 0 -1
    outer loop
      vertex 2.63663 27.5759 0
      vertex 3.65215 25.0855 0
      vertex 3.62584 25.05 0
    endloop
  endfacet
  facet normal 0 0 -1
    outer loop
      vertex 2.50812 27.6081 0
      vertex 3.62584 25.05 0
      vertex 3.60314 25.0121 0
    endloop
  endfacet
  facet normal 0 0 -1
    outer loop
      vertex 2.50812 27.6081 0
      vertex 3.60314 25.0121 0
      vertex 3.58425 24.9722 0
    endloop
  endfacet
  facet normal 0 0 -1
    outer loop
      vertex 2.38338 27.6528 0
      vertex 3.58425 24.9722 0
      vertex 3.56938 24.9306 0
    endloop
  endfacet
  facet normal 0 0 -1
    outer loop
      vertex 2.26362 27.7094 0
      vertex 3.56938 24.9306 0
      vertex 3.55865 24.8878 0
    endloop
  endfacet
  facet normal 0 0 -1
    outer loop
      vertex 2.26362 27.7094 0
      vertex 3.55865 24.8878 0
      vertex 3.55217 24.8441 0
    endloop
  endfacet
  facet normal 0 0 -1
    outer loop
      vertex 2.14998 27.7775 0
      vertex 3.55217 24.8441 0
      vertex 3.55 24.8 0
    endloop
  endfacet
  facet normal 0 0 -1
    outer loop
      vertex 4.08779 25.2414 0
      vertex 3.53639 27.7094 0
      vertex 3.65002 27.7775 0
    endloop
  endfacet
  facet normal -0 0 -1
    outer loop
      vertex 3.71452 16.8321 0
      vertex 2.26362 4.09059 0
      vertex 3.6818 16.8618 0
    endloop
  endfacet
  facet normal 0 0 -1
    outer loop
      vertex 2.14998 4.02248 0
      vertex 3.6818 16.8618 0
      vertex 2.26362 4.09059 0
    endloop
  endfacet
  facet normal 0 0 -1
    outer loop
      vertex 4 25.25 0
      vertex 3.41662 27.6528 0
      vertex 3.53639 27.7094 0
    endloop
  endfacet
  facet normal -0 0 -1
    outer loop
      vertex 3.6818 16.8618 0
      vertex 2.14998 4.02248 0
      vertex 3.65215 16.8945 0
    endloop
  endfacet
  facet normal 0 0 -1
    outer loop
      vertex 3.95589 25.2478 0
      vertex 3.29188 27.6081 0
      vertex 3.41662 27.6528 0
    endloop
  endfacet
  facet normal 0 0 -1
    outer loop
      vertex 2.04357 3.94356 0
      vertex 3.65215 16.8945 0
      vertex 2.14998 4.02248 0
    endloop
  endfacet
  facet normal 0 0 -1
    outer loop
      vertex 3.86937 25.2306 0
      vertex 3.16337 27.5759 0
      vertex 3.29188 27.6081 0
    endloop
  endfacet
  facet normal -0 0 -1
    outer loop
      vertex 3.65215 16.8945 0
      vertex 2.04357 3.94356 0
      vertex 3.62584 16.93 0
    endloop
  endfacet
  facet normal 0 0 -1
    outer loop
      vertex 3.78787 25.1969 0
      vertex 3.03232 27.5565 0
      vertex 3.16337 27.5759 0
    endloop
  endfacet
  facet normal 0 0 -1
    outer loop
      vertex 1.94541 3.85459 0
      vertex 3.62584 16.93 0
      vertex 2.04357 3.94356 0
    endloop
  endfacet
  facet normal 0 0 -1
    outer loop
      vertex 3.74999 25.1742 0
      vertex 2.9 27.55 0
      vertex 3.03232 27.5565 0
    endloop
  endfacet
  facet normal -0 0 -1
    outer loop
      vertex 3.62584 16.93 0
      vertex 1.94541 3.85459 0
      vertex 3.60314 16.9679 0
    endloop
  endfacet
  facet normal 0 0 -1
    outer loop
      vertex 3.6818 25.1182 0
      vertex 2.76768 27.5565 0
      vertex 2.9 27.55 0
    endloop
  endfacet
  facet normal 0 0 -1
    outer loop
      vertex 1.85644 3.75643 0
      vertex 3.60314 16.9679 0
      vertex 1.94541 3.85459 0
    endloop
  endfacet
  facet normal 0 0 -1
    outer loop
      vertex 3.65215 25.0855 0
      vertex 2.63663 27.5759 0
      vertex 2.76768 27.5565 0
    endloop
  endfacet
  facet normal -0 0 -1
    outer loop
      vertex 3.60314 16.9679 0
      vertex 1.85644 3.75643 0
      vertex 3.58425 17.0078 0
    endloop
  endfacet
  facet normal 0 0 -1
    outer loop
      vertex 3.62584 25.05 0
      vertex 2.50812 27.6081 0
      vertex 2.63663 27.5759 0
    endloop
  endfacet
  facet normal 0 0 -1
    outer loop
      vertex 1.77752 3.65002 0
      vertex 3.58425 17.0078 0
      vertex 1.85644 3.75643 0
    endloop
  endfacet
  facet normal 0 0 -1
    outer loop
      vertex 3.58425 24.9722 0
      vertex 2.38338 27.6528 0
      vertex 2.50812 27.6081 0
    endloop
  endfacet
  facet normal -0 0 -1
    outer loop
      vertex 3.58425 17.0078 0
      vertex 1.77752 3.65002 0
      vertex 3.56938 17.0494 0
    endloop
  endfacet
  facet normal 0 0 -1
    outer loop
      vertex 3.56938 24.9306 0
      vertex 2.26362 27.7094 0
      vertex 2.38338 27.6528 0
    endloop
  endfacet
  facet normal 0 0 -1
    outer loop
      vertex 0 1.2 0
      vertex 3.56938 17.0494 0
      vertex 1.77752 3.65002 0
    endloop
  endfacet
  facet normal 0 0 -1
    outer loop
      vertex 3.55217 24.8441 0
      vertex 2.14998 27.7775 0
      vertex 2.26362 27.7094 0
    endloop
  endfacet
  facet normal -0 0 -1
    outer loop
      vertex 3.56938 17.0494 0
      vertex 0 1.2 0
      vertex 3.55865 17.0922 0
    endloop
  endfacet
  facet normal 0 0 -1
    outer loop
      vertex 3.55 24.8 0
      vertex 2.04357 27.8564 0
      vertex 2.14998 27.7775 0
    endloop
  endfacet
  facet normal -0 0 -1
    outer loop
      vertex 3.55865 17.0922 0
      vertex 0 1.2 0
      vertex 3.55217 17.1359 0
    endloop
  endfacet
  facet normal 0 0 -1
    outer loop
      vertex 3.55 24.8 0
      vertex 1.94541 27.9454 0
      vertex 2.04357 27.8564 0
    endloop
  endfacet
  facet normal -0 0 -1
    outer loop
      vertex 3.55217 17.1359 0
      vertex 0 1.2 0
      vertex 3.55 17.18 0
    endloop
  endfacet
  facet normal 0 0 -1
    outer loop
      vertex 3.55 24.8 0
      vertex 1.85644 28.0436 0
      vertex 1.94541 27.9454 0
    endloop
  endfacet
  facet normal 0 0 -1
    outer loop
      vertex 3.55 17.18 0
      vertex 1.77752 28.15 0
      vertex 3.55 24.8 0
    endloop
  endfacet
  facet normal 0 0 -1
    outer loop
      vertex 3.55 24.8 0
      vertex 1.77752 28.15 0
      vertex 1.85644 28.0436 0
    endloop
  endfacet
  facet normal 0 0 -1
    outer loop
      vertex 0 1.2 0
      vertex 1.77752 3.65002 0
      vertex 1.70941 3.53639 0
    endloop
  endfacet
  facet normal 0 0 -1
    outer loop
      vertex 0 30.6 0
      vertex 3.55 17.18 0
      vertex 0 1.2 0
    endloop
  endfacet
  facet normal 0 0 -1
    outer loop
      vertex 0 1.2 0
      vertex 1.70941 3.53639 0
      vertex 1.65276 3.41662 0
    endloop
  endfacet
  facet normal 0 0 -1
    outer loop
      vertex 3.55 17.18 0
      vertex 0 30.6 0
      vertex 1.77752 28.15 0
    endloop
  endfacet
  facet normal 0 0 -1
    outer loop
      vertex 0 1.2 0
      vertex 1.65276 3.41662 0
      vertex 1.60813 3.29188 0
    endloop
  endfacet
  facet normal 0 0 -1
    outer loop
      vertex 1.77752 28.15 0
      vertex 0 30.6 0
      vertex 1.70941 28.2636 0
    endloop
  endfacet
  facet normal 0 0 -1
    outer loop
      vertex 0 1.2 0
      vertex 1.60813 3.29188 0
      vertex 1.57594 3.16337 0
    endloop
  endfacet
  facet normal 0 0 -1
    outer loop
      vertex 1.70941 28.2636 0
      vertex 0 30.6 0
      vertex 1.65276 28.3834 0
    endloop
  endfacet
  facet normal 0 0 -1
    outer loop
      vertex 0 1.2 0
      vertex 1.57594 3.16337 0
      vertex 1.5565 3.03232 0
    endloop
  endfacet
  facet normal 0 0 -1
    outer loop
      vertex 1.65276 28.3834 0
      vertex 0 30.6 0
      vertex 1.60813 28.5081 0
    endloop
  endfacet
  facet normal 0 0 -1
    outer loop
      vertex 0 1.2 0
      vertex 1.5565 3.03232 0
      vertex 1.55 2.9 0
    endloop
  endfacet
  facet normal 0 0 -1
    outer loop
      vertex 1.60813 28.5081 0
      vertex 0 30.6 0
      vertex 1.57594 28.6366 0
    endloop
  endfacet
  facet normal 0 0 -1
    outer loop
      vertex 4.39686 17.3921 0
      vertex 12.1053 18.9078 0
      vertex 4.41575 17.3522 0
    endloop
  endfacet
  facet normal 0 0 -1
    outer loop
      vertex 12.1837 19.221 0
      vertex 4.44783 24.7559 0
      vertex 4.45 24.8 0
    endloop
  endfacet
  facet normal -0 0 -1
    outer loop
      vertex 12.1053 18.9078 0
      vertex 4.39686 17.3921 0
      vertex 12.1211 19.0146 0
    endloop
  endfacet
  facet normal 0 0 -1
    outer loop
      vertex 12.1837 19.221 0
      vertex 4.44135 24.7122 0
      vertex 4.44783 24.7559 0
    endloop
  endfacet
  facet normal 0 0 -1
    outer loop
      vertex 4.37416 17.43 0
      vertex 12.1211 19.0146 0
      vertex 4.39686 17.3921 0
    endloop
  endfacet
  facet normal 0 0 -1
    outer loop
      vertex 12.1837 19.221 0
      vertex 4.43062 24.6694 0
      vertex 4.44135 24.7122 0
    endloop
  endfacet
  facet normal 0 0 -1
    outer loop
      vertex 4.34785 17.4655 0
      vertex 12.1211 19.0146 0
      vertex 4.37416 17.43 0
    endloop
  endfacet
  facet normal 0 0 -1
    outer loop
      vertex 12.1837 19.221 0
      vertex 4.41575 24.6278 0
      vertex 4.43062 24.6694 0
    endloop
  endfacet
  facet normal -0 0 -1
    outer loop
      vertex 12.1211 19.0146 0
      vertex 4.34785 17.4655 0
      vertex 12.1474 19.1193 0
    endloop
  endfacet
  facet normal 0 0 -1
    outer loop
      vertex 12.1837 19.221 0
      vertex 4.39686 24.5879 0
      vertex 4.41575 24.6278 0
    endloop
  endfacet
  facet normal 0 0 -1
    outer loop
      vertex 4.3182 17.4982 0
      vertex 12.1474 19.1193 0
      vertex 4.34785 17.4655 0
    endloop
  endfacet
  facet normal 0 0 -1
    outer loop
      vertex 12.1837 19.221 0
      vertex 4.37416 24.55 0
      vertex 4.39686 24.5879 0
    endloop
  endfacet
  facet normal -0 0 -1
    outer loop
      vertex 12.1474 19.1193 0
      vertex 4.3182 17.4982 0
      vertex 12.1837 19.221 0
    endloop
  endfacet
  facet normal 0 0 -1
    outer loop
      vertex 12.1837 19.221 0
      vertex 4.34785 24.5145 0
      vertex 4.37416 24.55 0
    endloop
  endfacet
  facet normal 0 0 -1
    outer loop
      vertex 4.3182 24.4818 0
      vertex 12.1837 19.221 0
      vertex 4.3182 17.4982 0
    endloop
  endfacet
  facet normal 0 0 -1
    outer loop
      vertex 12.1837 19.221 0
      vertex 4.3182 24.4818 0
      vertex 4.34785 24.5145 0
    endloop
  endfacet
  facet normal 0 0 -1
    outer loop
      vertex 4.28548 17.5279 0
      vertex 4.3182 24.4818 0
      vertex 4.3182 17.4982 0
    endloop
  endfacet
  facet normal 0 0 -1
    outer loop
      vertex 4.28548 17.5279 0
      vertex 4.28548 24.4521 0
      vertex 4.3182 24.4818 0
    endloop
  endfacet
  facet normal 0 0 -1
    outer loop
      vertex 4.25001 17.5542 0
      vertex 4.28548 24.4521 0
      vertex 4.28548 17.5279 0
    endloop
  endfacet
  facet normal 0 0 -1
    outer loop
      vertex 4.25001 17.5542 0
      vertex 4.25001 24.4258 0
      vertex 4.28548 24.4521 0
    endloop
  endfacet
  facet normal 0 0 -1
    outer loop
      vertex 4.21213 17.5769 0
      vertex 4.25001 24.4258 0
      vertex 4.25001 17.5542 0
    endloop
  endfacet
  facet normal 0 0 -1
    outer loop
      vertex 4.21213 17.5769 0
      vertex 4.21213 24.4031 0
      vertex 4.25001 24.4258 0
    endloop
  endfacet
  facet normal 0 0 -1
    outer loop
      vertex 4.17221 17.5957 0
      vertex 4.21213 24.4031 0
      vertex 4.21213 17.5769 0
    endloop
  endfacet
  facet normal 0 0 -1
    outer loop
      vertex 4.17221 17.5957 0
      vertex 4.17221 24.3843 0
      vertex 4.21213 24.4031 0
    endloop
  endfacet
  facet normal 0 0 -1
    outer loop
      vertex 4.13063 17.6106 0
      vertex 4.17221 24.3843 0
      vertex 4.17221 17.5957 0
    endloop
  endfacet
  facet normal 0 0 -1
    outer loop
      vertex 4.13063 17.6106 0
      vertex 4.13063 24.3694 0
      vertex 4.17221 24.3843 0
    endloop
  endfacet
  facet normal 0 0 -1
    outer loop
      vertex 4.08779 17.6214 0
      vertex 4.13063 24.3694 0
      vertex 4.13063 17.6106 0
    endloop
  endfacet
  facet normal 0 0 -1
    outer loop
      vertex 4.08779 17.6214 0
      vertex 4.08779 24.3586 0
      vertex 4.13063 24.3694 0
    endloop
  endfacet
  facet normal 0 0 -1
    outer loop
      vertex 4.04411 17.6278 0
      vertex 4.08779 24.3586 0
      vertex 4.08779 17.6214 0
    endloop
  endfacet
  facet normal 0 0 -1
    outer loop
      vertex 4.04411 17.6278 0
      vertex 4.04411 24.3522 0
      vertex 4.08779 24.3586 0
    endloop
  endfacet
  facet normal 0 0 -1
    outer loop
      vertex 4 17.63 0
      vertex 4.04411 24.3522 0
      vertex 4.04411 17.6278 0
    endloop
  endfacet
  facet normal 0 0 -1
    outer loop
      vertex 4 17.63 0
      vertex 4 24.35 0
      vertex 4.04411 24.3522 0
    endloop
  endfacet
  facet normal 0 0 -1
    outer loop
      vertex 3.95589 17.6278 0
      vertex 4 24.35 0
      vertex 4 17.63 0
    endloop
  endfacet
  facet normal 0 0 -1
    outer loop
      vertex 3.95589 17.6278 0
      vertex 3.95589 24.3522 0
      vertex 4 24.35 0
    endloop
  endfacet
  facet normal 0 0 -1
    outer loop
      vertex 3.91221 17.6214 0
      vertex 3.95589 24.3522 0
      vertex 3.95589 17.6278 0
    endloop
  endfacet
  facet normal 0 0 -1
    outer loop
      vertex 3.91221 17.6214 0
      vertex 3.91221 24.3586 0
      vertex 3.95589 24.3522 0
    endloop
  endfacet
  facet normal 0 0 -1
    outer loop
      vertex 3.86937 17.6106 0
      vertex 3.91221 24.3586 0
      vertex 3.91221 17.6214 0
    endloop
  endfacet
  facet normal 0 0 -1
    outer loop
      vertex 3.86937 17.6106 0
      vertex 3.86937 24.3694 0
      vertex 3.91221 24.3586 0
    endloop
  endfacet
  facet normal 0 0 -1
    outer loop
      vertex 3.82779 17.5957 0
      vertex 3.86937 24.3694 0
      vertex 3.86937 17.6106 0
    endloop
  endfacet
  facet normal 0 0 -1
    outer loop
      vertex 3.82779 17.5957 0
      vertex 3.82779 24.3843 0
      vertex 3.86937 24.3694 0
    endloop
  endfacet
  facet normal 0 0 -1
    outer loop
      vertex 3.78787 17.5769 0
      vertex 3.82779 24.3843 0
      vertex 3.82779 17.5957 0
    endloop
  endfacet
  facet normal 0 0 -1
    outer loop
      vertex 3.78787 17.5769 0
      vertex 3.78787 24.4031 0
      vertex 3.82779 24.3843 0
    endloop
  endfacet
  facet normal 0 0 -1
    outer loop
      vertex 3.74999 17.5542 0
      vertex 3.78787 24.4031 0
      vertex 3.78787 17.5769 0
    endloop
  endfacet
  facet normal 0 0 -1
    outer loop
      vertex 3.74999 17.5542 0
      vertex 3.74999 24.4258 0
      vertex 3.78787 24.4031 0
    endloop
  endfacet
  facet normal 0 0 -1
    outer loop
      vertex 3.71452 17.5279 0
      vertex 3.74999 24.4258 0
      vertex 3.74999 17.5542 0
    endloop
  endfacet
  facet normal 0 0 -1
    outer loop
      vertex 3.71452 17.5279 0
      vertex 3.71452 24.4521 0
      vertex 3.74999 24.4258 0
    endloop
  endfacet
  facet normal 0 0 -1
    outer loop
      vertex 3.6818 17.4982 0
      vertex 3.71452 24.4521 0
      vertex 3.71452 17.5279 0
    endloop
  endfacet
  facet normal 0 0 -1
    outer loop
      vertex 3.6818 17.4982 0
      vertex 3.6818 24.4818 0
      vertex 3.71452 24.4521 0
    endloop
  endfacet
  facet normal 0 0 -1
    outer loop
      vertex 3.65215 17.4655 0
      vertex 3.6818 24.4818 0
      vertex 3.6818 17.4982 0
    endloop
  endfacet
  facet normal 0 0 -1
    outer loop
      vertex 3.65215 17.4655 0
      vertex 3.65215 24.5145 0
      vertex 3.6818 24.4818 0
    endloop
  endfacet
  facet normal 0 0 -1
    outer loop
      vertex 3.62584 17.43 0
      vertex 3.65215 24.5145 0
      vertex 3.65215 17.4655 0
    endloop
  endfacet
  facet normal 0 0 -1
    outer loop
      vertex 3.62584 17.43 0
      vertex 3.62584 24.55 0
      vertex 3.65215 24.5145 0
    endloop
  endfacet
  facet normal 0 0 -1
    outer loop
      vertex 3.60314 17.3921 0
      vertex 3.62584 24.55 0
      vertex 3.62584 17.43 0
    endloop
  endfacet
  facet normal 0 0 -1
    outer loop
      vertex 3.60314 17.3921 0
      vertex 3.60314 24.5879 0
      vertex 3.62584 24.55 0
    endloop
  endfacet
  facet normal 0 0 -1
    outer loop
      vertex 3.58425 17.3522 0
      vertex 3.60314 24.5879 0
      vertex 3.60314 17.3921 0
    endloop
  endfacet
  facet normal 0 0 -1
    outer loop
      vertex 3.58425 17.3522 0
      vertex 3.58425 24.6278 0
      vertex 3.60314 24.5879 0
    endloop
  endfacet
  facet normal 0 0 -1
    outer loop
      vertex 3.56938 17.3106 0
      vertex 3.58425 24.6278 0
      vertex 3.58425 17.3522 0
    endloop
  endfacet
  facet normal 0 0 -1
    outer loop
      vertex 3.56938 17.3106 0
      vertex 3.56938 24.6694 0
      vertex 3.58425 24.6278 0
    endloop
  endfacet
  facet normal 0 0 -1
    outer loop
      vertex 3.55865 17.2678 0
      vertex 3.56938 24.6694 0
      vertex 3.56938 17.3106 0
    endloop
  endfacet
  facet normal 0 0 -1
    outer loop
      vertex 3.55865 17.2678 0
      vertex 3.55865 24.7122 0
      vertex 3.56938 24.6694 0
    endloop
  endfacet
  facet normal 0 0 -1
    outer loop
      vertex 3.55217 17.2241 0
      vertex 3.55865 24.7122 0
      vertex 3.55865 17.2678 0
    endloop
  endfacet
  facet normal 0 0 -1
    outer loop
      vertex 3.55217 17.2241 0
      vertex 3.55217 24.7559 0
      vertex 3.55865 24.7122 0
    endloop
  endfacet
  facet normal 0 0 -1
    outer loop
      vertex 3.55 17.18 0
      vertex 3.55217 24.7559 0
      vertex 3.55217 17.2241 0
    endloop
  endfacet
  facet normal -0 0 -1
    outer loop
      vertex 3.55217 24.7559 0
      vertex 3.55 17.18 0
      vertex 3.55 24.8 0
    endloop
  endfacet
  facet normal 0 0 -1
    outer loop
      vertex 38.1919 3.29188 0
      vertex 39.8 1.2 0
      vertex 38.2241 3.16337 0
    endloop
  endfacet
  facet normal 0 0 -1
    outer loop
      vertex 39.8 30.6 0
      vertex 38.2435 28.7677 0
      vertex 38.25 28.9 0
    endloop
  endfacet
  facet normal 0 0 -1
    outer loop
      vertex 38.1472 3.41662 0
      vertex 39.8 1.2 0
      vertex 38.1919 3.29188 0
    endloop
  endfacet
  facet normal 0 0 -1
    outer loop
      vertex 39.8 30.6 0
      vertex 38.2241 28.6366 0
      vertex 38.2435 28.7677 0
    endloop
  endfacet
  facet normal 0 0 -1
    outer loop
      vertex 38.0906 3.53639 0
      vertex 39.8 1.2 0
      vertex 38.1472 3.41662 0
    endloop
  endfacet
  facet normal 0 0 -1
    outer loop
      vertex 39.8 30.6 0
      vertex 38.1919 28.5081 0
      vertex 38.2241 28.6366 0
    endloop
  endfacet
  facet normal 0 0 -1
    outer loop
      vertex 38.0225 3.65002 0
      vertex 39.8 1.2 0
      vertex 38.0906 3.53639 0
    endloop
  endfacet
  facet normal 0 0 -1
    outer loop
      vertex 39.8 30.6 0
      vertex 38.1472 28.3834 0
      vertex 38.1919 28.5081 0
    endloop
  endfacet
  facet normal 0 0 -1
    outer loop
      vertex 39.8 1.2 0
      vertex 35.1 13 0
      vertex 39.8 30.6 0
    endloop
  endfacet
  facet normal 0 0 -1
    outer loop
      vertex 39.8 30.6 0
      vertex 38.0906 28.2636 0
      vertex 38.1472 28.3834 0
    endloop
  endfacet
  facet normal 0 0 -1
    outer loop
      vertex 39.8 1.2 0
      vertex 38.0225 3.65002 0
      vertex 35.1 13 0
    endloop
  endfacet
  facet normal 0 0 -1
    outer loop
      vertex 35.1 18.8 0
      vertex 39.8 30.6 0
      vertex 35.1 13 0
    endloop
  endfacet
  facet normal 0 0 -1
    outer loop
      vertex 35.1 13 0
      vertex 38.0225 3.65002 0
      vertex 37.9436 3.75643 0
    endloop
  endfacet
  facet normal 0 -0 -1
    outer loop
      vertex 38.0225 28.15 0
      vertex 39.8 30.6 0
      vertex 35.1 18.8 0
    endloop
  endfacet
  facet normal 0 0 -1
    outer loop
      vertex 35.0947 12.8922 0
      vertex 37.9436 3.75643 0
      vertex 37.8546 3.85459 0
    endloop
  endfacet
  facet normal 0 0 -1
    outer loop
      vertex 39.8 30.6 0
      vertex 38.0225 28.15 0
      vertex 38.0906 28.2636 0
    endloop
  endfacet
  facet normal 0 0 -1
    outer loop
      vertex 35.0789 12.7854 0
      vertex 37.8546 3.85459 0
      vertex 37.7564 3.94356 0
    endloop
  endfacet
  facet normal 0 0 -1
    outer loop
      vertex 38.0225 28.15 0
      vertex 35.1 18.8 0
      vertex 37.9436 28.0436 0
    endloop
  endfacet
  facet normal 0 0 -1
    outer loop
      vertex 35.0526 12.6807 0
      vertex 37.7564 3.94356 0
      vertex 37.65 4.02248 0
    endloop
  endfacet
  facet normal 0 0 -1
    outer loop
      vertex 35.0947 18.9078 0
      vertex 37.9436 28.0436 0
      vertex 35.1 18.8 0
    endloop
  endfacet
  facet normal 0 0 -1
    outer loop
      vertex 35.0163 12.579 0
      vertex 37.65 4.02248 0
      vertex 37.5364 4.09059 0
    endloop
  endfacet
  facet normal 0 0 -1
    outer loop
      vertex 37.9436 28.0436 0
      vertex 35.0947 18.9078 0
      vertex 37.8546 27.9454 0
    endloop
  endfacet
  facet normal 0 0 -1
    outer loop
      vertex 34.9701 12.4815 0
      vertex 37.5364 4.09059 0
      vertex 37.4166 4.14724 0
    endloop
  endfacet
  facet normal 0 0 -1
    outer loop
      vertex 35.0789 19.0146 0
      vertex 37.8546 27.9454 0
      vertex 35.0947 18.9078 0
    endloop
  endfacet
  facet normal 0 0 -1
    outer loop
      vertex 34.9146 12.3889 0
      vertex 37.4166 4.14724 0
      vertex 37.2919 4.19187 0
    endloop
  endfacet
  facet normal 0 0 -1
    outer loop
      vertex 37.8546 27.9454 0
      vertex 35.0789 19.0146 0
      vertex 37.7564 27.8564 0
    endloop
  endfacet
  facet normal 0 0 -1
    outer loop
      vertex 34.8503 12.3022 0
      vertex 37.2919 4.19187 0
      vertex 37.1634 4.22406 0
    endloop
  endfacet
  facet normal 0 0 -1
    outer loop
      vertex 35.0526 19.1193 0
      vertex 37.7564 27.8564 0
      vertex 35.0789 19.0146 0
    endloop
  endfacet
  facet normal 0 0 -1
    outer loop
      vertex 34.6978 12.1497 0
      vertex 37.1634 4.22406 0
      vertex 37.0323 4.2435 0
    endloop
  endfacet
  facet normal 0 0 -1
    outer loop
      vertex 37.7564 27.8564 0
      vertex 35.0526 19.1193 0
      vertex 37.65 27.7775 0
    endloop
  endfacet
  facet normal 0 0 -1
    outer loop
      vertex 34.6111 12.0854 0
      vertex 37.0323 4.2435 0
      vertex 36.9 4.25 0
    endloop
  endfacet
  facet normal 0 0 -1
    outer loop
      vertex 35.0163 19.221 0
      vertex 37.65 27.7775 0
      vertex 35.0526 19.1193 0
    endloop
  endfacet
  facet normal 0 0 -1
    outer loop
      vertex 34.5185 12.0299 0
      vertex 36.9 4.25 0
      vertex 36.7677 4.2435 0
    endloop
  endfacet
  facet normal 0 0 -1
    outer loop
      vertex 37.65 27.7775 0
      vertex 35.0163 19.221 0
      vertex 37.5364 27.7094 0
    endloop
  endfacet
  facet normal 0 0 -1
    outer loop
      vertex 34.421 11.9837 0
      vertex 36.7677 4.2435 0
      vertex 36.6366 4.22406 0
    endloop
  endfacet
  facet normal 0 0 -1
    outer loop
      vertex 34.9701 19.3185 0
      vertex 37.5364 27.7094 0
      vertex 35.0163 19.221 0
    endloop
  endfacet
  facet normal 0 0 -1
    outer loop
      vertex 34.3193 11.9474 0
      vertex 36.6366 4.22406 0
      vertex 36.5081 4.19187 0
    endloop
  endfacet
  facet normal 0 0 -1
    outer loop
      vertex 37.5364 27.7094 0
      vertex 34.9701 19.3185 0
      vertex 37.4166 27.6528 0
    endloop
  endfacet
  facet normal 0 0 -1
    outer loop
      vertex 34.2146 11.9211 0
      vertex 36.5081 4.19187 0
      vertex 36.3834 4.14724 0
    endloop
  endfacet
  facet normal 0 0 -1
    outer loop
      vertex 34.9146 19.4111 0
      vertex 37.4166 27.6528 0
      vertex 34.9701 19.3185 0
    endloop
  endfacet
  facet normal 0 0 -1
    outer loop
      vertex 34.1078 11.9053 0
      vertex 36.3834 4.14724 0
      vertex 36.2636 4.09059 0
    endloop
  endfacet
  facet normal 0 0 -1
    outer loop
      vertex 37.4166 27.6528 0
      vertex 34.9146 19.4111 0
      vertex 37.2919 27.6081 0
    endloop
  endfacet
  facet normal 0 0 -1
    outer loop
      vertex 34 11.9 0
      vertex 36.2636 4.09059 0
      vertex 36.15 4.02248 0
    endloop
  endfacet
  facet normal 0 0 -1
    outer loop
      vertex 34.8503 19.4978 0
      vertex 37.2919 27.6081 0
      vertex 34.9146 19.4111 0
    endloop
  endfacet
  facet normal 0 0 -1
    outer loop
      vertex 33.8922 11.9053 0
      vertex 36.15 4.02248 0
      vertex 36.0436 3.94356 0
    endloop
  endfacet
  facet normal 0 0 -1
    outer loop
      vertex 37.2919 27.6081 0
      vertex 34.8503 19.4978 0
      vertex 37.1634 27.5759 0
    endloop
  endfacet
  facet normal 0 0 -1
    outer loop
      vertex 33.7854 11.9211 0
      vertex 36.0436 3.94356 0
      vertex 35.9454 3.85459 0
    endloop
  endfacet
  facet normal 0 0 -1
    outer loop
      vertex 34.7778 19.5778 0
      vertex 37.1634 27.5759 0
      vertex 34.8503 19.4978 0
    endloop
  endfacet
  facet normal 0 0 -1
    outer loop
      vertex 33.6807 11.9474 0
      vertex 35.9454 3.85459 0
      vertex 35.8564 3.75643 0
    endloop
  endfacet
  facet normal 0 0 -1
    outer loop
      vertex 34.6978 19.6503 0
      vertex 37.1634 27.5759 0
      vertex 34.7778 19.5778 0
    endloop
  endfacet
  facet normal 0 0 -1
    outer loop
      vertex 33.579 11.9837 0
      vertex 35.8564 3.75643 0
      vertex 35.7775 3.65002 0
    endloop
  endfacet
  facet normal 0 0 -1
    outer loop
      vertex 37.1634 27.5759 0
      vertex 34.6978 19.6503 0
      vertex 37.0323 27.5565 0
    endloop
  endfacet
  facet normal 0 0 -1
    outer loop
      vertex 28.1185 12.0299 0
      vertex 35.7775 3.65002 0
      vertex 35.7094 3.53639 0
    endloop
  endfacet
  facet normal 0 0 -1
    outer loop
      vertex 34.6111 19.7146 0
      vertex 37.0323 27.5565 0
      vertex 34.6978 19.6503 0
    endloop
  endfacet
  facet normal 0 0 -1
    outer loop
      vertex 28.021 11.9837 0
      vertex 35.7094 3.53639 0
      vertex 35.6528 3.41662 0
    endloop
  endfacet
  facet normal 0 0 -1
    outer loop
      vertex 37.0323 27.5565 0
      vertex 34.6111 19.7146 0
      vertex 36.9 27.55 0
    endloop
  endfacet
  facet normal 0 0 -1
    outer loop
      vertex 27.9193 11.9474 0
      vertex 35.6528 3.41662 0
      vertex 35.6081 3.29188 0
    endloop
  endfacet
  facet normal 0 0 -1
    outer loop
      vertex 34.5185 19.7701 0
      vertex 36.9 27.55 0
      vertex 34.6111 19.7146 0
    endloop
  endfacet
  facet normal 0 0 -1
    outer loop
      vertex 27.8146 11.9211 0
      vertex 35.6081 3.29188 0
      vertex 35.5759 3.16337 0
    endloop
  endfacet
  facet normal -0 0 -1
    outer loop
      vertex 36.9 27.55 0
      vertex 34.5185 19.7701 0
      vertex 36.7677 27.5565 0
    endloop
  endfacet
  facet normal 0 0 -1
    outer loop
      vertex 27.7078 11.9053 0
      vertex 35.5759 3.16337 0
      vertex 35.5565 3.03232 0
    endloop
  endfacet
  facet normal 0 0 -1
    outer loop
      vertex 34.421 19.8163 0
      vertex 36.7677 27.5565 0
      vertex 34.5185 19.7701 0
    endloop
  endfacet
  facet normal 0 0 -1
    outer loop
      vertex 27.4922 11.9053 0
      vertex 35.5565 3.03232 0
      vertex 35.55 2.9 0
    endloop
  endfacet
  facet normal -0 0 -1
    outer loop
      vertex 36.7677 27.5565 0
      vertex 34.421 19.8163 0
      vertex 36.6366 27.5759 0
    endloop
  endfacet
  facet normal 0 0 -1
    outer loop
      vertex 37.8546 1.94541 0
      vertex 39.8 1.2 0
      vertex 39.7942 1.08238 0
    endloop
  endfacet
  facet normal 0 0 -1
    outer loop
      vertex 38.2435 3.03232 0
      vertex 39.8 1.2 0
      vertex 38.25 2.9 0
    endloop
  endfacet
  facet normal 0 0 -1
    outer loop
      vertex 37.8546 1.94541 0
      vertex 39.7942 1.08238 0
      vertex 39.7769 0.965891 0
    endloop
  endfacet
  facet normal 0 0 -1
    outer loop
      vertex 38.2241 3.16337 0
      vertex 39.8 1.2 0
      vertex 38.2435 3.03232 0
    endloop
  endfacet
  facet normal 0 0 -1
    outer loop
      vertex 37.8546 1.94541 0
      vertex 39.7769 0.965891 0
      vertex 39.7483 0.851658 0
    endloop
  endfacet
  facet normal 0 0 -1
    outer loop
      vertex 38.2435 29.0323 0
      vertex 39.8 30.6 0
      vertex 38.25 28.9 0
    endloop
  endfacet
  facet normal 0 0 -1
    outer loop
      vertex 37.8546 1.94541 0
      vertex 39.7483 0.851658 0
      vertex 39.7087 0.74078 0
    endloop
  endfacet
  facet normal 0 0 -1
    outer loop
      vertex 38.2241 29.1634 0
      vertex 39.8 30.6 0
      vertex 38.2435 29.0323 0
    endloop
  endfacet
  facet normal 0 0 -1
    outer loop
      vertex 37.8546 1.94541 0
      vertex 39.7087 0.74078 0
      vertex 39.6583 0.634323 0
    endloop
  endfacet
  facet normal 0 0 -1
    outer loop
      vertex 38.1919 29.2919 0
      vertex 39.8 30.6 0
      vertex 38.2241 29.1634 0
    endloop
  endfacet
  facet normal 0 0 -1
    outer loop
      vertex 37.8546 1.94541 0
      vertex 39.6583 0.634323 0
      vertex 39.5978 0.533316 0
    endloop
  endfacet
  facet normal 0 0 -1
    outer loop
      vertex 38.1472 29.4166 0
      vertex 39.8 30.6 0
      vertex 38.1919 29.2919 0
    endloop
  endfacet
  facet normal 0 0 -1
    outer loop
      vertex 37.8546 1.94541 0
      vertex 39.5978 0.533316 0
      vertex 39.5276 0.438727 0
    endloop
  endfacet
  facet normal 0 0 -1
    outer loop
      vertex 38.0906 29.5364 0
      vertex 39.8 30.6 0
      vertex 38.1472 29.4166 0
    endloop
  endfacet
  facet normal 0 0 -1
    outer loop
      vertex 37.8546 1.94541 0
      vertex 39.5276 0.438727 0
      vertex 39.4485 0.351471 0
    endloop
  endfacet
  facet normal 0 0 -1
    outer loop
      vertex 38.0225 29.65 0
      vertex 39.8 30.6 0
      vertex 38.0906 29.5364 0
    endloop
  endfacet
  facet normal 0 0 -1
    outer loop
      vertex 37.8546 1.94541 0
      vertex 39.4485 0.351471 0
      vertex 39.3613 0.272387 0
    endloop
  endfacet
  facet normal 0 0 -1
    outer loop
      vertex 37.9436 29.7564 0
      vertex 39.8 30.6 0
      vertex 38.0225 29.65 0
    endloop
  endfacet
  facet normal 0 0 -1
    outer loop
      vertex 37.8546 1.94541 0
      vertex 39.3613 0.272387 0
      vertex 39.2667 0.202236 0
    endloop
  endfacet
  facet normal 0 0 -1
    outer loop
      vertex 37.8546 29.8546 0
      vertex 39.8 30.6 0
      vertex 37.9436 29.7564 0
    endloop
  endfacet
  facet normal 0 0 -1
    outer loop
      vertex 37.8546 1.94541 0
      vertex 39.2667 0.202236 0
      vertex 39.1657 0.141694 0
    endloop
  endfacet
  facet normal -0 0 -1
    outer loop
      vertex 39.8 30.6 0
      vertex 37.8546 29.8546 0
      vertex 39.7942 30.7176 0
    endloop
  endfacet
  facet normal 0 0 -1
    outer loop
      vertex 37.8546 1.94541 0
      vertex 39.1657 0.141694 0
      vertex 39.0592 0.0913439 0
    endloop
  endfacet
  facet normal -0 0 -1
    outer loop
      vertex 39.7942 30.7176 0
      vertex 37.8546 29.8546 0
      vertex 39.7769 30.8341 0
    endloop
  endfacet
  facet normal 0 0 -1
    outer loop
      vertex 37.8546 1.94541 0
      vertex 39.0592 0.0913439 0
      vertex 38.9483 0.051671 0
    endloop
  endfacet
  facet normal -0 0 -1
    outer loop
      vertex 39.7769 30.8341 0
      vertex 37.8546 29.8546 0
      vertex 39.7483 30.9483 0
    endloop
  endfacet
  facet normal 0 0 -1
    outer loop
      vertex 37.8546 1.94541 0
      vertex 38.9483 0.051671 0
      vertex 38.8341 0.023057 0
    endloop
  endfacet
  facet normal -0 0 -1
    outer loop
      vertex 39.7483 30.9483 0
      vertex 37.8546 29.8546 0
      vertex 39.7087 31.0592 0
    endloop
  endfacet
  facet normal 0 0 -1
    outer loop
      vertex 37.8546 1.94541 0
      vertex 38.8341 0.023057 0
      vertex 38.7176 0.00577831 0
    endloop
  endfacet
  facet normal -0 0 -1
    outer loop
      vertex 39.7087 31.0592 0
      vertex 37.8546 29.8546 0
      vertex 39.6583 31.1657 0
    endloop
  endfacet
  facet normal 0 0 -1
    outer loop
      vertex 37.8546 1.94541 0
      vertex 38.7176 0.00577831 0
      vertex 38.6 0 0
    endloop
  endfacet
  facet normal -0 0 -1
    outer loop
      vertex 39.6583 31.1657 0
      vertex 37.8546 29.8546 0
      vertex 39.5978 31.2667 0
    endloop
  endfacet
  facet normal -0 0 -1
    outer loop
      vertex 39.5978 31.2667 0
      vertex 37.8546 29.8546 0
      vertex 39.5276 31.3613 0
    endloop
  endfacet
  facet normal 0 0 -1
    outer loop
      vertex 39.8 1.2 0
      vertex 38.2435 2.76768 0
      vertex 38.25 2.9 0
    endloop
  endfacet
  facet normal 0 0 -1
    outer loop
      vertex 39.8 1.2 0
      vertex 38.2241 2.63663 0
      vertex 38.2435 2.76768 0
    endloop
  endfacet
  facet normal 0 0 -1
    outer loop
      vertex 39.8 1.2 0
      vertex 38.1919 2.50812 0
      vertex 38.2241 2.63663 0
    endloop
  endfacet
  facet normal 0 0 -1
    outer loop
      vertex 39.8 1.2 0
      vertex 38.1472 2.38338 0
      vertex 38.1919 2.50812 0
    endloop
  endfacet
  facet normal 0 0 -1
    outer loop
      vertex 39.8 1.2 0
      vertex 38.0906 2.26362 0
      vertex 38.1472 2.38338 0
    endloop
  endfacet
  facet normal 0 0 -1
    outer loop
      vertex 39.8 1.2 0
      vertex 38.0225 2.14998 0
      vertex 38.0906 2.26362 0
    endloop
  endfacet
  facet normal 0 0 -1
    outer loop
      vertex 39.8 1.2 0
      vertex 37.9436 2.04357 0
      vertex 38.0225 2.14998 0
    endloop
  endfacet
  facet normal 0 0 -1
    outer loop
      vertex 39.8 1.2 0
      vertex 37.8546 1.94541 0
      vertex 37.9436 2.04357 0
    endloop
  endfacet
  facet normal 0 0 -1
    outer loop
      vertex 38.6 0 0
      vertex 37.7564 1.85644 0
      vertex 37.8546 1.94541 0
    endloop
  endfacet
  facet normal 0 0 -1
    outer loop
      vertex 38.6 0 0
      vertex 37.65 1.77752 0
      vertex 37.7564 1.85644 0
    endloop
  endfacet
  facet normal 0 0 -1
    outer loop
      vertex 38.6 0 0
      vertex 37.5364 1.70941 0
      vertex 37.65 1.77752 0
    endloop
  endfacet
  facet normal 0 0 -1
    outer loop
      vertex 38.6 0 0
      vertex 37.4166 1.65276 0
      vertex 37.5364 1.70941 0
    endloop
  endfacet
  facet normal 0 0 -1
    outer loop
      vertex 38.6 0 0
      vertex 37.2919 1.60813 0
      vertex 37.4166 1.65276 0
    endloop
  endfacet
  facet normal 0 0 -1
    outer loop
      vertex 38.6 0 0
      vertex 37.1634 1.57594 0
      vertex 37.2919 1.60813 0
    endloop
  endfacet
  facet normal 0 0 -1
    outer loop
      vertex 38.6 0 0
      vertex 37.0323 1.5565 0
      vertex 37.1634 1.57594 0
    endloop
  endfacet
  facet normal 0 0 -1
    outer loop
      vertex 38.6 0 0
      vertex 36.9 1.55 0
      vertex 37.0323 1.5565 0
    endloop
  endfacet
  facet normal 0 0 -1
    outer loop
      vertex 38.6 0 0
      vertex 36.7677 1.5565 0
      vertex 36.9 1.55 0
    endloop
  endfacet
  facet normal 0 0 -1
    outer loop
      vertex 38.6 0 0
      vertex 36.6366 1.57594 0
      vertex 36.7677 1.5565 0
    endloop
  endfacet
  facet normal 0 0 -1
    outer loop
      vertex 38.6 0 0
      vertex 36.5081 1.60813 0
      vertex 36.6366 1.57594 0
    endloop
  endfacet
  facet normal 0 0 -1
    outer loop
      vertex 38.6 0 0
      vertex 36.3834 1.65276 0
      vertex 36.5081 1.60813 0
    endloop
  endfacet
  facet normal 0 0 -1
    outer loop
      vertex 38.6 0 0
      vertex 36.2636 1.70941 0
      vertex 36.3834 1.65276 0
    endloop
  endfacet
  facet normal 0 0 -1
    outer loop
      vertex 38.6 0 0
      vertex 36.15 1.77752 0
      vertex 36.2636 1.70941 0
    endloop
  endfacet
  facet normal 0 0 -1
    outer loop
      vertex 34.3193 19.8526 0
      vertex 36.6366 27.5759 0
      vertex 34.421 19.8163 0
    endloop
  endfacet
  facet normal 0 0 -1
    outer loop
      vertex 37.9436 3.75643 0
      vertex 35.0947 12.8922 0
      vertex 35.1 13 0
    endloop
  endfacet
  facet normal 0 0 -1
    outer loop
      vertex 37.8546 3.85459 0
      vertex 35.0789 12.7854 0
      vertex 35.0947 12.8922 0
    endloop
  endfacet
  facet normal 0 0 -1
    outer loop
      vertex 37.7564 3.94356 0
      vertex 35.0526 12.6807 0
      vertex 35.0789 12.7854 0
    endloop
  endfacet
  facet normal 0 0 -1
    outer loop
      vertex 27.3854 11.9211 0
      vertex 35.55 2.9 0
      vertex 35.5565 2.76768 0
    endloop
  endfacet
  facet normal 0 0 -1
    outer loop
      vertex 37.65 4.02248 0
      vertex 35.0163 12.579 0
      vertex 35.0526 12.6807 0
    endloop
  endfacet
  facet normal 0 0 -1
    outer loop
      vertex 37.5364 4.09059 0
      vertex 34.9701 12.4815 0
      vertex 35.0163 12.579 0
    endloop
  endfacet
  facet normal 0 0 -1
    outer loop
      vertex 37.4166 4.14724 0
      vertex 34.9146 12.3889 0
      vertex 34.9701 12.4815 0
    endloop
  endfacet
  facet normal 0 0 -1
    outer loop
      vertex 37.2919 4.19187 0
      vertex 34.8503 12.3022 0
      vertex 34.9146 12.3889 0
    endloop
  endfacet
  facet normal 0 0 -1
    outer loop
      vertex 37.1634 4.22406 0
      vertex 34.7778 12.2222 0
      vertex 34.8503 12.3022 0
    endloop
  endfacet
  facet normal 0 0 -1
    outer loop
      vertex 37.1634 4.22406 0
      vertex 34.6978 12.1497 0
      vertex 34.7778 12.2222 0
    endloop
  endfacet
  facet normal 0 0 -1
    outer loop
      vertex 37.0323 4.2435 0
      vertex 34.6111 12.0854 0
      vertex 34.6978 12.1497 0
    endloop
  endfacet
  facet normal 0 0 -1
    outer loop
      vertex 36.9 4.25 0
      vertex 34.5185 12.0299 0
      vertex 34.6111 12.0854 0
    endloop
  endfacet
  facet normal 0 0 -1
    outer loop
      vertex 36.7677 4.2435 0
      vertex 34.421 11.9837 0
      vertex 34.5185 12.0299 0
    endloop
  endfacet
  facet normal 0 0 -1
    outer loop
      vertex 36.6366 4.22406 0
      vertex 34.3193 11.9474 0
      vertex 34.421 11.9837 0
    endloop
  endfacet
  facet normal 0 0 -1
    outer loop
      vertex 36.5081 4.19187 0
      vertex 34.2146 11.9211 0
      vertex 34.3193 11.9474 0
    endloop
  endfacet
  facet normal 0 0 -1
    outer loop
      vertex 36.3834 4.14724 0
      vertex 34.1078 11.9053 0
      vertex 34.2146 11.9211 0
    endloop
  endfacet
  facet normal 0 0 -1
    outer loop
      vertex 27.2807 11.9474 0
      vertex 35.5565 2.76768 0
      vertex 35.5759 2.63663 0
    endloop
  endfacet
  facet normal 0 0 -1
    outer loop
      vertex 36.2636 4.09059 0
      vertex 34 11.9 0
      vertex 34.1078 11.9053 0
    endloop
  endfacet
  facet normal 0 0 -1
    outer loop
      vertex 36.15 4.02248 0
      vertex 33.8922 11.9053 0
      vertex 34 11.9 0
    endloop
  endfacet
  facet normal 0 0 -1
    outer loop
      vertex 36.0436 3.94356 0
      vertex 33.7854 11.9211 0
      vertex 33.8922 11.9053 0
    endloop
  endfacet
  facet normal 0 0 -1
    outer loop
      vertex 35.9454 3.85459 0
      vertex 33.6807 11.9474 0
      vertex 33.7854 11.9211 0
    endloop
  endfacet
  facet normal 0 0 -1
    outer loop
      vertex 35.8564 3.75643 0
      vertex 33.579 11.9837 0
      vertex 33.6807 11.9474 0
    endloop
  endfacet
  facet normal 0 0 -1
    outer loop
      vertex 35.7775 3.65002 0
      vertex 33.4815 12.0299 0
      vertex 33.579 11.9837 0
    endloop
  endfacet
  facet normal 0 0 -1
    outer loop
      vertex 35.7775 3.65002 0
      vertex 28.1185 12.0299 0
      vertex 33.4815 12.0299 0
    endloop
  endfacet
  facet normal 0 0 -1
    outer loop
      vertex 33.4815 12.0299 0
      vertex 28.1185 12.0299 0
      vertex 33.3889 12.0854 0
    endloop
  endfacet
  facet normal 0 -0 -1
    outer loop
      vertex 28.2111 12.0854 0
      vertex 33.3889 12.0854 0
      vertex 28.1185 12.0299 0
    endloop
  endfacet
  facet normal 0 0 -1
    outer loop
      vertex 33.3889 12.0854 0
      vertex 28.2111 12.0854 0
      vertex 33.3022 12.1497 0
    endloop
  endfacet
  facet normal 0 0 -1
    outer loop
      vertex 19.9193 11.9474 0
      vertex 35.5759 2.63663 0
      vertex 35.6081 2.50812 0
    endloop
  endfacet
  facet normal 0 -0 -1
    outer loop
      vertex 28.2978 12.1497 0
      vertex 33.3022 12.1497 0
      vertex 28.2111 12.0854 0
    endloop
  endfacet
  facet normal 0 0 -1
    outer loop
      vertex 33.3022 12.1497 0
      vertex 28.2978 12.1497 0
      vertex 33.2222 12.2222 0
    endloop
  endfacet
  facet normal 0 -0 -1
    outer loop
      vertex 28.3778 12.2222 0
      vertex 33.2222 12.2222 0
      vertex 28.2978 12.1497 0
    endloop
  endfacet
  facet normal 0 0 -1
    outer loop
      vertex 33.2222 12.2222 0
      vertex 28.3778 12.2222 0
      vertex 33.1497 12.3022 0
    endloop
  endfacet
  facet normal 0 0 -1
    outer loop
      vertex 32.9 13 0
      vertex 28.7 13 0
      vertex 32.9 18.8 0
    endloop
  endfacet
  facet normal 0 0 -1
    outer loop
      vertex 32.9053 12.8922 0
      vertex 28.7 13 0
      vertex 32.9 13 0
    endloop
  endfacet
  facet normal 0 0 -1
    outer loop
      vertex 28.6947 12.8922 0
      vertex 32.9053 12.8922 0
      vertex 32.9211 12.7854 0
    endloop
  endfacet
  facet normal 0 0 -1
    outer loop
      vertex 28.6789 12.7854 0
      vertex 32.9211 12.7854 0
      vertex 32.9474 12.6807 0
    endloop
  endfacet
  facet normal 0 0 -1
    outer loop
      vertex 33.1497 12.3022 0
      vertex 28.4503 12.3022 0
      vertex 33.0854 12.3889 0
    endloop
  endfacet
  facet normal 0 0 -1
    outer loop
      vertex 19.8146 11.9211 0
      vertex 35.6081 2.50812 0
      vertex 35.6528 2.38338 0
    endloop
  endfacet
  facet normal 0 0 -1
    outer loop
      vertex 19.7078 11.9053 0
      vertex 35.6528 2.38338 0
      vertex 35.7094 2.26362 0
    endloop
  endfacet
  facet normal 0 0 -1
    outer loop
      vertex 4.09059 2.26362 0
      vertex 35.7094 2.26362 0
      vertex 35.7775 2.14998 0
    endloop
  endfacet
  facet normal 0 0 -1
    outer loop
      vertex 32.9053 12.8922 0
      vertex 28.6947 12.8922 0
      vertex 28.7 13 0
    endloop
  endfacet
  facet normal 0 0 -1
    outer loop
      vertex 32.9211 12.7854 0
      vertex 28.6789 12.7854 0
      vertex 28.6947 12.8922 0
    endloop
  endfacet
  facet normal 0 0 -1
    outer loop
      vertex 32.9474 12.6807 0
      vertex 28.6526 12.6807 0
      vertex 28.6789 12.7854 0
    endloop
  endfacet
  facet normal -0 0 -1
    outer loop
      vertex 32.9474 12.6807 0
      vertex 28.6163 12.579 0
      vertex 28.6526 12.6807 0
    endloop
  endfacet
  facet normal 0 0 -1
    outer loop
      vertex 32.9837 12.579 0
      vertex 28.6163 12.579 0
      vertex 32.9474 12.6807 0
    endloop
  endfacet
  facet normal 0 -0 -1
    outer loop
      vertex 28.6163 12.579 0
      vertex 32.9837 12.579 0
      vertex 28.5701 12.4815 0
    endloop
  endfacet
  facet normal 0 0 -1
    outer loop
      vertex 33.0299 12.4815 0
      vertex 28.5701 12.4815 0
      vertex 32.9837 12.579 0
    endloop
  endfacet
  facet normal 0 -0 -1
    outer loop
      vertex 28.5701 12.4815 0
      vertex 33.0299 12.4815 0
      vertex 28.5146 12.3889 0
    endloop
  endfacet
  facet normal 0 0 -1
    outer loop
      vertex 33.0854 12.3889 0
      vertex 28.5146 12.3889 0
      vertex 33.0299 12.4815 0
    endloop
  endfacet
  facet normal 0 0 -1
    outer loop
      vertex 4.02248 2.14998 0
      vertex 35.7775 2.14998 0
      vertex 35.8564 2.04357 0
    endloop
  endfacet
  facet normal 0 -0 -1
    outer loop
      vertex 28.5146 12.3889 0
      vertex 33.0854 12.3889 0
      vertex 28.4503 12.3022 0
    endloop
  endfacet
  facet normal 0 -0 -1
    outer loop
      vertex 28.4503 12.3022 0
      vertex 33.1497 12.3022 0
      vertex 28.3778 12.2222 0
    endloop
  endfacet
  facet normal 0 0 -1
    outer loop
      vertex 35.7094 3.53639 0
      vertex 28.021 11.9837 0
      vertex 28.1185 12.0299 0
    endloop
  endfacet
  facet normal 0 0 -1
    outer loop
      vertex 35.6528 3.41662 0
      vertex 27.9193 11.9474 0
      vertex 28.021 11.9837 0
    endloop
  endfacet
  facet normal 0 0 -1
    outer loop
      vertex 35.6081 3.29188 0
      vertex 27.8146 11.9211 0
      vertex 27.9193 11.9474 0
    endloop
  endfacet
  facet normal 0 0 -1
    outer loop
      vertex 35.5759 3.16337 0
      vertex 27.7078 11.9053 0
      vertex 27.8146 11.9211 0
    endloop
  endfacet
  facet normal 0 0 -1
    outer loop
      vertex 35.5565 3.03232 0
      vertex 27.6 11.9 0
      vertex 27.7078 11.9053 0
    endloop
  endfacet
  facet normal 0 0 -1
    outer loop
      vertex 35.5565 3.03232 0
      vertex 27.4922 11.9053 0
      vertex 27.6 11.9 0
    endloop
  endfacet
  facet normal 0 0 -1
    outer loop
      vertex 35.55 2.9 0
      vertex 27.3854 11.9211 0
      vertex 27.4922 11.9053 0
    endloop
  endfacet
  facet normal 0 0 -1
    outer loop
      vertex 35.5565 2.76768 0
      vertex 27.2807 11.9474 0
      vertex 27.3854 11.9211 0
    endloop
  endfacet
  facet normal 0 0 -1
    outer loop
      vertex 35.5759 2.63663 0
      vertex 19.9193 11.9474 0
      vertex 27.2807 11.9474 0
    endloop
  endfacet
  facet normal 0 0 -1
    outer loop
      vertex 27.2807 11.9474 0
      vertex 19.9193 11.9474 0
      vertex 27.179 11.9837 0
    endloop
  endfacet
  facet normal 0 -0 -1
    outer loop
      vertex 20.021 11.9837 0
      vertex 27.179 11.9837 0
      vertex 19.9193 11.9474 0
    endloop
  endfacet
  facet normal 0 0 -1
    outer loop
      vertex 27.179 11.9837 0
      vertex 20.021 11.9837 0
      vertex 27.0815 12.0299 0
    endloop
  endfacet
  facet normal 0 -0 -1
    outer loop
      vertex 20.1185 12.0299 0
      vertex 27.0815 12.0299 0
      vertex 20.021 11.9837 0
    endloop
  endfacet
  facet normal 0 0 -1
    outer loop
      vertex 27.0815 12.0299 0
      vertex 20.1185 12.0299 0
      vertex 26.9889 12.0854 0
    endloop
  endfacet
  facet normal 0 0 -1
    outer loop
      vertex 26.5 13 0
      vertex 20.7 13 0
      vertex 26.5 18.8 0
    endloop
  endfacet
  facet normal 0 0 -1
    outer loop
      vertex 26.5053 12.8922 0
      vertex 20.7 13 0
      vertex 26.5 13 0
    endloop
  endfacet
  facet normal 0 0 -1
    outer loop
      vertex 20.6947 12.8922 0
      vertex 26.5053 12.8922 0
      vertex 26.5211 12.7854 0
    endloop
  endfacet
  facet normal 0 0 -1
    outer loop
      vertex 20.6789 12.7854 0
      vertex 26.5211 12.7854 0
      vertex 26.5474 12.6807 0
    endloop
  endfacet
  facet normal 0 0 -1
    outer loop
      vertex 20.6526 12.6807 0
      vertex 26.5474 12.6807 0
      vertex 26.5837 12.579 0
    endloop
  endfacet
  facet normal 0 0 -1
    outer loop
      vertex 20.6163 12.579 0
      vertex 26.5837 12.579 0
      vertex 26.6299 12.4815 0
    endloop
  endfacet
  facet normal 0 0 -1
    outer loop
      vertex 20.5701 12.4815 0
      vertex 26.6299 12.4815 0
      vertex 26.6854 12.3889 0
    endloop
  endfacet
  facet normal 0 0 -1
    outer loop
      vertex 20.5146 12.3889 0
      vertex 26.6854 12.3889 0
      vertex 26.7497 12.3022 0
    endloop
  endfacet
  facet normal 0 0 -1
    outer loop
      vertex 26.9889 12.0854 0
      vertex 20.2111 12.0854 0
      vertex 26.9022 12.1497 0
    endloop
  endfacet
  facet normal 0 0 -1
    outer loop
      vertex 3.94356 2.04357 0
      vertex 35.8564 2.04357 0
      vertex 35.9454 1.94541 0
    endloop
  endfacet
  facet normal 0 0 -1
    outer loop
      vertex 3.85459 1.94541 0
      vertex 35.9454 1.94541 0
      vertex 36.0436 1.85644 0
    endloop
  endfacet
  facet normal 0 0 -1
    outer loop
      vertex 3.75643 1.85644 0
      vertex 36.0436 1.85644 0
      vertex 36.15 1.77752 0
    endloop
  endfacet
  facet normal 0 0 -1
    outer loop
      vertex 26.5053 12.8922 0
      vertex 20.6947 12.8922 0
      vertex 20.7 13 0
    endloop
  endfacet
  facet normal 0 0 -1
    outer loop
      vertex 3.65002 1.77752 0
      vertex 36.15 1.77752 0
      vertex 38.6 0 0
    endloop
  endfacet
  facet normal 0 0 -1
    outer loop
      vertex 26.5211 12.7854 0
      vertex 20.6789 12.7854 0
      vertex 20.6947 12.8922 0
    endloop
  endfacet
  facet normal 0 0 -1
    outer loop
      vertex 26.5474 12.6807 0
      vertex 20.6526 12.6807 0
      vertex 20.6789 12.7854 0
    endloop
  endfacet
  facet normal 0 0 -1
    outer loop
      vertex 26.5837 12.579 0
      vertex 20.6163 12.579 0
      vertex 20.6526 12.6807 0
    endloop
  endfacet
  facet normal 0 0 -1
    outer loop
      vertex 26.6299 12.4815 0
      vertex 20.5701 12.4815 0
      vertex 20.6163 12.579 0
    endloop
  endfacet
  facet normal 0 0 -1
    outer loop
      vertex 26.6854 12.3889 0
      vertex 20.5146 12.3889 0
      vertex 20.5701 12.4815 0
    endloop
  endfacet
  facet normal 0 0 -1
    outer loop
      vertex 26.7497 12.3022 0
      vertex 20.4503 12.3022 0
      vertex 20.5146 12.3889 0
    endloop
  endfacet
  facet normal -0 0 -1
    outer loop
      vertex 26.7497 12.3022 0
      vertex 20.3778 12.2222 0
      vertex 20.4503 12.3022 0
    endloop
  endfacet
  facet normal 0 0 -1
    outer loop
      vertex 26.8222 12.2222 0
      vertex 20.3778 12.2222 0
      vertex 26.7497 12.3022 0
    endloop
  endfacet
  facet normal 0 -0 -1
    outer loop
      vertex 20.3778 12.2222 0
      vertex 26.8222 12.2222 0
      vertex 20.2978 12.1497 0
    endloop
  endfacet
  facet normal 0 0 -1
    outer loop
      vertex 26.9022 12.1497 0
      vertex 20.2978 12.1497 0
      vertex 26.8222 12.2222 0
    endloop
  endfacet
  facet normal 0 -0 -1
    outer loop
      vertex 20.2978 12.1497 0
      vertex 26.9022 12.1497 0
      vertex 20.2111 12.0854 0
    endloop
  endfacet
  facet normal 0 -0 -1
    outer loop
      vertex 20.2111 12.0854 0
      vertex 26.9889 12.0854 0
      vertex 20.1185 12.0299 0
    endloop
  endfacet
  facet normal 0 0 -1
    outer loop
      vertex 35.6081 2.50812 0
      vertex 19.8146 11.9211 0
      vertex 19.9193 11.9474 0
    endloop
  endfacet
  facet normal 0 0 -1
    outer loop
      vertex 35.6528 2.38338 0
      vertex 19.7078 11.9053 0
      vertex 19.8146 11.9211 0
    endloop
  endfacet
  facet normal 0 0 -1
    outer loop
      vertex 35.7094 2.26362 0
      vertex 4.09059 2.26362 0
      vertex 19.6 11.9 0
    endloop
  endfacet
  facet normal 0 0 -1
    outer loop
      vertex 35.7094 2.26362 0
      vertex 19.6 11.9 0
      vertex 19.7078 11.9053 0
    endloop
  endfacet
  facet normal 0 -0 -1
    outer loop
      vertex 4.14724 2.38338 0
      vertex 19.6 11.9 0
      vertex 4.09059 2.26362 0
    endloop
  endfacet
  facet normal -0 0 -1
    outer loop
      vertex 19.6 11.9 0
      vertex 4.14724 2.38338 0
      vertex 19.4922 11.9053 0
    endloop
  endfacet
  facet normal 0 -0 -1
    outer loop
      vertex 4.19187 2.50812 0
      vertex 19.4922 11.9053 0
      vertex 4.14724 2.38338 0
    endloop
  endfacet
  facet normal -0 0 -1
    outer loop
      vertex 19.4922 11.9053 0
      vertex 4.19187 2.50812 0
      vertex 19.3854 11.9211 0
    endloop
  endfacet
  facet normal 0 -0 -1
    outer loop
      vertex 4.22406 2.63663 0
      vertex 19.3854 11.9211 0
      vertex 4.19187 2.50812 0
    endloop
  endfacet
  facet normal 0 0 -1
    outer loop
      vertex 18.5 13 0
      vertex 14.3 13 0
      vertex 18.5 18.8 0
    endloop
  endfacet
  facet normal 0 0 -1
    outer loop
      vertex 18.5053 12.8922 0
      vertex 14.3 13 0
      vertex 18.5 13 0
    endloop
  endfacet
  facet normal 0 0 -1
    outer loop
      vertex 14.2947 12.8922 0
      vertex 18.5053 12.8922 0
      vertex 18.5211 12.7854 0
    endloop
  endfacet
  facet normal 0 0 -1
    outer loop
      vertex 14.2789 12.7854 0
      vertex 18.5211 12.7854 0
      vertex 18.5474 12.6807 0
    endloop
  endfacet
  facet normal 0 0 -1
    outer loop
      vertex 14.2526 12.6807 0
      vertex 18.5474 12.6807 0
      vertex 18.5837 12.579 0
    endloop
  endfacet
  facet normal 0 0 -1
    outer loop
      vertex 14.2163 12.579 0
      vertex 18.5837 12.579 0
      vertex 18.6299 12.4815 0
    endloop
  endfacet
  facet normal 0 0 -1
    outer loop
      vertex 14.1701 12.4815 0
      vertex 18.6299 12.4815 0
      vertex 18.6854 12.3889 0
    endloop
  endfacet
  facet normal 0 0 -1
    outer loop
      vertex 14.1146 12.3889 0
      vertex 18.6854 12.3889 0
      vertex 18.7497 12.3022 0
    endloop
  endfacet
  facet normal 0 0 -1
    outer loop
      vertex 14.0503 12.3022 0
      vertex 18.7497 12.3022 0
      vertex 18.8222 12.2222 0
    endloop
  endfacet
  facet normal 0 0 -1
    outer loop
      vertex 13.9778 12.2222 0
      vertex 18.8222 12.2222 0
      vertex 18.9022 12.1497 0
    endloop
  endfacet
  facet normal 0 0 -1
    outer loop
      vertex 13.8978 12.1497 0
      vertex 18.9022 12.1497 0
      vertex 18.9889 12.0854 0
    endloop
  endfacet
  facet normal -0 0 -1
    outer loop
      vertex 19.3854 11.9211 0
      vertex 4.22406 2.63663 0
      vertex 19.2807 11.9474 0
    endloop
  endfacet
  facet normal 0 0 -1
    outer loop
      vertex 18.5053 12.8922 0
      vertex 14.2947 12.8922 0
      vertex 14.3 13 0
    endloop
  endfacet
  facet normal 0 0 -1
    outer loop
      vertex 18.5211 12.7854 0
      vertex 14.2789 12.7854 0
      vertex 14.2947 12.8922 0
    endloop
  endfacet
  facet normal 0 0 -1
    outer loop
      vertex 18.5474 12.6807 0
      vertex 14.2526 12.6807 0
      vertex 14.2789 12.7854 0
    endloop
  endfacet
  facet normal 0 0 -1
    outer loop
      vertex 18.5837 12.579 0
      vertex 14.2163 12.579 0
      vertex 14.2526 12.6807 0
    endloop
  endfacet
  facet normal 0 0 -1
    outer loop
      vertex 18.6299 12.4815 0
      vertex 14.1701 12.4815 0
      vertex 14.2163 12.579 0
    endloop
  endfacet
  facet normal 0 0 -1
    outer loop
      vertex 18.6854 12.3889 0
      vertex 14.1146 12.3889 0
      vertex 14.1701 12.4815 0
    endloop
  endfacet
  facet normal 0 0 -1
    outer loop
      vertex 18.7497 12.3022 0
      vertex 14.0503 12.3022 0
      vertex 14.1146 12.3889 0
    endloop
  endfacet
  facet normal 0 0 -1
    outer loop
      vertex 18.8222 12.2222 0
      vertex 13.9778 12.2222 0
      vertex 14.0503 12.3022 0
    endloop
  endfacet
  facet normal 0 0 -1
    outer loop
      vertex 18.9022 12.1497 0
      vertex 13.8978 12.1497 0
      vertex 13.9778 12.2222 0
    endloop
  endfacet
  facet normal 0 0 -1
    outer loop
      vertex 18.9889 12.0854 0
      vertex 13.8111 12.0854 0
      vertex 13.8978 12.1497 0
    endloop
  endfacet
  facet normal -0 0 -1
    outer loop
      vertex 18.9889 12.0854 0
      vertex 13.7185 12.0299 0
      vertex 13.8111 12.0854 0
    endloop
  endfacet
  facet normal 0 0 -1
    outer loop
      vertex 19.0815 12.0299 0
      vertex 13.7185 12.0299 0
      vertex 18.9889 12.0854 0
    endloop
  endfacet
  facet normal 0 0 -1
    outer loop
      vertex 19.2807 11.9474 0
      vertex 13.5193 11.9474 0
      vertex 19.179 11.9837 0
    endloop
  endfacet
  facet normal 0 -0 -1
    outer loop
      vertex 13.621 11.9837 0
      vertex 19.179 11.9837 0
      vertex 13.5193 11.9474 0
    endloop
  endfacet
  facet normal 0 -0 -1
    outer loop
      vertex 13.7185 12.0299 0
      vertex 19.0815 12.0299 0
      vertex 13.621 11.9837 0
    endloop
  endfacet
  facet normal 0 0 -1
    outer loop
      vertex 19.179 11.9837 0
      vertex 13.621 11.9837 0
      vertex 19.0815 12.0299 0
    endloop
  endfacet
  facet normal 0 0 -1
    outer loop
      vertex 13.5193 11.9474 0
      vertex 4.22406 2.63663 0
      vertex 13.4146 11.9211 0
    endloop
  endfacet
  facet normal 0 0 -1
    outer loop
      vertex 13.4146 11.9211 0
      vertex 4.22406 2.63663 0
      vertex 13.3078 11.9053 0
    endloop
  endfacet
  facet normal 0 -0 -1
    outer loop
      vertex 4.2435 2.76768 0
      vertex 13.3078 11.9053 0
      vertex 4.22406 2.63663 0
    endloop
  endfacet
  facet normal 0 0 -1
    outer loop
      vertex 13.3078 11.9053 0
      vertex 4.2435 2.76768 0
      vertex 13.2 11.9 0
    endloop
  endfacet
  facet normal 0 0 -1
    outer loop
      vertex 4.43062 17.0494 0
      vertex 12.1 18.8 0
      vertex 12.1 13 0
    endloop
  endfacet
  facet normal 0 0 -1
    outer loop
      vertex 4.25001 16.8058 0
      vertex 12.1 13 0
      vertex 12.1053 12.8922 0
    endloop
  endfacet
  facet normal 0 0 -1
    outer loop
      vertex 4.21213 16.7831 0
      vertex 12.1053 12.8922 0
      vertex 12.1211 12.7854 0
    endloop
  endfacet
  facet normal 0 0 -1
    outer loop
      vertex 4.17221 16.7643 0
      vertex 12.1211 12.7854 0
      vertex 12.1474 12.6807 0
    endloop
  endfacet
  facet normal 0 0 -1
    outer loop
      vertex 4.13063 16.7494 0
      vertex 12.1474 12.6807 0
      vertex 12.1837 12.579 0
    endloop
  endfacet
  facet normal 0 0 -1
    outer loop
      vertex 3.53639 4.09059 0
      vertex 12.1837 12.579 0
      vertex 12.2299 12.4815 0
    endloop
  endfacet
  facet normal 0 0 -1
    outer loop
      vertex 3.65002 4.02248 0
      vertex 12.2299 12.4815 0
      vertex 12.2854 12.3889 0
    endloop
  endfacet
  facet normal 0 0 -1
    outer loop
      vertex 3.75643 3.94356 0
      vertex 12.2854 12.3889 0
      vertex 12.3497 12.3022 0
    endloop
  endfacet
  facet normal 0 0 -1
    outer loop
      vertex 3.85459 3.85459 0
      vertex 12.3497 12.3022 0
      vertex 12.4222 12.2222 0
    endloop
  endfacet
  facet normal 0 0 -1
    outer loop
      vertex 3.94356 3.75643 0
      vertex 12.4222 12.2222 0
      vertex 12.5022 12.1497 0
    endloop
  endfacet
  facet normal 0 0 -1
    outer loop
      vertex 4.02248 3.65002 0
      vertex 12.5022 12.1497 0
      vertex 12.5889 12.0854 0
    endloop
  endfacet
  facet normal 0 0 -1
    outer loop
      vertex 12.1 18.8 0
      vertex 4.44783 17.1359 0
      vertex 4.45 17.18 0
    endloop
  endfacet
  facet normal 0 0 -1
    outer loop
      vertex 12.1 18.8 0
      vertex 4.44135 17.0922 0
      vertex 4.44783 17.1359 0
    endloop
  endfacet
  facet normal 0 0 -1
    outer loop
      vertex 12.1 18.8 0
      vertex 4.43062 17.0494 0
      vertex 4.44135 17.0922 0
    endloop
  endfacet
  facet normal 0 0 -1
    outer loop
      vertex 12.1 13 0
      vertex 4.41575 17.0078 0
      vertex 4.43062 17.0494 0
    endloop
  endfacet
  facet normal 0 0 -1
    outer loop
      vertex 12.1 13 0
      vertex 4.39686 16.9679 0
      vertex 4.41575 17.0078 0
    endloop
  endfacet
  facet normal 0 0 -1
    outer loop
      vertex 4.09059 3.53639 0
      vertex 12.5889 12.0854 0
      vertex 12.6815 12.0299 0
    endloop
  endfacet
  facet normal 0 0 -1
    outer loop
      vertex 12.1 13 0
      vertex 4.37416 16.93 0
      vertex 4.39686 16.9679 0
    endloop
  endfacet
  facet normal 0 0 -1
    outer loop
      vertex 12.1 13 0
      vertex 4.34785 16.8945 0
      vertex 4.37416 16.93 0
    endloop
  endfacet
  facet normal 0 0 -1
    outer loop
      vertex 12.1 13 0
      vertex 4.3182 16.8618 0
      vertex 4.34785 16.8945 0
    endloop
  endfacet
  facet normal 0 0 -1
    outer loop
      vertex 12.1 13 0
      vertex 4.28548 16.8321 0
      vertex 4.3182 16.8618 0
    endloop
  endfacet
  facet normal 0 0 -1
    outer loop
      vertex 12.1 13 0
      vertex 4.25001 16.8058 0
      vertex 4.28548 16.8321 0
    endloop
  endfacet
  facet normal 0 0 -1
    outer loop
      vertex 4.19187 3.29188 0
      vertex 12.8807 11.9474 0
      vertex 4.22406 3.16337 0
    endloop
  endfacet
  facet normal -0 0 -1
    outer loop
      vertex 12.9854 11.9211 0
      vertex 4.22406 3.16337 0
      vertex 12.8807 11.9474 0
    endloop
  endfacet
  facet normal 0 -0 -1
    outer loop
      vertex 4.25 2.9 0
      vertex 13.2 11.9 0
      vertex 4.2435 2.76768 0
    endloop
  endfacet
  facet normal 0 0 -1
    outer loop
      vertex 4.22406 3.16337 0
      vertex 12.9854 11.9211 0
      vertex 4.2435 3.03232 0
    endloop
  endfacet
  facet normal -0 0 -1
    outer loop
      vertex 13.0922 11.9053 0
      vertex 4.2435 3.03232 0
      vertex 12.9854 11.9211 0
    endloop
  endfacet
  facet normal 0 0 -1
    outer loop
      vertex 4.2435 3.03232 0
      vertex 13.0922 11.9053 0
      vertex 4.25 2.9 0
    endloop
  endfacet
  facet normal -0 0 -1
    outer loop
      vertex 13.2 11.9 0
      vertex 4.25 2.9 0
      vertex 13.0922 11.9053 0
    endloop
  endfacet
  facet normal 0 -0 -1
    outer loop
      vertex 13.5193 11.9474 0
      vertex 19.2807 11.9474 0
      vertex 4.22406 2.63663 0
    endloop
  endfacet
  facet normal 0 0 -1
    outer loop
      vertex 35.7775 2.14998 0
      vertex 4.02248 2.14998 0
      vertex 4.09059 2.26362 0
    endloop
  endfacet
  facet normal 0 0 -1
    outer loop
      vertex 35.8564 2.04357 0
      vertex 3.94356 2.04357 0
      vertex 4.02248 2.14998 0
    endloop
  endfacet
  facet normal 0 0 -1
    outer loop
      vertex 35.9454 1.94541 0
      vertex 3.85459 1.94541 0
      vertex 3.94356 2.04357 0
    endloop
  endfacet
  facet normal 0 0 -1
    outer loop
      vertex 36.0436 1.85644 0
      vertex 3.75643 1.85644 0
      vertex 3.85459 1.94541 0
    endloop
  endfacet
  facet normal 0 0 -1
    outer loop
      vertex 36.15 1.77752 0
      vertex 3.65002 1.77752 0
      vertex 3.75643 1.85644 0
    endloop
  endfacet
  facet normal 0 0 -1
    outer loop
      vertex 1.2 0 0
      vertex 3.65002 1.77752 0
      vertex 38.6 0 0
    endloop
  endfacet
  facet normal 0 0 -1
    outer loop
      vertex 3.65002 1.77752 0
      vertex 1.2 0 0
      vertex 3.53639 1.70941 0
    endloop
  endfacet
  facet normal 0 0 -1
    outer loop
      vertex 3.53639 1.70941 0
      vertex 1.2 0 0
      vertex 3.41662 1.65276 0
    endloop
  endfacet
  facet normal 0 0 -1
    outer loop
      vertex 3.41662 1.65276 0
      vertex 1.2 0 0
      vertex 3.29188 1.60813 0
    endloop
  endfacet
  facet normal 0 0 -1
    outer loop
      vertex 3.29188 1.60813 0
      vertex 1.2 0 0
      vertex 3.16337 1.57594 0
    endloop
  endfacet
  facet normal 0 0 -1
    outer loop
      vertex 3.16337 1.57594 0
      vertex 1.2 0 0
      vertex 3.03232 1.5565 0
    endloop
  endfacet
  facet normal -0 0 -1
    outer loop
      vertex 1.5565 2.76768 0
      vertex 0 1.2 0
      vertex 1.55 2.9 0
    endloop
  endfacet
  facet normal -0 0 -1
    outer loop
      vertex 1.57594 2.63663 0
      vertex 0 1.2 0
      vertex 1.5565 2.76768 0
    endloop
  endfacet
  facet normal -0 0 -1
    outer loop
      vertex 1.60813 2.50812 0
      vertex 0 1.2 0
      vertex 1.57594 2.63663 0
    endloop
  endfacet
  facet normal -0 0 -1
    outer loop
      vertex 1.65276 2.38338 0
      vertex 0 1.2 0
      vertex 1.60813 2.50812 0
    endloop
  endfacet
  facet normal -0 0 -1
    outer loop
      vertex 1.70941 2.26362 0
      vertex 0 1.2 0
      vertex 1.65276 2.38338 0
    endloop
  endfacet
  facet normal -0 0 -1
    outer loop
      vertex 1.77752 2.14998 0
      vertex 0 1.2 0
      vertex 1.70941 2.26362 0
    endloop
  endfacet
  facet normal -0 0 -1
    outer loop
      vertex 1.85644 2.04357 0
      vertex 0 1.2 0
      vertex 1.77752 2.14998 0
    endloop
  endfacet
  facet normal -0 0 -1
    outer loop
      vertex 1.94541 1.94541 0
      vertex 0 1.2 0
      vertex 1.85644 2.04357 0
    endloop
  endfacet
  facet normal 0 0 -1
    outer loop
      vertex 0 1.2 0
      vertex 1.94541 1.94541 0
      vertex 1.2 0 0
    endloop
  endfacet
  facet normal -0 0 -1
    outer loop
      vertex 2.04357 1.85644 0
      vertex 1.2 0 0
      vertex 1.94541 1.94541 0
    endloop
  endfacet
  facet normal -0 0 -1
    outer loop
      vertex 2.14998 1.77752 0
      vertex 1.2 0 0
      vertex 2.04357 1.85644 0
    endloop
  endfacet
  facet normal -0 0 -1
    outer loop
      vertex 2.26362 1.70941 0
      vertex 1.2 0 0
      vertex 2.14998 1.77752 0
    endloop
  endfacet
  facet normal -0 0 -1
    outer loop
      vertex 2.38338 1.65276 0
      vertex 1.2 0 0
      vertex 2.26362 1.70941 0
    endloop
  endfacet
  facet normal -0 0 -1
    outer loop
      vertex 2.50812 1.60813 0
      vertex 1.2 0 0
      vertex 2.38338 1.65276 0
    endloop
  endfacet
  facet normal -0 0 -1
    outer loop
      vertex 2.63663 1.57594 0
      vertex 1.2 0 0
      vertex 2.50812 1.60813 0
    endloop
  endfacet
  facet normal -0 0 -1
    outer loop
      vertex 2.76768 1.5565 0
      vertex 1.2 0 0
      vertex 2.63663 1.57594 0
    endloop
  endfacet
  facet normal -0 0 -1
    outer loop
      vertex 2.9 1.55 0
      vertex 1.2 0 0
      vertex 2.76768 1.5565 0
    endloop
  endfacet
  facet normal 0 0 -1
    outer loop
      vertex 3.03232 1.5565 0
      vertex 1.2 0 0
      vertex 2.9 1.55 0
    endloop
  endfacet
  facet normal -0 0 -1
    outer loop
      vertex 39.5276 31.3613 0
      vertex 37.8546 29.8546 0
      vertex 39.4485 31.4485 0
    endloop
  endfacet
  facet normal -0 0 -1
    outer loop
      vertex 39.4485 31.4485 0
      vertex 37.8546 29.8546 0
      vertex 39.3613 31.5276 0
    endloop
  endfacet
  facet normal -0 0 -1
    outer loop
      vertex 39.3613 31.5276 0
      vertex 37.8546 29.8546 0
      vertex 39.2667 31.5978 0
    endloop
  endfacet
  facet normal -0 0 -1
    outer loop
      vertex 39.2667 31.5978 0
      vertex 37.8546 29.8546 0
      vertex 39.1657 31.6583 0
    endloop
  endfacet
  facet normal -0 0 -1
    outer loop
      vertex 39.1657 31.6583 0
      vertex 37.8546 29.8546 0
      vertex 39.0592 31.7087 0
    endloop
  endfacet
  facet normal -0 0 -1
    outer loop
      vertex 39.0592 31.7087 0
      vertex 37.8546 29.8546 0
      vertex 38.9483 31.7483 0
    endloop
  endfacet
  facet normal -0 0 -1
    outer loop
      vertex 38.9483 31.7483 0
      vertex 37.8546 29.8546 0
      vertex 38.8341 31.7769 0
    endloop
  endfacet
  facet normal -0 0 -1
    outer loop
      vertex 38.8341 31.7769 0
      vertex 37.8546 29.8546 0
      vertex 38.7176 31.7942 0
    endloop
  endfacet
  facet normal -0 0 -1
    outer loop
      vertex 38.7176 31.7942 0
      vertex 37.8546 29.8546 0
      vertex 38.6 31.8 0
    endloop
  endfacet
  facet normal 0 0 -1
    outer loop
      vertex 37.7564 29.9436 0
      vertex 38.6 31.8 0
      vertex 37.8546 29.8546 0
    endloop
  endfacet
  facet normal 0 0 -1
    outer loop
      vertex 37.65 30.0225 0
      vertex 38.6 31.8 0
      vertex 37.7564 29.9436 0
    endloop
  endfacet
  facet normal 0 0 -1
    outer loop
      vertex 37.5364 30.0906 0
      vertex 38.6 31.8 0
      vertex 37.65 30.0225 0
    endloop
  endfacet
  facet normal 0 0 -1
    outer loop
      vertex 37.4166 30.1472 0
      vertex 38.6 31.8 0
      vertex 37.5364 30.0906 0
    endloop
  endfacet
  facet normal 0 0 -1
    outer loop
      vertex 37.2919 30.1919 0
      vertex 38.6 31.8 0
      vertex 37.4166 30.1472 0
    endloop
  endfacet
  facet normal 0 0 -1
    outer loop
      vertex 37.1634 30.2241 0
      vertex 38.6 31.8 0
      vertex 37.2919 30.1919 0
    endloop
  endfacet
  facet normal 0 0 -1
    outer loop
      vertex 37.0323 30.2435 0
      vertex 38.6 31.8 0
      vertex 37.1634 30.2241 0
    endloop
  endfacet
  facet normal 0 0 -1
    outer loop
      vertex 36.9 30.25 0
      vertex 38.6 31.8 0
      vertex 37.0323 30.2435 0
    endloop
  endfacet
  facet normal 0 0 -1
    outer loop
      vertex 36.7677 30.2435 0
      vertex 38.6 31.8 0
      vertex 36.9 30.25 0
    endloop
  endfacet
  facet normal 0 0 -1
    outer loop
      vertex 36.6366 30.2241 0
      vertex 38.6 31.8 0
      vertex 36.7677 30.2435 0
    endloop
  endfacet
  facet normal 0 0 -1
    outer loop
      vertex 36.5081 30.1919 0
      vertex 38.6 31.8 0
      vertex 36.6366 30.2241 0
    endloop
  endfacet
  facet normal 0 0 -1
    outer loop
      vertex 36.3834 30.1472 0
      vertex 38.6 31.8 0
      vertex 36.5081 30.1919 0
    endloop
  endfacet
  facet normal 0 0 -1
    outer loop
      vertex 36.2636 30.0906 0
      vertex 38.6 31.8 0
      vertex 36.3834 30.1472 0
    endloop
  endfacet
  facet normal 0 0 -1
    outer loop
      vertex 36.15 30.0225 0
      vertex 38.6 31.8 0
      vertex 36.2636 30.0906 0
    endloop
  endfacet
  facet normal -0 0 -1
    outer loop
      vertex 36.6366 27.5759 0
      vertex 34.3193 19.8526 0
      vertex 36.5081 27.6081 0
    endloop
  endfacet
  facet normal 0 0 -1
    outer loop
      vertex 34.2146 19.8789 0
      vertex 36.5081 27.6081 0
      vertex 34.3193 19.8526 0
    endloop
  endfacet
  facet normal -0 0 -1
    outer loop
      vertex 36.5081 27.6081 0
      vertex 34.2146 19.8789 0
      vertex 36.3834 27.6528 0
    endloop
  endfacet
  facet normal 0 0 -1
    outer loop
      vertex 34.1078 19.8947 0
      vertex 36.3834 27.6528 0
      vertex 34.2146 19.8789 0
    endloop
  endfacet
  facet normal -0 0 -1
    outer loop
      vertex 36.3834 27.6528 0
      vertex 34.1078 19.8947 0
      vertex 36.2636 27.7094 0
    endloop
  endfacet
  facet normal 0 0 -1
    outer loop
      vertex 34 19.9 0
      vertex 36.2636 27.7094 0
      vertex 34.1078 19.8947 0
    endloop
  endfacet
  facet normal -0 0 -1
    outer loop
      vertex 36.2636 27.7094 0
      vertex 34 19.9 0
      vertex 36.15 27.7775 0
    endloop
  endfacet
  facet normal 0 0 -1
    outer loop
      vertex 33.8922 19.8947 0
      vertex 36.15 27.7775 0
      vertex 34 19.9 0
    endloop
  endfacet
  facet normal -0 0 -1
    outer loop
      vertex 36.15 27.7775 0
      vertex 33.8922 19.8947 0
      vertex 36.0436 27.8564 0
    endloop
  endfacet
  facet normal 0 0 -1
    outer loop
      vertex 33.7854 19.8789 0
      vertex 36.0436 27.8564 0
      vertex 33.8922 19.8947 0
    endloop
  endfacet
  facet normal -0 0 -1
    outer loop
      vertex 36.0436 27.8564 0
      vertex 33.7854 19.8789 0
      vertex 35.9454 27.9454 0
    endloop
  endfacet
  facet normal 0 0 -1
    outer loop
      vertex 33.6807 19.8526 0
      vertex 35.9454 27.9454 0
      vertex 33.7854 19.8789 0
    endloop
  endfacet
  facet normal -0 0 -1
    outer loop
      vertex 35.9454 27.9454 0
      vertex 33.6807 19.8526 0
      vertex 35.8564 28.0436 0
    endloop
  endfacet
  facet normal 0 0 -1
    outer loop
      vertex 33.579 19.8163 0
      vertex 35.8564 28.0436 0
      vertex 33.6807 19.8526 0
    endloop
  endfacet
  facet normal -0 0 -1
    outer loop
      vertex 35.8564 28.0436 0
      vertex 33.579 19.8163 0
      vertex 35.7775 28.15 0
    endloop
  endfacet
  facet normal 0 0 -1
    outer loop
      vertex 33.4815 19.7701 0
      vertex 35.7775 28.15 0
      vertex 33.579 19.8163 0
    endloop
  endfacet
  facet normal 0 0 -1
    outer loop
      vertex 28.1185 19.7701 0
      vertex 35.7775 28.15 0
      vertex 33.4815 19.7701 0
    endloop
  endfacet
  facet normal -0 0 -1
    outer loop
      vertex 35.7775 28.15 0
      vertex 28.1185 19.7701 0
      vertex 35.7094 28.2636 0
    endloop
  endfacet
  facet normal 0 0 -1
    outer loop
      vertex 28.021 19.8163 0
      vertex 35.7094 28.2636 0
      vertex 28.1185 19.7701 0
    endloop
  endfacet
  facet normal -0 0 -1
    outer loop
      vertex 35.7094 28.2636 0
      vertex 28.021 19.8163 0
      vertex 35.6528 28.3834 0
    endloop
  endfacet
  facet normal 0 0 -1
    outer loop
      vertex 27.9193 19.8526 0
      vertex 35.6528 28.3834 0
      vertex 28.021 19.8163 0
    endloop
  endfacet
  facet normal -0 0 -1
    outer loop
      vertex 35.6528 28.3834 0
      vertex 27.9193 19.8526 0
      vertex 35.6081 28.5081 0
    endloop
  endfacet
  facet normal 0 0 -1
    outer loop
      vertex 27.8146 19.8789 0
      vertex 35.6081 28.5081 0
      vertex 27.9193 19.8526 0
    endloop
  endfacet
  facet normal -0 0 -1
    outer loop
      vertex 35.6081 28.5081 0
      vertex 27.8146 19.8789 0
      vertex 35.5759 28.6366 0
    endloop
  endfacet
  facet normal 0 0 -1
    outer loop
      vertex 28.1185 19.7701 0
      vertex 33.4815 19.7701 0
      vertex 33.3889 19.7146 0
    endloop
  endfacet
  facet normal 0 0 -1
    outer loop
      vertex 28.2111 19.7146 0
      vertex 33.3889 19.7146 0
      vertex 33.3022 19.6503 0
    endloop
  endfacet
  facet normal 0 0 -1
    outer loop
      vertex 28.2978 19.6503 0
      vertex 33.3022 19.6503 0
      vertex 33.2222 19.5778 0
    endloop
  endfacet
  facet normal 0 0 -1
    outer loop
      vertex 28.3778 19.5778 0
      vertex 33.2222 19.5778 0
      vertex 33.1497 19.4978 0
    endloop
  endfacet
  facet normal 0 0 -1
    outer loop
      vertex 27.7078 19.8947 0
      vertex 35.5759 28.6366 0
      vertex 27.8146 19.8789 0
    endloop
  endfacet
  facet normal 0 0 -1
    outer loop
      vertex 28.4503 19.4978 0
      vertex 33.1497 19.4978 0
      vertex 33.0854 19.4111 0
    endloop
  endfacet
  facet normal 0 0 -1
    outer loop
      vertex 28.5146 19.4111 0
      vertex 33.0854 19.4111 0
      vertex 33.0299 19.3185 0
    endloop
  endfacet
  facet normal 0 0 -1
    outer loop
      vertex 28.5701 19.3185 0
      vertex 33.0299 19.3185 0
      vertex 32.9837 19.221 0
    endloop
  endfacet
  facet normal 0 0 -1
    outer loop
      vertex 28.6163 19.221 0
      vertex 32.9837 19.221 0
      vertex 32.9474 19.1193 0
    endloop
  endfacet
  facet normal 0 0 -1
    outer loop
      vertex 28.7 18.8 0
      vertex 32.9 18.8 0
      vertex 28.7 13 0
    endloop
  endfacet
  facet normal 0 0 -1
    outer loop
      vertex 32.9 18.8 0
      vertex 28.7 18.8 0
      vertex 32.9053 18.9078 0
    endloop
  endfacet
  facet normal 0 0 -1
    outer loop
      vertex 28.6947 18.9078 0
      vertex 32.9053 18.9078 0
      vertex 28.7 18.8 0
    endloop
  endfacet
  facet normal 0 0 -1
    outer loop
      vertex 32.9053 18.9078 0
      vertex 28.6947 18.9078 0
      vertex 32.9211 19.0146 0
    endloop
  endfacet
  facet normal 0 0 -1
    outer loop
      vertex 28.6789 19.0146 0
      vertex 32.9211 19.0146 0
      vertex 28.6947 18.9078 0
    endloop
  endfacet
  facet normal 0 0 -1
    outer loop
      vertex 32.9211 19.0146 0
      vertex 28.6789 19.0146 0
      vertex 32.9474 19.1193 0
    endloop
  endfacet
  facet normal 0 0 -1
    outer loop
      vertex 28.6526 19.1193 0
      vertex 32.9474 19.1193 0
      vertex 28.6789 19.0146 0
    endloop
  endfacet
  facet normal 0 0 -1
    outer loop
      vertex 28.6163 19.221 0
      vertex 32.9474 19.1193 0
      vertex 28.6526 19.1193 0
    endloop
  endfacet
  facet normal 0 0 -1
    outer loop
      vertex 32.9837 19.221 0
      vertex 28.6163 19.221 0
      vertex 28.5701 19.3185 0
    endloop
  endfacet
  facet normal 0 0 -1
    outer loop
      vertex 33.0299 19.3185 0
      vertex 28.5701 19.3185 0
      vertex 28.5146 19.4111 0
    endloop
  endfacet
  facet normal 0 0 -1
    outer loop
      vertex 33.0854 19.4111 0
      vertex 28.5146 19.4111 0
      vertex 28.4503 19.4978 0
    endloop
  endfacet
  facet normal 0 0 -1
    outer loop
      vertex 33.1497 19.4978 0
      vertex 28.4503 19.4978 0
      vertex 28.3778 19.5778 0
    endloop
  endfacet
  facet normal 0 0 -1
    outer loop
      vertex 33.2222 19.5778 0
      vertex 28.3778 19.5778 0
      vertex 28.2978 19.6503 0
    endloop
  endfacet
  facet normal 0 0 -1
    outer loop
      vertex 33.3022 19.6503 0
      vertex 28.2978 19.6503 0
      vertex 28.2111 19.7146 0
    endloop
  endfacet
  facet normal 0 0 -1
    outer loop
      vertex 33.3889 19.7146 0
      vertex 28.2111 19.7146 0
      vertex 28.1185 19.7701 0
    endloop
  endfacet
  facet normal -0 0 -1
    outer loop
      vertex 35.5759 28.6366 0
      vertex 27.7078 19.8947 0
      vertex 35.5565 28.7677 0
    endloop
  endfacet
  facet normal 0 0 -1
    outer loop
      vertex 27.6 19.9 0
      vertex 35.5565 28.7677 0
      vertex 27.7078 19.8947 0
    endloop
  endfacet
  facet normal 0 0 -1
    outer loop
      vertex 27.4922 19.8947 0
      vertex 35.5565 28.7677 0
      vertex 27.6 19.9 0
    endloop
  endfacet
  facet normal -0 0 -1
    outer loop
      vertex 35.5565 28.7677 0
      vertex 27.4922 19.8947 0
      vertex 35.55 28.9 0
    endloop
  endfacet
  facet normal 0 0 -1
    outer loop
      vertex 27.3854 19.8789 0
      vertex 35.55 28.9 0
      vertex 27.4922 19.8947 0
    endloop
  endfacet
  facet normal -0 0 -1
    outer loop
      vertex 35.55 28.9 0
      vertex 27.3854 19.8789 0
      vertex 35.5565 29.0323 0
    endloop
  endfacet
  facet normal 0 0 -1
    outer loop
      vertex 27.2807 19.8526 0
      vertex 35.5565 29.0323 0
      vertex 27.3854 19.8789 0
    endloop
  endfacet
  facet normal -0 0 -1
    outer loop
      vertex 35.5565 29.0323 0
      vertex 27.2807 19.8526 0
      vertex 35.5759 29.1634 0
    endloop
  endfacet
  facet normal 0 0 -1
    outer loop
      vertex 19.9193 19.8526 0
      vertex 35.5759 29.1634 0
      vertex 27.2807 19.8526 0
    endloop
  endfacet
  facet normal -0 0 -1
    outer loop
      vertex 35.5759 29.1634 0
      vertex 19.9193 19.8526 0
      vertex 35.6081 29.2919 0
    endloop
  endfacet
  facet normal 0 0 -1
    outer loop
      vertex 19.8146 19.8789 0
      vertex 35.6081 29.2919 0
      vertex 19.9193 19.8526 0
    endloop
  endfacet
  facet normal -0 0 -1
    outer loop
      vertex 35.6081 29.2919 0
      vertex 19.8146 19.8789 0
      vertex 35.6528 29.4166 0
    endloop
  endfacet
  facet normal 0 0 -1
    outer loop
      vertex 19.7078 19.8947 0
      vertex 35.6528 29.4166 0
      vertex 19.8146 19.8789 0
    endloop
  endfacet
  facet normal 0 0 -1
    outer loop
      vertex 19.9193 19.8526 0
      vertex 27.2807 19.8526 0
      vertex 27.179 19.8163 0
    endloop
  endfacet
  facet normal 0 0 -1
    outer loop
      vertex 20.021 19.8163 0
      vertex 27.179 19.8163 0
      vertex 27.0815 19.7701 0
    endloop
  endfacet
  facet normal 0 0 -1
    outer loop
      vertex 20.1185 19.7701 0
      vertex 27.0815 19.7701 0
      vertex 26.9889 19.7146 0
    endloop
  endfacet
  facet normal 0 0 -1
    outer loop
      vertex 20.2111 19.7146 0
      vertex 26.9889 19.7146 0
      vertex 26.9022 19.6503 0
    endloop
  endfacet
  facet normal 0 0 -1
    outer loop
      vertex 20.2978 19.6503 0
      vertex 26.9022 19.6503 0
      vertex 26.8222 19.5778 0
    endloop
  endfacet
  facet normal 0 0 -1
    outer loop
      vertex 20.3778 19.5778 0
      vertex 26.8222 19.5778 0
      vertex 26.7497 19.4978 0
    endloop
  endfacet
  facet normal 0 0 -1
    outer loop
      vertex 20.7 18.8 0
      vertex 26.5 18.8 0
      vertex 20.7 13 0
    endloop
  endfacet
  facet normal 0 0 -1
    outer loop
      vertex 26.5 18.8 0
      vertex 20.7 18.8 0
      vertex 26.5053 18.9078 0
    endloop
  endfacet
  facet normal 0 0 -1
    outer loop
      vertex 20.6947 18.9078 0
      vertex 26.5053 18.9078 0
      vertex 20.7 18.8 0
    endloop
  endfacet
  facet normal 0 0 -1
    outer loop
      vertex 26.5053 18.9078 0
      vertex 20.6947 18.9078 0
      vertex 26.5211 19.0146 0
    endloop
  endfacet
  facet normal 0 0 -1
    outer loop
      vertex 20.6789 19.0146 0
      vertex 26.5211 19.0146 0
      vertex 20.6947 18.9078 0
    endloop
  endfacet
  facet normal 0 0 -1
    outer loop
      vertex 26.5211 19.0146 0
      vertex 20.6789 19.0146 0
      vertex 26.5474 19.1193 0
    endloop
  endfacet
  facet normal 0 0 -1
    outer loop
      vertex 20.6526 19.1193 0
      vertex 26.5474 19.1193 0
      vertex 20.6789 19.0146 0
    endloop
  endfacet
  facet normal 0 0 -1
    outer loop
      vertex 26.5474 19.1193 0
      vertex 20.6526 19.1193 0
      vertex 26.5837 19.221 0
    endloop
  endfacet
  facet normal 0 0 -1
    outer loop
      vertex 20.6163 19.221 0
      vertex 26.5837 19.221 0
      vertex 20.6526 19.1193 0
    endloop
  endfacet
  facet normal 0 0 -1
    outer loop
      vertex 26.5837 19.221 0
      vertex 20.6163 19.221 0
      vertex 26.6299 19.3185 0
    endloop
  endfacet
  facet normal 0 0 -1
    outer loop
      vertex 20.5701 19.3185 0
      vertex 26.6299 19.3185 0
      vertex 20.6163 19.221 0
    endloop
  endfacet
  facet normal 0 0 -1
    outer loop
      vertex 26.6299 19.3185 0
      vertex 20.5701 19.3185 0
      vertex 26.6854 19.4111 0
    endloop
  endfacet
  facet normal 0 0 -1
    outer loop
      vertex 20.5146 19.4111 0
      vertex 26.6854 19.4111 0
      vertex 20.5701 19.3185 0
    endloop
  endfacet
  facet normal 0 0 -1
    outer loop
      vertex 26.6854 19.4111 0
      vertex 20.5146 19.4111 0
      vertex 26.7497 19.4978 0
    endloop
  endfacet
  facet normal 0 0 -1
    outer loop
      vertex 20.4503 19.4978 0
      vertex 26.7497 19.4978 0
      vertex 20.5146 19.4111 0
    endloop
  endfacet
  facet normal 0 0 -1
    outer loop
      vertex 20.3778 19.5778 0
      vertex 26.7497 19.4978 0
      vertex 20.4503 19.4978 0
    endloop
  endfacet
  facet normal 0 0 -1
    outer loop
      vertex 26.8222 19.5778 0
      vertex 20.3778 19.5778 0
      vertex 20.2978 19.6503 0
    endloop
  endfacet
  facet normal 0 0 -1
    outer loop
      vertex 26.9022 19.6503 0
      vertex 20.2978 19.6503 0
      vertex 20.2111 19.7146 0
    endloop
  endfacet
  facet normal 0 0 -1
    outer loop
      vertex 26.9889 19.7146 0
      vertex 20.2111 19.7146 0
      vertex 20.1185 19.7701 0
    endloop
  endfacet
  facet normal 0 0 -1
    outer loop
      vertex 27.0815 19.7701 0
      vertex 20.1185 19.7701 0
      vertex 20.021 19.8163 0
    endloop
  endfacet
  facet normal 0 0 -1
    outer loop
      vertex 27.179 19.8163 0
      vertex 20.021 19.8163 0
      vertex 19.9193 19.8526 0
    endloop
  endfacet
  facet normal -0 0 -1
    outer loop
      vertex 35.6528 29.4166 0
      vertex 19.7078 19.8947 0
      vertex 35.7094 29.5364 0
    endloop
  endfacet
  facet normal 0 0 -1
    outer loop
      vertex 19.6 19.9 0
      vertex 35.7094 29.5364 0
      vertex 19.7078 19.8947 0
    endloop
  endfacet
  facet normal 0 0 -1
    outer loop
      vertex 4.09059 29.5364 0
      vertex 35.7094 29.5364 0
      vertex 19.6 19.9 0
    endloop
  endfacet
  facet normal 0 0 -1
    outer loop
      vertex 35.7094 29.5364 0
      vertex 4.09059 29.5364 0
      vertex 35.7775 29.65 0
    endloop
  endfacet
  facet normal 0 0 -1
    outer loop
      vertex 4.02248 29.65 0
      vertex 35.7775 29.65 0
      vertex 4.09059 29.5364 0
    endloop
  endfacet
  facet normal 0 0 -1
    outer loop
      vertex 35.7775 29.65 0
      vertex 4.02248 29.65 0
      vertex 35.8564 29.7564 0
    endloop
  endfacet
  facet normal 0 0 -1
    outer loop
      vertex 3.94356 29.7564 0
      vertex 35.8564 29.7564 0
      vertex 4.02248 29.65 0
    endloop
  endfacet
  facet normal 0 0 -1
    outer loop
      vertex 35.8564 29.7564 0
      vertex 3.94356 29.7564 0
      vertex 35.9454 29.8546 0
    endloop
  endfacet
  facet normal 0 0 -1
    outer loop
      vertex 4.14724 29.4166 0
      vertex 19.6 19.9 0
      vertex 19.4922 19.8947 0
    endloop
  endfacet
  facet normal 0 0 -1
    outer loop
      vertex 4.19187 29.2919 0
      vertex 19.4922 19.8947 0
      vertex 19.3854 19.8789 0
    endloop
  endfacet
  facet normal 0 0 -1
    outer loop
      vertex 4.22406 29.1634 0
      vertex 19.3854 19.8789 0
      vertex 19.2807 19.8526 0
    endloop
  endfacet
  facet normal 0 0 -1
    outer loop
      vertex 13.5193 19.8526 0
      vertex 19.2807 19.8526 0
      vertex 19.179 19.8163 0
    endloop
  endfacet
  facet normal 0 0 -1
    outer loop
      vertex 13.621 19.8163 0
      vertex 19.179 19.8163 0
      vertex 19.0815 19.7701 0
    endloop
  endfacet
  facet normal 0 0 -1
    outer loop
      vertex 13.7185 19.7701 0
      vertex 19.0815 19.7701 0
      vertex 18.9889 19.7146 0
    endloop
  endfacet
  facet normal 0 0 -1
    outer loop
      vertex 14.3 18.8 0
      vertex 18.5 18.8 0
      vertex 14.3 13 0
    endloop
  endfacet
  facet normal 0 0 -1
    outer loop
      vertex 18.5 18.8 0
      vertex 14.3 18.8 0
      vertex 18.5053 18.9078 0
    endloop
  endfacet
  facet normal 0 0 -1
    outer loop
      vertex 14.2947 18.9078 0
      vertex 18.5053 18.9078 0
      vertex 14.3 18.8 0
    endloop
  endfacet
  facet normal 0 0 -1
    outer loop
      vertex 18.5053 18.9078 0
      vertex 14.2947 18.9078 0
      vertex 18.5211 19.0146 0
    endloop
  endfacet
  facet normal 0 0 -1
    outer loop
      vertex 14.2789 19.0146 0
      vertex 18.5211 19.0146 0
      vertex 14.2947 18.9078 0
    endloop
  endfacet
  facet normal 0 0 -1
    outer loop
      vertex 18.5211 19.0146 0
      vertex 14.2789 19.0146 0
      vertex 18.5474 19.1193 0
    endloop
  endfacet
  facet normal 0 0 -1
    outer loop
      vertex 14.2526 19.1193 0
      vertex 18.5474 19.1193 0
      vertex 14.2789 19.0146 0
    endloop
  endfacet
  facet normal 0 0 -1
    outer loop
      vertex 18.5474 19.1193 0
      vertex 14.2526 19.1193 0
      vertex 18.5837 19.221 0
    endloop
  endfacet
  facet normal 0 0 -1
    outer loop
      vertex 14.2163 19.221 0
      vertex 18.5837 19.221 0
      vertex 14.2526 19.1193 0
    endloop
  endfacet
  facet normal 0 0 -1
    outer loop
      vertex 18.5837 19.221 0
      vertex 14.2163 19.221 0
      vertex 18.6299 19.3185 0
    endloop
  endfacet
  facet normal 0 0 -1
    outer loop
      vertex 14.1701 19.3185 0
      vertex 18.6299 19.3185 0
      vertex 14.2163 19.221 0
    endloop
  endfacet
  facet normal 0 0 -1
    outer loop
      vertex 18.6299 19.3185 0
      vertex 14.1701 19.3185 0
      vertex 18.6854 19.4111 0
    endloop
  endfacet
  facet normal 0 0 -1
    outer loop
      vertex 14.1146 19.4111 0
      vertex 18.6854 19.4111 0
      vertex 14.1701 19.3185 0
    endloop
  endfacet
  facet normal 0 0 -1
    outer loop
      vertex 18.6854 19.4111 0
      vertex 14.1146 19.4111 0
      vertex 18.7497 19.4978 0
    endloop
  endfacet
  facet normal 0 0 -1
    outer loop
      vertex 14.0503 19.4978 0
      vertex 18.7497 19.4978 0
      vertex 14.1146 19.4111 0
    endloop
  endfacet
  facet normal 0 0 -1
    outer loop
      vertex 18.7497 19.4978 0
      vertex 14.0503 19.4978 0
      vertex 18.8222 19.5778 0
    endloop
  endfacet
  facet normal 0 0 -1
    outer loop
      vertex 13.9778 19.5778 0
      vertex 18.8222 19.5778 0
      vertex 14.0503 19.4978 0
    endloop
  endfacet
  facet normal 0 0 -1
    outer loop
      vertex 18.8222 19.5778 0
      vertex 13.9778 19.5778 0
      vertex 18.9022 19.6503 0
    endloop
  endfacet
  facet normal 0 0 -1
    outer loop
      vertex 13.8978 19.6503 0
      vertex 18.9022 19.6503 0
      vertex 13.9778 19.5778 0
    endloop
  endfacet
  facet normal 0 0 -1
    outer loop
      vertex 18.9022 19.6503 0
      vertex 13.8978 19.6503 0
      vertex 18.9889 19.7146 0
    endloop
  endfacet
  facet normal 0 0 -1
    outer loop
      vertex 13.8111 19.7146 0
      vertex 18.9889 19.7146 0
      vertex 13.8978 19.6503 0
    endloop
  endfacet
  facet normal 0 0 -1
    outer loop
      vertex 13.7185 19.7701 0
      vertex 18.9889 19.7146 0
      vertex 13.8111 19.7146 0
    endloop
  endfacet
  facet normal 0 0 -1
    outer loop
      vertex 19.0815 19.7701 0
      vertex 13.7185 19.7701 0
      vertex 13.621 19.8163 0
    endloop
  endfacet
  facet normal 0 0 -1
    outer loop
      vertex 19.179 19.8163 0
      vertex 13.621 19.8163 0
      vertex 13.5193 19.8526 0
    endloop
  endfacet
  facet normal 0 0 -1
    outer loop
      vertex 19.2807 19.8526 0
      vertex 13.5193 19.8526 0
      vertex 4.22406 29.1634 0
    endloop
  endfacet
  facet normal 0 0 -1
    outer loop
      vertex 4.22406 29.1634 0
      vertex 13.5193 19.8526 0
      vertex 13.4146 19.8789 0
    endloop
  endfacet
  facet normal 0 0 -1
    outer loop
      vertex 4.22406 29.1634 0
      vertex 13.4146 19.8789 0
      vertex 13.3078 19.8947 0
    endloop
  endfacet
  facet normal 0 0 -1
    outer loop
      vertex 4.2435 29.0323 0
      vertex 13.3078 19.8947 0
      vertex 13.2 19.9 0
    endloop
  endfacet
  facet normal 0 0 -1
    outer loop
      vertex 4.25 28.9 0
      vertex 13.2 19.9 0
      vertex 13.0922 19.8947 0
    endloop
  endfacet
  facet normal 0 0 -1
    outer loop
      vertex 4.2435 28.7677 0
      vertex 13.0922 19.8947 0
      vertex 12.9854 19.8789 0
    endloop
  endfacet
  facet normal 0 0 -1
    outer loop
      vertex 4.43062 24.9306 0
      vertex 12.9854 19.8789 0
      vertex 12.8807 19.8526 0
    endloop
  endfacet
  facet normal 0 0 -1
    outer loop
      vertex 4.44135 24.8878 0
      vertex 12.8807 19.8526 0
      vertex 12.779 19.8163 0
    endloop
  endfacet
  facet normal 0 0 -1
    outer loop
      vertex 4.44783 17.2241 0
      vertex 12.1 18.8 0
      vertex 4.45 17.18 0
    endloop
  endfacet
  facet normal 0 0 -1
    outer loop
      vertex 4.44135 17.2678 0
      vertex 12.1 18.8 0
      vertex 4.44783 17.2241 0
    endloop
  endfacet
  facet normal 0 0 -1
    outer loop
      vertex 4.43062 17.3106 0
      vertex 12.1 18.8 0
      vertex 4.44135 17.2678 0
    endloop
  endfacet
  facet normal 0 0 -1
    outer loop
      vertex 4.41575 17.3522 0
      vertex 12.1 18.8 0
      vertex 4.43062 17.3106 0
    endloop
  endfacet
  facet normal -0 0 -1
    outer loop
      vertex 12.1 18.8 0
      vertex 4.41575 17.3522 0
      vertex 12.1053 18.9078 0
    endloop
  endfacet
  facet normal 0 0 -1
    outer loop
      vertex 12.1837 19.221 0
      vertex 4.45 24.8 0
      vertex 12.2299 19.3185 0
    endloop
  endfacet
  facet normal 0 0 -1
    outer loop
      vertex 12.2299 19.3185 0
      vertex 4.45 24.8 0
      vertex 12.2854 19.4111 0
    endloop
  endfacet
  facet normal 0 0 -1
    outer loop
      vertex 12.2854 19.4111 0
      vertex 4.45 24.8 0
      vertex 12.3497 19.4978 0
    endloop
  endfacet
  facet normal 0 0 -1
    outer loop
      vertex 12.3497 19.4978 0
      vertex 4.45 24.8 0
      vertex 12.4222 19.5778 0
    endloop
  endfacet
  facet normal 0 0 -1
    outer loop
      vertex 12.4222 19.5778 0
      vertex 4.45 24.8 0
      vertex 12.5022 19.6503 0
    endloop
  endfacet
  facet normal 0 0 -1
    outer loop
      vertex 12.5022 19.6503 0
      vertex 4.45 24.8 0
      vertex 12.5889 19.7146 0
    endloop
  endfacet
  facet normal 0 0 -1
    outer loop
      vertex 12.5889 19.7146 0
      vertex 4.45 24.8 0
      vertex 12.6815 19.7701 0
    endloop
  endfacet
  facet normal 0 0 -1
    outer loop
      vertex 12.6815 19.7701 0
      vertex 4.45 24.8 0
      vertex 12.779 19.8163 0
    endloop
  endfacet
  facet normal 0 0 -1
    outer loop
      vertex 4.44783 24.8441 0
      vertex 12.779 19.8163 0
      vertex 4.45 24.8 0
    endloop
  endfacet
  facet normal 0 0 -1
    outer loop
      vertex 4.44135 24.8878 0
      vertex 12.779 19.8163 0
      vertex 4.44783 24.8441 0
    endloop
  endfacet
  facet normal 0 0 -1
    outer loop
      vertex 12.8807 19.8526 0
      vertex 4.44135 24.8878 0
      vertex 4.43062 24.9306 0
    endloop
  endfacet
  facet normal 0 0 -1
    outer loop
      vertex 4.2435 28.7677 0
      vertex 12.9854 19.8789 0
      vertex 4.43062 24.9306 0
    endloop
  endfacet
  facet normal 0 0 -1
    outer loop
      vertex 4.2435 28.7677 0
      vertex 4.43062 24.9306 0
      vertex 4.41575 24.9722 0
    endloop
  endfacet
  facet normal 0 0 -1
    outer loop
      vertex 4.2435 28.7677 0
      vertex 4.41575 24.9722 0
      vertex 4.39686 25.0121 0
    endloop
  endfacet
  facet normal 0 0 -1
    outer loop
      vertex 4.2435 28.7677 0
      vertex 4.39686 25.0121 0
      vertex 4.37416 25.05 0
    endloop
  endfacet
  facet normal 0 0 -1
    outer loop
      vertex 4.2435 28.7677 0
      vertex 4.37416 25.05 0
      vertex 4.34785 25.0855 0
    endloop
  endfacet
  facet normal 0 0 -1
    outer loop
      vertex 4.2435 28.7677 0
      vertex 4.34785 25.0855 0
      vertex 4.3182 25.1182 0
    endloop
  endfacet
  facet normal 0 0 -1
    outer loop
      vertex 4.2435 28.7677 0
      vertex 4.3182 25.1182 0
      vertex 4.28548 25.1479 0
    endloop
  endfacet
  facet normal 0 0 -1
    outer loop
      vertex 3.94356 28.0436 0
      vertex 4.28548 25.1479 0
      vertex 4.25001 25.1742 0
    endloop
  endfacet
  facet normal 0 0 -1
    outer loop
      vertex 13.2 19.9 0
      vertex 4.25 28.9 0
      vertex 4.2435 29.0323 0
    endloop
  endfacet
  facet normal 0 0 -1
    outer loop
      vertex 13.3078 19.8947 0
      vertex 4.2435 29.0323 0
      vertex 4.22406 29.1634 0
    endloop
  endfacet
  facet normal 0 0 -1
    outer loop
      vertex 19.3854 19.8789 0
      vertex 4.22406 29.1634 0
      vertex 4.19187 29.2919 0
    endloop
  endfacet
  facet normal 0 0 -1
    outer loop
      vertex 19.4922 19.8947 0
      vertex 4.19187 29.2919 0
      vertex 4.14724 29.4166 0
    endloop
  endfacet
  facet normal 0 0 -1
    outer loop
      vertex 19.6 19.9 0
      vertex 4.14724 29.4166 0
      vertex 4.09059 29.5364 0
    endloop
  endfacet
  facet normal 0 0 -1
    outer loop
      vertex 3.85459 29.8546 0
      vertex 35.9454 29.8546 0
      vertex 3.94356 29.7564 0
    endloop
  endfacet
  facet normal 0 0 -1
    outer loop
      vertex 35.9454 29.8546 0
      vertex 3.85459 29.8546 0
      vertex 36.0436 29.9436 0
    endloop
  endfacet
  facet normal 0 0 -1
    outer loop
      vertex 3.75643 29.9436 0
      vertex 36.0436 29.9436 0
      vertex 3.85459 29.8546 0
    endloop
  endfacet
  facet normal 0 0 -1
    outer loop
      vertex 36.0436 29.9436 0
      vertex 3.75643 29.9436 0
      vertex 36.15 30.0225 0
    endloop
  endfacet
  facet normal 0 0 -1
    outer loop
      vertex 3.65002 30.0225 0
      vertex 36.15 30.0225 0
      vertex 3.75643 29.9436 0
    endloop
  endfacet
  facet normal 0 0 -1
    outer loop
      vertex 36.15 30.0225 0
      vertex 3.65002 30.0225 0
      vertex 38.6 31.8 0
    endloop
  endfacet
  facet normal 0 0 -1
    outer loop
      vertex 1.2 31.8 0
      vertex 3.65002 30.0225 0
      vertex 3.53639 30.0906 0
    endloop
  endfacet
  facet normal 0 0 -1
    outer loop
      vertex 1.2 31.8 0
      vertex 3.53639 30.0906 0
      vertex 3.41662 30.1472 0
    endloop
  endfacet
  facet normal 0 0 -1
    outer loop
      vertex 1.2 31.8 0
      vertex 3.41662 30.1472 0
      vertex 3.29188 30.1919 0
    endloop
  endfacet
  facet normal 0 0 -1
    outer loop
      vertex 1.2 31.8 0
      vertex 3.29188 30.1919 0
      vertex 3.16337 30.2241 0
    endloop
  endfacet
  facet normal 0 0 -1
    outer loop
      vertex 1.2 31.8 0
      vertex 3.16337 30.2241 0
      vertex 3.03232 30.2435 0
    endloop
  endfacet
  facet normal 0 0 -1
    outer loop
      vertex 1.2 31.8 0
      vertex 3.03232 30.2435 0
      vertex 2.9 30.25 0
    endloop
  endfacet
  facet normal 0 0 -1
    outer loop
      vertex 3.65002 30.0225 0
      vertex 1.2 31.8 0
      vertex 38.6 31.8 0
    endloop
  endfacet
  facet normal 0 0 -1
    outer loop
      vertex 2.76768 30.2435 0
      vertex 1.2 31.8 0
      vertex 2.9 30.25 0
    endloop
  endfacet
  facet normal 0 0 -1
    outer loop
      vertex 2.63663 30.2241 0
      vertex 1.2 31.8 0
      vertex 2.76768 30.2435 0
    endloop
  endfacet
  facet normal 0 0 -1
    outer loop
      vertex 2.50812 30.1919 0
      vertex 1.2 31.8 0
      vertex 2.63663 30.2241 0
    endloop
  endfacet
  facet normal 0 0 -1
    outer loop
      vertex 2.38338 30.1472 0
      vertex 1.2 31.8 0
      vertex 2.50812 30.1919 0
    endloop
  endfacet
  facet normal 0 0 -1
    outer loop
      vertex 2.26362 30.0906 0
      vertex 1.2 31.8 0
      vertex 2.38338 30.1472 0
    endloop
  endfacet
  facet normal 0 0 -1
    outer loop
      vertex 2.14998 30.0225 0
      vertex 1.2 31.8 0
      vertex 2.26362 30.0906 0
    endloop
  endfacet
  facet normal 0 0 -1
    outer loop
      vertex 2.04357 29.9436 0
      vertex 1.2 31.8 0
      vertex 2.14998 30.0225 0
    endloop
  endfacet
  facet normal 0 0 -1
    outer loop
      vertex 1.94541 29.8546 0
      vertex 1.2 31.8 0
      vertex 2.04357 29.9436 0
    endloop
  endfacet
  facet normal 0 0 -1
    outer loop
      vertex 0 30.6 0
      vertex 1.94541 29.8546 0
      vertex 1.85644 29.7564 0
    endloop
  endfacet
  facet normal 0 0 -1
    outer loop
      vertex 0 30.6 0
      vertex 1.85644 29.7564 0
      vertex 1.77752 29.65 0
    endloop
  endfacet
  facet normal 0 0 -1
    outer loop
      vertex 0 30.6 0
      vertex 1.77752 29.65 0
      vertex 1.70941 29.5364 0
    endloop
  endfacet
  facet normal 0 0 -1
    outer loop
      vertex 0 30.6 0
      vertex 1.70941 29.5364 0
      vertex 1.65276 29.4166 0
    endloop
  endfacet
  facet normal 0 0 -1
    outer loop
      vertex 0 30.6 0
      vertex 1.65276 29.4166 0
      vertex 1.60813 29.2919 0
    endloop
  endfacet
  facet normal 0 0 -1
    outer loop
      vertex 0 30.6 0
      vertex 1.60813 29.2919 0
      vertex 1.57594 29.1634 0
    endloop
  endfacet
  facet normal 0 0 -1
    outer loop
      vertex 0 30.6 0
      vertex 1.57594 29.1634 0
      vertex 1.5565 29.0323 0
    endloop
  endfacet
  facet normal 0 0 -1
    outer loop
      vertex 0 30.6 0
      vertex 1.5565 29.0323 0
      vertex 1.55 28.9 0
    endloop
  endfacet
  facet normal 0 0 -1
    outer loop
      vertex 1.57594 28.6366 0
      vertex 0 30.6 0
      vertex 1.5565 28.7677 0
    endloop
  endfacet
  facet normal 0 0 -1
    outer loop
      vertex 0 1.2 0
      vertex 1.2 0 0
      vertex 1.08238 0.00577831 0
    endloop
  endfacet
  facet normal 0 0 -1
    outer loop
      vertex 1.5565 28.7677 0
      vertex 0 30.6 0
      vertex 1.55 28.9 0
    endloop
  endfacet
  facet normal 0 0 -1
    outer loop
      vertex 0 1.2 0
      vertex 1.08238 0.00577831 0
      vertex 0.965891 0.023057 0
    endloop
  endfacet
  facet normal 0 -0 -1
    outer loop
      vertex 0.023057 30.8341 0
      vertex 1.94541 29.8546 0
      vertex 0 30.6 0
    endloop
  endfacet
  facet normal 0 0 -1
    outer loop
      vertex 0 1.2 0
      vertex 0.965891 0.023057 0
      vertex 0.851658 0.051671 0
    endloop
  endfacet
  facet normal 0 0 -1
    outer loop
      vertex 1.94541 29.8546 0
      vertex 1.08238 31.7942 0
      vertex 1.2 31.8 0
    endloop
  endfacet
  facet normal 0 0 -1
    outer loop
      vertex 0 1.2 0
      vertex 0.851658 0.051671 0
      vertex 0.74078 0.0913439 0
    endloop
  endfacet
  facet normal 0 0 -1
    outer loop
      vertex 1.94541 29.8546 0
      vertex 0.965891 31.7769 0
      vertex 1.08238 31.7942 0
    endloop
  endfacet
  facet normal 0 0 -1
    outer loop
      vertex 0 1.2 0
      vertex 0.74078 0.0913439 0
      vertex 0.634323 0.141694 0
    endloop
  endfacet
  facet normal 0 0 -1
    outer loop
      vertex 1.94541 29.8546 0
      vertex 0.851658 31.7483 0
      vertex 0.965891 31.7769 0
    endloop
  endfacet
  facet normal 0 0 -1
    outer loop
      vertex 0 1.2 0
      vertex 0.634323 0.141694 0
      vertex 0.533316 0.202236 0
    endloop
  endfacet
  facet normal 0 0 -1
    outer loop
      vertex 1.94541 29.8546 0
      vertex 0.74078 31.7087 0
      vertex 0.851658 31.7483 0
    endloop
  endfacet
  facet normal 0 0 -1
    outer loop
      vertex 0 1.2 0
      vertex 0.533316 0.202236 0
      vertex 0.438727 0.272387 0
    endloop
  endfacet
  facet normal 0 0 -1
    outer loop
      vertex 1.94541 29.8546 0
      vertex 0.634323 31.6583 0
      vertex 0.74078 31.7087 0
    endloop
  endfacet
  facet normal 0 0 -1
    outer loop
      vertex 0 1.2 0
      vertex 0.438727 0.272387 0
      vertex 0.351471 0.351471 0
    endloop
  endfacet
  facet normal 0 0 -1
    outer loop
      vertex 1.94541 29.8546 0
      vertex 0.533316 31.5978 0
      vertex 0.634323 31.6583 0
    endloop
  endfacet
  facet normal 0 0 -1
    outer loop
      vertex 0 1.2 0
      vertex 0.351471 0.351471 0
      vertex 0.272387 0.438727 0
    endloop
  endfacet
  facet normal 0 0 -1
    outer loop
      vertex 1.94541 29.8546 0
      vertex 0.438727 31.5276 0
      vertex 0.533316 31.5978 0
    endloop
  endfacet
  facet normal 0 0 -1
    outer loop
      vertex 0 1.2 0
      vertex 0.272387 0.438727 0
      vertex 0.202236 0.533316 0
    endloop
  endfacet
  facet normal 0 0 -1
    outer loop
      vertex 1.94541 29.8546 0
      vertex 0.351471 31.4485 0
      vertex 0.438727 31.5276 0
    endloop
  endfacet
  facet normal 0 0 -1
    outer loop
      vertex 0 1.2 0
      vertex 0.202236 0.533316 0
      vertex 0.141694 0.634323 0
    endloop
  endfacet
  facet normal 0 0 -1
    outer loop
      vertex 1.94541 29.8546 0
      vertex 0.272387 31.3613 0
      vertex 0.351471 31.4485 0
    endloop
  endfacet
  facet normal 0 0 -1
    outer loop
      vertex 0 1.2 0
      vertex 0.141694 0.634323 0
      vertex 0.0913439 0.74078 0
    endloop
  endfacet
  facet normal 0 0 -1
    outer loop
      vertex 1.94541 29.8546 0
      vertex 0.202236 31.2667 0
      vertex 0.272387 31.3613 0
    endloop
  endfacet
  facet normal 0 0 -1
    outer loop
      vertex 0 1.2 0
      vertex 0.0913439 0.74078 0
      vertex 0.051671 0.851658 0
    endloop
  endfacet
  facet normal 0 0 -1
    outer loop
      vertex 1.94541 29.8546 0
      vertex 0.141694 31.1657 0
      vertex 0.202236 31.2667 0
    endloop
  endfacet
  facet normal 0 0 -1
    outer loop
      vertex 0 1.2 0
      vertex 0.051671 0.851658 0
      vertex 0.023057 0.965891 0
    endloop
  endfacet
  facet normal 0 0 -1
    outer loop
      vertex 1.94541 29.8546 0
      vertex 0.0913439 31.0592 0
      vertex 0.141694 31.1657 0
    endloop
  endfacet
  facet normal 0 0 -1
    outer loop
      vertex 0 1.2 0
      vertex 0.023057 0.965891 0
      vertex 0.00577831 1.08238 0
    endloop
  endfacet
  facet normal 0 0 -1
    outer loop
      vertex 1.94541 29.8546 0
      vertex 0.051671 30.9483 0
      vertex 0.0913439 31.0592 0
    endloop
  endfacet
  facet normal 0 0 -1
    outer loop
      vertex 1.94541 29.8546 0
      vertex 0.023057 30.8341 0
      vertex 0.051671 30.9483 0
    endloop
  endfacet
  facet normal 0 0 -1
    outer loop
      vertex 0.023057 30.8341 0
      vertex 0 30.6 0
      vertex 0.00577831 30.7176 0
    endloop
  endfacet
  facet normal -0 0 -1
    outer loop
      vertex 12.8807 11.9474 0
      vertex 4.19187 3.29188 0
      vertex 12.779 11.9837 0
    endloop
  endfacet
  facet normal 0 0 -1
    outer loop
      vertex 4.14724 3.41662 0
      vertex 12.779 11.9837 0
      vertex 4.19187 3.29188 0
    endloop
  endfacet
  facet normal -0 0 -1
    outer loop
      vertex 12.779 11.9837 0
      vertex 4.14724 3.41662 0
      vertex 12.6815 12.0299 0
    endloop
  endfacet
  facet normal 0 0 -1
    outer loop
      vertex 4.09059 3.53639 0
      vertex 12.6815 12.0299 0
      vertex 4.14724 3.41662 0
    endloop
  endfacet
  facet normal 0 0 -1
    outer loop
      vertex 12.5889 12.0854 0
      vertex 4.09059 3.53639 0
      vertex 4.02248 3.65002 0
    endloop
  endfacet
  facet normal 0 0 -1
    outer loop
      vertex 12.5022 12.1497 0
      vertex 4.02248 3.65002 0
      vertex 3.94356 3.75643 0
    endloop
  endfacet
  facet normal 0 0 -1
    outer loop
      vertex 12.4222 12.2222 0
      vertex 3.94356 3.75643 0
      vertex 3.85459 3.85459 0
    endloop
  endfacet
  facet normal 0 0 -1
    outer loop
      vertex 12.3497 12.3022 0
      vertex 3.85459 3.85459 0
      vertex 3.75643 3.94356 0
    endloop
  endfacet
  facet normal 0 0 -1
    outer loop
      vertex 12.2854 12.3889 0
      vertex 3.75643 3.94356 0
      vertex 3.65002 4.02248 0
    endloop
  endfacet
  facet normal 0 0 -1
    outer loop
      vertex 12.2299 12.4815 0
      vertex 3.65002 4.02248 0
      vertex 3.53639 4.09059 0
    endloop
  endfacet
  facet normal 0 0 -1
    outer loop
      vertex 12.1053 12.8922 0
      vertex 4.21213 16.7831 0
      vertex 4.25001 16.8058 0
    endloop
  endfacet
  facet normal 0 0 -1
    outer loop
      vertex 12.1211 12.7854 0
      vertex 4.17221 16.7643 0
      vertex 4.21213 16.7831 0
    endloop
  endfacet
  facet normal 0 0 -1
    outer loop
      vertex 3.41662 4.14724 0
      vertex 12.1837 12.579 0
      vertex 3.53639 4.09059 0
    endloop
  endfacet
  facet normal 0 0 -1
    outer loop
      vertex 12.1474 12.6807 0
      vertex 4.13063 16.7494 0
      vertex 4.17221 16.7643 0
    endloop
  endfacet
  facet normal -0 0 -1
    outer loop
      vertex 12.1837 12.579 0
      vertex 3.41662 4.14724 0
      vertex 4.13063 16.7494 0
    endloop
  endfacet
  facet normal 0 0 -1
    outer loop
      vertex 4.13063 16.7494 0
      vertex 3.41662 4.14724 0
      vertex 4.08779 16.7386 0
    endloop
  endfacet
  facet normal 0 0 -1
    outer loop
      vertex 3.29188 4.19187 0
      vertex 4.08779 16.7386 0
      vertex 3.41662 4.14724 0
    endloop
  endfacet
  facet normal 0 0 -1
    outer loop
      vertex 4.08779 16.7386 0
      vertex 3.29188 4.19187 0
      vertex 4.04411 16.7322 0
    endloop
  endfacet
  facet normal 0 0 -1
    outer loop
      vertex 3.16337 4.22406 0
      vertex 4.04411 16.7322 0
      vertex 3.29188 4.19187 0
    endloop
  endfacet
  facet normal 0 0 -1
    outer loop
      vertex 4.04411 16.7322 0
      vertex 3.16337 4.22406 0
      vertex 4 16.73 0
    endloop
  endfacet
  facet normal 0 0 -1
    outer loop
      vertex 3.03232 4.2435 0
      vertex 4 16.73 0
      vertex 3.16337 4.22406 0
    endloop
  endfacet
  facet normal -0 0 -1
    outer loop
      vertex 4 16.73 0
      vertex 3.03232 4.2435 0
      vertex 3.95589 16.7322 0
    endloop
  endfacet
  facet normal 0 0 -1
    outer loop
      vertex 2.9 4.25 0
      vertex 3.95589 16.7322 0
      vertex 3.03232 4.2435 0
    endloop
  endfacet
  facet normal -0 0 -1
    outer loop
      vertex 3.95589 16.7322 0
      vertex 2.9 4.25 0
      vertex 3.91221 16.7386 0
    endloop
  endfacet
  facet normal 0 0 -1
    outer loop
      vertex 2.76768 4.2435 0
      vertex 3.91221 16.7386 0
      vertex 2.9 4.25 0
    endloop
  endfacet
  facet normal -0 0 -1
    outer loop
      vertex 3.91221 16.7386 0
      vertex 2.76768 4.2435 0
      vertex 3.86937 16.7494 0
    endloop
  endfacet
  facet normal 0 0 -1
    outer loop
      vertex 2.63663 4.22406 0
      vertex 3.86937 16.7494 0
      vertex 2.76768 4.2435 0
    endloop
  endfacet
  facet normal -0 0 -1
    outer loop
      vertex 3.86937 16.7494 0
      vertex 2.63663 4.22406 0
      vertex 3.82779 16.7643 0
    endloop
  endfacet
  facet normal -0 0 -1
    outer loop
      vertex 3.82779 16.7643 0
      vertex 2.63663 4.22406 0
      vertex 3.78787 16.7831 0
    endloop
  endfacet
  facet normal 0 0 -1
    outer loop
      vertex 2.50812 4.19187 0
      vertex 3.78787 16.7831 0
      vertex 2.63663 4.22406 0
    endloop
  endfacet
  facet normal -0 0 -1
    outer loop
      vertex 3.78787 16.7831 0
      vertex 2.50812 4.19187 0
      vertex 3.74999 16.8058 0
    endloop
  endfacet
  facet normal 0 0 -1
    outer loop
      vertex 2.38338 4.14724 0
      vertex 3.74999 16.8058 0
      vertex 2.50812 4.19187 0
    endloop
  endfacet
  facet normal 0 0 -1
    outer loop
      vertex 2.26362 4.09059 0
      vertex 3.71452 16.8321 0
      vertex 2.38338 4.14724 0
    endloop
  endfacet
  facet normal -0 0 -1
    outer loop
      vertex 3.74999 16.8058 0
      vertex 2.38338 4.14724 0
      vertex 3.71452 16.8321 0
    endloop
  endfacet
  facet normal 0.94174 -0.336342 0
    outer loop
      vertex 39.7087 0.74078 3.2
      vertex 39.7483 0.851658 0
      vertex 39.7483 0.851658 3.2
    endloop
  endfacet
  facet normal 0.94174 -0.336342 0
    outer loop
      vertex 39.7483 0.851658 0
      vertex 39.7087 0.74078 3.2
      vertex 39.7087 0.74078 0
    endloop
  endfacet
  facet normal 0.242935 0.970042 -0
    outer loop
      vertex 38.9483 31.7483 0
      vertex 38.8341 31.7769 3.2
      vertex 38.9483 31.7483 3.2
    endloop
  endfacet
  facet normal 0.242935 0.970042 0
    outer loop
      vertex 38.8341 31.7769 3.2
      vertex 38.9483 31.7483 0
      vertex 38.8341 31.7769 0
    endloop
  endfacet
  facet normal 0.14671 -0.98918 0
    outer loop
      vertex 38.7176 0.00577831 0
      vertex 38.8341 0.023057 3.2
      vertex 38.7176 0.00577831 3.2
    endloop
  endfacet
  facet normal 0.14671 -0.98918 0
    outer loop
      vertex 38.8341 0.023057 3.2
      vertex 38.7176 0.00577831 0
      vertex 38.8341 0.023057 0
    endloop
  endfacet
  facet normal 0.146887 0.989153 -0
    outer loop
      vertex 38.8341 31.7769 0
      vertex 38.7176 31.7942 3.2
      vertex 38.8341 31.7769 3.2
    endloop
  endfacet
  facet normal 0.146887 0.989153 0
    outer loop
      vertex 38.7176 31.7942 3.2
      vertex 38.8341 31.7769 0
      vertex 38.7176 31.7942 0
    endloop
  endfacet
  facet normal -0.941544 -0.336891 0
    outer loop
      vertex 0.0913439 0.74078 0
      vertex 0.051671 0.851658 3.2
      vertex 0.051671 0.851658 0
    endloop
  endfacet
  facet normal -0.941544 -0.336891 0
    outer loop
      vertex 0.051671 0.851658 3.2
      vertex 0.0913439 0.74078 0
      vertex 0.0913439 0.74078 3.2
    endloop
  endfacet
  facet normal 0.595918 0.803046 -0
    outer loop
      vertex 39.3613 31.5276 0
      vertex 39.2667 31.5978 3.2
      vertex 39.3613 31.5276 3.2
    endloop
  endfacet
  facet normal 0.595918 0.803046 0
    outer loop
      vertex 39.2667 31.5978 3.2
      vertex 39.3613 31.5276 0
      vertex 39.2667 31.5978 0
    endloop
  endfacet
  facet normal -0.803212 -0.595694 0
    outer loop
      vertex 0.272387 0.438727 0
      vertex 0.202236 0.533316 3.2
      vertex 0.202236 0.533316 0
    endloop
  endfacet
  facet normal -0.803212 -0.595694 0
    outer loop
      vertex 0.202236 0.533316 3.2
      vertex 0.272387 0.438727 0
      vertex 0.272387 0.438727 3.2
    endloop
  endfacet
  facet normal 0.513871 0.857867 -0
    outer loop
      vertex 39.2667 31.5978 0
      vertex 39.1657 31.6583 3.2
      vertex 39.2667 31.5978 3.2
    endloop
  endfacet
  facet normal 0.513871 0.857867 0
    outer loop
      vertex 39.1657 31.6583 3.2
      vertex 39.2667 31.5978 0
      vertex 39.1657 31.6583 0
    endloop
  endfacet
  facet normal 0.671795 -0.740738 0
    outer loop
      vertex 39.3613 0.272387 0
      vertex 39.4485 0.351471 3.2
      vertex 39.3613 0.272387 3.2
    endloop
  endfacet
  facet normal 0.671795 -0.740738 0
    outer loop
      vertex 39.4485 0.351471 3.2
      vertex 39.3613 0.272387 0
      vertex 39.4485 0.351471 0
    endloop
  endfacet
  facet normal 0.336283 0.941761 -0
    outer loop
      vertex 39.0592 31.7087 0
      vertex 38.9483 31.7483 3.2
      vertex 39.0592 31.7087 3.2
    endloop
  endfacet
  facet normal 0.336283 0.941761 0
    outer loop
      vertex 38.9483 31.7483 3.2
      vertex 39.0592 31.7087 0
      vertex 38.9483 31.7483 0
    endloop
  endfacet
  facet normal -0.904057 0.427412 0
    outer loop
      vertex 0.0913439 31.0592 0
      vertex 0.141694 31.1657 3.2
      vertex 0.141694 31.1657 0
    endloop
  endfacet
  facet normal -0.904057 0.427412 0
    outer loop
      vertex 0.141694 31.1657 3.2
      vertex 0.0913439 31.0592 0
      vertex 0.0913439 31.0592 3.2
    endloop
  endfacet
  facet normal -0.146724 -0.989178 0
    outer loop
      vertex 0.965891 0.023057 0
      vertex 1.08238 0.00577831 3.2
      vertex 0.965891 0.023057 3.2
    endloop
  endfacet
  facet normal -0.146724 -0.989178 -0
    outer loop
      vertex 1.08238 0.00577831 3.2
      vertex 0.965891 0.023057 0
      vertex 1.08238 0.00577831 0
    endloop
  endfacet
  facet normal 0.970059 -0.242869 0
    outer loop
      vertex 39.7483 0.851658 3.2
      vertex 39.7769 0.965891 0
      vertex 39.7769 0.965891 3.2
    endloop
  endfacet
  facet normal 0.970059 -0.242869 0
    outer loop
      vertex 39.7769 0.965891 0
      vertex 39.7483 0.851658 3.2
      vertex 39.7483 0.851658 0
    endloop
  endfacet
  facet normal -0.242869 0.970059 0
    outer loop
      vertex 0.965891 31.7769 0
      vertex 0.851658 31.7483 3.2
      vertex 0.965891 31.7769 3.2
    endloop
  endfacet
  facet normal -0.242869 0.970059 0
    outer loop
      vertex 0.851658 31.7483 3.2
      vertex 0.965891 31.7769 0
      vertex 0.851658 31.7483 0
    endloop
  endfacet
  facet normal -0.595962 0.803012 0
    outer loop
      vertex 0.533316 31.5978 0
      vertex 0.438727 31.5276 3.2
      vertex 0.533316 31.5978 3.2
    endloop
  endfacet
  facet normal -0.595962 0.803012 0
    outer loop
      vertex 0.438727 31.5276 3.2
      vertex 0.533316 31.5978 0
      vertex 0.438727 31.5276 0
    endloop
  endfacet
  facet normal -0.671558 -0.740952 0
    outer loop
      vertex 0.351471 0.351471 0
      vertex 0.438727 0.272387 3.2
      vertex 0.351471 0.351471 3.2
    endloop
  endfacet
  facet normal -0.671558 -0.740952 -0
    outer loop
      vertex 0.438727 0.272387 3.2
      vertex 0.351471 0.351471 0
      vertex 0.438727 0.272387 0
    endloop
  endfacet
  facet normal -0.970031 -0.242981 0
    outer loop
      vertex 0.051671 0.851658 0
      vertex 0.023057 0.965891 3.2
      vertex 0.023057 0.965891 0
    endloop
  endfacet
  facet normal -0.970031 -0.242981 0
    outer loop
      vertex 0.023057 0.965891 3.2
      vertex 0.051671 0.851658 0
      vertex 0.051671 0.851658 3.2
    endloop
  endfacet
  facet normal 0.0492599 0.998786 -0
    outer loop
      vertex 38.7176 31.7942 0
      vertex 38.6 31.8 3.2
      vertex 38.7176 31.7942 3.2
    endloop
  endfacet
  facet normal 0.0492599 0.998786 0
    outer loop
      vertex 38.6 31.8 3.2
      vertex 38.7176 31.7942 0
      vertex 38.6 31.8 0
    endloop
  endfacet
  facet normal -0.970014 0.243047 0
    outer loop
      vertex 0.023057 30.8341 0
      vertex 0.051671 30.9483 3.2
      vertex 0.051671 30.9483 0
    endloop
  endfacet
  facet normal -0.970014 0.243047 0
    outer loop
      vertex 0.051671 30.9483 3.2
      vertex 0.023057 30.8341 0
      vertex 0.023057 30.8341 3.2
    endloop
  endfacet
  facet normal -0.740738 0.671795 0
    outer loop
      vertex 0.272387 31.3613 0
      vertex 0.351471 31.4485 3.2
      vertex 0.351471 31.4485 0
    endloop
  endfacet
  facet normal -0.740738 0.671795 0
    outer loop
      vertex 0.351471 31.4485 3.2
      vertex 0.272387 31.3613 0
      vertex 0.272387 31.3613 3.2
    endloop
  endfacet
  facet normal 0.903827 -0.427899 0
    outer loop
      vertex 39.6583 0.634323 3.2
      vertex 39.7087 0.74078 0
      vertex 39.7087 0.74078 3.2
    endloop
  endfacet
  facet normal 0.903827 -0.427899 0
    outer loop
      vertex 39.7087 0.74078 0
      vertex 39.6583 0.634323 3.2
      vertex 39.6583 0.634323 0
    endloop
  endfacet
  facet normal -0.336891 -0.941544 0
    outer loop
      vertex 0.74078 0.0913439 0
      vertex 0.851658 0.051671 3.2
      vertex 0.74078 0.0913439 3.2
    endloop
  endfacet
  facet normal -0.336891 -0.941544 -0
    outer loop
      vertex 0.851658 0.051671 3.2
      vertex 0.74078 0.0913439 0
      vertex 0.851658 0.051671 0
    endloop
  endfacet
  facet normal 0.514134 -0.85771 0
    outer loop
      vertex 39.1657 0.141694 0
      vertex 39.2667 0.202236 3.2
      vertex 39.1657 0.141694 3.2
    endloop
  endfacet
  facet normal 0.514134 -0.85771 0
    outer loop
      vertex 39.2667 0.202236 3.2
      vertex 39.1657 0.141694 0
      vertex 39.2667 0.202236 0
    endloop
  endfacet
  facet normal -0.0490678 -0.998795 0
    outer loop
      vertex 1.08238 0.00577831 0
      vertex 1.2 0 3.2
      vertex 1.08238 0.00577831 3.2
    endloop
  endfacet
  facet normal -0.0490678 -0.998795 -0
    outer loop
      vertex 1.2 0 3.2
      vertex 1.08238 0.00577831 0
      vertex 1.2 0 0
    endloop
  endfacet
  facet normal 0.740884 -0.671632 0
    outer loop
      vertex 39.4485 0.351471 3.2
      vertex 39.5276 0.438727 0
      vertex 39.5276 0.438727 3.2
    endloop
  endfacet
  facet normal 0.740884 -0.671632 0
    outer loop
      vertex 39.5276 0.438727 0
      vertex 39.4485 0.351471 3.2
      vertex 39.4485 0.351471 0
    endloop
  endfacet
  facet normal -0.146901 0.989151 0
    outer loop
      vertex 1.08238 31.7942 0
      vertex 0.965891 31.7769 3.2
      vertex 1.08238 31.7942 3.2
    endloop
  endfacet
  facet normal -0.146901 0.989151 0
    outer loop
      vertex 0.965891 31.7769 3.2
      vertex 1.08238 31.7942 0
      vertex 0.965891 31.7769 0
    endloop
  endfacet
  facet normal -0.98918 0.14671 0
    outer loop
      vertex 0.00577831 30.7176 0
      vertex 0.023057 30.8341 3.2
      vertex 0.023057 30.8341 0
    endloop
  endfacet
  facet normal -0.98918 0.14671 0
    outer loop
      vertex 0.023057 30.8341 3.2
      vertex 0.00577831 30.7176 0
      vertex 0.00577831 30.7176 3.2
    endloop
  endfacet
  facet normal 0.336831 -0.941565 0
    outer loop
      vertex 38.9483 0.051671 0
      vertex 39.0592 0.0913439 3.2
      vertex 38.9483 0.051671 3.2
    endloop
  endfacet
  facet normal 0.336831 -0.941565 0
    outer loop
      vertex 39.0592 0.0913439 3.2
      vertex 38.9483 0.051671 0
      vertex 39.0592 0.0913439 0
    endloop
  endfacet
  facet normal -0.803245 0.595649 0
    outer loop
      vertex 0.202236 31.2667 0
      vertex 0.272387 31.3613 3.2
      vertex 0.272387 31.3613 0
    endloop
  endfacet
  facet normal -0.803245 0.595649 0
    outer loop
      vertex 0.272387 31.3613 3.2
      vertex 0.202236 31.2667 0
      vertex 0.202236 31.2667 3.2
    endloop
  endfacet
  facet normal 0.903893 0.427758 0
    outer loop
      vertex 39.7087 31.0592 3.2
      vertex 39.6583 31.1657 0
      vertex 39.6583 31.1657 3.2
    endloop
  endfacet
  facet normal 0.903893 0.427758 0
    outer loop
      vertex 39.6583 31.1657 0
      vertex 39.7087 31.0592 3.2
      vertex 39.7087 31.0592 0
    endloop
  endfacet
  facet normal 0.989153 0.146887 0
    outer loop
      vertex 39.7942 30.7176 3.2
      vertex 39.7769 30.8341 0
      vertex 39.7769 30.8341 3.2
    endloop
  endfacet
  facet normal 0.989153 0.146887 0
    outer loop
      vertex 39.7769 30.8341 0
      vertex 39.7942 30.7176 3.2
      vertex 39.7942 30.7176 0
    endloop
  endfacet
  facet normal -0.427553 -0.90399 0
    outer loop
      vertex 0.634323 0.141694 0
      vertex 0.74078 0.0913439 3.2
      vertex 0.634323 0.141694 3.2
    endloop
  endfacet
  facet normal -0.427553 -0.90399 -0
    outer loop
      vertex 0.74078 0.0913439 3.2
      vertex 0.634323 0.141694 0
      vertex 0.74078 0.0913439 0
    endloop
  endfacet
  facet normal 0.941761 0.336283 0
    outer loop
      vertex 39.7483 30.9483 3.2
      vertex 39.7087 31.0592 0
      vertex 39.7087 31.0592 3.2
    endloop
  endfacet
  facet normal 0.941761 0.336283 0
    outer loop
      vertex 39.7087 31.0592 0
      vertex 39.7483 30.9483 3.2
      vertex 39.7483 30.9483 0
    endloop
  endfacet
  facet normal -0.514107 -0.857726 0
    outer loop
      vertex 0.533316 0.202236 0
      vertex 0.634323 0.141694 3.2
      vertex 0.533316 0.202236 3.2
    endloop
  endfacet
  facet normal -0.514107 -0.857726 -0
    outer loop
      vertex 0.634323 0.141694 3.2
      vertex 0.533316 0.202236 0
      vertex 0.634323 0.141694 0
    endloop
  endfacet
  facet normal -0.90399 -0.427553 0
    outer loop
      vertex 0.141694 0.634323 0
      vertex 0.0913439 0.74078 3.2
      vertex 0.0913439 0.74078 0
    endloop
  endfacet
  facet normal -0.90399 -0.427553 0
    outer loop
      vertex 0.0913439 0.74078 3.2
      vertex 0.141694 0.634323 0
      vertex 0.141694 0.634323 3.2
    endloop
  endfacet
  facet normal -0.989178 -0.146724 0
    outer loop
      vertex 0.023057 0.965891 0
      vertex 0.00577831 1.08238 3.2
      vertex 0.00577831 1.08238 0
    endloop
  endfacet
  facet normal -0.989178 -0.146724 0
    outer loop
      vertex 0.00577831 1.08238 3.2
      vertex 0.023057 0.965891 0
      vertex 0.023057 0.965891 3.2
    endloop
  endfacet
  facet normal 0.970042 0.242935 0
    outer loop
      vertex 39.7769 30.8341 3.2
      vertex 39.7483 30.9483 0
      vertex 39.7483 30.9483 3.2
    endloop
  endfacet
  facet normal 0.970042 0.242935 0
    outer loop
      vertex 39.7483 30.9483 0
      vertex 39.7769 30.8341 3.2
      vertex 39.7769 30.8341 0
    endloop
  endfacet
  facet normal -0.998795 -0.0490678 0
    outer loop
      vertex 0.00577831 1.08238 0
      vertex 0 1.2 3.2
      vertex 0 1.2 0
    endloop
  endfacet
  facet normal -0.998795 -0.0490678 0
    outer loop
      vertex 0 1.2 3.2
      vertex 0.00577831 1.08238 0
      vertex 0.00577831 1.08238 3.2
    endloop
  endfacet
  facet normal 0 0 1
    outer loop
      vertex 3.03232 4.2435 3.2
      vertex 2.8 5.74 3.2
      vertex 2.9 4.25 3.2
    endloop
  endfacet
  facet normal 0 0 1
    outer loop
      vertex 2.8 5.74 3.2
      vertex 2.76768 4.2435 3.2
      vertex 2.9 4.25 3.2
    endloop
  endfacet
  facet normal 0 0 1
    outer loop
      vertex 2.8 5.74 3.2
      vertex 2.63663 4.22406 3.2
      vertex 2.76768 4.2435 3.2
    endloop
  endfacet
  facet normal 0 0 1
    outer loop
      vertex 2.8 5.74 3.2
      vertex 2.50812 4.19187 3.2
      vertex 2.63663 4.22406 3.2
    endloop
  endfacet
  facet normal 0 0 1
    outer loop
      vertex 2.8 5.74 3.2
      vertex 2.38338 4.14724 3.2
      vertex 2.50812 4.19187 3.2
    endloop
  endfacet
  facet normal 0 0 1
    outer loop
      vertex 2.8 5.74 3.2
      vertex 2.26362 4.09059 3.2
      vertex 2.38338 4.14724 3.2
    endloop
  endfacet
  facet normal 0 0 1
    outer loop
      vertex 2.8 5.74 3.2
      vertex 2.14998 4.02248 3.2
      vertex 2.26362 4.09059 3.2
    endloop
  endfacet
  facet normal -0 0 1
    outer loop
      vertex 0 5.74 3.2
      vertex 2.14998 4.02248 3.2
      vertex 2.8 5.74 3.2
    endloop
  endfacet
  facet normal 0 0 1
    outer loop
      vertex 2.14998 4.02248 3.2
      vertex 0 5.74 3.2
      vertex 2.04357 3.94356 3.2
    endloop
  endfacet
  facet normal 0 0 1
    outer loop
      vertex 2.04357 3.94356 3.2
      vertex 0 5.74 3.2
      vertex 1.94541 3.85459 3.2
    endloop
  endfacet
  facet normal 0 0 1
    outer loop
      vertex 1.94541 3.85459 3.2
      vertex 0 5.74 3.2
      vertex 1.85644 3.75643 3.2
    endloop
  endfacet
  facet normal 0 0 1
    outer loop
      vertex 1.85644 3.75643 3.2
      vertex 0 5.74 3.2
      vertex 1.77752 3.65002 3.2
    endloop
  endfacet
  facet normal 0 0 1
    outer loop
      vertex 0 1.2 3.2
      vertex 1.55 2.9 3.2
      vertex 1.5565 3.03232 3.2
    endloop
  endfacet
  facet normal 0 0 1
    outer loop
      vertex 1.55 2.9 3.2
      vertex 0 1.2 3.2
      vertex 1.2 0 3.2
    endloop
  endfacet
  facet normal 0 0 1
    outer loop
      vertex 0 1.2 3.2
      vertex 1.5565 3.03232 3.2
      vertex 1.57594 3.16337 3.2
    endloop
  endfacet
  facet normal 0 0 1
    outer loop
      vertex 1.2 0 3.2
      vertex 0 1.2 3.2
      vertex 1.08238 0.00577831 3.2
    endloop
  endfacet
  facet normal 0 0 1
    outer loop
      vertex 1.08238 0.00577831 3.2
      vertex 0 1.2 3.2
      vertex 0.965891 0.023057 3.2
    endloop
  endfacet
  facet normal 0 0 1
    outer loop
      vertex 0.965891 0.023057 3.2
      vertex 0 1.2 3.2
      vertex 0.851658 0.051671 3.2
    endloop
  endfacet
  facet normal 0 0 1
    outer loop
      vertex 0 5.74 3.2
      vertex 1.57594 3.16337 3.2
      vertex 1.60813 3.29188 3.2
    endloop
  endfacet
  facet normal 0 0 1
    outer loop
      vertex 0.851658 0.051671 3.2
      vertex 0 1.2 3.2
      vertex 0.74078 0.0913439 3.2
    endloop
  endfacet
  facet normal 0 0 1
    outer loop
      vertex 0.74078 0.0913439 3.2
      vertex 0 1.2 3.2
      vertex 0.634323 0.141694 3.2
    endloop
  endfacet
  facet normal 0 0 1
    outer loop
      vertex 0.634323 0.141694 3.2
      vertex 0 1.2 3.2
      vertex 0.533316 0.202236 3.2
    endloop
  endfacet
  facet normal 0 0 1
    outer loop
      vertex 0 5.74 3.2
      vertex 1.60813 3.29188 3.2
      vertex 1.65276 3.41662 3.2
    endloop
  endfacet
  facet normal 0 0 1
    outer loop
      vertex 0.533316 0.202236 3.2
      vertex 0 1.2 3.2
      vertex 0.438727 0.272387 3.2
    endloop
  endfacet
  facet normal 0 0 1
    outer loop
      vertex 0.438727 0.272387 3.2
      vertex 0 1.2 3.2
      vertex 0.351471 0.351471 3.2
    endloop
  endfacet
  facet normal 0 0 1
    outer loop
      vertex 0.351471 0.351471 3.2
      vertex 0 1.2 3.2
      vertex 0.272387 0.438727 3.2
    endloop
  endfacet
  facet normal 0 0 1
    outer loop
      vertex 0 5.74 3.2
      vertex 1.65276 3.41662 3.2
      vertex 1.70941 3.53639 3.2
    endloop
  endfacet
  facet normal 0 0 1
    outer loop
      vertex 1.77752 3.65002 3.2
      vertex 0 5.74 3.2
      vertex 1.70941 3.53639 3.2
    endloop
  endfacet
  facet normal 0 0 1
    outer loop
      vertex 0.272387 0.438727 3.2
      vertex 0 1.2 3.2
      vertex 0.202236 0.533316 3.2
    endloop
  endfacet
  facet normal 0 0 1
    outer loop
      vertex 0.202236 0.533316 3.2
      vertex 0 1.2 3.2
      vertex 0.141694 0.634323 3.2
    endloop
  endfacet
  facet normal 0 0 1
    outer loop
      vertex 0.141694 0.634323 3.2
      vertex 0 1.2 3.2
      vertex 0.0913439 0.74078 3.2
    endloop
  endfacet
  facet normal 0 0 1
    outer loop
      vertex 0.0913439 0.74078 3.2
      vertex 0 1.2 3.2
      vertex 0.051671 0.851658 3.2
    endloop
  endfacet
  facet normal 0 0 1
    outer loop
      vertex 0.051671 0.851658 3.2
      vertex 0 1.2 3.2
      vertex 0.023057 0.965891 3.2
    endloop
  endfacet
  facet normal 0 0 1
    outer loop
      vertex 1.57594 3.16337 3.2
      vertex 0 5.74 3.2
      vertex 0 1.2 3.2
    endloop
  endfacet
  facet normal 0 0 1
    outer loop
      vertex 0.023057 0.965891 3.2
      vertex 0 1.2 3.2
      vertex 0.00577831 1.08238 3.2
    endloop
  endfacet
  facet normal 0 0 1
    outer loop
      vertex 13.0922 11.9053 3.2
      vertex 4.2435 3.03232 3.2
      vertex 4.25 2.9 3.2
    endloop
  endfacet
  facet normal 0 0 1
    outer loop
      vertex 10 12.55 3.2
      vertex 4.22406 3.16337 3.2
      vertex 4.2435 3.03232 3.2
    endloop
  endfacet
  facet normal -0 0 1
    outer loop
      vertex 4.17221 16.7643 3.2
      vertex 10 12.55 3.2
      vertex 4.21213 16.7831 3.2
    endloop
  endfacet
  facet normal 0 0 1
    outer loop
      vertex 10 12.55 3.2
      vertex 4.19187 3.29188 3.2
      vertex 4.22406 3.16337 3.2
    endloop
  endfacet
  facet normal -0 0 1
    outer loop
      vertex 4.13063 16.7494 3.2
      vertex 10 12.55 3.2
      vertex 4.17221 16.7643 3.2
    endloop
  endfacet
  facet normal 0 0 1
    outer loop
      vertex 10 12.55 3.2
      vertex 4.14724 3.41662 3.2
      vertex 4.19187 3.29188 3.2
    endloop
  endfacet
  facet normal -0 0 1
    outer loop
      vertex 4.08779 16.7386 3.2
      vertex 10 12.55 3.2
      vertex 4.13063 16.7494 3.2
    endloop
  endfacet
  facet normal 0 0 1
    outer loop
      vertex 10 12.55 3.2
      vertex 4.09059 3.53639 3.2
      vertex 4.14724 3.41662 3.2
    endloop
  endfacet
  facet normal -0 0 1
    outer loop
      vertex 4.04411 16.7322 3.2
      vertex 10 12.55 3.2
      vertex 4.08779 16.7386 3.2
    endloop
  endfacet
  facet normal 0 0 1
    outer loop
      vertex 2.8 5.74 3.2
      vertex 4.04411 16.7322 3.2
      vertex 4 16.73 3.2
    endloop
  endfacet
  facet normal 0 0 1
    outer loop
      vertex 10 12.55 3.2
      vertex 4.02248 3.65002 3.2
      vertex 4.09059 3.53639 3.2
    endloop
  endfacet
  facet normal 0 0 1
    outer loop
      vertex 4.04411 16.7322 3.2
      vertex 2.8 5.74 3.2
      vertex 10 12.55 3.2
    endloop
  endfacet
  facet normal 0 0 1
    outer loop
      vertex 2.8 5.74 3.2
      vertex 4 16.73 3.2
      vertex 3.95589 16.7322 3.2
    endloop
  endfacet
  facet normal 0 0 1
    outer loop
      vertex 10 12.55 3.2
      vertex 3.94356 3.75643 3.2
      vertex 4.02248 3.65002 3.2
    endloop
  endfacet
  facet normal 0 0 1
    outer loop
      vertex 2.8 5.74 3.2
      vertex 3.95589 16.7322 3.2
      vertex 3.91221 16.7386 3.2
    endloop
  endfacet
  facet normal 0 0 1
    outer loop
      vertex 2.8 5.74 3.2
      vertex 3.91221 16.7386 3.2
      vertex 3.86937 16.7494 3.2
    endloop
  endfacet
  facet normal -0 0 1
    outer loop
      vertex 2.8 5.74 3.2
      vertex 3.94356 3.75643 3.2
      vertex 10 12.55 3.2
    endloop
  endfacet
  facet normal 0 0 1
    outer loop
      vertex 2.8 5.74 3.2
      vertex 3.86937 16.7494 3.2
      vertex 3.82779 16.7643 3.2
    endloop
  endfacet
  facet normal 0 0 1
    outer loop
      vertex 2.8 5.74 3.2
      vertex 3.82779 16.7643 3.2
      vertex 3.78787 16.7831 3.2
    endloop
  endfacet
  facet normal 0 0 1
    outer loop
      vertex 3.94356 3.75643 3.2
      vertex 2.8 5.74 3.2
      vertex 3.85459 3.85459 3.2
    endloop
  endfacet
  facet normal 0 0 1
    outer loop
      vertex 2.8 5.74 3.2
      vertex 3.78787 16.7831 3.2
      vertex 3.74999 16.8058 3.2
    endloop
  endfacet
  facet normal 0 0 1
    outer loop
      vertex 2.8 5.74 3.2
      vertex 3.74999 16.8058 3.2
      vertex 3.71452 16.8321 3.2
    endloop
  endfacet
  facet normal 0 0 1
    outer loop
      vertex 2.8 5.74 3.2
      vertex 3.71452 16.8321 3.2
      vertex 3.6818 16.8618 3.2
    endloop
  endfacet
  facet normal 0 0 1
    outer loop
      vertex 2.8 5.74 3.2
      vertex 3.6818 16.8618 3.2
      vertex 3.65215 16.8945 3.2
    endloop
  endfacet
  facet normal 0 0 1
    outer loop
      vertex 3.85459 3.85459 3.2
      vertex 2.8 5.74 3.2
      vertex 3.75643 3.94356 3.2
    endloop
  endfacet
  facet normal 0 0 1
    outer loop
      vertex 2.8 5.74 3.2
      vertex 3.65215 16.8945 3.2
      vertex 3.62584 16.93 3.2
    endloop
  endfacet
  facet normal 0 0 1
    outer loop
      vertex 2.8 5.74 3.2
      vertex 3.62584 16.93 3.2
      vertex 3.60314 16.9679 3.2
    endloop
  endfacet
  facet normal 0 0 1
    outer loop
      vertex 2.8 5.74 3.2
      vertex 3.60314 16.9679 3.2
      vertex 3.58425 17.0078 3.2
    endloop
  endfacet
  facet normal 0 0 1
    outer loop
      vertex 2.8 5.74 3.2
      vertex 3.58425 17.0078 3.2
      vertex 3.56938 17.0494 3.2
    endloop
  endfacet
  facet normal 0 0 1
    outer loop
      vertex 2.8 5.74 3.2
      vertex 3.56938 17.0494 3.2
      vertex 3.55865 17.0922 3.2
    endloop
  endfacet
  facet normal 0 0 1
    outer loop
      vertex 2.8 5.74 3.2
      vertex 3.55865 17.0922 3.2
      vertex 3.55217 17.1359 3.2
    endloop
  endfacet
  facet normal 0 0 1
    outer loop
      vertex 2.8 5.74 3.2
      vertex 3.55217 17.1359 3.2
      vertex 3.55 17.18 3.2
    endloop
  endfacet
  facet normal 0 0 1
    outer loop
      vertex 3.75643 3.94356 3.2
      vertex 2.8 5.74 3.2
      vertex 3.65002 4.02248 3.2
    endloop
  endfacet
  facet normal 0 0 1
    outer loop
      vertex 3.55217 17.2241 3.2
      vertex 2.8 26.06 3.2
      vertex 3.55 17.18 3.2
    endloop
  endfacet
  facet normal 0 0 1
    outer loop
      vertex 2.8 26.06 3.2
      vertex 3.53639 27.7094 3.2
      vertex 3.41662 27.6528 3.2
    endloop
  endfacet
  facet normal 0 0 1
    outer loop
      vertex 2.8 5.74 3.2
      vertex 3.55 17.18 3.2
      vertex 2.8 26.06 3.2
    endloop
  endfacet
  facet normal 0 0 1
    outer loop
      vertex 2.8 26.06 3.2
      vertex 3.41662 27.6528 3.2
      vertex 3.29188 27.6081 3.2
    endloop
  endfacet
  facet normal 0 0 1
    outer loop
      vertex 3.65002 4.02248 3.2
      vertex 2.8 5.74 3.2
      vertex 3.53639 4.09059 3.2
    endloop
  endfacet
  facet normal 0 0 1
    outer loop
      vertex 2.8 26.06 3.2
      vertex 3.29188 27.6081 3.2
      vertex 3.16337 27.5759 3.2
    endloop
  endfacet
  facet normal 0 0 1
    outer loop
      vertex 3.53639 4.09059 3.2
      vertex 2.8 5.74 3.2
      vertex 3.41662 4.14724 3.2
    endloop
  endfacet
  facet normal 0 0 1
    outer loop
      vertex 2.8 26.06 3.2
      vertex 3.16337 27.5759 3.2
      vertex 3.03232 27.5565 3.2
    endloop
  endfacet
  facet normal 0 0 1
    outer loop
      vertex 3.41662 4.14724 3.2
      vertex 2.8 5.74 3.2
      vertex 3.29188 4.19187 3.2
    endloop
  endfacet
  facet normal 0 0 1
    outer loop
      vertex 2.8 26.06 3.2
      vertex 3.03232 27.5565 3.2
      vertex 2.9 27.55 3.2
    endloop
  endfacet
  facet normal 0 0 1
    outer loop
      vertex 3.29188 4.19187 3.2
      vertex 2.8 5.74 3.2
      vertex 3.16337 4.22406 3.2
    endloop
  endfacet
  facet normal 0 0 1
    outer loop
      vertex 3.16337 4.22406 3.2
      vertex 2.8 5.74 3.2
      vertex 3.03232 4.2435 3.2
    endloop
  endfacet
  facet normal 0 0 1
    outer loop
      vertex 2.76768 27.5565 3.2
      vertex 2.8 26.06 3.2
      vertex 2.9 27.55 3.2
    endloop
  endfacet
  facet normal 0 0 1
    outer loop
      vertex 2.63663 27.5759 3.2
      vertex 2.8 26.06 3.2
      vertex 2.76768 27.5565 3.2
    endloop
  endfacet
  facet normal 0 0 1
    outer loop
      vertex 2.50812 27.6081 3.2
      vertex 2.8 26.06 3.2
      vertex 2.63663 27.5759 3.2
    endloop
  endfacet
  facet normal 0 0 1
    outer loop
      vertex 2.38338 27.6528 3.2
      vertex 2.8 26.06 3.2
      vertex 2.50812 27.6081 3.2
    endloop
  endfacet
  facet normal 0 0 1
    outer loop
      vertex 2.26362 27.7094 3.2
      vertex 2.8 26.06 3.2
      vertex 2.38338 27.6528 3.2
    endloop
  endfacet
  facet normal 0 0 1
    outer loop
      vertex 2.14998 27.7775 3.2
      vertex 2.8 26.06 3.2
      vertex 2.26362 27.7094 3.2
    endloop
  endfacet
  facet normal 0 0 1
    outer loop
      vertex 0 26.06 3.2
      vertex 2.14998 27.7775 3.2
      vertex 2.04357 27.8564 3.2
    endloop
  endfacet
  facet normal 0 0 1
    outer loop
      vertex 0 26.06 3.2
      vertex 2.04357 27.8564 3.2
      vertex 1.94541 27.9454 3.2
    endloop
  endfacet
  facet normal 0 0 1
    outer loop
      vertex 0 26.06 3.2
      vertex 1.94541 27.9454 3.2
      vertex 1.85644 28.0436 3.2
    endloop
  endfacet
  facet normal 0 0 1
    outer loop
      vertex 0 26.06 3.2
      vertex 1.85644 28.0436 3.2
      vertex 1.77752 28.15 3.2
    endloop
  endfacet
  facet normal 0 0 1
    outer loop
      vertex 0 26.06 3.2
      vertex 1.77752 28.15 3.2
      vertex 1.70941 28.2636 3.2
    endloop
  endfacet
  facet normal 0 0 1
    outer loop
      vertex 1.5565 29.0323 3.2
      vertex 0 30.6 3.2
      vertex 1.55 28.9 3.2
    endloop
  endfacet
  facet normal 0 0 1
    outer loop
      vertex 0 30.6 3.2
      vertex 1.2 31.8 3.2
      vertex 1.08238 31.7942 3.2
    endloop
  endfacet
  facet normal 0 0 1
    outer loop
      vertex 1.55 28.9 3.2
      vertex 0 30.6 3.2
      vertex 1.5565 28.7677 3.2
    endloop
  endfacet
  facet normal 0 0 1
    outer loop
      vertex 0 30.6 3.2
      vertex 1.08238 31.7942 3.2
      vertex 0.965891 31.7769 3.2
    endloop
  endfacet
  facet normal 0 0 1
    outer loop
      vertex 0 30.6 3.2
      vertex 0.965891 31.7769 3.2
      vertex 0.851658 31.7483 3.2
    endloop
  endfacet
  facet normal 0 0 1
    outer loop
      vertex 0 30.6 3.2
      vertex 0.851658 31.7483 3.2
      vertex 0.74078 31.7087 3.2
    endloop
  endfacet
  facet normal 0 0 1
    outer loop
      vertex 1.5565 28.7677 3.2
      vertex 0 30.6 3.2
      vertex 1.57594 28.6366 3.2
    endloop
  endfacet
  facet normal 0 0 1
    outer loop
      vertex 0 30.6 3.2
      vertex 0.74078 31.7087 3.2
      vertex 0.634323 31.6583 3.2
    endloop
  endfacet
  facet normal 0 0 1
    outer loop
      vertex 0 30.6 3.2
      vertex 0.634323 31.6583 3.2
      vertex 0.533316 31.5978 3.2
    endloop
  endfacet
  facet normal 0 0 1
    outer loop
      vertex 0 30.6 3.2
      vertex 0.533316 31.5978 3.2
      vertex 0.438727 31.5276 3.2
    endloop
  endfacet
  facet normal 0 0 1
    outer loop
      vertex 0 26.06 3.2
      vertex 1.57594 28.6366 3.2
      vertex 0 30.6 3.2
    endloop
  endfacet
  facet normal 0 0 1
    outer loop
      vertex 0 30.6 3.2
      vertex 0.438727 31.5276 3.2
      vertex 0.351471 31.4485 3.2
    endloop
  endfacet
  facet normal 0 0 1
    outer loop
      vertex 0 30.6 3.2
      vertex 0.351471 31.4485 3.2
      vertex 0.272387 31.3613 3.2
    endloop
  endfacet
  facet normal 0 0 1
    outer loop
      vertex 0 30.6 3.2
      vertex 0.272387 31.3613 3.2
      vertex 0.202236 31.2667 3.2
    endloop
  endfacet
  facet normal 0 0 1
    outer loop
      vertex 1.57594 28.6366 3.2
      vertex 0 26.06 3.2
      vertex 1.60813 28.5081 3.2
    endloop
  endfacet
  facet normal 0 0 1
    outer loop
      vertex 1.60813 28.5081 3.2
      vertex 0 26.06 3.2
      vertex 1.65276 28.3834 3.2
    endloop
  endfacet
  facet normal 0 0 1
    outer loop
      vertex 0 30.6 3.2
      vertex 0.202236 31.2667 3.2
      vertex 0.141694 31.1657 3.2
    endloop
  endfacet
  facet normal 0 0 1
    outer loop
      vertex 0 30.6 3.2
      vertex 0.141694 31.1657 3.2
      vertex 0.0913439 31.0592 3.2
    endloop
  endfacet
  facet normal 0 0 1
    outer loop
      vertex 0 30.6 3.2
      vertex 0.0913439 31.0592 3.2
      vertex 0.051671 30.9483 3.2
    endloop
  endfacet
  facet normal 0 0 1
    outer loop
      vertex 0 30.6 3.2
      vertex 0.051671 30.9483 3.2
      vertex 0.023057 30.8341 3.2
    endloop
  endfacet
  facet normal 0 0 1
    outer loop
      vertex 0 30.6 3.2
      vertex 0.023057 30.8341 3.2
      vertex 0.00577831 30.7176 3.2
    endloop
  endfacet
  facet normal 0 0 1
    outer loop
      vertex 1.65276 28.3834 3.2
      vertex 0 26.06 3.2
      vertex 1.70941 28.2636 3.2
    endloop
  endfacet
  facet normal 0 0 1
    outer loop
      vertex 2.14998 27.7775 3.2
      vertex 0 26.06 3.2
      vertex 2.8 26.06 3.2
    endloop
  endfacet
  facet normal -0 0 1
    outer loop
      vertex 4.44135 24.7122 3.2
      vertex 10 19.25 3.2
      vertex 4.44783 24.7559 3.2
    endloop
  endfacet
  facet normal 0 0 1
    outer loop
      vertex 10 19.25 3.2
      vertex 4.44783 17.2241 3.2
      vertex 4.45 17.18 3.2
    endloop
  endfacet
  facet normal -0 0 1
    outer loop
      vertex 4.43062 24.6694 3.2
      vertex 10 19.25 3.2
      vertex 4.44135 24.7122 3.2
    endloop
  endfacet
  facet normal 0 0 1
    outer loop
      vertex 10 19.25 3.2
      vertex 4.44135 17.2678 3.2
      vertex 4.44783 17.2241 3.2
    endloop
  endfacet
  facet normal -0 0 1
    outer loop
      vertex 4.41575 24.6278 3.2
      vertex 10 19.25 3.2
      vertex 4.43062 24.6694 3.2
    endloop
  endfacet
  facet normal 0 0 1
    outer loop
      vertex 10 19.25 3.2
      vertex 4.43062 17.3106 3.2
      vertex 4.44135 17.2678 3.2
    endloop
  endfacet
  facet normal -0 0 1
    outer loop
      vertex 4.39686 24.5879 3.2
      vertex 10 19.25 3.2
      vertex 4.41575 24.6278 3.2
    endloop
  endfacet
  facet normal 0 0 1
    outer loop
      vertex 10 19.25 3.2
      vertex 4.41575 17.3522 3.2
      vertex 4.43062 17.3106 3.2
    endloop
  endfacet
  facet normal -0 0 1
    outer loop
      vertex 4.37416 24.55 3.2
      vertex 10 19.25 3.2
      vertex 4.39686 24.5879 3.2
    endloop
  endfacet
  facet normal 0 0 1
    outer loop
      vertex 10 19.25 3.2
      vertex 4.39686 17.3921 3.2
      vertex 4.41575 17.3522 3.2
    endloop
  endfacet
  facet normal -0 0 1
    outer loop
      vertex 4.34785 24.5145 3.2
      vertex 10 19.25 3.2
      vertex 4.37416 24.55 3.2
    endloop
  endfacet
  facet normal 0 0 1
    outer loop
      vertex 10 19.25 3.2
      vertex 4.37416 17.43 3.2
      vertex 4.39686 17.3921 3.2
    endloop
  endfacet
  facet normal -0 0 1
    outer loop
      vertex 4.3182 24.4818 3.2
      vertex 10 19.25 3.2
      vertex 4.34785 24.5145 3.2
    endloop
  endfacet
  facet normal 0 0 1
    outer loop
      vertex 10 19.25 3.2
      vertex 4.34785 17.4655 3.2
      vertex 4.37416 17.43 3.2
    endloop
  endfacet
  facet normal -0 0 1
    outer loop
      vertex 4.28548 24.4521 3.2
      vertex 10 19.25 3.2
      vertex 4.3182 24.4818 3.2
    endloop
  endfacet
  facet normal 0 0 1
    outer loop
      vertex 10 19.25 3.2
      vertex 4.3182 17.4982 3.2
      vertex 4.34785 17.4655 3.2
    endloop
  endfacet
  facet normal -0 0 1
    outer loop
      vertex 4.25001 24.4258 3.2
      vertex 10 19.25 3.2
      vertex 4.28548 24.4521 3.2
    endloop
  endfacet
  facet normal 0 0 1
    outer loop
      vertex 10 19.25 3.2
      vertex 4.28548 17.5279 3.2
      vertex 4.3182 17.4982 3.2
    endloop
  endfacet
  facet normal 0 0 1
    outer loop
      vertex 4.25001 17.5542 3.2
      vertex 10 19.25 3.2
      vertex 4.25001 24.4258 3.2
    endloop
  endfacet
  facet normal 0 0 1
    outer loop
      vertex 10 19.25 3.2
      vertex 4.25001 17.5542 3.2
      vertex 4.28548 17.5279 3.2
    endloop
  endfacet
  facet normal -0 0 1
    outer loop
      vertex 4.21213 24.4031 3.2
      vertex 4.25001 17.5542 3.2
      vertex 4.25001 24.4258 3.2
    endloop
  endfacet
  facet normal 0 0 1
    outer loop
      vertex 4.21213 24.4031 3.2
      vertex 4.21213 17.5769 3.2
      vertex 4.25001 17.5542 3.2
    endloop
  endfacet
  facet normal -0 0 1
    outer loop
      vertex 4.17221 24.3843 3.2
      vertex 4.21213 17.5769 3.2
      vertex 4.21213 24.4031 3.2
    endloop
  endfacet
  facet normal 0 0 1
    outer loop
      vertex 4.17221 24.3843 3.2
      vertex 4.17221 17.5957 3.2
      vertex 4.21213 17.5769 3.2
    endloop
  endfacet
  facet normal -0 0 1
    outer loop
      vertex 4.13063 24.3694 3.2
      vertex 4.17221 17.5957 3.2
      vertex 4.17221 24.3843 3.2
    endloop
  endfacet
  facet normal 0 0 1
    outer loop
      vertex 4.13063 24.3694 3.2
      vertex 4.13063 17.6106 3.2
      vertex 4.17221 17.5957 3.2
    endloop
  endfacet
  facet normal -0 0 1
    outer loop
      vertex 4.08779 24.3586 3.2
      vertex 4.13063 17.6106 3.2
      vertex 4.13063 24.3694 3.2
    endloop
  endfacet
  facet normal 0 0 1
    outer loop
      vertex 4.08779 24.3586 3.2
      vertex 4.08779 17.6214 3.2
      vertex 4.13063 17.6106 3.2
    endloop
  endfacet
  facet normal -0 0 1
    outer loop
      vertex 4.04411 24.3522 3.2
      vertex 4.08779 17.6214 3.2
      vertex 4.08779 24.3586 3.2
    endloop
  endfacet
  facet normal 0 0 1
    outer loop
      vertex 4.04411 24.3522 3.2
      vertex 4.04411 17.6278 3.2
      vertex 4.08779 17.6214 3.2
    endloop
  endfacet
  facet normal -0 0 1
    outer loop
      vertex 4 24.35 3.2
      vertex 4.04411 17.6278 3.2
      vertex 4.04411 24.3522 3.2
    endloop
  endfacet
  facet normal 0 0 1
    outer loop
      vertex 4 24.35 3.2
      vertex 4 17.63 3.2
      vertex 4.04411 17.6278 3.2
    endloop
  endfacet
  facet normal 0 0 1
    outer loop
      vertex 3.95589 24.3522 3.2
      vertex 4 17.63 3.2
      vertex 4 24.35 3.2
    endloop
  endfacet
  facet normal 0 0 1
    outer loop
      vertex 3.95589 24.3522 3.2
      vertex 3.95589 17.6278 3.2
      vertex 4 17.63 3.2
    endloop
  endfacet
  facet normal 0 0 1
    outer loop
      vertex 3.91221 24.3586 3.2
      vertex 3.95589 17.6278 3.2
      vertex 3.95589 24.3522 3.2
    endloop
  endfacet
  facet normal 0 0 1
    outer loop
      vertex 3.91221 24.3586 3.2
      vertex 3.91221 17.6214 3.2
      vertex 3.95589 17.6278 3.2
    endloop
  endfacet
  facet normal 0 0 1
    outer loop
      vertex 3.86937 24.3694 3.2
      vertex 3.91221 17.6214 3.2
      vertex 3.91221 24.3586 3.2
    endloop
  endfacet
  facet normal 0 0 1
    outer loop
      vertex 3.86937 24.3694 3.2
      vertex 3.86937 17.6106 3.2
      vertex 3.91221 17.6214 3.2
    endloop
  endfacet
  facet normal 0 0 1
    outer loop
      vertex 3.82779 24.3843 3.2
      vertex 3.86937 17.6106 3.2
      vertex 3.86937 24.3694 3.2
    endloop
  endfacet
  facet normal 0 0 1
    outer loop
      vertex 3.82779 24.3843 3.2
      vertex 3.82779 17.5957 3.2
      vertex 3.86937 17.6106 3.2
    endloop
  endfacet
  facet normal 0 0 1
    outer loop
      vertex 3.78787 24.4031 3.2
      vertex 3.82779 17.5957 3.2
      vertex 3.82779 24.3843 3.2
    endloop
  endfacet
  facet normal 0 0 1
    outer loop
      vertex 3.78787 24.4031 3.2
      vertex 3.78787 17.5769 3.2
      vertex 3.82779 17.5957 3.2
    endloop
  endfacet
  facet normal 0 0 1
    outer loop
      vertex 3.74999 24.4258 3.2
      vertex 3.78787 17.5769 3.2
      vertex 3.78787 24.4031 3.2
    endloop
  endfacet
  facet normal 0 0 1
    outer loop
      vertex 3.74999 24.4258 3.2
      vertex 3.74999 17.5542 3.2
      vertex 3.78787 17.5769 3.2
    endloop
  endfacet
  facet normal 0 0 1
    outer loop
      vertex 3.71452 24.4521 3.2
      vertex 3.74999 17.5542 3.2
      vertex 3.74999 24.4258 3.2
    endloop
  endfacet
  facet normal 0 0 1
    outer loop
      vertex 3.71452 24.4521 3.2
      vertex 3.71452 17.5279 3.2
      vertex 3.74999 17.5542 3.2
    endloop
  endfacet
  facet normal 0 0 1
    outer loop
      vertex 3.6818 24.4818 3.2
      vertex 3.71452 17.5279 3.2
      vertex 3.71452 24.4521 3.2
    endloop
  endfacet
  facet normal 0 0 1
    outer loop
      vertex 3.6818 24.4818 3.2
      vertex 3.6818 17.4982 3.2
      vertex 3.71452 17.5279 3.2
    endloop
  endfacet
  facet normal 0 0 1
    outer loop
      vertex 3.65215 24.5145 3.2
      vertex 3.6818 17.4982 3.2
      vertex 3.6818 24.4818 3.2
    endloop
  endfacet
  facet normal 0 0 1
    outer loop
      vertex 3.65215 24.5145 3.2
      vertex 3.65215 17.4655 3.2
      vertex 3.6818 17.4982 3.2
    endloop
  endfacet
  facet normal 0 0 1
    outer loop
      vertex 3.62584 24.55 3.2
      vertex 3.65215 17.4655 3.2
      vertex 3.65215 24.5145 3.2
    endloop
  endfacet
  facet normal 0 0 1
    outer loop
      vertex 3.62584 24.55 3.2
      vertex 3.62584 17.43 3.2
      vertex 3.65215 17.4655 3.2
    endloop
  endfacet
  facet normal 0 0 1
    outer loop
      vertex 3.60314 24.5879 3.2
      vertex 3.62584 17.43 3.2
      vertex 3.62584 24.55 3.2
    endloop
  endfacet
  facet normal 0 0 1
    outer loop
      vertex 3.60314 24.5879 3.2
      vertex 3.60314 17.3921 3.2
      vertex 3.62584 17.43 3.2
    endloop
  endfacet
  facet normal 0 0 1
    outer loop
      vertex 3.58425 24.6278 3.2
      vertex 3.60314 17.3921 3.2
      vertex 3.60314 24.5879 3.2
    endloop
  endfacet
  facet normal 0 0 1
    outer loop
      vertex 3.58425 24.6278 3.2
      vertex 3.58425 17.3522 3.2
      vertex 3.60314 17.3921 3.2
    endloop
  endfacet
  facet normal 0 0 1
    outer loop
      vertex 2.8 26.06 3.2
      vertex 3.58425 24.6278 3.2
      vertex 3.56938 24.6694 3.2
    endloop
  endfacet
  facet normal 0 0 1
    outer loop
      vertex 3.58425 24.6278 3.2
      vertex 2.8 26.06 3.2
      vertex 3.58425 17.3522 3.2
    endloop
  endfacet
  facet normal 0 0 1
    outer loop
      vertex 2.8 26.06 3.2
      vertex 3.56938 24.6694 3.2
      vertex 3.55865 24.7122 3.2
    endloop
  endfacet
  facet normal 0 0 1
    outer loop
      vertex 3.58425 17.3522 3.2
      vertex 2.8 26.06 3.2
      vertex 3.56938 17.3106 3.2
    endloop
  endfacet
  facet normal 0 0 1
    outer loop
      vertex 2.8 26.06 3.2
      vertex 3.55865 24.7122 3.2
      vertex 3.55217 24.7559 3.2
    endloop
  endfacet
  facet normal 0 0 1
    outer loop
      vertex 3.56938 17.3106 3.2
      vertex 2.8 26.06 3.2
      vertex 3.55865 17.2678 3.2
    endloop
  endfacet
  facet normal 0 0 1
    outer loop
      vertex 2.8 26.06 3.2
      vertex 3.55217 24.7559 3.2
      vertex 3.55 24.8 3.2
    endloop
  endfacet
  facet normal 0 0 1
    outer loop
      vertex 3.55865 17.2678 3.2
      vertex 2.8 26.06 3.2
      vertex 3.55217 17.2241 3.2
    endloop
  endfacet
  facet normal -0 0 1
    outer loop
      vertex 4.09059 28.2636 3.2
      vertex 4.37416 25.05 3.2
      vertex 4.14724 28.3834 3.2
    endloop
  endfacet
  facet normal 0 0 1
    outer loop
      vertex 4.37416 25.05 3.2
      vertex 4.09059 28.2636 3.2
      vertex 4.34785 25.0855 3.2
    endloop
  endfacet
  facet normal -0 0 1
    outer loop
      vertex 4.02248 28.15 3.2
      vertex 4.34785 25.0855 3.2
      vertex 4.09059 28.2636 3.2
    endloop
  endfacet
  facet normal 0 0 1
    outer loop
      vertex 4.34785 25.0855 3.2
      vertex 4.02248 28.15 3.2
      vertex 4.3182 25.1182 3.2
    endloop
  endfacet
  facet normal 0 0 1
    outer loop
      vertex 4.3182 25.1182 3.2
      vertex 4.02248 28.15 3.2
      vertex 4.28548 25.1479 3.2
    endloop
  endfacet
  facet normal -0 0 1
    outer loop
      vertex 3.94356 28.0436 3.2
      vertex 4.28548 25.1479 3.2
      vertex 4.02248 28.15 3.2
    endloop
  endfacet
  facet normal 0 0 1
    outer loop
      vertex 4.28548 25.1479 3.2
      vertex 3.94356 28.0436 3.2
      vertex 4.25001 25.1742 3.2
    endloop
  endfacet
  facet normal -0 0 1
    outer loop
      vertex 3.85459 27.9454 3.2
      vertex 4.25001 25.1742 3.2
      vertex 3.94356 28.0436 3.2
    endloop
  endfacet
  facet normal 0 0 1
    outer loop
      vertex 4.25001 25.1742 3.2
      vertex 3.85459 27.9454 3.2
      vertex 4.21213 25.1969 3.2
    endloop
  endfacet
  facet normal 0 0 1
    outer loop
      vertex 4.21213 25.1969 3.2
      vertex 3.85459 27.9454 3.2
      vertex 4.17221 25.2157 3.2
    endloop
  endfacet
  facet normal -0 0 1
    outer loop
      vertex 3.75643 27.8564 3.2
      vertex 4.17221 25.2157 3.2
      vertex 3.85459 27.9454 3.2
    endloop
  endfacet
  facet normal 0 0 1
    outer loop
      vertex 4.17221 25.2157 3.2
      vertex 3.75643 27.8564 3.2
      vertex 4.13063 25.2306 3.2
    endloop
  endfacet
  facet normal -0 0 1
    outer loop
      vertex 3.65002 27.7775 3.2
      vertex 4.13063 25.2306 3.2
      vertex 3.75643 27.8564 3.2
    endloop
  endfacet
  facet normal 0 0 1
    outer loop
      vertex 4.13063 25.2306 3.2
      vertex 3.65002 27.7775 3.2
      vertex 4.08779 25.2414 3.2
    endloop
  endfacet
  facet normal -0 0 1
    outer loop
      vertex 3.53639 27.7094 3.2
      vertex 4.08779 25.2414 3.2
      vertex 3.65002 27.7775 3.2
    endloop
  endfacet
  facet normal 0 0 1
    outer loop
      vertex 4.08779 25.2414 3.2
      vertex 3.53639 27.7094 3.2
      vertex 4.04411 25.2478 3.2
    endloop
  endfacet
  facet normal 0 0 1
    outer loop
      vertex 4.04411 25.2478 3.2
      vertex 3.53639 27.7094 3.2
      vertex 4 25.25 3.2
    endloop
  endfacet
  facet normal -0 0 1
    outer loop
      vertex 2.8 26.06 3.2
      vertex 4 25.25 3.2
      vertex 3.53639 27.7094 3.2
    endloop
  endfacet
  facet normal 0 0 1
    outer loop
      vertex 4 25.25 3.2
      vertex 2.8 26.06 3.2
      vertex 3.95589 25.2478 3.2
    endloop
  endfacet
  facet normal 0 0 1
    outer loop
      vertex 3.95589 25.2478 3.2
      vertex 2.8 26.06 3.2
      vertex 3.91221 25.2414 3.2
    endloop
  endfacet
  facet normal 0 0 1
    outer loop
      vertex 3.91221 25.2414 3.2
      vertex 2.8 26.06 3.2
      vertex 3.86937 25.2306 3.2
    endloop
  endfacet
  facet normal 0 0 1
    outer loop
      vertex 3.86937 25.2306 3.2
      vertex 2.8 26.06 3.2
      vertex 3.82779 25.2157 3.2
    endloop
  endfacet
  facet normal 0 0 1
    outer loop
      vertex 3.82779 25.2157 3.2
      vertex 2.8 26.06 3.2
      vertex 3.78787 25.1969 3.2
    endloop
  endfacet
  facet normal 0 0 1
    outer loop
      vertex 3.78787 25.1969 3.2
      vertex 2.8 26.06 3.2
      vertex 3.74999 25.1742 3.2
    endloop
  endfacet
  facet normal 0 0 1
    outer loop
      vertex 3.74999 25.1742 3.2
      vertex 2.8 26.06 3.2
      vertex 3.71452 25.1479 3.2
    endloop
  endfacet
  facet normal 0 0 1
    outer loop
      vertex 3.71452 25.1479 3.2
      vertex 2.8 26.06 3.2
      vertex 3.6818 25.1182 3.2
    endloop
  endfacet
  facet normal 0 0 1
    outer loop
      vertex 3.6818 25.1182 3.2
      vertex 2.8 26.06 3.2
      vertex 3.65215 25.0855 3.2
    endloop
  endfacet
  facet normal 0 0 1
    outer loop
      vertex 3.65215 25.0855 3.2
      vertex 2.8 26.06 3.2
      vertex 3.62584 25.05 3.2
    endloop
  endfacet
  facet normal 0 0 1
    outer loop
      vertex 3.62584 25.05 3.2
      vertex 2.8 26.06 3.2
      vertex 3.60314 25.0121 3.2
    endloop
  endfacet
  facet normal 0 0 1
    outer loop
      vertex 3.60314 25.0121 3.2
      vertex 2.8 26.06 3.2
      vertex 3.58425 24.9722 3.2
    endloop
  endfacet
  facet normal 0 0 1
    outer loop
      vertex 3.58425 24.9722 3.2
      vertex 2.8 26.06 3.2
      vertex 3.56938 24.9306 3.2
    endloop
  endfacet
  facet normal 0 0 1
    outer loop
      vertex 3.56938 24.9306 3.2
      vertex 2.8 26.06 3.2
      vertex 3.55865 24.8878 3.2
    endloop
  endfacet
  facet normal 0 0 1
    outer loop
      vertex 3.55217 24.8441 3.2
      vertex 2.8 26.06 3.2
      vertex 3.55 24.8 3.2
    endloop
  endfacet
  facet normal 0 0 1
    outer loop
      vertex 3.55865 24.8878 3.2
      vertex 2.8 26.06 3.2
      vertex 3.55217 24.8441 3.2
    endloop
  endfacet
  facet normal 0 0 1
    outer loop
      vertex 38.1919 28.5081 3.2
      vertex 39.8 30.6 3.2
      vertex 38.2241 28.6366 3.2
    endloop
  endfacet
  facet normal 0 0 1
    outer loop
      vertex 39.8 1.2 3.2
      vertex 38.2435 3.03232 3.2
      vertex 38.25 2.9 3.2
    endloop
  endfacet
  facet normal 0 0 1
    outer loop
      vertex 39.8 30.6 3.2
      vertex 37.4 19.25 3.2
      vertex 39.8 1.2 3.2
    endloop
  endfacet
  facet normal 0 0 1
    outer loop
      vertex 39.8 1.2 3.2
      vertex 38.2241 3.16337 3.2
      vertex 38.2435 3.03232 3.2
    endloop
  endfacet
  facet normal 0 0 1
    outer loop
      vertex 38.1472 28.3834 3.2
      vertex 39.8 30.6 3.2
      vertex 38.1919 28.5081 3.2
    endloop
  endfacet
  facet normal -0 0 1
    outer loop
      vertex 37.4 12.55 3.2
      vertex 39.8 1.2 3.2
      vertex 37.4 19.25 3.2
    endloop
  endfacet
  facet normal 0 0 1
    outer loop
      vertex 38.0906 28.2636 3.2
      vertex 39.8 30.6 3.2
      vertex 38.1472 28.3834 3.2
    endloop
  endfacet
  facet normal -0 -0 1
    outer loop
      vertex 38.0906 3.53639 3.2
      vertex 39.8 1.2 3.2
      vertex 37.4 12.55 3.2
    endloop
  endfacet
  facet normal 0 0 1
    outer loop
      vertex 39.8 30.6 3.2
      vertex 38.0906 28.2636 3.2
      vertex 37.4 19.25 3.2
    endloop
  endfacet
  facet normal 0 0 1
    outer loop
      vertex 39.8 1.2 3.2
      vertex 38.1919 3.29188 3.2
      vertex 38.2241 3.16337 3.2
    endloop
  endfacet
  facet normal 0 0 1
    outer loop
      vertex 37.4 19.25 3.2
      vertex 38.0906 28.2636 3.2
      vertex 38.0225 28.15 3.2
    endloop
  endfacet
  facet normal 0 0 1
    outer loop
      vertex 39.8 1.2 3.2
      vertex 38.1472 3.41662 3.2
      vertex 38.1919 3.29188 3.2
    endloop
  endfacet
  facet normal 0 0 1
    outer loop
      vertex 37.4 19.25 3.2
      vertex 38.0225 28.15 3.2
      vertex 37.9436 28.0436 3.2
    endloop
  endfacet
  facet normal 0 0 1
    outer loop
      vertex 39.8 1.2 3.2
      vertex 38.0906 3.53639 3.2
      vertex 38.1472 3.41662 3.2
    endloop
  endfacet
  facet normal 0 0 1
    outer loop
      vertex 37.4 19.25 3.2
      vertex 37.9436 28.0436 3.2
      vertex 37.8546 27.9454 3.2
    endloop
  endfacet
  facet normal 0 0 1
    outer loop
      vertex 38.0906 3.53639 3.2
      vertex 37.4 12.55 3.2
      vertex 38.0225 3.65002 3.2
    endloop
  endfacet
  facet normal 0 0 1
    outer loop
      vertex 37.4 19.25 3.2
      vertex 37.8546 27.9454 3.2
      vertex 37.7564 27.8564 3.2
    endloop
  endfacet
  facet normal 0 0 1
    outer loop
      vertex 38.0225 3.65002 3.2
      vertex 37.4 12.55 3.2
      vertex 37.9436 3.75643 3.2
    endloop
  endfacet
  facet normal 0 0 1
    outer loop
      vertex 37.4 19.25 3.2
      vertex 37.7564 27.8564 3.2
      vertex 37.65 27.7775 3.2
    endloop
  endfacet
  facet normal 0 0 1
    outer loop
      vertex 37.9436 3.75643 3.2
      vertex 37.4 12.55 3.2
      vertex 37.8546 3.85459 3.2
    endloop
  endfacet
  facet normal 0 0 1
    outer loop
      vertex 37.4 19.25 3.2
      vertex 37.65 27.7775 3.2
      vertex 37.5364 27.7094 3.2
    endloop
  endfacet
  facet normal 0 0 1
    outer loop
      vertex 37.8546 3.85459 3.2
      vertex 37.4 12.55 3.2
      vertex 37.7564 3.94356 3.2
    endloop
  endfacet
  facet normal 0 0 1
    outer loop
      vertex 37.4 19.25 3.2
      vertex 37.5364 27.7094 3.2
      vertex 37.4166 27.6528 3.2
    endloop
  endfacet
  facet normal 0 0 1
    outer loop
      vertex 37.7564 3.94356 3.2
      vertex 37.4 12.55 3.2
      vertex 37.65 4.02248 3.2
    endloop
  endfacet
  facet normal 0 0 1
    outer loop
      vertex 37.65 4.02248 3.2
      vertex 37.4 12.55 3.2
      vertex 37.5364 4.09059 3.2
    endloop
  endfacet
  facet normal -0 0 1
    outer loop
      vertex 37.2919 27.6081 3.2
      vertex 37.4 19.25 3.2
      vertex 37.4166 27.6528 3.2
    endloop
  endfacet
  facet normal -0 0 1
    outer loop
      vertex 37.1634 27.5759 3.2
      vertex 37.4 19.25 3.2
      vertex 37.2919 27.6081 3.2
    endloop
  endfacet
  facet normal -0 0 1
    outer loop
      vertex 37.0323 27.5565 3.2
      vertex 37.4 19.25 3.2
      vertex 37.1634 27.5759 3.2
    endloop
  endfacet
  facet normal -0 0 1
    outer loop
      vertex 36.9 27.55 3.2
      vertex 37.4 19.25 3.2
      vertex 37.0323 27.5565 3.2
    endloop
  endfacet
  facet normal 0 0 1
    outer loop
      vertex 36.7677 27.5565 3.2
      vertex 37.4 19.25 3.2
      vertex 36.9 27.55 3.2
    endloop
  endfacet
  facet normal 0 0 1
    outer loop
      vertex 34.421 19.8163 3.2
      vertex 36.7677 27.5565 3.2
      vertex 36.6366 27.5759 3.2
    endloop
  endfacet
  facet normal 0 0 1
    outer loop
      vertex 34.3193 19.8526 3.2
      vertex 36.6366 27.5759 3.2
      vertex 36.5081 27.6081 3.2
    endloop
  endfacet
  facet normal 0 0 1
    outer loop
      vertex 34.2146 19.8789 3.2
      vertex 36.5081 27.6081 3.2
      vertex 36.3834 27.6528 3.2
    endloop
  endfacet
  facet normal 0 0 1
    outer loop
      vertex 34.1078 19.8947 3.2
      vertex 36.3834 27.6528 3.2
      vertex 36.2636 27.7094 3.2
    endloop
  endfacet
  facet normal 0 0 1
    outer loop
      vertex 34 19.9 3.2
      vertex 36.2636 27.7094 3.2
      vertex 36.15 27.7775 3.2
    endloop
  endfacet
  facet normal 0 0 1
    outer loop
      vertex 33.8922 19.8947 3.2
      vertex 36.15 27.7775 3.2
      vertex 36.0436 27.8564 3.2
    endloop
  endfacet
  facet normal 0 0 1
    outer loop
      vertex 33.7854 19.8789 3.2
      vertex 36.0436 27.8564 3.2
      vertex 35.9454 27.9454 3.2
    endloop
  endfacet
  facet normal 0 0 1
    outer loop
      vertex 33.6807 19.8526 3.2
      vertex 35.9454 27.9454 3.2
      vertex 35.8564 28.0436 3.2
    endloop
  endfacet
  facet normal 0 0 1
    outer loop
      vertex 33.579 19.8163 3.2
      vertex 35.8564 28.0436 3.2
      vertex 35.7775 28.15 3.2
    endloop
  endfacet
  facet normal 0 0 1
    outer loop
      vertex 28.1185 19.7701 3.2
      vertex 35.7775 28.15 3.2
      vertex 35.7094 28.2636 3.2
    endloop
  endfacet
  facet normal 0 0 1
    outer loop
      vertex 28.021 19.8163 3.2
      vertex 35.7094 28.2636 3.2
      vertex 35.6528 28.3834 3.2
    endloop
  endfacet
  facet normal 0 0 1
    outer loop
      vertex 27.9193 19.8526 3.2
      vertex 35.6528 28.3834 3.2
      vertex 35.6081 28.5081 3.2
    endloop
  endfacet
  facet normal 0 0 1
    outer loop
      vertex 27.8146 19.8789 3.2
      vertex 35.6081 28.5081 3.2
      vertex 35.5759 28.6366 3.2
    endloop
  endfacet
  facet normal 0 0 1
    outer loop
      vertex 36.7677 27.5565 3.2
      vertex 34.5185 19.7701 3.2
      vertex 37.4 19.25 3.2
    endloop
  endfacet
  facet normal 0 0 1
    outer loop
      vertex 27.7078 19.8947 3.2
      vertex 35.5759 28.6366 3.2
      vertex 35.5565 28.7677 3.2
    endloop
  endfacet
  facet normal 0 0 1
    outer loop
      vertex 27.4922 19.8947 3.2
      vertex 35.5565 28.7677 3.2
      vertex 35.55 28.9 3.2
    endloop
  endfacet
  facet normal 0 0 1
    outer loop
      vertex 37.8546 29.8546 3.2
      vertex 39.8 30.6 3.2
      vertex 39.7942 30.7176 3.2
    endloop
  endfacet
  facet normal 0 0 1
    outer loop
      vertex 38.2435 28.7677 3.2
      vertex 39.8 30.6 3.2
      vertex 38.25 28.9 3.2
    endloop
  endfacet
  facet normal 0 0 1
    outer loop
      vertex 37.8546 29.8546 3.2
      vertex 39.7942 30.7176 3.2
      vertex 39.7769 30.8341 3.2
    endloop
  endfacet
  facet normal 0 0 1
    outer loop
      vertex 38.2241 28.6366 3.2
      vertex 39.8 30.6 3.2
      vertex 38.2435 28.7677 3.2
    endloop
  endfacet
  facet normal 0 0 1
    outer loop
      vertex 37.8546 29.8546 3.2
      vertex 39.7769 30.8341 3.2
      vertex 39.7483 30.9483 3.2
    endloop
  endfacet
  facet normal -0 0 1
    outer loop
      vertex 38.2435 2.76768 3.2
      vertex 39.8 1.2 3.2
      vertex 38.25 2.9 3.2
    endloop
  endfacet
  facet normal 0 0 1
    outer loop
      vertex 37.8546 29.8546 3.2
      vertex 39.7483 30.9483 3.2
      vertex 39.7087 31.0592 3.2
    endloop
  endfacet
  facet normal -0 0 1
    outer loop
      vertex 38.2241 2.63663 3.2
      vertex 39.8 1.2 3.2
      vertex 38.2435 2.76768 3.2
    endloop
  endfacet
  facet normal 0 0 1
    outer loop
      vertex 37.8546 29.8546 3.2
      vertex 39.7087 31.0592 3.2
      vertex 39.6583 31.1657 3.2
    endloop
  endfacet
  facet normal -0 0 1
    outer loop
      vertex 38.1919 2.50812 3.2
      vertex 39.8 1.2 3.2
      vertex 38.2241 2.63663 3.2
    endloop
  endfacet
  facet normal 0 0 1
    outer loop
      vertex 37.8546 29.8546 3.2
      vertex 39.6583 31.1657 3.2
      vertex 39.5978 31.2667 3.2
    endloop
  endfacet
  facet normal -0 0 1
    outer loop
      vertex 38.1472 2.38338 3.2
      vertex 39.8 1.2 3.2
      vertex 38.1919 2.50812 3.2
    endloop
  endfacet
  facet normal 0 0 1
    outer loop
      vertex 37.8546 29.8546 3.2
      vertex 39.5978 31.2667 3.2
      vertex 39.5276 31.3613 3.2
    endloop
  endfacet
  facet normal -0 0 1
    outer loop
      vertex 38.0906 2.26362 3.2
      vertex 39.8 1.2 3.2
      vertex 38.1472 2.38338 3.2
    endloop
  endfacet
  facet normal 0 0 1
    outer loop
      vertex 37.8546 29.8546 3.2
      vertex 39.5276 31.3613 3.2
      vertex 39.4485 31.4485 3.2
    endloop
  endfacet
  facet normal -0 0 1
    outer loop
      vertex 38.0225 2.14998 3.2
      vertex 39.8 1.2 3.2
      vertex 38.0906 2.26362 3.2
    endloop
  endfacet
  facet normal 0 0 1
    outer loop
      vertex 37.8546 29.8546 3.2
      vertex 39.4485 31.4485 3.2
      vertex 39.3613 31.5276 3.2
    endloop
  endfacet
  facet normal -0 0 1
    outer loop
      vertex 37.9436 2.04357 3.2
      vertex 39.8 1.2 3.2
      vertex 38.0225 2.14998 3.2
    endloop
  endfacet
  facet normal 0 0 1
    outer loop
      vertex 37.8546 29.8546 3.2
      vertex 39.3613 31.5276 3.2
      vertex 39.2667 31.5978 3.2
    endloop
  endfacet
  facet normal -0 0 1
    outer loop
      vertex 37.8546 1.94541 3.2
      vertex 39.8 1.2 3.2
      vertex 37.9436 2.04357 3.2
    endloop
  endfacet
  facet normal 0 0 1
    outer loop
      vertex 37.8546 29.8546 3.2
      vertex 39.2667 31.5978 3.2
      vertex 39.1657 31.6583 3.2
    endloop
  endfacet
  facet normal 0 0 1
    outer loop
      vertex 39.8 1.2 3.2
      vertex 37.8546 1.94541 3.2
      vertex 39.7942 1.08238 3.2
    endloop
  endfacet
  facet normal 0 0 1
    outer loop
      vertex 37.8546 29.8546 3.2
      vertex 39.1657 31.6583 3.2
      vertex 39.0592 31.7087 3.2
    endloop
  endfacet
  facet normal 0 0 1
    outer loop
      vertex 39.7942 1.08238 3.2
      vertex 37.8546 1.94541 3.2
      vertex 39.7769 0.965891 3.2
    endloop
  endfacet
  facet normal 0 0 1
    outer loop
      vertex 37.8546 29.8546 3.2
      vertex 39.0592 31.7087 3.2
      vertex 38.9483 31.7483 3.2
    endloop
  endfacet
  facet normal 0 0 1
    outer loop
      vertex 39.7769 0.965891 3.2
      vertex 37.8546 1.94541 3.2
      vertex 39.7483 0.851658 3.2
    endloop
  endfacet
  facet normal 0 0 1
    outer loop
      vertex 37.8546 29.8546 3.2
      vertex 38.9483 31.7483 3.2
      vertex 38.8341 31.7769 3.2
    endloop
  endfacet
  facet normal 0 0 1
    outer loop
      vertex 39.7483 0.851658 3.2
      vertex 37.8546 1.94541 3.2
      vertex 39.7087 0.74078 3.2
    endloop
  endfacet
  facet normal 0 0 1
    outer loop
      vertex 37.8546 29.8546 3.2
      vertex 38.8341 31.7769 3.2
      vertex 38.7176 31.7942 3.2
    endloop
  endfacet
  facet normal 0 0 1
    outer loop
      vertex 39.7087 0.74078 3.2
      vertex 37.8546 1.94541 3.2
      vertex 39.6583 0.634323 3.2
    endloop
  endfacet
  facet normal 0 0 1
    outer loop
      vertex 37.8546 29.8546 3.2
      vertex 38.7176 31.7942 3.2
      vertex 38.6 31.8 3.2
    endloop
  endfacet
  facet normal 0 0 1
    outer loop
      vertex 39.6583 0.634323 3.2
      vertex 37.8546 1.94541 3.2
      vertex 39.5978 0.533316 3.2
    endloop
  endfacet
  facet normal 0 0 1
    outer loop
      vertex 39.5978 0.533316 3.2
      vertex 37.8546 1.94541 3.2
      vertex 39.5276 0.438727 3.2
    endloop
  endfacet
  facet normal 0 0 1
    outer loop
      vertex 39.8 30.6 3.2
      vertex 38.2435 29.0323 3.2
      vertex 38.25 28.9 3.2
    endloop
  endfacet
  facet normal 0 0 1
    outer loop
      vertex 39.8 30.6 3.2
      vertex 38.2241 29.1634 3.2
      vertex 38.2435 29.0323 3.2
    endloop
  endfacet
  facet normal 0 0 1
    outer loop
      vertex 39.8 30.6 3.2
      vertex 38.1919 29.2919 3.2
      vertex 38.2241 29.1634 3.2
    endloop
  endfacet
  facet normal 0 0 1
    outer loop
      vertex 39.8 30.6 3.2
      vertex 38.1472 29.4166 3.2
      vertex 38.1919 29.2919 3.2
    endloop
  endfacet
  facet normal 0 0 1
    outer loop
      vertex 39.8 30.6 3.2
      vertex 38.0906 29.5364 3.2
      vertex 38.1472 29.4166 3.2
    endloop
  endfacet
  facet normal 0 0 1
    outer loop
      vertex 39.8 30.6 3.2
      vertex 38.0225 29.65 3.2
      vertex 38.0906 29.5364 3.2
    endloop
  endfacet
  facet normal 0 0 1
    outer loop
      vertex 39.8 30.6 3.2
      vertex 37.9436 29.7564 3.2
      vertex 38.0225 29.65 3.2
    endloop
  endfacet
  facet normal 0 0 1
    outer loop
      vertex 39.8 30.6 3.2
      vertex 37.8546 29.8546 3.2
      vertex 37.9436 29.7564 3.2
    endloop
  endfacet
  facet normal 0 0 1
    outer loop
      vertex 38.6 31.8 3.2
      vertex 37.7564 29.9436 3.2
      vertex 37.8546 29.8546 3.2
    endloop
  endfacet
  facet normal 0 0 1
    outer loop
      vertex 38.6 31.8 3.2
      vertex 37.65 30.0225 3.2
      vertex 37.7564 29.9436 3.2
    endloop
  endfacet
  facet normal 0 0 1
    outer loop
      vertex 38.6 31.8 3.2
      vertex 37.5364 30.0906 3.2
      vertex 37.65 30.0225 3.2
    endloop
  endfacet
  facet normal 0 0 1
    outer loop
      vertex 38.6 31.8 3.2
      vertex 37.4166 30.1472 3.2
      vertex 37.5364 30.0906 3.2
    endloop
  endfacet
  facet normal 0 0 1
    outer loop
      vertex 38.6 31.8 3.2
      vertex 37.2919 30.1919 3.2
      vertex 37.4166 30.1472 3.2
    endloop
  endfacet
  facet normal 0 0 1
    outer loop
      vertex 38.6 31.8 3.2
      vertex 37.1634 30.2241 3.2
      vertex 37.2919 30.1919 3.2
    endloop
  endfacet
  facet normal 0 0 1
    outer loop
      vertex 38.6 31.8 3.2
      vertex 37.0323 30.2435 3.2
      vertex 37.1634 30.2241 3.2
    endloop
  endfacet
  facet normal 0 0 1
    outer loop
      vertex 38.6 31.8 3.2
      vertex 36.9 30.25 3.2
      vertex 37.0323 30.2435 3.2
    endloop
  endfacet
  facet normal 0 0 1
    outer loop
      vertex 38.6 31.8 3.2
      vertex 36.7677 30.2435 3.2
      vertex 36.9 30.25 3.2
    endloop
  endfacet
  facet normal 0 0 1
    outer loop
      vertex 38.6 31.8 3.2
      vertex 36.6366 30.2241 3.2
      vertex 36.7677 30.2435 3.2
    endloop
  endfacet
  facet normal 0 0 1
    outer loop
      vertex 38.6 31.8 3.2
      vertex 36.5081 30.1919 3.2
      vertex 36.6366 30.2241 3.2
    endloop
  endfacet
  facet normal 0 0 1
    outer loop
      vertex 38.6 31.8 3.2
      vertex 36.3834 30.1472 3.2
      vertex 36.5081 30.1919 3.2
    endloop
  endfacet
  facet normal 0 0 1
    outer loop
      vertex 38.6 31.8 3.2
      vertex 36.2636 30.0906 3.2
      vertex 36.3834 30.1472 3.2
    endloop
  endfacet
  facet normal 0 0 1
    outer loop
      vertex 38.6 31.8 3.2
      vertex 36.15 30.0225 3.2
      vertex 36.2636 30.0906 3.2
    endloop
  endfacet
  facet normal 0 0 1
    outer loop
      vertex 27.3854 19.8789 3.2
      vertex 35.55 28.9 3.2
      vertex 35.5565 29.0323 3.2
    endloop
  endfacet
  facet normal 0 0 1
    outer loop
      vertex 37.4 19.25 3.2
      vertex 34.9701 19.3185 3.2
      vertex 35.0025 19.25 3.2
    endloop
  endfacet
  facet normal 0 0 1
    outer loop
      vertex 37.4 19.25 3.2
      vertex 34.9146 19.4111 3.2
      vertex 34.9701 19.3185 3.2
    endloop
  endfacet
  facet normal 0 0 1
    outer loop
      vertex 37.4 19.25 3.2
      vertex 34.8503 19.4978 3.2
      vertex 34.9146 19.4111 3.2
    endloop
  endfacet
  facet normal 0 0 1
    outer loop
      vertex 37.4 19.25 3.2
      vertex 34.7778 19.5778 3.2
      vertex 34.8503 19.4978 3.2
    endloop
  endfacet
  facet normal 0 0 1
    outer loop
      vertex 37.4 19.25 3.2
      vertex 34.6978 19.6503 3.2
      vertex 34.7778 19.5778 3.2
    endloop
  endfacet
  facet normal 0 0 1
    outer loop
      vertex 37.4 19.25 3.2
      vertex 34.6111 19.7146 3.2
      vertex 34.6978 19.6503 3.2
    endloop
  endfacet
  facet normal 0 0 1
    outer loop
      vertex 37.4 19.25 3.2
      vertex 34.5185 19.7701 3.2
      vertex 34.6111 19.7146 3.2
    endloop
  endfacet
  facet normal 0 0 1
    outer loop
      vertex 36.7677 27.5565 3.2
      vertex 34.421 19.8163 3.2
      vertex 34.5185 19.7701 3.2
    endloop
  endfacet
  facet normal 0 0 1
    outer loop
      vertex 36.6366 27.5759 3.2
      vertex 34.3193 19.8526 3.2
      vertex 34.421 19.8163 3.2
    endloop
  endfacet
  facet normal 0 0 1
    outer loop
      vertex 36.5081 27.6081 3.2
      vertex 34.2146 19.8789 3.2
      vertex 34.3193 19.8526 3.2
    endloop
  endfacet
  facet normal 0 0 1
    outer loop
      vertex 36.3834 27.6528 3.2
      vertex 34.1078 19.8947 3.2
      vertex 34.2146 19.8789 3.2
    endloop
  endfacet
  facet normal 0 0 1
    outer loop
      vertex 27.2807 19.8526 3.2
      vertex 35.5565 29.0323 3.2
      vertex 35.5759 29.1634 3.2
    endloop
  endfacet
  facet normal 0 0 1
    outer loop
      vertex 36.2636 27.7094 3.2
      vertex 34 19.9 3.2
      vertex 34.1078 19.8947 3.2
    endloop
  endfacet
  facet normal 0 0 1
    outer loop
      vertex 36.15 27.7775 3.2
      vertex 33.8922 19.8947 3.2
      vertex 34 19.9 3.2
    endloop
  endfacet
  facet normal 0 0 1
    outer loop
      vertex 36.0436 27.8564 3.2
      vertex 33.7854 19.8789 3.2
      vertex 33.8922 19.8947 3.2
    endloop
  endfacet
  facet normal 0 0 1
    outer loop
      vertex 35.9454 27.9454 3.2
      vertex 33.6807 19.8526 3.2
      vertex 33.7854 19.8789 3.2
    endloop
  endfacet
  facet normal 0 0 1
    outer loop
      vertex 35.8564 28.0436 3.2
      vertex 33.579 19.8163 3.2
      vertex 33.6807 19.8526 3.2
    endloop
  endfacet
  facet normal 0 0 1
    outer loop
      vertex 35.7775 28.15 3.2
      vertex 33.4815 19.7701 3.2
      vertex 33.579 19.8163 3.2
    endloop
  endfacet
  facet normal 0 0 1
    outer loop
      vertex 35.7775 28.15 3.2
      vertex 28.1185 19.7701 3.2
      vertex 33.4815 19.7701 3.2
    endloop
  endfacet
  facet normal 0 0 1
    outer loop
      vertex 33.4815 19.7701 3.2
      vertex 28.1185 19.7701 3.2
      vertex 33.3889 19.7146 3.2
    endloop
  endfacet
  facet normal 0 -0 1
    outer loop
      vertex 28.2111 19.7146 3.2
      vertex 33.3889 19.7146 3.2
      vertex 28.1185 19.7701 3.2
    endloop
  endfacet
  facet normal 0 0 1
    outer loop
      vertex 33.3889 19.7146 3.2
      vertex 28.2111 19.7146 3.2
      vertex 33.3022 19.6503 3.2
    endloop
  endfacet
  facet normal 0 0 1
    outer loop
      vertex 19.9193 19.8526 3.2
      vertex 35.5759 29.1634 3.2
      vertex 35.6081 29.2919 3.2
    endloop
  endfacet
  facet normal 0 -0 1
    outer loop
      vertex 28.2978 19.6503 3.2
      vertex 33.3022 19.6503 3.2
      vertex 28.2111 19.7146 3.2
    endloop
  endfacet
  facet normal 0 0 1
    outer loop
      vertex 33.3022 19.6503 3.2
      vertex 28.2978 19.6503 3.2
      vertex 33.2222 19.5778 3.2
    endloop
  endfacet
  facet normal 0 -0 1
    outer loop
      vertex 28.3778 19.5778 3.2
      vertex 33.2222 19.5778 3.2
      vertex 28.2978 19.6503 3.2
    endloop
  endfacet
  facet normal 0 0 1
    outer loop
      vertex 33.2222 19.5778 3.2
      vertex 28.3778 19.5778 3.2
      vertex 33.1497 19.4978 3.2
    endloop
  endfacet
  facet normal 0 0 1
    outer loop
      vertex 19.8146 19.8789 3.2
      vertex 35.6081 29.2919 3.2
      vertex 35.6528 29.4166 3.2
    endloop
  endfacet
  facet normal 0 0 1
    outer loop
      vertex 19.7078 19.8947 3.2
      vertex 35.6528 29.4166 3.2
      vertex 35.7094 29.5364 3.2
    endloop
  endfacet
  facet normal 0 0 1
    outer loop
      vertex 4.09059 29.5364 3.2
      vertex 35.7094 29.5364 3.2
      vertex 35.7775 29.65 3.2
    endloop
  endfacet
  facet normal 0 0 1
    outer loop
      vertex 32.9975 19.25 3.2
      vertex 28.5701 19.3185 3.2
      vertex 28.6025 19.25 3.2
    endloop
  endfacet
  facet normal 0 0 1
    outer loop
      vertex 33.0299 19.3185 3.2
      vertex 28.5701 19.3185 3.2
      vertex 32.9975 19.25 3.2
    endloop
  endfacet
  facet normal 0 -0 1
    outer loop
      vertex 28.5701 19.3185 3.2
      vertex 33.0299 19.3185 3.2
      vertex 28.5146 19.4111 3.2
    endloop
  endfacet
  facet normal 0 0 1
    outer loop
      vertex 33.0854 19.4111 3.2
      vertex 28.5146 19.4111 3.2
      vertex 33.0299 19.3185 3.2
    endloop
  endfacet
  facet normal 0 -0 1
    outer loop
      vertex 28.5146 19.4111 3.2
      vertex 33.0854 19.4111 3.2
      vertex 28.4503 19.4978 3.2
    endloop
  endfacet
  facet normal 0 0 1
    outer loop
      vertex 4.02248 29.65 3.2
      vertex 35.7775 29.65 3.2
      vertex 35.8564 29.7564 3.2
    endloop
  endfacet
  facet normal 0 0 1
    outer loop
      vertex 33.1497 19.4978 3.2
      vertex 28.4503 19.4978 3.2
      vertex 33.0854 19.4111 3.2
    endloop
  endfacet
  facet normal 0 -0 1
    outer loop
      vertex 28.4503 19.4978 3.2
      vertex 33.1497 19.4978 3.2
      vertex 28.3778 19.5778 3.2
    endloop
  endfacet
  facet normal 0 0 1
    outer loop
      vertex 35.7094 28.2636 3.2
      vertex 28.021 19.8163 3.2
      vertex 28.1185 19.7701 3.2
    endloop
  endfacet
  facet normal 0 0 1
    outer loop
      vertex 35.6528 28.3834 3.2
      vertex 27.9193 19.8526 3.2
      vertex 28.021 19.8163 3.2
    endloop
  endfacet
  facet normal 0 0 1
    outer loop
      vertex 35.6081 28.5081 3.2
      vertex 27.8146 19.8789 3.2
      vertex 27.9193 19.8526 3.2
    endloop
  endfacet
  facet normal 0 0 1
    outer loop
      vertex 35.5759 28.6366 3.2
      vertex 27.7078 19.8947 3.2
      vertex 27.8146 19.8789 3.2
    endloop
  endfacet
  facet normal 0 0 1
    outer loop
      vertex 35.5565 28.7677 3.2
      vertex 27.6 19.9 3.2
      vertex 27.7078 19.8947 3.2
    endloop
  endfacet
  facet normal 0 0 1
    outer loop
      vertex 35.5565 28.7677 3.2
      vertex 27.4922 19.8947 3.2
      vertex 27.6 19.9 3.2
    endloop
  endfacet
  facet normal 0 0 1
    outer loop
      vertex 35.55 28.9 3.2
      vertex 27.3854 19.8789 3.2
      vertex 27.4922 19.8947 3.2
    endloop
  endfacet
  facet normal 0 0 1
    outer loop
      vertex 35.5565 29.0323 3.2
      vertex 27.2807 19.8526 3.2
      vertex 27.3854 19.8789 3.2
    endloop
  endfacet
  facet normal 0 0 1
    outer loop
      vertex 35.5759 29.1634 3.2
      vertex 19.9193 19.8526 3.2
      vertex 27.2807 19.8526 3.2
    endloop
  endfacet
  facet normal 0 -0 1
    outer loop
      vertex 23 19.25 3.2
      vertex 27.2807 19.8526 3.2
      vertex 19.9193 19.8526 3.2
    endloop
  endfacet
  facet normal 0 0 1
    outer loop
      vertex 27.2807 19.8526 3.2
      vertex 23 19.25 3.2
      vertex 27.179 19.8163 3.2
    endloop
  endfacet
  facet normal 0 -0 1
    outer loop
      vertex 24.4 19.25 3.2
      vertex 27.179 19.8163 3.2
      vertex 23 19.25 3.2
    endloop
  endfacet
  facet normal 0 0 1
    outer loop
      vertex 26.9889 19.7146 3.2
      vertex 24.4 19.25 3.2
      vertex 26.9022 19.6503 3.2
    endloop
  endfacet
  facet normal 0 0 1
    outer loop
      vertex 26.9022 19.6503 3.2
      vertex 24.4 19.25 3.2
      vertex 26.8222 19.5778 3.2
    endloop
  endfacet
  facet normal 0 0 1
    outer loop
      vertex 26.6299 19.3185 3.2
      vertex 24.4 19.25 3.2
      vertex 26.5975 19.25 3.2
    endloop
  endfacet
  facet normal 0 0 1
    outer loop
      vertex 26.6854 19.4111 3.2
      vertex 24.4 19.25 3.2
      vertex 26.6299 19.3185 3.2
    endloop
  endfacet
  facet normal 0 0 1
    outer loop
      vertex 26.7497 19.4978 3.2
      vertex 24.4 19.25 3.2
      vertex 26.6854 19.4111 3.2
    endloop
  endfacet
  facet normal 0 0 1
    outer loop
      vertex 26.8222 19.5778 3.2
      vertex 24.4 19.25 3.2
      vertex 26.7497 19.4978 3.2
    endloop
  endfacet
  facet normal 0 0 1
    outer loop
      vertex 3.94356 29.7564 3.2
      vertex 35.8564 29.7564 3.2
      vertex 35.9454 29.8546 3.2
    endloop
  endfacet
  facet normal 0 0 1
    outer loop
      vertex 24.4 19.25 3.2
      vertex 23 19.25 3.2
      vertex 24.4 12.55 3.2
    endloop
  endfacet
  facet normal 0 0 1
    outer loop
      vertex 27.0815 19.7701 3.2
      vertex 24.4 19.25 3.2
      vertex 26.9889 19.7146 3.2
    endloop
  endfacet
  facet normal 0 0 1
    outer loop
      vertex 3.85459 29.8546 3.2
      vertex 35.9454 29.8546 3.2
      vertex 36.0436 29.9436 3.2
    endloop
  endfacet
  facet normal 0 0 1
    outer loop
      vertex 27.179 19.8163 3.2
      vertex 24.4 19.25 3.2
      vertex 27.0815 19.7701 3.2
    endloop
  endfacet
  facet normal 0 0 1
    outer loop
      vertex 3.75643 29.9436 3.2
      vertex 36.0436 29.9436 3.2
      vertex 36.15 30.0225 3.2
    endloop
  endfacet
  facet normal 0 0 1
    outer loop
      vertex 3.65002 30.0225 3.2
      vertex 36.15 30.0225 3.2
      vertex 38.6 31.8 3.2
    endloop
  endfacet
  facet normal 0 0 1
    outer loop
      vertex 23 19.25 3.2
      vertex 20.5701 19.3185 3.2
      vertex 20.6025 19.25 3.2
    endloop
  endfacet
  facet normal 0 0 1
    outer loop
      vertex 23 19.25 3.2
      vertex 20.5146 19.4111 3.2
      vertex 20.5701 19.3185 3.2
    endloop
  endfacet
  facet normal 0 0 1
    outer loop
      vertex 23 19.25 3.2
      vertex 20.4503 19.4978 3.2
      vertex 20.5146 19.4111 3.2
    endloop
  endfacet
  facet normal 0 0 1
    outer loop
      vertex 23 19.25 3.2
      vertex 20.3778 19.5778 3.2
      vertex 20.4503 19.4978 3.2
    endloop
  endfacet
  facet normal 0 0 1
    outer loop
      vertex 23 19.25 3.2
      vertex 20.2978 19.6503 3.2
      vertex 20.3778 19.5778 3.2
    endloop
  endfacet
  facet normal 0 0 1
    outer loop
      vertex 23 19.25 3.2
      vertex 20.2111 19.7146 3.2
      vertex 20.2978 19.6503 3.2
    endloop
  endfacet
  facet normal 0 0 1
    outer loop
      vertex 23 19.25 3.2
      vertex 20.1185 19.7701 3.2
      vertex 20.2111 19.7146 3.2
    endloop
  endfacet
  facet normal 0 0 1
    outer loop
      vertex 23 19.25 3.2
      vertex 20.021 19.8163 3.2
      vertex 20.1185 19.7701 3.2
    endloop
  endfacet
  facet normal 0 0 1
    outer loop
      vertex 23 19.25 3.2
      vertex 19.9193 19.8526 3.2
      vertex 20.021 19.8163 3.2
    endloop
  endfacet
  facet normal 0 0 1
    outer loop
      vertex 35.6081 29.2919 3.2
      vertex 19.8146 19.8789 3.2
      vertex 19.9193 19.8526 3.2
    endloop
  endfacet
  facet normal 0 0 1
    outer loop
      vertex 35.6528 29.4166 3.2
      vertex 19.7078 19.8947 3.2
      vertex 19.8146 19.8789 3.2
    endloop
  endfacet
  facet normal 0 0 1
    outer loop
      vertex 35.7094 29.5364 3.2
      vertex 4.09059 29.5364 3.2
      vertex 19.6 19.9 3.2
    endloop
  endfacet
  facet normal 0 0 1
    outer loop
      vertex 35.7094 29.5364 3.2
      vertex 19.6 19.9 3.2
      vertex 19.7078 19.8947 3.2
    endloop
  endfacet
  facet normal -0 -0 1
    outer loop
      vertex 4.14724 29.4166 3.2
      vertex 19.6 19.9 3.2
      vertex 4.09059 29.5364 3.2
    endloop
  endfacet
  facet normal 0 0 1
    outer loop
      vertex 19.6 19.9 3.2
      vertex 4.14724 29.4166 3.2
      vertex 19.4922 19.8947 3.2
    endloop
  endfacet
  facet normal -0 -0 1
    outer loop
      vertex 4.19187 29.2919 3.2
      vertex 19.4922 19.8947 3.2
      vertex 4.14724 29.4166 3.2
    endloop
  endfacet
  facet normal 0 0 1
    outer loop
      vertex 19.4922 19.8947 3.2
      vertex 4.19187 29.2919 3.2
      vertex 19.3854 19.8789 3.2
    endloop
  endfacet
  facet normal -0 -0 1
    outer loop
      vertex 4.22406 29.1634 3.2
      vertex 19.3854 19.8789 3.2
      vertex 4.19187 29.2919 3.2
    endloop
  endfacet
  facet normal 0 0 1
    outer loop
      vertex 18.6299 19.3185 3.2
      vertex 14.2025 19.25 3.2
      vertex 18.5975 19.25 3.2
    endloop
  endfacet
  facet normal 0 0 1
    outer loop
      vertex 14.1701 19.3185 3.2
      vertex 18.6299 19.3185 3.2
      vertex 18.6854 19.4111 3.2
    endloop
  endfacet
  facet normal 0 0 1
    outer loop
      vertex 14.1146 19.4111 3.2
      vertex 18.6854 19.4111 3.2
      vertex 18.7497 19.4978 3.2
    endloop
  endfacet
  facet normal 0 0 1
    outer loop
      vertex 14.0503 19.4978 3.2
      vertex 18.7497 19.4978 3.2
      vertex 18.8222 19.5778 3.2
    endloop
  endfacet
  facet normal 0 0 1
    outer loop
      vertex 13.9778 19.5778 3.2
      vertex 18.8222 19.5778 3.2
      vertex 18.9022 19.6503 3.2
    endloop
  endfacet
  facet normal 0 0 1
    outer loop
      vertex 13.8978 19.6503 3.2
      vertex 18.9022 19.6503 3.2
      vertex 18.9889 19.7146 3.2
    endloop
  endfacet
  facet normal 0 0 1
    outer loop
      vertex 19.3854 19.8789 3.2
      vertex 4.22406 29.1634 3.2
      vertex 19.2807 19.8526 3.2
    endloop
  endfacet
  facet normal 0 0 1
    outer loop
      vertex 18.6299 19.3185 3.2
      vertex 14.1701 19.3185 3.2
      vertex 14.2025 19.25 3.2
    endloop
  endfacet
  facet normal 0 0 1
    outer loop
      vertex 18.6854 19.4111 3.2
      vertex 14.1146 19.4111 3.2
      vertex 14.1701 19.3185 3.2
    endloop
  endfacet
  facet normal 0 0 1
    outer loop
      vertex 18.7497 19.4978 3.2
      vertex 14.0503 19.4978 3.2
      vertex 14.1146 19.4111 3.2
    endloop
  endfacet
  facet normal 0 0 1
    outer loop
      vertex 18.8222 19.5778 3.2
      vertex 13.9778 19.5778 3.2
      vertex 14.0503 19.4978 3.2
    endloop
  endfacet
  facet normal 0 0 1
    outer loop
      vertex 18.9022 19.6503 3.2
      vertex 13.8978 19.6503 3.2
      vertex 13.9778 19.5778 3.2
    endloop
  endfacet
  facet normal 0 0 1
    outer loop
      vertex 18.9889 19.7146 3.2
      vertex 13.8111 19.7146 3.2
      vertex 13.8978 19.6503 3.2
    endloop
  endfacet
  facet normal 0 0 1
    outer loop
      vertex 18.9889 19.7146 3.2
      vertex 13.7185 19.7701 3.2
      vertex 13.8111 19.7146 3.2
    endloop
  endfacet
  facet normal 0 0 1
    outer loop
      vertex 19.0815 19.7701 3.2
      vertex 13.7185 19.7701 3.2
      vertex 18.9889 19.7146 3.2
    endloop
  endfacet
  facet normal 0 0 1
    outer loop
      vertex 19.2807 19.8526 3.2
      vertex 13.5193 19.8526 3.2
      vertex 19.179 19.8163 3.2
    endloop
  endfacet
  facet normal 0 -0 1
    outer loop
      vertex 13.621 19.8163 3.2
      vertex 19.179 19.8163 3.2
      vertex 13.5193 19.8526 3.2
    endloop
  endfacet
  facet normal 0 -0 1
    outer loop
      vertex 13.7185 19.7701 3.2
      vertex 19.0815 19.7701 3.2
      vertex 13.621 19.8163 3.2
    endloop
  endfacet
  facet normal 0 0 1
    outer loop
      vertex 19.179 19.8163 3.2
      vertex 13.621 19.8163 3.2
      vertex 19.0815 19.7701 3.2
    endloop
  endfacet
  facet normal 0 0 1
    outer loop
      vertex 13.5193 19.8526 3.2
      vertex 4.22406 29.1634 3.2
      vertex 13.4146 19.8789 3.2
    endloop
  endfacet
  facet normal 0 0 1
    outer loop
      vertex 13.4146 19.8789 3.2
      vertex 4.22406 29.1634 3.2
      vertex 13.3078 19.8947 3.2
    endloop
  endfacet
  facet normal -0 -0 1
    outer loop
      vertex 4.2435 29.0323 3.2
      vertex 13.3078 19.8947 3.2
      vertex 4.22406 29.1634 3.2
    endloop
  endfacet
  facet normal 0 0 1
    outer loop
      vertex 13.3078 19.8947 3.2
      vertex 4.2435 29.0323 3.2
      vertex 13.2 19.9 3.2
    endloop
  endfacet
  facet normal 0 0 1
    outer loop
      vertex 12.2299 19.3185 3.2
      vertex 10 19.25 3.2
      vertex 12.1975 19.25 3.2
    endloop
  endfacet
  facet normal 0 0 1
    outer loop
      vertex 12.2854 19.4111 3.2
      vertex 10 19.25 3.2
      vertex 12.2299 19.3185 3.2
    endloop
  endfacet
  facet normal 0 0 1
    outer loop
      vertex 12.3497 19.4978 3.2
      vertex 10 19.25 3.2
      vertex 12.2854 19.4111 3.2
    endloop
  endfacet
  facet normal 0 0 1
    outer loop
      vertex 12.4222 19.5778 3.2
      vertex 10 19.25 3.2
      vertex 12.3497 19.4978 3.2
    endloop
  endfacet
  facet normal 0 0 1
    outer loop
      vertex 12.5022 19.6503 3.2
      vertex 10 19.25 3.2
      vertex 12.4222 19.5778 3.2
    endloop
  endfacet
  facet normal 0 0 1
    outer loop
      vertex 12.5889 19.7146 3.2
      vertex 10 19.25 3.2
      vertex 12.5022 19.6503 3.2
    endloop
  endfacet
  facet normal 0 0 1
    outer loop
      vertex 12.6815 19.7701 3.2
      vertex 10 19.25 3.2
      vertex 12.5889 19.7146 3.2
    endloop
  endfacet
  facet normal 0 0 1
    outer loop
      vertex 12.779 19.8163 3.2
      vertex 10 19.25 3.2
      vertex 12.6815 19.7701 3.2
    endloop
  endfacet
  facet normal -0 -0 1
    outer loop
      vertex 4.25 28.9 3.2
      vertex 13.2 19.9 3.2
      vertex 4.2435 29.0323 3.2
    endloop
  endfacet
  facet normal -0 0 1
    outer loop
      vertex 4.44783 24.7559 3.2
      vertex 10 19.25 3.2
      vertex 4.45 24.8 3.2
    endloop
  endfacet
  facet normal 0 0 1
    outer loop
      vertex 13.0922 19.8947 3.2
      vertex 4.2435 28.7677 3.2
      vertex 12.9854 19.8789 3.2
    endloop
  endfacet
  facet normal 0 0 1
    outer loop
      vertex 10 19.25 3.2
      vertex 4.44783 24.8441 3.2
      vertex 4.45 24.8 3.2
    endloop
  endfacet
  facet normal 0 0 1
    outer loop
      vertex 12.779 19.8163 3.2
      vertex 4.44783 24.8441 3.2
      vertex 10 19.25 3.2
    endloop
  endfacet
  facet normal 0 0 1
    outer loop
      vertex 12.8807 19.8526 3.2
      vertex 4.44135 24.8878 3.2
      vertex 12.779 19.8163 3.2
    endloop
  endfacet
  facet normal -0 -0 1
    outer loop
      vertex 4.44783 24.8441 3.2
      vertex 12.779 19.8163 3.2
      vertex 4.44135 24.8878 3.2
    endloop
  endfacet
  facet normal -0 0 1
    outer loop
      vertex 4.22406 28.6366 3.2
      vertex 12.9854 19.8789 3.2
      vertex 4.2435 28.7677 3.2
    endloop
  endfacet
  facet normal 0 0 1
    outer loop
      vertex 12.9854 19.8789 3.2
      vertex 4.22406 28.6366 3.2
      vertex 4.43062 24.9306 3.2
    endloop
  endfacet
  facet normal 0 0 1
    outer loop
      vertex 4.43062 24.9306 3.2
      vertex 4.22406 28.6366 3.2
      vertex 4.41575 24.9722 3.2
    endloop
  endfacet
  facet normal -0 0 1
    outer loop
      vertex 4.19187 28.5081 3.2
      vertex 4.41575 24.9722 3.2
      vertex 4.22406 28.6366 3.2
    endloop
  endfacet
  facet normal 0 0 1
    outer loop
      vertex 4.41575 24.9722 3.2
      vertex 4.19187 28.5081 3.2
      vertex 4.39686 25.0121 3.2
    endloop
  endfacet
  facet normal -0 0 1
    outer loop
      vertex 4.14724 28.3834 3.2
      vertex 4.39686 25.0121 3.2
      vertex 4.19187 28.5081 3.2
    endloop
  endfacet
  facet normal 0 0 1
    outer loop
      vertex 4.39686 25.0121 3.2
      vertex 4.14724 28.3834 3.2
      vertex 4.37416 25.05 3.2
    endloop
  endfacet
  facet normal -0 -0 1
    outer loop
      vertex 4.44135 24.8878 3.2
      vertex 12.8807 19.8526 3.2
      vertex 4.43062 24.9306 3.2
    endloop
  endfacet
  facet normal 0 0 1
    outer loop
      vertex 12.9854 19.8789 3.2
      vertex 4.43062 24.9306 3.2
      vertex 12.8807 19.8526 3.2
    endloop
  endfacet
  facet normal -0 0 1
    outer loop
      vertex 4.2435 28.7677 3.2
      vertex 13.0922 19.8947 3.2
      vertex 4.25 28.9 3.2
    endloop
  endfacet
  facet normal 0 0 1
    outer loop
      vertex 13.2 19.9 3.2
      vertex 4.25 28.9 3.2
      vertex 13.0922 19.8947 3.2
    endloop
  endfacet
  facet normal 0 -0 1
    outer loop
      vertex 13.5193 19.8526 3.2
      vertex 19.2807 19.8526 3.2
      vertex 4.22406 29.1634 3.2
    endloop
  endfacet
  facet normal 0 0 1
    outer loop
      vertex 35.7775 29.65 3.2
      vertex 4.02248 29.65 3.2
      vertex 4.09059 29.5364 3.2
    endloop
  endfacet
  facet normal 0 0 1
    outer loop
      vertex 35.8564 29.7564 3.2
      vertex 3.94356 29.7564 3.2
      vertex 4.02248 29.65 3.2
    endloop
  endfacet
  facet normal 0 0 1
    outer loop
      vertex 35.9454 29.8546 3.2
      vertex 3.85459 29.8546 3.2
      vertex 3.94356 29.7564 3.2
    endloop
  endfacet
  facet normal 0 0 1
    outer loop
      vertex 36.0436 29.9436 3.2
      vertex 3.75643 29.9436 3.2
      vertex 3.85459 29.8546 3.2
    endloop
  endfacet
  facet normal 0 0 1
    outer loop
      vertex 36.15 30.0225 3.2
      vertex 3.65002 30.0225 3.2
      vertex 3.75643 29.9436 3.2
    endloop
  endfacet
  facet normal -0 0 1
    outer loop
      vertex 1.2 31.8 3.2
      vertex 3.65002 30.0225 3.2
      vertex 38.6 31.8 3.2
    endloop
  endfacet
  facet normal 0 0 1
    outer loop
      vertex 3.65002 30.0225 3.2
      vertex 1.2 31.8 3.2
      vertex 3.53639 30.0906 3.2
    endloop
  endfacet
  facet normal 0 0 1
    outer loop
      vertex 3.53639 30.0906 3.2
      vertex 1.2 31.8 3.2
      vertex 3.41662 30.1472 3.2
    endloop
  endfacet
  facet normal 0 0 1
    outer loop
      vertex 3.41662 30.1472 3.2
      vertex 1.2 31.8 3.2
      vertex 3.29188 30.1919 3.2
    endloop
  endfacet
  facet normal 0 0 1
    outer loop
      vertex 3.29188 30.1919 3.2
      vertex 1.2 31.8 3.2
      vertex 3.16337 30.2241 3.2
    endloop
  endfacet
  facet normal 0 0 1
    outer loop
      vertex 3.16337 30.2241 3.2
      vertex 1.2 31.8 3.2
      vertex 3.03232 30.2435 3.2
    endloop
  endfacet
  facet normal 0 0 1
    outer loop
      vertex 1.57594 29.1634 3.2
      vertex 0 30.6 3.2
      vertex 1.5565 29.0323 3.2
    endloop
  endfacet
  facet normal 0 0 1
    outer loop
      vertex 1.60813 29.2919 3.2
      vertex 0 30.6 3.2
      vertex 1.57594 29.1634 3.2
    endloop
  endfacet
  facet normal 0 0 1
    outer loop
      vertex 1.65276 29.4166 3.2
      vertex 0 30.6 3.2
      vertex 1.60813 29.2919 3.2
    endloop
  endfacet
  facet normal 0 0 1
    outer loop
      vertex 1.70941 29.5364 3.2
      vertex 0 30.6 3.2
      vertex 1.65276 29.4166 3.2
    endloop
  endfacet
  facet normal 0 0 1
    outer loop
      vertex 1.77752 29.65 3.2
      vertex 0 30.6 3.2
      vertex 1.70941 29.5364 3.2
    endloop
  endfacet
  facet normal 0 0 1
    outer loop
      vertex 1.85644 29.7564 3.2
      vertex 0 30.6 3.2
      vertex 1.77752 29.65 3.2
    endloop
  endfacet
  facet normal 0 0 1
    outer loop
      vertex 1.94541 29.8546 3.2
      vertex 0 30.6 3.2
      vertex 1.85644 29.7564 3.2
    endloop
  endfacet
  facet normal -0 0 1
    outer loop
      vertex 0 30.6 3.2
      vertex 1.94541 29.8546 3.2
      vertex 1.2 31.8 3.2
    endloop
  endfacet
  facet normal 0 0 1
    outer loop
      vertex 2.04357 29.9436 3.2
      vertex 1.2 31.8 3.2
      vertex 1.94541 29.8546 3.2
    endloop
  endfacet
  facet normal 0 0 1
    outer loop
      vertex 2.14998 30.0225 3.2
      vertex 1.2 31.8 3.2
      vertex 2.04357 29.9436 3.2
    endloop
  endfacet
  facet normal 0 0 1
    outer loop
      vertex 2.26362 30.0906 3.2
      vertex 1.2 31.8 3.2
      vertex 2.14998 30.0225 3.2
    endloop
  endfacet
  facet normal 0 0 1
    outer loop
      vertex 2.38338 30.1472 3.2
      vertex 1.2 31.8 3.2
      vertex 2.26362 30.0906 3.2
    endloop
  endfacet
  facet normal 0 0 1
    outer loop
      vertex 2.50812 30.1919 3.2
      vertex 1.2 31.8 3.2
      vertex 2.38338 30.1472 3.2
    endloop
  endfacet
  facet normal 0 0 1
    outer loop
      vertex 2.63663 30.2241 3.2
      vertex 1.2 31.8 3.2
      vertex 2.50812 30.1919 3.2
    endloop
  endfacet
  facet normal 0 0 1
    outer loop
      vertex 2.76768 30.2435 3.2
      vertex 1.2 31.8 3.2
      vertex 2.63663 30.2241 3.2
    endloop
  endfacet
  facet normal 0 0 1
    outer loop
      vertex 2.9 30.25 3.2
      vertex 1.2 31.8 3.2
      vertex 2.76768 30.2435 3.2
    endloop
  endfacet
  facet normal 0 0 1
    outer loop
      vertex 3.03232 30.2435 3.2
      vertex 1.2 31.8 3.2
      vertex 2.9 30.25 3.2
    endloop
  endfacet
  facet normal 0 0 1
    outer loop
      vertex 39.5276 0.438727 3.2
      vertex 37.8546 1.94541 3.2
      vertex 39.4485 0.351471 3.2
    endloop
  endfacet
  facet normal 0 0 1
    outer loop
      vertex 39.4485 0.351471 3.2
      vertex 37.8546 1.94541 3.2
      vertex 39.3613 0.272387 3.2
    endloop
  endfacet
  facet normal 0 0 1
    outer loop
      vertex 39.3613 0.272387 3.2
      vertex 37.8546 1.94541 3.2
      vertex 39.2667 0.202236 3.2
    endloop
  endfacet
  facet normal 0 0 1
    outer loop
      vertex 39.2667 0.202236 3.2
      vertex 37.8546 1.94541 3.2
      vertex 39.1657 0.141694 3.2
    endloop
  endfacet
  facet normal 0 0 1
    outer loop
      vertex 39.1657 0.141694 3.2
      vertex 37.8546 1.94541 3.2
      vertex 39.0592 0.0913439 3.2
    endloop
  endfacet
  facet normal 0 0 1
    outer loop
      vertex 39.0592 0.0913439 3.2
      vertex 37.8546 1.94541 3.2
      vertex 38.9483 0.051671 3.2
    endloop
  endfacet
  facet normal 0 0 1
    outer loop
      vertex 38.9483 0.051671 3.2
      vertex 37.8546 1.94541 3.2
      vertex 38.8341 0.023057 3.2
    endloop
  endfacet
  facet normal 0 0 1
    outer loop
      vertex 38.8341 0.023057 3.2
      vertex 37.8546 1.94541 3.2
      vertex 38.7176 0.00577831 3.2
    endloop
  endfacet
  facet normal 0 0 1
    outer loop
      vertex 38.7176 0.00577831 3.2
      vertex 37.8546 1.94541 3.2
      vertex 38.6 0 3.2
    endloop
  endfacet
  facet normal -0 0 1
    outer loop
      vertex 37.7564 1.85644 3.2
      vertex 38.6 0 3.2
      vertex 37.8546 1.94541 3.2
    endloop
  endfacet
  facet normal -0 0 1
    outer loop
      vertex 37.65 1.77752 3.2
      vertex 38.6 0 3.2
      vertex 37.7564 1.85644 3.2
    endloop
  endfacet
  facet normal -0 0 1
    outer loop
      vertex 37.5364 1.70941 3.2
      vertex 38.6 0 3.2
      vertex 37.65 1.77752 3.2
    endloop
  endfacet
  facet normal -0 0 1
    outer loop
      vertex 37.4166 1.65276 3.2
      vertex 38.6 0 3.2
      vertex 37.5364 1.70941 3.2
    endloop
  endfacet
  facet normal -0 0 1
    outer loop
      vertex 37.2919 1.60813 3.2
      vertex 38.6 0 3.2
      vertex 37.4166 1.65276 3.2
    endloop
  endfacet
  facet normal -0 0 1
    outer loop
      vertex 37.1634 1.57594 3.2
      vertex 38.6 0 3.2
      vertex 37.2919 1.60813 3.2
    endloop
  endfacet
  facet normal -0 0 1
    outer loop
      vertex 37.0323 1.5565 3.2
      vertex 38.6 0 3.2
      vertex 37.1634 1.57594 3.2
    endloop
  endfacet
  facet normal -0 0 1
    outer loop
      vertex 36.9 1.55 3.2
      vertex 38.6 0 3.2
      vertex 37.0323 1.5565 3.2
    endloop
  endfacet
  facet normal 0 0 1
    outer loop
      vertex 36.7677 1.5565 3.2
      vertex 38.6 0 3.2
      vertex 36.9 1.55 3.2
    endloop
  endfacet
  facet normal 0 0 1
    outer loop
      vertex 36.6366 1.57594 3.2
      vertex 38.6 0 3.2
      vertex 36.7677 1.5565 3.2
    endloop
  endfacet
  facet normal 0 0 1
    outer loop
      vertex 36.5081 1.60813 3.2
      vertex 38.6 0 3.2
      vertex 36.6366 1.57594 3.2
    endloop
  endfacet
  facet normal 0 0 1
    outer loop
      vertex 36.3834 1.65276 3.2
      vertex 38.6 0 3.2
      vertex 36.5081 1.60813 3.2
    endloop
  endfacet
  facet normal 0 0 1
    outer loop
      vertex 36.2636 1.70941 3.2
      vertex 38.6 0 3.2
      vertex 36.3834 1.65276 3.2
    endloop
  endfacet
  facet normal 0 0 1
    outer loop
      vertex 36.15 1.77752 3.2
      vertex 38.6 0 3.2
      vertex 36.2636 1.70941 3.2
    endloop
  endfacet
  facet normal -0 0 1
    outer loop
      vertex 34 11.9 3.2
      vertex 36.2636 4.09059 3.2
      vertex 34.1078 11.9053 3.2
    endloop
  endfacet
  facet normal 0 0 1
    outer loop
      vertex 36.2636 4.09059 3.2
      vertex 34 11.9 3.2
      vertex 36.15 4.02248 3.2
    endloop
  endfacet
  facet normal 0 0 1
    outer loop
      vertex 33.8922 11.9053 3.2
      vertex 36.15 4.02248 3.2
      vertex 34 11.9 3.2
    endloop
  endfacet
  facet normal 0 0 1
    outer loop
      vertex 36.15 4.02248 3.2
      vertex 33.8922 11.9053 3.2
      vertex 36.0436 3.94356 3.2
    endloop
  endfacet
  facet normal 0 0 1
    outer loop
      vertex 33.7854 11.9211 3.2
      vertex 36.0436 3.94356 3.2
      vertex 33.8922 11.9053 3.2
    endloop
  endfacet
  facet normal 0 0 1
    outer loop
      vertex 36.0436 3.94356 3.2
      vertex 33.7854 11.9211 3.2
      vertex 35.9454 3.85459 3.2
    endloop
  endfacet
  facet normal 0 0 1
    outer loop
      vertex 33.6807 11.9474 3.2
      vertex 35.9454 3.85459 3.2
      vertex 33.7854 11.9211 3.2
    endloop
  endfacet
  facet normal 0 0 1
    outer loop
      vertex 35.9454 3.85459 3.2
      vertex 33.6807 11.9474 3.2
      vertex 35.8564 3.75643 3.2
    endloop
  endfacet
  facet normal 0 0 1
    outer loop
      vertex 33.579 11.9837 3.2
      vertex 35.8564 3.75643 3.2
      vertex 33.6807 11.9474 3.2
    endloop
  endfacet
  facet normal 0 0 1
    outer loop
      vertex 35.8564 3.75643 3.2
      vertex 33.579 11.9837 3.2
      vertex 35.7775 3.65002 3.2
    endloop
  endfacet
  facet normal 0 0 1
    outer loop
      vertex 33.4815 12.0299 3.2
      vertex 35.7775 3.65002 3.2
      vertex 33.579 11.9837 3.2
    endloop
  endfacet
  facet normal -0 0 1
    outer loop
      vertex 28.1185 12.0299 3.2
      vertex 35.7775 3.65002 3.2
      vertex 33.4815 12.0299 3.2
    endloop
  endfacet
  facet normal 0 0 1
    outer loop
      vertex 35.7775 3.65002 3.2
      vertex 28.1185 12.0299 3.2
      vertex 35.7094 3.53639 3.2
    endloop
  endfacet
  facet normal -0 0 1
    outer loop
      vertex 28.021 11.9837 3.2
      vertex 35.7094 3.53639 3.2
      vertex 28.1185 12.0299 3.2
    endloop
  endfacet
  facet normal 0 0 1
    outer loop
      vertex 35.7094 3.53639 3.2
      vertex 28.021 11.9837 3.2
      vertex 35.6528 3.41662 3.2
    endloop
  endfacet
  facet normal -0 0 1
    outer loop
      vertex 27.9193 11.9474 3.2
      vertex 35.6528 3.41662 3.2
      vertex 28.021 11.9837 3.2
    endloop
  endfacet
  facet normal 0 0 1
    outer loop
      vertex 35.6528 3.41662 3.2
      vertex 27.9193 11.9474 3.2
      vertex 35.6081 3.29188 3.2
    endloop
  endfacet
  facet normal -0 0 1
    outer loop
      vertex 27.8146 11.9211 3.2
      vertex 35.6081 3.29188 3.2
      vertex 27.9193 11.9474 3.2
    endloop
  endfacet
  facet normal 0 0 1
    outer loop
      vertex 35.6081 3.29188 3.2
      vertex 27.8146 11.9211 3.2
      vertex 35.5759 3.16337 3.2
    endloop
  endfacet
  facet normal 0 0 1
    outer loop
      vertex 28.1185 12.0299 3.2
      vertex 33.4815 12.0299 3.2
      vertex 33.3889 12.0854 3.2
    endloop
  endfacet
  facet normal 0 0 1
    outer loop
      vertex 28.2111 12.0854 3.2
      vertex 33.3889 12.0854 3.2
      vertex 33.3022 12.1497 3.2
    endloop
  endfacet
  facet normal 0 0 1
    outer loop
      vertex 28.2978 12.1497 3.2
      vertex 33.3022 12.1497 3.2
      vertex 33.2222 12.2222 3.2
    endloop
  endfacet
  facet normal 0 0 1
    outer loop
      vertex 28.3778 12.2222 3.2
      vertex 33.2222 12.2222 3.2
      vertex 33.1497 12.3022 3.2
    endloop
  endfacet
  facet normal -0 0 1
    outer loop
      vertex 27.7078 11.9053 3.2
      vertex 35.5759 3.16337 3.2
      vertex 27.8146 11.9211 3.2
    endloop
  endfacet
  facet normal 0 0 1
    outer loop
      vertex 28.4503 12.3022 3.2
      vertex 33.1497 12.3022 3.2
      vertex 33.0854 12.3889 3.2
    endloop
  endfacet
  facet normal 0 0 1
    outer loop
      vertex 28.5146 12.3889 3.2
      vertex 33.0854 12.3889 3.2
      vertex 33.0299 12.4815 3.2
    endloop
  endfacet
  facet normal 0 0 1
    outer loop
      vertex 28.5701 12.4815 3.2
      vertex 33.0299 12.4815 3.2
      vertex 32.9975 12.55 3.2
    endloop
  endfacet
  facet normal 0 0 1
    outer loop
      vertex 28.5701 12.4815 3.2
      vertex 32.9975 12.55 3.2
      vertex 28.6025 12.55 3.2
    endloop
  endfacet
  facet normal 0 0 1
    outer loop
      vertex 33.0299 12.4815 3.2
      vertex 28.5701 12.4815 3.2
      vertex 28.5146 12.3889 3.2
    endloop
  endfacet
  facet normal 0 0 1
    outer loop
      vertex 33.0854 12.3889 3.2
      vertex 28.5146 12.3889 3.2
      vertex 28.4503 12.3022 3.2
    endloop
  endfacet
  facet normal 0 0 1
    outer loop
      vertex 33.1497 12.3022 3.2
      vertex 28.4503 12.3022 3.2
      vertex 28.3778 12.2222 3.2
    endloop
  endfacet
  facet normal 0 0 1
    outer loop
      vertex 33.2222 12.2222 3.2
      vertex 28.3778 12.2222 3.2
      vertex 28.2978 12.1497 3.2
    endloop
  endfacet
  facet normal 0 0 1
    outer loop
      vertex 33.3022 12.1497 3.2
      vertex 28.2978 12.1497 3.2
      vertex 28.2111 12.0854 3.2
    endloop
  endfacet
  facet normal 0 0 1
    outer loop
      vertex 33.3889 12.0854 3.2
      vertex 28.2111 12.0854 3.2
      vertex 28.1185 12.0299 3.2
    endloop
  endfacet
  facet normal 0 0 1
    outer loop
      vertex 35.5759 3.16337 3.2
      vertex 27.7078 11.9053 3.2
      vertex 35.5565 3.03232 3.2
    endloop
  endfacet
  facet normal -0 0 1
    outer loop
      vertex 27.6 11.9 3.2
      vertex 35.5565 3.03232 3.2
      vertex 27.7078 11.9053 3.2
    endloop
  endfacet
  facet normal 0 0 1
    outer loop
      vertex 27.4922 11.9053 3.2
      vertex 35.5565 3.03232 3.2
      vertex 27.6 11.9 3.2
    endloop
  endfacet
  facet normal 0 0 1
    outer loop
      vertex 35.5565 3.03232 3.2
      vertex 27.4922 11.9053 3.2
      vertex 35.55 2.9 3.2
    endloop
  endfacet
  facet normal 0 0 1
    outer loop
      vertex 27.3854 11.9211 3.2
      vertex 35.55 2.9 3.2
      vertex 27.4922 11.9053 3.2
    endloop
  endfacet
  facet normal 0 0 1
    outer loop
      vertex 35.55 2.9 3.2
      vertex 27.3854 11.9211 3.2
      vertex 35.5565 2.76768 3.2
    endloop
  endfacet
  facet normal 0 0 1
    outer loop
      vertex 27.2807 11.9474 3.2
      vertex 35.5565 2.76768 3.2
      vertex 27.3854 11.9211 3.2
    endloop
  endfacet
  facet normal 0 0 1
    outer loop
      vertex 35.5565 2.76768 3.2
      vertex 27.2807 11.9474 3.2
      vertex 35.5759 2.63663 3.2
    endloop
  endfacet
  facet normal -0 0 1
    outer loop
      vertex 19.9193 11.9474 3.2
      vertex 35.5759 2.63663 3.2
      vertex 27.2807 11.9474 3.2
    endloop
  endfacet
  facet normal 0 0 1
    outer loop
      vertex 35.5759 2.63663 3.2
      vertex 19.9193 11.9474 3.2
      vertex 35.6081 2.50812 3.2
    endloop
  endfacet
  facet normal -0 0 1
    outer loop
      vertex 19.8146 11.9211 3.2
      vertex 35.6081 2.50812 3.2
      vertex 19.9193 11.9474 3.2
    endloop
  endfacet
  facet normal 0 0 1
    outer loop
      vertex 35.6081 2.50812 3.2
      vertex 19.8146 11.9211 3.2
      vertex 35.6528 2.38338 3.2
    endloop
  endfacet
  facet normal -0 0 1
    outer loop
      vertex 19.7078 11.9053 3.2
      vertex 35.6528 2.38338 3.2
      vertex 19.8146 11.9211 3.2
    endloop
  endfacet
  facet normal 0 0 1
    outer loop
      vertex 23 12.55 3.2
      vertex 27.2807 11.9474 3.2
      vertex 27.179 11.9837 3.2
    endloop
  endfacet
  facet normal 0 0 1
    outer loop
      vertex 24.4 12.55 3.2
      vertex 27.179 11.9837 3.2
      vertex 27.0815 12.0299 3.2
    endloop
  endfacet
  facet normal 0 0 1
    outer loop
      vertex 24.4 12.55 3.2
      vertex 27.0815 12.0299 3.2
      vertex 26.9889 12.0854 3.2
    endloop
  endfacet
  facet normal 0 0 1
    outer loop
      vertex 24.4 12.55 3.2
      vertex 26.9889 12.0854 3.2
      vertex 26.9022 12.1497 3.2
    endloop
  endfacet
  facet normal 0 0 1
    outer loop
      vertex 24.4 12.55 3.2
      vertex 26.9022 12.1497 3.2
      vertex 26.8222 12.2222 3.2
    endloop
  endfacet
  facet normal 0 0 1
    outer loop
      vertex 24.4 12.55 3.2
      vertex 26.8222 12.2222 3.2
      vertex 26.7497 12.3022 3.2
    endloop
  endfacet
  facet normal -0 0 1
    outer loop
      vertex 24.4 12.55 3.2
      vertex 26.6299 12.4815 3.2
      vertex 26.5975 12.55 3.2
    endloop
  endfacet
  facet normal 0 0 1
    outer loop
      vertex 24.4 12.55 3.2
      vertex 26.6854 12.3889 3.2
      vertex 26.6299 12.4815 3.2
    endloop
  endfacet
  facet normal 0 0 1
    outer loop
      vertex 24.4 12.55 3.2
      vertex 26.7497 12.3022 3.2
      vertex 26.6854 12.3889 3.2
    endloop
  endfacet
  facet normal 0 0 1
    outer loop
      vertex 27.179 11.9837 3.2
      vertex 24.4 12.55 3.2
      vertex 23 12.55 3.2
    endloop
  endfacet
  facet normal 0 0 1
    outer loop
      vertex 27.2807 11.9474 3.2
      vertex 23 12.55 3.2
      vertex 19.9193 11.9474 3.2
    endloop
  endfacet
  facet normal 0 0 1
    outer loop
      vertex 23 12.55 3.2
      vertex 24.4 12.55 3.2
      vertex 23 19.25 3.2
    endloop
  endfacet
  facet normal 0 0 1
    outer loop
      vertex 35.6528 2.38338 3.2
      vertex 19.7078 11.9053 3.2
      vertex 35.7094 2.26362 3.2
    endloop
  endfacet
  facet normal -0 0 1
    outer loop
      vertex 19.6 11.9 3.2
      vertex 35.7094 2.26362 3.2
      vertex 19.7078 11.9053 3.2
    endloop
  endfacet
  facet normal 0 0 1
    outer loop
      vertex 20.5701 12.4815 3.2
      vertex 23 12.55 3.2
      vertex 20.6025 12.55 3.2
    endloop
  endfacet
  facet normal 0 0 1
    outer loop
      vertex 20.5146 12.3889 3.2
      vertex 23 12.55 3.2
      vertex 20.5701 12.4815 3.2
    endloop
  endfacet
  facet normal 0 0 1
    outer loop
      vertex 20.4503 12.3022 3.2
      vertex 23 12.55 3.2
      vertex 20.5146 12.3889 3.2
    endloop
  endfacet
  facet normal 0 0 1
    outer loop
      vertex 20.3778 12.2222 3.2
      vertex 23 12.55 3.2
      vertex 20.4503 12.3022 3.2
    endloop
  endfacet
  facet normal 0 0 1
    outer loop
      vertex 20.2978 12.1497 3.2
      vertex 23 12.55 3.2
      vertex 20.3778 12.2222 3.2
    endloop
  endfacet
  facet normal 0 0 1
    outer loop
      vertex 20.2111 12.0854 3.2
      vertex 23 12.55 3.2
      vertex 20.2978 12.1497 3.2
    endloop
  endfacet
  facet normal 0 0 1
    outer loop
      vertex 20.1185 12.0299 3.2
      vertex 23 12.55 3.2
      vertex 20.2111 12.0854 3.2
    endloop
  endfacet
  facet normal 0 0 1
    outer loop
      vertex 20.021 11.9837 3.2
      vertex 23 12.55 3.2
      vertex 20.1185 12.0299 3.2
    endloop
  endfacet
  facet normal 0 0 1
    outer loop
      vertex 19.9193 11.9474 3.2
      vertex 23 12.55 3.2
      vertex 20.021 11.9837 3.2
    endloop
  endfacet
  facet normal 0 0 1
    outer loop
      vertex 4.09059 2.26362 3.2
      vertex 35.7094 2.26362 3.2
      vertex 19.6 11.9 3.2
    endloop
  endfacet
  facet normal 0 0 1
    outer loop
      vertex 35.7094 2.26362 3.2
      vertex 4.09059 2.26362 3.2
      vertex 35.7775 2.14998 3.2
    endloop
  endfacet
  facet normal 0 0 1
    outer loop
      vertex 4.02248 2.14998 3.2
      vertex 35.7775 2.14998 3.2
      vertex 4.09059 2.26362 3.2
    endloop
  endfacet
  facet normal 0 0 1
    outer loop
      vertex 35.7775 2.14998 3.2
      vertex 4.02248 2.14998 3.2
      vertex 35.8564 2.04357 3.2
    endloop
  endfacet
  facet normal 0 0 1
    outer loop
      vertex 3.94356 2.04357 3.2
      vertex 35.8564 2.04357 3.2
      vertex 4.02248 2.14998 3.2
    endloop
  endfacet
  facet normal 0 0 1
    outer loop
      vertex 35.8564 2.04357 3.2
      vertex 3.94356 2.04357 3.2
      vertex 35.9454 1.94541 3.2
    endloop
  endfacet
  facet normal 0 0 1
    outer loop
      vertex 4.14724 2.38338 3.2
      vertex 19.6 11.9 3.2
      vertex 19.4922 11.9053 3.2
    endloop
  endfacet
  facet normal 0 0 1
    outer loop
      vertex 4.19187 2.50812 3.2
      vertex 19.4922 11.9053 3.2
      vertex 19.3854 11.9211 3.2
    endloop
  endfacet
  facet normal 0 0 1
    outer loop
      vertex 4.22406 2.63663 3.2
      vertex 19.3854 11.9211 3.2
      vertex 19.2807 11.9474 3.2
    endloop
  endfacet
  facet normal 0 0 1
    outer loop
      vertex 13.5193 11.9474 3.2
      vertex 19.2807 11.9474 3.2
      vertex 19.179 11.9837 3.2
    endloop
  endfacet
  facet normal 0 0 1
    outer loop
      vertex 13.621 11.9837 3.2
      vertex 19.179 11.9837 3.2
      vertex 19.0815 12.0299 3.2
    endloop
  endfacet
  facet normal 0 0 1
    outer loop
      vertex 13.7185 12.0299 3.2
      vertex 19.0815 12.0299 3.2
      vertex 18.9889 12.0854 3.2
    endloop
  endfacet
  facet normal -0 0 1
    outer loop
      vertex 14.2025 12.55 3.2
      vertex 18.6299 12.4815 3.2
      vertex 18.5975 12.55 3.2
    endloop
  endfacet
  facet normal 0 0 1
    outer loop
      vertex 14.1701 12.4815 3.2
      vertex 18.6299 12.4815 3.2
      vertex 14.2025 12.55 3.2
    endloop
  endfacet
  facet normal 0 0 1
    outer loop
      vertex 18.6299 12.4815 3.2
      vertex 14.1701 12.4815 3.2
      vertex 18.6854 12.3889 3.2
    endloop
  endfacet
  facet normal 0 0 1
    outer loop
      vertex 14.1146 12.3889 3.2
      vertex 18.6854 12.3889 3.2
      vertex 14.1701 12.4815 3.2
    endloop
  endfacet
  facet normal 0 0 1
    outer loop
      vertex 18.6854 12.3889 3.2
      vertex 14.1146 12.3889 3.2
      vertex 18.7497 12.3022 3.2
    endloop
  endfacet
  facet normal 0 0 1
    outer loop
      vertex 14.0503 12.3022 3.2
      vertex 18.7497 12.3022 3.2
      vertex 14.1146 12.3889 3.2
    endloop
  endfacet
  facet normal 0 0 1
    outer loop
      vertex 18.7497 12.3022 3.2
      vertex 14.0503 12.3022 3.2
      vertex 18.8222 12.2222 3.2
    endloop
  endfacet
  facet normal 0 0 1
    outer loop
      vertex 13.9778 12.2222 3.2
      vertex 18.8222 12.2222 3.2
      vertex 14.0503 12.3022 3.2
    endloop
  endfacet
  facet normal 0 0 1
    outer loop
      vertex 18.8222 12.2222 3.2
      vertex 13.9778 12.2222 3.2
      vertex 18.9022 12.1497 3.2
    endloop
  endfacet
  facet normal 0 0 1
    outer loop
      vertex 13.8978 12.1497 3.2
      vertex 18.9022 12.1497 3.2
      vertex 13.9778 12.2222 3.2
    endloop
  endfacet
  facet normal 0 0 1
    outer loop
      vertex 18.9022 12.1497 3.2
      vertex 13.8978 12.1497 3.2
      vertex 18.9889 12.0854 3.2
    endloop
  endfacet
  facet normal 0 0 1
    outer loop
      vertex 13.8111 12.0854 3.2
      vertex 18.9889 12.0854 3.2
      vertex 13.8978 12.1497 3.2
    endloop
  endfacet
  facet normal 0 0 1
    outer loop
      vertex 13.7185 12.0299 3.2
      vertex 18.9889 12.0854 3.2
      vertex 13.8111 12.0854 3.2
    endloop
  endfacet
  facet normal 0 0 1
    outer loop
      vertex 19.0815 12.0299 3.2
      vertex 13.7185 12.0299 3.2
      vertex 13.621 11.9837 3.2
    endloop
  endfacet
  facet normal 0 0 1
    outer loop
      vertex 19.179 11.9837 3.2
      vertex 13.621 11.9837 3.2
      vertex 13.5193 11.9474 3.2
    endloop
  endfacet
  facet normal 0 0 1
    outer loop
      vertex 19.2807 11.9474 3.2
      vertex 13.5193 11.9474 3.2
      vertex 4.22406 2.63663 3.2
    endloop
  endfacet
  facet normal 0 0 1
    outer loop
      vertex 4.22406 2.63663 3.2
      vertex 13.5193 11.9474 3.2
      vertex 13.4146 11.9211 3.2
    endloop
  endfacet
  facet normal 0 0 1
    outer loop
      vertex 4.22406 2.63663 3.2
      vertex 13.4146 11.9211 3.2
      vertex 13.3078 11.9053 3.2
    endloop
  endfacet
  facet normal 0 0 1
    outer loop
      vertex 4.2435 2.76768 3.2
      vertex 13.3078 11.9053 3.2
      vertex 13.2 11.9 3.2
    endloop
  endfacet
  facet normal 0 0 1
    outer loop
      vertex 4.25 2.9 3.2
      vertex 13.2 11.9 3.2
      vertex 13.0922 11.9053 3.2
    endloop
  endfacet
  facet normal 0 0 1
    outer loop
      vertex 4.2435 3.03232 3.2
      vertex 13.0922 11.9053 3.2
      vertex 12.9854 11.9211 3.2
    endloop
  endfacet
  facet normal 0 0 1
    outer loop
      vertex 4.2435 3.03232 3.2
      vertex 12.9854 11.9211 3.2
      vertex 12.8807 11.9474 3.2
    endloop
  endfacet
  facet normal 0 0 1
    outer loop
      vertex 4.2435 3.03232 3.2
      vertex 12.8807 11.9474 3.2
      vertex 12.779 11.9837 3.2
    endloop
  endfacet
  facet normal -0 0 1
    outer loop
      vertex 10 12.55 3.2
      vertex 12.2299 12.4815 3.2
      vertex 12.1975 12.55 3.2
    endloop
  endfacet
  facet normal 0 0 1
    outer loop
      vertex 10 12.55 3.2
      vertex 12.2854 12.3889 3.2
      vertex 12.2299 12.4815 3.2
    endloop
  endfacet
  facet normal 0 0 1
    outer loop
      vertex 10 12.55 3.2
      vertex 12.3497 12.3022 3.2
      vertex 12.2854 12.3889 3.2
    endloop
  endfacet
  facet normal 0 0 1
    outer loop
      vertex 10 12.55 3.2
      vertex 12.4222 12.2222 3.2
      vertex 12.3497 12.3022 3.2
    endloop
  endfacet
  facet normal 0 0 1
    outer loop
      vertex 10 12.55 3.2
      vertex 12.5022 12.1497 3.2
      vertex 12.4222 12.2222 3.2
    endloop
  endfacet
  facet normal 0 0 1
    outer loop
      vertex 10 12.55 3.2
      vertex 12.5889 12.0854 3.2
      vertex 12.5022 12.1497 3.2
    endloop
  endfacet
  facet normal 0 0 1
    outer loop
      vertex 10 12.55 3.2
      vertex 12.6815 12.0299 3.2
      vertex 12.5889 12.0854 3.2
    endloop
  endfacet
  facet normal 0 0 1
    outer loop
      vertex 10 12.55 3.2
      vertex 12.779 11.9837 3.2
      vertex 12.6815 12.0299 3.2
    endloop
  endfacet
  facet normal 0 0 1
    outer loop
      vertex 4.2435 3.03232 3.2
      vertex 12.779 11.9837 3.2
      vertex 10 12.55 3.2
    endloop
  endfacet
  facet normal 0 0 1
    outer loop
      vertex 4.44783 17.1359 3.2
      vertex 10 19.25 3.2
      vertex 4.45 17.18 3.2
    endloop
  endfacet
  facet normal 0 0 1
    outer loop
      vertex 4.44135 17.0922 3.2
      vertex 10 19.25 3.2
      vertex 4.44783 17.1359 3.2
    endloop
  endfacet
  facet normal 0 0 1
    outer loop
      vertex 4.43062 17.0494 3.2
      vertex 10 19.25 3.2
      vertex 4.44135 17.0922 3.2
    endloop
  endfacet
  facet normal 0 0 1
    outer loop
      vertex 10 19.25 3.2
      vertex 4.43062 17.0494 3.2
      vertex 10 12.55 3.2
    endloop
  endfacet
  facet normal -0 0 1
    outer loop
      vertex 4.41575 17.0078 3.2
      vertex 10 12.55 3.2
      vertex 4.43062 17.0494 3.2
    endloop
  endfacet
  facet normal -0 0 1
    outer loop
      vertex 4.39686 16.9679 3.2
      vertex 10 12.55 3.2
      vertex 4.41575 17.0078 3.2
    endloop
  endfacet
  facet normal -0 0 1
    outer loop
      vertex 4.37416 16.93 3.2
      vertex 10 12.55 3.2
      vertex 4.39686 16.9679 3.2
    endloop
  endfacet
  facet normal -0 0 1
    outer loop
      vertex 4.34785 16.8945 3.2
      vertex 10 12.55 3.2
      vertex 4.37416 16.93 3.2
    endloop
  endfacet
  facet normal -0 0 1
    outer loop
      vertex 4.3182 16.8618 3.2
      vertex 10 12.55 3.2
      vertex 4.34785 16.8945 3.2
    endloop
  endfacet
  facet normal -0 0 1
    outer loop
      vertex 4.28548 16.8321 3.2
      vertex 10 12.55 3.2
      vertex 4.3182 16.8618 3.2
    endloop
  endfacet
  facet normal -0 0 1
    outer loop
      vertex 4.25001 16.8058 3.2
      vertex 10 12.55 3.2
      vertex 4.28548 16.8321 3.2
    endloop
  endfacet
  facet normal -0 0 1
    outer loop
      vertex 4.21213 16.7831 3.2
      vertex 10 12.55 3.2
      vertex 4.25001 16.8058 3.2
    endloop
  endfacet
  facet normal 0 0 1
    outer loop
      vertex 13.2 11.9 3.2
      vertex 4.25 2.9 3.2
      vertex 4.2435 2.76768 3.2
    endloop
  endfacet
  facet normal 0 0 1
    outer loop
      vertex 13.3078 11.9053 3.2
      vertex 4.2435 2.76768 3.2
      vertex 4.22406 2.63663 3.2
    endloop
  endfacet
  facet normal 0 0 1
    outer loop
      vertex 19.3854 11.9211 3.2
      vertex 4.22406 2.63663 3.2
      vertex 4.19187 2.50812 3.2
    endloop
  endfacet
  facet normal 0 0 1
    outer loop
      vertex 19.4922 11.9053 3.2
      vertex 4.19187 2.50812 3.2
      vertex 4.14724 2.38338 3.2
    endloop
  endfacet
  facet normal 0 0 1
    outer loop
      vertex 19.6 11.9 3.2
      vertex 4.14724 2.38338 3.2
      vertex 4.09059 2.26362 3.2
    endloop
  endfacet
  facet normal 0 0 1
    outer loop
      vertex 3.85459 1.94541 3.2
      vertex 35.9454 1.94541 3.2
      vertex 3.94356 2.04357 3.2
    endloop
  endfacet
  facet normal 0 0 1
    outer loop
      vertex 35.9454 1.94541 3.2
      vertex 3.85459 1.94541 3.2
      vertex 36.0436 1.85644 3.2
    endloop
  endfacet
  facet normal 0 0 1
    outer loop
      vertex 3.75643 1.85644 3.2
      vertex 36.0436 1.85644 3.2
      vertex 3.85459 1.94541 3.2
    endloop
  endfacet
  facet normal 0 0 1
    outer loop
      vertex 36.0436 1.85644 3.2
      vertex 3.75643 1.85644 3.2
      vertex 36.15 1.77752 3.2
    endloop
  endfacet
  facet normal 0 0 1
    outer loop
      vertex 3.65002 1.77752 3.2
      vertex 36.15 1.77752 3.2
      vertex 3.75643 1.85644 3.2
    endloop
  endfacet
  facet normal 0 0 1
    outer loop
      vertex 36.15 1.77752 3.2
      vertex 3.65002 1.77752 3.2
      vertex 38.6 0 3.2
    endloop
  endfacet
  facet normal 0 0 1
    outer loop
      vertex 1.2 0 3.2
      vertex 3.65002 1.77752 3.2
      vertex 3.53639 1.70941 3.2
    endloop
  endfacet
  facet normal 0 0 1
    outer loop
      vertex 1.2 0 3.2
      vertex 3.53639 1.70941 3.2
      vertex 3.41662 1.65276 3.2
    endloop
  endfacet
  facet normal 0 0 1
    outer loop
      vertex 1.2 0 3.2
      vertex 3.41662 1.65276 3.2
      vertex 3.29188 1.60813 3.2
    endloop
  endfacet
  facet normal 0 0 1
    outer loop
      vertex 1.2 0 3.2
      vertex 3.29188 1.60813 3.2
      vertex 3.16337 1.57594 3.2
    endloop
  endfacet
  facet normal 0 0 1
    outer loop
      vertex 1.2 0 3.2
      vertex 3.16337 1.57594 3.2
      vertex 3.03232 1.5565 3.2
    endloop
  endfacet
  facet normal 0 0 1
    outer loop
      vertex 1.2 0 3.2
      vertex 3.03232 1.5565 3.2
      vertex 2.9 1.55 3.2
    endloop
  endfacet
  facet normal 0 0 1
    outer loop
      vertex 3.65002 1.77752 3.2
      vertex 1.2 0 3.2
      vertex 38.6 0 3.2
    endloop
  endfacet
  facet normal 0 0 1
    outer loop
      vertex 2.76768 1.5565 3.2
      vertex 1.2 0 3.2
      vertex 2.9 1.55 3.2
    endloop
  endfacet
  facet normal 0 0 1
    outer loop
      vertex 2.63663 1.57594 3.2
      vertex 1.2 0 3.2
      vertex 2.76768 1.5565 3.2
    endloop
  endfacet
  facet normal 0 0 1
    outer loop
      vertex 2.50812 1.60813 3.2
      vertex 1.2 0 3.2
      vertex 2.63663 1.57594 3.2
    endloop
  endfacet
  facet normal 0 0 1
    outer loop
      vertex 2.38338 1.65276 3.2
      vertex 1.2 0 3.2
      vertex 2.50812 1.60813 3.2
    endloop
  endfacet
  facet normal 0 0 1
    outer loop
      vertex 2.26362 1.70941 3.2
      vertex 1.2 0 3.2
      vertex 2.38338 1.65276 3.2
    endloop
  endfacet
  facet normal 0 0 1
    outer loop
      vertex 2.14998 1.77752 3.2
      vertex 1.2 0 3.2
      vertex 2.26362 1.70941 3.2
    endloop
  endfacet
  facet normal 0 0 1
    outer loop
      vertex 2.04357 1.85644 3.2
      vertex 1.2 0 3.2
      vertex 2.14998 1.77752 3.2
    endloop
  endfacet
  facet normal 0 0 1
    outer loop
      vertex 1.94541 1.94541 3.2
      vertex 1.2 0 3.2
      vertex 2.04357 1.85644 3.2
    endloop
  endfacet
  facet normal 0 0 1
    outer loop
      vertex 1.85644 2.04357 3.2
      vertex 1.2 0 3.2
      vertex 1.94541 1.94541 3.2
    endloop
  endfacet
  facet normal 0 0 1
    outer loop
      vertex 1.77752 2.14998 3.2
      vertex 1.2 0 3.2
      vertex 1.85644 2.04357 3.2
    endloop
  endfacet
  facet normal 0 0 1
    outer loop
      vertex 1.70941 2.26362 3.2
      vertex 1.2 0 3.2
      vertex 1.77752 2.14998 3.2
    endloop
  endfacet
  facet normal 0 0 1
    outer loop
      vertex 1.65276 2.38338 3.2
      vertex 1.2 0 3.2
      vertex 1.70941 2.26362 3.2
    endloop
  endfacet
  facet normal 0 0 1
    outer loop
      vertex 1.60813 2.50812 3.2
      vertex 1.2 0 3.2
      vertex 1.65276 2.38338 3.2
    endloop
  endfacet
  facet normal 0 0 1
    outer loop
      vertex 1.57594 2.63663 3.2
      vertex 1.2 0 3.2
      vertex 1.60813 2.50812 3.2
    endloop
  endfacet
  facet normal 0 0 1
    outer loop
      vertex 1.5565 2.76768 3.2
      vertex 1.2 0 3.2
      vertex 1.57594 2.63663 3.2
    endloop
  endfacet
  facet normal 0 0 1
    outer loop
      vertex 1.2 0 3.2
      vertex 1.5565 2.76768 3.2
      vertex 1.55 2.9 3.2
    endloop
  endfacet
  facet normal 0 0 1
    outer loop
      vertex 37.5364 4.09059 3.2
      vertex 37.4 12.55 3.2
      vertex 37.4166 4.14724 3.2
    endloop
  endfacet
  facet normal 0 0 1
    outer loop
      vertex 37.4 12.55 3.2
      vertex 37.2919 4.19187 3.2
      vertex 37.4166 4.14724 3.2
    endloop
  endfacet
  facet normal 0 0 1
    outer loop
      vertex 37.4 12.55 3.2
      vertex 37.1634 4.22406 3.2
      vertex 37.2919 4.19187 3.2
    endloop
  endfacet
  facet normal 0 0 1
    outer loop
      vertex 37.4 12.55 3.2
      vertex 37.0323 4.2435 3.2
      vertex 37.1634 4.22406 3.2
    endloop
  endfacet
  facet normal 0 0 1
    outer loop
      vertex 37.4 12.55 3.2
      vertex 36.9 4.25 3.2
      vertex 37.0323 4.2435 3.2
    endloop
  endfacet
  facet normal 0 0 1
    outer loop
      vertex 37.4 12.55 3.2
      vertex 36.7677 4.2435 3.2
      vertex 36.9 4.25 3.2
    endloop
  endfacet
  facet normal 0 0 1
    outer loop
      vertex 34.9701 12.4815 3.2
      vertex 37.4 12.55 3.2
      vertex 35.0025 12.55 3.2
    endloop
  endfacet
  facet normal 0 0 1
    outer loop
      vertex 34.9146 12.3889 3.2
      vertex 37.4 12.55 3.2
      vertex 34.9701 12.4815 3.2
    endloop
  endfacet
  facet normal 0 0 1
    outer loop
      vertex 34.8503 12.3022 3.2
      vertex 37.4 12.55 3.2
      vertex 34.9146 12.3889 3.2
    endloop
  endfacet
  facet normal 0 0 1
    outer loop
      vertex 34.7778 12.2222 3.2
      vertex 37.4 12.55 3.2
      vertex 34.8503 12.3022 3.2
    endloop
  endfacet
  facet normal 0 0 1
    outer loop
      vertex 34.6978 12.1497 3.2
      vertex 37.4 12.55 3.2
      vertex 34.7778 12.2222 3.2
    endloop
  endfacet
  facet normal 0 0 1
    outer loop
      vertex 34.6111 12.0854 3.2
      vertex 37.4 12.55 3.2
      vertex 34.6978 12.1497 3.2
    endloop
  endfacet
  facet normal 0 0 1
    outer loop
      vertex 34.5185 12.0299 3.2
      vertex 37.4 12.55 3.2
      vertex 34.6111 12.0854 3.2
    endloop
  endfacet
  facet normal 0 0 1
    outer loop
      vertex 37.4 12.55 3.2
      vertex 34.5185 12.0299 3.2
      vertex 36.7677 4.2435 3.2
    endloop
  endfacet
  facet normal -0 0 1
    outer loop
      vertex 34.421 11.9837 3.2
      vertex 36.7677 4.2435 3.2
      vertex 34.5185 12.0299 3.2
    endloop
  endfacet
  facet normal 0 0 1
    outer loop
      vertex 36.7677 4.2435 3.2
      vertex 34.421 11.9837 3.2
      vertex 36.6366 4.22406 3.2
    endloop
  endfacet
  facet normal -0 0 1
    outer loop
      vertex 34.3193 11.9474 3.2
      vertex 36.6366 4.22406 3.2
      vertex 34.421 11.9837 3.2
    endloop
  endfacet
  facet normal 0 0 1
    outer loop
      vertex 36.6366 4.22406 3.2
      vertex 34.3193 11.9474 3.2
      vertex 36.5081 4.19187 3.2
    endloop
  endfacet
  facet normal -0 0 1
    outer loop
      vertex 34.2146 11.9211 3.2
      vertex 36.5081 4.19187 3.2
      vertex 34.3193 11.9474 3.2
    endloop
  endfacet
  facet normal 0 0 1
    outer loop
      vertex 36.3834 4.14724 3.2
      vertex 34.1078 11.9053 3.2
      vertex 36.2636 4.09059 3.2
    endloop
  endfacet
  facet normal -0 0 1
    outer loop
      vertex 34.1078 11.9053 3.2
      vertex 36.3834 4.14724 3.2
      vertex 34.2146 11.9211 3.2
    endloop
  endfacet
  facet normal 0 0 1
    outer loop
      vertex 36.5081 4.19187 3.2
      vertex 34.2146 11.9211 3.2
      vertex 36.3834 4.14724 3.2
    endloop
  endfacet
  facet normal -0.857726 -0.514107 0
    outer loop
      vertex 0.202236 0.533316 0
      vertex 0.141694 0.634323 3.2
      vertex 0.141694 0.634323 0
    endloop
  endfacet
  facet normal -0.857726 -0.514107 0
    outer loop
      vertex 0.141694 0.634323 3.2
      vertex 0.202236 0.533316 0
      vertex 0.202236 0.533316 3.2
    endloop
  endfacet
  facet normal -0.595694 -0.803212 0
    outer loop
      vertex 0.438727 0.272387 0
      vertex 0.533316 0.202236 3.2
      vertex 0.438727 0.272387 3.2
    endloop
  endfacet
  facet normal -0.595694 -0.803212 -0
    outer loop
      vertex 0.533316 0.202236 3.2
      vertex 0.438727 0.272387 0
      vertex 0.533316 0.202236 0
    endloop
  endfacet
  facet normal -0.0492515 0.998786 0
    outer loop
      vertex 1.2 31.8 0
      vertex 1.08238 31.7942 3.2
      vertex 1.2 31.8 3.2
    endloop
  endfacet
  facet normal -0.0492515 0.998786 0
    outer loop
      vertex 1.08238 31.7942 3.2
      vertex 1.2 31.8 0
      vertex 1.08238 31.7942 0
    endloop
  endfacet
  facet normal -1 0 0
    outer loop
      vertex 2.8 5.74 1.4
      vertex 2.8 26.06 3.2
      vertex 2.8 26.06 1.4
    endloop
  endfacet
  facet normal -1 -0 0
    outer loop
      vertex 2.8 26.06 3.2
      vertex 2.8 5.74 1.4
      vertex 2.8 5.74 3.2
    endloop
  endfacet
  facet normal -0 0 1
    outer loop
      vertex 0 26.06 1.4
      vertex 2.8 5.74 1.4
      vertex 2.8 26.06 1.4
    endloop
  endfacet
  facet normal 0 0 1
    outer loop
      vertex 2.8 5.74 1.4
      vertex 0 26.06 1.4
      vertex 0 5.74 1.4
    endloop
  endfacet
  facet normal 0 -1 0
    outer loop
      vertex 0 26.06 1.4
      vertex 2.8 26.06 3.2
      vertex 0 26.06 3.2
    endloop
  endfacet
  facet normal 0 -1 -0
    outer loop
      vertex 2.8 26.06 3.2
      vertex 0 26.06 1.4
      vertex 2.8 26.06 1.4
    endloop
  endfacet
  facet normal 0 1 -0
    outer loop
      vertex 2.8 5.74 1.4
      vertex 0 5.74 3.2
      vertex 2.8 5.74 3.2
    endloop
  endfacet
  facet normal 0 1 0
    outer loop
      vertex 0 5.74 3.2
      vertex 2.8 5.74 1.4
      vertex 0 5.74 1.4
    endloop
  endfacet
endsolid OpenSCAD_Model
