solid OpenSCAD_Model
  facet normal -0.989176 -0.146735 0
    outer loop
      vertex 4.2435 3.03232 0
      vertex 4.22406 3.16337 6
      vertex 4.22406 3.16337 0
    endloop
  endfacet
  facet normal -0.989176 -0.146735 0
    outer loop
      vertex 4.22406 3.16337 6
      vertex 4.2435 3.03232 0
      vertex 4.2435 3.03232 6
    endloop
  endfacet
  facet normal -0.998796 -0.0490642 0
    outer loop
      vertex 4.25 2.9 0
      vertex 4.2435 3.03232 6
      vertex 4.2435 3.03232 0
    endloop
  endfacet
  facet normal -0.998796 -0.0490642 0
    outer loop
      vertex 4.2435 3.03232 6
      vertex 4.25 2.9 0
      vertex 4.25 2.9 6
    endloop
  endfacet
  facet normal -0.970031 -0.24298 0
    outer loop
      vertex 4.22406 3.16337 0
      vertex 4.19187 3.29188 6
      vertex 4.19187 3.29188 0
    endloop
  endfacet
  facet normal -0.970031 -0.24298 0
    outer loop
      vertex 4.19187 3.29188 6
      vertex 4.22406 3.16337 0
      vertex 4.22406 3.16337 6
    endloop
  endfacet
  facet normal -0.336872 -0.94155 0
    outer loop
      vertex 3.29188 4.19187 0
      vertex 3.41662 4.14724 6
      vertex 3.29188 4.19187 6
    endloop
  endfacet
  facet normal -0.336872 -0.94155 -0
    outer loop
      vertex 3.41662 4.14724 6
      vertex 3.29188 4.19187 0
      vertex 3.41662 4.14724 0
    endloop
  endfacet
  facet normal -0.989176 0.146735 0
    outer loop
      vertex 4.22406 2.63663 0
      vertex 4.2435 2.76768 6
      vertex 4.2435 2.76768 0
    endloop
  endfacet
  facet normal -0.989176 0.146735 0
    outer loop
      vertex 4.2435 2.76768 6
      vertex 4.22406 2.63663 0
      vertex 4.22406 2.63663 6
    endloop
  endfacet
  facet normal -0.803204 -0.595704 0
    outer loop
      vertex 4.02248 3.65002 0
      vertex 3.94356 3.75643 6
      vertex 3.94356 3.75643 0
    endloop
  endfacet
  facet normal -0.803204 -0.595704 0
    outer loop
      vertex 3.94356 3.75643 6
      vertex 4.02248 3.65002 0
      vertex 4.02248 3.65002 6
    endloop
  endfacet
  facet normal -0.595704 -0.803204 0
    outer loop
      vertex 3.65002 4.02248 0
      vertex 3.75643 3.94356 6
      vertex 3.65002 4.02248 6
    endloop
  endfacet
  facet normal -0.595704 -0.803204 -0
    outer loop
      vertex 3.75643 3.94356 6
      vertex 3.65002 4.02248 0
      vertex 3.75643 3.94356 0
    endloop
  endfacet
  facet normal -0.998796 0.0490642 0
    outer loop
      vertex 4.2435 2.76768 0
      vertex 4.25 2.9 6
      vertex 4.25 2.9 0
    endloop
  endfacet
  facet normal -0.998796 0.0490642 0
    outer loop
      vertex 4.25 2.9 6
      vertex 4.2435 2.76768 0
      vertex 4.2435 2.76768 6
    endloop
  endfacet
  facet normal -0.24298 -0.970031 0
    outer loop
      vertex 3.16337 4.22406 0
      vertex 3.29188 4.19187 6
      vertex 3.16337 4.22406 6
    endloop
  endfacet
  facet normal -0.24298 -0.970031 -0
    outer loop
      vertex 3.29188 4.19187 6
      vertex 3.16337 4.22406 0
      vertex 3.29188 4.19187 0
    endloop
  endfacet
  facet normal 0.970031 -0.24298 0
    outer loop
      vertex 1.57594 3.16337 6
      vertex 1.60813 3.29188 0
      vertex 1.60813 3.29188 6
    endloop
  endfacet
  facet normal 0.970031 -0.24298 0
    outer loop
      vertex 1.60813 3.29188 0
      vertex 1.57594 3.16337 6
      vertex 1.57594 3.16337 0
    endloop
  endfacet
  facet normal 0.74094 -0.671571 0
    outer loop
      vertex 1.85644 3.75643 6
      vertex 1.94541 3.85459 0
      vertex 1.94541 3.85459 6
    endloop
  endfacet
  facet normal 0.74094 -0.671571 0
    outer loop
      vertex 1.94541 3.85459 0
      vertex 1.85644 3.75643 6
      vertex 1.85644 3.75643 0
    endloop
  endfacet
  facet normal -0.427574 -0.903981 0
    outer loop
      vertex 3.41662 4.14724 0
      vertex 3.53639 4.09059 6
      vertex 3.41662 4.14724 6
    endloop
  endfacet
  facet normal -0.427574 -0.903981 -0
    outer loop
      vertex 3.53639 4.09059 6
      vertex 3.41662 4.14724 0
      vertex 3.53639 4.09059 0
    endloop
  endfacet
  facet normal 0.903967 0.427603 0
    outer loop
      vertex 1.70941 2.26362 6
      vertex 1.65276 2.38338 0
      vertex 1.65276 2.38338 6
    endloop
  endfacet
  facet normal 0.903967 0.427603 0
    outer loop
      vertex 1.65276 2.38338 0
      vertex 1.70941 2.26362 6
      vertex 1.70941 2.26362 0
    endloop
  endfacet
  facet normal -0.671571 0.74094 0
    outer loop
      vertex 3.85459 1.94541 0
      vertex 3.75643 1.85644 6
      vertex 3.85459 1.94541 6
    endloop
  endfacet
  facet normal -0.671571 0.74094 0
    outer loop
      vertex 3.75643 1.85644 6
      vertex 3.85459 1.94541 0
      vertex 3.75643 1.85644 0
    endloop
  endfacet
  facet normal 0.595704 0.803204 -0
    outer loop
      vertex 2.14998 1.77752 0
      vertex 2.04357 1.85644 6
      vertex 2.14998 1.77752 6
    endloop
  endfacet
  facet normal 0.595704 0.803204 0
    outer loop
      vertex 2.04357 1.85644 6
      vertex 2.14998 1.77752 0
      vertex 2.04357 1.85644 0
    endloop
  endfacet
  facet normal -0.94155 -0.336872 0
    outer loop
      vertex 4.19187 3.29188 0
      vertex 4.14724 3.41662 6
      vertex 4.14724 3.41662 0
    endloop
  endfacet
  facet normal -0.94155 -0.336872 0
    outer loop
      vertex 4.14724 3.41662 6
      vertex 4.19187 3.29188 0
      vertex 4.19187 3.29188 6
    endloop
  endfacet
  facet normal 0.803204 0.595704 0
    outer loop
      vertex 1.85644 2.04357 6
      vertex 1.77752 2.14998 0
      vertex 1.77752 2.14998 6
    endloop
  endfacet
  facet normal 0.803204 0.595704 0
    outer loop
      vertex 1.77752 2.14998 0
      vertex 1.85644 2.04357 6
      vertex 1.85644 2.04357 0
    endloop
  endfacet
  facet normal 0.998796 0.0490642 0
    outer loop
      vertex 1.5565 2.76768 6
      vertex 1.55 2.9 0
      vertex 1.55 2.9 6
    endloop
  endfacet
  facet normal 0.998796 0.0490642 0
    outer loop
      vertex 1.55 2.9 0
      vertex 1.5565 2.76768 6
      vertex 1.5565 2.76768 0
    endloop
  endfacet
  facet normal -0.336872 0.94155 0
    outer loop
      vertex 3.41662 1.65276 0
      vertex 3.29188 1.60813 6
      vertex 3.41662 1.65276 6
    endloop
  endfacet
  facet normal -0.336872 0.94155 0
    outer loop
      vertex 3.29188 1.60813 6
      vertex 3.41662 1.65276 0
      vertex 3.29188 1.60813 0
    endloop
  endfacet
  facet normal 0.0490642 -0.998796 0
    outer loop
      vertex 2.76768 4.2435 0
      vertex 2.9 4.25 6
      vertex 2.76768 4.2435 6
    endloop
  endfacet
  facet normal 0.0490642 -0.998796 0
    outer loop
      vertex 2.9 4.25 6
      vertex 2.76768 4.2435 0
      vertex 2.9 4.25 0
    endloop
  endfacet
  facet normal -0.595704 0.803204 0
    outer loop
      vertex 3.75643 1.85644 0
      vertex 3.65002 1.77752 6
      vertex 3.75643 1.85644 6
    endloop
  endfacet
  facet normal -0.595704 0.803204 0
    outer loop
      vertex 3.65002 1.77752 6
      vertex 3.75643 1.85644 0
      vertex 3.65002 1.77752 0
    endloop
  endfacet
  facet normal 0.74094 0.671571 0
    outer loop
      vertex 1.94541 1.94541 6
      vertex 1.85644 2.04357 0
      vertex 1.85644 2.04357 6
    endloop
  endfacet
  facet normal 0.74094 0.671571 0
    outer loop
      vertex 1.85644 2.04357 0
      vertex 1.94541 1.94541 6
      vertex 1.94541 1.94541 0
    endloop
  endfacet
  facet normal -0.803204 0.595704 0
    outer loop
      vertex 3.94356 2.04357 0
      vertex 4.02248 2.14998 6
      vertex 4.02248 2.14998 0
    endloop
  endfacet
  facet normal -0.803204 0.595704 0
    outer loop
      vertex 4.02248 2.14998 6
      vertex 3.94356 2.04357 0
      vertex 3.94356 2.04357 6
    endloop
  endfacet
  facet normal 0.857739 0.514085 0
    outer loop
      vertex 1.77752 2.14998 6
      vertex 1.70941 2.26362 0
      vertex 1.70941 2.26362 6
    endloop
  endfacet
  facet normal 0.857739 0.514085 0
    outer loop
      vertex 1.70941 2.26362 0
      vertex 1.77752 2.14998 6
      vertex 1.77752 2.14998 0
    endloop
  endfacet
  facet normal -0.146735 -0.989176 0
    outer loop
      vertex 3.03232 4.2435 0
      vertex 3.16337 4.22406 6
      vertex 3.03232 4.2435 6
    endloop
  endfacet
  facet normal -0.146735 -0.989176 -0
    outer loop
      vertex 3.16337 4.22406 6
      vertex 3.03232 4.2435 0
      vertex 3.16337 4.22406 0
    endloop
  endfacet
  facet normal -0.146735 0.989176 0
    outer loop
      vertex 3.16337 1.57594 0
      vertex 3.03232 1.5565 6
      vertex 3.16337 1.57594 6
    endloop
  endfacet
  facet normal -0.146735 0.989176 0
    outer loop
      vertex 3.03232 1.5565 6
      vertex 3.16337 1.57594 0
      vertex 3.03232 1.5565 0
    endloop
  endfacet
  facet normal 0.146735 0.989176 -0
    outer loop
      vertex 2.76768 1.5565 0
      vertex 2.63663 1.57594 6
      vertex 2.76768 1.5565 6
    endloop
  endfacet
  facet normal 0.146735 0.989176 0
    outer loop
      vertex 2.63663 1.57594 6
      vertex 2.76768 1.5565 0
      vertex 2.63663 1.57594 0
    endloop
  endfacet
  facet normal 0.24298 -0.970031 0
    outer loop
      vertex 2.50812 4.19187 0
      vertex 2.63663 4.22406 6
      vertex 2.50812 4.19187 6
    endloop
  endfacet
  facet normal 0.24298 -0.970031 0
    outer loop
      vertex 2.63663 4.22406 6
      vertex 2.50812 4.19187 0
      vertex 2.63663 4.22406 0
    endloop
  endfacet
  facet normal 0.998796 -0.0490642 0
    outer loop
      vertex 1.55 2.9 6
      vertex 1.5565 3.03232 0
      vertex 1.5565 3.03232 6
    endloop
  endfacet
  facet normal 0.998796 -0.0490642 0
    outer loop
      vertex 1.5565 3.03232 0
      vertex 1.55 2.9 6
      vertex 1.55 2.9 0
    endloop
  endfacet
  facet normal -0.74094 0.671571 0
    outer loop
      vertex 3.85459 1.94541 0
      vertex 3.94356 2.04357 6
      vertex 3.94356 2.04357 0
    endloop
  endfacet
  facet normal -0.74094 0.671571 0
    outer loop
      vertex 3.94356 2.04357 6
      vertex 3.85459 1.94541 0
      vertex 3.85459 1.94541 6
    endloop
  endfacet
  facet normal -0.903981 -0.427574 0
    outer loop
      vertex 4.14724 3.41662 0
      vertex 4.09059 3.53639 6
      vertex 4.09059 3.53639 0
    endloop
  endfacet
  facet normal -0.903981 -0.427574 0
    outer loop
      vertex 4.09059 3.53639 6
      vertex 4.14724 3.41662 0
      vertex 4.14724 3.41662 6
    endloop
  endfacet
  facet normal 0.146735 -0.989176 0
    outer loop
      vertex 2.63663 4.22406 0
      vertex 2.76768 4.2435 6
      vertex 2.63663 4.22406 6
    endloop
  endfacet
  facet normal 0.146735 -0.989176 0
    outer loop
      vertex 2.76768 4.2435 6
      vertex 2.63663 4.22406 0
      vertex 2.76768 4.2435 0
    endloop
  endfacet
  facet normal 0.903981 -0.427574 0
    outer loop
      vertex 1.65276 3.41662 6
      vertex 1.70941 3.53639 0
      vertex 1.70941 3.53639 6
    endloop
  endfacet
  facet normal 0.903981 -0.427574 0
    outer loop
      vertex 1.70941 3.53639 0
      vertex 1.65276 3.41662 6
      vertex 1.65276 3.41662 0
    endloop
  endfacet
  facet normal 0.336872 -0.94155 0
    outer loop
      vertex 2.38338 4.14724 0
      vertex 2.50812 4.19187 6
      vertex 2.38338 4.14724 6
    endloop
  endfacet
  facet normal 0.336872 -0.94155 0
    outer loop
      vertex 2.50812 4.19187 6
      vertex 2.38338 4.14724 0
      vertex 2.50812 4.19187 0
    endloop
  endfacet
  facet normal -0.514118 -0.857719 0
    outer loop
      vertex 3.53639 4.09059 0
      vertex 3.65002 4.02248 6
      vertex 3.53639 4.09059 6
    endloop
  endfacet
  facet normal -0.514118 -0.857719 -0
    outer loop
      vertex 3.65002 4.02248 6
      vertex 3.53639 4.09059 0
      vertex 3.65002 4.02248 0
    endloop
  endfacet
  facet normal -0.671571 -0.74094 0
    outer loop
      vertex 3.75643 3.94356 0
      vertex 3.85459 3.85459 6
      vertex 3.75643 3.94356 6
    endloop
  endfacet
  facet normal -0.671571 -0.74094 -0
    outer loop
      vertex 3.85459 3.85459 6
      vertex 3.75643 3.94356 0
      vertex 3.85459 3.85459 0
    endloop
  endfacet
  facet normal 0.0490642 0.998796 -0
    outer loop
      vertex 2.9 1.55 0
      vertex 2.76768 1.5565 6
      vertex 2.9 1.55 6
    endloop
  endfacet
  facet normal 0.0490642 0.998796 0
    outer loop
      vertex 2.76768 1.5565 6
      vertex 2.9 1.55 0
      vertex 2.76768 1.5565 0
    endloop
  endfacet
  facet normal 0.94155 0.336872 0
    outer loop
      vertex 1.65276 2.38338 6
      vertex 1.60813 2.50812 0
      vertex 1.60813 2.50812 6
    endloop
  endfacet
  facet normal 0.94155 0.336872 0
    outer loop
      vertex 1.60813 2.50812 0
      vertex 1.65276 2.38338 6
      vertex 1.65276 2.38338 0
    endloop
  endfacet
  facet normal -0.24298 0.970031 0
    outer loop
      vertex 3.29188 1.60813 0
      vertex 3.16337 1.57594 6
      vertex 3.29188 1.60813 6
    endloop
  endfacet
  facet normal -0.24298 0.970031 0
    outer loop
      vertex 3.16337 1.57594 6
      vertex 3.29188 1.60813 0
      vertex 3.16337 1.57594 0
    endloop
  endfacet
  facet normal -0.903967 0.427603 0
    outer loop
      vertex 4.09059 2.26362 0
      vertex 4.14724 2.38338 6
      vertex 4.14724 2.38338 0
    endloop
  endfacet
  facet normal -0.903967 0.427603 0
    outer loop
      vertex 4.14724 2.38338 6
      vertex 4.09059 2.26362 0
      vertex 4.09059 2.26362 6
    endloop
  endfacet
  facet normal -0.427574 0.903981 0
    outer loop
      vertex 3.53639 1.70941 0
      vertex 3.41662 1.65276 6
      vertex 3.53639 1.70941 6
    endloop
  endfacet
  facet normal -0.427574 0.903981 0
    outer loop
      vertex 3.41662 1.65276 6
      vertex 3.53639 1.70941 0
      vertex 3.41662 1.65276 0
    endloop
  endfacet
  facet normal 0.427603 -0.903967 0
    outer loop
      vertex 2.26362 4.09059 0
      vertex 2.38338 4.14724 6
      vertex 2.26362 4.09059 6
    endloop
  endfacet
  facet normal 0.427603 -0.903967 0
    outer loop
      vertex 2.38338 4.14724 6
      vertex 2.26362 4.09059 0
      vertex 2.38338 4.14724 0
    endloop
  endfacet
  facet normal -0.0490642 -0.998796 0
    outer loop
      vertex 2.9 4.25 0
      vertex 3.03232 4.2435 6
      vertex 2.9 4.25 6
    endloop
  endfacet
  facet normal -0.0490642 -0.998796 -0
    outer loop
      vertex 3.03232 4.2435 6
      vertex 2.9 4.25 0
      vertex 3.03232 4.2435 0
    endloop
  endfacet
  facet normal 0.514085 -0.857739 0
    outer loop
      vertex 2.14998 4.02248 0
      vertex 2.26362 4.09059 6
      vertex 2.14998 4.02248 6
    endloop
  endfacet
  facet normal 0.514085 -0.857739 0
    outer loop
      vertex 2.26362 4.09059 6
      vertex 2.14998 4.02248 0
      vertex 2.26362 4.09059 0
    endloop
  endfacet
  facet normal -0.970031 0.24298 0
    outer loop
      vertex 4.19187 2.50812 0
      vertex 4.22406 2.63663 6
      vertex 4.22406 2.63663 0
    endloop
  endfacet
  facet normal -0.970031 0.24298 0
    outer loop
      vertex 4.22406 2.63663 6
      vertex 4.19187 2.50812 0
      vertex 4.19187 2.50812 6
    endloop
  endfacet
  facet normal -0.857719 -0.514118 0
    outer loop
      vertex 4.09059 3.53639 0
      vertex 4.02248 3.65002 6
      vertex 4.02248 3.65002 0
    endloop
  endfacet
  facet normal -0.857719 -0.514118 0
    outer loop
      vertex 4.02248 3.65002 6
      vertex 4.09059 3.53639 0
      vertex 4.09059 3.53639 6
    endloop
  endfacet
  facet normal 0.989176 0.146735 0
    outer loop
      vertex 1.57594 2.63663 6
      vertex 1.5565 2.76768 0
      vertex 1.5565 2.76768 6
    endloop
  endfacet
  facet normal 0.989176 0.146735 0
    outer loop
      vertex 1.5565 2.76768 0
      vertex 1.57594 2.63663 6
      vertex 1.57594 2.63663 0
    endloop
  endfacet
  facet normal 0.595704 -0.803204 0
    outer loop
      vertex 2.04357 3.94356 0
      vertex 2.14998 4.02248 6
      vertex 2.04357 3.94356 6
    endloop
  endfacet
  facet normal 0.595704 -0.803204 0
    outer loop
      vertex 2.14998 4.02248 6
      vertex 2.04357 3.94356 0
      vertex 2.14998 4.02248 0
    endloop
  endfacet
  facet normal -0.0490642 0.998796 0
    outer loop
      vertex 3.03232 1.5565 0
      vertex 2.9 1.55 6
      vertex 3.03232 1.5565 6
    endloop
  endfacet
  facet normal -0.0490642 0.998796 0
    outer loop
      vertex 2.9 1.55 6
      vertex 3.03232 1.5565 0
      vertex 2.9 1.55 0
    endloop
  endfacet
  facet normal 0.970031 0.24298 0
    outer loop
      vertex 1.60813 2.50812 6
      vertex 1.57594 2.63663 0
      vertex 1.57594 2.63663 6
    endloop
  endfacet
  facet normal 0.970031 0.24298 0
    outer loop
      vertex 1.57594 2.63663 0
      vertex 1.60813 2.50812 6
      vertex 1.60813 2.50812 0
    endloop
  endfacet
  facet normal 0.671571 0.74094 -0
    outer loop
      vertex 2.04357 1.85644 0
      vertex 1.94541 1.94541 6
      vertex 2.04357 1.85644 6
    endloop
  endfacet
  facet normal 0.671571 0.74094 0
    outer loop
      vertex 1.94541 1.94541 6
      vertex 2.04357 1.85644 0
      vertex 1.94541 1.94541 0
    endloop
  endfacet
  facet normal 0.671571 -0.74094 0
    outer loop
      vertex 1.94541 3.85459 0
      vertex 2.04357 3.94356 6
      vertex 1.94541 3.85459 6
    endloop
  endfacet
  facet normal 0.671571 -0.74094 0
    outer loop
      vertex 2.04357 3.94356 6
      vertex 1.94541 3.85459 0
      vertex 2.04357 3.94356 0
    endloop
  endfacet
  facet normal 0.857719 -0.514118 0
    outer loop
      vertex 1.70941 3.53639 6
      vertex 1.77752 3.65002 0
      vertex 1.77752 3.65002 6
    endloop
  endfacet
  facet normal 0.857719 -0.514118 0
    outer loop
      vertex 1.77752 3.65002 0
      vertex 1.70941 3.53639 6
      vertex 1.70941 3.53639 0
    endloop
  endfacet
  facet normal 0.514085 0.857739 -0
    outer loop
      vertex 2.26362 1.70941 0
      vertex 2.14998 1.77752 6
      vertex 2.26362 1.70941 6
    endloop
  endfacet
  facet normal 0.514085 0.857739 0
    outer loop
      vertex 2.14998 1.77752 6
      vertex 2.26362 1.70941 0
      vertex 2.14998 1.77752 0
    endloop
  endfacet
  facet normal -0.514118 0.857719 0
    outer loop
      vertex 3.65002 1.77752 0
      vertex 3.53639 1.70941 6
      vertex 3.65002 1.77752 6
    endloop
  endfacet
  facet normal -0.514118 0.857719 0
    outer loop
      vertex 3.53639 1.70941 6
      vertex 3.65002 1.77752 0
      vertex 3.53639 1.70941 0
    endloop
  endfacet
  facet normal 0.989176 -0.146735 0
    outer loop
      vertex 1.5565 3.03232 6
      vertex 1.57594 3.16337 0
      vertex 1.57594 3.16337 6
    endloop
  endfacet
  facet normal 0.989176 -0.146735 0
    outer loop
      vertex 1.57594 3.16337 0
      vertex 1.5565 3.03232 6
      vertex 1.5565 3.03232 0
    endloop
  endfacet
  facet normal -0.74094 -0.671571 0
    outer loop
      vertex 3.94356 3.75643 0
      vertex 3.85459 3.85459 6
      vertex 3.85459 3.85459 0
    endloop
  endfacet
  facet normal -0.74094 -0.671571 0
    outer loop
      vertex 3.85459 3.85459 6
      vertex 3.94356 3.75643 0
      vertex 3.94356 3.75643 6
    endloop
  endfacet
  facet normal 0.94155 -0.336872 0
    outer loop
      vertex 1.60813 3.29188 6
      vertex 1.65276 3.41662 0
      vertex 1.65276 3.41662 6
    endloop
  endfacet
  facet normal 0.94155 -0.336872 0
    outer loop
      vertex 1.65276 3.41662 0
      vertex 1.60813 3.29188 6
      vertex 1.60813 3.29188 0
    endloop
  endfacet
  facet normal -0.857739 0.514085 0
    outer loop
      vertex 4.02248 2.14998 0
      vertex 4.09059 2.26362 6
      vertex 4.09059 2.26362 0
    endloop
  endfacet
  facet normal -0.857739 0.514085 0
    outer loop
      vertex 4.09059 2.26362 6
      vertex 4.02248 2.14998 0
      vertex 4.02248 2.14998 6
    endloop
  endfacet
  facet normal -0.94155 0.336872 0
    outer loop
      vertex 4.14724 2.38338 0
      vertex 4.19187 2.50812 6
      vertex 4.19187 2.50812 0
    endloop
  endfacet
  facet normal -0.94155 0.336872 0
    outer loop
      vertex 4.19187 2.50812 6
      vertex 4.14724 2.38338 0
      vertex 4.14724 2.38338 6
    endloop
  endfacet
  facet normal 0.336872 0.94155 -0
    outer loop
      vertex 2.50812 1.60813 0
      vertex 2.38338 1.65276 6
      vertex 2.50812 1.60813 6
    endloop
  endfacet
  facet normal 0.336872 0.94155 0
    outer loop
      vertex 2.38338 1.65276 6
      vertex 2.50812 1.60813 0
      vertex 2.38338 1.65276 0
    endloop
  endfacet
  facet normal 0.24298 0.970031 -0
    outer loop
      vertex 2.63663 1.57594 0
      vertex 2.50812 1.60813 6
      vertex 2.63663 1.57594 6
    endloop
  endfacet
  facet normal 0.24298 0.970031 0
    outer loop
      vertex 2.50812 1.60813 6
      vertex 2.63663 1.57594 0
      vertex 2.50812 1.60813 0
    endloop
  endfacet
  facet normal 0.803204 -0.595704 0
    outer loop
      vertex 1.77752 3.65002 6
      vertex 1.85644 3.75643 0
      vertex 1.85644 3.75643 6
    endloop
  endfacet
  facet normal 0.803204 -0.595704 0
    outer loop
      vertex 1.85644 3.75643 0
      vertex 1.77752 3.65002 6
      vertex 1.77752 3.65002 0
    endloop
  endfacet
  facet normal 0.427603 0.903967 -0
    outer loop
      vertex 2.38338 1.65276 0
      vertex 2.26362 1.70941 6
      vertex 2.38338 1.65276 6
    endloop
  endfacet
  facet normal 0.427603 0.903967 0
    outer loop
      vertex 2.26362 1.70941 6
      vertex 2.38338 1.65276 0
      vertex 2.26362 1.70941 0
    endloop
  endfacet
  facet normal -0.989184 -0.14668 0
    outer loop
      vertex 4.2435 29.0323 0
      vertex 4.22406 29.1634 6
      vertex 4.22406 29.1634 0
    endloop
  endfacet
  facet normal -0.989184 -0.14668 0
    outer loop
      vertex 4.22406 29.1634 6
      vertex 4.2435 29.0323 0
      vertex 4.2435 29.0323 6
    endloop
  endfacet
  facet normal -0.998795 -0.0490716 0
    outer loop
      vertex 4.25 28.9 0
      vertex 4.2435 29.0323 6
      vertex 4.2435 29.0323 0
    endloop
  endfacet
  facet normal -0.998795 -0.0490716 0
    outer loop
      vertex 4.2435 29.0323 6
      vertex 4.25 28.9 0
      vertex 4.25 28.9 6
    endloop
  endfacet
  facet normal -0.970027 -0.242997 0
    outer loop
      vertex 4.22406 29.1634 0
      vertex 4.19187 29.2919 6
      vertex 4.19187 29.2919 0
    endloop
  endfacet
  facet normal -0.970027 -0.242997 0
    outer loop
      vertex 4.19187 29.2919 6
      vertex 4.22406 29.1634 0
      vertex 4.22406 29.1634 6
    endloop
  endfacet
  facet normal 0.243051 -0.970014 0
    outer loop
      vertex 2.50812 30.1919 0
      vertex 2.63663 30.2241 6
      vertex 2.50812 30.1919 6
    endloop
  endfacet
  facet normal 0.243051 -0.970014 0
    outer loop
      vertex 2.63663 30.2241 6
      vertex 2.50812 30.1919 0
      vertex 2.63663 30.2241 0
    endloop
  endfacet
  facet normal 0.904022 0.427486 0
    outer loop
      vertex 1.70941 28.2636 6
      vertex 1.65276 28.3834 0
      vertex 1.65276 28.3834 6
    endloop
  endfacet
  facet normal 0.904022 0.427486 0
    outer loop
      vertex 1.65276 28.3834 0
      vertex 1.70941 28.2636 6
      vertex 1.70941 28.2636 0
    endloop
  endfacet
  facet normal -0.427265 0.904126 0
    outer loop
      vertex 3.53639 27.7094 0
      vertex 3.41662 27.6528 6
      vertex 3.53639 27.7094 6
    endloop
  endfacet
  facet normal -0.427265 0.904126 0
    outer loop
      vertex 3.41662 27.6528 6
      vertex 3.53639 27.7094 0
      vertex 3.41662 27.6528 0
    endloop
  endfacet
  facet normal 0.243051 0.970014 -0
    outer loop
      vertex 2.63663 27.5759 0
      vertex 2.50812 27.6081 6
      vertex 2.63663 27.5759 6
    endloop
  endfacet
  facet normal 0.243051 0.970014 0
    outer loop
      vertex 2.50812 27.6081 6
      vertex 2.63663 27.5759 0
      vertex 2.50812 27.6081 0
    endloop
  endfacet
  facet normal -0.514063 0.857753 0
    outer loop
      vertex 3.65002 27.7775 0
      vertex 3.53639 27.7094 6
      vertex 3.65002 27.7775 6
    endloop
  endfacet
  facet normal -0.514063 0.857753 0
    outer loop
      vertex 3.53639 27.7094 6
      vertex 3.65002 27.7775 0
      vertex 3.53639 27.7094 0
    endloop
  endfacet
  facet normal 0.33734 0.941383 -0
    outer loop
      vertex 2.50812 27.6081 0
      vertex 2.38338 27.6528 6
      vertex 2.50812 27.6081 6
    endloop
  endfacet
  facet normal 0.33734 0.941383 0
    outer loop
      vertex 2.38338 27.6528 6
      vertex 2.50812 27.6081 0
      vertex 2.38338 27.6528 0
    endloop
  endfacet
  facet normal -0.33734 0.941383 0
    outer loop
      vertex 3.41662 27.6528 0
      vertex 3.29188 27.6081 6
      vertex 3.41662 27.6528 6
    endloop
  endfacet
  facet normal -0.33734 0.941383 0
    outer loop
      vertex 3.29188 27.6081 6
      vertex 3.41662 27.6528 0
      vertex 3.29188 27.6081 0
    endloop
  endfacet
  facet normal 0.671696 -0.740827 0
    outer loop
      vertex 1.94541 29.8546 0
      vertex 2.04357 29.9436 6
      vertex 1.94541 29.8546 6
    endloop
  endfacet
  facet normal 0.671696 -0.740827 0
    outer loop
      vertex 2.04357 29.9436 6
      vertex 1.94541 29.8546 0
      vertex 2.04357 29.9436 0
    endloop
  endfacet
  facet normal -0.243051 0.970014 0
    outer loop
      vertex 3.29188 27.6081 0
      vertex 3.16337 27.5759 6
      vertex 3.29188 27.6081 6
    endloop
  endfacet
  facet normal -0.243051 0.970014 0
    outer loop
      vertex 3.16337 27.5759 6
      vertex 3.29188 27.6081 0
      vertex 3.16337 27.5759 0
    endloop
  endfacet
  facet normal 0.857659 -0.514218 0
    outer loop
      vertex 1.70941 29.5364 6
      vertex 1.77752 29.65 0
      vertex 1.77752 29.65 6
    endloop
  endfacet
  facet normal 0.857659 -0.514218 0
    outer loop
      vertex 1.77752 29.65 0
      vertex 1.70941 29.5364 6
      vertex 1.70941 29.5364 0
    endloop
  endfacet
  facet normal 0.989184 -0.14668 0
    outer loop
      vertex 1.5565 29.0323 6
      vertex 1.57594 29.1634 0
      vertex 1.57594 29.1634 6
    endloop
  endfacet
  facet normal 0.989184 -0.14668 0
    outer loop
      vertex 1.57594 29.1634 0
      vertex 1.5565 29.0323 6
      vertex 1.5565 29.0323 0
    endloop
  endfacet
  facet normal -0.904022 -0.427486 0
    outer loop
      vertex 4.14724 29.4166 0
      vertex 4.09059 29.5364 6
      vertex 4.09059 29.5364 0
    endloop
  endfacet
  facet normal -0.904022 -0.427486 0
    outer loop
      vertex 4.09059 29.5364 6
      vertex 4.14724 29.4166 0
      vertex 4.14724 29.4166 6
    endloop
  endfacet
  facet normal -0.803177 0.59574 0
    outer loop
      vertex 3.94356 28.0436 0
      vertex 4.02248 28.15 6
      vertex 4.02248 28.15 0
    endloop
  endfacet
  facet normal -0.803177 0.59574 0
    outer loop
      vertex 4.02248 28.15 6
      vertex 3.94356 28.0436 0
      vertex 3.94356 28.0436 6
    endloop
  endfacet
  facet normal 0.595607 -0.803276 0
    outer loop
      vertex 2.04357 29.9436 0
      vertex 2.14998 30.0225 6
      vertex 2.04357 29.9436 6
    endloop
  endfacet
  facet normal 0.595607 -0.803276 0
    outer loop
      vertex 2.14998 30.0225 6
      vertex 2.04357 29.9436 0
      vertex 2.14998 30.0225 0
    endloop
  endfacet
  facet normal -0.595607 -0.803276 0
    outer loop
      vertex 3.65002 30.0225 0
      vertex 3.75643 29.9436 6
      vertex 3.65002 30.0225 6
    endloop
  endfacet
  facet normal -0.595607 -0.803276 -0
    outer loop
      vertex 3.75643 29.9436 6
      vertex 3.65002 30.0225 0
      vertex 3.75643 29.9436 0
    endloop
  endfacet
  facet normal -0.146439 -0.98922 0
    outer loop
      vertex 3.03232 30.2435 0
      vertex 3.16337 30.2241 6
      vertex 3.03232 30.2435 6
    endloop
  endfacet
  facet normal -0.146439 -0.98922 -0
    outer loop
      vertex 3.16337 30.2241 6
      vertex 3.03232 30.2435 0
      vertex 3.16337 30.2241 0
    endloop
  endfacet
  facet normal -0.803177 -0.59574 0
    outer loop
      vertex 4.02248 29.65 0
      vertex 3.94356 29.7564 6
      vertex 3.94356 29.7564 0
    endloop
  endfacet
  facet normal -0.803177 -0.59574 0
    outer loop
      vertex 3.94356 29.7564 6
      vertex 4.02248 29.65 0
      vertex 4.02248 29.65 6
    endloop
  endfacet
  facet normal 0.514029 -0.857773 0
    outer loop
      vertex 2.14998 30.0225 0
      vertex 2.26362 30.0906 6
      vertex 2.14998 30.0225 6
    endloop
  endfacet
  facet normal 0.514029 -0.857773 0
    outer loop
      vertex 2.26362 30.0906 6
      vertex 2.14998 30.0225 0
      vertex 2.26362 30.0906 0
    endloop
  endfacet
  facet normal -0.514063 -0.857753 0
    outer loop
      vertex 3.53639 30.0906 0
      vertex 3.65002 30.0225 6
      vertex 3.53639 30.0906 6
    endloop
  endfacet
  facet normal -0.514063 -0.857753 -0
    outer loop
      vertex 3.65002 30.0225 6
      vertex 3.53639 30.0906 0
      vertex 3.65002 30.0225 0
    endloop
  endfacet
  facet normal 0.941516 0.336968 0
    outer loop
      vertex 1.65276 28.3834 6
      vertex 1.60813 28.5081 0
      vertex 1.60813 28.5081 6
    endloop
  endfacet
  facet normal 0.941516 0.336968 0
    outer loop
      vertex 1.60813 28.5081 0
      vertex 1.65276 28.3834 6
      vertex 1.65276 28.3834 0
    endloop
  endfacet
  facet normal -0.998795 0.0490716 0
    outer loop
      vertex 4.2435 28.7677 0
      vertex 4.25 28.9 6
      vertex 4.25 28.9 0
    endloop
  endfacet
  facet normal -0.998795 0.0490716 0
    outer loop
      vertex 4.25 28.9 6
      vertex 4.2435 28.7677 0
      vertex 4.2435 28.7677 6
    endloop
  endfacet
  facet normal 0.427294 -0.904113 0
    outer loop
      vertex 2.26362 30.0906 0
      vertex 2.38338 30.1472 6
      vertex 2.26362 30.0906 6
    endloop
  endfacet
  facet normal 0.427294 -0.904113 0
    outer loop
      vertex 2.38338 30.1472 6
      vertex 2.26362 30.0906 0
      vertex 2.38338 30.1472 0
    endloop
  endfacet
  facet normal -0.904022 0.427486 0
    outer loop
      vertex 4.09059 28.2636 0
      vertex 4.14724 28.3834 6
      vertex 4.14724 28.3834 0
    endloop
  endfacet
  facet normal -0.904022 0.427486 0
    outer loop
      vertex 4.14724 28.3834 6
      vertex 4.09059 28.2636 0
      vertex 4.09059 28.2636 6
    endloop
  endfacet
  facet normal 0.595607 0.803276 -0
    outer loop
      vertex 2.14998 27.7775 0
      vertex 2.04357 27.8564 6
      vertex 2.14998 27.7775 6
    endloop
  endfacet
  facet normal 0.595607 0.803276 0
    outer loop
      vertex 2.04357 27.8564 6
      vertex 2.14998 27.7775 0
      vertex 2.04357 27.8564 0
    endloop
  endfacet
  facet normal 0.803177 -0.59574 0
    outer loop
      vertex 1.77752 29.65 6
      vertex 1.85644 29.7564 0
      vertex 1.85644 29.7564 6
    endloop
  endfacet
  facet normal 0.803177 -0.59574 0
    outer loop
      vertex 1.85644 29.7564 0
      vertex 1.77752 29.65 6
      vertex 1.77752 29.65 0
    endloop
  endfacet
  facet normal 0.941516 -0.336968 0
    outer loop
      vertex 1.60813 29.2919 6
      vertex 1.65276 29.4166 0
      vertex 1.65276 29.4166 6
    endloop
  endfacet
  facet normal 0.941516 -0.336968 0
    outer loop
      vertex 1.65276 29.4166 0
      vertex 1.60813 29.2919 6
      vertex 1.60813 29.2919 0
    endloop
  endfacet
  facet normal -0.941516 -0.336968 0
    outer loop
      vertex 4.19187 29.2919 0
      vertex 4.14724 29.4166 6
      vertex 4.14724 29.4166 0
    endloop
  endfacet
  facet normal -0.941516 -0.336968 0
    outer loop
      vertex 4.14724 29.4166 6
      vertex 4.19187 29.2919 0
      vertex 4.19187 29.2919 6
    endloop
  endfacet
  facet normal 0.671696 0.740827 -0
    outer loop
      vertex 2.04357 27.8564 0
      vertex 1.94541 27.9454 6
      vertex 2.04357 27.8564 6
    endloop
  endfacet
  facet normal 0.671696 0.740827 0
    outer loop
      vertex 1.94541 27.9454 6
      vertex 2.04357 27.8564 0
      vertex 1.94541 27.9454 0
    endloop
  endfacet
  facet normal -0.970027 0.242997 0
    outer loop
      vertex 4.19187 28.5081 0
      vertex 4.22406 28.6366 6
      vertex 4.22406 28.6366 0
    endloop
  endfacet
  facet normal -0.970027 0.242997 0
    outer loop
      vertex 4.22406 28.6366 6
      vertex 4.19187 28.5081 0
      vertex 4.19187 28.5081 6
    endloop
  endfacet
  facet normal -0.989184 0.14668 0
    outer loop
      vertex 4.22406 28.6366 0
      vertex 4.2435 28.7677 6
      vertex 4.2435 28.7677 0
    endloop
  endfacet
  facet normal -0.989184 0.14668 0
    outer loop
      vertex 4.2435 28.7677 6
      vertex 4.22406 28.6366 0
      vertex 4.22406 28.6366 6
    endloop
  endfacet
  facet normal 0.514029 0.857773 -0
    outer loop
      vertex 2.26362 27.7094 0
      vertex 2.14998 27.7775 6
      vertex 2.26362 27.7094 6
    endloop
  endfacet
  facet normal 0.514029 0.857773 0
    outer loop
      vertex 2.14998 27.7775 6
      vertex 2.26362 27.7094 0
      vertex 2.14998 27.7775 0
    endloop
  endfacet
  facet normal -0.33734 -0.941383 0
    outer loop
      vertex 3.29188 30.1919 0
      vertex 3.41662 30.1472 6
      vertex 3.29188 30.1919 6
    endloop
  endfacet
  facet normal -0.33734 -0.941383 -0
    outer loop
      vertex 3.41662 30.1472 6
      vertex 3.29188 30.1919 0
      vertex 3.41662 30.1472 0
    endloop
  endfacet
  facet normal 0.33734 -0.941383 0
    outer loop
      vertex 2.38338 30.1472 0
      vertex 2.50812 30.1919 6
      vertex 2.38338 30.1472 6
    endloop
  endfacet
  facet normal 0.33734 -0.941383 0
    outer loop
      vertex 2.50812 30.1919 6
      vertex 2.38338 30.1472 0
      vertex 2.50812 30.1919 0
    endloop
  endfacet
  facet normal -0.146439 0.98922 0
    outer loop
      vertex 3.16337 27.5759 0
      vertex 3.03232 27.5565 6
      vertex 3.16337 27.5759 6
    endloop
  endfacet
  facet normal -0.146439 0.98922 0
    outer loop
      vertex 3.03232 27.5565 6
      vertex 3.16337 27.5759 0
      vertex 3.03232 27.5565 0
    endloop
  endfacet
  facet normal -0.857659 0.514218 0
    outer loop
      vertex 4.02248 28.15 0
      vertex 4.09059 28.2636 6
      vertex 4.09059 28.2636 0
    endloop
  endfacet
  facet normal -0.857659 0.514218 0
    outer loop
      vertex 4.09059 28.2636 6
      vertex 4.02248 28.15 0
      vertex 4.02248 28.15 6
    endloop
  endfacet
  facet normal 0.0490642 -0.998796 0
    outer loop
      vertex 2.76768 30.2435 0
      vertex 2.9 30.25 6
      vertex 2.76768 30.2435 6
    endloop
  endfacet
  facet normal 0.0490642 -0.998796 0
    outer loop
      vertex 2.9 30.25 6
      vertex 2.76768 30.2435 0
      vertex 2.9 30.25 0
    endloop
  endfacet
  facet normal 0.998795 0.0490716 0
    outer loop
      vertex 1.5565 28.7677 6
      vertex 1.55 28.9 0
      vertex 1.55 28.9 6
    endloop
  endfacet
  facet normal 0.998795 0.0490716 0
    outer loop
      vertex 1.55 28.9 0
      vertex 1.5565 28.7677 6
      vertex 1.5565 28.7677 0
    endloop
  endfacet
  facet normal -0.941516 0.336968 0
    outer loop
      vertex 4.14724 28.3834 0
      vertex 4.19187 28.5081 6
      vertex 4.19187 28.5081 0
    endloop
  endfacet
  facet normal -0.941516 0.336968 0
    outer loop
      vertex 4.19187 28.5081 6
      vertex 4.14724 28.3834 0
      vertex 4.14724 28.3834 6
    endloop
  endfacet
  facet normal -0.427265 -0.904126 0
    outer loop
      vertex 3.41662 30.1472 0
      vertex 3.53639 30.0906 6
      vertex 3.41662 30.1472 6
    endloop
  endfacet
  facet normal -0.427265 -0.904126 -0
    outer loop
      vertex 3.53639 30.0906 6
      vertex 3.41662 30.1472 0
      vertex 3.53639 30.0906 0
    endloop
  endfacet
  facet normal -0.741076 -0.671421 0
    outer loop
      vertex 3.94356 29.7564 0
      vertex 3.85459 29.8546 6
      vertex 3.85459 29.8546 0
    endloop
  endfacet
  facet normal -0.741076 -0.671421 0
    outer loop
      vertex 3.85459 29.8546 6
      vertex 3.94356 29.7564 0
      vertex 3.94356 29.7564 6
    endloop
  endfacet
  facet normal -0.0490642 -0.998796 0
    outer loop
      vertex 2.9 30.25 0
      vertex 3.03232 30.2435 6
      vertex 2.9 30.25 6
    endloop
  endfacet
  facet normal -0.0490642 -0.998796 -0
    outer loop
      vertex 3.03232 30.2435 6
      vertex 2.9 30.25 0
      vertex 3.03232 30.2435 0
    endloop
  endfacet
  facet normal 0.857659 0.514218 0
    outer loop
      vertex 1.77752 28.15 6
      vertex 1.70941 28.2636 0
      vertex 1.70941 28.2636 6
    endloop
  endfacet
  facet normal 0.857659 0.514218 0
    outer loop
      vertex 1.70941 28.2636 0
      vertex 1.77752 28.15 6
      vertex 1.77752 28.15 0
    endloop
  endfacet
  facet normal -0.857659 -0.514218 0
    outer loop
      vertex 4.09059 29.5364 0
      vertex 4.02248 29.65 6
      vertex 4.02248 29.65 0
    endloop
  endfacet
  facet normal -0.857659 -0.514218 0
    outer loop
      vertex 4.02248 29.65 6
      vertex 4.09059 29.5364 0
      vertex 4.09059 29.5364 6
    endloop
  endfacet
  facet normal 0.146439 0.98922 -0
    outer loop
      vertex 2.76768 27.5565 0
      vertex 2.63663 27.5759 6
      vertex 2.76768 27.5565 6
    endloop
  endfacet
  facet normal 0.146439 0.98922 0
    outer loop
      vertex 2.63663 27.5759 6
      vertex 2.76768 27.5565 0
      vertex 2.63663 27.5759 0
    endloop
  endfacet
  facet normal -0.671696 0.740827 0
    outer loop
      vertex 3.85459 27.9454 0
      vertex 3.75643 27.8564 6
      vertex 3.85459 27.9454 6
    endloop
  endfacet
  facet normal -0.671696 0.740827 0
    outer loop
      vertex 3.75643 27.8564 6
      vertex 3.85459 27.9454 0
      vertex 3.75643 27.8564 0
    endloop
  endfacet
  facet normal 0.0490642 0.998796 -0
    outer loop
      vertex 2.9 27.55 0
      vertex 2.76768 27.5565 6
      vertex 2.9 27.55 6
    endloop
  endfacet
  facet normal 0.0490642 0.998796 0
    outer loop
      vertex 2.76768 27.5565 6
      vertex 2.9 27.55 0
      vertex 2.76768 27.5565 0
    endloop
  endfacet
  facet normal 0.741076 -0.671421 0
    outer loop
      vertex 1.85644 29.7564 6
      vertex 1.94541 29.8546 0
      vertex 1.94541 29.8546 6
    endloop
  endfacet
  facet normal 0.741076 -0.671421 0
    outer loop
      vertex 1.94541 29.8546 0
      vertex 1.85644 29.7564 6
      vertex 1.85644 29.7564 0
    endloop
  endfacet
  facet normal -0.671696 -0.740827 0
    outer loop
      vertex 3.75643 29.9436 0
      vertex 3.85459 29.8546 6
      vertex 3.75643 29.9436 6
    endloop
  endfacet
  facet normal -0.671696 -0.740827 -0
    outer loop
      vertex 3.85459 29.8546 6
      vertex 3.75643 29.9436 0
      vertex 3.85459 29.8546 0
    endloop
  endfacet
  facet normal 0.146439 -0.98922 0
    outer loop
      vertex 2.63663 30.2241 0
      vertex 2.76768 30.2435 6
      vertex 2.63663 30.2241 6
    endloop
  endfacet
  facet normal 0.146439 -0.98922 0
    outer loop
      vertex 2.76768 30.2435 6
      vertex 2.63663 30.2241 0
      vertex 2.76768 30.2435 0
    endloop
  endfacet
  facet normal 0.904022 -0.427486 0
    outer loop
      vertex 1.65276 29.4166 6
      vertex 1.70941 29.5364 0
      vertex 1.70941 29.5364 6
    endloop
  endfacet
  facet normal 0.904022 -0.427486 0
    outer loop
      vertex 1.70941 29.5364 0
      vertex 1.65276 29.4166 6
      vertex 1.65276 29.4166 0
    endloop
  endfacet
  facet normal 0.970027 -0.242997 0
    outer loop
      vertex 1.57594 29.1634 6
      vertex 1.60813 29.2919 0
      vertex 1.60813 29.2919 6
    endloop
  endfacet
  facet normal 0.970027 -0.242997 0
    outer loop
      vertex 1.60813 29.2919 0
      vertex 1.57594 29.1634 6
      vertex 1.57594 29.1634 0
    endloop
  endfacet
  facet normal -0.243051 -0.970014 0
    outer loop
      vertex 3.16337 30.2241 0
      vertex 3.29188 30.1919 6
      vertex 3.16337 30.2241 6
    endloop
  endfacet
  facet normal -0.243051 -0.970014 -0
    outer loop
      vertex 3.29188 30.1919 6
      vertex 3.16337 30.2241 0
      vertex 3.29188 30.1919 0
    endloop
  endfacet
  facet normal 0.970027 0.242997 0
    outer loop
      vertex 1.60813 28.5081 6
      vertex 1.57594 28.6366 0
      vertex 1.57594 28.6366 6
    endloop
  endfacet
  facet normal 0.970027 0.242997 0
    outer loop
      vertex 1.57594 28.6366 0
      vertex 1.60813 28.5081 6
      vertex 1.60813 28.5081 0
    endloop
  endfacet
  facet normal 0.427294 0.904113 -0
    outer loop
      vertex 2.38338 27.6528 0
      vertex 2.26362 27.7094 6
      vertex 2.38338 27.6528 6
    endloop
  endfacet
  facet normal 0.427294 0.904113 0
    outer loop
      vertex 2.26362 27.7094 6
      vertex 2.38338 27.6528 0
      vertex 2.26362 27.7094 0
    endloop
  endfacet
  facet normal 0.741076 0.671421 0
    outer loop
      vertex 1.94541 27.9454 6
      vertex 1.85644 28.0436 0
      vertex 1.85644 28.0436 6
    endloop
  endfacet
  facet normal 0.741076 0.671421 0
    outer loop
      vertex 1.85644 28.0436 0
      vertex 1.94541 27.9454 6
      vertex 1.94541 27.9454 0
    endloop
  endfacet
  facet normal -0.0490642 0.998796 0
    outer loop
      vertex 3.03232 27.5565 0
      vertex 2.9 27.55 6
      vertex 3.03232 27.5565 6
    endloop
  endfacet
  facet normal -0.0490642 0.998796 0
    outer loop
      vertex 2.9 27.55 6
      vertex 3.03232 27.5565 0
      vertex 2.9 27.55 0
    endloop
  endfacet
  facet normal 0.989184 0.14668 0
    outer loop
      vertex 1.57594 28.6366 6
      vertex 1.5565 28.7677 0
      vertex 1.5565 28.7677 6
    endloop
  endfacet
  facet normal 0.989184 0.14668 0
    outer loop
      vertex 1.5565 28.7677 0
      vertex 1.57594 28.6366 6
      vertex 1.57594 28.6366 0
    endloop
  endfacet
  facet normal -0.595607 0.803276 0
    outer loop
      vertex 3.75643 27.8564 0
      vertex 3.65002 27.7775 6
      vertex 3.75643 27.8564 6
    endloop
  endfacet
  facet normal -0.595607 0.803276 0
    outer loop
      vertex 3.65002 27.7775 6
      vertex 3.75643 27.8564 0
      vertex 3.65002 27.7775 0
    endloop
  endfacet
  facet normal 0.803177 0.59574 0
    outer loop
      vertex 1.85644 28.0436 6
      vertex 1.77752 28.15 0
      vertex 1.77752 28.15 6
    endloop
  endfacet
  facet normal 0.803177 0.59574 0
    outer loop
      vertex 1.77752 28.15 0
      vertex 1.85644 28.0436 6
      vertex 1.85644 28.0436 0
    endloop
  endfacet
  facet normal 0.998795 -0.0490716 0
    outer loop
      vertex 1.55 28.9 6
      vertex 1.5565 29.0323 0
      vertex 1.5565 29.0323 6
    endloop
  endfacet
  facet normal 0.998795 -0.0490716 0
    outer loop
      vertex 1.5565 29.0323 0
      vertex 1.55 28.9 6
      vertex 1.55 28.9 0
    endloop
  endfacet
  facet normal -0.741076 0.671421 0
    outer loop
      vertex 3.85459 27.9454 0
      vertex 3.94356 28.0436 6
      vertex 3.94356 28.0436 0
    endloop
  endfacet
  facet normal -0.741076 0.671421 0
    outer loop
      vertex 3.94356 28.0436 6
      vertex 3.85459 27.9454 0
      vertex 3.85459 27.9454 6
    endloop
  endfacet
  facet normal -0.98922 -0.146439 0
    outer loop
      vertex 38.2435 3.03232 0
      vertex 38.2241 3.16337 6
      vertex 38.2241 3.16337 0
    endloop
  endfacet
  facet normal -0.98922 -0.146439 0
    outer loop
      vertex 38.2241 3.16337 6
      vertex 38.2435 3.03232 0
      vertex 38.2435 3.03232 6
    endloop
  endfacet
  facet normal -0.998796 -0.0490642 0
    outer loop
      vertex 38.25 2.9 0
      vertex 38.2435 3.03232 6
      vertex 38.2435 3.03232 0
    endloop
  endfacet
  facet normal -0.998796 -0.0490642 0
    outer loop
      vertex 38.2435 3.03232 6
      vertex 38.25 2.9 0
      vertex 38.25 2.9 6
    endloop
  endfacet
  facet normal -0.970014 -0.243051 0
    outer loop
      vertex 38.2241 3.16337 0
      vertex 38.1919 3.29188 6
      vertex 38.1919 3.29188 0
    endloop
  endfacet
  facet normal -0.970014 -0.243051 0
    outer loop
      vertex 38.1919 3.29188 6
      vertex 38.2241 3.16337 0
      vertex 38.2241 3.16337 6
    endloop
  endfacet
  facet normal -0.336968 -0.941516 0
    outer loop
      vertex 37.2919 4.19187 0
      vertex 37.4166 4.14724 6
      vertex 37.2919 4.19187 6
    endloop
  endfacet
  facet normal -0.336968 -0.941516 -0
    outer loop
      vertex 37.4166 4.14724 6
      vertex 37.2919 4.19187 0
      vertex 37.4166 4.14724 0
    endloop
  endfacet
  facet normal -0.98922 0.146439 0
    outer loop
      vertex 38.2241 2.63663 0
      vertex 38.2435 2.76768 6
      vertex 38.2435 2.76768 0
    endloop
  endfacet
  facet normal -0.98922 0.146439 0
    outer loop
      vertex 38.2435 2.76768 6
      vertex 38.2241 2.63663 0
      vertex 38.2241 2.63663 6
    endloop
  endfacet
  facet normal -0.803276 -0.595607 0
    outer loop
      vertex 38.0225 3.65002 0
      vertex 37.9436 3.75643 6
      vertex 37.9436 3.75643 0
    endloop
  endfacet
  facet normal -0.803276 -0.595607 0
    outer loop
      vertex 37.9436 3.75643 6
      vertex 38.0225 3.65002 0
      vertex 38.0225 3.65002 6
    endloop
  endfacet
  facet normal -0.59574 -0.803177 0
    outer loop
      vertex 37.65 4.02248 0
      vertex 37.7564 3.94356 6
      vertex 37.65 4.02248 6
    endloop
  endfacet
  facet normal -0.59574 -0.803177 -0
    outer loop
      vertex 37.7564 3.94356 6
      vertex 37.65 4.02248 0
      vertex 37.7564 3.94356 0
    endloop
  endfacet
  facet normal -0.998796 0.0490642 0
    outer loop
      vertex 38.2435 2.76768 0
      vertex 38.25 2.9 6
      vertex 38.25 2.9 0
    endloop
  endfacet
  facet normal -0.998796 0.0490642 0
    outer loop
      vertex 38.25 2.9 6
      vertex 38.2435 2.76768 0
      vertex 38.2435 2.76768 6
    endloop
  endfacet
  facet normal -0.242997 -0.970027 0
    outer loop
      vertex 37.1634 4.22406 0
      vertex 37.2919 4.19187 6
      vertex 37.1634 4.22406 6
    endloop
  endfacet
  facet normal -0.242997 -0.970027 -0
    outer loop
      vertex 37.2919 4.19187 6
      vertex 37.1634 4.22406 0
      vertex 37.2919 4.19187 0
    endloop
  endfacet
  facet normal 0.970014 -0.243051 0
    outer loop
      vertex 35.5759 3.16337 6
      vertex 35.6081 3.29188 0
      vertex 35.6081 3.29188 6
    endloop
  endfacet
  facet normal 0.970014 -0.243051 0
    outer loop
      vertex 35.6081 3.29188 0
      vertex 35.5759 3.16337 6
      vertex 35.5759 3.16337 0
    endloop
  endfacet
  facet normal 0.740827 -0.671696 0
    outer loop
      vertex 35.8564 3.75643 6
      vertex 35.9454 3.85459 0
      vertex 35.9454 3.85459 6
    endloop
  endfacet
  facet normal 0.740827 -0.671696 0
    outer loop
      vertex 35.9454 3.85459 0
      vertex 35.8564 3.75643 6
      vertex 35.8564 3.75643 0
    endloop
  endfacet
  facet normal -0.427486 -0.904022 0
    outer loop
      vertex 37.4166 4.14724 0
      vertex 37.5364 4.09059 6
      vertex 37.4166 4.14724 6
    endloop
  endfacet
  facet normal -0.427486 -0.904022 -0
    outer loop
      vertex 37.5364 4.09059 6
      vertex 37.4166 4.14724 0
      vertex 37.5364 4.09059 0
    endloop
  endfacet
  facet normal 0.904113 0.427294 0
    outer loop
      vertex 35.7094 2.26362 6
      vertex 35.6528 2.38338 0
      vertex 35.6528 2.38338 6
    endloop
  endfacet
  facet normal 0.904113 0.427294 0
    outer loop
      vertex 35.6528 2.38338 0
      vertex 35.7094 2.26362 6
      vertex 35.7094 2.26362 0
    endloop
  endfacet
  facet normal -0.671421 0.741076 0
    outer loop
      vertex 37.8546 1.94541 0
      vertex 37.7564 1.85644 6
      vertex 37.8546 1.94541 6
    endloop
  endfacet
  facet normal -0.671421 0.741076 0
    outer loop
      vertex 37.7564 1.85644 6
      vertex 37.8546 1.94541 0
      vertex 37.7564 1.85644 0
    endloop
  endfacet
  facet normal 0.59574 0.803177 -0
    outer loop
      vertex 36.15 1.77752 0
      vertex 36.0436 1.85644 6
      vertex 36.15 1.77752 6
    endloop
  endfacet
  facet normal 0.59574 0.803177 0
    outer loop
      vertex 36.0436 1.85644 6
      vertex 36.15 1.77752 0
      vertex 36.0436 1.85644 0
    endloop
  endfacet
  facet normal -0.941383 -0.33734 0
    outer loop
      vertex 38.1919 3.29188 0
      vertex 38.1472 3.41662 6
      vertex 38.1472 3.41662 0
    endloop
  endfacet
  facet normal -0.941383 -0.33734 0
    outer loop
      vertex 38.1472 3.41662 6
      vertex 38.1919 3.29188 0
      vertex 38.1919 3.29188 6
    endloop
  endfacet
  facet normal 0.803276 0.595607 0
    outer loop
      vertex 35.8564 2.04357 6
      vertex 35.7775 2.14998 0
      vertex 35.7775 2.14998 6
    endloop
  endfacet
  facet normal 0.803276 0.595607 0
    outer loop
      vertex 35.7775 2.14998 0
      vertex 35.8564 2.04357 6
      vertex 35.8564 2.04357 0
    endloop
  endfacet
  facet normal 0.998796 0.0490642 0
    outer loop
      vertex 35.5565 2.76768 6
      vertex 35.55 2.9 0
      vertex 35.55 2.9 6
    endloop
  endfacet
  facet normal 0.998796 0.0490642 0
    outer loop
      vertex 35.55 2.9 0
      vertex 35.5565 2.76768 6
      vertex 35.5565 2.76768 0
    endloop
  endfacet
  facet normal -0.336968 0.941516 0
    outer loop
      vertex 37.4166 1.65276 0
      vertex 37.2919 1.60813 6
      vertex 37.4166 1.65276 6
    endloop
  endfacet
  facet normal -0.336968 0.941516 0
    outer loop
      vertex 37.2919 1.60813 6
      vertex 37.4166 1.65276 0
      vertex 37.2919 1.60813 0
    endloop
  endfacet
  facet normal 0.0490716 -0.998795 0
    outer loop
      vertex 36.7677 4.2435 0
      vertex 36.9 4.25 6
      vertex 36.7677 4.2435 6
    endloop
  endfacet
  facet normal 0.0490716 -0.998795 0
    outer loop
      vertex 36.9 4.25 6
      vertex 36.7677 4.2435 0
      vertex 36.9 4.25 0
    endloop
  endfacet
  facet normal -0.59574 0.803177 0
    outer loop
      vertex 37.7564 1.85644 0
      vertex 37.65 1.77752 6
      vertex 37.7564 1.85644 6
    endloop
  endfacet
  facet normal -0.59574 0.803177 0
    outer loop
      vertex 37.65 1.77752 6
      vertex 37.7564 1.85644 0
      vertex 37.65 1.77752 0
    endloop
  endfacet
  facet normal 0.740827 0.671696 0
    outer loop
      vertex 35.9454 1.94541 6
      vertex 35.8564 2.04357 0
      vertex 35.8564 2.04357 6
    endloop
  endfacet
  facet normal 0.740827 0.671696 0
    outer loop
      vertex 35.8564 2.04357 0
      vertex 35.9454 1.94541 6
      vertex 35.9454 1.94541 0
    endloop
  endfacet
  facet normal -0.803276 0.595607 0
    outer loop
      vertex 37.9436 2.04357 0
      vertex 38.0225 2.14998 6
      vertex 38.0225 2.14998 0
    endloop
  endfacet
  facet normal -0.803276 0.595607 0
    outer loop
      vertex 38.0225 2.14998 6
      vertex 37.9436 2.04357 0
      vertex 37.9436 2.04357 6
    endloop
  endfacet
  facet normal 0.857773 0.514029 0
    outer loop
      vertex 35.7775 2.14998 6
      vertex 35.7094 2.26362 0
      vertex 35.7094 2.26362 6
    endloop
  endfacet
  facet normal 0.857773 0.514029 0
    outer loop
      vertex 35.7094 2.26362 0
      vertex 35.7775 2.14998 6
      vertex 35.7775 2.14998 0
    endloop
  endfacet
  facet normal -0.14668 -0.989184 0
    outer loop
      vertex 37.0323 4.2435 0
      vertex 37.1634 4.22406 6
      vertex 37.0323 4.2435 6
    endloop
  endfacet
  facet normal -0.14668 -0.989184 -0
    outer loop
      vertex 37.1634 4.22406 6
      vertex 37.0323 4.2435 0
      vertex 37.1634 4.22406 0
    endloop
  endfacet
  facet normal -0.14668 0.989184 0
    outer loop
      vertex 37.1634 1.57594 0
      vertex 37.0323 1.5565 6
      vertex 37.1634 1.57594 6
    endloop
  endfacet
  facet normal -0.14668 0.989184 0
    outer loop
      vertex 37.0323 1.5565 6
      vertex 37.1634 1.57594 0
      vertex 37.0323 1.5565 0
    endloop
  endfacet
  facet normal 0.14668 0.989184 -0
    outer loop
      vertex 36.7677 1.5565 0
      vertex 36.6366 1.57594 6
      vertex 36.7677 1.5565 6
    endloop
  endfacet
  facet normal 0.14668 0.989184 0
    outer loop
      vertex 36.6366 1.57594 6
      vertex 36.7677 1.5565 0
      vertex 36.6366 1.57594 0
    endloop
  endfacet
  facet normal 0.242997 -0.970027 0
    outer loop
      vertex 36.5081 4.19187 0
      vertex 36.6366 4.22406 6
      vertex 36.5081 4.19187 6
    endloop
  endfacet
  facet normal 0.242997 -0.970027 0
    outer loop
      vertex 36.6366 4.22406 6
      vertex 36.5081 4.19187 0
      vertex 36.6366 4.22406 0
    endloop
  endfacet
  facet normal 0.998796 -0.0490642 0
    outer loop
      vertex 35.55 2.9 6
      vertex 35.5565 3.03232 0
      vertex 35.5565 3.03232 6
    endloop
  endfacet
  facet normal 0.998796 -0.0490642 0
    outer loop
      vertex 35.5565 3.03232 0
      vertex 35.55 2.9 6
      vertex 35.55 2.9 0
    endloop
  endfacet
  facet normal -0.740827 0.671696 0
    outer loop
      vertex 37.8546 1.94541 0
      vertex 37.9436 2.04357 6
      vertex 37.9436 2.04357 0
    endloop
  endfacet
  facet normal -0.740827 0.671696 0
    outer loop
      vertex 37.9436 2.04357 6
      vertex 37.8546 1.94541 0
      vertex 37.8546 1.94541 6
    endloop
  endfacet
  facet normal -0.904126 -0.427265 0
    outer loop
      vertex 38.1472 3.41662 0
      vertex 38.0906 3.53639 6
      vertex 38.0906 3.53639 0
    endloop
  endfacet
  facet normal -0.904126 -0.427265 0
    outer loop
      vertex 38.0906 3.53639 6
      vertex 38.1472 3.41662 0
      vertex 38.1472 3.41662 6
    endloop
  endfacet
  facet normal 0.14668 -0.989184 0
    outer loop
      vertex 36.6366 4.22406 0
      vertex 36.7677 4.2435 6
      vertex 36.6366 4.22406 6
    endloop
  endfacet
  facet normal 0.14668 -0.989184 0
    outer loop
      vertex 36.7677 4.2435 6
      vertex 36.6366 4.22406 0
      vertex 36.7677 4.2435 0
    endloop
  endfacet
  facet normal 0.904126 -0.427265 0
    outer loop
      vertex 35.6528 3.41662 6
      vertex 35.7094 3.53639 0
      vertex 35.7094 3.53639 6
    endloop
  endfacet
  facet normal 0.904126 -0.427265 0
    outer loop
      vertex 35.7094 3.53639 0
      vertex 35.6528 3.41662 6
      vertex 35.6528 3.41662 0
    endloop
  endfacet
  facet normal 0.336968 -0.941516 0
    outer loop
      vertex 36.3834 4.14724 0
      vertex 36.5081 4.19187 6
      vertex 36.3834 4.14724 6
    endloop
  endfacet
  facet normal 0.336968 -0.941516 0
    outer loop
      vertex 36.5081 4.19187 6
      vertex 36.3834 4.14724 0
      vertex 36.5081 4.19187 0
    endloop
  endfacet
  facet normal -0.514218 -0.857659 0
    outer loop
      vertex 37.5364 4.09059 0
      vertex 37.65 4.02248 6
      vertex 37.5364 4.09059 6
    endloop
  endfacet
  facet normal -0.514218 -0.857659 -0
    outer loop
      vertex 37.65 4.02248 6
      vertex 37.5364 4.09059 0
      vertex 37.65 4.02248 0
    endloop
  endfacet
  facet normal -0.671421 -0.741076 0
    outer loop
      vertex 37.7564 3.94356 0
      vertex 37.8546 3.85459 6
      vertex 37.7564 3.94356 6
    endloop
  endfacet
  facet normal -0.671421 -0.741076 -0
    outer loop
      vertex 37.8546 3.85459 6
      vertex 37.7564 3.94356 0
      vertex 37.8546 3.85459 0
    endloop
  endfacet
  facet normal 0.0490716 0.998795 -0
    outer loop
      vertex 36.9 1.55 0
      vertex 36.7677 1.5565 6
      vertex 36.9 1.55 6
    endloop
  endfacet
  facet normal 0.0490716 0.998795 0
    outer loop
      vertex 36.7677 1.5565 6
      vertex 36.9 1.55 0
      vertex 36.7677 1.5565 0
    endloop
  endfacet
  facet normal 0.941383 0.33734 0
    outer loop
      vertex 35.6528 2.38338 6
      vertex 35.6081 2.50812 0
      vertex 35.6081 2.50812 6
    endloop
  endfacet
  facet normal 0.941383 0.33734 0
    outer loop
      vertex 35.6081 2.50812 0
      vertex 35.6528 2.38338 6
      vertex 35.6528 2.38338 0
    endloop
  endfacet
  facet normal -0.242997 0.970027 0
    outer loop
      vertex 37.2919 1.60813 0
      vertex 37.1634 1.57594 6
      vertex 37.2919 1.60813 6
    endloop
  endfacet
  facet normal -0.242997 0.970027 0
    outer loop
      vertex 37.1634 1.57594 6
      vertex 37.2919 1.60813 0
      vertex 37.1634 1.57594 0
    endloop
  endfacet
  facet normal -0.904113 0.427294 0
    outer loop
      vertex 38.0906 2.26362 0
      vertex 38.1472 2.38338 6
      vertex 38.1472 2.38338 0
    endloop
  endfacet
  facet normal -0.904113 0.427294 0
    outer loop
      vertex 38.1472 2.38338 6
      vertex 38.0906 2.26362 0
      vertex 38.0906 2.26362 6
    endloop
  endfacet
  facet normal -0.427486 0.904022 0
    outer loop
      vertex 37.5364 1.70941 0
      vertex 37.4166 1.65276 6
      vertex 37.5364 1.70941 6
    endloop
  endfacet
  facet normal -0.427486 0.904022 0
    outer loop
      vertex 37.4166 1.65276 6
      vertex 37.5364 1.70941 0
      vertex 37.4166 1.65276 0
    endloop
  endfacet
  facet normal 0.427486 -0.904022 0
    outer loop
      vertex 36.2636 4.09059 0
      vertex 36.3834 4.14724 6
      vertex 36.2636 4.09059 6
    endloop
  endfacet
  facet normal 0.427486 -0.904022 0
    outer loop
      vertex 36.3834 4.14724 6
      vertex 36.2636 4.09059 0
      vertex 36.3834 4.14724 0
    endloop
  endfacet
  facet normal -0.0490716 -0.998795 0
    outer loop
      vertex 36.9 4.25 0
      vertex 37.0323 4.2435 6
      vertex 36.9 4.25 6
    endloop
  endfacet
  facet normal -0.0490716 -0.998795 -0
    outer loop
      vertex 37.0323 4.2435 6
      vertex 36.9 4.25 0
      vertex 37.0323 4.2435 0
    endloop
  endfacet
  facet normal 0.514218 -0.857659 0
    outer loop
      vertex 36.15 4.02248 0
      vertex 36.2636 4.09059 6
      vertex 36.15 4.02248 6
    endloop
  endfacet
  facet normal 0.514218 -0.857659 0
    outer loop
      vertex 36.2636 4.09059 6
      vertex 36.15 4.02248 0
      vertex 36.2636 4.09059 0
    endloop
  endfacet
  facet normal -0.970014 0.243051 0
    outer loop
      vertex 38.1919 2.50812 0
      vertex 38.2241 2.63663 6
      vertex 38.2241 2.63663 0
    endloop
  endfacet
  facet normal -0.970014 0.243051 0
    outer loop
      vertex 38.2241 2.63663 6
      vertex 38.1919 2.50812 0
      vertex 38.1919 2.50812 6
    endloop
  endfacet
  facet normal -0.857753 -0.514063 0
    outer loop
      vertex 38.0906 3.53639 0
      vertex 38.0225 3.65002 6
      vertex 38.0225 3.65002 0
    endloop
  endfacet
  facet normal -0.857753 -0.514063 0
    outer loop
      vertex 38.0225 3.65002 6
      vertex 38.0906 3.53639 0
      vertex 38.0906 3.53639 6
    endloop
  endfacet
  facet normal 0.98922 0.146439 0
    outer loop
      vertex 35.5759 2.63663 6
      vertex 35.5565 2.76768 0
      vertex 35.5565 2.76768 6
    endloop
  endfacet
  facet normal 0.98922 0.146439 0
    outer loop
      vertex 35.5565 2.76768 0
      vertex 35.5759 2.63663 6
      vertex 35.5759 2.63663 0
    endloop
  endfacet
  facet normal 0.59574 -0.803177 0
    outer loop
      vertex 36.0436 3.94356 0
      vertex 36.15 4.02248 6
      vertex 36.0436 3.94356 6
    endloop
  endfacet
  facet normal 0.59574 -0.803177 0
    outer loop
      vertex 36.15 4.02248 6
      vertex 36.0436 3.94356 0
      vertex 36.15 4.02248 0
    endloop
  endfacet
  facet normal -0.0490716 0.998795 0
    outer loop
      vertex 37.0323 1.5565 0
      vertex 36.9 1.55 6
      vertex 37.0323 1.5565 6
    endloop
  endfacet
  facet normal -0.0490716 0.998795 0
    outer loop
      vertex 36.9 1.55 6
      vertex 37.0323 1.5565 0
      vertex 36.9 1.55 0
    endloop
  endfacet
  facet normal 0.970014 0.243051 0
    outer loop
      vertex 35.6081 2.50812 6
      vertex 35.5759 2.63663 0
      vertex 35.5759 2.63663 6
    endloop
  endfacet
  facet normal 0.970014 0.243051 0
    outer loop
      vertex 35.5759 2.63663 0
      vertex 35.6081 2.50812 6
      vertex 35.6081 2.50812 0
    endloop
  endfacet
  facet normal 0.671421 0.741076 -0
    outer loop
      vertex 36.0436 1.85644 0
      vertex 35.9454 1.94541 6
      vertex 36.0436 1.85644 6
    endloop
  endfacet
  facet normal 0.671421 0.741076 0
    outer loop
      vertex 35.9454 1.94541 6
      vertex 36.0436 1.85644 0
      vertex 35.9454 1.94541 0
    endloop
  endfacet
  facet normal 0.671421 -0.741076 0
    outer loop
      vertex 35.9454 3.85459 0
      vertex 36.0436 3.94356 6
      vertex 35.9454 3.85459 6
    endloop
  endfacet
  facet normal 0.671421 -0.741076 0
    outer loop
      vertex 36.0436 3.94356 6
      vertex 35.9454 3.85459 0
      vertex 36.0436 3.94356 0
    endloop
  endfacet
  facet normal 0.857753 -0.514063 0
    outer loop
      vertex 35.7094 3.53639 6
      vertex 35.7775 3.65002 0
      vertex 35.7775 3.65002 6
    endloop
  endfacet
  facet normal 0.857753 -0.514063 0
    outer loop
      vertex 35.7775 3.65002 0
      vertex 35.7094 3.53639 6
      vertex 35.7094 3.53639 0
    endloop
  endfacet
  facet normal 0.514218 0.857659 -0
    outer loop
      vertex 36.2636 1.70941 0
      vertex 36.15 1.77752 6
      vertex 36.2636 1.70941 6
    endloop
  endfacet
  facet normal 0.514218 0.857659 0
    outer loop
      vertex 36.15 1.77752 6
      vertex 36.2636 1.70941 0
      vertex 36.15 1.77752 0
    endloop
  endfacet
  facet normal -0.514218 0.857659 0
    outer loop
      vertex 37.65 1.77752 0
      vertex 37.5364 1.70941 6
      vertex 37.65 1.77752 6
    endloop
  endfacet
  facet normal -0.514218 0.857659 0
    outer loop
      vertex 37.5364 1.70941 6
      vertex 37.65 1.77752 0
      vertex 37.5364 1.70941 0
    endloop
  endfacet
  facet normal 0.98922 -0.146439 0
    outer loop
      vertex 35.5565 3.03232 6
      vertex 35.5759 3.16337 0
      vertex 35.5759 3.16337 6
    endloop
  endfacet
  facet normal 0.98922 -0.146439 0
    outer loop
      vertex 35.5759 3.16337 0
      vertex 35.5565 3.03232 6
      vertex 35.5565 3.03232 0
    endloop
  endfacet
  facet normal -0.740827 -0.671696 0
    outer loop
      vertex 37.9436 3.75643 0
      vertex 37.8546 3.85459 6
      vertex 37.8546 3.85459 0
    endloop
  endfacet
  facet normal -0.740827 -0.671696 0
    outer loop
      vertex 37.8546 3.85459 6
      vertex 37.9436 3.75643 0
      vertex 37.9436 3.75643 6
    endloop
  endfacet
  facet normal 0.941383 -0.33734 0
    outer loop
      vertex 35.6081 3.29188 6
      vertex 35.6528 3.41662 0
      vertex 35.6528 3.41662 6
    endloop
  endfacet
  facet normal 0.941383 -0.33734 0
    outer loop
      vertex 35.6528 3.41662 0
      vertex 35.6081 3.29188 6
      vertex 35.6081 3.29188 0
    endloop
  endfacet
  facet normal -0.857773 0.514029 0
    outer loop
      vertex 38.0225 2.14998 0
      vertex 38.0906 2.26362 6
      vertex 38.0906 2.26362 0
    endloop
  endfacet
  facet normal -0.857773 0.514029 0
    outer loop
      vertex 38.0906 2.26362 6
      vertex 38.0225 2.14998 0
      vertex 38.0225 2.14998 6
    endloop
  endfacet
  facet normal -0.941383 0.33734 0
    outer loop
      vertex 38.1472 2.38338 0
      vertex 38.1919 2.50812 6
      vertex 38.1919 2.50812 0
    endloop
  endfacet
  facet normal -0.941383 0.33734 0
    outer loop
      vertex 38.1919 2.50812 6
      vertex 38.1472 2.38338 0
      vertex 38.1472 2.38338 6
    endloop
  endfacet
  facet normal 0.336968 0.941516 -0
    outer loop
      vertex 36.5081 1.60813 0
      vertex 36.3834 1.65276 6
      vertex 36.5081 1.60813 6
    endloop
  endfacet
  facet normal 0.336968 0.941516 0
    outer loop
      vertex 36.3834 1.65276 6
      vertex 36.5081 1.60813 0
      vertex 36.3834 1.65276 0
    endloop
  endfacet
  facet normal 0.242997 0.970027 -0
    outer loop
      vertex 36.6366 1.57594 0
      vertex 36.5081 1.60813 6
      vertex 36.6366 1.57594 6
    endloop
  endfacet
  facet normal 0.242997 0.970027 0
    outer loop
      vertex 36.5081 1.60813 6
      vertex 36.6366 1.57594 0
      vertex 36.5081 1.60813 0
    endloop
  endfacet
  facet normal 0.803276 -0.595607 0
    outer loop
      vertex 35.7775 3.65002 6
      vertex 35.8564 3.75643 0
      vertex 35.8564 3.75643 6
    endloop
  endfacet
  facet normal 0.803276 -0.595607 0
    outer loop
      vertex 35.8564 3.75643 0
      vertex 35.7775 3.65002 6
      vertex 35.7775 3.65002 0
    endloop
  endfacet
  facet normal 0.427486 0.904022 -0
    outer loop
      vertex 36.3834 1.65276 0
      vertex 36.2636 1.70941 6
      vertex 36.3834 1.65276 6
    endloop
  endfacet
  facet normal 0.427486 0.904022 0
    outer loop
      vertex 36.2636 1.70941 6
      vertex 36.3834 1.65276 0
      vertex 36.2636 1.70941 0
    endloop
  endfacet
  facet normal -0.989228 -0.146385 0
    outer loop
      vertex 38.2435 29.0323 0
      vertex 38.2241 29.1634 6
      vertex 38.2241 29.1634 0
    endloop
  endfacet
  facet normal -0.989228 -0.146385 0
    outer loop
      vertex 38.2241 29.1634 6
      vertex 38.2435 29.0323 0
      vertex 38.2435 29.0323 6
    endloop
  endfacet
  facet normal -0.998795 -0.0490716 0
    outer loop
      vertex 38.25 28.9 0
      vertex 38.2435 29.0323 6
      vertex 38.2435 29.0323 0
    endloop
  endfacet
  facet normal -0.998795 -0.0490716 0
    outer loop
      vertex 38.2435 29.0323 6
      vertex 38.25 28.9 0
      vertex 38.25 28.9 6
    endloop
  endfacet
  facet normal -0.970009 -0.243068 0
    outer loop
      vertex 38.2241 29.1634 0
      vertex 38.1919 29.2919 6
      vertex 38.1919 29.2919 0
    endloop
  endfacet
  facet normal -0.970009 -0.243068 0
    outer loop
      vertex 38.1919 29.2919 6
      vertex 38.2241 29.1634 0
      vertex 38.2241 29.1634 6
    endloop
  endfacet
  facet normal 0.243068 -0.970009 0
    outer loop
      vertex 36.5081 30.1919 0
      vertex 36.6366 30.2241 6
      vertex 36.5081 30.1919 6
    endloop
  endfacet
  facet normal 0.243068 -0.970009 0
    outer loop
      vertex 36.6366 30.2241 6
      vertex 36.5081 30.1919 0
      vertex 36.6366 30.2241 0
    endloop
  endfacet
  facet normal 0.904168 0.427178 0
    outer loop
      vertex 35.7094 28.2636 6
      vertex 35.6528 28.3834 0
      vertex 35.6528 28.3834 6
    endloop
  endfacet
  facet normal 0.904168 0.427178 0
    outer loop
      vertex 35.6528 28.3834 0
      vertex 35.7094 28.2636 6
      vertex 35.7094 28.2636 0
    endloop
  endfacet
  facet normal -0.427178 0.904168 0
    outer loop
      vertex 37.5364 27.7094 0
      vertex 37.4166 27.6528 6
      vertex 37.5364 27.7094 6
    endloop
  endfacet
  facet normal -0.427178 0.904168 0
    outer loop
      vertex 37.4166 27.6528 6
      vertex 37.5364 27.7094 0
      vertex 37.4166 27.6528 0
    endloop
  endfacet
  facet normal 0.243068 0.970009 -0
    outer loop
      vertex 36.6366 27.5759 0
      vertex 36.5081 27.6081 6
      vertex 36.6366 27.5759 6
    endloop
  endfacet
  facet normal 0.243068 0.970009 0
    outer loop
      vertex 36.5081 27.6081 6
      vertex 36.6366 27.5759 0
      vertex 36.5081 27.6081 0
    endloop
  endfacet
  facet normal -0.514163 0.857693 0
    outer loop
      vertex 37.65 27.7775 0
      vertex 37.5364 27.7094 6
      vertex 37.65 27.7775 6
    endloop
  endfacet
  facet normal -0.514163 0.857693 0
    outer loop
      vertex 37.5364 27.7094 6
      vertex 37.65 27.7775 0
      vertex 37.5364 27.7094 0
    endloop
  endfacet
  facet normal 0.337436 0.941348 -0
    outer loop
      vertex 36.5081 27.6081 0
      vertex 36.3834 27.6528 6
      vertex 36.5081 27.6081 6
    endloop
  endfacet
  facet normal 0.337436 0.941348 0
    outer loop
      vertex 36.3834 27.6528 6
      vertex 36.5081 27.6081 0
      vertex 36.3834 27.6528 0
    endloop
  endfacet
  facet normal -0.337436 0.941348 0
    outer loop
      vertex 37.4166 27.6528 0
      vertex 37.2919 27.6081 6
      vertex 37.4166 27.6528 6
    endloop
  endfacet
  facet normal -0.337436 0.941348 0
    outer loop
      vertex 37.2919 27.6081 6
      vertex 37.4166 27.6528 0
      vertex 37.2919 27.6081 0
    endloop
  endfacet
  facet normal 0.671545 -0.740963 0
    outer loop
      vertex 35.9454 29.8546 0
      vertex 36.0436 29.9436 6
      vertex 35.9454 29.8546 6
    endloop
  endfacet
  facet normal 0.671545 -0.740963 0
    outer loop
      vertex 36.0436 29.9436 6
      vertex 35.9454 29.8546 0
      vertex 36.0436 29.9436 0
    endloop
  endfacet
  facet normal -0.243068 0.970009 0
    outer loop
      vertex 37.2919 27.6081 0
      vertex 37.1634 27.5759 6
      vertex 37.2919 27.6081 6
    endloop
  endfacet
  facet normal -0.243068 0.970009 0
    outer loop
      vertex 37.1634 27.5759 6
      vertex 37.2919 27.6081 0
      vertex 37.1634 27.5759 0
    endloop
  endfacet
  facet normal 0.857693 -0.514163 0
    outer loop
      vertex 35.7094 29.5364 6
      vertex 35.7775 29.65 0
      vertex 35.7775 29.65 6
    endloop
  endfacet
  facet normal 0.857693 -0.514163 0
    outer loop
      vertex 35.7775 29.65 0
      vertex 35.7094 29.5364 6
      vertex 35.7094 29.5364 0
    endloop
  endfacet
  facet normal 0.989228 -0.146385 0
    outer loop
      vertex 35.5565 29.0323 6
      vertex 35.5759 29.1634 0
      vertex 35.5759 29.1634 6
    endloop
  endfacet
  facet normal 0.989228 -0.146385 0
    outer loop
      vertex 35.5759 29.1634 0
      vertex 35.5565 29.0323 6
      vertex 35.5565 29.0323 0
    endloop
  endfacet
  facet normal -0.904168 -0.427178 0
    outer loop
      vertex 38.1472 29.4166 0
      vertex 38.0906 29.5364 6
      vertex 38.0906 29.5364 0
    endloop
  endfacet
  facet normal -0.904168 -0.427178 0
    outer loop
      vertex 38.0906 29.5364 6
      vertex 38.1472 29.4166 0
      vertex 38.1472 29.4166 6
    endloop
  endfacet
  facet normal -0.803249 0.595643 0
    outer loop
      vertex 37.9436 28.0436 0
      vertex 38.0225 28.15 6
      vertex 38.0225 28.15 0
    endloop
  endfacet
  facet normal -0.803249 0.595643 0
    outer loop
      vertex 38.0225 28.15 6
      vertex 37.9436 28.0436 0
      vertex 37.9436 28.0436 6
    endloop
  endfacet
  facet normal 0.595643 -0.803249 0
    outer loop
      vertex 36.0436 29.9436 0
      vertex 36.15 30.0225 6
      vertex 36.0436 29.9436 6
    endloop
  endfacet
  facet normal 0.595643 -0.803249 0
    outer loop
      vertex 36.15 30.0225 6
      vertex 36.0436 29.9436 0
      vertex 36.15 30.0225 0
    endloop
  endfacet
  facet normal -0.595643 -0.803249 0
    outer loop
      vertex 37.65 30.0225 0
      vertex 37.7564 29.9436 6
      vertex 37.65 30.0225 6
    endloop
  endfacet
  facet normal -0.595643 -0.803249 -0
    outer loop
      vertex 37.7564 29.9436 6
      vertex 37.65 30.0225 0
      vertex 37.7564 29.9436 0
    endloop
  endfacet
  facet normal -0.146385 -0.989228 0
    outer loop
      vertex 37.0323 30.2435 0
      vertex 37.1634 30.2241 6
      vertex 37.0323 30.2435 6
    endloop
  endfacet
  facet normal -0.146385 -0.989228 -0
    outer loop
      vertex 37.1634 30.2241 6
      vertex 37.0323 30.2435 0
      vertex 37.1634 30.2241 0
    endloop
  endfacet
  facet normal -0.803249 -0.595643 0
    outer loop
      vertex 38.0225 29.65 0
      vertex 37.9436 29.7564 6
      vertex 37.9436 29.7564 0
    endloop
  endfacet
  facet normal -0.803249 -0.595643 0
    outer loop
      vertex 37.9436 29.7564 6
      vertex 38.0225 29.65 0
      vertex 38.0225 29.65 6
    endloop
  endfacet
  facet normal 0.514163 -0.857693 0
    outer loop
      vertex 36.15 30.0225 0
      vertex 36.2636 30.0906 6
      vertex 36.15 30.0225 6
    endloop
  endfacet
  facet normal 0.514163 -0.857693 0
    outer loop
      vertex 36.2636 30.0906 6
      vertex 36.15 30.0225 0
      vertex 36.2636 30.0906 0
    endloop
  endfacet
  facet normal 0.146385 -0.989228 0
    outer loop
      vertex 36.6366 30.2241 0
      vertex 36.7677 30.2435 6
      vertex 36.6366 30.2241 6
    endloop
  endfacet
  facet normal 0.146385 -0.989228 0
    outer loop
      vertex 36.7677 30.2435 6
      vertex 36.6366 30.2241 0
      vertex 36.7677 30.2435 0
    endloop
  endfacet
  facet normal -0.514163 -0.857693 0
    outer loop
      vertex 37.5364 30.0906 0
      vertex 37.65 30.0225 6
      vertex 37.5364 30.0906 6
    endloop
  endfacet
  facet normal -0.514163 -0.857693 -0
    outer loop
      vertex 37.65 30.0225 6
      vertex 37.5364 30.0906 0
      vertex 37.65 30.0225 0
    endloop
  endfacet
  facet normal -0.671545 -0.740963 0
    outer loop
      vertex 37.7564 29.9436 0
      vertex 37.8546 29.8546 6
      vertex 37.7564 29.9436 6
    endloop
  endfacet
  facet normal -0.671545 -0.740963 -0
    outer loop
      vertex 37.8546 29.8546 6
      vertex 37.7564 29.9436 0
      vertex 37.8546 29.8546 0
    endloop
  endfacet
  facet normal 0.941348 0.337436 0
    outer loop
      vertex 35.6528 28.3834 6
      vertex 35.6081 28.5081 0
      vertex 35.6081 28.5081 6
    endloop
  endfacet
  facet normal 0.941348 0.337436 0
    outer loop
      vertex 35.6081 28.5081 0
      vertex 35.6528 28.3834 6
      vertex 35.6528 28.3834 0
    endloop
  endfacet
  facet normal -0.998795 0.0490716 0
    outer loop
      vertex 38.2435 28.7677 0
      vertex 38.25 28.9 6
      vertex 38.25 28.9 0
    endloop
  endfacet
  facet normal -0.998795 0.0490716 0
    outer loop
      vertex 38.25 28.9 6
      vertex 38.2435 28.7677 0
      vertex 38.2435 28.7677 6
    endloop
  endfacet
  facet normal 0.427178 -0.904168 0
    outer loop
      vertex 36.2636 30.0906 0
      vertex 36.3834 30.1472 6
      vertex 36.2636 30.0906 6
    endloop
  endfacet
  facet normal 0.427178 -0.904168 0
    outer loop
      vertex 36.3834 30.1472 6
      vertex 36.2636 30.0906 0
      vertex 36.3834 30.1472 0
    endloop
  endfacet
  facet normal -0.904168 0.427178 0
    outer loop
      vertex 38.0906 28.2636 0
      vertex 38.1472 28.3834 6
      vertex 38.1472 28.3834 0
    endloop
  endfacet
  facet normal -0.904168 0.427178 0
    outer loop
      vertex 38.1472 28.3834 6
      vertex 38.0906 28.2636 0
      vertex 38.0906 28.2636 6
    endloop
  endfacet
  facet normal 0.595643 0.803249 -0
    outer loop
      vertex 36.15 27.7775 0
      vertex 36.0436 27.8564 6
      vertex 36.15 27.7775 6
    endloop
  endfacet
  facet normal 0.595643 0.803249 0
    outer loop
      vertex 36.0436 27.8564 6
      vertex 36.15 27.7775 0
      vertex 36.0436 27.8564 0
    endloop
  endfacet
  facet normal 0.803249 -0.595643 0
    outer loop
      vertex 35.7775 29.65 6
      vertex 35.8564 29.7564 0
      vertex 35.8564 29.7564 6
    endloop
  endfacet
  facet normal 0.803249 -0.595643 0
    outer loop
      vertex 35.8564 29.7564 0
      vertex 35.7775 29.65 6
      vertex 35.7775 29.65 0
    endloop
  endfacet
  facet normal 0.941348 -0.337436 0
    outer loop
      vertex 35.6081 29.2919 6
      vertex 35.6528 29.4166 0
      vertex 35.6528 29.4166 6
    endloop
  endfacet
  facet normal 0.941348 -0.337436 0
    outer loop
      vertex 35.6528 29.4166 0
      vertex 35.6081 29.2919 6
      vertex 35.6081 29.2919 0
    endloop
  endfacet
  facet normal -0.941348 -0.337436 0
    outer loop
      vertex 38.1919 29.2919 0
      vertex 38.1472 29.4166 6
      vertex 38.1472 29.4166 0
    endloop
  endfacet
  facet normal -0.941348 -0.337436 0
    outer loop
      vertex 38.1472 29.4166 6
      vertex 38.1919 29.2919 0
      vertex 38.1919 29.2919 6
    endloop
  endfacet
  facet normal 0.671545 0.740963 -0
    outer loop
      vertex 36.0436 27.8564 0
      vertex 35.9454 27.9454 6
      vertex 36.0436 27.8564 6
    endloop
  endfacet
  facet normal 0.671545 0.740963 0
    outer loop
      vertex 35.9454 27.9454 6
      vertex 36.0436 27.8564 0
      vertex 35.9454 27.9454 0
    endloop
  endfacet
  facet normal -0.970009 0.243068 0
    outer loop
      vertex 38.1919 28.5081 0
      vertex 38.2241 28.6366 6
      vertex 38.2241 28.6366 0
    endloop
  endfacet
  facet normal -0.970009 0.243068 0
    outer loop
      vertex 38.2241 28.6366 6
      vertex 38.1919 28.5081 0
      vertex 38.1919 28.5081 6
    endloop
  endfacet
  facet normal -0.989228 0.146385 0
    outer loop
      vertex 38.2241 28.6366 0
      vertex 38.2435 28.7677 6
      vertex 38.2435 28.7677 0
    endloop
  endfacet
  facet normal -0.989228 0.146385 0
    outer loop
      vertex 38.2435 28.7677 6
      vertex 38.2241 28.6366 0
      vertex 38.2241 28.6366 6
    endloop
  endfacet
  facet normal 0.514163 0.857693 -0
    outer loop
      vertex 36.2636 27.7094 0
      vertex 36.15 27.7775 6
      vertex 36.2636 27.7094 6
    endloop
  endfacet
  facet normal 0.514163 0.857693 0
    outer loop
      vertex 36.15 27.7775 6
      vertex 36.2636 27.7094 0
      vertex 36.15 27.7775 0
    endloop
  endfacet
  facet normal -0.337436 -0.941348 0
    outer loop
      vertex 37.2919 30.1919 0
      vertex 37.4166 30.1472 6
      vertex 37.2919 30.1919 6
    endloop
  endfacet
  facet normal -0.337436 -0.941348 -0
    outer loop
      vertex 37.4166 30.1472 6
      vertex 37.2919 30.1919 0
      vertex 37.4166 30.1472 0
    endloop
  endfacet
  facet normal 0.337436 -0.941348 0
    outer loop
      vertex 36.3834 30.1472 0
      vertex 36.5081 30.1919 6
      vertex 36.3834 30.1472 6
    endloop
  endfacet
  facet normal 0.337436 -0.941348 0
    outer loop
      vertex 36.5081 30.1919 6
      vertex 36.3834 30.1472 0
      vertex 36.5081 30.1919 0
    endloop
  endfacet
  facet normal -0.146385 0.989228 0
    outer loop
      vertex 37.1634 27.5759 0
      vertex 37.0323 27.5565 6
      vertex 37.1634 27.5759 6
    endloop
  endfacet
  facet normal -0.146385 0.989228 0
    outer loop
      vertex 37.0323 27.5565 6
      vertex 37.1634 27.5759 0
      vertex 37.0323 27.5565 0
    endloop
  endfacet
  facet normal -0.857693 0.514163 0
    outer loop
      vertex 38.0225 28.15 0
      vertex 38.0906 28.2636 6
      vertex 38.0906 28.2636 0
    endloop
  endfacet
  facet normal -0.857693 0.514163 0
    outer loop
      vertex 38.0906 28.2636 6
      vertex 38.0225 28.15 0
      vertex 38.0225 28.15 6
    endloop
  endfacet
  facet normal 0.0490716 -0.998795 0
    outer loop
      vertex 36.7677 30.2435 0
      vertex 36.9 30.25 6
      vertex 36.7677 30.2435 6
    endloop
  endfacet
  facet normal 0.0490716 -0.998795 0
    outer loop
      vertex 36.9 30.25 6
      vertex 36.7677 30.2435 0
      vertex 36.9 30.25 0
    endloop
  endfacet
  facet normal 0.998795 0.0490716 0
    outer loop
      vertex 35.5565 28.7677 6
      vertex 35.55 28.9 0
      vertex 35.55 28.9 6
    endloop
  endfacet
  facet normal 0.998795 0.0490716 0
    outer loop
      vertex 35.55 28.9 0
      vertex 35.5565 28.7677 6
      vertex 35.5565 28.7677 0
    endloop
  endfacet
  facet normal -0.941348 0.337436 0
    outer loop
      vertex 38.1472 28.3834 0
      vertex 38.1919 28.5081 6
      vertex 38.1919 28.5081 0
    endloop
  endfacet
  facet normal -0.941348 0.337436 0
    outer loop
      vertex 38.1919 28.5081 6
      vertex 38.1472 28.3834 0
      vertex 38.1472 28.3834 6
    endloop
  endfacet
  facet normal -0.427178 -0.904168 0
    outer loop
      vertex 37.4166 30.1472 0
      vertex 37.5364 30.0906 6
      vertex 37.4166 30.1472 6
    endloop
  endfacet
  facet normal -0.427178 -0.904168 -0
    outer loop
      vertex 37.5364 30.0906 6
      vertex 37.4166 30.1472 0
      vertex 37.5364 30.0906 0
    endloop
  endfacet
  facet normal -0.740963 -0.671545 0
    outer loop
      vertex 37.9436 29.7564 0
      vertex 37.8546 29.8546 6
      vertex 37.8546 29.8546 0
    endloop
  endfacet
  facet normal -0.740963 -0.671545 0
    outer loop
      vertex 37.8546 29.8546 6
      vertex 37.9436 29.7564 0
      vertex 37.9436 29.7564 6
    endloop
  endfacet
  facet normal -0.0490716 -0.998795 0
    outer loop
      vertex 36.9 30.25 0
      vertex 37.0323 30.2435 6
      vertex 36.9 30.25 6
    endloop
  endfacet
  facet normal -0.0490716 -0.998795 -0
    outer loop
      vertex 37.0323 30.2435 6
      vertex 36.9 30.25 0
      vertex 37.0323 30.2435 0
    endloop
  endfacet
  facet normal 0.857693 0.514163 0
    outer loop
      vertex 35.7775 28.15 6
      vertex 35.7094 28.2636 0
      vertex 35.7094 28.2636 6
    endloop
  endfacet
  facet normal 0.857693 0.514163 0
    outer loop
      vertex 35.7094 28.2636 0
      vertex 35.7775 28.15 6
      vertex 35.7775 28.15 0
    endloop
  endfacet
  facet normal -0.857693 -0.514163 0
    outer loop
      vertex 38.0906 29.5364 0
      vertex 38.0225 29.65 6
      vertex 38.0225 29.65 0
    endloop
  endfacet
  facet normal -0.857693 -0.514163 0
    outer loop
      vertex 38.0225 29.65 6
      vertex 38.0906 29.5364 0
      vertex 38.0906 29.5364 6
    endloop
  endfacet
  facet normal 0.146385 0.989228 -0
    outer loop
      vertex 36.7677 27.5565 0
      vertex 36.6366 27.5759 6
      vertex 36.7677 27.5565 6
    endloop
  endfacet
  facet normal 0.146385 0.989228 0
    outer loop
      vertex 36.6366 27.5759 6
      vertex 36.7677 27.5565 0
      vertex 36.6366 27.5759 0
    endloop
  endfacet
  facet normal -0.671545 0.740963 0
    outer loop
      vertex 37.8546 27.9454 0
      vertex 37.7564 27.8564 6
      vertex 37.8546 27.9454 6
    endloop
  endfacet
  facet normal -0.671545 0.740963 0
    outer loop
      vertex 37.7564 27.8564 6
      vertex 37.8546 27.9454 0
      vertex 37.7564 27.8564 0
    endloop
  endfacet
  facet normal 0.0490716 0.998795 -0
    outer loop
      vertex 36.9 27.55 0
      vertex 36.7677 27.5565 6
      vertex 36.9 27.55 6
    endloop
  endfacet
  facet normal 0.0490716 0.998795 0
    outer loop
      vertex 36.7677 27.5565 6
      vertex 36.9 27.55 0
      vertex 36.7677 27.5565 0
    endloop
  endfacet
  facet normal 0.740963 -0.671545 0
    outer loop
      vertex 35.8564 29.7564 6
      vertex 35.9454 29.8546 0
      vertex 35.9454 29.8546 6
    endloop
  endfacet
  facet normal 0.740963 -0.671545 0
    outer loop
      vertex 35.9454 29.8546 0
      vertex 35.8564 29.7564 6
      vertex 35.8564 29.7564 0
    endloop
  endfacet
  facet normal 0.904168 -0.427178 0
    outer loop
      vertex 35.6528 29.4166 6
      vertex 35.7094 29.5364 0
      vertex 35.7094 29.5364 6
    endloop
  endfacet
  facet normal 0.904168 -0.427178 0
    outer loop
      vertex 35.7094 29.5364 0
      vertex 35.6528 29.4166 6
      vertex 35.6528 29.4166 0
    endloop
  endfacet
  facet normal 0.970009 -0.243068 0
    outer loop
      vertex 35.5759 29.1634 6
      vertex 35.6081 29.2919 0
      vertex 35.6081 29.2919 6
    endloop
  endfacet
  facet normal 0.970009 -0.243068 0
    outer loop
      vertex 35.6081 29.2919 0
      vertex 35.5759 29.1634 6
      vertex 35.5759 29.1634 0
    endloop
  endfacet
  facet normal -0.243068 -0.970009 0
    outer loop
      vertex 37.1634 30.2241 0
      vertex 37.2919 30.1919 6
      vertex 37.1634 30.2241 6
    endloop
  endfacet
  facet normal -0.243068 -0.970009 -0
    outer loop
      vertex 37.2919 30.1919 6
      vertex 37.1634 30.2241 0
      vertex 37.2919 30.1919 0
    endloop
  endfacet
  facet normal 0.970009 0.243068 0
    outer loop
      vertex 35.6081 28.5081 6
      vertex 35.5759 28.6366 0
      vertex 35.5759 28.6366 6
    endloop
  endfacet
  facet normal 0.970009 0.243068 0
    outer loop
      vertex 35.5759 28.6366 0
      vertex 35.6081 28.5081 6
      vertex 35.6081 28.5081 0
    endloop
  endfacet
  facet normal 0.427178 0.904168 -0
    outer loop
      vertex 36.3834 27.6528 0
      vertex 36.2636 27.7094 6
      vertex 36.3834 27.6528 6
    endloop
  endfacet
  facet normal 0.427178 0.904168 0
    outer loop
      vertex 36.2636 27.7094 6
      vertex 36.3834 27.6528 0
      vertex 36.2636 27.7094 0
    endloop
  endfacet
  facet normal 0.740963 0.671545 0
    outer loop
      vertex 35.9454 27.9454 6
      vertex 35.8564 28.0436 0
      vertex 35.8564 28.0436 6
    endloop
  endfacet
  facet normal 0.740963 0.671545 0
    outer loop
      vertex 35.8564 28.0436 0
      vertex 35.9454 27.9454 6
      vertex 35.9454 27.9454 0
    endloop
  endfacet
  facet normal -0.0490716 0.998795 0
    outer loop
      vertex 37.0323 27.5565 0
      vertex 36.9 27.55 6
      vertex 37.0323 27.5565 6
    endloop
  endfacet
  facet normal -0.0490716 0.998795 0
    outer loop
      vertex 36.9 27.55 6
      vertex 37.0323 27.5565 0
      vertex 36.9 27.55 0
    endloop
  endfacet
  facet normal 0.989228 0.146385 0
    outer loop
      vertex 35.5759 28.6366 6
      vertex 35.5565 28.7677 0
      vertex 35.5565 28.7677 6
    endloop
  endfacet
  facet normal 0.989228 0.146385 0
    outer loop
      vertex 35.5565 28.7677 0
      vertex 35.5759 28.6366 6
      vertex 35.5759 28.6366 0
    endloop
  endfacet
  facet normal -0.595643 0.803249 0
    outer loop
      vertex 37.7564 27.8564 0
      vertex 37.65 27.7775 6
      vertex 37.7564 27.8564 6
    endloop
  endfacet
  facet normal -0.595643 0.803249 0
    outer loop
      vertex 37.65 27.7775 6
      vertex 37.7564 27.8564 0
      vertex 37.65 27.7775 0
    endloop
  endfacet
  facet normal 0.803249 0.595643 0
    outer loop
      vertex 35.8564 28.0436 6
      vertex 35.7775 28.15 0
      vertex 35.7775 28.15 6
    endloop
  endfacet
  facet normal 0.803249 0.595643 0
    outer loop
      vertex 35.7775 28.15 0
      vertex 35.8564 28.0436 6
      vertex 35.8564 28.0436 0
    endloop
  endfacet
  facet normal 0.998795 -0.0490716 0
    outer loop
      vertex 35.55 28.9 6
      vertex 35.5565 29.0323 0
      vertex 35.5565 29.0323 6
    endloop
  endfacet
  facet normal 0.998795 -0.0490716 0
    outer loop
      vertex 35.5565 29.0323 0
      vertex 35.55 28.9 6
      vertex 35.55 28.9 0
    endloop
  endfacet
  facet normal -0.740963 0.671545 0
    outer loop
      vertex 37.8546 27.9454 0
      vertex 37.9436 28.0436 6
      vertex 37.9436 28.0436 0
    endloop
  endfacet
  facet normal -0.740963 0.671545 0
    outer loop
      vertex 37.9436 28.0436 6
      vertex 37.8546 27.9454 0
      vertex 37.8546 27.9454 6
    endloop
  endfacet
  facet normal -0.595607 -0.803276 0
    outer loop
      vertex 4.25001 25.1742 0
      vertex 4.28548 25.1479 5.8
      vertex 4.25001 25.1742 5.8
    endloop
  endfacet
  facet normal -0.595607 -0.803276 -0
    outer loop
      vertex 4.28548 25.1479 5.8
      vertex 4.25001 25.1742 0
      vertex 4.28548 25.1479 0
    endloop
  endfacet
  facet normal -0.989184 -0.14668 0
    outer loop
      vertex 4.44783 24.8441 0
      vertex 4.44135 24.8878 5.8
      vertex 4.44135 24.8878 0
    endloop
  endfacet
  facet normal -0.989184 -0.14668 0
    outer loop
      vertex 4.44135 24.8878 5.8
      vertex 4.44783 24.8441 0
      vertex 4.44783 24.8441 5.8
    endloop
  endfacet
  facet normal -0.998792 -0.0491469 0
    outer loop
      vertex 4.45 24.8 0
      vertex 4.44783 24.8441 5.8
      vertex 4.44783 24.8441 0
    endloop
  endfacet
  facet normal -0.998792 -0.0491469 0
    outer loop
      vertex 4.44783 24.8441 5.8
      vertex 4.45 24.8 0
      vertex 4.45 24.8 5.8
    endloop
  endfacet
  facet normal -0.969982 -0.243175 0
    outer loop
      vertex 4.44135 24.8878 0
      vertex 4.43062 24.9306 5.8
      vertex 4.43062 24.9306 0
    endloop
  endfacet
  facet normal -0.969982 -0.243175 0
    outer loop
      vertex 4.43062 24.9306 5.8
      vertex 4.44135 24.8878 0
      vertex 4.44135 24.8878 5.8
    endloop
  endfacet
  facet normal -0.740811 -0.671714 0
    outer loop
      vertex 4.34785 25.0855 0
      vertex 4.3182 25.1182 5.8
      vertex 4.3182 25.1182 0
    endloop
  endfacet
  facet normal -0.740811 -0.671714 0
    outer loop
      vertex 4.3182 25.1182 5.8
      vertex 4.34785 25.0855 0
      vertex 4.34785 25.0855 5.8
    endloop
  endfacet
  facet normal 0.803409 -0.595428 0
    outer loop
      vertex 3.62584 25.05 5.8
      vertex 3.65215 25.0855 0
      vertex 3.65215 25.0855 5.8
    endloop
  endfacet
  facet normal 0.803409 -0.595428 0
    outer loop
      vertex 3.65215 25.0855 0
      vertex 3.62584 25.05 5.8
      vertex 3.62584 25.05 0
    endloop
  endfacet
  facet normal 0.426059 -0.904695 0
    outer loop
      vertex 3.78787 25.1969 0
      vertex 3.82779 25.2157 5.8
      vertex 3.78787 25.1969 5.8
    endloop
  endfacet
  facet normal 0.426059 -0.904695 0
    outer loop
      vertex 3.82779 25.2157 5.8
      vertex 3.78787 25.1969 0
      vertex 3.82779 25.2157 0
    endloop
  endfacet
  facet normal -0.144972 0.989436 0
    outer loop
      vertex 4.08779 24.3586 0
      vertex 4.04411 24.3522 5.8
      vertex 4.08779 24.3586 5.8
    endloop
  endfacet
  facet normal -0.144972 0.989436 0
    outer loop
      vertex 4.04411 24.3522 5.8
      vertex 4.08779 24.3586 0
      vertex 4.04411 24.3522 0
    endloop
  endfacet
  facet normal -0.33734 -0.941383 0
    outer loop
      vertex 4.13063 25.2306 0
      vertex 4.17221 25.2157 5.8
      vertex 4.13063 25.2306 5.8
    endloop
  endfacet
  facet normal -0.33734 -0.941383 -0
    outer loop
      vertex 4.17221 25.2157 5.8
      vertex 4.13063 25.2306 0
      vertex 4.17221 25.2157 0
    endloop
  endfacet
  facet normal -0.514029 -0.857773 0
    outer loop
      vertex 4.21213 25.1969 0
      vertex 4.25001 25.1742 5.8
      vertex 4.21213 25.1969 5.8
    endloop
  endfacet
  facet normal -0.514029 -0.857773 -0
    outer loop
      vertex 4.25001 25.1742 5.8
      vertex 4.21213 25.1969 0
      vertex 4.25001 25.1742 0
    endloop
  endfacet
  facet normal -0.998792 0.0491469 0
    outer loop
      vertex 4.44783 24.7559 0
      vertex 4.45 24.8 5.8
      vertex 4.45 24.8 0
    endloop
  endfacet
  facet normal -0.998792 0.0491469 0
    outer loop
      vertex 4.45 24.8 5.8
      vertex 4.44783 24.7559 0
      vertex 4.44783 24.7559 5.8
    endloop
  endfacet
  facet normal 0.33734 -0.941383 0
    outer loop
      vertex 3.82779 25.2157 0
      vertex 3.86937 25.2306 5.8
      vertex 3.82779 25.2157 5.8
    endloop
  endfacet
  facet normal 0.33734 -0.941383 0
    outer loop
      vertex 3.86937 25.2306 5.8
      vertex 3.82779 25.2157 0
      vertex 3.86937 25.2306 0
    endloop
  endfacet
  facet normal -0.803409 0.595428 0
    outer loop
      vertex 4.34785 24.5145 0
      vertex 4.37416 24.55 5.8
      vertex 4.37416 24.55 0
    endloop
  endfacet
  facet normal -0.803409 0.595428 0
    outer loop
      vertex 4.37416 24.55 5.8
      vertex 4.34785 24.5145 0
      vertex 4.34785 24.5145 5.8
    endloop
  endfacet
  facet normal 0.144972 0.989436 -0
    outer loop
      vertex 3.95589 24.3522 0
      vertex 3.91221 24.3586 5.8
      vertex 3.95589 24.3522 5.8
    endloop
  endfacet
  facet normal 0.144972 0.989436 0
    outer loop
      vertex 3.91221 24.3586 5.8
      vertex 3.95589 24.3522 0
      vertex 3.91221 24.3586 0
    endloop
  endfacet
  facet normal -0.0498134 -0.998759 0
    outer loop
      vertex 4 25.25 0
      vertex 4.04411 25.2478 5.8
      vertex 4 25.25 5.8
    endloop
  endfacet
  facet normal -0.0498134 -0.998759 -0
    outer loop
      vertex 4.04411 25.2478 5.8
      vertex 4 25.25 0
      vertex 4.04411 25.2478 0
    endloop
  endfacet
  facet normal 0.803409 0.595428 0
    outer loop
      vertex 3.65215 24.5145 5.8
      vertex 3.62584 24.55 0
      vertex 3.62584 24.55 5.8
    endloop
  endfacet
  facet normal 0.803409 0.595428 0
    outer loop
      vertex 3.62584 24.55 0
      vertex 3.65215 24.5145 5.8
      vertex 3.65215 24.5145 0
    endloop
  endfacet
  facet normal 0.514029 -0.857773 0
    outer loop
      vertex 3.74999 25.1742 0
      vertex 3.78787 25.1969 5.8
      vertex 3.74999 25.1742 5.8
    endloop
  endfacet
  facet normal 0.514029 -0.857773 0
    outer loop
      vertex 3.78787 25.1969 5.8
      vertex 3.74999 25.1742 0
      vertex 3.78787 25.1969 0
    endloop
  endfacet
  facet normal 0.244452 0.969661 -0
    outer loop
      vertex 3.91221 24.3586 0
      vertex 3.86937 24.3694 5.8
      vertex 3.91221 24.3586 5.8
    endloop
  endfacet
  facet normal 0.244452 0.969661 0
    outer loop
      vertex 3.86937 24.3694 5.8
      vertex 3.91221 24.3586 0
      vertex 3.86937 24.3694 0
    endloop
  endfacet
  facet normal -0.244452 0.969661 0
    outer loop
      vertex 4.13063 24.3694 0
      vertex 4.08779 24.3586 5.8
      vertex 4.13063 24.3694 5.8
    endloop
  endfacet
  facet normal -0.244452 0.969661 0
    outer loop
      vertex 4.08779 24.3586 5.8
      vertex 4.13063 24.3694 0
      vertex 4.08779 24.3586 0
    endloop
  endfacet
  facet normal 0.857892 0.51383 0
    outer loop
      vertex 3.62584 24.55 5.8
      vertex 3.60314 24.5879 0
      vertex 3.60314 24.5879 5.8
    endloop
  endfacet
  facet normal 0.857892 0.51383 0
    outer loop
      vertex 3.60314 24.5879 0
      vertex 3.62584 24.55 5.8
      vertex 3.62584 24.55 0
    endloop
  endfacet
  facet normal -0.514029 0.857773 0
    outer loop
      vertex 4.25001 24.4258 0
      vertex 4.21213 24.4031 5.8
      vertex 4.25001 24.4258 5.8
    endloop
  endfacet
  facet normal -0.514029 0.857773 0
    outer loop
      vertex 4.21213 24.4031 5.8
      vertex 4.25001 24.4258 0
      vertex 4.21213 24.4031 0
    endloop
  endfacet
  facet normal -0.903825 0.427901 0
    outer loop
      vertex 4.39686 24.5879 0
      vertex 4.41575 24.6278 5.8
      vertex 4.41575 24.6278 0
    endloop
  endfacet
  facet normal -0.903825 0.427901 0
    outer loop
      vertex 4.41575 24.6278 5.8
      vertex 4.39686 24.5879 0
      vertex 4.39686 24.5879 5.8
    endloop
  endfacet
  facet normal -0.94165 0.336594 0
    outer loop
      vertex 4.41575 24.6278 0
      vertex 4.43062 24.6694 5.8
      vertex 4.43062 24.6694 0
    endloop
  endfacet
  facet normal -0.94165 0.336594 0
    outer loop
      vertex 4.43062 24.6694 5.8
      vertex 4.41575 24.6278 0
      vertex 4.41575 24.6278 5.8
    endloop
  endfacet
  facet normal 0.740811 -0.671714 0
    outer loop
      vertex 3.65215 25.0855 5.8
      vertex 3.6818 25.1182 0
      vertex 3.6818 25.1182 5.8
    endloop
  endfacet
  facet normal 0.740811 -0.671714 0
    outer loop
      vertex 3.6818 25.1182 0
      vertex 3.65215 25.0855 5.8
      vertex 3.65215 25.0855 0
    endloop
  endfacet
  facet normal 0.672109 -0.740452 0
    outer loop
      vertex 3.6818 25.1182 0
      vertex 3.71452 25.1479 5.8
      vertex 3.6818 25.1182 5.8
    endloop
  endfacet
  facet normal 0.672109 -0.740452 0
    outer loop
      vertex 3.71452 25.1479 5.8
      vertex 3.6818 25.1182 0
      vertex 3.71452 25.1479 0
    endloop
  endfacet
  facet normal 0.144972 -0.989436 0
    outer loop
      vertex 3.91221 25.2414 0
      vertex 3.95589 25.2478 5.8
      vertex 3.91221 25.2414 5.8
    endloop
  endfacet
  facet normal 0.144972 -0.989436 0
    outer loop
      vertex 3.95589 25.2478 5.8
      vertex 3.91221 25.2414 0
      vertex 3.95589 25.2478 0
    endloop
  endfacet
  facet normal -0.857892 0.51383 0
    outer loop
      vertex 4.37416 24.55 0
      vertex 4.39686 24.5879 5.8
      vertex 4.39686 24.5879 0
    endloop
  endfacet
  facet normal -0.857892 0.51383 0
    outer loop
      vertex 4.39686 24.5879 5.8
      vertex 4.37416 24.55 0
      vertex 4.37416 24.55 5.8
    endloop
  endfacet
  facet normal -0.426059 0.904695 0
    outer loop
      vertex 4.21213 24.4031 0
      vertex 4.17221 24.3843 5.8
      vertex 4.21213 24.4031 5.8
    endloop
  endfacet
  facet normal -0.426059 0.904695 0
    outer loop
      vertex 4.17221 24.3843 5.8
      vertex 4.21213 24.4031 0
      vertex 4.17221 24.3843 0
    endloop
  endfacet
  facet normal -0.672109 -0.740452 0
    outer loop
      vertex 4.28548 25.1479 0
      vertex 4.3182 25.1182 5.8
      vertex 4.28548 25.1479 5.8
    endloop
  endfacet
  facet normal -0.672109 -0.740452 -0
    outer loop
      vertex 4.3182 25.1182 5.8
      vertex 4.28548 25.1479 0
      vertex 4.3182 25.1182 0
    endloop
  endfacet
  facet normal 0.244452 -0.969661 0
    outer loop
      vertex 3.86937 25.2306 0
      vertex 3.91221 25.2414 5.8
      vertex 3.86937 25.2306 5.8
    endloop
  endfacet
  facet normal 0.244452 -0.969661 0
    outer loop
      vertex 3.91221 25.2414 5.8
      vertex 3.86937 25.2306 0
      vertex 3.91221 25.2414 0
    endloop
  endfacet
  facet normal -0.426059 -0.904695 0
    outer loop
      vertex 4.17221 25.2157 0
      vertex 4.21213 25.1969 5.8
      vertex 4.17221 25.2157 5.8
    endloop
  endfacet
  facet normal -0.426059 -0.904695 -0
    outer loop
      vertex 4.21213 25.1969 5.8
      vertex 4.17221 25.2157 0
      vertex 4.21213 25.1969 0
    endloop
  endfacet
  facet normal -0.0498134 0.998759 0
    outer loop
      vertex 4.04411 24.3522 0
      vertex 4 24.35 5.8
      vertex 4.04411 24.3522 5.8
    endloop
  endfacet
  facet normal -0.0498134 0.998759 0
    outer loop
      vertex 4 24.35 5.8
      vertex 4.04411 24.3522 0
      vertex 4 24.35 0
    endloop
  endfacet
  facet normal -0.803409 -0.595428 0
    outer loop
      vertex 4.37416 25.05 0
      vertex 4.34785 25.0855 5.8
      vertex 4.34785 25.0855 0
    endloop
  endfacet
  facet normal -0.803409 -0.595428 0
    outer loop
      vertex 4.34785 25.0855 5.8
      vertex 4.37416 25.05 0
      vertex 4.37416 25.05 5.8
    endloop
  endfacet
  facet normal 0.94165 0.336594 0
    outer loop
      vertex 3.58425 24.6278 5.8
      vertex 3.56938 24.6694 0
      vertex 3.56938 24.6694 5.8
    endloop
  endfacet
  facet normal 0.94165 0.336594 0
    outer loop
      vertex 3.56938 24.6694 0
      vertex 3.58425 24.6278 5.8
      vertex 3.58425 24.6278 0
    endloop
  endfacet
  facet normal 0.998792 -0.0491469 0
    outer loop
      vertex 3.55 24.8 5.8
      vertex 3.55217 24.8441 0
      vertex 3.55217 24.8441 5.8
    endloop
  endfacet
  facet normal 0.998792 -0.0491469 0
    outer loop
      vertex 3.55217 24.8441 0
      vertex 3.55 24.8 5.8
      vertex 3.55 24.8 0
    endloop
  endfacet
  facet normal -0.33734 0.941383 0
    outer loop
      vertex 4.17221 24.3843 0
      vertex 4.13063 24.3694 5.8
      vertex 4.17221 24.3843 5.8
    endloop
  endfacet
  facet normal -0.33734 0.941383 0
    outer loop
      vertex 4.13063 24.3694 5.8
      vertex 4.17221 24.3843 0
      vertex 4.13063 24.3694 0
    endloop
  endfacet
  facet normal -0.672109 0.740452 0
    outer loop
      vertex 4.3182 24.4818 0
      vertex 4.28548 24.4521 5.8
      vertex 4.3182 24.4818 5.8
    endloop
  endfacet
  facet normal -0.672109 0.740452 0
    outer loop
      vertex 4.28548 24.4521 5.8
      vertex 4.3182 24.4818 0
      vertex 4.28548 24.4521 0
    endloop
  endfacet
  facet normal -0.969982 0.243175 0
    outer loop
      vertex 4.43062 24.6694 0
      vertex 4.44135 24.7122 5.8
      vertex 4.44135 24.7122 0
    endloop
  endfacet
  facet normal -0.969982 0.243175 0
    outer loop
      vertex 4.44135 24.7122 5.8
      vertex 4.43062 24.6694 0
      vertex 4.43062 24.6694 5.8
    endloop
  endfacet
  facet normal -0.740811 0.671714 0
    outer loop
      vertex 4.3182 24.4818 0
      vertex 4.34785 24.5145 5.8
      vertex 4.34785 24.5145 0
    endloop
  endfacet
  facet normal -0.740811 0.671714 0
    outer loop
      vertex 4.34785 24.5145 5.8
      vertex 4.3182 24.4818 0
      vertex 4.3182 24.4818 5.8
    endloop
  endfacet
  facet normal 0.903825 -0.427901 0
    outer loop
      vertex 3.58425 24.9722 5.8
      vertex 3.60314 25.0121 0
      vertex 3.60314 25.0121 5.8
    endloop
  endfacet
  facet normal 0.903825 -0.427901 0
    outer loop
      vertex 3.60314 25.0121 0
      vertex 3.58425 24.9722 5.8
      vertex 3.58425 24.9722 0
    endloop
  endfacet
  facet normal 0.0498134 0.998759 -0
    outer loop
      vertex 4 24.35 0
      vertex 3.95589 24.3522 5.8
      vertex 4 24.35 5.8
    endloop
  endfacet
  facet normal 0.0498134 0.998759 0
    outer loop
      vertex 3.95589 24.3522 5.8
      vertex 4 24.35 0
      vertex 3.95589 24.3522 0
    endloop
  endfacet
  facet normal 0.740811 0.671714 0
    outer loop
      vertex 3.6818 24.4818 5.8
      vertex 3.65215 24.5145 0
      vertex 3.65215 24.5145 5.8
    endloop
  endfacet
  facet normal 0.740811 0.671714 0
    outer loop
      vertex 3.65215 24.5145 0
      vertex 3.6818 24.4818 5.8
      vertex 3.6818 24.4818 0
    endloop
  endfacet
  facet normal -0.94165 -0.336594 0
    outer loop
      vertex 4.43062 24.9306 0
      vertex 4.41575 24.9722 5.8
      vertex 4.41575 24.9722 0
    endloop
  endfacet
  facet normal -0.94165 -0.336594 0
    outer loop
      vertex 4.41575 24.9722 5.8
      vertex 4.43062 24.9306 0
      vertex 4.43062 24.9306 5.8
    endloop
  endfacet
  facet normal 0 0 -1
    outer loop
      vertex 4.44783 24.7559 5.8
      vertex 4.44783 24.8441 5.8
      vertex 4.45 24.8 5.8
    endloop
  endfacet
  facet normal 0 0 -1
    outer loop
      vertex 4.44135 24.7122 5.8
      vertex 4.44783 24.8441 5.8
      vertex 4.44783 24.7559 5.8
    endloop
  endfacet
  facet normal 0 0 -1
    outer loop
      vertex 4.44135 24.7122 5.8
      vertex 4.44135 24.8878 5.8
      vertex 4.44783 24.8441 5.8
    endloop
  endfacet
  facet normal 0 0 -1
    outer loop
      vertex 4.43062 24.6694 5.8
      vertex 4.44135 24.8878 5.8
      vertex 4.44135 24.7122 5.8
    endloop
  endfacet
  facet normal 0 0 -1
    outer loop
      vertex 4.43062 24.6694 5.8
      vertex 4.43062 24.9306 5.8
      vertex 4.44135 24.8878 5.8
    endloop
  endfacet
  facet normal 0 0 -1
    outer loop
      vertex 4.41575 24.6278 5.8
      vertex 4.43062 24.9306 5.8
      vertex 4.43062 24.6694 5.8
    endloop
  endfacet
  facet normal 0 0 -1
    outer loop
      vertex 4.41575 24.6278 5.8
      vertex 4.41575 24.9722 5.8
      vertex 4.43062 24.9306 5.8
    endloop
  endfacet
  facet normal 0 0 -1
    outer loop
      vertex 4.39686 24.5879 5.8
      vertex 4.41575 24.9722 5.8
      vertex 4.41575 24.6278 5.8
    endloop
  endfacet
  facet normal 0 0 -1
    outer loop
      vertex 4.39686 24.5879 5.8
      vertex 4.39686 25.0121 5.8
      vertex 4.41575 24.9722 5.8
    endloop
  endfacet
  facet normal 0 0 -1
    outer loop
      vertex 4.37416 24.55 5.8
      vertex 4.39686 25.0121 5.8
      vertex 4.39686 24.5879 5.8
    endloop
  endfacet
  facet normal 0 0 -1
    outer loop
      vertex 4.37416 24.55 5.8
      vertex 4.37416 25.05 5.8
      vertex 4.39686 25.0121 5.8
    endloop
  endfacet
  facet normal 0 0 -1
    outer loop
      vertex 4.34785 24.5145 5.8
      vertex 4.37416 25.05 5.8
      vertex 4.37416 24.55 5.8
    endloop
  endfacet
  facet normal 0 0 -1
    outer loop
      vertex 4.34785 24.5145 5.8
      vertex 4.34785 25.0855 5.8
      vertex 4.37416 25.05 5.8
    endloop
  endfacet
  facet normal 0 0 -1
    outer loop
      vertex 4.3182 24.4818 5.8
      vertex 4.34785 25.0855 5.8
      vertex 4.34785 24.5145 5.8
    endloop
  endfacet
  facet normal 0 0 -1
    outer loop
      vertex 4.3182 24.4818 5.8
      vertex 4.3182 25.1182 5.8
      vertex 4.34785 25.0855 5.8
    endloop
  endfacet
  facet normal 0 0 -1
    outer loop
      vertex 4.28548 24.4521 5.8
      vertex 4.3182 25.1182 5.8
      vertex 4.3182 24.4818 5.8
    endloop
  endfacet
  facet normal 0 0 -1
    outer loop
      vertex 4.28548 24.4521 5.8
      vertex 4.28548 25.1479 5.8
      vertex 4.3182 25.1182 5.8
    endloop
  endfacet
  facet normal 0 0 -1
    outer loop
      vertex 4.25001 24.4258 5.8
      vertex 4.28548 25.1479 5.8
      vertex 4.28548 24.4521 5.8
    endloop
  endfacet
  facet normal 0 0 -1
    outer loop
      vertex 4.25001 24.4258 5.8
      vertex 4.25001 25.1742 5.8
      vertex 4.28548 25.1479 5.8
    endloop
  endfacet
  facet normal 0 0 -1
    outer loop
      vertex 4.21213 24.4031 5.8
      vertex 4.25001 25.1742 5.8
      vertex 4.25001 24.4258 5.8
    endloop
  endfacet
  facet normal 0 0 -1
    outer loop
      vertex 4.21213 24.4031 5.8
      vertex 4.21213 25.1969 5.8
      vertex 4.25001 25.1742 5.8
    endloop
  endfacet
  facet normal 0 0 -1
    outer loop
      vertex 4.17221 24.3843 5.8
      vertex 4.21213 25.1969 5.8
      vertex 4.21213 24.4031 5.8
    endloop
  endfacet
  facet normal 0 0 -1
    outer loop
      vertex 4.17221 24.3843 5.8
      vertex 4.17221 25.2157 5.8
      vertex 4.21213 25.1969 5.8
    endloop
  endfacet
  facet normal 0 0 -1
    outer loop
      vertex 4.13063 24.3694 5.8
      vertex 4.17221 25.2157 5.8
      vertex 4.17221 24.3843 5.8
    endloop
  endfacet
  facet normal 0 0 -1
    outer loop
      vertex 4.13063 24.3694 5.8
      vertex 4.13063 25.2306 5.8
      vertex 4.17221 25.2157 5.8
    endloop
  endfacet
  facet normal 0 0 -1
    outer loop
      vertex 4.08779 24.3586 5.8
      vertex 4.13063 25.2306 5.8
      vertex 4.13063 24.3694 5.8
    endloop
  endfacet
  facet normal 0 0 -1
    outer loop
      vertex 4.08779 24.3586 5.8
      vertex 4.08779 25.2414 5.8
      vertex 4.13063 25.2306 5.8
    endloop
  endfacet
  facet normal 0 0 -1
    outer loop
      vertex 4.04411 24.3522 5.8
      vertex 4.08779 25.2414 5.8
      vertex 4.08779 24.3586 5.8
    endloop
  endfacet
  facet normal 0 0 -1
    outer loop
      vertex 4.04411 24.3522 5.8
      vertex 4.04411 25.2478 5.8
      vertex 4.08779 25.2414 5.8
    endloop
  endfacet
  facet normal 0 0 -1
    outer loop
      vertex 4 24.35 5.8
      vertex 4.04411 25.2478 5.8
      vertex 4.04411 24.3522 5.8
    endloop
  endfacet
  facet normal 0 0 -1
    outer loop
      vertex 4 24.35 5.8
      vertex 4 25.25 5.8
      vertex 4.04411 25.2478 5.8
    endloop
  endfacet
  facet normal 0 0 -1
    outer loop
      vertex 3.95589 24.3522 5.8
      vertex 4 25.25 5.8
      vertex 4 24.35 5.8
    endloop
  endfacet
  facet normal 0 0 -1
    outer loop
      vertex 3.95589 24.3522 5.8
      vertex 3.95589 25.2478 5.8
      vertex 4 25.25 5.8
    endloop
  endfacet
  facet normal 0 0 -1
    outer loop
      vertex 3.91221 24.3586 5.8
      vertex 3.95589 25.2478 5.8
      vertex 3.95589 24.3522 5.8
    endloop
  endfacet
  facet normal 0 0 -1
    outer loop
      vertex 3.91221 24.3586 5.8
      vertex 3.91221 25.2414 5.8
      vertex 3.95589 25.2478 5.8
    endloop
  endfacet
  facet normal 0 0 -1
    outer loop
      vertex 3.86937 24.3694 5.8
      vertex 3.91221 25.2414 5.8
      vertex 3.91221 24.3586 5.8
    endloop
  endfacet
  facet normal 0 0 -1
    outer loop
      vertex 3.86937 24.3694 5.8
      vertex 3.86937 25.2306 5.8
      vertex 3.91221 25.2414 5.8
    endloop
  endfacet
  facet normal 0 0 -1
    outer loop
      vertex 3.82779 24.3843 5.8
      vertex 3.86937 25.2306 5.8
      vertex 3.86937 24.3694 5.8
    endloop
  endfacet
  facet normal 0 0 -1
    outer loop
      vertex 3.82779 24.3843 5.8
      vertex 3.82779 25.2157 5.8
      vertex 3.86937 25.2306 5.8
    endloop
  endfacet
  facet normal 0 0 -1
    outer loop
      vertex 3.78787 24.4031 5.8
      vertex 3.82779 25.2157 5.8
      vertex 3.82779 24.3843 5.8
    endloop
  endfacet
  facet normal 0 0 -1
    outer loop
      vertex 3.78787 24.4031 5.8
      vertex 3.78787 25.1969 5.8
      vertex 3.82779 25.2157 5.8
    endloop
  endfacet
  facet normal 0 0 -1
    outer loop
      vertex 3.74999 24.4258 5.8
      vertex 3.78787 25.1969 5.8
      vertex 3.78787 24.4031 5.8
    endloop
  endfacet
  facet normal 0 0 -1
    outer loop
      vertex 3.74999 24.4258 5.8
      vertex 3.74999 25.1742 5.8
      vertex 3.78787 25.1969 5.8
    endloop
  endfacet
  facet normal 0 0 -1
    outer loop
      vertex 3.71452 24.4521 5.8
      vertex 3.74999 25.1742 5.8
      vertex 3.74999 24.4258 5.8
    endloop
  endfacet
  facet normal 0 0 -1
    outer loop
      vertex 3.71452 24.4521 5.8
      vertex 3.71452 25.1479 5.8
      vertex 3.74999 25.1742 5.8
    endloop
  endfacet
  facet normal 0 0 -1
    outer loop
      vertex 3.6818 24.4818 5.8
      vertex 3.71452 25.1479 5.8
      vertex 3.71452 24.4521 5.8
    endloop
  endfacet
  facet normal 0 0 -1
    outer loop
      vertex 3.6818 24.4818 5.8
      vertex 3.6818 25.1182 5.8
      vertex 3.71452 25.1479 5.8
    endloop
  endfacet
  facet normal 0 0 -1
    outer loop
      vertex 3.65215 24.5145 5.8
      vertex 3.6818 25.1182 5.8
      vertex 3.6818 24.4818 5.8
    endloop
  endfacet
  facet normal 0 0 -1
    outer loop
      vertex 3.65215 24.5145 5.8
      vertex 3.65215 25.0855 5.8
      vertex 3.6818 25.1182 5.8
    endloop
  endfacet
  facet normal 0 0 -1
    outer loop
      vertex 3.62584 24.55 5.8
      vertex 3.65215 25.0855 5.8
      vertex 3.65215 24.5145 5.8
    endloop
  endfacet
  facet normal 0 0 -1
    outer loop
      vertex 3.62584 24.55 5.8
      vertex 3.62584 25.05 5.8
      vertex 3.65215 25.0855 5.8
    endloop
  endfacet
  facet normal 0 0 -1
    outer loop
      vertex 3.60314 24.5879 5.8
      vertex 3.62584 25.05 5.8
      vertex 3.62584 24.55 5.8
    endloop
  endfacet
  facet normal 0 0 -1
    outer loop
      vertex 3.60314 24.5879 5.8
      vertex 3.60314 25.0121 5.8
      vertex 3.62584 25.05 5.8
    endloop
  endfacet
  facet normal 0 0 -1
    outer loop
      vertex 3.58425 24.6278 5.8
      vertex 3.60314 25.0121 5.8
      vertex 3.60314 24.5879 5.8
    endloop
  endfacet
  facet normal 0 0 -1
    outer loop
      vertex 3.58425 24.6278 5.8
      vertex 3.58425 24.9722 5.8
      vertex 3.60314 25.0121 5.8
    endloop
  endfacet
  facet normal 0 0 -1
    outer loop
      vertex 3.56938 24.6694 5.8
      vertex 3.58425 24.9722 5.8
      vertex 3.58425 24.6278 5.8
    endloop
  endfacet
  facet normal 0 0 -1
    outer loop
      vertex 3.56938 24.6694 5.8
      vertex 3.56938 24.9306 5.8
      vertex 3.58425 24.9722 5.8
    endloop
  endfacet
  facet normal 0 0 -1
    outer loop
      vertex 3.55865 24.7122 5.8
      vertex 3.56938 24.9306 5.8
      vertex 3.56938 24.6694 5.8
    endloop
  endfacet
  facet normal 0 0 -1
    outer loop
      vertex 3.55865 24.7122 5.8
      vertex 3.55865 24.8878 5.8
      vertex 3.56938 24.9306 5.8
    endloop
  endfacet
  facet normal 0 0 -1
    outer loop
      vertex 3.55217 24.7559 5.8
      vertex 3.55865 24.8878 5.8
      vertex 3.55865 24.7122 5.8
    endloop
  endfacet
  facet normal 0 0 -1
    outer loop
      vertex 3.55217 24.7559 5.8
      vertex 3.55217 24.8441 5.8
      vertex 3.55865 24.8878 5.8
    endloop
  endfacet
  facet normal 0 -0 -1
    outer loop
      vertex 3.55217 24.8441 5.8
      vertex 3.55217 24.7559 5.8
      vertex 3.55 24.8 5.8
    endloop
  endfacet
  facet normal 0.969982 0.243175 0
    outer loop
      vertex 3.56938 24.6694 5.8
      vertex 3.55865 24.7122 0
      vertex 3.55865 24.7122 5.8
    endloop
  endfacet
  facet normal 0.969982 0.243175 0
    outer loop
      vertex 3.55865 24.7122 0
      vertex 3.56938 24.6694 5.8
      vertex 3.56938 24.6694 0
    endloop
  endfacet
  facet normal -0.903825 -0.427901 0
    outer loop
      vertex 4.41575 24.9722 0
      vertex 4.39686 25.0121 5.8
      vertex 4.39686 25.0121 0
    endloop
  endfacet
  facet normal -0.903825 -0.427901 0
    outer loop
      vertex 4.39686 25.0121 5.8
      vertex 4.41575 24.9722 0
      vertex 4.41575 24.9722 5.8
    endloop
  endfacet
  facet normal -0.989184 0.14668 0
    outer loop
      vertex 4.44135 24.7122 0
      vertex 4.44783 24.7559 5.8
      vertex 4.44783 24.7559 0
    endloop
  endfacet
  facet normal -0.989184 0.14668 0
    outer loop
      vertex 4.44783 24.7559 5.8
      vertex 4.44135 24.7122 0
      vertex 4.44135 24.7122 5.8
    endloop
  endfacet
  facet normal 0.989184 0.14668 0
    outer loop
      vertex 3.55865 24.7122 5.8
      vertex 3.55217 24.7559 0
      vertex 3.55217 24.7559 5.8
    endloop
  endfacet
  facet normal 0.989184 0.14668 0
    outer loop
      vertex 3.55217 24.7559 0
      vertex 3.55865 24.7122 5.8
      vertex 3.55865 24.7122 0
    endloop
  endfacet
  facet normal -0.857892 -0.51383 0
    outer loop
      vertex 4.39686 25.0121 0
      vertex 4.37416 25.05 5.8
      vertex 4.37416 25.05 0
    endloop
  endfacet
  facet normal -0.857892 -0.51383 0
    outer loop
      vertex 4.37416 25.05 5.8
      vertex 4.39686 25.0121 0
      vertex 4.39686 25.0121 5.8
    endloop
  endfacet
  facet normal 0.0498134 -0.998759 0
    outer loop
      vertex 3.95589 25.2478 0
      vertex 4 25.25 5.8
      vertex 3.95589 25.2478 5.8
    endloop
  endfacet
  facet normal 0.0498134 -0.998759 0
    outer loop
      vertex 4 25.25 5.8
      vertex 3.95589 25.2478 0
      vertex 4 25.25 0
    endloop
  endfacet
  facet normal 0.514029 0.857773 -0
    outer loop
      vertex 3.78787 24.4031 0
      vertex 3.74999 24.4258 5.8
      vertex 3.78787 24.4031 5.8
    endloop
  endfacet
  facet normal 0.514029 0.857773 0
    outer loop
      vertex 3.74999 24.4258 5.8
      vertex 3.78787 24.4031 0
      vertex 3.74999 24.4258 0
    endloop
  endfacet
  facet normal 0.969982 -0.243175 0
    outer loop
      vertex 3.55865 24.8878 5.8
      vertex 3.56938 24.9306 0
      vertex 3.56938 24.9306 5.8
    endloop
  endfacet
  facet normal 0.969982 -0.243175 0
    outer loop
      vertex 3.56938 24.9306 0
      vertex 3.55865 24.8878 5.8
      vertex 3.55865 24.8878 0
    endloop
  endfacet
  facet normal 0.857892 -0.51383 0
    outer loop
      vertex 3.60314 25.0121 5.8
      vertex 3.62584 25.05 0
      vertex 3.62584 25.05 5.8
    endloop
  endfacet
  facet normal 0.857892 -0.51383 0
    outer loop
      vertex 3.62584 25.05 0
      vertex 3.60314 25.0121 5.8
      vertex 3.60314 25.0121 0
    endloop
  endfacet
  facet normal 0.426059 0.904695 -0
    outer loop
      vertex 3.82779 24.3843 0
      vertex 3.78787 24.4031 5.8
      vertex 3.82779 24.3843 5.8
    endloop
  endfacet
  facet normal 0.426059 0.904695 0
    outer loop
      vertex 3.78787 24.4031 5.8
      vertex 3.82779 24.3843 0
      vertex 3.78787 24.4031 0
    endloop
  endfacet
  facet normal 0.989184 -0.14668 0
    outer loop
      vertex 3.55217 24.8441 5.8
      vertex 3.55865 24.8878 0
      vertex 3.55865 24.8878 5.8
    endloop
  endfacet
  facet normal 0.989184 -0.14668 0
    outer loop
      vertex 3.55865 24.8878 0
      vertex 3.55217 24.8441 5.8
      vertex 3.55217 24.8441 0
    endloop
  endfacet
  facet normal 0.94165 -0.336594 0
    outer loop
      vertex 3.56938 24.9306 5.8
      vertex 3.58425 24.9722 0
      vertex 3.58425 24.9722 5.8
    endloop
  endfacet
  facet normal 0.94165 -0.336594 0
    outer loop
      vertex 3.58425 24.9722 0
      vertex 3.56938 24.9306 5.8
      vertex 3.56938 24.9306 0
    endloop
  endfacet
  facet normal 0.998792 0.0491469 0
    outer loop
      vertex 3.55217 24.7559 5.8
      vertex 3.55 24.8 0
      vertex 3.55 24.8 5.8
    endloop
  endfacet
  facet normal 0.998792 0.0491469 0
    outer loop
      vertex 3.55 24.8 0
      vertex 3.55217 24.7559 5.8
      vertex 3.55217 24.7559 0
    endloop
  endfacet
  facet normal -0.244452 -0.969661 0
    outer loop
      vertex 4.08779 25.2414 0
      vertex 4.13063 25.2306 5.8
      vertex 4.08779 25.2414 5.8
    endloop
  endfacet
  facet normal -0.244452 -0.969661 -0
    outer loop
      vertex 4.13063 25.2306 5.8
      vertex 4.08779 25.2414 0
      vertex 4.13063 25.2306 0
    endloop
  endfacet
  facet normal -0.595607 0.803276 0
    outer loop
      vertex 4.28548 24.4521 0
      vertex 4.25001 24.4258 5.8
      vertex 4.28548 24.4521 5.8
    endloop
  endfacet
  facet normal -0.595607 0.803276 0
    outer loop
      vertex 4.25001 24.4258 5.8
      vertex 4.28548 24.4521 0
      vertex 4.25001 24.4258 0
    endloop
  endfacet
  facet normal 0.903825 0.427901 0
    outer loop
      vertex 3.60314 24.5879 5.8
      vertex 3.58425 24.6278 0
      vertex 3.58425 24.6278 5.8
    endloop
  endfacet
  facet normal 0.903825 0.427901 0
    outer loop
      vertex 3.58425 24.6278 0
      vertex 3.60314 24.5879 5.8
      vertex 3.60314 24.5879 0
    endloop
  endfacet
  facet normal 0.595607 -0.803276 0
    outer loop
      vertex 3.71452 25.1479 0
      vertex 3.74999 25.1742 5.8
      vertex 3.71452 25.1479 5.8
    endloop
  endfacet
  facet normal 0.595607 -0.803276 0
    outer loop
      vertex 3.74999 25.1742 5.8
      vertex 3.71452 25.1479 0
      vertex 3.74999 25.1742 0
    endloop
  endfacet
  facet normal 0.672109 0.740452 -0
    outer loop
      vertex 3.71452 24.4521 0
      vertex 3.6818 24.4818 5.8
      vertex 3.71452 24.4521 5.8
    endloop
  endfacet
  facet normal 0.672109 0.740452 0
    outer loop
      vertex 3.6818 24.4818 5.8
      vertex 3.71452 24.4521 0
      vertex 3.6818 24.4818 0
    endloop
  endfacet
  facet normal 0.595607 0.803276 -0
    outer loop
      vertex 3.74999 24.4258 0
      vertex 3.71452 24.4521 5.8
      vertex 3.74999 24.4258 5.8
    endloop
  endfacet
  facet normal 0.595607 0.803276 0
    outer loop
      vertex 3.71452 24.4521 5.8
      vertex 3.74999 24.4258 0
      vertex 3.71452 24.4521 0
    endloop
  endfacet
  facet normal -0.144972 -0.989436 0
    outer loop
      vertex 4.04411 25.2478 0
      vertex 4.08779 25.2414 5.8
      vertex 4.04411 25.2478 5.8
    endloop
  endfacet
  facet normal -0.144972 -0.989436 -0
    outer loop
      vertex 4.08779 25.2414 5.8
      vertex 4.04411 25.2478 0
      vertex 4.08779 25.2414 0
    endloop
  endfacet
  facet normal 0.33734 0.941383 -0
    outer loop
      vertex 3.86937 24.3694 0
      vertex 3.82779 24.3843 5.8
      vertex 3.86937 24.3694 5.8
    endloop
  endfacet
  facet normal 0.33734 0.941383 0
    outer loop
      vertex 3.82779 24.3843 5.8
      vertex 3.86937 24.3694 0
      vertex 3.82779 24.3843 0
    endloop
  endfacet
  facet normal -0.989184 -0.14668 0
    outer loop
      vertex 4.44783 17.2241 0
      vertex 4.44135 17.2678 5.8
      vertex 4.44135 17.2678 0
    endloop
  endfacet
  facet normal -0.989184 -0.14668 0
    outer loop
      vertex 4.44135 17.2678 5.8
      vertex 4.44783 17.2241 0
      vertex 4.44783 17.2241 5.8
    endloop
  endfacet
  facet normal -0.998792 -0.0491469 0
    outer loop
      vertex 4.45 17.18 0
      vertex 4.44783 17.2241 5.8
      vertex 4.44783 17.2241 0
    endloop
  endfacet
  facet normal -0.998792 -0.0491469 0
    outer loop
      vertex 4.44783 17.2241 5.8
      vertex 4.45 17.18 0
      vertex 4.45 17.18 5.8
    endloop
  endfacet
  facet normal -0.969982 -0.243175 0
    outer loop
      vertex 4.44135 17.2678 0
      vertex 4.43062 17.3106 5.8
      vertex 4.43062 17.3106 0
    endloop
  endfacet
  facet normal -0.969982 -0.243175 0
    outer loop
      vertex 4.43062 17.3106 5.8
      vertex 4.44135 17.2678 0
      vertex 4.44135 17.2678 5.8
    endloop
  endfacet
  facet normal -0.426059 -0.904695 0
    outer loop
      vertex 4.17221 17.5957 0
      vertex 4.21213 17.5769 5.8
      vertex 4.17221 17.5957 5.8
    endloop
  endfacet
  facet normal -0.426059 -0.904695 -0
    outer loop
      vertex 4.21213 17.5769 5.8
      vertex 4.17221 17.5957 0
      vertex 4.21213 17.5769 0
    endloop
  endfacet
  facet normal 0.903825 0.427901 0
    outer loop
      vertex 3.60314 16.9679 5.8
      vertex 3.58425 17.0078 0
      vertex 3.58425 17.0078 5.8
    endloop
  endfacet
  facet normal 0.903825 0.427901 0
    outer loop
      vertex 3.58425 17.0078 0
      vertex 3.60314 16.9679 5.8
      vertex 3.60314 16.9679 0
    endloop
  endfacet
  facet normal 0.0498134 0.998759 -0
    outer loop
      vertex 4 16.73 0
      vertex 3.95589 16.7322 5.8
      vertex 4 16.73 5.8
    endloop
  endfacet
  facet normal 0.0498134 0.998759 0
    outer loop
      vertex 3.95589 16.7322 5.8
      vertex 4 16.73 0
      vertex 3.95589 16.7322 0
    endloop
  endfacet
  facet normal -0.998792 0.0491469 0
    outer loop
      vertex 4.44783 17.1359 0
      vertex 4.45 17.18 5.8
      vertex 4.45 17.18 0
    endloop
  endfacet
  facet normal -0.998792 0.0491469 0
    outer loop
      vertex 4.45 17.18 5.8
      vertex 4.44783 17.1359 0
      vertex 4.44783 17.1359 5.8
    endloop
  endfacet
  facet normal 0.857892 0.51383 0
    outer loop
      vertex 3.62584 16.93 5.8
      vertex 3.60314 16.9679 0
      vertex 3.60314 16.9679 5.8
    endloop
  endfacet
  facet normal 0.857892 0.51383 0
    outer loop
      vertex 3.60314 16.9679 0
      vertex 3.62584 16.93 5.8
      vertex 3.62584 16.93 0
    endloop
  endfacet
  facet normal -0.426059 0.904695 0
    outer loop
      vertex 4.21213 16.7831 0
      vertex 4.17221 16.7643 5.8
      vertex 4.21213 16.7831 5.8
    endloop
  endfacet
  facet normal -0.426059 0.904695 0
    outer loop
      vertex 4.17221 16.7643 5.8
      vertex 4.21213 16.7831 0
      vertex 4.17221 16.7643 0
    endloop
  endfacet
  facet normal -0.903825 0.427901 0
    outer loop
      vertex 4.39686 16.9679 0
      vertex 4.41575 17.0078 5.8
      vertex 4.41575 17.0078 0
    endloop
  endfacet
  facet normal -0.903825 0.427901 0
    outer loop
      vertex 4.41575 17.0078 5.8
      vertex 4.39686 16.9679 0
      vertex 4.39686 16.9679 5.8
    endloop
  endfacet
  facet normal 0.740811 0.671714 0
    outer loop
      vertex 3.6818 16.8618 5.8
      vertex 3.65215 16.8945 0
      vertex 3.65215 16.8945 5.8
    endloop
  endfacet
  facet normal 0.740811 0.671714 0
    outer loop
      vertex 3.65215 16.8945 0
      vertex 3.6818 16.8618 5.8
      vertex 3.6818 16.8618 0
    endloop
  endfacet
  facet normal -0.969982 0.243175 0
    outer loop
      vertex 4.43062 17.0494 0
      vertex 4.44135 17.0922 5.8
      vertex 4.44135 17.0922 0
    endloop
  endfacet
  facet normal -0.969982 0.243175 0
    outer loop
      vertex 4.44135 17.0922 5.8
      vertex 4.43062 17.0494 0
      vertex 4.43062 17.0494 5.8
    endloop
  endfacet
  facet normal -0.803409 0.595428 0
    outer loop
      vertex 4.34785 16.8945 0
      vertex 4.37416 16.93 5.8
      vertex 4.37416 16.93 0
    endloop
  endfacet
  facet normal -0.803409 0.595428 0
    outer loop
      vertex 4.37416 16.93 5.8
      vertex 4.34785 16.8945 0
      vertex 4.34785 16.8945 5.8
    endloop
  endfacet
  facet normal 0.803409 -0.595428 0
    outer loop
      vertex 3.62584 17.43 5.8
      vertex 3.65215 17.4655 0
      vertex 3.65215 17.4655 5.8
    endloop
  endfacet
  facet normal 0.803409 -0.595428 0
    outer loop
      vertex 3.65215 17.4655 0
      vertex 3.62584 17.43 5.8
      vertex 3.62584 17.43 0
    endloop
  endfacet
  facet normal 0.244452 -0.969661 0
    outer loop
      vertex 3.86937 17.6106 0
      vertex 3.91221 17.6214 5.8
      vertex 3.86937 17.6106 5.8
    endloop
  endfacet
  facet normal 0.244452 -0.969661 0
    outer loop
      vertex 3.91221 17.6214 5.8
      vertex 3.86937 17.6106 0
      vertex 3.91221 17.6214 0
    endloop
  endfacet
  facet normal 0.803409 0.595428 0
    outer loop
      vertex 3.65215 16.8945 5.8
      vertex 3.62584 16.93 0
      vertex 3.62584 16.93 5.8
    endloop
  endfacet
  facet normal 0.803409 0.595428 0
    outer loop
      vertex 3.62584 16.93 0
      vertex 3.65215 16.8945 5.8
      vertex 3.65215 16.8945 0
    endloop
  endfacet
  facet normal -0.595607 -0.803276 0
    outer loop
      vertex 4.25001 17.5542 0
      vertex 4.28548 17.5279 5.8
      vertex 4.25001 17.5542 5.8
    endloop
  endfacet
  facet normal -0.595607 -0.803276 -0
    outer loop
      vertex 4.28548 17.5279 5.8
      vertex 4.25001 17.5542 0
      vertex 4.28548 17.5279 0
    endloop
  endfacet
  facet normal 0.94165 -0.336594 0
    outer loop
      vertex 3.56938 17.3106 5.8
      vertex 3.58425 17.3522 0
      vertex 3.58425 17.3522 5.8
    endloop
  endfacet
  facet normal 0.94165 -0.336594 0
    outer loop
      vertex 3.58425 17.3522 0
      vertex 3.56938 17.3106 5.8
      vertex 3.56938 17.3106 0
    endloop
  endfacet
  facet normal -0.803409 -0.595428 0
    outer loop
      vertex 4.37416 17.43 0
      vertex 4.34785 17.4655 5.8
      vertex 4.34785 17.4655 0
    endloop
  endfacet
  facet normal -0.803409 -0.595428 0
    outer loop
      vertex 4.34785 17.4655 5.8
      vertex 4.37416 17.43 0
      vertex 4.37416 17.43 5.8
    endloop
  endfacet
  facet normal -0.0498134 -0.998759 0
    outer loop
      vertex 4 17.63 0
      vertex 4.04411 17.6278 5.8
      vertex 4 17.63 5.8
    endloop
  endfacet
  facet normal -0.0498134 -0.998759 -0
    outer loop
      vertex 4.04411 17.6278 5.8
      vertex 4 17.63 0
      vertex 4.04411 17.6278 0
    endloop
  endfacet
  facet normal 0.33734 -0.941383 0
    outer loop
      vertex 3.82779 17.5957 0
      vertex 3.86937 17.6106 5.8
      vertex 3.82779 17.5957 5.8
    endloop
  endfacet
  facet normal 0.33734 -0.941383 0
    outer loop
      vertex 3.86937 17.6106 5.8
      vertex 3.82779 17.5957 0
      vertex 3.86937 17.6106 0
    endloop
  endfacet
  facet normal 0.740811 -0.671714 0
    outer loop
      vertex 3.65215 17.4655 5.8
      vertex 3.6818 17.4982 0
      vertex 3.6818 17.4982 5.8
    endloop
  endfacet
  facet normal 0.740811 -0.671714 0
    outer loop
      vertex 3.6818 17.4982 0
      vertex 3.65215 17.4655 5.8
      vertex 3.65215 17.4655 0
    endloop
  endfacet
  facet normal 0.903825 -0.427901 0
    outer loop
      vertex 3.58425 17.3522 5.8
      vertex 3.60314 17.3921 0
      vertex 3.60314 17.3921 5.8
    endloop
  endfacet
  facet normal 0.903825 -0.427901 0
    outer loop
      vertex 3.60314 17.3921 0
      vertex 3.58425 17.3522 5.8
      vertex 3.58425 17.3522 0
    endloop
  endfacet
  facet normal 0.989184 -0.14668 0
    outer loop
      vertex 3.55217 17.2241 5.8
      vertex 3.55865 17.2678 0
      vertex 3.55865 17.2678 5.8
    endloop
  endfacet
  facet normal 0.989184 -0.14668 0
    outer loop
      vertex 3.55865 17.2678 0
      vertex 3.55217 17.2241 5.8
      vertex 3.55217 17.2241 0
    endloop
  endfacet
  facet normal 0.0498134 -0.998759 0
    outer loop
      vertex 3.95589 17.6278 0
      vertex 4 17.63 5.8
      vertex 3.95589 17.6278 5.8
    endloop
  endfacet
  facet normal 0.0498134 -0.998759 0
    outer loop
      vertex 4 17.63 5.8
      vertex 3.95589 17.6278 0
      vertex 4 17.63 0
    endloop
  endfacet
  facet normal -0.514029 0.857773 0
    outer loop
      vertex 4.25001 16.8058 0
      vertex 4.21213 16.7831 5.8
      vertex 4.25001 16.8058 5.8
    endloop
  endfacet
  facet normal -0.514029 0.857773 0
    outer loop
      vertex 4.21213 16.7831 5.8
      vertex 4.25001 16.8058 0
      vertex 4.21213 16.7831 0
    endloop
  endfacet
  facet normal -0.514029 -0.857773 0
    outer loop
      vertex 4.21213 17.5769 0
      vertex 4.25001 17.5542 5.8
      vertex 4.21213 17.5769 5.8
    endloop
  endfacet
  facet normal -0.514029 -0.857773 -0
    outer loop
      vertex 4.25001 17.5542 5.8
      vertex 4.21213 17.5769 0
      vertex 4.25001 17.5542 0
    endloop
  endfacet
  facet normal -0.33734 0.941383 0
    outer loop
      vertex 4.17221 16.7643 0
      vertex 4.13063 16.7494 5.8
      vertex 4.17221 16.7643 5.8
    endloop
  endfacet
  facet normal -0.33734 0.941383 0
    outer loop
      vertex 4.13063 16.7494 5.8
      vertex 4.17221 16.7643 0
      vertex 4.13063 16.7494 0
    endloop
  endfacet
  facet normal -0.144972 0.989436 0
    outer loop
      vertex 4.08779 16.7386 0
      vertex 4.04411 16.7322 5.8
      vertex 4.08779 16.7386 5.8
    endloop
  endfacet
  facet normal -0.144972 0.989436 0
    outer loop
      vertex 4.04411 16.7322 5.8
      vertex 4.08779 16.7386 0
      vertex 4.04411 16.7322 0
    endloop
  endfacet
  facet normal 0.144972 0.989436 -0
    outer loop
      vertex 3.95589 16.7322 0
      vertex 3.91221 16.7386 5.8
      vertex 3.95589 16.7322 5.8
    endloop
  endfacet
  facet normal 0.144972 0.989436 0
    outer loop
      vertex 3.91221 16.7386 5.8
      vertex 3.95589 16.7322 0
      vertex 3.91221 16.7386 0
    endloop
  endfacet
  facet normal 0.857892 -0.51383 0
    outer loop
      vertex 3.60314 17.3921 5.8
      vertex 3.62584 17.43 0
      vertex 3.62584 17.43 5.8
    endloop
  endfacet
  facet normal 0.857892 -0.51383 0
    outer loop
      vertex 3.62584 17.43 0
      vertex 3.60314 17.3921 5.8
      vertex 3.60314 17.3921 0
    endloop
  endfacet
  facet normal 0.426059 -0.904695 0
    outer loop
      vertex 3.78787 17.5769 0
      vertex 3.82779 17.5957 5.8
      vertex 3.78787 17.5769 5.8
    endloop
  endfacet
  facet normal 0.426059 -0.904695 0
    outer loop
      vertex 3.82779 17.5957 5.8
      vertex 3.78787 17.5769 0
      vertex 3.82779 17.5957 0
    endloop
  endfacet
  facet normal -0.94165 -0.336594 0
    outer loop
      vertex 4.43062 17.3106 0
      vertex 4.41575 17.3522 5.8
      vertex 4.41575 17.3522 0
    endloop
  endfacet
  facet normal -0.94165 -0.336594 0
    outer loop
      vertex 4.41575 17.3522 5.8
      vertex 4.43062 17.3106 0
      vertex 4.43062 17.3106 5.8
    endloop
  endfacet
  facet normal 0.969982 0.243175 0
    outer loop
      vertex 3.56938 17.0494 5.8
      vertex 3.55865 17.0922 0
      vertex 3.55865 17.0922 5.8
    endloop
  endfacet
  facet normal 0.969982 0.243175 0
    outer loop
      vertex 3.55865 17.0922 0
      vertex 3.56938 17.0494 5.8
      vertex 3.56938 17.0494 0
    endloop
  endfacet
  facet normal -0.903825 -0.427901 0
    outer loop
      vertex 4.41575 17.3522 0
      vertex 4.39686 17.3921 5.8
      vertex 4.39686 17.3921 0
    endloop
  endfacet
  facet normal -0.903825 -0.427901 0
    outer loop
      vertex 4.39686 17.3921 5.8
      vertex 4.41575 17.3522 0
      vertex 4.41575 17.3522 5.8
    endloop
  endfacet
  facet normal -0.244452 -0.969661 0
    outer loop
      vertex 4.08779 17.6214 0
      vertex 4.13063 17.6106 5.8
      vertex 4.08779 17.6214 5.8
    endloop
  endfacet
  facet normal -0.244452 -0.969661 -0
    outer loop
      vertex 4.13063 17.6106 5.8
      vertex 4.08779 17.6214 0
      vertex 4.13063 17.6106 0
    endloop
  endfacet
  facet normal 0.969982 -0.243175 0
    outer loop
      vertex 3.55865 17.2678 5.8
      vertex 3.56938 17.3106 0
      vertex 3.56938 17.3106 5.8
    endloop
  endfacet
  facet normal 0.969982 -0.243175 0
    outer loop
      vertex 3.56938 17.3106 0
      vertex 3.55865 17.2678 5.8
      vertex 3.55865 17.2678 0
    endloop
  endfacet
  facet normal -0.989184 0.14668 0
    outer loop
      vertex 4.44135 17.0922 0
      vertex 4.44783 17.1359 5.8
      vertex 4.44783 17.1359 0
    endloop
  endfacet
  facet normal -0.989184 0.14668 0
    outer loop
      vertex 4.44783 17.1359 5.8
      vertex 4.44135 17.0922 0
      vertex 4.44135 17.0922 5.8
    endloop
  endfacet
  facet normal -0.857892 -0.51383 0
    outer loop
      vertex 4.39686 17.3921 0
      vertex 4.37416 17.43 5.8
      vertex 4.37416 17.43 0
    endloop
  endfacet
  facet normal -0.857892 -0.51383 0
    outer loop
      vertex 4.37416 17.43 5.8
      vertex 4.39686 17.3921 0
      vertex 4.39686 17.3921 5.8
    endloop
  endfacet
  facet normal 0.595607 -0.803276 0
    outer loop
      vertex 3.71452 17.5279 0
      vertex 3.74999 17.5542 5.8
      vertex 3.71452 17.5279 5.8
    endloop
  endfacet
  facet normal 0.595607 -0.803276 0
    outer loop
      vertex 3.74999 17.5542 5.8
      vertex 3.71452 17.5279 0
      vertex 3.74999 17.5542 0
    endloop
  endfacet
  facet normal -0.244452 0.969661 0
    outer loop
      vertex 4.13063 16.7494 0
      vertex 4.08779 16.7386 5.8
      vertex 4.13063 16.7494 5.8
    endloop
  endfacet
  facet normal -0.244452 0.969661 0
    outer loop
      vertex 4.08779 16.7386 5.8
      vertex 4.13063 16.7494 0
      vertex 4.08779 16.7386 0
    endloop
  endfacet
  facet normal -0.0498134 0.998759 0
    outer loop
      vertex 4.04411 16.7322 0
      vertex 4 16.73 5.8
      vertex 4.04411 16.7322 5.8
    endloop
  endfacet
  facet normal -0.0498134 0.998759 0
    outer loop
      vertex 4 16.73 5.8
      vertex 4.04411 16.7322 0
      vertex 4 16.73 0
    endloop
  endfacet
  facet normal 0.144972 -0.989436 0
    outer loop
      vertex 3.91221 17.6214 0
      vertex 3.95589 17.6278 5.8
      vertex 3.91221 17.6214 5.8
    endloop
  endfacet
  facet normal 0.144972 -0.989436 0
    outer loop
      vertex 3.95589 17.6278 5.8
      vertex 3.91221 17.6214 0
      vertex 3.95589 17.6278 0
    endloop
  endfacet
  facet normal 0.94165 0.336594 0
    outer loop
      vertex 3.58425 17.0078 5.8
      vertex 3.56938 17.0494 0
      vertex 3.56938 17.0494 5.8
    endloop
  endfacet
  facet normal 0.94165 0.336594 0
    outer loop
      vertex 3.56938 17.0494 0
      vertex 3.58425 17.0078 5.8
      vertex 3.58425 17.0078 0
    endloop
  endfacet
  facet normal 0.514029 0.857773 -0
    outer loop
      vertex 3.78787 16.7831 0
      vertex 3.74999 16.8058 5.8
      vertex 3.78787 16.7831 5.8
    endloop
  endfacet
  facet normal 0.514029 0.857773 0
    outer loop
      vertex 3.74999 16.8058 5.8
      vertex 3.78787 16.7831 0
      vertex 3.74999 16.8058 0
    endloop
  endfacet
  facet normal 0.672109 -0.740452 0
    outer loop
      vertex 3.6818 17.4982 0
      vertex 3.71452 17.5279 5.8
      vertex 3.6818 17.4982 5.8
    endloop
  endfacet
  facet normal 0.672109 -0.740452 0
    outer loop
      vertex 3.71452 17.5279 5.8
      vertex 3.6818 17.4982 0
      vertex 3.71452 17.5279 0
    endloop
  endfacet
  facet normal 0 0 -1
    outer loop
      vertex 4.44783 17.1359 5.8
      vertex 4.44783 17.2241 5.8
      vertex 4.45 17.18 5.8
    endloop
  endfacet
  facet normal 0 0 -1
    outer loop
      vertex 4.44135 17.0922 5.8
      vertex 4.44783 17.2241 5.8
      vertex 4.44783 17.1359 5.8
    endloop
  endfacet
  facet normal 0 0 -1
    outer loop
      vertex 4.44135 17.0922 5.8
      vertex 4.44135 17.2678 5.8
      vertex 4.44783 17.2241 5.8
    endloop
  endfacet
  facet normal 0 0 -1
    outer loop
      vertex 4.43062 17.0494 5.8
      vertex 4.44135 17.2678 5.8
      vertex 4.44135 17.0922 5.8
    endloop
  endfacet
  facet normal 0 0 -1
    outer loop
      vertex 4.43062 17.0494 5.8
      vertex 4.43062 17.3106 5.8
      vertex 4.44135 17.2678 5.8
    endloop
  endfacet
  facet normal 0 0 -1
    outer loop
      vertex 4.41575 17.0078 5.8
      vertex 4.43062 17.3106 5.8
      vertex 4.43062 17.0494 5.8
    endloop
  endfacet
  facet normal 0 0 -1
    outer loop
      vertex 4.41575 17.0078 5.8
      vertex 4.41575 17.3522 5.8
      vertex 4.43062 17.3106 5.8
    endloop
  endfacet
  facet normal 0 0 -1
    outer loop
      vertex 4.39686 16.9679 5.8
      vertex 4.41575 17.3522 5.8
      vertex 4.41575 17.0078 5.8
    endloop
  endfacet
  facet normal 0 0 -1
    outer loop
      vertex 4.39686 16.9679 5.8
      vertex 4.39686 17.3921 5.8
      vertex 4.41575 17.3522 5.8
    endloop
  endfacet
  facet normal 0 0 -1
    outer loop
      vertex 4.37416 16.93 5.8
      vertex 4.39686 17.3921 5.8
      vertex 4.39686 16.9679 5.8
    endloop
  endfacet
  facet normal 0 0 -1
    outer loop
      vertex 4.37416 16.93 5.8
      vertex 4.37416 17.43 5.8
      vertex 4.39686 17.3921 5.8
    endloop
  endfacet
  facet normal 0 0 -1
    outer loop
      vertex 4.34785 16.8945 5.8
      vertex 4.37416 17.43 5.8
      vertex 4.37416 16.93 5.8
    endloop
  endfacet
  facet normal 0 0 -1
    outer loop
      vertex 4.34785 16.8945 5.8
      vertex 4.34785 17.4655 5.8
      vertex 4.37416 17.43 5.8
    endloop
  endfacet
  facet normal 0 0 -1
    outer loop
      vertex 4.3182 16.8618 5.8
      vertex 4.34785 17.4655 5.8
      vertex 4.34785 16.8945 5.8
    endloop
  endfacet
  facet normal 0 0 -1
    outer loop
      vertex 4.3182 16.8618 5.8
      vertex 4.3182 17.4982 5.8
      vertex 4.34785 17.4655 5.8
    endloop
  endfacet
  facet normal 0 0 -1
    outer loop
      vertex 4.28548 16.8321 5.8
      vertex 4.3182 17.4982 5.8
      vertex 4.3182 16.8618 5.8
    endloop
  endfacet
  facet normal 0 0 -1
    outer loop
      vertex 4.28548 16.8321 5.8
      vertex 4.28548 17.5279 5.8
      vertex 4.3182 17.4982 5.8
    endloop
  endfacet
  facet normal 0 0 -1
    outer loop
      vertex 4.25001 16.8058 5.8
      vertex 4.28548 17.5279 5.8
      vertex 4.28548 16.8321 5.8
    endloop
  endfacet
  facet normal 0 0 -1
    outer loop
      vertex 4.25001 16.8058 5.8
      vertex 4.25001 17.5542 5.8
      vertex 4.28548 17.5279 5.8
    endloop
  endfacet
  facet normal 0 0 -1
    outer loop
      vertex 4.21213 16.7831 5.8
      vertex 4.25001 17.5542 5.8
      vertex 4.25001 16.8058 5.8
    endloop
  endfacet
  facet normal 0 0 -1
    outer loop
      vertex 4.21213 16.7831 5.8
      vertex 4.21213 17.5769 5.8
      vertex 4.25001 17.5542 5.8
    endloop
  endfacet
  facet normal 0 0 -1
    outer loop
      vertex 4.17221 16.7643 5.8
      vertex 4.21213 17.5769 5.8
      vertex 4.21213 16.7831 5.8
    endloop
  endfacet
  facet normal 0 0 -1
    outer loop
      vertex 4.17221 16.7643 5.8
      vertex 4.17221 17.5957 5.8
      vertex 4.21213 17.5769 5.8
    endloop
  endfacet
  facet normal 0 0 -1
    outer loop
      vertex 4.13063 16.7494 5.8
      vertex 4.17221 17.5957 5.8
      vertex 4.17221 16.7643 5.8
    endloop
  endfacet
  facet normal 0 0 -1
    outer loop
      vertex 4.13063 16.7494 5.8
      vertex 4.13063 17.6106 5.8
      vertex 4.17221 17.5957 5.8
    endloop
  endfacet
  facet normal 0 0 -1
    outer loop
      vertex 4.08779 16.7386 5.8
      vertex 4.13063 17.6106 5.8
      vertex 4.13063 16.7494 5.8
    endloop
  endfacet
  facet normal 0 0 -1
    outer loop
      vertex 4.08779 16.7386 5.8
      vertex 4.08779 17.6214 5.8
      vertex 4.13063 17.6106 5.8
    endloop
  endfacet
  facet normal 0 0 -1
    outer loop
      vertex 4.04411 16.7322 5.8
      vertex 4.08779 17.6214 5.8
      vertex 4.08779 16.7386 5.8
    endloop
  endfacet
  facet normal 0 0 -1
    outer loop
      vertex 4.04411 16.7322 5.8
      vertex 4.04411 17.6278 5.8
      vertex 4.08779 17.6214 5.8
    endloop
  endfacet
  facet normal 0 0 -1
    outer loop
      vertex 4 16.73 5.8
      vertex 4.04411 17.6278 5.8
      vertex 4.04411 16.7322 5.8
    endloop
  endfacet
  facet normal 0 0 -1
    outer loop
      vertex 4 16.73 5.8
      vertex 4 17.63 5.8
      vertex 4.04411 17.6278 5.8
    endloop
  endfacet
  facet normal 0 0 -1
    outer loop
      vertex 3.95589 16.7322 5.8
      vertex 4 17.63 5.8
      vertex 4 16.73 5.8
    endloop
  endfacet
  facet normal 0 0 -1
    outer loop
      vertex 3.95589 16.7322 5.8
      vertex 3.95589 17.6278 5.8
      vertex 4 17.63 5.8
    endloop
  endfacet
  facet normal 0 0 -1
    outer loop
      vertex 3.91221 16.7386 5.8
      vertex 3.95589 17.6278 5.8
      vertex 3.95589 16.7322 5.8
    endloop
  endfacet
  facet normal 0 0 -1
    outer loop
      vertex 3.91221 16.7386 5.8
      vertex 3.91221 17.6214 5.8
      vertex 3.95589 17.6278 5.8
    endloop
  endfacet
  facet normal 0 0 -1
    outer loop
      vertex 3.86937 16.7494 5.8
      vertex 3.91221 17.6214 5.8
      vertex 3.91221 16.7386 5.8
    endloop
  endfacet
  facet normal 0 0 -1
    outer loop
      vertex 3.86937 16.7494 5.8
      vertex 3.86937 17.6106 5.8
      vertex 3.91221 17.6214 5.8
    endloop
  endfacet
  facet normal 0 0 -1
    outer loop
      vertex 3.82779 16.7643 5.8
      vertex 3.86937 17.6106 5.8
      vertex 3.86937 16.7494 5.8
    endloop
  endfacet
  facet normal 0 0 -1
    outer loop
      vertex 3.82779 16.7643 5.8
      vertex 3.82779 17.5957 5.8
      vertex 3.86937 17.6106 5.8
    endloop
  endfacet
  facet normal 0 0 -1
    outer loop
      vertex 3.78787 16.7831 5.8
      vertex 3.82779 17.5957 5.8
      vertex 3.82779 16.7643 5.8
    endloop
  endfacet
  facet normal 0 0 -1
    outer loop
      vertex 3.78787 16.7831 5.8
      vertex 3.78787 17.5769 5.8
      vertex 3.82779 17.5957 5.8
    endloop
  endfacet
  facet normal 0 0 -1
    outer loop
      vertex 3.74999 16.8058 5.8
      vertex 3.78787 17.5769 5.8
      vertex 3.78787 16.7831 5.8
    endloop
  endfacet
  facet normal 0 0 -1
    outer loop
      vertex 3.74999 16.8058 5.8
      vertex 3.74999 17.5542 5.8
      vertex 3.78787 17.5769 5.8
    endloop
  endfacet
  facet normal 0 0 -1
    outer loop
      vertex 3.71452 16.8321 5.8
      vertex 3.74999 17.5542 5.8
      vertex 3.74999 16.8058 5.8
    endloop
  endfacet
  facet normal 0 0 -1
    outer loop
      vertex 3.71452 16.8321 5.8
      vertex 3.71452 17.5279 5.8
      vertex 3.74999 17.5542 5.8
    endloop
  endfacet
  facet normal 0 0 -1
    outer loop
      vertex 3.6818 16.8618 5.8
      vertex 3.71452 17.5279 5.8
      vertex 3.71452 16.8321 5.8
    endloop
  endfacet
  facet normal 0 0 -1
    outer loop
      vertex 3.6818 16.8618 5.8
      vertex 3.6818 17.4982 5.8
      vertex 3.71452 17.5279 5.8
    endloop
  endfacet
  facet normal 0 0 -1
    outer loop
      vertex 3.65215 16.8945 5.8
      vertex 3.6818 17.4982 5.8
      vertex 3.6818 16.8618 5.8
    endloop
  endfacet
  facet normal 0 0 -1
    outer loop
      vertex 3.65215 16.8945 5.8
      vertex 3.65215 17.4655 5.8
      vertex 3.6818 17.4982 5.8
    endloop
  endfacet
  facet normal 0 0 -1
    outer loop
      vertex 3.62584 16.93 5.8
      vertex 3.65215 17.4655 5.8
      vertex 3.65215 16.8945 5.8
    endloop
  endfacet
  facet normal 0 0 -1
    outer loop
      vertex 3.62584 16.93 5.8
      vertex 3.62584 17.43 5.8
      vertex 3.65215 17.4655 5.8
    endloop
  endfacet
  facet normal 0 0 -1
    outer loop
      vertex 3.60314 16.9679 5.8
      vertex 3.62584 17.43 5.8
      vertex 3.62584 16.93 5.8
    endloop
  endfacet
  facet normal 0 0 -1
    outer loop
      vertex 3.60314 16.9679 5.8
      vertex 3.60314 17.3921 5.8
      vertex 3.62584 17.43 5.8
    endloop
  endfacet
  facet normal 0 0 -1
    outer loop
      vertex 3.58425 17.0078 5.8
      vertex 3.60314 17.3921 5.8
      vertex 3.60314 16.9679 5.8
    endloop
  endfacet
  facet normal 0 0 -1
    outer loop
      vertex 3.58425 17.0078 5.8
      vertex 3.58425 17.3522 5.8
      vertex 3.60314 17.3921 5.8
    endloop
  endfacet
  facet normal 0 0 -1
    outer loop
      vertex 3.56938 17.0494 5.8
      vertex 3.58425 17.3522 5.8
      vertex 3.58425 17.0078 5.8
    endloop
  endfacet
  facet normal 0 0 -1
    outer loop
      vertex 3.56938 17.0494 5.8
      vertex 3.56938 17.3106 5.8
      vertex 3.58425 17.3522 5.8
    endloop
  endfacet
  facet normal 0 0 -1
    outer loop
      vertex 3.55865 17.0922 5.8
      vertex 3.56938 17.3106 5.8
      vertex 3.56938 17.0494 5.8
    endloop
  endfacet
  facet normal 0 0 -1
    outer loop
      vertex 3.55865 17.0922 5.8
      vertex 3.55865 17.2678 5.8
      vertex 3.56938 17.3106 5.8
    endloop
  endfacet
  facet normal 0 0 -1
    outer loop
      vertex 3.55217 17.1359 5.8
      vertex 3.55865 17.2678 5.8
      vertex 3.55865 17.0922 5.8
    endloop
  endfacet
  facet normal 0 0 -1
    outer loop
      vertex 3.55217 17.1359 5.8
      vertex 3.55217 17.2241 5.8
      vertex 3.55865 17.2678 5.8
    endloop
  endfacet
  facet normal 0 -0 -1
    outer loop
      vertex 3.55217 17.2241 5.8
      vertex 3.55217 17.1359 5.8
      vertex 3.55 17.18 5.8
    endloop
  endfacet
  facet normal -0.595607 0.803276 0
    outer loop
      vertex 4.28548 16.8321 0
      vertex 4.25001 16.8058 5.8
      vertex 4.28548 16.8321 5.8
    endloop
  endfacet
  facet normal -0.595607 0.803276 0
    outer loop
      vertex 4.25001 16.8058 5.8
      vertex 4.28548 16.8321 0
      vertex 4.25001 16.8058 0
    endloop
  endfacet
  facet normal -0.857892 0.51383 0
    outer loop
      vertex 4.37416 16.93 0
      vertex 4.39686 16.9679 5.8
      vertex 4.39686 16.9679 0
    endloop
  endfacet
  facet normal -0.857892 0.51383 0
    outer loop
      vertex 4.39686 16.9679 5.8
      vertex 4.37416 16.93 0
      vertex 4.37416 16.93 5.8
    endloop
  endfacet
  facet normal -0.94165 0.336594 0
    outer loop
      vertex 4.41575 17.0078 0
      vertex 4.43062 17.0494 5.8
      vertex 4.43062 17.0494 0
    endloop
  endfacet
  facet normal -0.94165 0.336594 0
    outer loop
      vertex 4.43062 17.0494 5.8
      vertex 4.41575 17.0078 0
      vertex 4.41575 17.0078 5.8
    endloop
  endfacet
  facet normal -0.740811 -0.671714 0
    outer loop
      vertex 4.34785 17.4655 0
      vertex 4.3182 17.4982 5.8
      vertex 4.3182 17.4982 0
    endloop
  endfacet
  facet normal -0.740811 -0.671714 0
    outer loop
      vertex 4.3182 17.4982 5.8
      vertex 4.34785 17.4655 0
      vertex 4.34785 17.4655 5.8
    endloop
  endfacet
  facet normal -0.672109 -0.740452 0
    outer loop
      vertex 4.28548 17.5279 0
      vertex 4.3182 17.4982 5.8
      vertex 4.28548 17.5279 5.8
    endloop
  endfacet
  facet normal -0.672109 -0.740452 -0
    outer loop
      vertex 4.3182 17.4982 5.8
      vertex 4.28548 17.5279 0
      vertex 4.3182 17.4982 0
    endloop
  endfacet
  facet normal 0.244452 0.969661 -0
    outer loop
      vertex 3.91221 16.7386 0
      vertex 3.86937 16.7494 5.8
      vertex 3.91221 16.7386 5.8
    endloop
  endfacet
  facet normal 0.244452 0.969661 0
    outer loop
      vertex 3.86937 16.7494 5.8
      vertex 3.91221 16.7386 0
      vertex 3.86937 16.7494 0
    endloop
  endfacet
  facet normal -0.33734 -0.941383 0
    outer loop
      vertex 4.13063 17.6106 0
      vertex 4.17221 17.5957 5.8
      vertex 4.13063 17.6106 5.8
    endloop
  endfacet
  facet normal -0.33734 -0.941383 -0
    outer loop
      vertex 4.17221 17.5957 5.8
      vertex 4.13063 17.6106 0
      vertex 4.17221 17.5957 0
    endloop
  endfacet
  facet normal -0.144972 -0.989436 0
    outer loop
      vertex 4.04411 17.6278 0
      vertex 4.08779 17.6214 5.8
      vertex 4.04411 17.6278 5.8
    endloop
  endfacet
  facet normal -0.144972 -0.989436 -0
    outer loop
      vertex 4.08779 17.6214 5.8
      vertex 4.04411 17.6278 0
      vertex 4.08779 17.6214 0
    endloop
  endfacet
  facet normal 0.998792 0.0491469 0
    outer loop
      vertex 3.55217 17.1359 5.8
      vertex 3.55 17.18 0
      vertex 3.55 17.18 5.8
    endloop
  endfacet
  facet normal 0.998792 0.0491469 0
    outer loop
      vertex 3.55 17.18 0
      vertex 3.55217 17.1359 5.8
      vertex 3.55217 17.1359 0
    endloop
  endfacet
  facet normal -0.740811 0.671714 0
    outer loop
      vertex 4.3182 16.8618 0
      vertex 4.34785 16.8945 5.8
      vertex 4.34785 16.8945 0
    endloop
  endfacet
  facet normal -0.740811 0.671714 0
    outer loop
      vertex 4.34785 16.8945 5.8
      vertex 4.3182 16.8618 0
      vertex 4.3182 16.8618 5.8
    endloop
  endfacet
  facet normal 0.989184 0.14668 0
    outer loop
      vertex 3.55865 17.0922 5.8
      vertex 3.55217 17.1359 0
      vertex 3.55217 17.1359 5.8
    endloop
  endfacet
  facet normal 0.989184 0.14668 0
    outer loop
      vertex 3.55217 17.1359 0
      vertex 3.55865 17.0922 5.8
      vertex 3.55865 17.0922 0
    endloop
  endfacet
  facet normal -0.672109 0.740452 0
    outer loop
      vertex 4.3182 16.8618 0
      vertex 4.28548 16.8321 5.8
      vertex 4.3182 16.8618 5.8
    endloop
  endfacet
  facet normal -0.672109 0.740452 0
    outer loop
      vertex 4.28548 16.8321 5.8
      vertex 4.3182 16.8618 0
      vertex 4.28548 16.8321 0
    endloop
  endfacet
  facet normal 0.514029 -0.857773 0
    outer loop
      vertex 3.74999 17.5542 0
      vertex 3.78787 17.5769 5.8
      vertex 3.74999 17.5542 5.8
    endloop
  endfacet
  facet normal 0.514029 -0.857773 0
    outer loop
      vertex 3.78787 17.5769 5.8
      vertex 3.74999 17.5542 0
      vertex 3.78787 17.5769 0
    endloop
  endfacet
  facet normal 0.998792 -0.0491469 0
    outer loop
      vertex 3.55 17.18 5.8
      vertex 3.55217 17.2241 0
      vertex 3.55217 17.2241 5.8
    endloop
  endfacet
  facet normal 0.998792 -0.0491469 0
    outer loop
      vertex 3.55217 17.2241 0
      vertex 3.55 17.18 5.8
      vertex 3.55 17.18 0
    endloop
  endfacet
  facet normal 0.426059 0.904695 -0
    outer loop
      vertex 3.82779 16.7643 0
      vertex 3.78787 16.7831 5.8
      vertex 3.82779 16.7643 5.8
    endloop
  endfacet
  facet normal 0.426059 0.904695 0
    outer loop
      vertex 3.78787 16.7831 5.8
      vertex 3.82779 16.7643 0
      vertex 3.78787 16.7831 0
    endloop
  endfacet
  facet normal 0.672109 0.740452 -0
    outer loop
      vertex 3.71452 16.8321 0
      vertex 3.6818 16.8618 5.8
      vertex 3.71452 16.8321 5.8
    endloop
  endfacet
  facet normal 0.672109 0.740452 0
    outer loop
      vertex 3.6818 16.8618 5.8
      vertex 3.71452 16.8321 0
      vertex 3.6818 16.8618 0
    endloop
  endfacet
  facet normal 0.595607 0.803276 -0
    outer loop
      vertex 3.74999 16.8058 0
      vertex 3.71452 16.8321 5.8
      vertex 3.74999 16.8058 5.8
    endloop
  endfacet
  facet normal 0.595607 0.803276 0
    outer loop
      vertex 3.71452 16.8321 5.8
      vertex 3.74999 16.8058 0
      vertex 3.71452 16.8321 0
    endloop
  endfacet
  facet normal 0.33734 0.941383 -0
    outer loop
      vertex 3.86937 16.7494 0
      vertex 3.82779 16.7643 5.8
      vertex 3.86937 16.7494 5.8
    endloop
  endfacet
  facet normal 0.33734 0.941383 0
    outer loop
      vertex 3.82779 16.7643 5.8
      vertex 3.86937 16.7494 0
      vertex 3.82779 16.7643 0
    endloop
  endfacet
  facet normal -0.671632 0.740884 0
    outer loop
      vertex 0.438727 31.5276 0
      vertex 0.351471 31.4485 6
      vertex 0.438727 31.5276 6
    endloop
  endfacet
  facet normal -0.671632 0.740884 0
    outer loop
      vertex 0.351471 31.4485 6
      vertex 0.438727 31.5276 0
      vertex 0.351471 31.4485 0
    endloop
  endfacet
  facet normal 0 -1 0
    outer loop
      vertex 1.2 0 0
      vertex 38.6 0 6
      vertex 1.2 0 6
    endloop
  endfacet
  facet normal 0 -1 -0
    outer loop
      vertex 38.6 0 6
      vertex 1.2 0 0
      vertex 38.6 0 0
    endloop
  endfacet
  facet normal 0.903827 -0.427899 0
    outer loop
      vertex 39.6583 0.634323 6
      vertex 39.7087 0.74078 0
      vertex 39.7087 0.74078 6
    endloop
  endfacet
  facet normal 0.903827 -0.427899 0
    outer loop
      vertex 39.7087 0.74078 0
      vertex 39.6583 0.634323 6
      vertex 39.6583 0.634323 0
    endloop
  endfacet
  facet normal -0.941565 0.336831 0
    outer loop
      vertex 0.051671 30.9483 0
      vertex 0.0913439 31.0592 6
      vertex 0.0913439 31.0592 0
    endloop
  endfacet
  facet normal -0.941565 0.336831 0
    outer loop
      vertex 0.0913439 31.0592 6
      vertex 0.051671 30.9483 0
      vertex 0.051671 30.9483 6
    endloop
  endfacet
  facet normal 0.857883 -0.513845 0
    outer loop
      vertex 39.5978 0.533316 6
      vertex 39.6583 0.634323 0
      vertex 39.6583 0.634323 6
    endloop
  endfacet
  facet normal 0.857883 -0.513845 0
    outer loop
      vertex 39.6583 0.634323 0
      vertex 39.5978 0.533316 6
      vertex 39.5978 0.533316 0
    endloop
  endfacet
  facet normal -0.514107 -0.857726 0
    outer loop
      vertex 0.533316 0.202236 0
      vertex 0.634323 0.141694 6
      vertex 0.533316 0.202236 6
    endloop
  endfacet
  facet normal -0.514107 -0.857726 -0
    outer loop
      vertex 0.634323 0.141694 6
      vertex 0.533316 0.202236 0
      vertex 0.634323 0.141694 0
    endloop
  endfacet
  facet normal 0.595918 0.803046 -0
    outer loop
      vertex 39.3613 31.5276 0
      vertex 39.2667 31.5978 6
      vertex 39.3613 31.5276 6
    endloop
  endfacet
  facet normal 0.595918 0.803046 0
    outer loop
      vertex 39.2667 31.5978 6
      vertex 39.3613 31.5276 0
      vertex 39.2667 31.5978 0
    endloop
  endfacet
  facet normal -1 0 0
    outer loop
      vertex 0 26.06 4.4
      vertex 0 30.6 0
      vertex 0 26.06 1.4
    endloop
  endfacet
  facet normal -1 0 0
    outer loop
      vertex 0 30.6 0
      vertex 0 5.74 1.4
      vertex 0 26.06 1.4
    endloop
  endfacet
  facet normal -1 -0 0
    outer loop
      vertex 0 5.74 1.4
      vertex 0 1.2 0
      vertex 0 5.74 4.4
    endloop
  endfacet
  facet normal -1 0 0
    outer loop
      vertex 0 1.2 0
      vertex 0 5.74 1.4
      vertex 0 30.6 0
    endloop
  endfacet
  facet normal -1 0 0
    outer loop
      vertex 0 30.6 0
      vertex 0 26.06 4.4
      vertex 0 30.6 6
    endloop
  endfacet
  facet normal -1 0 0
    outer loop
      vertex 0 5.74 4.4
      vertex 0 30.6 6
      vertex 0 26.06 4.4
    endloop
  endfacet
  facet normal -1 0 0
    outer loop
      vertex 0 5.74 4.4
      vertex 0 1.2 6
      vertex 0 30.6 6
    endloop
  endfacet
  facet normal -1 0 0
    outer loop
      vertex 0 1.2 6
      vertex 0 5.74 4.4
      vertex 0 1.2 0
    endloop
  endfacet
  facet normal -0.427899 0.903827 0
    outer loop
      vertex 0.74078 31.7087 0
      vertex 0.634323 31.6583 6
      vertex 0.74078 31.7087 6
    endloop
  endfacet
  facet normal -0.427899 0.903827 0
    outer loop
      vertex 0.634323 31.6583 6
      vertex 0.74078 31.7087 0
      vertex 0.634323 31.6583 0
    endloop
  endfacet
  facet normal 0.513871 0.857867 -0
    outer loop
      vertex 39.2667 31.5978 0
      vertex 39.1657 31.6583 6
      vertex 39.2667 31.5978 6
    endloop
  endfacet
  facet normal 0.513871 0.857867 0
    outer loop
      vertex 39.1657 31.6583 6
      vertex 39.2667 31.5978 0
      vertex 39.1657 31.6583 0
    endloop
  endfacet
  facet normal 0 1 -0
    outer loop
      vertex 38.6 31.8 0
      vertex 1.2 31.8 6
      vertex 38.6 31.8 6
    endloop
  endfacet
  facet normal 0 1 0
    outer loop
      vertex 1.2 31.8 6
      vertex 38.6 31.8 0
      vertex 1.2 31.8 0
    endloop
  endfacet
  facet normal 0.803012 -0.595962 0
    outer loop
      vertex 39.5276 0.438727 6
      vertex 39.5978 0.533316 0
      vertex 39.5978 0.533316 6
    endloop
  endfacet
  facet normal 0.803012 -0.595962 0
    outer loop
      vertex 39.5978 0.533316 0
      vertex 39.5276 0.438727 6
      vertex 39.5276 0.438727 0
    endloop
  endfacet
  facet normal -0.998795 0.0490761 0
    outer loop
      vertex 0 30.6 0
      vertex 0.00577831 30.7176 6
      vertex 0.00577831 30.7176 0
    endloop
  endfacet
  facet normal -0.998795 0.0490761 0
    outer loop
      vertex 0.00577831 30.7176 6
      vertex 0 30.6 0
      vertex 0 30.6 6
    endloop
  endfacet
  facet normal -0.513845 0.857883 0
    outer loop
      vertex 0.634323 31.6583 0
      vertex 0.533316 31.5978 6
      vertex 0.634323 31.6583 6
    endloop
  endfacet
  facet normal -0.513845 0.857883 0
    outer loop
      vertex 0.533316 31.5978 6
      vertex 0.634323 31.6583 0
      vertex 0.533316 31.5978 0
    endloop
  endfacet
  facet normal 0.146887 0.989153 -0
    outer loop
      vertex 38.8341 31.7769 0
      vertex 38.7176 31.7942 6
      vertex 38.8341 31.7769 6
    endloop
  endfacet
  facet normal 0.146887 0.989153 0
    outer loop
      vertex 38.7176 31.7942 6
      vertex 38.8341 31.7769 0
      vertex 38.7176 31.7942 0
    endloop
  endfacet
  facet normal -0.146901 0.989151 0
    outer loop
      vertex 1.08238 31.7942 0
      vertex 0.965891 31.7769 6
      vertex 1.08238 31.7942 6
    endloop
  endfacet
  facet normal -0.146901 0.989151 0
    outer loop
      vertex 0.965891 31.7769 6
      vertex 1.08238 31.7942 0
      vertex 0.965891 31.7769 0
    endloop
  endfacet
  facet normal 0.427412 -0.904057 0
    outer loop
      vertex 39.0592 0.0913439 0
      vertex 39.1657 0.141694 6
      vertex 39.0592 0.0913439 6
    endloop
  endfacet
  facet normal 0.427412 -0.904057 0
    outer loop
      vertex 39.1657 0.141694 6
      vertex 39.0592 0.0913439 0
      vertex 39.1657 0.141694 0
    endloop
  endfacet
  facet normal -0.803245 0.595649 0
    outer loop
      vertex 0.202236 31.2667 0
      vertex 0.272387 31.3613 6
      vertex 0.272387 31.3613 0
    endloop
  endfacet
  facet normal -0.803245 0.595649 0
    outer loop
      vertex 0.272387 31.3613 6
      vertex 0.202236 31.2667 0
      vertex 0.202236 31.2667 6
    endloop
  endfacet
  facet normal 0.989153 0.146887 0
    outer loop
      vertex 39.7942 30.7176 6
      vertex 39.7769 30.8341 0
      vertex 39.7769 30.8341 6
    endloop
  endfacet
  facet normal 0.989153 0.146887 0
    outer loop
      vertex 39.7769 30.8341 0
      vertex 39.7942 30.7176 6
      vertex 39.7942 30.7176 0
    endloop
  endfacet
  facet normal 1 -0 0
    outer loop
      vertex 39.8 1.2 6
      vertex 39.8 30.6 0
      vertex 39.8 30.6 6
    endloop
  endfacet
  facet normal 1 0 0
    outer loop
      vertex 39.8 30.6 0
      vertex 39.8 1.2 6
      vertex 39.8 1.2 0
    endloop
  endfacet
  facet normal 0.336831 -0.941565 0
    outer loop
      vertex 38.9483 0.051671 0
      vertex 39.0592 0.0913439 6
      vertex 38.9483 0.051671 6
    endloop
  endfacet
  facet normal 0.336831 -0.941565 0
    outer loop
      vertex 39.0592 0.0913439 6
      vertex 38.9483 0.051671 0
      vertex 39.0592 0.0913439 0
    endloop
  endfacet
  facet normal 0.242935 0.970042 -0
    outer loop
      vertex 38.9483 31.7483 0
      vertex 38.8341 31.7769 6
      vertex 38.9483 31.7483 6
    endloop
  endfacet
  facet normal 0.242935 0.970042 0
    outer loop
      vertex 38.8341 31.7769 6
      vertex 38.9483 31.7483 0
      vertex 38.8341 31.7769 0
    endloop
  endfacet
  facet normal -0.242869 0.970059 0
    outer loop
      vertex 0.965891 31.7769 0
      vertex 0.851658 31.7483 6
      vertex 0.965891 31.7769 6
    endloop
  endfacet
  facet normal -0.242869 0.970059 0
    outer loop
      vertex 0.851658 31.7483 6
      vertex 0.965891 31.7769 0
      vertex 0.851658 31.7483 0
    endloop
  endfacet
  facet normal 0.970059 -0.242869 0
    outer loop
      vertex 39.7483 0.851658 6
      vertex 39.7769 0.965891 0
      vertex 39.7769 0.965891 6
    endloop
  endfacet
  facet normal 0.970059 -0.242869 0
    outer loop
      vertex 39.7769 0.965891 0
      vertex 39.7483 0.851658 6
      vertex 39.7483 0.851658 0
    endloop
  endfacet
  facet normal 0.336283 0.941761 -0
    outer loop
      vertex 39.0592 31.7087 0
      vertex 38.9483 31.7483 6
      vertex 39.0592 31.7087 6
    endloop
  endfacet
  facet normal 0.336283 0.941761 0
    outer loop
      vertex 38.9483 31.7483 6
      vertex 39.0592 31.7087 0
      vertex 38.9483 31.7483 0
    endloop
  endfacet
  facet normal -0.336342 0.94174 0
    outer loop
      vertex 0.851658 31.7483 0
      vertex 0.74078 31.7087 6
      vertex 0.851658 31.7483 6
    endloop
  endfacet
  facet normal -0.336342 0.94174 0
    outer loop
      vertex 0.74078 31.7087 6
      vertex 0.851658 31.7483 0
      vertex 0.74078 31.7087 0
    endloop
  endfacet
  facet normal 0.243047 -0.970014 0
    outer loop
      vertex 38.8341 0.023057 0
      vertex 38.9483 0.051671 6
      vertex 38.8341 0.023057 6
    endloop
  endfacet
  facet normal 0.243047 -0.970014 0
    outer loop
      vertex 38.9483 0.051671 6
      vertex 38.8341 0.023057 0
      vertex 38.9483 0.051671 0
    endloop
  endfacet
  facet normal -0.989178 -0.146724 0
    outer loop
      vertex 0.023057 0.965891 0
      vertex 0.00577831 1.08238 6
      vertex 0.00577831 1.08238 0
    endloop
  endfacet
  facet normal -0.989178 -0.146724 0
    outer loop
      vertex 0.00577831 1.08238 6
      vertex 0.023057 0.965891 0
      vertex 0.023057 0.965891 6
    endloop
  endfacet
  facet normal -0.970031 -0.242981 0
    outer loop
      vertex 0.051671 0.851658 0
      vertex 0.023057 0.965891 6
      vertex 0.023057 0.965891 0
    endloop
  endfacet
  facet normal -0.970031 -0.242981 0
    outer loop
      vertex 0.023057 0.965891 6
      vertex 0.051671 0.851658 0
      vertex 0.051671 0.851658 6
    endloop
  endfacet
  facet normal -0.98918 0.14671 0
    outer loop
      vertex 0.00577831 30.7176 0
      vertex 0.023057 30.8341 6
      vertex 0.023057 30.8341 0
    endloop
  endfacet
  facet normal -0.98918 0.14671 0
    outer loop
      vertex 0.023057 30.8341 6
      vertex 0.00577831 30.7176 0
      vertex 0.00577831 30.7176 6
    endloop
  endfacet
  facet normal -0.740952 -0.671558 0
    outer loop
      vertex 0.351471 0.351471 0
      vertex 0.272387 0.438727 6
      vertex 0.272387 0.438727 0
    endloop
  endfacet
  facet normal -0.740952 -0.671558 0
    outer loop
      vertex 0.272387 0.438727 6
      vertex 0.351471 0.351471 0
      vertex 0.351471 0.351471 6
    endloop
  endfacet
  facet normal 0.671869 0.74067 -0
    outer loop
      vertex 39.4485 31.4485 0
      vertex 39.3613 31.5276 6
      vertex 39.4485 31.4485 6
    endloop
  endfacet
  facet normal 0.671869 0.74067 0
    outer loop
      vertex 39.3613 31.5276 6
      vertex 39.4485 31.4485 0
      vertex 39.3613 31.5276 0
    endloop
  endfacet
  facet normal -0.857726 -0.514107 0
    outer loop
      vertex 0.202236 0.533316 0
      vertex 0.141694 0.634323 6
      vertex 0.141694 0.634323 0
    endloop
  endfacet
  facet normal -0.857726 -0.514107 0
    outer loop
      vertex 0.141694 0.634323 6
      vertex 0.202236 0.533316 0
      vertex 0.202236 0.533316 6
    endloop
  endfacet
  facet normal 0.970042 0.242935 0
    outer loop
      vertex 39.7769 30.8341 6
      vertex 39.7483 30.9483 0
      vertex 39.7483 30.9483 6
    endloop
  endfacet
  facet normal 0.970042 0.242935 0
    outer loop
      vertex 39.7483 30.9483 0
      vertex 39.7769 30.8341 6
      vertex 39.7769 30.8341 0
    endloop
  endfacet
  facet normal 0.94174 -0.336342 0
    outer loop
      vertex 39.7087 0.74078 6
      vertex 39.7483 0.851658 0
      vertex 39.7483 0.851658 6
    endloop
  endfacet
  facet normal 0.94174 -0.336342 0
    outer loop
      vertex 39.7483 0.851658 0
      vertex 39.7087 0.74078 6
      vertex 39.7087 0.74078 0
    endloop
  endfacet
  facet normal 0.998786 -0.0492515 0
    outer loop
      vertex 39.7942 1.08238 6
      vertex 39.8 1.2 0
      vertex 39.8 1.2 6
    endloop
  endfacet
  facet normal 0.998786 -0.0492515 0
    outer loop
      vertex 39.8 1.2 0
      vertex 39.7942 1.08238 6
      vertex 39.7942 1.08238 0
    endloop
  endfacet
  facet normal -0.336891 -0.941544 0
    outer loop
      vertex 0.74078 0.0913439 0
      vertex 0.851658 0.051671 6
      vertex 0.74078 0.0913439 6
    endloop
  endfacet
  facet normal -0.336891 -0.941544 -0
    outer loop
      vertex 0.851658 0.051671 6
      vertex 0.74078 0.0913439 0
      vertex 0.851658 0.051671 0
    endloop
  endfacet
  facet normal -0.90399 -0.427553 0
    outer loop
      vertex 0.141694 0.634323 0
      vertex 0.0913439 0.74078 6
      vertex 0.0913439 0.74078 0
    endloop
  endfacet
  facet normal -0.90399 -0.427553 0
    outer loop
      vertex 0.0913439 0.74078 6
      vertex 0.141694 0.634323 0
      vertex 0.141694 0.634323 6
    endloop
  endfacet
  facet normal 0.0492599 0.998786 -0
    outer loop
      vertex 38.7176 31.7942 0
      vertex 38.6 31.8 6
      vertex 38.7176 31.7942 6
    endloop
  endfacet
  facet normal 0.0492599 0.998786 0
    outer loop
      vertex 38.6 31.8 6
      vertex 38.7176 31.7942 0
      vertex 38.6 31.8 0
    endloop
  endfacet
  facet normal -0.998795 -0.0490678 0
    outer loop
      vertex 0.00577831 1.08238 0
      vertex 0 1.2 6
      vertex 0 1.2 0
    endloop
  endfacet
  facet normal -0.998795 -0.0490678 0
    outer loop
      vertex 0 1.2 6
      vertex 0.00577831 1.08238 0
      vertex 0.00577831 1.08238 6
    endloop
  endfacet
  facet normal -0.146724 -0.989178 0
    outer loop
      vertex 0.965891 0.023057 0
      vertex 1.08238 0.00577831 6
      vertex 0.965891 0.023057 6
    endloop
  endfacet
  facet normal -0.146724 -0.989178 -0
    outer loop
      vertex 1.08238 0.00577831 6
      vertex 0.965891 0.023057 0
      vertex 1.08238 0.00577831 0
    endloop
  endfacet
  facet normal 0.803046 0.595918 0
    outer loop
      vertex 39.5978 31.2667 6
      vertex 39.5276 31.3613 0
      vertex 39.5276 31.3613 6
    endloop
  endfacet
  facet normal 0.803046 0.595918 0
    outer loop
      vertex 39.5276 31.3613 0
      vertex 39.5978 31.2667 6
      vertex 39.5978 31.2667 0
    endloop
  endfacet
  facet normal 0.989151 -0.146901 0
    outer loop
      vertex 39.7769 0.965891 6
      vertex 39.7942 1.08238 0
      vertex 39.7942 1.08238 6
    endloop
  endfacet
  facet normal 0.989151 -0.146901 0
    outer loop
      vertex 39.7942 1.08238 0
      vertex 39.7769 0.965891 6
      vertex 39.7769 0.965891 0
    endloop
  endfacet
  facet normal 0.998786 0.0492599 0
    outer loop
      vertex 39.8 30.6 6
      vertex 39.7942 30.7176 0
      vertex 39.7942 30.7176 6
    endloop
  endfacet
  facet normal 0.998786 0.0492599 0
    outer loop
      vertex 39.7942 30.7176 0
      vertex 39.8 30.6 6
      vertex 39.8 30.6 0
    endloop
  endfacet
  facet normal -0.242981 -0.970031 0
    outer loop
      vertex 0.851658 0.051671 0
      vertex 0.965891 0.023057 6
      vertex 0.851658 0.051671 6
    endloop
  endfacet
  facet normal -0.242981 -0.970031 -0
    outer loop
      vertex 0.965891 0.023057 6
      vertex 0.851658 0.051671 0
      vertex 0.965891 0.023057 0
    endloop
  endfacet
  facet normal -0.740738 0.671795 0
    outer loop
      vertex 0.272387 31.3613 0
      vertex 0.351471 31.4485 6
      vertex 0.351471 31.4485 0
    endloop
  endfacet
  facet normal -0.740738 0.671795 0
    outer loop
      vertex 0.351471 31.4485 6
      vertex 0.272387 31.3613 0
      vertex 0.272387 31.3613 6
    endloop
  endfacet
  facet normal 0.427758 0.903893 -0
    outer loop
      vertex 39.1657 31.6583 0
      vertex 39.0592 31.7087 6
      vertex 39.1657 31.6583 6
    endloop
  endfacet
  facet normal 0.427758 0.903893 0
    outer loop
      vertex 39.0592 31.7087 6
      vertex 39.1657 31.6583 0
      vertex 39.0592 31.7087 0
    endloop
  endfacet
  facet normal 0.941761 0.336283 0
    outer loop
      vertex 39.7483 30.9483 6
      vertex 39.7087 31.0592 0
      vertex 39.7087 31.0592 6
    endloop
  endfacet
  facet normal 0.941761 0.336283 0
    outer loop
      vertex 39.7087 31.0592 0
      vertex 39.7483 30.9483 6
      vertex 39.7483 30.9483 0
    endloop
  endfacet
  facet normal 0.74067 0.671869 0
    outer loop
      vertex 39.5276 31.3613 6
      vertex 39.4485 31.4485 0
      vertex 39.4485 31.4485 6
    endloop
  endfacet
  facet normal 0.74067 0.671869 0
    outer loop
      vertex 39.4485 31.4485 0
      vertex 39.5276 31.3613 6
      vertex 39.5276 31.3613 0
    endloop
  endfacet
  facet normal -0.970014 0.243047 0
    outer loop
      vertex 0.023057 30.8341 0
      vertex 0.051671 30.9483 6
      vertex 0.051671 30.9483 0
    endloop
  endfacet
  facet normal -0.970014 0.243047 0
    outer loop
      vertex 0.051671 30.9483 6
      vertex 0.023057 30.8341 0
      vertex 0.023057 30.8341 6
    endloop
  endfacet
  facet normal -0.595694 -0.803212 0
    outer loop
      vertex 0.438727 0.272387 0
      vertex 0.533316 0.202236 6
      vertex 0.438727 0.272387 6
    endloop
  endfacet
  facet normal -0.595694 -0.803212 -0
    outer loop
      vertex 0.533316 0.202236 6
      vertex 0.438727 0.272387 0
      vertex 0.533316 0.202236 0
    endloop
  endfacet
  facet normal -0 0 1
    outer loop
      vertex 3.75643 27.8564 6
      vertex 16.1497 16.5978 6
      vertex 3.85459 27.9454 6
    endloop
  endfacet
  facet normal 0 0 1
    outer loop
      vertex 15.9 15.9 6
      vertex 4.2435 3.03232 6
      vertex 4.25 2.9 6
    endloop
  endfacet
  facet normal 0 0 1
    outer loop
      vertex 16.1497 16.5978 6
      vertex 3.75643 27.8564 6
      vertex 16.0854 16.5111 6
    endloop
  endfacet
  facet normal 0 0 1
    outer loop
      vertex 15.9 15.9 6
      vertex 4.22406 3.16337 6
      vertex 4.2435 3.03232 6
    endloop
  endfacet
  facet normal -0 0 1
    outer loop
      vertex 3.65002 27.7775 6
      vertex 16.0854 16.5111 6
      vertex 3.75643 27.8564 6
    endloop
  endfacet
  facet normal 0 0 1
    outer loop
      vertex 15.9 15.9 6
      vertex 4.19187 3.29188 6
      vertex 4.22406 3.16337 6
    endloop
  endfacet
  facet normal 0 0 1
    outer loop
      vertex 16.0854 16.5111 6
      vertex 3.65002 27.7775 6
      vertex 16.0299 16.4185 6
    endloop
  endfacet
  facet normal 0 0 1
    outer loop
      vertex 15.9 15.9 6
      vertex 4.14724 3.41662 6
      vertex 4.19187 3.29188 6
    endloop
  endfacet
  facet normal -0 0 1
    outer loop
      vertex 3.53639 27.7094 6
      vertex 16.0299 16.4185 6
      vertex 3.65002 27.7775 6
    endloop
  endfacet
  facet normal 0 0 1
    outer loop
      vertex 15.9 15.9 6
      vertex 4.09059 3.53639 6
      vertex 4.14724 3.41662 6
    endloop
  endfacet
  facet normal 0 0 1
    outer loop
      vertex 16.0299 16.4185 6
      vertex 3.53639 27.7094 6
      vertex 15.9837 16.321 6
    endloop
  endfacet
  facet normal 0 0 1
    outer loop
      vertex 15.9 15.9 6
      vertex 4.02248 3.65002 6
      vertex 4.09059 3.53639 6
    endloop
  endfacet
  facet normal 0 0 1
    outer loop
      vertex 15.9837 16.321 6
      vertex 3.53639 27.7094 6
      vertex 15.9474 16.2193 6
    endloop
  endfacet
  facet normal 0 0 1
    outer loop
      vertex 15.9 15.9 6
      vertex 3.94356 3.75643 6
      vertex 4.02248 3.65002 6
    endloop
  endfacet
  facet normal -0 0 1
    outer loop
      vertex 3.41662 27.6528 6
      vertex 15.9474 16.2193 6
      vertex 3.53639 27.7094 6
    endloop
  endfacet
  facet normal 0 0 1
    outer loop
      vertex 15.9 15.9 6
      vertex 3.85459 3.85459 6
      vertex 3.94356 3.75643 6
    endloop
  endfacet
  facet normal 0 0 1
    outer loop
      vertex 15.9474 16.2193 6
      vertex 3.41662 27.6528 6
      vertex 15.9211 16.1146 6
    endloop
  endfacet
  facet normal 0 0 1
    outer loop
      vertex 15.9 15.9 6
      vertex 3.75643 3.94356 6
      vertex 3.85459 3.85459 6
    endloop
  endfacet
  facet normal -0 0 1
    outer loop
      vertex 3.29188 27.6081 6
      vertex 15.9211 16.1146 6
      vertex 3.41662 27.6528 6
    endloop
  endfacet
  facet normal 0 0 1
    outer loop
      vertex 15.9 15.9 6
      vertex 3.65002 4.02248 6
      vertex 3.75643 3.94356 6
    endloop
  endfacet
  facet normal 0 0 1
    outer loop
      vertex 15.9211 16.1146 6
      vertex 3.29188 27.6081 6
      vertex 15.9053 16.0078 6
    endloop
  endfacet
  facet normal 0 0 1
    outer loop
      vertex 15.9 15.9 6
      vertex 3.53639 4.09059 6
      vertex 3.65002 4.02248 6
    endloop
  endfacet
  facet normal -0 0 1
    outer loop
      vertex 3.16337 27.5759 6
      vertex 15.9053 16.0078 6
      vertex 3.29188 27.6081 6
    endloop
  endfacet
  facet normal 0 0 1
    outer loop
      vertex 15.9 15.9 6
      vertex 3.41662 4.14724 6
      vertex 3.53639 4.09059 6
    endloop
  endfacet
  facet normal 0 0 1
    outer loop
      vertex 15.9053 16.0078 6
      vertex 3.16337 27.5759 6
      vertex 15.9 15.9 6
    endloop
  endfacet
  facet normal 0 0 1
    outer loop
      vertex 15.9 15.9 6
      vertex 3.29188 4.19187 6
      vertex 3.41662 4.14724 6
    endloop
  endfacet
  facet normal -0 0 1
    outer loop
      vertex 3.03232 27.5565 6
      vertex 15.9 15.9 6
      vertex 3.16337 27.5759 6
    endloop
  endfacet
  facet normal 0 0 1
    outer loop
      vertex 15.9 15.9 6
      vertex 3.16337 4.22406 6
      vertex 3.29188 4.19187 6
    endloop
  endfacet
  facet normal 0 0 1
    outer loop
      vertex 3.03232 4.2435 6
      vertex 15.9 15.9 6
      vertex 3.03232 27.5565 6
    endloop
  endfacet
  facet normal 0 0 1
    outer loop
      vertex 15.9 15.9 6
      vertex 3.03232 4.2435 6
      vertex 3.16337 4.22406 6
    endloop
  endfacet
  facet normal -0 0 1
    outer loop
      vertex 2.9 27.55 6
      vertex 3.03232 4.2435 6
      vertex 3.03232 27.5565 6
    endloop
  endfacet
  facet normal 0 0 1
    outer loop
      vertex 2.9 27.55 6
      vertex 2.9 4.25 6
      vertex 3.03232 4.2435 6
    endloop
  endfacet
  facet normal 0 0 1
    outer loop
      vertex 2.76768 27.5565 6
      vertex 2.9 4.25 6
      vertex 2.9 27.55 6
    endloop
  endfacet
  facet normal 0 0 1
    outer loop
      vertex 2.76768 27.5565 6
      vertex 2.76768 4.2435 6
      vertex 2.9 4.25 6
    endloop
  endfacet
  facet normal 0 0 1
    outer loop
      vertex 2.63663 27.5759 6
      vertex 2.76768 4.2435 6
      vertex 2.76768 27.5565 6
    endloop
  endfacet
  facet normal 0 0 1
    outer loop
      vertex 2.63663 27.5759 6
      vertex 2.63663 4.22406 6
      vertex 2.76768 4.2435 6
    endloop
  endfacet
  facet normal 0 0 1
    outer loop
      vertex 2.50812 27.6081 6
      vertex 2.63663 4.22406 6
      vertex 2.63663 27.5759 6
    endloop
  endfacet
  facet normal 0 0 1
    outer loop
      vertex 2.50812 27.6081 6
      vertex 2.50812 4.19187 6
      vertex 2.63663 4.22406 6
    endloop
  endfacet
  facet normal 0 0 1
    outer loop
      vertex 2.38338 27.6528 6
      vertex 2.50812 4.19187 6
      vertex 2.50812 27.6081 6
    endloop
  endfacet
  facet normal 0 0 1
    outer loop
      vertex 2.38338 27.6528 6
      vertex 2.38338 4.14724 6
      vertex 2.50812 4.19187 6
    endloop
  endfacet
  facet normal 0 0 1
    outer loop
      vertex 2.26362 27.7094 6
      vertex 2.38338 4.14724 6
      vertex 2.38338 27.6528 6
    endloop
  endfacet
  facet normal 0 0 1
    outer loop
      vertex 2.26362 27.7094 6
      vertex 2.26362 4.09059 6
      vertex 2.38338 4.14724 6
    endloop
  endfacet
  facet normal 0 0 1
    outer loop
      vertex 2.14998 27.7775 6
      vertex 2.26362 4.09059 6
      vertex 2.26362 27.7094 6
    endloop
  endfacet
  facet normal 0 0 1
    outer loop
      vertex 2.14998 27.7775 6
      vertex 2.14998 4.02248 6
      vertex 2.26362 4.09059 6
    endloop
  endfacet
  facet normal 0 0 1
    outer loop
      vertex 2.04357 27.8564 6
      vertex 2.14998 4.02248 6
      vertex 2.14998 27.7775 6
    endloop
  endfacet
  facet normal 0 0 1
    outer loop
      vertex 2.04357 27.8564 6
      vertex 2.04357 3.94356 6
      vertex 2.14998 4.02248 6
    endloop
  endfacet
  facet normal 0 0 1
    outer loop
      vertex 1.94541 27.9454 6
      vertex 2.04357 3.94356 6
      vertex 2.04357 27.8564 6
    endloop
  endfacet
  facet normal 0 0 1
    outer loop
      vertex 1.94541 27.9454 6
      vertex 1.94541 3.85459 6
      vertex 2.04357 3.94356 6
    endloop
  endfacet
  facet normal 0 0 1
    outer loop
      vertex 1.85644 28.0436 6
      vertex 1.94541 3.85459 6
      vertex 1.94541 27.9454 6
    endloop
  endfacet
  facet normal 0 0 1
    outer loop
      vertex 1.85644 28.0436 6
      vertex 1.85644 3.75643 6
      vertex 1.94541 3.85459 6
    endloop
  endfacet
  facet normal 0 0 1
    outer loop
      vertex 1.77752 28.15 6
      vertex 1.85644 3.75643 6
      vertex 1.85644 28.0436 6
    endloop
  endfacet
  facet normal 0 0 1
    outer loop
      vertex 1.77752 28.15 6
      vertex 1.77752 3.65002 6
      vertex 1.85644 3.75643 6
    endloop
  endfacet
  facet normal 0 0 1
    outer loop
      vertex 0 30.6 6
      vertex 1.77752 28.15 6
      vertex 1.70941 28.2636 6
    endloop
  endfacet
  facet normal 0 0 1
    outer loop
      vertex 1.77752 28.15 6
      vertex 0 30.6 6
      vertex 1.77752 3.65002 6
    endloop
  endfacet
  facet normal 0 0 1
    outer loop
      vertex 0 30.6 6
      vertex 1.70941 28.2636 6
      vertex 1.65276 28.3834 6
    endloop
  endfacet
  facet normal 0 0 1
    outer loop
      vertex 0 1.2 6
      vertex 1.77752 3.65002 6
      vertex 0 30.6 6
    endloop
  endfacet
  facet normal 0 0 1
    outer loop
      vertex 0 30.6 6
      vertex 1.65276 28.3834 6
      vertex 1.60813 28.5081 6
    endloop
  endfacet
  facet normal 0 0 1
    outer loop
      vertex 1.77752 3.65002 6
      vertex 0 1.2 6
      vertex 1.70941 3.53639 6
    endloop
  endfacet
  facet normal 0 0 1
    outer loop
      vertex 0 30.6 6
      vertex 1.60813 28.5081 6
      vertex 1.57594 28.6366 6
    endloop
  endfacet
  facet normal 0 0 1
    outer loop
      vertex 1.70941 3.53639 6
      vertex 0 1.2 6
      vertex 1.65276 3.41662 6
    endloop
  endfacet
  facet normal 0 0 1
    outer loop
      vertex 0 30.6 6
      vertex 1.57594 28.6366 6
      vertex 1.5565 28.7677 6
    endloop
  endfacet
  facet normal 0 0 1
    outer loop
      vertex 1.65276 3.41662 6
      vertex 0 1.2 6
      vertex 1.60813 3.29188 6
    endloop
  endfacet
  facet normal 0 0 1
    outer loop
      vertex 0 30.6 6
      vertex 1.5565 28.7677 6
      vertex 1.55 28.9 6
    endloop
  endfacet
  facet normal 0 0 1
    outer loop
      vertex 1.60813 3.29188 6
      vertex 0 1.2 6
      vertex 1.57594 3.16337 6
    endloop
  endfacet
  facet normal 0 0 1
    outer loop
      vertex 38.1919 28.5081 6
      vertex 39.8 30.6 6
      vertex 38.2241 28.6366 6
    endloop
  endfacet
  facet normal 0 0 1
    outer loop
      vertex 39.8 1.2 6
      vertex 38.2435 3.03232 6
      vertex 38.25 2.9 6
    endloop
  endfacet
  facet normal 0 0 1
    outer loop
      vertex 38.1472 28.3834 6
      vertex 39.8 30.6 6
      vertex 38.1919 28.5081 6
    endloop
  endfacet
  facet normal 0 0 1
    outer loop
      vertex 39.8 1.2 6
      vertex 38.2241 3.16337 6
      vertex 38.2435 3.03232 6
    endloop
  endfacet
  facet normal 0 0 1
    outer loop
      vertex 38.0906 28.2636 6
      vertex 39.8 30.6 6
      vertex 38.1472 28.3834 6
    endloop
  endfacet
  facet normal 0 0 1
    outer loop
      vertex 39.8 1.2 6
      vertex 38.1919 3.29188 6
      vertex 38.2241 3.16337 6
    endloop
  endfacet
  facet normal 0 0 1
    outer loop
      vertex 38.0225 28.15 6
      vertex 39.8 30.6 6
      vertex 38.0906 28.2636 6
    endloop
  endfacet
  facet normal 0 0 1
    outer loop
      vertex 39.8 1.2 6
      vertex 38.1472 3.41662 6
      vertex 38.1919 3.29188 6
    endloop
  endfacet
  facet normal 0 0 1
    outer loop
      vertex 39.8 30.6 6
      vertex 38.0225 28.15 6
      vertex 39.8 1.2 6
    endloop
  endfacet
  facet normal 0 0 1
    outer loop
      vertex 39.8 1.2 6
      vertex 38.0906 3.53639 6
      vertex 38.1472 3.41662 6
    endloop
  endfacet
  facet normal -0 0 1
    outer loop
      vertex 38.0225 3.65002 6
      vertex 39.8 1.2 6
      vertex 38.0225 28.15 6
    endloop
  endfacet
  facet normal 0 0 1
    outer loop
      vertex 39.8 1.2 6
      vertex 38.0225 3.65002 6
      vertex 38.0906 3.53639 6
    endloop
  endfacet
  facet normal -0 0 1
    outer loop
      vertex 37.9436 28.0436 6
      vertex 38.0225 3.65002 6
      vertex 38.0225 28.15 6
    endloop
  endfacet
  facet normal 0 0 1
    outer loop
      vertex 37.9436 28.0436 6
      vertex 37.9436 3.75643 6
      vertex 38.0225 3.65002 6
    endloop
  endfacet
  facet normal -0 0 1
    outer loop
      vertex 37.8546 27.9454 6
      vertex 37.9436 3.75643 6
      vertex 37.9436 28.0436 6
    endloop
  endfacet
  facet normal 0 0 1
    outer loop
      vertex 37.8546 27.9454 6
      vertex 37.8546 3.85459 6
      vertex 37.9436 3.75643 6
    endloop
  endfacet
  facet normal -0 0 1
    outer loop
      vertex 37.7564 27.8564 6
      vertex 37.8546 3.85459 6
      vertex 37.8546 27.9454 6
    endloop
  endfacet
  facet normal 0 0 1
    outer loop
      vertex 37.7564 27.8564 6
      vertex 37.7564 3.94356 6
      vertex 37.8546 3.85459 6
    endloop
  endfacet
  facet normal -0 0 1
    outer loop
      vertex 37.65 27.7775 6
      vertex 37.7564 3.94356 6
      vertex 37.7564 27.8564 6
    endloop
  endfacet
  facet normal 0 0 1
    outer loop
      vertex 37.65 27.7775 6
      vertex 37.65 4.02248 6
      vertex 37.7564 3.94356 6
    endloop
  endfacet
  facet normal -0 0 1
    outer loop
      vertex 37.5364 27.7094 6
      vertex 37.65 4.02248 6
      vertex 37.65 27.7775 6
    endloop
  endfacet
  facet normal 0 0 1
    outer loop
      vertex 37.5364 27.7094 6
      vertex 37.5364 4.09059 6
      vertex 37.65 4.02248 6
    endloop
  endfacet
  facet normal -0 0 1
    outer loop
      vertex 37.4166 27.6528 6
      vertex 37.5364 4.09059 6
      vertex 37.5364 27.7094 6
    endloop
  endfacet
  facet normal 0 0 1
    outer loop
      vertex 37.4166 27.6528 6
      vertex 37.4166 4.14724 6
      vertex 37.5364 4.09059 6
    endloop
  endfacet
  facet normal -0 0 1
    outer loop
      vertex 37.2919 27.6081 6
      vertex 37.4166 4.14724 6
      vertex 37.4166 27.6528 6
    endloop
  endfacet
  facet normal 0 0 1
    outer loop
      vertex 37.2919 27.6081 6
      vertex 37.2919 4.19187 6
      vertex 37.4166 4.14724 6
    endloop
  endfacet
  facet normal -0 0 1
    outer loop
      vertex 37.1634 27.5759 6
      vertex 37.2919 4.19187 6
      vertex 37.2919 27.6081 6
    endloop
  endfacet
  facet normal 0 0 1
    outer loop
      vertex 37.1634 27.5759 6
      vertex 37.1634 4.22406 6
      vertex 37.2919 4.19187 6
    endloop
  endfacet
  facet normal -0 0 1
    outer loop
      vertex 37.0323 27.5565 6
      vertex 37.1634 4.22406 6
      vertex 37.1634 27.5759 6
    endloop
  endfacet
  facet normal 0 0 1
    outer loop
      vertex 37.0323 27.5565 6
      vertex 37.0323 4.2435 6
      vertex 37.1634 4.22406 6
    endloop
  endfacet
  facet normal -0 0 1
    outer loop
      vertex 36.9 27.55 6
      vertex 37.0323 4.2435 6
      vertex 37.0323 27.5565 6
    endloop
  endfacet
  facet normal 0 0 1
    outer loop
      vertex 36.9 27.55 6
      vertex 36.9 4.25 6
      vertex 37.0323 4.2435 6
    endloop
  endfacet
  facet normal 0 0 1
    outer loop
      vertex 36.7677 27.5565 6
      vertex 36.9 4.25 6
      vertex 36.9 27.55 6
    endloop
  endfacet
  facet normal 0 0 1
    outer loop
      vertex 36.7677 27.5565 6
      vertex 36.7677 4.2435 6
      vertex 36.9 4.25 6
    endloop
  endfacet
  facet normal 0 0 1
    outer loop
      vertex 23.9 15.9 6
      vertex 36.7677 27.5565 6
      vertex 36.6366 27.5759 6
    endloop
  endfacet
  facet normal 0 0 1
    outer loop
      vertex 36.7677 27.5565 6
      vertex 23.9 15.9 6
      vertex 36.7677 4.2435 6
    endloop
  endfacet
  facet normal 0 0 1
    outer loop
      vertex 23.8947 16.0078 6
      vertex 36.6366 27.5759 6
      vertex 36.5081 27.6081 6
    endloop
  endfacet
  facet normal 0 0 1
    outer loop
      vertex 36.7677 4.2435 6
      vertex 23.9 15.9 6
      vertex 36.6366 4.22406 6
    endloop
  endfacet
  facet normal 0 0 1
    outer loop
      vertex 23.8789 16.1146 6
      vertex 36.5081 27.6081 6
      vertex 36.3834 27.6528 6
    endloop
  endfacet
  facet normal -0 0 1
    outer loop
      vertex 23.8947 15.7922 6
      vertex 36.6366 4.22406 6
      vertex 23.9 15.9 6
    endloop
  endfacet
  facet normal 0 0 1
    outer loop
      vertex 23.8526 16.2193 6
      vertex 36.3834 27.6528 6
      vertex 36.2636 27.7094 6
    endloop
  endfacet
  facet normal 0 0 1
    outer loop
      vertex 36.6366 4.22406 6
      vertex 23.8947 15.7922 6
      vertex 36.5081 4.19187 6
    endloop
  endfacet
  facet normal 0 0 1
    outer loop
      vertex 23.7701 16.4185 6
      vertex 36.2636 27.7094 6
      vertex 36.15 27.7775 6
    endloop
  endfacet
  facet normal -0 0 1
    outer loop
      vertex 23.8789 15.6854 6
      vertex 36.5081 4.19187 6
      vertex 23.8947 15.7922 6
    endloop
  endfacet
  facet normal 0 0 1
    outer loop
      vertex 23.7146 16.5111 6
      vertex 36.15 27.7775 6
      vertex 36.0436 27.8564 6
    endloop
  endfacet
  facet normal 0 0 1
    outer loop
      vertex 36.5081 4.19187 6
      vertex 23.8789 15.6854 6
      vertex 36.3834 4.14724 6
    endloop
  endfacet
  facet normal 0 0 1
    outer loop
      vertex 23.6503 16.5978 6
      vertex 36.0436 27.8564 6
      vertex 35.9454 27.9454 6
    endloop
  endfacet
  facet normal -0 0 1
    outer loop
      vertex 23.8526 15.5807 6
      vertex 36.3834 4.14724 6
      vertex 23.8789 15.6854 6
    endloop
  endfacet
  facet normal 0 0 1
    outer loop
      vertex 23.5778 16.6778 6
      vertex 35.9454 27.9454 6
      vertex 35.8564 28.0436 6
    endloop
  endfacet
  facet normal 0 0 1
    outer loop
      vertex 36.3834 4.14724 6
      vertex 23.8526 15.5807 6
      vertex 36.2636 4.09059 6
    endloop
  endfacet
  facet normal 0 0 1
    outer loop
      vertex 23.4978 16.7503 6
      vertex 35.8564 28.0436 6
      vertex 35.7775 28.15 6
    endloop
  endfacet
  facet normal -0 0 1
    outer loop
      vertex 23.8163 15.479 6
      vertex 36.2636 4.09059 6
      vertex 23.8526 15.5807 6
    endloop
  endfacet
  facet normal 0 0 1
    outer loop
      vertex 23.4111 16.8146 6
      vertex 35.7775 28.15 6
      vertex 35.7094 28.2636 6
    endloop
  endfacet
  facet normal -0 0 1
    outer loop
      vertex 23.7701 15.3815 6
      vertex 36.2636 4.09059 6
      vertex 23.8163 15.479 6
    endloop
  endfacet
  facet normal 0 0 1
    outer loop
      vertex 23.3185 16.8701 6
      vertex 35.7094 28.2636 6
      vertex 35.6528 28.3834 6
    endloop
  endfacet
  facet normal 0 0 1
    outer loop
      vertex 36.2636 4.09059 6
      vertex 23.7701 15.3815 6
      vertex 36.15 4.02248 6
    endloop
  endfacet
  facet normal 0 0 1
    outer loop
      vertex 23.221 16.9163 6
      vertex 35.6528 28.3834 6
      vertex 35.6081 28.5081 6
    endloop
  endfacet
  facet normal -0 0 1
    outer loop
      vertex 23.7146 15.2889 6
      vertex 36.15 4.02248 6
      vertex 23.7701 15.3815 6
    endloop
  endfacet
  facet normal 0 0 1
    outer loop
      vertex 23.1193 16.9526 6
      vertex 35.6081 28.5081 6
      vertex 35.5759 28.6366 6
    endloop
  endfacet
  facet normal 0 0 1
    outer loop
      vertex 36.15 4.02248 6
      vertex 23.7146 15.2889 6
      vertex 36.0436 3.94356 6
    endloop
  endfacet
  facet normal 0 0 1
    outer loop
      vertex 23.0146 16.9789 6
      vertex 35.5759 28.6366 6
      vertex 35.5565 28.7677 6
    endloop
  endfacet
  facet normal -0 0 1
    outer loop
      vertex 23.6503 15.2022 6
      vertex 36.0436 3.94356 6
      vertex 23.7146 15.2889 6
    endloop
  endfacet
  facet normal 0 0 1
    outer loop
      vertex 22.9078 16.9947 6
      vertex 35.5565 28.7677 6
      vertex 35.55 28.9 6
    endloop
  endfacet
  facet normal 0 0 1
    outer loop
      vertex 36.0436 3.94356 6
      vertex 23.6503 15.2022 6
      vertex 35.9454 3.85459 6
    endloop
  endfacet
  facet normal 0 0 1
    outer loop
      vertex 37.8546 29.8546 6
      vertex 39.8 30.6 6
      vertex 39.7942 30.7176 6
    endloop
  endfacet
  facet normal 0 0 1
    outer loop
      vertex 38.2435 28.7677 6
      vertex 39.8 30.6 6
      vertex 38.25 28.9 6
    endloop
  endfacet
  facet normal 0 0 1
    outer loop
      vertex 37.8546 29.8546 6
      vertex 39.7942 30.7176 6
      vertex 39.7769 30.8341 6
    endloop
  endfacet
  facet normal 0 0 1
    outer loop
      vertex 38.2241 28.6366 6
      vertex 39.8 30.6 6
      vertex 38.2435 28.7677 6
    endloop
  endfacet
  facet normal 0 0 1
    outer loop
      vertex 37.8546 29.8546 6
      vertex 39.7769 30.8341 6
      vertex 39.7483 30.9483 6
    endloop
  endfacet
  facet normal -0 0 1
    outer loop
      vertex 38.2435 2.76768 6
      vertex 39.8 1.2 6
      vertex 38.25 2.9 6
    endloop
  endfacet
  facet normal 0 0 1
    outer loop
      vertex 37.8546 29.8546 6
      vertex 39.7483 30.9483 6
      vertex 39.7087 31.0592 6
    endloop
  endfacet
  facet normal -0 0 1
    outer loop
      vertex 38.2241 2.63663 6
      vertex 39.8 1.2 6
      vertex 38.2435 2.76768 6
    endloop
  endfacet
  facet normal 0 0 1
    outer loop
      vertex 37.8546 29.8546 6
      vertex 39.7087 31.0592 6
      vertex 39.6583 31.1657 6
    endloop
  endfacet
  facet normal -0 0 1
    outer loop
      vertex 38.1919 2.50812 6
      vertex 39.8 1.2 6
      vertex 38.2241 2.63663 6
    endloop
  endfacet
  facet normal 0 0 1
    outer loop
      vertex 37.8546 29.8546 6
      vertex 39.6583 31.1657 6
      vertex 39.5978 31.2667 6
    endloop
  endfacet
  facet normal -0 0 1
    outer loop
      vertex 38.1472 2.38338 6
      vertex 39.8 1.2 6
      vertex 38.1919 2.50812 6
    endloop
  endfacet
  facet normal 0 0 1
    outer loop
      vertex 37.8546 29.8546 6
      vertex 39.5978 31.2667 6
      vertex 39.5276 31.3613 6
    endloop
  endfacet
  facet normal -0 0 1
    outer loop
      vertex 38.0906 2.26362 6
      vertex 39.8 1.2 6
      vertex 38.1472 2.38338 6
    endloop
  endfacet
  facet normal 0 0 1
    outer loop
      vertex 37.8546 29.8546 6
      vertex 39.5276 31.3613 6
      vertex 39.4485 31.4485 6
    endloop
  endfacet
  facet normal -0 0 1
    outer loop
      vertex 38.0225 2.14998 6
      vertex 39.8 1.2 6
      vertex 38.0906 2.26362 6
    endloop
  endfacet
  facet normal 0 0 1
    outer loop
      vertex 37.8546 29.8546 6
      vertex 39.4485 31.4485 6
      vertex 39.3613 31.5276 6
    endloop
  endfacet
  facet normal -0 0 1
    outer loop
      vertex 37.9436 2.04357 6
      vertex 39.8 1.2 6
      vertex 38.0225 2.14998 6
    endloop
  endfacet
  facet normal 0 0 1
    outer loop
      vertex 37.8546 29.8546 6
      vertex 39.3613 31.5276 6
      vertex 39.2667 31.5978 6
    endloop
  endfacet
  facet normal -0 0 1
    outer loop
      vertex 37.8546 1.94541 6
      vertex 39.8 1.2 6
      vertex 37.9436 2.04357 6
    endloop
  endfacet
  facet normal 0 0 1
    outer loop
      vertex 37.8546 29.8546 6
      vertex 39.2667 31.5978 6
      vertex 39.1657 31.6583 6
    endloop
  endfacet
  facet normal 0 0 1
    outer loop
      vertex 39.8 1.2 6
      vertex 37.8546 1.94541 6
      vertex 39.7942 1.08238 6
    endloop
  endfacet
  facet normal 0 0 1
    outer loop
      vertex 37.8546 29.8546 6
      vertex 39.1657 31.6583 6
      vertex 39.0592 31.7087 6
    endloop
  endfacet
  facet normal 0 0 1
    outer loop
      vertex 39.7942 1.08238 6
      vertex 37.8546 1.94541 6
      vertex 39.7769 0.965891 6
    endloop
  endfacet
  facet normal 0 0 1
    outer loop
      vertex 37.8546 29.8546 6
      vertex 39.0592 31.7087 6
      vertex 38.9483 31.7483 6
    endloop
  endfacet
  facet normal 0 0 1
    outer loop
      vertex 39.7769 0.965891 6
      vertex 37.8546 1.94541 6
      vertex 39.7483 0.851658 6
    endloop
  endfacet
  facet normal 0 0 1
    outer loop
      vertex 37.8546 29.8546 6
      vertex 38.9483 31.7483 6
      vertex 38.8341 31.7769 6
    endloop
  endfacet
  facet normal 0 0 1
    outer loop
      vertex 39.7483 0.851658 6
      vertex 37.8546 1.94541 6
      vertex 39.7087 0.74078 6
    endloop
  endfacet
  facet normal 0 0 1
    outer loop
      vertex 37.8546 29.8546 6
      vertex 38.8341 31.7769 6
      vertex 38.7176 31.7942 6
    endloop
  endfacet
  facet normal 0 0 1
    outer loop
      vertex 39.7087 0.74078 6
      vertex 37.8546 1.94541 6
      vertex 39.6583 0.634323 6
    endloop
  endfacet
  facet normal 0 0 1
    outer loop
      vertex 37.8546 29.8546 6
      vertex 38.7176 31.7942 6
      vertex 38.6 31.8 6
    endloop
  endfacet
  facet normal 0 0 1
    outer loop
      vertex 39.6583 0.634323 6
      vertex 37.8546 1.94541 6
      vertex 39.5978 0.533316 6
    endloop
  endfacet
  facet normal 0 0 1
    outer loop
      vertex 39.5978 0.533316 6
      vertex 37.8546 1.94541 6
      vertex 39.5276 0.438727 6
    endloop
  endfacet
  facet normal 0 0 1
    outer loop
      vertex 39.8 30.6 6
      vertex 38.2435 29.0323 6
      vertex 38.25 28.9 6
    endloop
  endfacet
  facet normal 0 0 1
    outer loop
      vertex 39.8 30.6 6
      vertex 38.2241 29.1634 6
      vertex 38.2435 29.0323 6
    endloop
  endfacet
  facet normal 0 0 1
    outer loop
      vertex 39.8 30.6 6
      vertex 38.1919 29.2919 6
      vertex 38.2241 29.1634 6
    endloop
  endfacet
  facet normal 0 0 1
    outer loop
      vertex 39.8 30.6 6
      vertex 38.1472 29.4166 6
      vertex 38.1919 29.2919 6
    endloop
  endfacet
  facet normal 0 0 1
    outer loop
      vertex 39.8 30.6 6
      vertex 38.0906 29.5364 6
      vertex 38.1472 29.4166 6
    endloop
  endfacet
  facet normal 0 0 1
    outer loop
      vertex 39.8 30.6 6
      vertex 38.0225 29.65 6
      vertex 38.0906 29.5364 6
    endloop
  endfacet
  facet normal 0 0 1
    outer loop
      vertex 39.8 30.6 6
      vertex 37.9436 29.7564 6
      vertex 38.0225 29.65 6
    endloop
  endfacet
  facet normal 0 0 1
    outer loop
      vertex 39.8 30.6 6
      vertex 37.8546 29.8546 6
      vertex 37.9436 29.7564 6
    endloop
  endfacet
  facet normal 0 0 1
    outer loop
      vertex 38.6 31.8 6
      vertex 37.7564 29.9436 6
      vertex 37.8546 29.8546 6
    endloop
  endfacet
  facet normal 0 0 1
    outer loop
      vertex 38.6 31.8 6
      vertex 37.65 30.0225 6
      vertex 37.7564 29.9436 6
    endloop
  endfacet
  facet normal 0 0 1
    outer loop
      vertex 38.6 31.8 6
      vertex 37.5364 30.0906 6
      vertex 37.65 30.0225 6
    endloop
  endfacet
  facet normal 0 0 1
    outer loop
      vertex 38.6 31.8 6
      vertex 37.4166 30.1472 6
      vertex 37.5364 30.0906 6
    endloop
  endfacet
  facet normal 0 0 1
    outer loop
      vertex 38.6 31.8 6
      vertex 37.2919 30.1919 6
      vertex 37.4166 30.1472 6
    endloop
  endfacet
  facet normal 0 0 1
    outer loop
      vertex 38.6 31.8 6
      vertex 37.1634 30.2241 6
      vertex 37.2919 30.1919 6
    endloop
  endfacet
  facet normal 0 0 1
    outer loop
      vertex 38.6 31.8 6
      vertex 37.0323 30.2435 6
      vertex 37.1634 30.2241 6
    endloop
  endfacet
  facet normal 0 0 1
    outer loop
      vertex 38.6 31.8 6
      vertex 36.9 30.25 6
      vertex 37.0323 30.2435 6
    endloop
  endfacet
  facet normal 0 0 1
    outer loop
      vertex 38.6 31.8 6
      vertex 36.7677 30.2435 6
      vertex 36.9 30.25 6
    endloop
  endfacet
  facet normal 0 0 1
    outer loop
      vertex 38.6 31.8 6
      vertex 36.6366 30.2241 6
      vertex 36.7677 30.2435 6
    endloop
  endfacet
  facet normal 0 0 1
    outer loop
      vertex 38.6 31.8 6
      vertex 36.5081 30.1919 6
      vertex 36.6366 30.2241 6
    endloop
  endfacet
  facet normal 0 0 1
    outer loop
      vertex 38.6 31.8 6
      vertex 36.3834 30.1472 6
      vertex 36.5081 30.1919 6
    endloop
  endfacet
  facet normal 0 0 1
    outer loop
      vertex 38.6 31.8 6
      vertex 36.2636 30.0906 6
      vertex 36.3834 30.1472 6
    endloop
  endfacet
  facet normal 0 0 1
    outer loop
      vertex 38.6 31.8 6
      vertex 36.15 30.0225 6
      vertex 36.2636 30.0906 6
    endloop
  endfacet
  facet normal -0 0 1
    outer loop
      vertex 23.5778 15.1222 6
      vertex 35.9454 3.85459 6
      vertex 23.6503 15.2022 6
    endloop
  endfacet
  facet normal 0 0 1
    outer loop
      vertex 22.8 17 6
      vertex 35.55 28.9 6
      vertex 35.5565 29.0323 6
    endloop
  endfacet
  facet normal 0 0 1
    outer loop
      vertex 22.8 17 6
      vertex 35.5565 29.0323 6
      vertex 35.5759 29.1634 6
    endloop
  endfacet
  facet normal 0 0 1
    outer loop
      vertex 4.22406 29.1634 6
      vertex 35.5759 29.1634 6
      vertex 35.6081 29.2919 6
    endloop
  endfacet
  facet normal 0 0 1
    outer loop
      vertex 4.19187 29.2919 6
      vertex 35.6081 29.2919 6
      vertex 35.6528 29.4166 6
    endloop
  endfacet
  facet normal 0 0 1
    outer loop
      vertex 4.14724 29.4166 6
      vertex 35.6528 29.4166 6
      vertex 35.7094 29.5364 6
    endloop
  endfacet
  facet normal 0 0 1
    outer loop
      vertex 4.09059 29.5364 6
      vertex 35.7094 29.5364 6
      vertex 35.7775 29.65 6
    endloop
  endfacet
  facet normal 0 0 1
    outer loop
      vertex 4.02248 29.65 6
      vertex 35.7775 29.65 6
      vertex 35.8564 29.7564 6
    endloop
  endfacet
  facet normal 0 0 1
    outer loop
      vertex 36.6366 27.5759 6
      vertex 23.8947 16.0078 6
      vertex 23.9 15.9 6
    endloop
  endfacet
  facet normal 0 0 1
    outer loop
      vertex 36.5081 27.6081 6
      vertex 23.8789 16.1146 6
      vertex 23.8947 16.0078 6
    endloop
  endfacet
  facet normal 0 0 1
    outer loop
      vertex 36.3834 27.6528 6
      vertex 23.8526 16.2193 6
      vertex 23.8789 16.1146 6
    endloop
  endfacet
  facet normal 0 0 1
    outer loop
      vertex 36.2636 27.7094 6
      vertex 23.8163 16.321 6
      vertex 23.8526 16.2193 6
    endloop
  endfacet
  facet normal 0 0 1
    outer loop
      vertex 36.2636 27.7094 6
      vertex 23.7701 16.4185 6
      vertex 23.8163 16.321 6
    endloop
  endfacet
  facet normal 0 0 1
    outer loop
      vertex 36.15 27.7775 6
      vertex 23.7146 16.5111 6
      vertex 23.7701 16.4185 6
    endloop
  endfacet
  facet normal 0 0 1
    outer loop
      vertex 3.94356 29.7564 6
      vertex 35.8564 29.7564 6
      vertex 35.9454 29.8546 6
    endloop
  endfacet
  facet normal 0 0 1
    outer loop
      vertex 36.0436 27.8564 6
      vertex 23.6503 16.5978 6
      vertex 23.7146 16.5111 6
    endloop
  endfacet
  facet normal 0 0 1
    outer loop
      vertex 35.9454 27.9454 6
      vertex 23.5778 16.6778 6
      vertex 23.6503 16.5978 6
    endloop
  endfacet
  facet normal 0 0 1
    outer loop
      vertex 35.8564 28.0436 6
      vertex 23.4978 16.7503 6
      vertex 23.5778 16.6778 6
    endloop
  endfacet
  facet normal 0 0 1
    outer loop
      vertex 35.7775 28.15 6
      vertex 23.4111 16.8146 6
      vertex 23.4978 16.7503 6
    endloop
  endfacet
  facet normal 0 0 1
    outer loop
      vertex 35.7094 28.2636 6
      vertex 23.3185 16.8701 6
      vertex 23.4111 16.8146 6
    endloop
  endfacet
  facet normal 0 0 1
    outer loop
      vertex 35.6528 28.3834 6
      vertex 23.221 16.9163 6
      vertex 23.3185 16.8701 6
    endloop
  endfacet
  facet normal 0 0 1
    outer loop
      vertex 35.6081 28.5081 6
      vertex 23.1193 16.9526 6
      vertex 23.221 16.9163 6
    endloop
  endfacet
  facet normal 0 0 1
    outer loop
      vertex 35.5759 28.6366 6
      vertex 23.0146 16.9789 6
      vertex 23.1193 16.9526 6
    endloop
  endfacet
  facet normal 0 0 1
    outer loop
      vertex 35.5565 28.7677 6
      vertex 22.9078 16.9947 6
      vertex 23.0146 16.9789 6
    endloop
  endfacet
  facet normal 0 0 1
    outer loop
      vertex 35.55 28.9 6
      vertex 22.8 17 6
      vertex 22.9078 16.9947 6
    endloop
  endfacet
  facet normal 0 0 1
    outer loop
      vertex 35.5759 29.1634 6
      vertex 17 17 6
      vertex 22.8 17 6
    endloop
  endfacet
  facet normal 0 0 1
    outer loop
      vertex 3.85459 29.8546 6
      vertex 35.9454 29.8546 6
      vertex 36.0436 29.9436 6
    endloop
  endfacet
  facet normal 0 0 1
    outer loop
      vertex 3.75643 29.9436 6
      vertex 36.0436 29.9436 6
      vertex 36.15 30.0225 6
    endloop
  endfacet
  facet normal 0 0 1
    outer loop
      vertex 3.65002 30.0225 6
      vertex 36.15 30.0225 6
      vertex 38.6 31.8 6
    endloop
  endfacet
  facet normal 0 0 1
    outer loop
      vertex 35.6081 29.2919 6
      vertex 4.19187 29.2919 6
      vertex 4.22406 29.1634 6
    endloop
  endfacet
  facet normal 0 0 1
    outer loop
      vertex 35.5759 29.1634 6
      vertex 4.22406 29.1634 6
      vertex 17 17 6
    endloop
  endfacet
  facet normal -0 -0 1
    outer loop
      vertex 4.2435 29.0323 6
      vertex 17 17 6
      vertex 4.22406 29.1634 6
    endloop
  endfacet
  facet normal -0 -0 1
    outer loop
      vertex 4.25 28.9 6
      vertex 17 17 6
      vertex 4.2435 29.0323 6
    endloop
  endfacet
  facet normal 0 0 1
    outer loop
      vertex 17 17 6
      vertex 4.25 28.9 6
      vertex 16.8922 16.9947 6
    endloop
  endfacet
  facet normal -0 0 1
    outer loop
      vertex 4.2435 28.7677 6
      vertex 16.8922 16.9947 6
      vertex 4.25 28.9 6
    endloop
  endfacet
  facet normal -0 0 1
    outer loop
      vertex 3.85459 27.9454 6
      vertex 16.2222 16.6778 6
      vertex 3.94356 28.0436 6
    endloop
  endfacet
  facet normal 0 0 1
    outer loop
      vertex 16.3022 16.7503 6
      vertex 3.94356 28.0436 6
      vertex 16.2222 16.6778 6
    endloop
  endfacet
  facet normal -0 0 1
    outer loop
      vertex 3.94356 28.0436 6
      vertex 16.3022 16.7503 6
      vertex 4.02248 28.15 6
    endloop
  endfacet
  facet normal 0 0 1
    outer loop
      vertex 16.3889 16.8146 6
      vertex 4.02248 28.15 6
      vertex 16.3022 16.7503 6
    endloop
  endfacet
  facet normal -0 0 1
    outer loop
      vertex 4.02248 28.15 6
      vertex 16.3889 16.8146 6
      vertex 4.09059 28.2636 6
    endloop
  endfacet
  facet normal 0 0 1
    outer loop
      vertex 16.4815 16.8701 6
      vertex 4.09059 28.2636 6
      vertex 16.3889 16.8146 6
    endloop
  endfacet
  facet normal -0 0 1
    outer loop
      vertex 4.09059 28.2636 6
      vertex 16.4815 16.8701 6
      vertex 4.14724 28.3834 6
    endloop
  endfacet
  facet normal 0 0 1
    outer loop
      vertex 16.579 16.9163 6
      vertex 4.14724 28.3834 6
      vertex 16.4815 16.8701 6
    endloop
  endfacet
  facet normal -0 0 1
    outer loop
      vertex 4.14724 28.3834 6
      vertex 16.579 16.9163 6
      vertex 4.19187 28.5081 6
    endloop
  endfacet
  facet normal 0 0 1
    outer loop
      vertex 16.6807 16.9526 6
      vertex 4.19187 28.5081 6
      vertex 16.579 16.9163 6
    endloop
  endfacet
  facet normal 0 0 1
    outer loop
      vertex 16.8922 16.9947 6
      vertex 4.2435 28.7677 6
      vertex 16.7854 16.9789 6
    endloop
  endfacet
  facet normal -0 0 1
    outer loop
      vertex 4.19187 28.5081 6
      vertex 16.6807 16.9526 6
      vertex 4.22406 28.6366 6
    endloop
  endfacet
  facet normal 0 0 1
    outer loop
      vertex 16.7854 16.9789 6
      vertex 4.22406 28.6366 6
      vertex 16.6807 16.9526 6
    endloop
  endfacet
  facet normal -0 0 1
    outer loop
      vertex 4.22406 28.6366 6
      vertex 16.7854 16.9789 6
      vertex 4.2435 28.7677 6
    endloop
  endfacet
  facet normal 0 0 1
    outer loop
      vertex 35.6528 29.4166 6
      vertex 4.14724 29.4166 6
      vertex 4.19187 29.2919 6
    endloop
  endfacet
  facet normal 0 0 1
    outer loop
      vertex 35.7094 29.5364 6
      vertex 4.09059 29.5364 6
      vertex 4.14724 29.4166 6
    endloop
  endfacet
  facet normal 0 0 1
    outer loop
      vertex 35.7775 29.65 6
      vertex 4.02248 29.65 6
      vertex 4.09059 29.5364 6
    endloop
  endfacet
  facet normal 0 0 1
    outer loop
      vertex 35.8564 29.7564 6
      vertex 3.94356 29.7564 6
      vertex 4.02248 29.65 6
    endloop
  endfacet
  facet normal 0 0 1
    outer loop
      vertex 35.9454 29.8546 6
      vertex 3.85459 29.8546 6
      vertex 3.94356 29.7564 6
    endloop
  endfacet
  facet normal 0 0 1
    outer loop
      vertex 36.0436 29.9436 6
      vertex 3.75643 29.9436 6
      vertex 3.85459 29.8546 6
    endloop
  endfacet
  facet normal 0 0 1
    outer loop
      vertex 36.15 30.0225 6
      vertex 3.65002 30.0225 6
      vertex 3.75643 29.9436 6
    endloop
  endfacet
  facet normal -0 0 1
    outer loop
      vertex 1.2 31.8 6
      vertex 3.65002 30.0225 6
      vertex 38.6 31.8 6
    endloop
  endfacet
  facet normal 0 0 1
    outer loop
      vertex 3.65002 30.0225 6
      vertex 1.2 31.8 6
      vertex 3.53639 30.0906 6
    endloop
  endfacet
  facet normal 0 0 1
    outer loop
      vertex 3.53639 30.0906 6
      vertex 1.2 31.8 6
      vertex 3.41662 30.1472 6
    endloop
  endfacet
  facet normal 0 0 1
    outer loop
      vertex 3.41662 30.1472 6
      vertex 1.2 31.8 6
      vertex 3.29188 30.1919 6
    endloop
  endfacet
  facet normal 0 0 1
    outer loop
      vertex 3.29188 30.1919 6
      vertex 1.2 31.8 6
      vertex 3.16337 30.2241 6
    endloop
  endfacet
  facet normal 0 0 1
    outer loop
      vertex 3.16337 30.2241 6
      vertex 1.2 31.8 6
      vertex 3.03232 30.2435 6
    endloop
  endfacet
  facet normal 0 0 1
    outer loop
      vertex 1.5565 29.0323 6
      vertex 0 30.6 6
      vertex 1.55 28.9 6
    endloop
  endfacet
  facet normal 0 0 1
    outer loop
      vertex 1.57594 29.1634 6
      vertex 0 30.6 6
      vertex 1.5565 29.0323 6
    endloop
  endfacet
  facet normal 0 0 1
    outer loop
      vertex 1.60813 29.2919 6
      vertex 0 30.6 6
      vertex 1.57594 29.1634 6
    endloop
  endfacet
  facet normal 0 0 1
    outer loop
      vertex 1.65276 29.4166 6
      vertex 0 30.6 6
      vertex 1.60813 29.2919 6
    endloop
  endfacet
  facet normal 0 0 1
    outer loop
      vertex 1.70941 29.5364 6
      vertex 0 30.6 6
      vertex 1.65276 29.4166 6
    endloop
  endfacet
  facet normal 0 0 1
    outer loop
      vertex 1.77752 29.65 6
      vertex 0 30.6 6
      vertex 1.70941 29.5364 6
    endloop
  endfacet
  facet normal 0 0 1
    outer loop
      vertex 1.85644 29.7564 6
      vertex 0 30.6 6
      vertex 1.77752 29.65 6
    endloop
  endfacet
  facet normal 0 0 1
    outer loop
      vertex 1.94541 29.8546 6
      vertex 0 30.6 6
      vertex 1.85644 29.7564 6
    endloop
  endfacet
  facet normal -0 0 1
    outer loop
      vertex 0 30.6 6
      vertex 1.94541 29.8546 6
      vertex 1.2 31.8 6
    endloop
  endfacet
  facet normal 0 0 1
    outer loop
      vertex 2.04357 29.9436 6
      vertex 1.2 31.8 6
      vertex 1.94541 29.8546 6
    endloop
  endfacet
  facet normal 0 0 1
    outer loop
      vertex 2.14998 30.0225 6
      vertex 1.2 31.8 6
      vertex 2.04357 29.9436 6
    endloop
  endfacet
  facet normal 0 0 1
    outer loop
      vertex 2.26362 30.0906 6
      vertex 1.2 31.8 6
      vertex 2.14998 30.0225 6
    endloop
  endfacet
  facet normal 0 0 1
    outer loop
      vertex 2.38338 30.1472 6
      vertex 1.2 31.8 6
      vertex 2.26362 30.0906 6
    endloop
  endfacet
  facet normal 0 0 1
    outer loop
      vertex 2.50812 30.1919 6
      vertex 1.2 31.8 6
      vertex 2.38338 30.1472 6
    endloop
  endfacet
  facet normal 0 0 1
    outer loop
      vertex 2.63663 30.2241 6
      vertex 1.2 31.8 6
      vertex 2.50812 30.1919 6
    endloop
  endfacet
  facet normal 0 0 1
    outer loop
      vertex 2.76768 30.2435 6
      vertex 1.2 31.8 6
      vertex 2.63663 30.2241 6
    endloop
  endfacet
  facet normal 0 0 1
    outer loop
      vertex 2.9 30.25 6
      vertex 1.2 31.8 6
      vertex 2.76768 30.2435 6
    endloop
  endfacet
  facet normal 0 0 1
    outer loop
      vertex 3.03232 30.2435 6
      vertex 1.2 31.8 6
      vertex 2.9 30.25 6
    endloop
  endfacet
  facet normal 0 0 1
    outer loop
      vertex 39.5276 0.438727 6
      vertex 37.8546 1.94541 6
      vertex 39.4485 0.351471 6
    endloop
  endfacet
  facet normal 0 0 1
    outer loop
      vertex 39.4485 0.351471 6
      vertex 37.8546 1.94541 6
      vertex 39.3613 0.272387 6
    endloop
  endfacet
  facet normal 0 0 1
    outer loop
      vertex 39.3613 0.272387 6
      vertex 37.8546 1.94541 6
      vertex 39.2667 0.202236 6
    endloop
  endfacet
  facet normal 0 0 1
    outer loop
      vertex 39.2667 0.202236 6
      vertex 37.8546 1.94541 6
      vertex 39.1657 0.141694 6
    endloop
  endfacet
  facet normal 0 0 1
    outer loop
      vertex 39.1657 0.141694 6
      vertex 37.8546 1.94541 6
      vertex 39.0592 0.0913439 6
    endloop
  endfacet
  facet normal 0 0 1
    outer loop
      vertex 39.0592 0.0913439 6
      vertex 37.8546 1.94541 6
      vertex 38.9483 0.051671 6
    endloop
  endfacet
  facet normal 0 0 1
    outer loop
      vertex 38.9483 0.051671 6
      vertex 37.8546 1.94541 6
      vertex 38.8341 0.023057 6
    endloop
  endfacet
  facet normal 0 0 1
    outer loop
      vertex 38.8341 0.023057 6
      vertex 37.8546 1.94541 6
      vertex 38.7176 0.00577831 6
    endloop
  endfacet
  facet normal 0 0 1
    outer loop
      vertex 38.7176 0.00577831 6
      vertex 37.8546 1.94541 6
      vertex 38.6 0 6
    endloop
  endfacet
  facet normal -0 0 1
    outer loop
      vertex 37.7564 1.85644 6
      vertex 38.6 0 6
      vertex 37.8546 1.94541 6
    endloop
  endfacet
  facet normal -0 0 1
    outer loop
      vertex 37.65 1.77752 6
      vertex 38.6 0 6
      vertex 37.7564 1.85644 6
    endloop
  endfacet
  facet normal -0 0 1
    outer loop
      vertex 37.5364 1.70941 6
      vertex 38.6 0 6
      vertex 37.65 1.77752 6
    endloop
  endfacet
  facet normal -0 0 1
    outer loop
      vertex 37.4166 1.65276 6
      vertex 38.6 0 6
      vertex 37.5364 1.70941 6
    endloop
  endfacet
  facet normal -0 0 1
    outer loop
      vertex 37.2919 1.60813 6
      vertex 38.6 0 6
      vertex 37.4166 1.65276 6
    endloop
  endfacet
  facet normal -0 0 1
    outer loop
      vertex 37.1634 1.57594 6
      vertex 38.6 0 6
      vertex 37.2919 1.60813 6
    endloop
  endfacet
  facet normal -0 0 1
    outer loop
      vertex 37.0323 1.5565 6
      vertex 38.6 0 6
      vertex 37.1634 1.57594 6
    endloop
  endfacet
  facet normal -0 0 1
    outer loop
      vertex 36.9 1.55 6
      vertex 38.6 0 6
      vertex 37.0323 1.5565 6
    endloop
  endfacet
  facet normal 0 0 1
    outer loop
      vertex 36.7677 1.5565 6
      vertex 38.6 0 6
      vertex 36.9 1.55 6
    endloop
  endfacet
  facet normal 0 0 1
    outer loop
      vertex 36.6366 1.57594 6
      vertex 38.6 0 6
      vertex 36.7677 1.5565 6
    endloop
  endfacet
  facet normal 0 0 1
    outer loop
      vertex 36.5081 1.60813 6
      vertex 38.6 0 6
      vertex 36.6366 1.57594 6
    endloop
  endfacet
  facet normal 0 0 1
    outer loop
      vertex 36.3834 1.65276 6
      vertex 38.6 0 6
      vertex 36.5081 1.60813 6
    endloop
  endfacet
  facet normal 0 0 1
    outer loop
      vertex 36.2636 1.70941 6
      vertex 38.6 0 6
      vertex 36.3834 1.65276 6
    endloop
  endfacet
  facet normal 0 0 1
    outer loop
      vertex 36.15 1.77752 6
      vertex 38.6 0 6
      vertex 36.2636 1.70941 6
    endloop
  endfacet
  facet normal 0 0 1
    outer loop
      vertex 35.9454 3.85459 6
      vertex 23.5778 15.1222 6
      vertex 35.8564 3.75643 6
    endloop
  endfacet
  facet normal -0 0 1
    outer loop
      vertex 23.4978 15.0497 6
      vertex 35.8564 3.75643 6
      vertex 23.5778 15.1222 6
    endloop
  endfacet
  facet normal 0 0 1
    outer loop
      vertex 35.8564 3.75643 6
      vertex 23.4978 15.0497 6
      vertex 35.7775 3.65002 6
    endloop
  endfacet
  facet normal -0 0 1
    outer loop
      vertex 23.4111 14.9854 6
      vertex 35.7775 3.65002 6
      vertex 23.4978 15.0497 6
    endloop
  endfacet
  facet normal 0 0 1
    outer loop
      vertex 35.7775 3.65002 6
      vertex 23.4111 14.9854 6
      vertex 35.7094 3.53639 6
    endloop
  endfacet
  facet normal -0 0 1
    outer loop
      vertex 23.3185 14.9299 6
      vertex 35.7094 3.53639 6
      vertex 23.4111 14.9854 6
    endloop
  endfacet
  facet normal 0 0 1
    outer loop
      vertex 35.7094 3.53639 6
      vertex 23.3185 14.9299 6
      vertex 35.6528 3.41662 6
    endloop
  endfacet
  facet normal -0 0 1
    outer loop
      vertex 23.221 14.8837 6
      vertex 35.6528 3.41662 6
      vertex 23.3185 14.9299 6
    endloop
  endfacet
  facet normal 0 0 1
    outer loop
      vertex 35.6528 3.41662 6
      vertex 23.221 14.8837 6
      vertex 35.6081 3.29188 6
    endloop
  endfacet
  facet normal -0 0 1
    outer loop
      vertex 23.1193 14.8474 6
      vertex 35.6081 3.29188 6
      vertex 23.221 14.8837 6
    endloop
  endfacet
  facet normal 0 0 1
    outer loop
      vertex 35.6081 3.29188 6
      vertex 23.1193 14.8474 6
      vertex 35.5759 3.16337 6
    endloop
  endfacet
  facet normal -0 0 1
    outer loop
      vertex 23.0146 14.8211 6
      vertex 35.5759 3.16337 6
      vertex 23.1193 14.8474 6
    endloop
  endfacet
  facet normal 0 0 1
    outer loop
      vertex 35.5759 3.16337 6
      vertex 23.0146 14.8211 6
      vertex 35.5565 3.03232 6
    endloop
  endfacet
  facet normal -0 0 1
    outer loop
      vertex 22.9078 14.8053 6
      vertex 35.5565 3.03232 6
      vertex 23.0146 14.8211 6
    endloop
  endfacet
  facet normal 0 0 1
    outer loop
      vertex 35.5565 3.03232 6
      vertex 22.9078 14.8053 6
      vertex 35.55 2.9 6
    endloop
  endfacet
  facet normal -0 0 1
    outer loop
      vertex 22.8 14.8 6
      vertex 35.55 2.9 6
      vertex 22.9078 14.8053 6
    endloop
  endfacet
  facet normal 0 0 1
    outer loop
      vertex 35.55 2.9 6
      vertex 22.8 14.8 6
      vertex 35.5565 2.76768 6
    endloop
  endfacet
  facet normal 0 0 1
    outer loop
      vertex 35.5565 2.76768 6
      vertex 22.8 14.8 6
      vertex 35.5759 2.63663 6
    endloop
  endfacet
  facet normal -0 0 1
    outer loop
      vertex 17 14.8 6
      vertex 35.5759 2.63663 6
      vertex 22.8 14.8 6
    endloop
  endfacet
  facet normal 0 0 1
    outer loop
      vertex 4.22406 2.63663 6
      vertex 35.5759 2.63663 6
      vertex 17 14.8 6
    endloop
  endfacet
  facet normal 0 0 1
    outer loop
      vertex 35.5759 2.63663 6
      vertex 4.22406 2.63663 6
      vertex 35.6081 2.50812 6
    endloop
  endfacet
  facet normal 0 0 1
    outer loop
      vertex 4.19187 2.50812 6
      vertex 35.6081 2.50812 6
      vertex 4.22406 2.63663 6
    endloop
  endfacet
  facet normal 0 0 1
    outer loop
      vertex 35.6081 2.50812 6
      vertex 4.19187 2.50812 6
      vertex 35.6528 2.38338 6
    endloop
  endfacet
  facet normal 0 0 1
    outer loop
      vertex 4.14724 2.38338 6
      vertex 35.6528 2.38338 6
      vertex 4.19187 2.50812 6
    endloop
  endfacet
  facet normal 0 0 1
    outer loop
      vertex 35.6528 2.38338 6
      vertex 4.14724 2.38338 6
      vertex 35.7094 2.26362 6
    endloop
  endfacet
  facet normal 0 0 1
    outer loop
      vertex 4.09059 2.26362 6
      vertex 35.7094 2.26362 6
      vertex 4.14724 2.38338 6
    endloop
  endfacet
  facet normal 0 0 1
    outer loop
      vertex 35.7094 2.26362 6
      vertex 4.09059 2.26362 6
      vertex 35.7775 2.14998 6
    endloop
  endfacet
  facet normal 0 0 1
    outer loop
      vertex 35.7775 2.14998 6
      vertex 4.02248 2.14998 6
      vertex 35.8564 2.04357 6
    endloop
  endfacet
  facet normal 0 0 1
    outer loop
      vertex 4.25 2.9 6
      vertex 17 14.8 6
      vertex 16.8922 14.8053 6
    endloop
  endfacet
  facet normal 0 0 1
    outer loop
      vertex 4.25 2.9 6
      vertex 16.8922 14.8053 6
      vertex 16.7854 14.8211 6
    endloop
  endfacet
  facet normal 0 0 1
    outer loop
      vertex 4.25 2.9 6
      vertex 16.7854 14.8211 6
      vertex 16.6807 14.8474 6
    endloop
  endfacet
  facet normal 0 0 1
    outer loop
      vertex 4.25 2.9 6
      vertex 16.6807 14.8474 6
      vertex 16.579 14.8837 6
    endloop
  endfacet
  facet normal 0 0 1
    outer loop
      vertex 4.25 2.9 6
      vertex 16.579 14.8837 6
      vertex 16.4815 14.9299 6
    endloop
  endfacet
  facet normal 0 0 1
    outer loop
      vertex 4.25 2.9 6
      vertex 16.4815 14.9299 6
      vertex 16.3889 14.9854 6
    endloop
  endfacet
  facet normal 0 0 1
    outer loop
      vertex 16.2222 16.6778 6
      vertex 3.85459 27.9454 6
      vertex 16.1497 16.5978 6
    endloop
  endfacet
  facet normal 0 0 1
    outer loop
      vertex 15.9 15.9 6
      vertex 4.25 2.9 6
      vertex 15.9053 15.7922 6
    endloop
  endfacet
  facet normal 0 0 1
    outer loop
      vertex 15.9053 15.7922 6
      vertex 4.25 2.9 6
      vertex 15.9211 15.6854 6
    endloop
  endfacet
  facet normal 0 0 1
    outer loop
      vertex 15.9211 15.6854 6
      vertex 4.25 2.9 6
      vertex 15.9474 15.5807 6
    endloop
  endfacet
  facet normal 0 0 1
    outer loop
      vertex 15.9474 15.5807 6
      vertex 4.25 2.9 6
      vertex 15.9837 15.479 6
    endloop
  endfacet
  facet normal 0 0 1
    outer loop
      vertex 15.9837 15.479 6
      vertex 4.25 2.9 6
      vertex 16.0299 15.3815 6
    endloop
  endfacet
  facet normal 0 0 1
    outer loop
      vertex 16.0299 15.3815 6
      vertex 4.25 2.9 6
      vertex 16.0854 15.2889 6
    endloop
  endfacet
  facet normal 0 0 1
    outer loop
      vertex 16.0854 15.2889 6
      vertex 4.25 2.9 6
      vertex 16.1497 15.2022 6
    endloop
  endfacet
  facet normal 0 0 1
    outer loop
      vertex 4.25 2.9 6
      vertex 16.2222 15.1222 6
      vertex 16.1497 15.2022 6
    endloop
  endfacet
  facet normal 0 0 1
    outer loop
      vertex 4.25 2.9 6
      vertex 16.3022 15.0497 6
      vertex 16.2222 15.1222 6
    endloop
  endfacet
  facet normal 0 0 1
    outer loop
      vertex 4.25 2.9 6
      vertex 16.3889 14.9854 6
      vertex 16.3022 15.0497 6
    endloop
  endfacet
  facet normal 0 0 1
    outer loop
      vertex 17 14.8 6
      vertex 4.25 2.9 6
      vertex 4.2435 2.76768 6
    endloop
  endfacet
  facet normal 0 0 1
    outer loop
      vertex 17 14.8 6
      vertex 4.2435 2.76768 6
      vertex 4.22406 2.63663 6
    endloop
  endfacet
  facet normal 0 0 1
    outer loop
      vertex 4.02248 2.14998 6
      vertex 35.7775 2.14998 6
      vertex 4.09059 2.26362 6
    endloop
  endfacet
  facet normal 0 0 1
    outer loop
      vertex 3.94356 2.04357 6
      vertex 35.8564 2.04357 6
      vertex 4.02248 2.14998 6
    endloop
  endfacet
  facet normal 0 0 1
    outer loop
      vertex 35.8564 2.04357 6
      vertex 3.94356 2.04357 6
      vertex 35.9454 1.94541 6
    endloop
  endfacet
  facet normal 0 0 1
    outer loop
      vertex 3.85459 1.94541 6
      vertex 35.9454 1.94541 6
      vertex 3.94356 2.04357 6
    endloop
  endfacet
  facet normal 0 0 1
    outer loop
      vertex 35.9454 1.94541 6
      vertex 3.85459 1.94541 6
      vertex 36.0436 1.85644 6
    endloop
  endfacet
  facet normal 0 0 1
    outer loop
      vertex 3.75643 1.85644 6
      vertex 36.0436 1.85644 6
      vertex 3.85459 1.94541 6
    endloop
  endfacet
  facet normal 0 0 1
    outer loop
      vertex 36.0436 1.85644 6
      vertex 3.75643 1.85644 6
      vertex 36.15 1.77752 6
    endloop
  endfacet
  facet normal 0 0 1
    outer loop
      vertex 3.65002 1.77752 6
      vertex 36.15 1.77752 6
      vertex 3.75643 1.85644 6
    endloop
  endfacet
  facet normal 0 0 1
    outer loop
      vertex 36.15 1.77752 6
      vertex 3.65002 1.77752 6
      vertex 38.6 0 6
    endloop
  endfacet
  facet normal 0 0 1
    outer loop
      vertex 1.2 0 6
      vertex 3.65002 1.77752 6
      vertex 3.53639 1.70941 6
    endloop
  endfacet
  facet normal 0 0 1
    outer loop
      vertex 1.2 0 6
      vertex 3.53639 1.70941 6
      vertex 3.41662 1.65276 6
    endloop
  endfacet
  facet normal 0 0 1
    outer loop
      vertex 1.2 0 6
      vertex 3.41662 1.65276 6
      vertex 3.29188 1.60813 6
    endloop
  endfacet
  facet normal 0 0 1
    outer loop
      vertex 1.2 0 6
      vertex 3.29188 1.60813 6
      vertex 3.16337 1.57594 6
    endloop
  endfacet
  facet normal 0 0 1
    outer loop
      vertex 1.2 0 6
      vertex 3.16337 1.57594 6
      vertex 3.03232 1.5565 6
    endloop
  endfacet
  facet normal 0 0 1
    outer loop
      vertex 1.2 0 6
      vertex 3.03232 1.5565 6
      vertex 2.9 1.55 6
    endloop
  endfacet
  facet normal 0 0 1
    outer loop
      vertex 3.65002 1.77752 6
      vertex 1.2 0 6
      vertex 38.6 0 6
    endloop
  endfacet
  facet normal 0 0 1
    outer loop
      vertex 2.76768 1.5565 6
      vertex 1.2 0 6
      vertex 2.9 1.55 6
    endloop
  endfacet
  facet normal 0 0 1
    outer loop
      vertex 2.63663 1.57594 6
      vertex 1.2 0 6
      vertex 2.76768 1.5565 6
    endloop
  endfacet
  facet normal 0 0 1
    outer loop
      vertex 2.50812 1.60813 6
      vertex 1.2 0 6
      vertex 2.63663 1.57594 6
    endloop
  endfacet
  facet normal 0 0 1
    outer loop
      vertex 2.38338 1.65276 6
      vertex 1.2 0 6
      vertex 2.50812 1.60813 6
    endloop
  endfacet
  facet normal 0 0 1
    outer loop
      vertex 2.26362 1.70941 6
      vertex 1.2 0 6
      vertex 2.38338 1.65276 6
    endloop
  endfacet
  facet normal 0 0 1
    outer loop
      vertex 2.14998 1.77752 6
      vertex 1.2 0 6
      vertex 2.26362 1.70941 6
    endloop
  endfacet
  facet normal 0 0 1
    outer loop
      vertex 2.04357 1.85644 6
      vertex 1.2 0 6
      vertex 2.14998 1.77752 6
    endloop
  endfacet
  facet normal 0 0 1
    outer loop
      vertex 1.94541 1.94541 6
      vertex 1.2 0 6
      vertex 2.04357 1.85644 6
    endloop
  endfacet
  facet normal 0 0 1
    outer loop
      vertex 0 1.2 6
      vertex 1.94541 1.94541 6
      vertex 1.85644 2.04357 6
    endloop
  endfacet
  facet normal 0 0 1
    outer loop
      vertex 0 1.2 6
      vertex 1.85644 2.04357 6
      vertex 1.77752 2.14998 6
    endloop
  endfacet
  facet normal 0 0 1
    outer loop
      vertex 0 1.2 6
      vertex 1.77752 2.14998 6
      vertex 1.70941 2.26362 6
    endloop
  endfacet
  facet normal 0 0 1
    outer loop
      vertex 0 1.2 6
      vertex 1.70941 2.26362 6
      vertex 1.65276 2.38338 6
    endloop
  endfacet
  facet normal 0 0 1
    outer loop
      vertex 0 1.2 6
      vertex 1.65276 2.38338 6
      vertex 1.60813 2.50812 6
    endloop
  endfacet
  facet normal 0 0 1
    outer loop
      vertex 0 1.2 6
      vertex 1.60813 2.50812 6
      vertex 1.57594 2.63663 6
    endloop
  endfacet
  facet normal 0 0 1
    outer loop
      vertex 0 1.2 6
      vertex 1.57594 2.63663 6
      vertex 1.5565 2.76768 6
    endloop
  endfacet
  facet normal 0 0 1
    outer loop
      vertex 0 1.2 6
      vertex 1.5565 2.76768 6
      vertex 1.55 2.9 6
    endloop
  endfacet
  facet normal 0 0 1
    outer loop
      vertex 1.57594 3.16337 6
      vertex 0 1.2 6
      vertex 1.5565 3.03232 6
    endloop
  endfacet
  facet normal 0 0 1
    outer loop
      vertex 0 30.6 6
      vertex 1.2 31.8 6
      vertex 1.08238 31.7942 6
    endloop
  endfacet
  facet normal 0 0 1
    outer loop
      vertex 1.5565 3.03232 6
      vertex 0 1.2 6
      vertex 1.55 2.9 6
    endloop
  endfacet
  facet normal 0 0 1
    outer loop
      vertex 0 30.6 6
      vertex 1.08238 31.7942 6
      vertex 0.965891 31.7769 6
    endloop
  endfacet
  facet normal 0 -0 1
    outer loop
      vertex 0.023057 0.965891 6
      vertex 1.94541 1.94541 6
      vertex 0 1.2 6
    endloop
  endfacet
  facet normal 0 0 1
    outer loop
      vertex 0 30.6 6
      vertex 0.965891 31.7769 6
      vertex 0.851658 31.7483 6
    endloop
  endfacet
  facet normal 0 0 1
    outer loop
      vertex 1.94541 1.94541 6
      vertex 1.08238 0.00577831 6
      vertex 1.2 0 6
    endloop
  endfacet
  facet normal 0 0 1
    outer loop
      vertex 0 30.6 6
      vertex 0.851658 31.7483 6
      vertex 0.74078 31.7087 6
    endloop
  endfacet
  facet normal 0 0 1
    outer loop
      vertex 1.94541 1.94541 6
      vertex 0.965891 0.023057 6
      vertex 1.08238 0.00577831 6
    endloop
  endfacet
  facet normal 0 0 1
    outer loop
      vertex 0 30.6 6
      vertex 0.74078 31.7087 6
      vertex 0.634323 31.6583 6
    endloop
  endfacet
  facet normal 0 0 1
    outer loop
      vertex 1.94541 1.94541 6
      vertex 0.851658 0.051671 6
      vertex 0.965891 0.023057 6
    endloop
  endfacet
  facet normal 0 0 1
    outer loop
      vertex 0 30.6 6
      vertex 0.634323 31.6583 6
      vertex 0.533316 31.5978 6
    endloop
  endfacet
  facet normal 0 0 1
    outer loop
      vertex 1.94541 1.94541 6
      vertex 0.74078 0.0913439 6
      vertex 0.851658 0.051671 6
    endloop
  endfacet
  facet normal 0 0 1
    outer loop
      vertex 0 30.6 6
      vertex 0.533316 31.5978 6
      vertex 0.438727 31.5276 6
    endloop
  endfacet
  facet normal 0 0 1
    outer loop
      vertex 1.94541 1.94541 6
      vertex 0.634323 0.141694 6
      vertex 0.74078 0.0913439 6
    endloop
  endfacet
  facet normal 0 0 1
    outer loop
      vertex 0 30.6 6
      vertex 0.438727 31.5276 6
      vertex 0.351471 31.4485 6
    endloop
  endfacet
  facet normal 0 0 1
    outer loop
      vertex 1.94541 1.94541 6
      vertex 0.533316 0.202236 6
      vertex 0.634323 0.141694 6
    endloop
  endfacet
  facet normal 0 0 1
    outer loop
      vertex 0 30.6 6
      vertex 0.351471 31.4485 6
      vertex 0.272387 31.3613 6
    endloop
  endfacet
  facet normal 0 0 1
    outer loop
      vertex 1.94541 1.94541 6
      vertex 0.438727 0.272387 6
      vertex 0.533316 0.202236 6
    endloop
  endfacet
  facet normal 0 0 1
    outer loop
      vertex 0 30.6 6
      vertex 0.272387 31.3613 6
      vertex 0.202236 31.2667 6
    endloop
  endfacet
  facet normal 0 0 1
    outer loop
      vertex 1.94541 1.94541 6
      vertex 0.351471 0.351471 6
      vertex 0.438727 0.272387 6
    endloop
  endfacet
  facet normal 0 0 1
    outer loop
      vertex 0 30.6 6
      vertex 0.202236 31.2667 6
      vertex 0.141694 31.1657 6
    endloop
  endfacet
  facet normal 0 0 1
    outer loop
      vertex 1.94541 1.94541 6
      vertex 0.272387 0.438727 6
      vertex 0.351471 0.351471 6
    endloop
  endfacet
  facet normal 0 0 1
    outer loop
      vertex 0 30.6 6
      vertex 0.141694 31.1657 6
      vertex 0.0913439 31.0592 6
    endloop
  endfacet
  facet normal 0 0 1
    outer loop
      vertex 1.94541 1.94541 6
      vertex 0.202236 0.533316 6
      vertex 0.272387 0.438727 6
    endloop
  endfacet
  facet normal 0 0 1
    outer loop
      vertex 0 30.6 6
      vertex 0.0913439 31.0592 6
      vertex 0.051671 30.9483 6
    endloop
  endfacet
  facet normal 0 0 1
    outer loop
      vertex 1.94541 1.94541 6
      vertex 0.141694 0.634323 6
      vertex 0.202236 0.533316 6
    endloop
  endfacet
  facet normal 0 0 1
    outer loop
      vertex 0 30.6 6
      vertex 0.051671 30.9483 6
      vertex 0.023057 30.8341 6
    endloop
  endfacet
  facet normal 0 0 1
    outer loop
      vertex 1.94541 1.94541 6
      vertex 0.0913439 0.74078 6
      vertex 0.141694 0.634323 6
    endloop
  endfacet
  facet normal 0 0 1
    outer loop
      vertex 0 30.6 6
      vertex 0.023057 30.8341 6
      vertex 0.00577831 30.7176 6
    endloop
  endfacet
  facet normal 0 0 1
    outer loop
      vertex 1.94541 1.94541 6
      vertex 0.051671 0.851658 6
      vertex 0.0913439 0.74078 6
    endloop
  endfacet
  facet normal 0 0 1
    outer loop
      vertex 1.94541 1.94541 6
      vertex 0.023057 0.965891 6
      vertex 0.051671 0.851658 6
    endloop
  endfacet
  facet normal 0 0 1
    outer loop
      vertex 0.023057 0.965891 6
      vertex 0 1.2 6
      vertex 0.00577831 1.08238 6
    endloop
  endfacet
  facet normal -0.941544 -0.336891 0
    outer loop
      vertex 0.0913439 0.74078 0
      vertex 0.051671 0.851658 6
      vertex 0.051671 0.851658 0
    endloop
  endfacet
  facet normal -0.941544 -0.336891 0
    outer loop
      vertex 0.051671 0.851658 6
      vertex 0.0913439 0.74078 0
      vertex 0.0913439 0.74078 6
    endloop
  endfacet
  facet normal 0.671795 -0.740738 0
    outer loop
      vertex 39.3613 0.272387 0
      vertex 39.4485 0.351471 6
      vertex 39.3613 0.272387 6
    endloop
  endfacet
  facet normal 0.671795 -0.740738 0
    outer loop
      vertex 39.4485 0.351471 6
      vertex 39.3613 0.272387 0
      vertex 39.4485 0.351471 0
    endloop
  endfacet
  facet normal -0.0492515 0.998786 0
    outer loop
      vertex 1.2 31.8 0
      vertex 1.08238 31.7942 6
      vertex 1.2 31.8 6
    endloop
  endfacet
  facet normal -0.0492515 0.998786 0
    outer loop
      vertex 1.08238 31.7942 6
      vertex 1.2 31.8 0
      vertex 1.08238 31.7942 0
    endloop
  endfacet
  facet normal 0.857867 0.513871 0
    outer loop
      vertex 39.6583 31.1657 6
      vertex 39.5978 31.2667 0
      vertex 39.5978 31.2667 6
    endloop
  endfacet
  facet normal 0.857867 0.513871 0
    outer loop
      vertex 39.5978 31.2667 0
      vertex 39.6583 31.1657 6
      vertex 39.6583 31.1657 0
    endloop
  endfacet
  facet normal -0.427553 -0.90399 0
    outer loop
      vertex 0.634323 0.141694 0
      vertex 0.74078 0.0913439 6
      vertex 0.634323 0.141694 6
    endloop
  endfacet
  facet normal -0.427553 -0.90399 -0
    outer loop
      vertex 0.74078 0.0913439 6
      vertex 0.634323 0.141694 0
      vertex 0.74078 0.0913439 0
    endloop
  endfacet
  facet normal -0.595962 0.803012 0
    outer loop
      vertex 0.533316 31.5978 0
      vertex 0.438727 31.5276 6
      vertex 0.533316 31.5978 6
    endloop
  endfacet
  facet normal -0.595962 0.803012 0
    outer loop
      vertex 0.438727 31.5276 6
      vertex 0.533316 31.5978 0
      vertex 0.438727 31.5276 0
    endloop
  endfacet
  facet normal -0.0490678 -0.998795 0
    outer loop
      vertex 1.08238 0.00577831 0
      vertex 1.2 0 6
      vertex 1.08238 0.00577831 6
    endloop
  endfacet
  facet normal -0.0490678 -0.998795 -0
    outer loop
      vertex 1.2 0 6
      vertex 1.08238 0.00577831 0
      vertex 1.2 0 0
    endloop
  endfacet
  facet normal 0.0490761 -0.998795 0
    outer loop
      vertex 38.6 0 0
      vertex 38.7176 0.00577831 6
      vertex 38.6 0 6
    endloop
  endfacet
  facet normal 0.0490761 -0.998795 0
    outer loop
      vertex 38.7176 0.00577831 6
      vertex 38.6 0 0
      vertex 38.7176 0.00577831 0
    endloop
  endfacet
  facet normal -0.904057 0.427412 0
    outer loop
      vertex 0.0913439 31.0592 0
      vertex 0.141694 31.1657 6
      vertex 0.141694 31.1657 0
    endloop
  endfacet
  facet normal -0.904057 0.427412 0
    outer loop
      vertex 0.141694 31.1657 6
      vertex 0.0913439 31.0592 0
      vertex 0.0913439 31.0592 6
    endloop
  endfacet
  facet normal 0.14671 -0.98918 0
    outer loop
      vertex 38.7176 0.00577831 0
      vertex 38.8341 0.023057 6
      vertex 38.7176 0.00577831 6
    endloop
  endfacet
  facet normal 0.14671 -0.98918 0
    outer loop
      vertex 38.8341 0.023057 6
      vertex 38.7176 0.00577831 0
      vertex 38.8341 0.023057 0
    endloop
  endfacet
  facet normal 0.514134 -0.85771 0
    outer loop
      vertex 39.1657 0.141694 0
      vertex 39.2667 0.202236 6
      vertex 39.1657 0.141694 6
    endloop
  endfacet
  facet normal 0.514134 -0.85771 0
    outer loop
      vertex 39.2667 0.202236 6
      vertex 39.1657 0.141694 0
      vertex 39.2667 0.202236 0
    endloop
  endfacet
  facet normal 0.595649 -0.803245 0
    outer loop
      vertex 39.2667 0.202236 0
      vertex 39.3613 0.272387 6
      vertex 39.2667 0.202236 6
    endloop
  endfacet
  facet normal 0.595649 -0.803245 0
    outer loop
      vertex 39.3613 0.272387 6
      vertex 39.2667 0.202236 0
      vertex 39.3613 0.272387 0
    endloop
  endfacet
  facet normal 0.903893 0.427758 0
    outer loop
      vertex 39.7087 31.0592 6
      vertex 39.6583 31.1657 0
      vertex 39.6583 31.1657 6
    endloop
  endfacet
  facet normal 0.903893 0.427758 0
    outer loop
      vertex 39.6583 31.1657 0
      vertex 39.7087 31.0592 6
      vertex 39.7087 31.0592 0
    endloop
  endfacet
  facet normal 0.740884 -0.671632 0
    outer loop
      vertex 39.4485 0.351471 6
      vertex 39.5276 0.438727 0
      vertex 39.5276 0.438727 6
    endloop
  endfacet
  facet normal 0.740884 -0.671632 0
    outer loop
      vertex 39.5276 0.438727 0
      vertex 39.4485 0.351471 6
      vertex 39.4485 0.351471 0
    endloop
  endfacet
  facet normal -0.671558 -0.740952 0
    outer loop
      vertex 0.351471 0.351471 0
      vertex 0.438727 0.272387 6
      vertex 0.351471 0.351471 6
    endloop
  endfacet
  facet normal -0.671558 -0.740952 -0
    outer loop
      vertex 0.438727 0.272387 6
      vertex 0.351471 0.351471 0
      vertex 0.438727 0.272387 0
    endloop
  endfacet
  facet normal -0.85771 0.514134 0
    outer loop
      vertex 0.141694 31.1657 0
      vertex 0.202236 31.2667 6
      vertex 0.202236 31.2667 0
    endloop
  endfacet
  facet normal -0.85771 0.514134 0
    outer loop
      vertex 0.202236 31.2667 6
      vertex 0.141694 31.1657 0
      vertex 0.141694 31.1657 6
    endloop
  endfacet
  facet normal -0.803212 -0.595694 0
    outer loop
      vertex 0.272387 0.438727 0
      vertex 0.202236 0.533316 6
      vertex 0.202236 0.533316 0
    endloop
  endfacet
  facet normal -0.803212 -0.595694 0
    outer loop
      vertex 0.202236 0.533316 6
      vertex 0.272387 0.438727 0
      vertex 0.272387 0.438727 6
    endloop
  endfacet
  facet normal 0 0 -1
    outer loop
      vertex 17.9 17.2 0
      vertex 4.2435 28.7677 0
      vertex 4.25 28.9 0
    endloop
  endfacet
  facet normal 0 0 -1
    outer loop
      vertex 4.28548 25.1479 0
      vertex 4.22406 28.6366 0
      vertex 4.2435 28.7677 0
    endloop
  endfacet
  facet normal 0 0 -1
    outer loop
      vertex 3.85459 27.9454 0
      vertex 4.25001 25.1742 0
      vertex 4.21213 25.1969 0
    endloop
  endfacet
  facet normal 0 0 -1
    outer loop
      vertex 4.28548 25.1479 0
      vertex 4.19187 28.5081 0
      vertex 4.22406 28.6366 0
    endloop
  endfacet
  facet normal 0 0 -1
    outer loop
      vertex 3.85459 27.9454 0
      vertex 4.21213 25.1969 0
      vertex 4.17221 25.2157 0
    endloop
  endfacet
  facet normal 0 0 -1
    outer loop
      vertex 4.28548 25.1479 0
      vertex 4.14724 28.3834 0
      vertex 4.19187 28.5081 0
    endloop
  endfacet
  facet normal 0 0 -1
    outer loop
      vertex 3.75643 27.8564 0
      vertex 4.17221 25.2157 0
      vertex 4.13063 25.2306 0
    endloop
  endfacet
  facet normal 0 0 -1
    outer loop
      vertex 4.28548 25.1479 0
      vertex 4.09059 28.2636 0
      vertex 4.14724 28.3834 0
    endloop
  endfacet
  facet normal 0 0 -1
    outer loop
      vertex 3.65002 27.7775 0
      vertex 4.13063 25.2306 0
      vertex 4.08779 25.2414 0
    endloop
  endfacet
  facet normal 0 0 -1
    outer loop
      vertex 3.53639 27.7094 0
      vertex 4.08779 25.2414 0
      vertex 4.04411 25.2478 0
    endloop
  endfacet
  facet normal 0 0 -1
    outer loop
      vertex 4.28548 25.1479 0
      vertex 4.02248 28.15 0
      vertex 4.09059 28.2636 0
    endloop
  endfacet
  facet normal 0 0 -1
    outer loop
      vertex 3.53639 27.7094 0
      vertex 4.04411 25.2478 0
      vertex 4 25.25 0
    endloop
  endfacet
  facet normal 0 0 -1
    outer loop
      vertex 3.41662 27.6528 0
      vertex 4 25.25 0
      vertex 3.95589 25.2478 0
    endloop
  endfacet
  facet normal 0 0 -1
    outer loop
      vertex 4.28548 25.1479 0
      vertex 3.94356 28.0436 0
      vertex 4.02248 28.15 0
    endloop
  endfacet
  facet normal 0 0 -1
    outer loop
      vertex 3.29188 27.6081 0
      vertex 3.95589 25.2478 0
      vertex 3.91221 25.2414 0
    endloop
  endfacet
  facet normal 0 0 -1
    outer loop
      vertex 3.29188 27.6081 0
      vertex 3.91221 25.2414 0
      vertex 3.86937 25.2306 0
    endloop
  endfacet
  facet normal 0 0 -1
    outer loop
      vertex 4.25001 25.1742 0
      vertex 3.85459 27.9454 0
      vertex 3.94356 28.0436 0
    endloop
  endfacet
  facet normal 0 0 -1
    outer loop
      vertex 3.16337 27.5759 0
      vertex 3.86937 25.2306 0
      vertex 3.82779 25.2157 0
    endloop
  endfacet
  facet normal 0 0 -1
    outer loop
      vertex 3.16337 27.5759 0
      vertex 3.82779 25.2157 0
      vertex 3.78787 25.1969 0
    endloop
  endfacet
  facet normal 0 0 -1
    outer loop
      vertex 4.17221 25.2157 0
      vertex 3.75643 27.8564 0
      vertex 3.85459 27.9454 0
    endloop
  endfacet
  facet normal 0 0 -1
    outer loop
      vertex 3.03232 27.5565 0
      vertex 3.78787 25.1969 0
      vertex 3.74999 25.1742 0
    endloop
  endfacet
  facet normal 0 0 -1
    outer loop
      vertex 2.9 27.55 0
      vertex 3.74999 25.1742 0
      vertex 3.71452 25.1479 0
    endloop
  endfacet
  facet normal 0 0 -1
    outer loop
      vertex 2.9 27.55 0
      vertex 3.71452 25.1479 0
      vertex 3.6818 25.1182 0
    endloop
  endfacet
  facet normal 0 0 -1
    outer loop
      vertex 2.76768 27.5565 0
      vertex 3.6818 25.1182 0
      vertex 3.65215 25.0855 0
    endloop
  endfacet
  facet normal 0 0 -1
    outer loop
      vertex 4.13063 25.2306 0
      vertex 3.65002 27.7775 0
      vertex 3.75643 27.8564 0
    endloop
  endfacet
  facet normal 0 0 -1
    outer loop
      vertex 2.63663 27.5759 0
      vertex 3.65215 25.0855 0
      vertex 3.62584 25.05 0
    endloop
  endfacet
  facet normal 0 0 -1
    outer loop
      vertex 2.50812 27.6081 0
      vertex 3.62584 25.05 0
      vertex 3.60314 25.0121 0
    endloop
  endfacet
  facet normal 0 0 -1
    outer loop
      vertex 2.50812 27.6081 0
      vertex 3.60314 25.0121 0
      vertex 3.58425 24.9722 0
    endloop
  endfacet
  facet normal 0 0 -1
    outer loop
      vertex 2.38338 27.6528 0
      vertex 3.58425 24.9722 0
      vertex 3.56938 24.9306 0
    endloop
  endfacet
  facet normal 0 0 -1
    outer loop
      vertex 2.26362 27.7094 0
      vertex 3.56938 24.9306 0
      vertex 3.55865 24.8878 0
    endloop
  endfacet
  facet normal 0 0 -1
    outer loop
      vertex 2.26362 27.7094 0
      vertex 3.55865 24.8878 0
      vertex 3.55217 24.8441 0
    endloop
  endfacet
  facet normal 0 0 -1
    outer loop
      vertex 2.14998 27.7775 0
      vertex 3.55217 24.8441 0
      vertex 3.55 24.8 0
    endloop
  endfacet
  facet normal 0 0 -1
    outer loop
      vertex 4.08779 25.2414 0
      vertex 3.53639 27.7094 0
      vertex 3.65002 27.7775 0
    endloop
  endfacet
  facet normal -0 0 -1
    outer loop
      vertex 3.71452 16.8321 0
      vertex 2.26362 4.09059 0
      vertex 3.6818 16.8618 0
    endloop
  endfacet
  facet normal 0 0 -1
    outer loop
      vertex 2.14998 4.02248 0
      vertex 3.6818 16.8618 0
      vertex 2.26362 4.09059 0
    endloop
  endfacet
  facet normal 0 0 -1
    outer loop
      vertex 4 25.25 0
      vertex 3.41662 27.6528 0
      vertex 3.53639 27.7094 0
    endloop
  endfacet
  facet normal -0 0 -1
    outer loop
      vertex 3.6818 16.8618 0
      vertex 2.14998 4.02248 0
      vertex 3.65215 16.8945 0
    endloop
  endfacet
  facet normal 0 0 -1
    outer loop
      vertex 3.95589 25.2478 0
      vertex 3.29188 27.6081 0
      vertex 3.41662 27.6528 0
    endloop
  endfacet
  facet normal 0 0 -1
    outer loop
      vertex 2.04357 3.94356 0
      vertex 3.65215 16.8945 0
      vertex 2.14998 4.02248 0
    endloop
  endfacet
  facet normal 0 0 -1
    outer loop
      vertex 3.86937 25.2306 0
      vertex 3.16337 27.5759 0
      vertex 3.29188 27.6081 0
    endloop
  endfacet
  facet normal -0 0 -1
    outer loop
      vertex 3.65215 16.8945 0
      vertex 2.04357 3.94356 0
      vertex 3.62584 16.93 0
    endloop
  endfacet
  facet normal 0 0 -1
    outer loop
      vertex 3.78787 25.1969 0
      vertex 3.03232 27.5565 0
      vertex 3.16337 27.5759 0
    endloop
  endfacet
  facet normal 0 0 -1
    outer loop
      vertex 1.94541 3.85459 0
      vertex 3.62584 16.93 0
      vertex 2.04357 3.94356 0
    endloop
  endfacet
  facet normal 0 0 -1
    outer loop
      vertex 3.74999 25.1742 0
      vertex 2.9 27.55 0
      vertex 3.03232 27.5565 0
    endloop
  endfacet
  facet normal -0 0 -1
    outer loop
      vertex 3.62584 16.93 0
      vertex 1.94541 3.85459 0
      vertex 3.60314 16.9679 0
    endloop
  endfacet
  facet normal 0 0 -1
    outer loop
      vertex 3.6818 25.1182 0
      vertex 2.76768 27.5565 0
      vertex 2.9 27.55 0
    endloop
  endfacet
  facet normal 0 0 -1
    outer loop
      vertex 1.85644 3.75643 0
      vertex 3.60314 16.9679 0
      vertex 1.94541 3.85459 0
    endloop
  endfacet
  facet normal 0 0 -1
    outer loop
      vertex 3.65215 25.0855 0
      vertex 2.63663 27.5759 0
      vertex 2.76768 27.5565 0
    endloop
  endfacet
  facet normal -0 0 -1
    outer loop
      vertex 3.60314 16.9679 0
      vertex 1.85644 3.75643 0
      vertex 3.58425 17.0078 0
    endloop
  endfacet
  facet normal 0 0 -1
    outer loop
      vertex 3.62584 25.05 0
      vertex 2.50812 27.6081 0
      vertex 2.63663 27.5759 0
    endloop
  endfacet
  facet normal 0 0 -1
    outer loop
      vertex 1.77752 3.65002 0
      vertex 3.58425 17.0078 0
      vertex 1.85644 3.75643 0
    endloop
  endfacet
  facet normal 0 0 -1
    outer loop
      vertex 3.58425 24.9722 0
      vertex 2.38338 27.6528 0
      vertex 2.50812 27.6081 0
    endloop
  endfacet
  facet normal -0 0 -1
    outer loop
      vertex 3.58425 17.0078 0
      vertex 1.77752 3.65002 0
      vertex 3.56938 17.0494 0
    endloop
  endfacet
  facet normal 0 0 -1
    outer loop
      vertex 3.56938 24.9306 0
      vertex 2.26362 27.7094 0
      vertex 2.38338 27.6528 0
    endloop
  endfacet
  facet normal 0 0 -1
    outer loop
      vertex 0 1.2 0
      vertex 3.56938 17.0494 0
      vertex 1.77752 3.65002 0
    endloop
  endfacet
  facet normal 0 0 -1
    outer loop
      vertex 3.55217 24.8441 0
      vertex 2.14998 27.7775 0
      vertex 2.26362 27.7094 0
    endloop
  endfacet
  facet normal -0 0 -1
    outer loop
      vertex 3.56938 17.0494 0
      vertex 0 1.2 0
      vertex 3.55865 17.0922 0
    endloop
  endfacet
  facet normal 0 0 -1
    outer loop
      vertex 3.55 24.8 0
      vertex 2.04357 27.8564 0
      vertex 2.14998 27.7775 0
    endloop
  endfacet
  facet normal -0 0 -1
    outer loop
      vertex 3.55865 17.0922 0
      vertex 0 1.2 0
      vertex 3.55217 17.1359 0
    endloop
  endfacet
  facet normal 0 0 -1
    outer loop
      vertex 3.55 24.8 0
      vertex 1.94541 27.9454 0
      vertex 2.04357 27.8564 0
    endloop
  endfacet
  facet normal -0 0 -1
    outer loop
      vertex 3.55217 17.1359 0
      vertex 0 1.2 0
      vertex 3.55 17.18 0
    endloop
  endfacet
  facet normal 0 0 -1
    outer loop
      vertex 3.55 24.8 0
      vertex 1.85644 28.0436 0
      vertex 1.94541 27.9454 0
    endloop
  endfacet
  facet normal 0 0 -1
    outer loop
      vertex 3.55 17.18 0
      vertex 1.77752 28.15 0
      vertex 3.55 24.8 0
    endloop
  endfacet
  facet normal 0 0 -1
    outer loop
      vertex 3.55 24.8 0
      vertex 1.77752 28.15 0
      vertex 1.85644 28.0436 0
    endloop
  endfacet
  facet normal 0 0 -1
    outer loop
      vertex 0 1.2 0
      vertex 1.77752 3.65002 0
      vertex 1.70941 3.53639 0
    endloop
  endfacet
  facet normal 0 0 -1
    outer loop
      vertex 0 30.6 0
      vertex 3.55 17.18 0
      vertex 0 1.2 0
    endloop
  endfacet
  facet normal 0 0 -1
    outer loop
      vertex 0 1.2 0
      vertex 1.70941 3.53639 0
      vertex 1.65276 3.41662 0
    endloop
  endfacet
  facet normal 0 0 -1
    outer loop
      vertex 3.55 17.18 0
      vertex 0 30.6 0
      vertex 1.77752 28.15 0
    endloop
  endfacet
  facet normal 0 0 -1
    outer loop
      vertex 0 1.2 0
      vertex 1.65276 3.41662 0
      vertex 1.60813 3.29188 0
    endloop
  endfacet
  facet normal 0 0 -1
    outer loop
      vertex 1.77752 28.15 0
      vertex 0 30.6 0
      vertex 1.70941 28.2636 0
    endloop
  endfacet
  facet normal 0 0 -1
    outer loop
      vertex 0 1.2 0
      vertex 1.60813 3.29188 0
      vertex 1.57594 3.16337 0
    endloop
  endfacet
  facet normal 0 0 -1
    outer loop
      vertex 1.70941 28.2636 0
      vertex 0 30.6 0
      vertex 1.65276 28.3834 0
    endloop
  endfacet
  facet normal 0 0 -1
    outer loop
      vertex 0 1.2 0
      vertex 1.57594 3.16337 0
      vertex 1.5565 3.03232 0
    endloop
  endfacet
  facet normal 0 0 -1
    outer loop
      vertex 1.65276 28.3834 0
      vertex 0 30.6 0
      vertex 1.60813 28.5081 0
    endloop
  endfacet
  facet normal 0 0 -1
    outer loop
      vertex 0 1.2 0
      vertex 1.5565 3.03232 0
      vertex 1.55 2.9 0
    endloop
  endfacet
  facet normal 0 0 -1
    outer loop
      vertex 1.60813 28.5081 0
      vertex 0 30.6 0
      vertex 1.57594 28.6366 0
    endloop
  endfacet
  facet normal 0 0 -1
    outer loop
      vertex 4.41575 17.3522 0
      vertex 16.0299 16.4185 0
      vertex 4.43062 17.3106 0
    endloop
  endfacet
  facet normal 0 0 -1
    outer loop
      vertex 16.1497 16.5978 0
      vertex 4.44783 24.7559 0
      vertex 4.45 24.8 0
    endloop
  endfacet
  facet normal 0 0 -1
    outer loop
      vertex 16.0299 16.4185 0
      vertex 4.41575 17.3522 0
      vertex 16.0854 16.5111 0
    endloop
  endfacet
  facet normal 0 0 -1
    outer loop
      vertex 16.1497 16.5978 0
      vertex 4.44135 24.7122 0
      vertex 4.44783 24.7559 0
    endloop
  endfacet
  facet normal 0 0 -1
    outer loop
      vertex 4.39686 17.3921 0
      vertex 16.0854 16.5111 0
      vertex 4.41575 17.3522 0
    endloop
  endfacet
  facet normal 0 0 -1
    outer loop
      vertex 16.1497 16.5978 0
      vertex 4.43062 24.6694 0
      vertex 4.44135 24.7122 0
    endloop
  endfacet
  facet normal 0 0 -1
    outer loop
      vertex 16.0854 16.5111 0
      vertex 4.39686 17.3921 0
      vertex 16.1497 16.5978 0
    endloop
  endfacet
  facet normal 0 0 -1
    outer loop
      vertex 16.1497 16.5978 0
      vertex 4.41575 24.6278 0
      vertex 4.43062 24.6694 0
    endloop
  endfacet
  facet normal 0 0 -1
    outer loop
      vertex 4.39686 24.5879 0
      vertex 16.1497 16.5978 0
      vertex 4.39686 17.3921 0
    endloop
  endfacet
  facet normal 0 0 -1
    outer loop
      vertex 16.1497 16.5978 0
      vertex 4.39686 24.5879 0
      vertex 4.41575 24.6278 0
    endloop
  endfacet
  facet normal 0 0 -1
    outer loop
      vertex 4.37416 17.43 0
      vertex 4.39686 24.5879 0
      vertex 4.39686 17.3921 0
    endloop
  endfacet
  facet normal 0 0 -1
    outer loop
      vertex 4.37416 17.43 0
      vertex 4.37416 24.55 0
      vertex 4.39686 24.5879 0
    endloop
  endfacet
  facet normal 0 0 -1
    outer loop
      vertex 4.34785 17.4655 0
      vertex 4.37416 24.55 0
      vertex 4.37416 17.43 0
    endloop
  endfacet
  facet normal 0 0 -1
    outer loop
      vertex 4.34785 17.4655 0
      vertex 4.34785 24.5145 0
      vertex 4.37416 24.55 0
    endloop
  endfacet
  facet normal 0 0 -1
    outer loop
      vertex 4.3182 17.4982 0
      vertex 4.34785 24.5145 0
      vertex 4.34785 17.4655 0
    endloop
  endfacet
  facet normal 0 0 -1
    outer loop
      vertex 4.3182 17.4982 0
      vertex 4.3182 24.4818 0
      vertex 4.34785 24.5145 0
    endloop
  endfacet
  facet normal 0 0 -1
    outer loop
      vertex 4.28548 17.5279 0
      vertex 4.3182 24.4818 0
      vertex 4.3182 17.4982 0
    endloop
  endfacet
  facet normal 0 0 -1
    outer loop
      vertex 4.28548 17.5279 0
      vertex 4.28548 24.4521 0
      vertex 4.3182 24.4818 0
    endloop
  endfacet
  facet normal 0 0 -1
    outer loop
      vertex 4.25001 17.5542 0
      vertex 4.28548 24.4521 0
      vertex 4.28548 17.5279 0
    endloop
  endfacet
  facet normal 0 0 -1
    outer loop
      vertex 4.25001 17.5542 0
      vertex 4.25001 24.4258 0
      vertex 4.28548 24.4521 0
    endloop
  endfacet
  facet normal 0 0 -1
    outer loop
      vertex 4.21213 17.5769 0
      vertex 4.25001 24.4258 0
      vertex 4.25001 17.5542 0
    endloop
  endfacet
  facet normal 0 0 -1
    outer loop
      vertex 4.21213 17.5769 0
      vertex 4.21213 24.4031 0
      vertex 4.25001 24.4258 0
    endloop
  endfacet
  facet normal 0 0 -1
    outer loop
      vertex 4.17221 17.5957 0
      vertex 4.21213 24.4031 0
      vertex 4.21213 17.5769 0
    endloop
  endfacet
  facet normal 0 0 -1
    outer loop
      vertex 4.17221 17.5957 0
      vertex 4.17221 24.3843 0
      vertex 4.21213 24.4031 0
    endloop
  endfacet
  facet normal 0 0 -1
    outer loop
      vertex 4.13063 17.6106 0
      vertex 4.17221 24.3843 0
      vertex 4.17221 17.5957 0
    endloop
  endfacet
  facet normal 0 0 -1
    outer loop
      vertex 4.13063 17.6106 0
      vertex 4.13063 24.3694 0
      vertex 4.17221 24.3843 0
    endloop
  endfacet
  facet normal 0 0 -1
    outer loop
      vertex 4.08779 17.6214 0
      vertex 4.13063 24.3694 0
      vertex 4.13063 17.6106 0
    endloop
  endfacet
  facet normal 0 0 -1
    outer loop
      vertex 4.08779 17.6214 0
      vertex 4.08779 24.3586 0
      vertex 4.13063 24.3694 0
    endloop
  endfacet
  facet normal 0 0 -1
    outer loop
      vertex 4.04411 17.6278 0
      vertex 4.08779 24.3586 0
      vertex 4.08779 17.6214 0
    endloop
  endfacet
  facet normal 0 0 -1
    outer loop
      vertex 4.04411 17.6278 0
      vertex 4.04411 24.3522 0
      vertex 4.08779 24.3586 0
    endloop
  endfacet
  facet normal 0 0 -1
    outer loop
      vertex 4 17.63 0
      vertex 4.04411 24.3522 0
      vertex 4.04411 17.6278 0
    endloop
  endfacet
  facet normal 0 0 -1
    outer loop
      vertex 4 17.63 0
      vertex 4 24.35 0
      vertex 4.04411 24.3522 0
    endloop
  endfacet
  facet normal 0 0 -1
    outer loop
      vertex 3.95589 17.6278 0
      vertex 4 24.35 0
      vertex 4 17.63 0
    endloop
  endfacet
  facet normal 0 0 -1
    outer loop
      vertex 3.95589 17.6278 0
      vertex 3.95589 24.3522 0
      vertex 4 24.35 0
    endloop
  endfacet
  facet normal 0 0 -1
    outer loop
      vertex 3.91221 17.6214 0
      vertex 3.95589 24.3522 0
      vertex 3.95589 17.6278 0
    endloop
  endfacet
  facet normal 0 0 -1
    outer loop
      vertex 3.91221 17.6214 0
      vertex 3.91221 24.3586 0
      vertex 3.95589 24.3522 0
    endloop
  endfacet
  facet normal 0 0 -1
    outer loop
      vertex 3.86937 17.6106 0
      vertex 3.91221 24.3586 0
      vertex 3.91221 17.6214 0
    endloop
  endfacet
  facet normal 0 0 -1
    outer loop
      vertex 3.86937 17.6106 0
      vertex 3.86937 24.3694 0
      vertex 3.91221 24.3586 0
    endloop
  endfacet
  facet normal 0 0 -1
    outer loop
      vertex 3.82779 17.5957 0
      vertex 3.86937 24.3694 0
      vertex 3.86937 17.6106 0
    endloop
  endfacet
  facet normal 0 0 -1
    outer loop
      vertex 3.82779 17.5957 0
      vertex 3.82779 24.3843 0
      vertex 3.86937 24.3694 0
    endloop
  endfacet
  facet normal 0 0 -1
    outer loop
      vertex 3.78787 17.5769 0
      vertex 3.82779 24.3843 0
      vertex 3.82779 17.5957 0
    endloop
  endfacet
  facet normal 0 0 -1
    outer loop
      vertex 3.78787 17.5769 0
      vertex 3.78787 24.4031 0
      vertex 3.82779 24.3843 0
    endloop
  endfacet
  facet normal 0 0 -1
    outer loop
      vertex 3.74999 17.5542 0
      vertex 3.78787 24.4031 0
      vertex 3.78787 17.5769 0
    endloop
  endfacet
  facet normal 0 0 -1
    outer loop
      vertex 3.74999 17.5542 0
      vertex 3.74999 24.4258 0
      vertex 3.78787 24.4031 0
    endloop
  endfacet
  facet normal 0 0 -1
    outer loop
      vertex 3.71452 17.5279 0
      vertex 3.74999 24.4258 0
      vertex 3.74999 17.5542 0
    endloop
  endfacet
  facet normal 0 0 -1
    outer loop
      vertex 3.71452 17.5279 0
      vertex 3.71452 24.4521 0
      vertex 3.74999 24.4258 0
    endloop
  endfacet
  facet normal 0 0 -1
    outer loop
      vertex 3.6818 17.4982 0
      vertex 3.71452 24.4521 0
      vertex 3.71452 17.5279 0
    endloop
  endfacet
  facet normal 0 0 -1
    outer loop
      vertex 3.6818 17.4982 0
      vertex 3.6818 24.4818 0
      vertex 3.71452 24.4521 0
    endloop
  endfacet
  facet normal 0 0 -1
    outer loop
      vertex 3.65215 17.4655 0
      vertex 3.6818 24.4818 0
      vertex 3.6818 17.4982 0
    endloop
  endfacet
  facet normal 0 0 -1
    outer loop
      vertex 3.65215 17.4655 0
      vertex 3.65215 24.5145 0
      vertex 3.6818 24.4818 0
    endloop
  endfacet
  facet normal 0 0 -1
    outer loop
      vertex 3.62584 17.43 0
      vertex 3.65215 24.5145 0
      vertex 3.65215 17.4655 0
    endloop
  endfacet
  facet normal 0 0 -1
    outer loop
      vertex 3.62584 17.43 0
      vertex 3.62584 24.55 0
      vertex 3.65215 24.5145 0
    endloop
  endfacet
  facet normal 0 0 -1
    outer loop
      vertex 3.60314 17.3921 0
      vertex 3.62584 24.55 0
      vertex 3.62584 17.43 0
    endloop
  endfacet
  facet normal 0 0 -1
    outer loop
      vertex 3.60314 17.3921 0
      vertex 3.60314 24.5879 0
      vertex 3.62584 24.55 0
    endloop
  endfacet
  facet normal 0 0 -1
    outer loop
      vertex 3.58425 17.3522 0
      vertex 3.60314 24.5879 0
      vertex 3.60314 17.3921 0
    endloop
  endfacet
  facet normal 0 0 -1
    outer loop
      vertex 3.58425 17.3522 0
      vertex 3.58425 24.6278 0
      vertex 3.60314 24.5879 0
    endloop
  endfacet
  facet normal 0 0 -1
    outer loop
      vertex 3.56938 17.3106 0
      vertex 3.58425 24.6278 0
      vertex 3.58425 17.3522 0
    endloop
  endfacet
  facet normal 0 0 -1
    outer loop
      vertex 3.56938 17.3106 0
      vertex 3.56938 24.6694 0
      vertex 3.58425 24.6278 0
    endloop
  endfacet
  facet normal 0 0 -1
    outer loop
      vertex 3.55865 17.2678 0
      vertex 3.56938 24.6694 0
      vertex 3.56938 17.3106 0
    endloop
  endfacet
  facet normal 0 0 -1
    outer loop
      vertex 3.55865 17.2678 0
      vertex 3.55865 24.7122 0
      vertex 3.56938 24.6694 0
    endloop
  endfacet
  facet normal 0 0 -1
    outer loop
      vertex 3.55217 17.2241 0
      vertex 3.55865 24.7122 0
      vertex 3.55865 17.2678 0
    endloop
  endfacet
  facet normal 0 0 -1
    outer loop
      vertex 3.55217 17.2241 0
      vertex 3.55217 24.7559 0
      vertex 3.55865 24.7122 0
    endloop
  endfacet
  facet normal 0 0 -1
    outer loop
      vertex 3.55 17.18 0
      vertex 3.55217 24.7559 0
      vertex 3.55217 17.2241 0
    endloop
  endfacet
  facet normal -0 0 -1
    outer loop
      vertex 3.55217 24.7559 0
      vertex 3.55 17.18 0
      vertex 3.55 24.8 0
    endloop
  endfacet
  facet normal 0 0 -1
    outer loop
      vertex 17.9 17 0
      vertex 17 17 0
      vertex 17.9 17.2 0
    endloop
  endfacet
  facet normal 0 0 -1
    outer loop
      vertex 38.1919 3.29188 0
      vertex 39.8 1.2 0
      vertex 38.2241 3.16337 0
    endloop
  endfacet
  facet normal 0 0 -1
    outer loop
      vertex 39.8 30.6 0
      vertex 38.2435 28.7677 0
      vertex 38.25 28.9 0
    endloop
  endfacet
  facet normal 0 0 -1
    outer loop
      vertex 38.1472 3.41662 0
      vertex 39.8 1.2 0
      vertex 38.1919 3.29188 0
    endloop
  endfacet
  facet normal 0 0 -1
    outer loop
      vertex 39.8 30.6 0
      vertex 38.2241 28.6366 0
      vertex 38.2435 28.7677 0
    endloop
  endfacet
  facet normal 0 0 -1
    outer loop
      vertex 38.0906 3.53639 0
      vertex 39.8 1.2 0
      vertex 38.1472 3.41662 0
    endloop
  endfacet
  facet normal 0 0 -1
    outer loop
      vertex 39.8 30.6 0
      vertex 38.1919 28.5081 0
      vertex 38.2241 28.6366 0
    endloop
  endfacet
  facet normal 0 0 -1
    outer loop
      vertex 38.0225 3.65002 0
      vertex 39.8 1.2 0
      vertex 38.0906 3.53639 0
    endloop
  endfacet
  facet normal 0 0 -1
    outer loop
      vertex 39.8 30.6 0
      vertex 38.1472 28.3834 0
      vertex 38.1919 28.5081 0
    endloop
  endfacet
  facet normal 0 0 -1
    outer loop
      vertex 39.8 1.2 0
      vertex 38.0225 3.65002 0
      vertex 39.8 30.6 0
    endloop
  endfacet
  facet normal 0 0 -1
    outer loop
      vertex 39.8 30.6 0
      vertex 38.0906 28.2636 0
      vertex 38.1472 28.3834 0
    endloop
  endfacet
  facet normal 0 0 -1
    outer loop
      vertex 38.0225 28.15 0
      vertex 39.8 30.6 0
      vertex 38.0225 3.65002 0
    endloop
  endfacet
  facet normal 0 0 -1
    outer loop
      vertex 39.8 30.6 0
      vertex 38.0225 28.15 0
      vertex 38.0906 28.2636 0
    endloop
  endfacet
  facet normal 0 0 -1
    outer loop
      vertex 37.9436 3.75643 0
      vertex 38.0225 28.15 0
      vertex 38.0225 3.65002 0
    endloop
  endfacet
  facet normal 0 0 -1
    outer loop
      vertex 37.9436 3.75643 0
      vertex 37.9436 28.0436 0
      vertex 38.0225 28.15 0
    endloop
  endfacet
  facet normal 0 0 -1
    outer loop
      vertex 37.8546 3.85459 0
      vertex 37.9436 28.0436 0
      vertex 37.9436 3.75643 0
    endloop
  endfacet
  facet normal 0 0 -1
    outer loop
      vertex 37.8546 3.85459 0
      vertex 37.8546 27.9454 0
      vertex 37.9436 28.0436 0
    endloop
  endfacet
  facet normal 0 0 -1
    outer loop
      vertex 37.7564 3.94356 0
      vertex 37.8546 27.9454 0
      vertex 37.8546 3.85459 0
    endloop
  endfacet
  facet normal 0 0 -1
    outer loop
      vertex 37.7564 3.94356 0
      vertex 37.7564 27.8564 0
      vertex 37.8546 27.9454 0
    endloop
  endfacet
  facet normal 0 0 -1
    outer loop
      vertex 37.65 4.02248 0
      vertex 37.7564 27.8564 0
      vertex 37.7564 3.94356 0
    endloop
  endfacet
  facet normal 0 0 -1
    outer loop
      vertex 37.65 4.02248 0
      vertex 37.65 27.7775 0
      vertex 37.7564 27.8564 0
    endloop
  endfacet
  facet normal 0 0 -1
    outer loop
      vertex 37.5364 4.09059 0
      vertex 37.65 27.7775 0
      vertex 37.65 4.02248 0
    endloop
  endfacet
  facet normal 0 0 -1
    outer loop
      vertex 37.5364 4.09059 0
      vertex 37.5364 27.7094 0
      vertex 37.65 27.7775 0
    endloop
  endfacet
  facet normal 0 0 -1
    outer loop
      vertex 37.4166 4.14724 0
      vertex 37.5364 27.7094 0
      vertex 37.5364 4.09059 0
    endloop
  endfacet
  facet normal 0 0 -1
    outer loop
      vertex 37.4166 4.14724 0
      vertex 37.4166 27.6528 0
      vertex 37.5364 27.7094 0
    endloop
  endfacet
  facet normal 0 0 -1
    outer loop
      vertex 37.2919 4.19187 0
      vertex 37.4166 27.6528 0
      vertex 37.4166 4.14724 0
    endloop
  endfacet
  facet normal 0 0 -1
    outer loop
      vertex 37.2919 4.19187 0
      vertex 37.2919 27.6081 0
      vertex 37.4166 27.6528 0
    endloop
  endfacet
  facet normal 0 0 -1
    outer loop
      vertex 37.1634 4.22406 0
      vertex 37.2919 27.6081 0
      vertex 37.2919 4.19187 0
    endloop
  endfacet
  facet normal 0 0 -1
    outer loop
      vertex 37.1634 4.22406 0
      vertex 37.1634 27.5759 0
      vertex 37.2919 27.6081 0
    endloop
  endfacet
  facet normal 0 0 -1
    outer loop
      vertex 37.0323 4.2435 0
      vertex 37.1634 27.5759 0
      vertex 37.1634 4.22406 0
    endloop
  endfacet
  facet normal 0 0 -1
    outer loop
      vertex 37.0323 4.2435 0
      vertex 37.0323 27.5565 0
      vertex 37.1634 27.5759 0
    endloop
  endfacet
  facet normal 0 0 -1
    outer loop
      vertex 36.9 4.25 0
      vertex 37.0323 27.5565 0
      vertex 37.0323 4.2435 0
    endloop
  endfacet
  facet normal 0 0 -1
    outer loop
      vertex 36.9 4.25 0
      vertex 36.9 27.55 0
      vertex 37.0323 27.5565 0
    endloop
  endfacet
  facet normal 0 0 -1
    outer loop
      vertex 36.7677 4.2435 0
      vertex 36.9 27.55 0
      vertex 36.9 4.25 0
    endloop
  endfacet
  facet normal 0 0 -1
    outer loop
      vertex 36.7677 4.2435 0
      vertex 36.7677 27.5565 0
      vertex 36.9 27.55 0
    endloop
  endfacet
  facet normal 0 0 -1
    outer loop
      vertex 23.9 15.9 0
      vertex 36.7677 4.2435 0
      vertex 36.6366 4.22406 0
    endloop
  endfacet
  facet normal 0 0 -1
    outer loop
      vertex 36.7677 4.2435 0
      vertex 23.9 15.9 0
      vertex 36.7677 27.5565 0
    endloop
  endfacet
  facet normal 0 0 -1
    outer loop
      vertex 23.8947 15.7922 0
      vertex 36.6366 4.22406 0
      vertex 36.5081 4.19187 0
    endloop
  endfacet
  facet normal -0 0 -1
    outer loop
      vertex 36.7677 27.5565 0
      vertex 23.9 15.9 0
      vertex 36.6366 27.5759 0
    endloop
  endfacet
  facet normal 0 0 -1
    outer loop
      vertex 23.8789 15.6854 0
      vertex 36.5081 4.19187 0
      vertex 36.3834 4.14724 0
    endloop
  endfacet
  facet normal 0 0 -1
    outer loop
      vertex 23.8947 16.0078 0
      vertex 36.6366 27.5759 0
      vertex 23.9 15.9 0
    endloop
  endfacet
  facet normal 0 0 -1
    outer loop
      vertex 23.8526 15.5807 0
      vertex 36.3834 4.14724 0
      vertex 36.2636 4.09059 0
    endloop
  endfacet
  facet normal -0 0 -1
    outer loop
      vertex 36.6366 27.5759 0
      vertex 23.8947 16.0078 0
      vertex 36.5081 27.6081 0
    endloop
  endfacet
  facet normal 0 0 -1
    outer loop
      vertex 23.7701 15.3815 0
      vertex 36.2636 4.09059 0
      vertex 36.15 4.02248 0
    endloop
  endfacet
  facet normal 0 0 -1
    outer loop
      vertex 23.8789 16.1146 0
      vertex 36.5081 27.6081 0
      vertex 23.8947 16.0078 0
    endloop
  endfacet
  facet normal 0 0 -1
    outer loop
      vertex 23.7146 15.2889 0
      vertex 36.15 4.02248 0
      vertex 36.0436 3.94356 0
    endloop
  endfacet
  facet normal -0 0 -1
    outer loop
      vertex 36.5081 27.6081 0
      vertex 23.8789 16.1146 0
      vertex 36.3834 27.6528 0
    endloop
  endfacet
  facet normal 0 0 -1
    outer loop
      vertex 23.6503 15.2022 0
      vertex 36.0436 3.94356 0
      vertex 35.9454 3.85459 0
    endloop
  endfacet
  facet normal 0 0 -1
    outer loop
      vertex 23.8526 16.2193 0
      vertex 36.3834 27.6528 0
      vertex 23.8789 16.1146 0
    endloop
  endfacet
  facet normal 0 0 -1
    outer loop
      vertex 23.5778 15.1222 0
      vertex 35.9454 3.85459 0
      vertex 35.8564 3.75643 0
    endloop
  endfacet
  facet normal -0 0 -1
    outer loop
      vertex 36.3834 27.6528 0
      vertex 23.8526 16.2193 0
      vertex 36.2636 27.7094 0
    endloop
  endfacet
  facet normal 0 0 -1
    outer loop
      vertex 23.4978 15.0497 0
      vertex 35.8564 3.75643 0
      vertex 35.7775 3.65002 0
    endloop
  endfacet
  facet normal 0 0 -1
    outer loop
      vertex 23.8163 16.321 0
      vertex 36.2636 27.7094 0
      vertex 23.8526 16.2193 0
    endloop
  endfacet
  facet normal 0 0 -1
    outer loop
      vertex 23.4111 14.9854 0
      vertex 35.7775 3.65002 0
      vertex 35.7094 3.53639 0
    endloop
  endfacet
  facet normal 0 0 -1
    outer loop
      vertex 23.7701 16.4185 0
      vertex 36.2636 27.7094 0
      vertex 23.8163 16.321 0
    endloop
  endfacet
  facet normal 0 0 -1
    outer loop
      vertex 23.3185 14.9299 0
      vertex 35.7094 3.53639 0
      vertex 35.6528 3.41662 0
    endloop
  endfacet
  facet normal -0 0 -1
    outer loop
      vertex 36.2636 27.7094 0
      vertex 23.7701 16.4185 0
      vertex 36.15 27.7775 0
    endloop
  endfacet
  facet normal 0 0 -1
    outer loop
      vertex 23.221 14.8837 0
      vertex 35.6528 3.41662 0
      vertex 35.6081 3.29188 0
    endloop
  endfacet
  facet normal 0 0 -1
    outer loop
      vertex 23.7146 16.5111 0
      vertex 36.15 27.7775 0
      vertex 23.7701 16.4185 0
    endloop
  endfacet
  facet normal 0 0 -1
    outer loop
      vertex 23.1193 14.8474 0
      vertex 35.6081 3.29188 0
      vertex 35.5759 3.16337 0
    endloop
  endfacet
  facet normal -0 0 -1
    outer loop
      vertex 36.15 27.7775 0
      vertex 23.7146 16.5111 0
      vertex 36.0436 27.8564 0
    endloop
  endfacet
  facet normal 0 0 -1
    outer loop
      vertex 23.0146 14.8211 0
      vertex 35.5759 3.16337 0
      vertex 35.5565 3.03232 0
    endloop
  endfacet
  facet normal 0 0 -1
    outer loop
      vertex 23.6503 16.5978 0
      vertex 36.0436 27.8564 0
      vertex 23.7146 16.5111 0
    endloop
  endfacet
  facet normal 0 0 -1
    outer loop
      vertex 21.9 14.6 0
      vertex 35.5565 3.03232 0
      vertex 35.55 2.9 0
    endloop
  endfacet
  facet normal -0 0 -1
    outer loop
      vertex 36.0436 27.8564 0
      vertex 23.6503 16.5978 0
      vertex 35.9454 27.9454 0
    endloop
  endfacet
  facet normal 0 0 -1
    outer loop
      vertex 37.8546 1.94541 0
      vertex 39.8 1.2 0
      vertex 39.7942 1.08238 0
    endloop
  endfacet
  facet normal 0 0 -1
    outer loop
      vertex 38.2435 3.03232 0
      vertex 39.8 1.2 0
      vertex 38.25 2.9 0
    endloop
  endfacet
  facet normal 0 0 -1
    outer loop
      vertex 37.8546 1.94541 0
      vertex 39.7942 1.08238 0
      vertex 39.7769 0.965891 0
    endloop
  endfacet
  facet normal 0 0 -1
    outer loop
      vertex 38.2241 3.16337 0
      vertex 39.8 1.2 0
      vertex 38.2435 3.03232 0
    endloop
  endfacet
  facet normal 0 0 -1
    outer loop
      vertex 37.8546 1.94541 0
      vertex 39.7769 0.965891 0
      vertex 39.7483 0.851658 0
    endloop
  endfacet
  facet normal 0 0 -1
    outer loop
      vertex 38.2435 29.0323 0
      vertex 39.8 30.6 0
      vertex 38.25 28.9 0
    endloop
  endfacet
  facet normal 0 0 -1
    outer loop
      vertex 37.8546 1.94541 0
      vertex 39.7483 0.851658 0
      vertex 39.7087 0.74078 0
    endloop
  endfacet
  facet normal 0 0 -1
    outer loop
      vertex 38.2241 29.1634 0
      vertex 39.8 30.6 0
      vertex 38.2435 29.0323 0
    endloop
  endfacet
  facet normal 0 0 -1
    outer loop
      vertex 37.8546 1.94541 0
      vertex 39.7087 0.74078 0
      vertex 39.6583 0.634323 0
    endloop
  endfacet
  facet normal 0 0 -1
    outer loop
      vertex 38.1919 29.2919 0
      vertex 39.8 30.6 0
      vertex 38.2241 29.1634 0
    endloop
  endfacet
  facet normal 0 0 -1
    outer loop
      vertex 37.8546 1.94541 0
      vertex 39.6583 0.634323 0
      vertex 39.5978 0.533316 0
    endloop
  endfacet
  facet normal 0 0 -1
    outer loop
      vertex 38.1472 29.4166 0
      vertex 39.8 30.6 0
      vertex 38.1919 29.2919 0
    endloop
  endfacet
  facet normal 0 0 -1
    outer loop
      vertex 37.8546 1.94541 0
      vertex 39.5978 0.533316 0
      vertex 39.5276 0.438727 0
    endloop
  endfacet
  facet normal 0 0 -1
    outer loop
      vertex 38.0906 29.5364 0
      vertex 39.8 30.6 0
      vertex 38.1472 29.4166 0
    endloop
  endfacet
  facet normal 0 0 -1
    outer loop
      vertex 37.8546 1.94541 0
      vertex 39.5276 0.438727 0
      vertex 39.4485 0.351471 0
    endloop
  endfacet
  facet normal 0 0 -1
    outer loop
      vertex 38.0225 29.65 0
      vertex 39.8 30.6 0
      vertex 38.0906 29.5364 0
    endloop
  endfacet
  facet normal 0 0 -1
    outer loop
      vertex 37.8546 1.94541 0
      vertex 39.4485 0.351471 0
      vertex 39.3613 0.272387 0
    endloop
  endfacet
  facet normal 0 0 -1
    outer loop
      vertex 37.9436 29.7564 0
      vertex 39.8 30.6 0
      vertex 38.0225 29.65 0
    endloop
  endfacet
  facet normal 0 0 -1
    outer loop
      vertex 37.8546 1.94541 0
      vertex 39.3613 0.272387 0
      vertex 39.2667 0.202236 0
    endloop
  endfacet
  facet normal 0 0 -1
    outer loop
      vertex 37.8546 29.8546 0
      vertex 39.8 30.6 0
      vertex 37.9436 29.7564 0
    endloop
  endfacet
  facet normal 0 0 -1
    outer loop
      vertex 37.8546 1.94541 0
      vertex 39.2667 0.202236 0
      vertex 39.1657 0.141694 0
    endloop
  endfacet
  facet normal -0 0 -1
    outer loop
      vertex 39.8 30.6 0
      vertex 37.8546 29.8546 0
      vertex 39.7942 30.7176 0
    endloop
  endfacet
  facet normal 0 0 -1
    outer loop
      vertex 37.8546 1.94541 0
      vertex 39.1657 0.141694 0
      vertex 39.0592 0.0913439 0
    endloop
  endfacet
  facet normal -0 0 -1
    outer loop
      vertex 39.7942 30.7176 0
      vertex 37.8546 29.8546 0
      vertex 39.7769 30.8341 0
    endloop
  endfacet
  facet normal 0 0 -1
    outer loop
      vertex 37.8546 1.94541 0
      vertex 39.0592 0.0913439 0
      vertex 38.9483 0.051671 0
    endloop
  endfacet
  facet normal -0 0 -1
    outer loop
      vertex 39.7769 30.8341 0
      vertex 37.8546 29.8546 0
      vertex 39.7483 30.9483 0
    endloop
  endfacet
  facet normal 0 0 -1
    outer loop
      vertex 37.8546 1.94541 0
      vertex 38.9483 0.051671 0
      vertex 38.8341 0.023057 0
    endloop
  endfacet
  facet normal -0 0 -1
    outer loop
      vertex 39.7483 30.9483 0
      vertex 37.8546 29.8546 0
      vertex 39.7087 31.0592 0
    endloop
  endfacet
  facet normal 0 0 -1
    outer loop
      vertex 37.8546 1.94541 0
      vertex 38.8341 0.023057 0
      vertex 38.7176 0.00577831 0
    endloop
  endfacet
  facet normal -0 0 -1
    outer loop
      vertex 39.7087 31.0592 0
      vertex 37.8546 29.8546 0
      vertex 39.6583 31.1657 0
    endloop
  endfacet
  facet normal 0 0 -1
    outer loop
      vertex 37.8546 1.94541 0
      vertex 38.7176 0.00577831 0
      vertex 38.6 0 0
    endloop
  endfacet
  facet normal -0 0 -1
    outer loop
      vertex 39.6583 31.1657 0
      vertex 37.8546 29.8546 0
      vertex 39.5978 31.2667 0
    endloop
  endfacet
  facet normal -0 0 -1
    outer loop
      vertex 39.5978 31.2667 0
      vertex 37.8546 29.8546 0
      vertex 39.5276 31.3613 0
    endloop
  endfacet
  facet normal 0 0 -1
    outer loop
      vertex 39.8 1.2 0
      vertex 38.2435 2.76768 0
      vertex 38.25 2.9 0
    endloop
  endfacet
  facet normal 0 0 -1
    outer loop
      vertex 39.8 1.2 0
      vertex 38.2241 2.63663 0
      vertex 38.2435 2.76768 0
    endloop
  endfacet
  facet normal 0 0 -1
    outer loop
      vertex 39.8 1.2 0
      vertex 38.1919 2.50812 0
      vertex 38.2241 2.63663 0
    endloop
  endfacet
  facet normal 0 0 -1
    outer loop
      vertex 39.8 1.2 0
      vertex 38.1472 2.38338 0
      vertex 38.1919 2.50812 0
    endloop
  endfacet
  facet normal 0 0 -1
    outer loop
      vertex 39.8 1.2 0
      vertex 38.0906 2.26362 0
      vertex 38.1472 2.38338 0
    endloop
  endfacet
  facet normal 0 0 -1
    outer loop
      vertex 39.8 1.2 0
      vertex 38.0225 2.14998 0
      vertex 38.0906 2.26362 0
    endloop
  endfacet
  facet normal 0 0 -1
    outer loop
      vertex 39.8 1.2 0
      vertex 37.9436 2.04357 0
      vertex 38.0225 2.14998 0
    endloop
  endfacet
  facet normal 0 0 -1
    outer loop
      vertex 39.8 1.2 0
      vertex 37.8546 1.94541 0
      vertex 37.9436 2.04357 0
    endloop
  endfacet
  facet normal 0 0 -1
    outer loop
      vertex 38.6 0 0
      vertex 37.7564 1.85644 0
      vertex 37.8546 1.94541 0
    endloop
  endfacet
  facet normal 0 0 -1
    outer loop
      vertex 38.6 0 0
      vertex 37.65 1.77752 0
      vertex 37.7564 1.85644 0
    endloop
  endfacet
  facet normal 0 0 -1
    outer loop
      vertex 38.6 0 0
      vertex 37.5364 1.70941 0
      vertex 37.65 1.77752 0
    endloop
  endfacet
  facet normal 0 0 -1
    outer loop
      vertex 38.6 0 0
      vertex 37.4166 1.65276 0
      vertex 37.5364 1.70941 0
    endloop
  endfacet
  facet normal 0 0 -1
    outer loop
      vertex 38.6 0 0
      vertex 37.2919 1.60813 0
      vertex 37.4166 1.65276 0
    endloop
  endfacet
  facet normal 0 0 -1
    outer loop
      vertex 38.6 0 0
      vertex 37.1634 1.57594 0
      vertex 37.2919 1.60813 0
    endloop
  endfacet
  facet normal 0 0 -1
    outer loop
      vertex 38.6 0 0
      vertex 37.0323 1.5565 0
      vertex 37.1634 1.57594 0
    endloop
  endfacet
  facet normal 0 0 -1
    outer loop
      vertex 38.6 0 0
      vertex 36.9 1.55 0
      vertex 37.0323 1.5565 0
    endloop
  endfacet
  facet normal 0 0 -1
    outer loop
      vertex 38.6 0 0
      vertex 36.7677 1.5565 0
      vertex 36.9 1.55 0
    endloop
  endfacet
  facet normal 0 0 -1
    outer loop
      vertex 38.6 0 0
      vertex 36.6366 1.57594 0
      vertex 36.7677 1.5565 0
    endloop
  endfacet
  facet normal 0 0 -1
    outer loop
      vertex 38.6 0 0
      vertex 36.5081 1.60813 0
      vertex 36.6366 1.57594 0
    endloop
  endfacet
  facet normal 0 0 -1
    outer loop
      vertex 38.6 0 0
      vertex 36.3834 1.65276 0
      vertex 36.5081 1.60813 0
    endloop
  endfacet
  facet normal 0 0 -1
    outer loop
      vertex 38.6 0 0
      vertex 36.2636 1.70941 0
      vertex 36.3834 1.65276 0
    endloop
  endfacet
  facet normal 0 0 -1
    outer loop
      vertex 38.6 0 0
      vertex 36.15 1.77752 0
      vertex 36.2636 1.70941 0
    endloop
  endfacet
  facet normal 0 0 -1
    outer loop
      vertex 23.5778 16.6778 0
      vertex 35.9454 27.9454 0
      vertex 23.6503 16.5978 0
    endloop
  endfacet
  facet normal 0 0 -1
    outer loop
      vertex 21.9 14.6 0
      vertex 35.55 2.9 0
      vertex 35.5565 2.76768 0
    endloop
  endfacet
  facet normal 0 0 -1
    outer loop
      vertex 21.9 14.6 0
      vertex 35.5565 2.76768 0
      vertex 35.5759 2.63663 0
    endloop
  endfacet
  facet normal 0 0 -1
    outer loop
      vertex 21.9 14.6 0
      vertex 35.5759 2.63663 0
      vertex 35.6081 2.50812 0
    endloop
  endfacet
  facet normal 0 0 -1
    outer loop
      vertex 4.19187 2.50812 0
      vertex 35.6081 2.50812 0
      vertex 35.6528 2.38338 0
    endloop
  endfacet
  facet normal 0 0 -1
    outer loop
      vertex 4.14724 2.38338 0
      vertex 35.6528 2.38338 0
      vertex 35.7094 2.26362 0
    endloop
  endfacet
  facet normal 0 0 -1
    outer loop
      vertex 4.09059 2.26362 0
      vertex 35.7094 2.26362 0
      vertex 35.7775 2.14998 0
    endloop
  endfacet
  facet normal 0 0 -1
    outer loop
      vertex 4.02248 2.14998 0
      vertex 35.7775 2.14998 0
      vertex 35.8564 2.04357 0
    endloop
  endfacet
  facet normal 0 0 -1
    outer loop
      vertex 36.6366 4.22406 0
      vertex 23.8947 15.7922 0
      vertex 23.9 15.9 0
    endloop
  endfacet
  facet normal 0 0 -1
    outer loop
      vertex 36.5081 4.19187 0
      vertex 23.8789 15.6854 0
      vertex 23.8947 15.7922 0
    endloop
  endfacet
  facet normal 0 0 -1
    outer loop
      vertex 36.3834 4.14724 0
      vertex 23.8526 15.5807 0
      vertex 23.8789 15.6854 0
    endloop
  endfacet
  facet normal 0 0 -1
    outer loop
      vertex 36.2636 4.09059 0
      vertex 23.8163 15.479 0
      vertex 23.8526 15.5807 0
    endloop
  endfacet
  facet normal 0 0 -1
    outer loop
      vertex 36.2636 4.09059 0
      vertex 23.7701 15.3815 0
      vertex 23.8163 15.479 0
    endloop
  endfacet
  facet normal 0 0 -1
    outer loop
      vertex 36.15 4.02248 0
      vertex 23.7146 15.2889 0
      vertex 23.7701 15.3815 0
    endloop
  endfacet
  facet normal 0 0 -1
    outer loop
      vertex 3.94356 2.04357 0
      vertex 35.8564 2.04357 0
      vertex 35.9454 1.94541 0
    endloop
  endfacet
  facet normal 0 0 -1
    outer loop
      vertex 36.0436 3.94356 0
      vertex 23.6503 15.2022 0
      vertex 23.7146 15.2889 0
    endloop
  endfacet
  facet normal 0 0 -1
    outer loop
      vertex 35.9454 3.85459 0
      vertex 23.5778 15.1222 0
      vertex 23.6503 15.2022 0
    endloop
  endfacet
  facet normal 0 0 -1
    outer loop
      vertex 35.8564 3.75643 0
      vertex 23.4978 15.0497 0
      vertex 23.5778 15.1222 0
    endloop
  endfacet
  facet normal 0 0 -1
    outer loop
      vertex 35.7775 3.65002 0
      vertex 23.4111 14.9854 0
      vertex 23.4978 15.0497 0
    endloop
  endfacet
  facet normal 0 0 -1
    outer loop
      vertex 35.7094 3.53639 0
      vertex 23.3185 14.9299 0
      vertex 23.4111 14.9854 0
    endloop
  endfacet
  facet normal 0 0 -1
    outer loop
      vertex 35.6528 3.41662 0
      vertex 23.221 14.8837 0
      vertex 23.3185 14.9299 0
    endloop
  endfacet
  facet normal 0 0 -1
    outer loop
      vertex 35.6081 3.29188 0
      vertex 23.1193 14.8474 0
      vertex 23.221 14.8837 0
    endloop
  endfacet
  facet normal 0 0 -1
    outer loop
      vertex 35.5759 3.16337 0
      vertex 23.0146 14.8211 0
      vertex 23.1193 14.8474 0
    endloop
  endfacet
  facet normal 0 0 -1
    outer loop
      vertex 35.5565 3.03232 0
      vertex 22.9078 14.8053 0
      vertex 23.0146 14.8211 0
    endloop
  endfacet
  facet normal 0 0 -1
    outer loop
      vertex 35.5565 3.03232 0
      vertex 21.9 14.6 0
      vertex 22.9078 14.8053 0
    endloop
  endfacet
  facet normal 0 0 -1
    outer loop
      vertex 22.9078 14.8053 0
      vertex 21.9 14.6 0
      vertex 22.8 14.8 0
    endloop
  endfacet
  facet normal 0 0 -1
    outer loop
      vertex 3.85459 1.94541 0
      vertex 35.9454 1.94541 0
      vertex 36.0436 1.85644 0
    endloop
  endfacet
  facet normal 0 0 -1
    outer loop
      vertex 35.6081 2.50812 0
      vertex 17.9 14.6 0
      vertex 21.9 14.6 0
    endloop
  endfacet
  facet normal 0 0 -1
    outer loop
      vertex 3.75643 1.85644 0
      vertex 36.0436 1.85644 0
      vertex 36.15 1.77752 0
    endloop
  endfacet
  facet normal 0 0 -1
    outer loop
      vertex 3.65002 1.77752 0
      vertex 36.15 1.77752 0
      vertex 38.6 0 0
    endloop
  endfacet
  facet normal 0 0 -1
    outer loop
      vertex 17.9 14.6 0
      vertex 17 14.8 0
      vertex 17.9 14.8 0
    endloop
  endfacet
  facet normal 0 0 -1
    outer loop
      vertex 35.6081 2.50812 0
      vertex 4.19187 2.50812 0
      vertex 17.9 14.6 0
    endloop
  endfacet
  facet normal 0 -0 -1
    outer loop
      vertex 4.22406 2.63663 0
      vertex 17.9 14.6 0
      vertex 4.19187 2.50812 0
    endloop
  endfacet
  facet normal 0 -0 -1
    outer loop
      vertex 4.2435 2.76768 0
      vertex 17.9 14.6 0
      vertex 4.22406 2.63663 0
    endloop
  endfacet
  facet normal 0 -0 -1
    outer loop
      vertex 4.25 2.9 0
      vertex 17.9 14.6 0
      vertex 4.2435 2.76768 0
    endloop
  endfacet
  facet normal 0 0 -1
    outer loop
      vertex 4.2435 3.03232 0
      vertex 17.9 14.6 0
      vertex 4.25 2.9 0
    endloop
  endfacet
  facet normal 0 0 -1
    outer loop
      vertex 17.9 14.6 0
      vertex 16.8922 14.8053 0
      vertex 17 14.8 0
    endloop
  endfacet
  facet normal -0 0 -1
    outer loop
      vertex 17.9 14.6 0
      vertex 4.2435 3.03232 0
      vertex 16.8922 14.8053 0
    endloop
  endfacet
  facet normal 0 0 -1
    outer loop
      vertex 4.43062 17.0494 0
      vertex 15.9 15.9 0
      vertex 15.9053 15.7922 0
    endloop
  endfacet
  facet normal 0 0 -1
    outer loop
      vertex 4.41575 17.0078 0
      vertex 15.9053 15.7922 0
      vertex 15.9211 15.6854 0
    endloop
  endfacet
  facet normal 0 0 -1
    outer loop
      vertex 4.39686 16.9679 0
      vertex 15.9211 15.6854 0
      vertex 15.9474 15.5807 0
    endloop
  endfacet
  facet normal 0 0 -1
    outer loop
      vertex 4.37416 16.93 0
      vertex 15.9474 15.5807 0
      vertex 15.9837 15.479 0
    endloop
  endfacet
  facet normal 0 0 -1
    outer loop
      vertex 4.34785 16.8945 0
      vertex 15.9837 15.479 0
      vertex 16.0299 15.3815 0
    endloop
  endfacet
  facet normal 0 0 -1
    outer loop
      vertex 4.3182 16.8618 0
      vertex 16.0299 15.3815 0
      vertex 16.0854 15.2889 0
    endloop
  endfacet
  facet normal 0 0 -1
    outer loop
      vertex 4.28548 16.8321 0
      vertex 16.0854 15.2889 0
      vertex 16.1497 15.2022 0
    endloop
  endfacet
  facet normal 0 0 -1
    outer loop
      vertex 3.85459 3.85459 0
      vertex 16.1497 15.2022 0
      vertex 16.2222 15.1222 0
    endloop
  endfacet
  facet normal 0 0 -1
    outer loop
      vertex 3.94356 3.75643 0
      vertex 16.2222 15.1222 0
      vertex 16.3022 15.0497 0
    endloop
  endfacet
  facet normal 0 0 -1
    outer loop
      vertex 4.02248 3.65002 0
      vertex 16.3022 15.0497 0
      vertex 16.3889 14.9854 0
    endloop
  endfacet
  facet normal -0 0 -1
    outer loop
      vertex 16.8922 14.8053 0
      vertex 4.2435 3.03232 0
      vertex 16.7854 14.8211 0
    endloop
  endfacet
  facet normal 0 0 -1
    outer loop
      vertex 15.9 15.9 0
      vertex 4.44783 17.1359 0
      vertex 4.45 17.18 0
    endloop
  endfacet
  facet normal 0 0 -1
    outer loop
      vertex 15.9 15.9 0
      vertex 4.44135 17.0922 0
      vertex 4.44783 17.1359 0
    endloop
  endfacet
  facet normal 0 0 -1
    outer loop
      vertex 15.9 15.9 0
      vertex 4.43062 17.0494 0
      vertex 4.44135 17.0922 0
    endloop
  endfacet
  facet normal 0 0 -1
    outer loop
      vertex 15.9053 15.7922 0
      vertex 4.41575 17.0078 0
      vertex 4.43062 17.0494 0
    endloop
  endfacet
  facet normal 0 0 -1
    outer loop
      vertex 4.09059 3.53639 0
      vertex 16.4815 14.9299 0
      vertex 4.14724 3.41662 0
    endloop
  endfacet
  facet normal -0 0 -1
    outer loop
      vertex 16.4815 14.9299 0
      vertex 4.09059 3.53639 0
      vertex 16.3889 14.9854 0
    endloop
  endfacet
  facet normal 0 0 -1
    outer loop
      vertex 15.9211 15.6854 0
      vertex 4.39686 16.9679 0
      vertex 4.41575 17.0078 0
    endloop
  endfacet
  facet normal 0 0 -1
    outer loop
      vertex 4.02248 3.65002 0
      vertex 16.3889 14.9854 0
      vertex 4.09059 3.53639 0
    endloop
  endfacet
  facet normal 0 0 -1
    outer loop
      vertex 15.9474 15.5807 0
      vertex 4.37416 16.93 0
      vertex 4.39686 16.9679 0
    endloop
  endfacet
  facet normal 0 0 -1
    outer loop
      vertex 16.3022 15.0497 0
      vertex 4.02248 3.65002 0
      vertex 3.94356 3.75643 0
    endloop
  endfacet
  facet normal -0 0 -1
    outer loop
      vertex 16.6807 14.8474 0
      vertex 4.19187 3.29188 0
      vertex 16.579 14.8837 0
    endloop
  endfacet
  facet normal 0 0 -1
    outer loop
      vertex 4.19187 3.29188 0
      vertex 16.6807 14.8474 0
      vertex 4.22406 3.16337 0
    endloop
  endfacet
  facet normal -0 0 -1
    outer loop
      vertex 16.7854 14.8211 0
      vertex 4.22406 3.16337 0
      vertex 16.6807 14.8474 0
    endloop
  endfacet
  facet normal 0 0 -1
    outer loop
      vertex 4.22406 3.16337 0
      vertex 16.7854 14.8211 0
      vertex 4.2435 3.03232 0
    endloop
  endfacet
  facet normal 0 0 -1
    outer loop
      vertex 35.6528 2.38338 0
      vertex 4.14724 2.38338 0
      vertex 4.19187 2.50812 0
    endloop
  endfacet
  facet normal 0 0 -1
    outer loop
      vertex 35.7094 2.26362 0
      vertex 4.09059 2.26362 0
      vertex 4.14724 2.38338 0
    endloop
  endfacet
  facet normal 0 0 -1
    outer loop
      vertex 35.7775 2.14998 0
      vertex 4.02248 2.14998 0
      vertex 4.09059 2.26362 0
    endloop
  endfacet
  facet normal 0 0 -1
    outer loop
      vertex 35.8564 2.04357 0
      vertex 3.94356 2.04357 0
      vertex 4.02248 2.14998 0
    endloop
  endfacet
  facet normal 0 0 -1
    outer loop
      vertex 35.9454 1.94541 0
      vertex 3.85459 1.94541 0
      vertex 3.94356 2.04357 0
    endloop
  endfacet
  facet normal 0 0 -1
    outer loop
      vertex 36.0436 1.85644 0
      vertex 3.75643 1.85644 0
      vertex 3.85459 1.94541 0
    endloop
  endfacet
  facet normal 0 0 -1
    outer loop
      vertex 36.15 1.77752 0
      vertex 3.65002 1.77752 0
      vertex 3.75643 1.85644 0
    endloop
  endfacet
  facet normal 0 0 -1
    outer loop
      vertex 1.2 0 0
      vertex 3.65002 1.77752 0
      vertex 38.6 0 0
    endloop
  endfacet
  facet normal 0 0 -1
    outer loop
      vertex 3.65002 1.77752 0
      vertex 1.2 0 0
      vertex 3.53639 1.70941 0
    endloop
  endfacet
  facet normal 0 0 -1
    outer loop
      vertex 3.53639 1.70941 0
      vertex 1.2 0 0
      vertex 3.41662 1.65276 0
    endloop
  endfacet
  facet normal 0 0 -1
    outer loop
      vertex 3.41662 1.65276 0
      vertex 1.2 0 0
      vertex 3.29188 1.60813 0
    endloop
  endfacet
  facet normal 0 0 -1
    outer loop
      vertex 3.29188 1.60813 0
      vertex 1.2 0 0
      vertex 3.16337 1.57594 0
    endloop
  endfacet
  facet normal 0 0 -1
    outer loop
      vertex 3.16337 1.57594 0
      vertex 1.2 0 0
      vertex 3.03232 1.5565 0
    endloop
  endfacet
  facet normal -0 0 -1
    outer loop
      vertex 1.5565 2.76768 0
      vertex 0 1.2 0
      vertex 1.55 2.9 0
    endloop
  endfacet
  facet normal -0 0 -1
    outer loop
      vertex 1.57594 2.63663 0
      vertex 0 1.2 0
      vertex 1.5565 2.76768 0
    endloop
  endfacet
  facet normal -0 0 -1
    outer loop
      vertex 1.60813 2.50812 0
      vertex 0 1.2 0
      vertex 1.57594 2.63663 0
    endloop
  endfacet
  facet normal -0 0 -1
    outer loop
      vertex 1.65276 2.38338 0
      vertex 0 1.2 0
      vertex 1.60813 2.50812 0
    endloop
  endfacet
  facet normal -0 0 -1
    outer loop
      vertex 1.70941 2.26362 0
      vertex 0 1.2 0
      vertex 1.65276 2.38338 0
    endloop
  endfacet
  facet normal -0 0 -1
    outer loop
      vertex 1.77752 2.14998 0
      vertex 0 1.2 0
      vertex 1.70941 2.26362 0
    endloop
  endfacet
  facet normal -0 0 -1
    outer loop
      vertex 1.85644 2.04357 0
      vertex 0 1.2 0
      vertex 1.77752 2.14998 0
    endloop
  endfacet
  facet normal -0 0 -1
    outer loop
      vertex 1.94541 1.94541 0
      vertex 0 1.2 0
      vertex 1.85644 2.04357 0
    endloop
  endfacet
  facet normal 0 0 -1
    outer loop
      vertex 0 1.2 0
      vertex 1.94541 1.94541 0
      vertex 1.2 0 0
    endloop
  endfacet
  facet normal -0 0 -1
    outer loop
      vertex 2.04357 1.85644 0
      vertex 1.2 0 0
      vertex 1.94541 1.94541 0
    endloop
  endfacet
  facet normal -0 0 -1
    outer loop
      vertex 2.14998 1.77752 0
      vertex 1.2 0 0
      vertex 2.04357 1.85644 0
    endloop
  endfacet
  facet normal -0 0 -1
    outer loop
      vertex 2.26362 1.70941 0
      vertex 1.2 0 0
      vertex 2.14998 1.77752 0
    endloop
  endfacet
  facet normal -0 0 -1
    outer loop
      vertex 2.38338 1.65276 0
      vertex 1.2 0 0
      vertex 2.26362 1.70941 0
    endloop
  endfacet
  facet normal -0 0 -1
    outer loop
      vertex 2.50812 1.60813 0
      vertex 1.2 0 0
      vertex 2.38338 1.65276 0
    endloop
  endfacet
  facet normal -0 0 -1
    outer loop
      vertex 2.63663 1.57594 0
      vertex 1.2 0 0
      vertex 2.50812 1.60813 0
    endloop
  endfacet
  facet normal -0 0 -1
    outer loop
      vertex 2.76768 1.5565 0
      vertex 1.2 0 0
      vertex 2.63663 1.57594 0
    endloop
  endfacet
  facet normal -0 0 -1
    outer loop
      vertex 2.9 1.55 0
      vertex 1.2 0 0
      vertex 2.76768 1.5565 0
    endloop
  endfacet
  facet normal 0 0 -1
    outer loop
      vertex 3.03232 1.5565 0
      vertex 1.2 0 0
      vertex 2.9 1.55 0
    endloop
  endfacet
  facet normal -0 0 -1
    outer loop
      vertex 39.5276 31.3613 0
      vertex 37.8546 29.8546 0
      vertex 39.4485 31.4485 0
    endloop
  endfacet
  facet normal -0 0 -1
    outer loop
      vertex 39.4485 31.4485 0
      vertex 37.8546 29.8546 0
      vertex 39.3613 31.5276 0
    endloop
  endfacet
  facet normal -0 0 -1
    outer loop
      vertex 39.3613 31.5276 0
      vertex 37.8546 29.8546 0
      vertex 39.2667 31.5978 0
    endloop
  endfacet
  facet normal -0 0 -1
    outer loop
      vertex 39.2667 31.5978 0
      vertex 37.8546 29.8546 0
      vertex 39.1657 31.6583 0
    endloop
  endfacet
  facet normal -0 0 -1
    outer loop
      vertex 39.1657 31.6583 0
      vertex 37.8546 29.8546 0
      vertex 39.0592 31.7087 0
    endloop
  endfacet
  facet normal -0 0 -1
    outer loop
      vertex 39.0592 31.7087 0
      vertex 37.8546 29.8546 0
      vertex 38.9483 31.7483 0
    endloop
  endfacet
  facet normal -0 0 -1
    outer loop
      vertex 38.9483 31.7483 0
      vertex 37.8546 29.8546 0
      vertex 38.8341 31.7769 0
    endloop
  endfacet
  facet normal -0 0 -1
    outer loop
      vertex 38.8341 31.7769 0
      vertex 37.8546 29.8546 0
      vertex 38.7176 31.7942 0
    endloop
  endfacet
  facet normal -0 0 -1
    outer loop
      vertex 38.7176 31.7942 0
      vertex 37.8546 29.8546 0
      vertex 38.6 31.8 0
    endloop
  endfacet
  facet normal 0 0 -1
    outer loop
      vertex 37.7564 29.9436 0
      vertex 38.6 31.8 0
      vertex 37.8546 29.8546 0
    endloop
  endfacet
  facet normal 0 0 -1
    outer loop
      vertex 37.65 30.0225 0
      vertex 38.6 31.8 0
      vertex 37.7564 29.9436 0
    endloop
  endfacet
  facet normal 0 0 -1
    outer loop
      vertex 37.5364 30.0906 0
      vertex 38.6 31.8 0
      vertex 37.65 30.0225 0
    endloop
  endfacet
  facet normal 0 0 -1
    outer loop
      vertex 37.4166 30.1472 0
      vertex 38.6 31.8 0
      vertex 37.5364 30.0906 0
    endloop
  endfacet
  facet normal 0 0 -1
    outer loop
      vertex 37.2919 30.1919 0
      vertex 38.6 31.8 0
      vertex 37.4166 30.1472 0
    endloop
  endfacet
  facet normal 0 0 -1
    outer loop
      vertex 37.1634 30.2241 0
      vertex 38.6 31.8 0
      vertex 37.2919 30.1919 0
    endloop
  endfacet
  facet normal 0 0 -1
    outer loop
      vertex 37.0323 30.2435 0
      vertex 38.6 31.8 0
      vertex 37.1634 30.2241 0
    endloop
  endfacet
  facet normal 0 0 -1
    outer loop
      vertex 36.9 30.25 0
      vertex 38.6 31.8 0
      vertex 37.0323 30.2435 0
    endloop
  endfacet
  facet normal 0 0 -1
    outer loop
      vertex 36.7677 30.2435 0
      vertex 38.6 31.8 0
      vertex 36.9 30.25 0
    endloop
  endfacet
  facet normal 0 0 -1
    outer loop
      vertex 36.6366 30.2241 0
      vertex 38.6 31.8 0
      vertex 36.7677 30.2435 0
    endloop
  endfacet
  facet normal 0 0 -1
    outer loop
      vertex 36.5081 30.1919 0
      vertex 38.6 31.8 0
      vertex 36.6366 30.2241 0
    endloop
  endfacet
  facet normal 0 0 -1
    outer loop
      vertex 36.3834 30.1472 0
      vertex 38.6 31.8 0
      vertex 36.5081 30.1919 0
    endloop
  endfacet
  facet normal 0 0 -1
    outer loop
      vertex 36.2636 30.0906 0
      vertex 38.6 31.8 0
      vertex 36.3834 30.1472 0
    endloop
  endfacet
  facet normal 0 0 -1
    outer loop
      vertex 36.15 30.0225 0
      vertex 38.6 31.8 0
      vertex 36.2636 30.0906 0
    endloop
  endfacet
  facet normal -0 0 -1
    outer loop
      vertex 35.9454 27.9454 0
      vertex 23.5778 16.6778 0
      vertex 35.8564 28.0436 0
    endloop
  endfacet
  facet normal 0 0 -1
    outer loop
      vertex 23.4978 16.7503 0
      vertex 35.8564 28.0436 0
      vertex 23.5778 16.6778 0
    endloop
  endfacet
  facet normal -0 0 -1
    outer loop
      vertex 35.8564 28.0436 0
      vertex 23.4978 16.7503 0
      vertex 35.7775 28.15 0
    endloop
  endfacet
  facet normal 0 0 -1
    outer loop
      vertex 23.4111 16.8146 0
      vertex 35.7775 28.15 0
      vertex 23.4978 16.7503 0
    endloop
  endfacet
  facet normal -0 0 -1
    outer loop
      vertex 35.7775 28.15 0
      vertex 23.4111 16.8146 0
      vertex 35.7094 28.2636 0
    endloop
  endfacet
  facet normal 0 0 -1
    outer loop
      vertex 23.3185 16.8701 0
      vertex 35.7094 28.2636 0
      vertex 23.4111 16.8146 0
    endloop
  endfacet
  facet normal -0 0 -1
    outer loop
      vertex 35.7094 28.2636 0
      vertex 23.3185 16.8701 0
      vertex 35.6528 28.3834 0
    endloop
  endfacet
  facet normal 0 0 -1
    outer loop
      vertex 23.221 16.9163 0
      vertex 35.6528 28.3834 0
      vertex 23.3185 16.8701 0
    endloop
  endfacet
  facet normal -0 0 -1
    outer loop
      vertex 35.6528 28.3834 0
      vertex 23.221 16.9163 0
      vertex 35.6081 28.5081 0
    endloop
  endfacet
  facet normal 0 0 -1
    outer loop
      vertex 23.1193 16.9526 0
      vertex 35.6081 28.5081 0
      vertex 23.221 16.9163 0
    endloop
  endfacet
  facet normal -0 0 -1
    outer loop
      vertex 35.6081 28.5081 0
      vertex 23.1193 16.9526 0
      vertex 35.5759 28.6366 0
    endloop
  endfacet
  facet normal 0 0 -1
    outer loop
      vertex 23.0146 16.9789 0
      vertex 35.5759 28.6366 0
      vertex 23.1193 16.9526 0
    endloop
  endfacet
  facet normal -0 0 -1
    outer loop
      vertex 35.5759 28.6366 0
      vertex 23.0146 16.9789 0
      vertex 35.5565 28.7677 0
    endloop
  endfacet
  facet normal 0 0 -1
    outer loop
      vertex 22.9078 16.9947 0
      vertex 35.5565 28.7677 0
      vertex 23.0146 16.9789 0
    endloop
  endfacet
  facet normal 0 0 -1
    outer loop
      vertex 21.9 17.2 0
      vertex 35.5565 28.7677 0
      vertex 22.9078 16.9947 0
    endloop
  endfacet
  facet normal -0 0 -1
    outer loop
      vertex 35.5565 28.7677 0
      vertex 21.9 17.2 0
      vertex 35.55 28.9 0
    endloop
  endfacet
  facet normal -0 0 -1
    outer loop
      vertex 35.55 28.9 0
      vertex 21.9 17.2 0
      vertex 35.5565 29.0323 0
    endloop
  endfacet
  facet normal -0 0 -1
    outer loop
      vertex 35.5565 29.0323 0
      vertex 21.9 17.2 0
      vertex 35.5759 29.1634 0
    endloop
  endfacet
  facet normal -0 0 -1
    outer loop
      vertex 35.5759 29.1634 0
      vertex 21.9 17.2 0
      vertex 35.6081 29.2919 0
    endloop
  endfacet
  facet normal 0 0 -1
    outer loop
      vertex 17.9 17.2 0
      vertex 35.6081 29.2919 0
      vertex 21.9 17.2 0
    endloop
  endfacet
  facet normal 0 0 -1
    outer loop
      vertex 4.19187 29.2919 0
      vertex 35.6081 29.2919 0
      vertex 17.9 17.2 0
    endloop
  endfacet
  facet normal 0 0 -1
    outer loop
      vertex 35.6081 29.2919 0
      vertex 4.19187 29.2919 0
      vertex 35.6528 29.4166 0
    endloop
  endfacet
  facet normal 0 0 -1
    outer loop
      vertex 4.14724 29.4166 0
      vertex 35.6528 29.4166 0
      vertex 4.19187 29.2919 0
    endloop
  endfacet
  facet normal 0 0 -1
    outer loop
      vertex 21.9 17.2 0
      vertex 22.9078 16.9947 0
      vertex 22.8 17 0
    endloop
  endfacet
  facet normal 0 0 -1
    outer loop
      vertex 21.9 17.2 0
      vertex 22.8 17 0
      vertex 21.9 17 0
    endloop
  endfacet
  facet normal 0 0 -1
    outer loop
      vertex 35.6528 29.4166 0
      vertex 4.14724 29.4166 0
      vertex 35.7094 29.5364 0
    endloop
  endfacet
  facet normal 0 0 -1
    outer loop
      vertex 4.09059 29.5364 0
      vertex 35.7094 29.5364 0
      vertex 4.14724 29.4166 0
    endloop
  endfacet
  facet normal 0 0 -1
    outer loop
      vertex 35.7094 29.5364 0
      vertex 4.09059 29.5364 0
      vertex 35.7775 29.65 0
    endloop
  endfacet
  facet normal 0 0 -1
    outer loop
      vertex 4.02248 29.65 0
      vertex 35.7775 29.65 0
      vertex 4.09059 29.5364 0
    endloop
  endfacet
  facet normal 0 0 -1
    outer loop
      vertex 35.7775 29.65 0
      vertex 4.02248 29.65 0
      vertex 35.8564 29.7564 0
    endloop
  endfacet
  facet normal 0 0 -1
    outer loop
      vertex 16.8922 16.9947 0
      vertex 17.9 17.2 0
      vertex 17 17 0
    endloop
  endfacet
  facet normal 0 0 -1
    outer loop
      vertex 4.2435 28.7677 0
      vertex 17.9 17.2 0
      vertex 16.8922 16.9947 0
    endloop
  endfacet
  facet normal 0 0 -1
    outer loop
      vertex 4.2435 28.7677 0
      vertex 16.8922 16.9947 0
      vertex 16.7854 16.9789 0
    endloop
  endfacet
  facet normal 0 0 -1
    outer loop
      vertex 4.44135 24.8878 0
      vertex 16.7854 16.9789 0
      vertex 16.6807 16.9526 0
    endloop
  endfacet
  facet normal 0 0 -1
    outer loop
      vertex 4.44783 24.8441 0
      vertex 16.6807 16.9526 0
      vertex 16.579 16.9163 0
    endloop
  endfacet
  facet normal 0 0 -1
    outer loop
      vertex 4.45 24.8 0
      vertex 16.579 16.9163 0
      vertex 16.4815 16.8701 0
    endloop
  endfacet
  facet normal 0 0 -1
    outer loop
      vertex 4.45 24.8 0
      vertex 16.4815 16.8701 0
      vertex 16.3889 16.8146 0
    endloop
  endfacet
  facet normal 0 0 -1
    outer loop
      vertex 4.45 17.18 0
      vertex 15.9053 16.0078 0
      vertex 15.9 15.9 0
    endloop
  endfacet
  facet normal 0 0 -1
    outer loop
      vertex 4.45 17.18 0
      vertex 15.9211 16.1146 0
      vertex 15.9053 16.0078 0
    endloop
  endfacet
  facet normal 0 0 -1
    outer loop
      vertex 4.44783 17.2241 0
      vertex 15.9211 16.1146 0
      vertex 4.45 17.18 0
    endloop
  endfacet
  facet normal 0 0 -1
    outer loop
      vertex 15.9211 16.1146 0
      vertex 4.44783 17.2241 0
      vertex 15.9474 16.2193 0
    endloop
  endfacet
  facet normal 0 0 -1
    outer loop
      vertex 4.44135 17.2678 0
      vertex 15.9474 16.2193 0
      vertex 4.44783 17.2241 0
    endloop
  endfacet
  facet normal 0 0 -1
    outer loop
      vertex 15.9474 16.2193 0
      vertex 4.44135 17.2678 0
      vertex 15.9837 16.321 0
    endloop
  endfacet
  facet normal 0 0 -1
    outer loop
      vertex 4.43062 17.3106 0
      vertex 15.9837 16.321 0
      vertex 4.44135 17.2678 0
    endloop
  endfacet
  facet normal 0 0 -1
    outer loop
      vertex 15.9837 16.321 0
      vertex 4.43062 17.3106 0
      vertex 16.0299 16.4185 0
    endloop
  endfacet
  facet normal 0 0 -1
    outer loop
      vertex 16.1497 16.5978 0
      vertex 4.45 24.8 0
      vertex 16.2222 16.6778 0
    endloop
  endfacet
  facet normal 0 0 -1
    outer loop
      vertex 16.2222 16.6778 0
      vertex 4.45 24.8 0
      vertex 16.3022 16.7503 0
    endloop
  endfacet
  facet normal 0 0 -1
    outer loop
      vertex 16.3022 16.7503 0
      vertex 4.45 24.8 0
      vertex 16.3889 16.8146 0
    endloop
  endfacet
  facet normal 0 0 -1
    outer loop
      vertex 16.579 16.9163 0
      vertex 4.45 24.8 0
      vertex 4.44783 24.8441 0
    endloop
  endfacet
  facet normal 0 0 -1
    outer loop
      vertex 16.6807 16.9526 0
      vertex 4.44783 24.8441 0
      vertex 4.44135 24.8878 0
    endloop
  endfacet
  facet normal 0 0 -1
    outer loop
      vertex 4.2435 28.7677 0
      vertex 16.7854 16.9789 0
      vertex 4.44135 24.8878 0
    endloop
  endfacet
  facet normal 0 0 -1
    outer loop
      vertex 4.2435 28.7677 0
      vertex 4.44135 24.8878 0
      vertex 4.43062 24.9306 0
    endloop
  endfacet
  facet normal 0 0 -1
    outer loop
      vertex 4.2435 28.7677 0
      vertex 4.43062 24.9306 0
      vertex 4.41575 24.9722 0
    endloop
  endfacet
  facet normal 0 0 -1
    outer loop
      vertex 4.2435 28.7677 0
      vertex 4.41575 24.9722 0
      vertex 4.39686 25.0121 0
    endloop
  endfacet
  facet normal 0 0 -1
    outer loop
      vertex 4.2435 28.7677 0
      vertex 4.39686 25.0121 0
      vertex 4.37416 25.05 0
    endloop
  endfacet
  facet normal 0 0 -1
    outer loop
      vertex 4.2435 28.7677 0
      vertex 4.37416 25.05 0
      vertex 4.34785 25.0855 0
    endloop
  endfacet
  facet normal 0 0 -1
    outer loop
      vertex 4.2435 28.7677 0
      vertex 4.34785 25.0855 0
      vertex 4.3182 25.1182 0
    endloop
  endfacet
  facet normal 0 0 -1
    outer loop
      vertex 4.2435 28.7677 0
      vertex 4.3182 25.1182 0
      vertex 4.28548 25.1479 0
    endloop
  endfacet
  facet normal 0 0 -1
    outer loop
      vertex 3.94356 28.0436 0
      vertex 4.28548 25.1479 0
      vertex 4.25001 25.1742 0
    endloop
  endfacet
  facet normal 0 0 -1
    outer loop
      vertex 17.9 17.2 0
      vertex 4.25 28.9 0
      vertex 4.2435 29.0323 0
    endloop
  endfacet
  facet normal 0 0 -1
    outer loop
      vertex 17.9 17.2 0
      vertex 4.2435 29.0323 0
      vertex 4.22406 29.1634 0
    endloop
  endfacet
  facet normal 0 0 -1
    outer loop
      vertex 17.9 17.2 0
      vertex 4.22406 29.1634 0
      vertex 4.19187 29.2919 0
    endloop
  endfacet
  facet normal 0 0 -1
    outer loop
      vertex 3.94356 29.7564 0
      vertex 35.8564 29.7564 0
      vertex 4.02248 29.65 0
    endloop
  endfacet
  facet normal 0 0 -1
    outer loop
      vertex 35.8564 29.7564 0
      vertex 3.94356 29.7564 0
      vertex 35.9454 29.8546 0
    endloop
  endfacet
  facet normal 0 0 -1
    outer loop
      vertex 3.85459 29.8546 0
      vertex 35.9454 29.8546 0
      vertex 3.94356 29.7564 0
    endloop
  endfacet
  facet normal 0 0 -1
    outer loop
      vertex 35.9454 29.8546 0
      vertex 3.85459 29.8546 0
      vertex 36.0436 29.9436 0
    endloop
  endfacet
  facet normal 0 0 -1
    outer loop
      vertex 3.75643 29.9436 0
      vertex 36.0436 29.9436 0
      vertex 3.85459 29.8546 0
    endloop
  endfacet
  facet normal 0 0 -1
    outer loop
      vertex 36.0436 29.9436 0
      vertex 3.75643 29.9436 0
      vertex 36.15 30.0225 0
    endloop
  endfacet
  facet normal 0 0 -1
    outer loop
      vertex 3.65002 30.0225 0
      vertex 36.15 30.0225 0
      vertex 3.75643 29.9436 0
    endloop
  endfacet
  facet normal 0 0 -1
    outer loop
      vertex 36.15 30.0225 0
      vertex 3.65002 30.0225 0
      vertex 38.6 31.8 0
    endloop
  endfacet
  facet normal 0 0 -1
    outer loop
      vertex 1.2 31.8 0
      vertex 3.65002 30.0225 0
      vertex 3.53639 30.0906 0
    endloop
  endfacet
  facet normal 0 0 -1
    outer loop
      vertex 1.2 31.8 0
      vertex 3.53639 30.0906 0
      vertex 3.41662 30.1472 0
    endloop
  endfacet
  facet normal 0 0 -1
    outer loop
      vertex 1.2 31.8 0
      vertex 3.41662 30.1472 0
      vertex 3.29188 30.1919 0
    endloop
  endfacet
  facet normal 0 0 -1
    outer loop
      vertex 1.2 31.8 0
      vertex 3.29188 30.1919 0
      vertex 3.16337 30.2241 0
    endloop
  endfacet
  facet normal 0 0 -1
    outer loop
      vertex 1.2 31.8 0
      vertex 3.16337 30.2241 0
      vertex 3.03232 30.2435 0
    endloop
  endfacet
  facet normal 0 0 -1
    outer loop
      vertex 1.2 31.8 0
      vertex 3.03232 30.2435 0
      vertex 2.9 30.25 0
    endloop
  endfacet
  facet normal 0 0 -1
    outer loop
      vertex 3.65002 30.0225 0
      vertex 1.2 31.8 0
      vertex 38.6 31.8 0
    endloop
  endfacet
  facet normal 0 0 -1
    outer loop
      vertex 2.76768 30.2435 0
      vertex 1.2 31.8 0
      vertex 2.9 30.25 0
    endloop
  endfacet
  facet normal 0 0 -1
    outer loop
      vertex 2.63663 30.2241 0
      vertex 1.2 31.8 0
      vertex 2.76768 30.2435 0
    endloop
  endfacet
  facet normal 0 0 -1
    outer loop
      vertex 2.50812 30.1919 0
      vertex 1.2 31.8 0
      vertex 2.63663 30.2241 0
    endloop
  endfacet
  facet normal 0 0 -1
    outer loop
      vertex 2.38338 30.1472 0
      vertex 1.2 31.8 0
      vertex 2.50812 30.1919 0
    endloop
  endfacet
  facet normal 0 0 -1
    outer loop
      vertex 2.26362 30.0906 0
      vertex 1.2 31.8 0
      vertex 2.38338 30.1472 0
    endloop
  endfacet
  facet normal 0 0 -1
    outer loop
      vertex 2.14998 30.0225 0
      vertex 1.2 31.8 0
      vertex 2.26362 30.0906 0
    endloop
  endfacet
  facet normal 0 0 -1
    outer loop
      vertex 2.04357 29.9436 0
      vertex 1.2 31.8 0
      vertex 2.14998 30.0225 0
    endloop
  endfacet
  facet normal 0 0 -1
    outer loop
      vertex 1.94541 29.8546 0
      vertex 1.2 31.8 0
      vertex 2.04357 29.9436 0
    endloop
  endfacet
  facet normal 0 0 -1
    outer loop
      vertex 0 30.6 0
      vertex 1.94541 29.8546 0
      vertex 1.85644 29.7564 0
    endloop
  endfacet
  facet normal 0 0 -1
    outer loop
      vertex 0 30.6 0
      vertex 1.85644 29.7564 0
      vertex 1.77752 29.65 0
    endloop
  endfacet
  facet normal 0 0 -1
    outer loop
      vertex 0 30.6 0
      vertex 1.77752 29.65 0
      vertex 1.70941 29.5364 0
    endloop
  endfacet
  facet normal 0 0 -1
    outer loop
      vertex 0 30.6 0
      vertex 1.70941 29.5364 0
      vertex 1.65276 29.4166 0
    endloop
  endfacet
  facet normal 0 0 -1
    outer loop
      vertex 0 30.6 0
      vertex 1.65276 29.4166 0
      vertex 1.60813 29.2919 0
    endloop
  endfacet
  facet normal 0 0 -1
    outer loop
      vertex 0 30.6 0
      vertex 1.60813 29.2919 0
      vertex 1.57594 29.1634 0
    endloop
  endfacet
  facet normal 0 0 -1
    outer loop
      vertex 0 30.6 0
      vertex 1.57594 29.1634 0
      vertex 1.5565 29.0323 0
    endloop
  endfacet
  facet normal 0 0 -1
    outer loop
      vertex 0 30.6 0
      vertex 1.5565 29.0323 0
      vertex 1.55 28.9 0
    endloop
  endfacet
  facet normal 0 0 -1
    outer loop
      vertex 1.57594 28.6366 0
      vertex 0 30.6 0
      vertex 1.5565 28.7677 0
    endloop
  endfacet
  facet normal 0 0 -1
    outer loop
      vertex 0 1.2 0
      vertex 1.2 0 0
      vertex 1.08238 0.00577831 0
    endloop
  endfacet
  facet normal 0 0 -1
    outer loop
      vertex 1.5565 28.7677 0
      vertex 0 30.6 0
      vertex 1.55 28.9 0
    endloop
  endfacet
  facet normal 0 0 -1
    outer loop
      vertex 0 1.2 0
      vertex 1.08238 0.00577831 0
      vertex 0.965891 0.023057 0
    endloop
  endfacet
  facet normal 0 -0 -1
    outer loop
      vertex 0.023057 30.8341 0
      vertex 1.94541 29.8546 0
      vertex 0 30.6 0
    endloop
  endfacet
  facet normal 0 0 -1
    outer loop
      vertex 0 1.2 0
      vertex 0.965891 0.023057 0
      vertex 0.851658 0.051671 0
    endloop
  endfacet
  facet normal 0 0 -1
    outer loop
      vertex 1.94541 29.8546 0
      vertex 1.08238 31.7942 0
      vertex 1.2 31.8 0
    endloop
  endfacet
  facet normal 0 0 -1
    outer loop
      vertex 0 1.2 0
      vertex 0.851658 0.051671 0
      vertex 0.74078 0.0913439 0
    endloop
  endfacet
  facet normal 0 0 -1
    outer loop
      vertex 1.94541 29.8546 0
      vertex 0.965891 31.7769 0
      vertex 1.08238 31.7942 0
    endloop
  endfacet
  facet normal 0 0 -1
    outer loop
      vertex 0 1.2 0
      vertex 0.74078 0.0913439 0
      vertex 0.634323 0.141694 0
    endloop
  endfacet
  facet normal 0 0 -1
    outer loop
      vertex 1.94541 29.8546 0
      vertex 0.851658 31.7483 0
      vertex 0.965891 31.7769 0
    endloop
  endfacet
  facet normal 0 0 -1
    outer loop
      vertex 0 1.2 0
      vertex 0.634323 0.141694 0
      vertex 0.533316 0.202236 0
    endloop
  endfacet
  facet normal 0 0 -1
    outer loop
      vertex 1.94541 29.8546 0
      vertex 0.74078 31.7087 0
      vertex 0.851658 31.7483 0
    endloop
  endfacet
  facet normal 0 0 -1
    outer loop
      vertex 0 1.2 0
      vertex 0.533316 0.202236 0
      vertex 0.438727 0.272387 0
    endloop
  endfacet
  facet normal 0 0 -1
    outer loop
      vertex 1.94541 29.8546 0
      vertex 0.634323 31.6583 0
      vertex 0.74078 31.7087 0
    endloop
  endfacet
  facet normal 0 0 -1
    outer loop
      vertex 0 1.2 0
      vertex 0.438727 0.272387 0
      vertex 0.351471 0.351471 0
    endloop
  endfacet
  facet normal 0 0 -1
    outer loop
      vertex 1.94541 29.8546 0
      vertex 0.533316 31.5978 0
      vertex 0.634323 31.6583 0
    endloop
  endfacet
  facet normal 0 0 -1
    outer loop
      vertex 0 1.2 0
      vertex 0.351471 0.351471 0
      vertex 0.272387 0.438727 0
    endloop
  endfacet
  facet normal 0 0 -1
    outer loop
      vertex 1.94541 29.8546 0
      vertex 0.438727 31.5276 0
      vertex 0.533316 31.5978 0
    endloop
  endfacet
  facet normal 0 0 -1
    outer loop
      vertex 0 1.2 0
      vertex 0.272387 0.438727 0
      vertex 0.202236 0.533316 0
    endloop
  endfacet
  facet normal 0 0 -1
    outer loop
      vertex 1.94541 29.8546 0
      vertex 0.351471 31.4485 0
      vertex 0.438727 31.5276 0
    endloop
  endfacet
  facet normal 0 0 -1
    outer loop
      vertex 0 1.2 0
      vertex 0.202236 0.533316 0
      vertex 0.141694 0.634323 0
    endloop
  endfacet
  facet normal 0 0 -1
    outer loop
      vertex 1.94541 29.8546 0
      vertex 0.272387 31.3613 0
      vertex 0.351471 31.4485 0
    endloop
  endfacet
  facet normal 0 0 -1
    outer loop
      vertex 0 1.2 0
      vertex 0.141694 0.634323 0
      vertex 0.0913439 0.74078 0
    endloop
  endfacet
  facet normal 0 0 -1
    outer loop
      vertex 1.94541 29.8546 0
      vertex 0.202236 31.2667 0
      vertex 0.272387 31.3613 0
    endloop
  endfacet
  facet normal 0 0 -1
    outer loop
      vertex 0 1.2 0
      vertex 0.0913439 0.74078 0
      vertex 0.051671 0.851658 0
    endloop
  endfacet
  facet normal 0 0 -1
    outer loop
      vertex 1.94541 29.8546 0
      vertex 0.141694 31.1657 0
      vertex 0.202236 31.2667 0
    endloop
  endfacet
  facet normal 0 0 -1
    outer loop
      vertex 0 1.2 0
      vertex 0.051671 0.851658 0
      vertex 0.023057 0.965891 0
    endloop
  endfacet
  facet normal 0 0 -1
    outer loop
      vertex 1.94541 29.8546 0
      vertex 0.0913439 31.0592 0
      vertex 0.141694 31.1657 0
    endloop
  endfacet
  facet normal 0 0 -1
    outer loop
      vertex 0 1.2 0
      vertex 0.023057 0.965891 0
      vertex 0.00577831 1.08238 0
    endloop
  endfacet
  facet normal 0 0 -1
    outer loop
      vertex 1.94541 29.8546 0
      vertex 0.051671 30.9483 0
      vertex 0.0913439 31.0592 0
    endloop
  endfacet
  facet normal 0 0 -1
    outer loop
      vertex 1.94541 29.8546 0
      vertex 0.023057 30.8341 0
      vertex 0.051671 30.9483 0
    endloop
  endfacet
  facet normal 0 0 -1
    outer loop
      vertex 0.023057 30.8341 0
      vertex 0 30.6 0
      vertex 0.00577831 30.7176 0
    endloop
  endfacet
  facet normal -0 0 -1
    outer loop
      vertex 22.8 14.8 0
      vertex 21.9 14.6 0
      vertex 21.9 14.8 0
    endloop
  endfacet
  facet normal 0 0 -1
    outer loop
      vertex 4.14724 3.41662 0
      vertex 16.579 14.8837 0
      vertex 4.19187 3.29188 0
    endloop
  endfacet
  facet normal -0 0 -1
    outer loop
      vertex 16.579 14.8837 0
      vertex 4.14724 3.41662 0
      vertex 16.4815 14.9299 0
    endloop
  endfacet
  facet normal 0 0 -1
    outer loop
      vertex 15.9837 15.479 0
      vertex 4.34785 16.8945 0
      vertex 4.37416 16.93 0
    endloop
  endfacet
  facet normal 0 0 -1
    outer loop
      vertex 16.2222 15.1222 0
      vertex 3.94356 3.75643 0
      vertex 3.85459 3.85459 0
    endloop
  endfacet
  facet normal 0 0 -1
    outer loop
      vertex 16.0299 15.3815 0
      vertex 4.3182 16.8618 0
      vertex 4.34785 16.8945 0
    endloop
  endfacet
  facet normal -0 0 -1
    outer loop
      vertex 16.1497 15.2022 0
      vertex 3.85459 3.85459 0
      vertex 4.28548 16.8321 0
    endloop
  endfacet
  facet normal 0 0 -1
    outer loop
      vertex 16.0854 15.2889 0
      vertex 4.28548 16.8321 0
      vertex 4.3182 16.8618 0
    endloop
  endfacet
  facet normal 0 0 -1
    outer loop
      vertex 3.75643 3.94356 0
      vertex 4.28548 16.8321 0
      vertex 3.85459 3.85459 0
    endloop
  endfacet
  facet normal 0 0 -1
    outer loop
      vertex 4.28548 16.8321 0
      vertex 3.75643 3.94356 0
      vertex 4.25001 16.8058 0
    endloop
  endfacet
  facet normal 0 0 -1
    outer loop
      vertex 3.65002 4.02248 0
      vertex 4.25001 16.8058 0
      vertex 3.75643 3.94356 0
    endloop
  endfacet
  facet normal 0 0 -1
    outer loop
      vertex 4.25001 16.8058 0
      vertex 3.65002 4.02248 0
      vertex 4.21213 16.7831 0
    endloop
  endfacet
  facet normal 0 0 -1
    outer loop
      vertex 4.21213 16.7831 0
      vertex 3.65002 4.02248 0
      vertex 4.17221 16.7643 0
    endloop
  endfacet
  facet normal 0 0 -1
    outer loop
      vertex 3.53639 4.09059 0
      vertex 4.17221 16.7643 0
      vertex 3.65002 4.02248 0
    endloop
  endfacet
  facet normal 0 0 -1
    outer loop
      vertex 4.17221 16.7643 0
      vertex 3.53639 4.09059 0
      vertex 4.13063 16.7494 0
    endloop
  endfacet
  facet normal 0 0 -1
    outer loop
      vertex 3.41662 4.14724 0
      vertex 4.13063 16.7494 0
      vertex 3.53639 4.09059 0
    endloop
  endfacet
  facet normal 0 0 -1
    outer loop
      vertex 4.13063 16.7494 0
      vertex 3.41662 4.14724 0
      vertex 4.08779 16.7386 0
    endloop
  endfacet
  facet normal 0 0 -1
    outer loop
      vertex 3.29188 4.19187 0
      vertex 4.08779 16.7386 0
      vertex 3.41662 4.14724 0
    endloop
  endfacet
  facet normal 0 0 -1
    outer loop
      vertex 4.08779 16.7386 0
      vertex 3.29188 4.19187 0
      vertex 4.04411 16.7322 0
    endloop
  endfacet
  facet normal 0 0 -1
    outer loop
      vertex 3.16337 4.22406 0
      vertex 4.04411 16.7322 0
      vertex 3.29188 4.19187 0
    endloop
  endfacet
  facet normal 0 0 -1
    outer loop
      vertex 4.04411 16.7322 0
      vertex 3.16337 4.22406 0
      vertex 4 16.73 0
    endloop
  endfacet
  facet normal 0 0 -1
    outer loop
      vertex 3.03232 4.2435 0
      vertex 4 16.73 0
      vertex 3.16337 4.22406 0
    endloop
  endfacet
  facet normal -0 0 -1
    outer loop
      vertex 4 16.73 0
      vertex 3.03232 4.2435 0
      vertex 3.95589 16.7322 0
    endloop
  endfacet
  facet normal 0 0 -1
    outer loop
      vertex 2.9 4.25 0
      vertex 3.95589 16.7322 0
      vertex 3.03232 4.2435 0
    endloop
  endfacet
  facet normal -0 0 -1
    outer loop
      vertex 3.95589 16.7322 0
      vertex 2.9 4.25 0
      vertex 3.91221 16.7386 0
    endloop
  endfacet
  facet normal 0 0 -1
    outer loop
      vertex 2.76768 4.2435 0
      vertex 3.91221 16.7386 0
      vertex 2.9 4.25 0
    endloop
  endfacet
  facet normal -0 0 -1
    outer loop
      vertex 3.91221 16.7386 0
      vertex 2.76768 4.2435 0
      vertex 3.86937 16.7494 0
    endloop
  endfacet
  facet normal 0 0 -1
    outer loop
      vertex 2.63663 4.22406 0
      vertex 3.86937 16.7494 0
      vertex 2.76768 4.2435 0
    endloop
  endfacet
  facet normal -0 0 -1
    outer loop
      vertex 3.86937 16.7494 0
      vertex 2.63663 4.22406 0
      vertex 3.82779 16.7643 0
    endloop
  endfacet
  facet normal -0 0 -1
    outer loop
      vertex 3.82779 16.7643 0
      vertex 2.63663 4.22406 0
      vertex 3.78787 16.7831 0
    endloop
  endfacet
  facet normal 0 0 -1
    outer loop
      vertex 2.50812 4.19187 0
      vertex 3.78787 16.7831 0
      vertex 2.63663 4.22406 0
    endloop
  endfacet
  facet normal -0 0 -1
    outer loop
      vertex 3.78787 16.7831 0
      vertex 2.50812 4.19187 0
      vertex 3.74999 16.8058 0
    endloop
  endfacet
  facet normal 0 0 -1
    outer loop
      vertex 2.38338 4.14724 0
      vertex 3.74999 16.8058 0
      vertex 2.50812 4.19187 0
    endloop
  endfacet
  facet normal 0 0 -1
    outer loop
      vertex 2.26362 4.09059 0
      vertex 3.71452 16.8321 0
      vertex 2.38338 4.14724 0
    endloop
  endfacet
  facet normal -0 0 -1
    outer loop
      vertex 3.74999 16.8058 0
      vertex 2.38338 4.14724 0
      vertex 3.71452 16.8321 0
    endloop
  endfacet
  facet normal 0.243625 0.969869 -0
    outer loop
      vertex 16.7854 14.8211 0
      vertex 16.6807 14.8474 6
      vertex 16.7854 14.8211 6
    endloop
  endfacet
  facet normal 0.243625 0.969869 0
    outer loop
      vertex 16.6807 14.8474 6
      vertex 16.7854 14.8211 0
      vertex 16.6807 14.8474 0
    endloop
  endfacet
  facet normal -0.969869 0.243625 0
    outer loop
      vertex 23.8526 15.5807 0
      vertex 23.8789 15.6854 6
      vertex 23.8789 15.6854 0
    endloop
  endfacet
  facet normal -0.969869 0.243625 0
    outer loop
      vertex 23.8789 15.6854 6
      vertex 23.8526 15.5807 0
      vertex 23.8526 15.5807 6
    endloop
  endfacet
  facet normal -0.903681 0.428206 0
    outer loop
      vertex 23.7701 15.3815 0
      vertex 23.8163 15.479 6
      vertex 23.8163 15.479 0
    endloop
  endfacet
  facet normal -0.903681 0.428206 0
    outer loop
      vertex 23.8163 15.479 6
      vertex 23.7701 15.3815 0
      vertex 23.7701 15.3815 6
    endloop
  endfacet
  facet normal -0.146347 0.989233 0
    outer loop
      vertex 23.0146 14.8211 0
      vertex 22.9078 14.8053 6
      vertex 23.0146 14.8211 6
    endloop
  endfacet
  facet normal -0.146347 0.989233 0
    outer loop
      vertex 22.9078 14.8053 6
      vertex 23.0146 14.8211 0
      vertex 22.9078 14.8053 0
    endloop
  endfacet
  facet normal -0.941805 0.33616 0
    outer loop
      vertex 23.8163 15.479 0
      vertex 23.8526 15.5807 6
      vertex 23.8526 15.5807 0
    endloop
  endfacet
  facet normal -0.941805 0.33616 0
    outer loop
      vertex 23.8526 15.5807 6
      vertex 23.8163 15.479 0
      vertex 23.8163 15.479 6
    endloop
  endfacet
  facet normal 0.903681 -0.428206 0
    outer loop
      vertex 15.9837 16.321 6
      vertex 16.0299 16.4185 0
      vertex 16.0299 16.4185 6
    endloop
  endfacet
  facet normal 0.903681 -0.428206 0
    outer loop
      vertex 16.0299 16.4185 0
      vertex 15.9837 16.321 6
      vertex 15.9837 16.321 0
    endloop
  endfacet
  facet normal 0.671519 -0.740987 0
    outer loop
      vertex 16.2222 16.6778 0
      vertex 16.3022 16.7503 6
      vertex 16.2222 16.6778 6
    endloop
  endfacet
  facet normal 0.671519 -0.740987 0
    outer loop
      vertex 16.3022 16.7503 6
      vertex 16.2222 16.6778 0
      vertex 16.3022 16.7503 0
    endloop
  endfacet
  facet normal -0.595693 0.803212 0
    outer loop
      vertex 23.4978 15.0497 0
      vertex 23.4111 14.9854 6
      vertex 23.4978 15.0497 6
    endloop
  endfacet
  facet normal -0.595693 0.803212 0
    outer loop
      vertex 23.4111 14.9854 6
      vertex 23.4978 15.0497 0
      vertex 23.4111 14.9854 0
    endloop
  endfacet
  facet normal -0.941805 -0.33616 0
    outer loop
      vertex 23.8526 16.2193 0
      vertex 23.8163 16.321 6
      vertex 23.8163 16.321 0
    endloop
  endfacet
  facet normal -0.941805 -0.33616 0
    outer loop
      vertex 23.8163 16.321 6
      vertex 23.8526 16.2193 0
      vertex 23.8526 16.2193 6
    endloop
  endfacet
  facet normal -0.514087 -0.857738 0
    outer loop
      vertex 23.3185 16.8701 0
      vertex 23.4111 16.8146 6
      vertex 23.3185 16.8701 6
    endloop
  endfacet
  facet normal -0.514087 -0.857738 -0
    outer loop
      vertex 23.4111 16.8146 6
      vertex 23.3185 16.8701 0
      vertex 23.4111 16.8146 0
    endloop
  endfacet
  facet normal -0.857738 0.514087 0
    outer loop
      vertex 23.7146 15.2889 0
      vertex 23.7701 15.3815 6
      vertex 23.7701 15.3815 0
    endloop
  endfacet
  facet normal -0.857738 0.514087 0
    outer loop
      vertex 23.7701 15.3815 6
      vertex 23.7146 15.2889 0
      vertex 23.7146 15.2889 6
    endloop
  endfacet
  facet normal -0.0491058 -0.998794 0
    outer loop
      vertex 22.8 17 0
      vertex 22.9078 16.9947 6
      vertex 22.8 17 6
    endloop
  endfacet
  facet normal -0.0491058 -0.998794 -0
    outer loop
      vertex 22.9078 16.9947 6
      vertex 22.8 17 0
      vertex 22.9078 16.9947 0
    endloop
  endfacet
  facet normal 0.989233 -0.146347 0
    outer loop
      vertex 15.9053 16.0078 6
      vertex 15.9211 16.1146 0
      vertex 15.9211 16.1146 6
    endloop
  endfacet
  facet normal 0.989233 -0.146347 0
    outer loop
      vertex 15.9211 16.1146 0
      vertex 15.9053 16.0078 6
      vertex 15.9053 16.0078 0
    endloop
  endfacet
  facet normal -0.740987 -0.671519 0
    outer loop
      vertex 23.6503 16.5978 0
      vertex 23.5778 16.6778 6
      vertex 23.5778 16.6778 0
    endloop
  endfacet
  facet normal -0.740987 -0.671519 0
    outer loop
      vertex 23.5778 16.6778 6
      vertex 23.6503 16.5978 0
      vertex 23.6503 16.5978 6
    endloop
  endfacet
  facet normal -0.803212 -0.595693 0
    outer loop
      vertex 23.7146 16.5111 0
      vertex 23.6503 16.5978 6
      vertex 23.6503 16.5978 0
    endloop
  endfacet
  facet normal -0.803212 -0.595693 0
    outer loop
      vertex 23.6503 16.5978 6
      vertex 23.7146 16.5111 0
      vertex 23.7146 16.5111 6
    endloop
  endfacet
  facet normal 0.803212 0.595693 0
    outer loop
      vertex 16.1497 15.2022 6
      vertex 16.0854 15.2889 0
      vertex 16.0854 15.2889 6
    endloop
  endfacet
  facet normal 0.803212 0.595693 0
    outer loop
      vertex 16.0854 15.2889 0
      vertex 16.1497 15.2022 6
      vertex 16.1497 15.2022 0
    endloop
  endfacet
  facet normal 0.969869 -0.243625 0
    outer loop
      vertex 15.9211 16.1146 6
      vertex 15.9474 16.2193 0
      vertex 15.9474 16.2193 6
    endloop
  endfacet
  facet normal 0.969869 -0.243625 0
    outer loop
      vertex 15.9474 16.2193 0
      vertex 15.9211 16.1146 6
      vertex 15.9211 16.1146 0
    endloop
  endfacet
  facet normal -0.33616 -0.941805 0
    outer loop
      vertex 23.1193 16.9526 0
      vertex 23.221 16.9163 6
      vertex 23.1193 16.9526 6
    endloop
  endfacet
  facet normal -0.33616 -0.941805 -0
    outer loop
      vertex 23.221 16.9163 6
      vertex 23.1193 16.9526 0
      vertex 23.221 16.9163 0
    endloop
  endfacet
  facet normal -0.33616 0.941805 0
    outer loop
      vertex 23.221 14.8837 0
      vertex 23.1193 14.8474 6
      vertex 23.221 14.8837 6
    endloop
  endfacet
  facet normal -0.33616 0.941805 0
    outer loop
      vertex 23.1193 14.8474 6
      vertex 23.221 14.8837 0
      vertex 23.1193 14.8474 0
    endloop
  endfacet
  facet normal 0.803212 -0.595693 0
    outer loop
      vertex 16.0854 16.5111 6
      vertex 16.1497 16.5978 0
      vertex 16.1497 16.5978 6
    endloop
  endfacet
  facet normal 0.803212 -0.595693 0
    outer loop
      vertex 16.1497 16.5978 0
      vertex 16.0854 16.5111 6
      vertex 16.0854 16.5111 0
    endloop
  endfacet
  facet normal 0.0491058 -0.998794 0
    outer loop
      vertex 16.8922 16.9947 0
      vertex 17 17 6
      vertex 16.8922 16.9947 6
    endloop
  endfacet
  facet normal 0.0491058 -0.998794 0
    outer loop
      vertex 17 17 6
      vertex 16.8922 16.9947 0
      vertex 17 17 0
    endloop
  endfacet
  facet normal 0.33616 0.941805 -0
    outer loop
      vertex 16.6807 14.8474 0
      vertex 16.579 14.8837 6
      vertex 16.6807 14.8474 6
    endloop
  endfacet
  facet normal 0.33616 0.941805 0
    outer loop
      vertex 16.579 14.8837 6
      vertex 16.6807 14.8474 0
      vertex 16.579 14.8837 0
    endloop
  endfacet
  facet normal 0.514087 0.857738 -0
    outer loop
      vertex 16.4815 14.9299 0
      vertex 16.3889 14.9854 6
      vertex 16.4815 14.9299 6
    endloop
  endfacet
  facet normal 0.514087 0.857738 0
    outer loop
      vertex 16.3889 14.9854 6
      vertex 16.4815 14.9299 0
      vertex 16.3889 14.9854 0
    endloop
  endfacet
  facet normal -0.740987 0.671519 0
    outer loop
      vertex 23.5778 15.1222 0
      vertex 23.6503 15.2022 6
      vertex 23.6503 15.2022 0
    endloop
  endfacet
  facet normal -0.740987 0.671519 0
    outer loop
      vertex 23.6503 15.2022 6
      vertex 23.5778 15.1222 0
      vertex 23.5778 15.1222 6
    endloop
  endfacet
  facet normal 0.146347 -0.989233 0
    outer loop
      vertex 16.7854 16.9789 0
      vertex 16.8922 16.9947 6
      vertex 16.7854 16.9789 6
    endloop
  endfacet
  facet normal 0.146347 -0.989233 0
    outer loop
      vertex 16.8922 16.9947 6
      vertex 16.7854 16.9789 0
      vertex 16.8922 16.9947 0
    endloop
  endfacet
  facet normal -0.671519 0.740987 0
    outer loop
      vertex 23.5778 15.1222 0
      vertex 23.4978 15.0497 6
      vertex 23.5778 15.1222 6
    endloop
  endfacet
  facet normal -0.671519 0.740987 0
    outer loop
      vertex 23.4978 15.0497 6
      vertex 23.5778 15.1222 0
      vertex 23.4978 15.0497 0
    endloop
  endfacet
  facet normal -0.989233 0.146347 0
    outer loop
      vertex 23.8789 15.6854 0
      vertex 23.8947 15.7922 6
      vertex 23.8947 15.7922 0
    endloop
  endfacet
  facet normal -0.989233 0.146347 0
    outer loop
      vertex 23.8947 15.7922 6
      vertex 23.8789 15.6854 0
      vertex 23.8789 15.6854 6
    endloop
  endfacet
  facet normal -0.428206 -0.903681 0
    outer loop
      vertex 23.221 16.9163 0
      vertex 23.3185 16.8701 6
      vertex 23.221 16.9163 6
    endloop
  endfacet
  facet normal -0.428206 -0.903681 -0
    outer loop
      vertex 23.3185 16.8701 6
      vertex 23.221 16.9163 0
      vertex 23.3185 16.8701 0
    endloop
  endfacet
  facet normal -0.243625 0.969869 0
    outer loop
      vertex 23.1193 14.8474 0
      vertex 23.0146 14.8211 6
      vertex 23.1193 14.8474 6
    endloop
  endfacet
  facet normal -0.243625 0.969869 0
    outer loop
      vertex 23.0146 14.8211 6
      vertex 23.1193 14.8474 0
      vertex 23.0146 14.8211 0
    endloop
  endfacet
  facet normal -0.857738 -0.514087 0
    outer loop
      vertex 23.7701 16.4185 0
      vertex 23.7146 16.5111 6
      vertex 23.7146 16.5111 0
    endloop
  endfacet
  facet normal -0.857738 -0.514087 0
    outer loop
      vertex 23.7146 16.5111 6
      vertex 23.7701 16.4185 0
      vertex 23.7701 16.4185 6
    endloop
  endfacet
  facet normal 0.428206 -0.903681 0
    outer loop
      vertex 16.4815 16.8701 0
      vertex 16.579 16.9163 6
      vertex 16.4815 16.8701 6
    endloop
  endfacet
  facet normal 0.428206 -0.903681 0
    outer loop
      vertex 16.579 16.9163 6
      vertex 16.4815 16.8701 0
      vertex 16.579 16.9163 0
    endloop
  endfacet
  facet normal 0.857738 0.514087 0
    outer loop
      vertex 16.0854 15.2889 6
      vertex 16.0299 15.3815 0
      vertex 16.0299 15.3815 6
    endloop
  endfacet
  facet normal 0.857738 0.514087 0
    outer loop
      vertex 16.0299 15.3815 0
      vertex 16.0854 15.2889 6
      vertex 16.0854 15.2889 0
    endloop
  endfacet
  facet normal 0.998794 0.0491058 0
    outer loop
      vertex 15.9053 15.7922 6
      vertex 15.9 15.9 0
      vertex 15.9 15.9 6
    endloop
  endfacet
  facet normal 0.998794 0.0491058 0
    outer loop
      vertex 15.9 15.9 0
      vertex 15.9053 15.7922 6
      vertex 15.9053 15.7922 0
    endloop
  endfacet
  facet normal 0.0491058 0.998794 -0
    outer loop
      vertex 17 14.8 0
      vertex 16.8922 14.8053 6
      vertex 17 14.8 6
    endloop
  endfacet
  facet normal 0.0491058 0.998794 0
    outer loop
      vertex 16.8922 14.8053 6
      vertex 17 14.8 0
      vertex 16.8922 14.8053 0
    endloop
  endfacet
  facet normal -0.998794 0.0491058 0
    outer loop
      vertex 23.8947 15.7922 0
      vertex 23.9 15.9 6
      vertex 23.9 15.9 0
    endloop
  endfacet
  facet normal -0.998794 0.0491058 0
    outer loop
      vertex 23.9 15.9 6
      vertex 23.8947 15.7922 0
      vertex 23.8947 15.7922 6
    endloop
  endfacet
  facet normal -0.998794 -0.0491058 0
    outer loop
      vertex 23.9 15.9 0
      vertex 23.8947 16.0078 6
      vertex 23.8947 16.0078 0
    endloop
  endfacet
  facet normal -0.998794 -0.0491058 0
    outer loop
      vertex 23.8947 16.0078 6
      vertex 23.9 15.9 0
      vertex 23.9 15.9 6
    endloop
  endfacet
  facet normal -0.803212 0.595693 0
    outer loop
      vertex 23.6503 15.2022 0
      vertex 23.7146 15.2889 6
      vertex 23.7146 15.2889 0
    endloop
  endfacet
  facet normal -0.803212 0.595693 0
    outer loop
      vertex 23.7146 15.2889 6
      vertex 23.6503 15.2022 0
      vertex 23.6503 15.2022 6
    endloop
  endfacet
  facet normal -0.243625 -0.969869 0
    outer loop
      vertex 23.0146 16.9789 0
      vertex 23.1193 16.9526 6
      vertex 23.0146 16.9789 6
    endloop
  endfacet
  facet normal -0.243625 -0.969869 -0
    outer loop
      vertex 23.1193 16.9526 6
      vertex 23.0146 16.9789 0
      vertex 23.1193 16.9526 0
    endloop
  endfacet
  facet normal -0.969869 -0.243625 0
    outer loop
      vertex 23.8789 16.1146 0
      vertex 23.8526 16.2193 6
      vertex 23.8526 16.2193 0
    endloop
  endfacet
  facet normal -0.969869 -0.243625 0
    outer loop
      vertex 23.8526 16.2193 6
      vertex 23.8789 16.1146 0
      vertex 23.8789 16.1146 6
    endloop
  endfacet
  facet normal -0.0491058 0.998794 0
    outer loop
      vertex 22.9078 14.8053 0
      vertex 22.8 14.8 6
      vertex 22.9078 14.8053 6
    endloop
  endfacet
  facet normal -0.0491058 0.998794 0
    outer loop
      vertex 22.8 14.8 6
      vertex 22.9078 14.8053 0
      vertex 22.8 14.8 0
    endloop
  endfacet
  facet normal -0.514087 0.857738 0
    outer loop
      vertex 23.4111 14.9854 0
      vertex 23.3185 14.9299 6
      vertex 23.4111 14.9854 6
    endloop
  endfacet
  facet normal -0.514087 0.857738 0
    outer loop
      vertex 23.3185 14.9299 6
      vertex 23.4111 14.9854 0
      vertex 23.3185 14.9299 0
    endloop
  endfacet
  facet normal 0.671519 0.740987 -0
    outer loop
      vertex 16.3022 15.0497 0
      vertex 16.2222 15.1222 6
      vertex 16.3022 15.0497 6
    endloop
  endfacet
  facet normal 0.671519 0.740987 0
    outer loop
      vertex 16.2222 15.1222 6
      vertex 16.3022 15.0497 0
      vertex 16.2222 15.1222 0
    endloop
  endfacet
  facet normal -0.903681 -0.428206 0
    outer loop
      vertex 23.8163 16.321 0
      vertex 23.7701 16.4185 6
      vertex 23.7701 16.4185 0
    endloop
  endfacet
  facet normal -0.903681 -0.428206 0
    outer loop
      vertex 23.7701 16.4185 6
      vertex 23.8163 16.321 0
      vertex 23.8163 16.321 6
    endloop
  endfacet
  facet normal 0.941805 -0.33616 0
    outer loop
      vertex 15.9474 16.2193 6
      vertex 15.9837 16.321 0
      vertex 15.9837 16.321 6
    endloop
  endfacet
  facet normal 0.941805 -0.33616 0
    outer loop
      vertex 15.9837 16.321 0
      vertex 15.9474 16.2193 6
      vertex 15.9474 16.2193 0
    endloop
  endfacet
  facet normal 0 1 0
    outer loop
      vertex 17.9 14.8 2.4
      vertex 17.9 14.8 0
      vertex 17.8 14.8 2.4
    endloop
  endfacet
  facet normal 0 1 0
    outer loop
      vertex 22.8 14.8 6
      vertex 22 14.8 4.6
      vertex 17 14.8 6
    endloop
  endfacet
  facet normal 0 1 0
    outer loop
      vertex 22.8 14.8 6
      vertex 22 14.8 2.4
      vertex 22 14.8 4.6
    endloop
  endfacet
  facet normal 0 1 -0
    outer loop
      vertex 22.8 14.8 0
      vertex 22 14.8 2.4
      vertex 22.8 14.8 6
    endloop
  endfacet
  facet normal 0 1 0
    outer loop
      vertex 21.9 14.8 0
      vertex 22 14.8 2.4
      vertex 22.8 14.8 0
    endloop
  endfacet
  facet normal 0 1 0
    outer loop
      vertex 22 14.8 2.4
      vertex 21.9 14.8 0
      vertex 21.9 14.8 2.4
    endloop
  endfacet
  facet normal 0 1 -0
    outer loop
      vertex 17.8 14.8 4.6
      vertex 17 14.8 6
      vertex 22 14.8 4.6
    endloop
  endfacet
  facet normal 0 1 -0
    outer loop
      vertex 17.8 14.8 2.4
      vertex 17 14.8 6
      vertex 17.8 14.8 4.6
    endloop
  endfacet
  facet normal 0 1 0
    outer loop
      vertex 17 14.8 0
      vertex 17.8 14.8 2.4
      vertex 17.9 14.8 0
    endloop
  endfacet
  facet normal 0 1 0
    outer loop
      vertex 17.8 14.8 2.4
      vertex 17 14.8 0
      vertex 17 14.8 6
    endloop
  endfacet
  facet normal 0.146347 0.989233 -0
    outer loop
      vertex 16.8922 14.8053 0
      vertex 16.7854 14.8211 6
      vertex 16.8922 14.8053 6
    endloop
  endfacet
  facet normal 0.146347 0.989233 0
    outer loop
      vertex 16.7854 14.8211 6
      vertex 16.8922 14.8053 0
      vertex 16.7854 14.8211 0
    endloop
  endfacet
  facet normal -0.428206 0.903681 0
    outer loop
      vertex 23.3185 14.9299 0
      vertex 23.221 14.8837 6
      vertex 23.3185 14.9299 6
    endloop
  endfacet
  facet normal -0.428206 0.903681 0
    outer loop
      vertex 23.221 14.8837 6
      vertex 23.3185 14.9299 0
      vertex 23.221 14.8837 0
    endloop
  endfacet
  facet normal 0.740987 -0.671519 0
    outer loop
      vertex 16.1497 16.5978 6
      vertex 16.2222 16.6778 0
      vertex 16.2222 16.6778 6
    endloop
  endfacet
  facet normal 0.740987 -0.671519 0
    outer loop
      vertex 16.2222 16.6778 0
      vertex 16.1497 16.5978 6
      vertex 16.1497 16.5978 0
    endloop
  endfacet
  facet normal -0.989233 -0.146347 0
    outer loop
      vertex 23.8947 16.0078 0
      vertex 23.8789 16.1146 6
      vertex 23.8789 16.1146 0
    endloop
  endfacet
  facet normal -0.989233 -0.146347 0
    outer loop
      vertex 23.8789 16.1146 6
      vertex 23.8947 16.0078 0
      vertex 23.8947 16.0078 6
    endloop
  endfacet
  facet normal 0 -1 0
    outer loop
      vertex 21.9 17 2.4
      vertex 21.9 17 0
      vertex 22 17 2.4
    endloop
  endfacet
  facet normal 0 -1 0
    outer loop
      vertex 17 17 6
      vertex 17.8 17 4.6
      vertex 22.8 17 6
    endloop
  endfacet
  facet normal 0 -1 0
    outer loop
      vertex 17 17 6
      vertex 17.8 17 2.4
      vertex 17.8 17 4.6
    endloop
  endfacet
  facet normal 0 -1 0
    outer loop
      vertex 17 17 0
      vertex 17.8 17 2.4
      vertex 17 17 6
    endloop
  endfacet
  facet normal 0 -1 0
    outer loop
      vertex 17.9 17 0
      vertex 17.8 17 2.4
      vertex 17 17 0
    endloop
  endfacet
  facet normal 0 -1 0
    outer loop
      vertex 17.8 17 2.4
      vertex 17.9 17 0
      vertex 17.9 17 2.4
    endloop
  endfacet
  facet normal 0 -1 0
    outer loop
      vertex 22 17 4.6
      vertex 22.8 17 6
      vertex 17.8 17 4.6
    endloop
  endfacet
  facet normal 0 -1 0
    outer loop
      vertex 22 17 2.4
      vertex 22.8 17 6
      vertex 22 17 4.6
    endloop
  endfacet
  facet normal 0 -1 0
    outer loop
      vertex 22.8 17 0
      vertex 22 17 2.4
      vertex 21.9 17 0
    endloop
  endfacet
  facet normal 0 -1 0
    outer loop
      vertex 22 17 2.4
      vertex 22.8 17 0
      vertex 22.8 17 6
    endloop
  endfacet
  facet normal -0.146347 -0.989233 0
    outer loop
      vertex 22.9078 16.9947 0
      vertex 23.0146 16.9789 6
      vertex 22.9078 16.9947 6
    endloop
  endfacet
  facet normal -0.146347 -0.989233 -0
    outer loop
      vertex 23.0146 16.9789 6
      vertex 22.9078 16.9947 0
      vertex 23.0146 16.9789 0
    endloop
  endfacet
  facet normal -0.595693 -0.803212 0
    outer loop
      vertex 23.4111 16.8146 0
      vertex 23.4978 16.7503 6
      vertex 23.4111 16.8146 6
    endloop
  endfacet
  facet normal -0.595693 -0.803212 -0
    outer loop
      vertex 23.4978 16.7503 6
      vertex 23.4111 16.8146 0
      vertex 23.4978 16.7503 0
    endloop
  endfacet
  facet normal 0.595693 0.803212 -0
    outer loop
      vertex 16.3889 14.9854 0
      vertex 16.3022 15.0497 6
      vertex 16.3889 14.9854 6
    endloop
  endfacet
  facet normal 0.595693 0.803212 0
    outer loop
      vertex 16.3022 15.0497 6
      vertex 16.3889 14.9854 0
      vertex 16.3022 15.0497 0
    endloop
  endfacet
  facet normal 0.428206 0.903681 -0
    outer loop
      vertex 16.579 14.8837 0
      vertex 16.4815 14.9299 6
      vertex 16.579 14.8837 6
    endloop
  endfacet
  facet normal 0.428206 0.903681 0
    outer loop
      vertex 16.4815 14.9299 6
      vertex 16.579 14.8837 0
      vertex 16.4815 14.9299 0
    endloop
  endfacet
  facet normal 0.740987 0.671519 0
    outer loop
      vertex 16.2222 15.1222 6
      vertex 16.1497 15.2022 0
      vertex 16.1497 15.2022 6
    endloop
  endfacet
  facet normal 0.740987 0.671519 0
    outer loop
      vertex 16.1497 15.2022 0
      vertex 16.2222 15.1222 6
      vertex 16.2222 15.1222 0
    endloop
  endfacet
  facet normal -0.671519 -0.740987 0
    outer loop
      vertex 23.4978 16.7503 0
      vertex 23.5778 16.6778 6
      vertex 23.4978 16.7503 6
    endloop
  endfacet
  facet normal -0.671519 -0.740987 -0
    outer loop
      vertex 23.5778 16.6778 6
      vertex 23.4978 16.7503 0
      vertex 23.5778 16.6778 0
    endloop
  endfacet
  facet normal 0.969869 0.243625 0
    outer loop
      vertex 15.9474 15.5807 6
      vertex 15.9211 15.6854 0
      vertex 15.9211 15.6854 6
    endloop
  endfacet
  facet normal 0.969869 0.243625 0
    outer loop
      vertex 15.9211 15.6854 0
      vertex 15.9474 15.5807 6
      vertex 15.9474 15.5807 0
    endloop
  endfacet
  facet normal 0.857738 -0.514087 0
    outer loop
      vertex 16.0299 16.4185 6
      vertex 16.0854 16.5111 0
      vertex 16.0854 16.5111 6
    endloop
  endfacet
  facet normal 0.857738 -0.514087 0
    outer loop
      vertex 16.0854 16.5111 0
      vertex 16.0299 16.4185 6
      vertex 16.0299 16.4185 0
    endloop
  endfacet
  facet normal 0.989233 0.146347 0
    outer loop
      vertex 15.9211 15.6854 6
      vertex 15.9053 15.7922 0
      vertex 15.9053 15.7922 6
    endloop
  endfacet
  facet normal 0.989233 0.146347 0
    outer loop
      vertex 15.9053 15.7922 0
      vertex 15.9211 15.6854 6
      vertex 15.9211 15.6854 0
    endloop
  endfacet
  facet normal 0.243625 -0.969869 0
    outer loop
      vertex 16.6807 16.9526 0
      vertex 16.7854 16.9789 6
      vertex 16.6807 16.9526 6
    endloop
  endfacet
  facet normal 0.243625 -0.969869 0
    outer loop
      vertex 16.7854 16.9789 6
      vertex 16.6807 16.9526 0
      vertex 16.7854 16.9789 0
    endloop
  endfacet
  facet normal 0.941805 0.33616 0
    outer loop
      vertex 15.9837 15.479 6
      vertex 15.9474 15.5807 0
      vertex 15.9474 15.5807 6
    endloop
  endfacet
  facet normal 0.941805 0.33616 0
    outer loop
      vertex 15.9474 15.5807 0
      vertex 15.9837 15.479 6
      vertex 15.9837 15.479 0
    endloop
  endfacet
  facet normal 0.998794 -0.0491058 0
    outer loop
      vertex 15.9 15.9 6
      vertex 15.9053 16.0078 0
      vertex 15.9053 16.0078 6
    endloop
  endfacet
  facet normal 0.998794 -0.0491058 0
    outer loop
      vertex 15.9053 16.0078 0
      vertex 15.9 15.9 6
      vertex 15.9 15.9 0
    endloop
  endfacet
  facet normal 0.514087 -0.857738 0
    outer loop
      vertex 16.3889 16.8146 0
      vertex 16.4815 16.8701 6
      vertex 16.3889 16.8146 6
    endloop
  endfacet
  facet normal 0.514087 -0.857738 0
    outer loop
      vertex 16.4815 16.8701 6
      vertex 16.3889 16.8146 0
      vertex 16.4815 16.8701 0
    endloop
  endfacet
  facet normal 0.33616 -0.941805 0
    outer loop
      vertex 16.579 16.9163 0
      vertex 16.6807 16.9526 6
      vertex 16.579 16.9163 6
    endloop
  endfacet
  facet normal 0.33616 -0.941805 0
    outer loop
      vertex 16.6807 16.9526 6
      vertex 16.579 16.9163 0
      vertex 16.6807 16.9526 0
    endloop
  endfacet
  facet normal 0.903681 0.428206 0
    outer loop
      vertex 16.0299 15.3815 6
      vertex 15.9837 15.479 0
      vertex 15.9837 15.479 6
    endloop
  endfacet
  facet normal 0.903681 0.428206 0
    outer loop
      vertex 15.9837 15.479 0
      vertex 16.0299 15.3815 6
      vertex 16.0299 15.3815 0
    endloop
  endfacet
  facet normal 0.595693 -0.803212 0
    outer loop
      vertex 16.3022 16.7503 0
      vertex 16.3889 16.8146 6
      vertex 16.3022 16.7503 6
    endloop
  endfacet
  facet normal 0.595693 -0.803212 0
    outer loop
      vertex 16.3889 16.8146 6
      vertex 16.3022 16.7503 0
      vertex 16.3889 16.8146 0
    endloop
  endfacet
  facet normal -1 0 0
    outer loop
      vertex 22 17 2.4
      vertex 22 18 4.6
      vertex 22 18 2.4
    endloop
  endfacet
  facet normal -1 -0 0
    outer loop
      vertex 22 18 4.6
      vertex 22 17 2.4
      vertex 22 17 4.6
    endloop
  endfacet
  facet normal -1 0 0
    outer loop
      vertex 22 13.8 2.4
      vertex 22 14.8 4.6
      vertex 22 14.8 2.4
    endloop
  endfacet
  facet normal -1 -0 0
    outer loop
      vertex 22 14.8 4.6
      vertex 22 13.8 2.4
      vertex 22 13.8 4.6
    endloop
  endfacet
  facet normal 0 0 -1
    outer loop
      vertex 17.8 17 4.6
      vertex 22 18 4.6
      vertex 22 17 4.6
    endloop
  endfacet
  facet normal -0 0 -1
    outer loop
      vertex 22 18 4.6
      vertex 17.8 17 4.6
      vertex 17.8 18 4.6
    endloop
  endfacet
  facet normal 0 0 -1
    outer loop
      vertex 17.8 13.8 4.6
      vertex 22 14.8 4.6
      vertex 22 13.8 4.6
    endloop
  endfacet
  facet normal -0 0 -1
    outer loop
      vertex 22 14.8 4.6
      vertex 17.8 13.8 4.6
      vertex 17.8 14.8 4.6
    endloop
  endfacet
  facet normal 0 0 1
    outer loop
      vertex 22 18 2.4
      vertex 21.9 17.2 2.4
      vertex 22 17 2.4
    endloop
  endfacet
  facet normal 0 0 1
    outer loop
      vertex 22 18 2.4
      vertex 17.9 17.2 2.4
      vertex 21.9 17.2 2.4
    endloop
  endfacet
  facet normal -0 0 1
    outer loop
      vertex 17.8 18 2.4
      vertex 17.9 17.2 2.4
      vertex 22 18 2.4
    endloop
  endfacet
  facet normal 0 0 1
    outer loop
      vertex 17.8 17 2.4
      vertex 17.9 17.2 2.4
      vertex 17.8 18 2.4
    endloop
  endfacet
  facet normal 0 0 1
    outer loop
      vertex 17.9 17.2 2.4
      vertex 17.8 17 2.4
      vertex 17.9 17 2.4
    endloop
  endfacet
  facet normal 0 0 1
    outer loop
      vertex 22 17 2.4
      vertex 21.9 17.2 2.4
      vertex 21.9 17 2.4
    endloop
  endfacet
  facet normal 0 0 1
    outer loop
      vertex 17.9 14.8 2.4
      vertex 17.8 14.8 2.4
      vertex 17.9 14.6 2.4
    endloop
  endfacet
  facet normal 0 0 1
    outer loop
      vertex 21.9 14.6 2.4
      vertex 22 14.8 2.4
      vertex 21.9 14.8 2.4
    endloop
  endfacet
  facet normal 0 0 1
    outer loop
      vertex 22 14.8 2.4
      vertex 21.9 14.6 2.4
      vertex 22 13.8 2.4
    endloop
  endfacet
  facet normal -0 0 1
    outer loop
      vertex 17.9 14.6 2.4
      vertex 22 13.8 2.4
      vertex 21.9 14.6 2.4
    endloop
  endfacet
  facet normal 0 0 1
    outer loop
      vertex 17.9 14.6 2.4
      vertex 17.8 13.8 2.4
      vertex 22 13.8 2.4
    endloop
  endfacet
  facet normal 0 0 1
    outer loop
      vertex 17.8 13.8 2.4
      vertex 17.9 14.6 2.4
      vertex 17.8 14.8 2.4
    endloop
  endfacet
  facet normal 1 -0 0
    outer loop
      vertex 17.8 17 4.6
      vertex 17.8 18 2.4
      vertex 17.8 18 4.6
    endloop
  endfacet
  facet normal 1 0 0
    outer loop
      vertex 17.8 18 2.4
      vertex 17.8 17 4.6
      vertex 17.8 17 2.4
    endloop
  endfacet
  facet normal 1 -0 0
    outer loop
      vertex 17.8 13.8 4.6
      vertex 17.8 14.8 2.4
      vertex 17.8 14.8 4.6
    endloop
  endfacet
  facet normal 1 0 0
    outer loop
      vertex 17.8 14.8 2.4
      vertex 17.8 13.8 4.6
      vertex 17.8 13.8 2.4
    endloop
  endfacet
  facet normal 0 -1 0
    outer loop
      vertex 17.8 18 2.4
      vertex 22 18 4.6
      vertex 17.8 18 4.6
    endloop
  endfacet
  facet normal 0 -1 -0
    outer loop
      vertex 22 18 4.6
      vertex 17.8 18 2.4
      vertex 22 18 2.4
    endloop
  endfacet
  facet normal 0 1 -0
    outer loop
      vertex 22 13.8 2.4
      vertex 17.8 13.8 4.6
      vertex 22 13.8 4.6
    endloop
  endfacet
  facet normal 0 1 0
    outer loop
      vertex 17.8 13.8 4.6
      vertex 22 13.8 2.4
      vertex 17.8 13.8 2.4
    endloop
  endfacet
  facet normal -1 0 0
    outer loop
      vertex 21.9 14.6 0
      vertex 21.9 14.8 2.4
      vertex 21.9 14.8 0
    endloop
  endfacet
  facet normal -1 -0 0
    outer loop
      vertex 21.9 14.8 2.4
      vertex 21.9 14.6 0
      vertex 21.9 14.6 2.4
    endloop
  endfacet
  facet normal -1 0 0
    outer loop
      vertex 21.9 17 0
      vertex 21.9 17.2 2.4
      vertex 21.9 17.2 0
    endloop
  endfacet
  facet normal -1 -0 0
    outer loop
      vertex 21.9 17.2 2.4
      vertex 21.9 17 0
      vertex 21.9 17 2.4
    endloop
  endfacet
  facet normal 1 -0 0
    outer loop
      vertex 17.9 14.6 2.4
      vertex 17.9 14.8 0
      vertex 17.9 14.8 2.4
    endloop
  endfacet
  facet normal 1 0 0
    outer loop
      vertex 17.9 14.8 0
      vertex 17.9 14.6 2.4
      vertex 17.9 14.6 0
    endloop
  endfacet
  facet normal 1 -0 0
    outer loop
      vertex 17.9 17 2.4
      vertex 17.9 17.2 0
      vertex 17.9 17.2 2.4
    endloop
  endfacet
  facet normal 1 0 0
    outer loop
      vertex 17.9 17.2 0
      vertex 17.9 17 2.4
      vertex 17.9 17 0
    endloop
  endfacet
  facet normal 0 -1 0
    outer loop
      vertex 17.9 17.2 0
      vertex 21.9 17.2 2.4
      vertex 17.9 17.2 2.4
    endloop
  endfacet
  facet normal 0 -1 -0
    outer loop
      vertex 21.9 17.2 2.4
      vertex 17.9 17.2 0
      vertex 21.9 17.2 0
    endloop
  endfacet
  facet normal 0 1 -0
    outer loop
      vertex 21.9 14.6 0
      vertex 17.9 14.6 2.4
      vertex 21.9 14.6 2.4
    endloop
  endfacet
  facet normal 0 1 0
    outer loop
      vertex 17.9 14.6 2.4
      vertex 21.9 14.6 0
      vertex 17.9 14.6 0
    endloop
  endfacet
  facet normal -1 0 0
    outer loop
      vertex 2.8 5.74 1.4
      vertex 2.8 26.06 4.4
      vertex 2.8 26.06 1.4
    endloop
  endfacet
  facet normal -1 -0 0
    outer loop
      vertex 2.8 26.06 4.4
      vertex 2.8 5.74 1.4
      vertex 2.8 5.74 4.4
    endloop
  endfacet
  facet normal 0 0 -1
    outer loop
      vertex 0 5.74 4.4
      vertex 2.8 26.06 4.4
      vertex 2.8 5.74 4.4
    endloop
  endfacet
  facet normal -0 0 -1
    outer loop
      vertex 2.8 26.06 4.4
      vertex 0 5.74 4.4
      vertex 0 26.06 4.4
    endloop
  endfacet
  facet normal -0 0 1
    outer loop
      vertex 0 26.06 1.4
      vertex 2.8 5.74 1.4
      vertex 2.8 26.06 1.4
    endloop
  endfacet
  facet normal 0 0 1
    outer loop
      vertex 2.8 5.74 1.4
      vertex 0 26.06 1.4
      vertex 0 5.74 1.4
    endloop
  endfacet
  facet normal 0 -1 0
    outer loop
      vertex 0 26.06 1.4
      vertex 2.8 26.06 4.4
      vertex 0 26.06 4.4
    endloop
  endfacet
  facet normal 0 -1 -0
    outer loop
      vertex 2.8 26.06 4.4
      vertex 0 26.06 1.4
      vertex 2.8 26.06 1.4
    endloop
  endfacet
  facet normal 0 1 -0
    outer loop
      vertex 2.8 5.74 1.4
      vertex 0 5.74 4.4
      vertex 2.8 5.74 4.4
    endloop
  endfacet
  facet normal 0 1 0
    outer loop
      vertex 0 5.74 4.4
      vertex 2.8 5.74 1.4
      vertex 0 5.74 1.4
    endloop
  endfacet
endsolid OpenSCAD_Model
