solid OpenSCAD_Model
  facet normal 0 0 1
    outer loop
      vertex 3.98074 0.392068 2.4
      vertex 1.64205 0.161728 2.4
      vertex 1.65 0 2.4
    endloop
  endfacet
  facet normal 0 0 1
    outer loop
      vertex 2.22228 3.32588 2.4
      vertex 1.6183 0.321898 2.4
      vertex 1.64205 0.161728 2.4
    endloop
  endfacet
  facet normal 0 0 1
    outer loop
      vertex 2.22228 3.32588 2.4
      vertex 1.57895 0.47897 2.4
      vertex 1.6183 0.321898 2.4
    endloop
  endfacet
  facet normal 0 0 1
    outer loop
      vertex 0.777804 1.45517 2.4
      vertex 1.88559 3.52768 2.4
      vertex 1.53073 3.69552 2.4
    endloop
  endfacet
  facet normal 0 0 1
    outer loop
      vertex 2.22228 3.32588 2.4
      vertex 1.5244 0.631427 2.4
      vertex 1.57895 0.47897 2.4
    endloop
  endfacet
  facet normal 0 0 1
    outer loop
      vertex 2.22228 3.32588 2.4
      vertex 1.45517 0.777804 2.4
      vertex 1.5244 0.631427 2.4
    endloop
  endfacet
  facet normal 0 0 1
    outer loop
      vertex 2.22228 3.32588 2.4
      vertex 1.37192 0.916691 2.4
      vertex 1.45517 0.777804 2.4
    endloop
  endfacet
  facet normal 0 0 1
    outer loop
      vertex 2.22228 3.32588 2.4
      vertex 1.27547 1.04675 2.4
      vertex 1.37192 0.916691 2.4
    endloop
  endfacet
  facet normal 0 0 1
    outer loop
      vertex 2.22228 3.32588 2.4
      vertex 1.16673 1.16673 2.4
      vertex 1.27547 1.04675 2.4
    endloop
  endfacet
  facet normal 0 0 1
    outer loop
      vertex 0.631427 1.5244 2.4
      vertex 1.53073 3.69552 2.4
      vertex 1.16114 3.82776 2.4
    endloop
  endfacet
  facet normal 0 0 1
    outer loop
      vertex 2.22228 3.32588 2.4
      vertex 1.04675 1.27547 2.4
      vertex 1.16673 1.16673 2.4
    endloop
  endfacet
  facet normal 0 0 1
    outer loop
      vertex 2.22228 3.32588 2.4
      vertex 0.916691 1.37192 2.4
      vertex 1.04675 1.27547 2.4
    endloop
  endfacet
  facet normal 0 0 1
    outer loop
      vertex 0.47897 1.57895 2.4
      vertex 1.16114 3.82776 2.4
      vertex 0.780361 3.92314 2.4
    endloop
  endfacet
  facet normal 0 0 1
    outer loop
      vertex 1.88559 3.52768 2.4
      vertex 0.777804 1.45517 2.4
      vertex 0.916691 1.37192 2.4
    endloop
  endfacet
  facet normal 0 0 1
    outer loop
      vertex 1.53073 3.69552 2.4
      vertex 0.631427 1.5244 2.4
      vertex 0.777804 1.45517 2.4
    endloop
  endfacet
  facet normal 0 0 1
    outer loop
      vertex 1.16114 3.82776 2.4
      vertex 0.47897 1.57895 2.4
      vertex 0.631427 1.5244 2.4
    endloop
  endfacet
  facet normal 0 0 1
    outer loop
      vertex 0.321898 1.6183 2.4
      vertex 0.780361 3.92314 2.4
      vertex 0.392068 3.98074 2.4
    endloop
  endfacet
  facet normal 0 0 1
    outer loop
      vertex 0.780361 3.92314 2.4
      vertex 0.321898 1.6183 2.4
      vertex 0.47897 1.57895 2.4
    endloop
  endfacet
  facet normal 0 0 1
    outer loop
      vertex 0.392068 3.98074 2.4
      vertex 0.161728 1.64205 2.4
      vertex 0.321898 1.6183 2.4
    endloop
  endfacet
  facet normal 0 0 1
    outer loop
      vertex 0 4 2.4
      vertex 0.161728 1.64205 2.4
      vertex 0.392068 3.98074 2.4
    endloop
  endfacet
  facet normal 0 0 1
    outer loop
      vertex 0 4 2.4
      vertex 0 1.65 2.4
      vertex 0.161728 1.64205 2.4
    endloop
  endfacet
  facet normal 0 0 1
    outer loop
      vertex 0 4 2.4
      vertex -0.161728 1.64205 2.4
      vertex 0 1.65 2.4
    endloop
  endfacet
  facet normal -0 0 1
    outer loop
      vertex -0.392068 3.98074 2.4
      vertex -0.161728 1.64205 2.4
      vertex 0 4 2.4
    endloop
  endfacet
  facet normal 0 0 1
    outer loop
      vertex -0.161728 1.64205 2.4
      vertex -0.392068 3.98074 2.4
      vertex -0.321898 1.6183 2.4
    endloop
  endfacet
  facet normal -0 0 1
    outer loop
      vertex -0.780361 3.92314 2.4
      vertex -0.321898 1.6183 2.4
      vertex -0.392068 3.98074 2.4
    endloop
  endfacet
  facet normal 0 0 1
    outer loop
      vertex -0.321898 1.6183 2.4
      vertex -0.780361 3.92314 2.4
      vertex -0.47897 1.57895 2.4
    endloop
  endfacet
  facet normal -0 0 1
    outer loop
      vertex -1.16114 3.82776 2.4
      vertex -0.47897 1.57895 2.4
      vertex -0.780361 3.92314 2.4
    endloop
  endfacet
  facet normal 0 0 1
    outer loop
      vertex -0.47897 1.57895 2.4
      vertex -1.16114 3.82776 2.4
      vertex -0.631427 1.5244 2.4
    endloop
  endfacet
  facet normal -0 0 1
    outer loop
      vertex -1.53073 3.69552 2.4
      vertex -0.631427 1.5244 2.4
      vertex -1.16114 3.82776 2.4
    endloop
  endfacet
  facet normal 0 0 1
    outer loop
      vertex -0.631427 1.5244 2.4
      vertex -1.53073 3.69552 2.4
      vertex -0.777804 1.45517 2.4
    endloop
  endfacet
  facet normal -0 0 1
    outer loop
      vertex -1.88559 3.52768 2.4
      vertex -0.777804 1.45517 2.4
      vertex -1.53073 3.69552 2.4
    endloop
  endfacet
  facet normal 0 0 1
    outer loop
      vertex -0.777804 1.45517 2.4
      vertex -1.88559 3.52768 2.4
      vertex -0.916691 1.37192 2.4
    endloop
  endfacet
  facet normal -0 0 1
    outer loop
      vertex -2.22228 3.32588 2.4
      vertex -0.916691 1.37192 2.4
      vertex -1.88559 3.52768 2.4
    endloop
  endfacet
  facet normal 0 0 1
    outer loop
      vertex -0.916691 1.37192 2.4
      vertex -2.22228 3.32588 2.4
      vertex -1.04675 1.27547 2.4
    endloop
  endfacet
  facet normal -0 0 1
    outer loop
      vertex -2.53757 3.09204 2.4
      vertex -1.04675 1.27547 2.4
      vertex -2.22228 3.32588 2.4
    endloop
  endfacet
  facet normal 0 0 1
    outer loop
      vertex -1.04675 1.27547 2.4
      vertex -2.53757 3.09204 2.4
      vertex -1.16673 1.16673 2.4
    endloop
  endfacet
  facet normal -0 0 1
    outer loop
      vertex -2.82843 2.82843 2.4
      vertex -1.16673 1.16673 2.4
      vertex -2.53757 3.09204 2.4
    endloop
  endfacet
  facet normal 0 0 1
    outer loop
      vertex -1.16673 1.16673 2.4
      vertex -2.82843 2.82843 2.4
      vertex -1.27547 1.04675 2.4
    endloop
  endfacet
  facet normal -0 0 1
    outer loop
      vertex -3.09204 2.53757 2.4
      vertex -1.27547 1.04675 2.4
      vertex -2.82843 2.82843 2.4
    endloop
  endfacet
  facet normal 0 0 1
    outer loop
      vertex -1.27547 1.04675 2.4
      vertex -3.09204 2.53757 2.4
      vertex -1.37192 0.916691 2.4
    endloop
  endfacet
  facet normal -0 0 1
    outer loop
      vertex -3.32588 2.22228 2.4
      vertex -1.37192 0.916691 2.4
      vertex -3.09204 2.53757 2.4
    endloop
  endfacet
  facet normal 0 0 1
    outer loop
      vertex -1.37192 0.916691 2.4
      vertex -3.32588 2.22228 2.4
      vertex -1.45517 0.777804 2.4
    endloop
  endfacet
  facet normal 0 0 1
    outer loop
      vertex 1.65 0 2.4
      vertex 4 0 2.4
      vertex 3.98074 0.392068 2.4
    endloop
  endfacet
  facet normal 0 0 1
    outer loop
      vertex 1.64205 0.161728 2.4
      vertex 3.98074 0.392068 2.4
      vertex 3.92314 0.780361 2.4
    endloop
  endfacet
  facet normal 0 0 1
    outer loop
      vertex 1.64205 0.161728 2.4
      vertex 3.92314 0.780361 2.4
      vertex 3.82776 1.16114 2.4
    endloop
  endfacet
  facet normal 0 0 1
    outer loop
      vertex 1.64205 0.161728 2.4
      vertex 3.82776 1.16114 2.4
      vertex 3.69552 1.53073 2.4
    endloop
  endfacet
  facet normal 0 0 1
    outer loop
      vertex 1.64205 0.161728 2.4
      vertex 3.69552 1.53073 2.4
      vertex 3.52768 1.88559 2.4
    endloop
  endfacet
  facet normal 0 0 1
    outer loop
      vertex 1.64205 0.161728 2.4
      vertex 3.52768 1.88559 2.4
      vertex 3.32588 2.22228 2.4
    endloop
  endfacet
  facet normal 0 0 1
    outer loop
      vertex 1.64205 0.161728 2.4
      vertex 3.32588 2.22228 2.4
      vertex 3.09204 2.53757 2.4
    endloop
  endfacet
  facet normal 0 0 1
    outer loop
      vertex 1.64205 0.161728 2.4
      vertex 3.09204 2.53757 2.4
      vertex 2.82843 2.82843 2.4
    endloop
  endfacet
  facet normal 0 0 1
    outer loop
      vertex 1.64205 0.161728 2.4
      vertex 2.82843 2.82843 2.4
      vertex 2.53757 3.09204 2.4
    endloop
  endfacet
  facet normal 0 0 1
    outer loop
      vertex 1.64205 0.161728 2.4
      vertex 2.53757 3.09204 2.4
      vertex 2.22228 3.32588 2.4
    endloop
  endfacet
  facet normal 0 0 1
    outer loop
      vertex 0.916691 1.37192 2.4
      vertex 2.22228 3.32588 2.4
      vertex 1.88559 3.52768 2.4
    endloop
  endfacet
  facet normal 0 0 1
    outer loop
      vertex 4 0 2.4
      vertex 1.65 0 2.4
      vertex 1.64205 -0.161728 2.4
    endloop
  endfacet
  facet normal 0 0 1
    outer loop
      vertex 4 0 2.4
      vertex 1.64205 -0.161728 2.4
      vertex 1.6183 -0.321898 2.4
    endloop
  endfacet
  facet normal 0 0 1
    outer loop
      vertex 4 0 2.4
      vertex 1.6183 -0.321898 2.4
      vertex 1.57895 -0.47897 2.4
    endloop
  endfacet
  facet normal 0 0 1
    outer loop
      vertex 4 0 2.4
      vertex 1.57895 -0.47897 2.4
      vertex 1.5244 -0.631427 2.4
    endloop
  endfacet
  facet normal 0 0 1
    outer loop
      vertex 4 0 2.4
      vertex 1.5244 -0.631427 2.4
      vertex 1.45517 -0.777804 2.4
    endloop
  endfacet
  facet normal 0 0 1
    outer loop
      vertex 4 0 2.4
      vertex 1.45517 -0.777804 2.4
      vertex 4 -3.70778 2.4
    endloop
  endfacet
  facet normal -0 0 1
    outer loop
      vertex 1.37192 -0.916691 2.4
      vertex 4 -3.70778 2.4
      vertex 1.45517 -0.777804 2.4
    endloop
  endfacet
  facet normal -0 0 1
    outer loop
      vertex 1.27547 -1.04675 2.4
      vertex 4 -3.70778 2.4
      vertex 1.37192 -0.916691 2.4
    endloop
  endfacet
  facet normal -0 0 1
    outer loop
      vertex 1.16673 -1.16673 2.4
      vertex 4 -3.70778 2.4
      vertex 1.27547 -1.04675 2.4
    endloop
  endfacet
  facet normal -0 0 1
    outer loop
      vertex 1.04675 -1.27547 2.4
      vertex 4 -3.70778 2.4
      vertex 1.16673 -1.16673 2.4
    endloop
  endfacet
  facet normal -0 0 1
    outer loop
      vertex 0.916691 -1.37192 2.4
      vertex 4 -3.70778 2.4
      vertex 1.04675 -1.27547 2.4
    endloop
  endfacet
  facet normal -0 0 1
    outer loop
      vertex 0.777804 -1.45517 2.4
      vertex 4 -3.70778 2.4
      vertex 0.916691 -1.37192 2.4
    endloop
  endfacet
  facet normal -0 0 1
    outer loop
      vertex 0.631427 -1.5244 2.4
      vertex 4 -3.70778 2.4
      vertex 0.777804 -1.45517 2.4
    endloop
  endfacet
  facet normal -0 0 1
    outer loop
      vertex 0.47897 -1.57895 2.4
      vertex 4 -3.70778 2.4
      vertex 0.631427 -1.5244 2.4
    endloop
  endfacet
  facet normal -0 0 1
    outer loop
      vertex 0.321898 -1.6183 2.4
      vertex 4 -3.70778 2.4
      vertex 0.47897 -1.57895 2.4
    endloop
  endfacet
  facet normal -0 0 1
    outer loop
      vertex 0.161728 -1.64205 2.4
      vertex 4 -3.70778 2.4
      vertex 0.321898 -1.6183 2.4
    endloop
  endfacet
  facet normal -0 0 1
    outer loop
      vertex 0 -1.65 2.4
      vertex 4 -3.70778 2.4
      vertex 0.161728 -1.64205 2.4
    endloop
  endfacet
  facet normal 0 0 1
    outer loop
      vertex -4 -3.70778 2.4
      vertex 0 -1.65 2.4
      vertex -0.161728 -1.64205 2.4
    endloop
  endfacet
  facet normal 0 0 1
    outer loop
      vertex -4 -3.70778 2.4
      vertex -0.161728 -1.64205 2.4
      vertex -0.321898 -1.6183 2.4
    endloop
  endfacet
  facet normal 0 0 1
    outer loop
      vertex -4 -3.70778 2.4
      vertex -0.321898 -1.6183 2.4
      vertex -0.47897 -1.57895 2.4
    endloop
  endfacet
  facet normal 0 0 1
    outer loop
      vertex -4 -3.70778 2.4
      vertex -0.47897 -1.57895 2.4
      vertex -0.631427 -1.5244 2.4
    endloop
  endfacet
  facet normal -0 0 1
    outer loop
      vertex -3.52768 1.88559 2.4
      vertex -1.45517 0.777804 2.4
      vertex -3.32588 2.22228 2.4
    endloop
  endfacet
  facet normal 0 0 1
    outer loop
      vertex -1.45517 0.777804 2.4
      vertex -3.52768 1.88559 2.4
      vertex -1.5244 0.631427 2.4
    endloop
  endfacet
  facet normal -0 0 1
    outer loop
      vertex -3.69552 1.53073 2.4
      vertex -1.5244 0.631427 2.4
      vertex -3.52768 1.88559 2.4
    endloop
  endfacet
  facet normal 0 0 1
    outer loop
      vertex -1.5244 0.631427 2.4
      vertex -3.69552 1.53073 2.4
      vertex -1.57895 0.47897 2.4
    endloop
  endfacet
  facet normal -0 0 1
    outer loop
      vertex -3.82776 1.16114 2.4
      vertex -1.57895 0.47897 2.4
      vertex -3.69552 1.53073 2.4
    endloop
  endfacet
  facet normal 0 0 1
    outer loop
      vertex -1.57895 0.47897 2.4
      vertex -3.82776 1.16114 2.4
      vertex -1.6183 0.321898 2.4
    endloop
  endfacet
  facet normal -0 0 1
    outer loop
      vertex -3.92314 0.780361 2.4
      vertex -1.6183 0.321898 2.4
      vertex -3.82776 1.16114 2.4
    endloop
  endfacet
  facet normal 0 0 1
    outer loop
      vertex -1.6183 0.321898 2.4
      vertex -3.92314 0.780361 2.4
      vertex -1.64205 0.161728 2.4
    endloop
  endfacet
  facet normal -0 0 1
    outer loop
      vertex -3.98074 0.392068 2.4
      vertex -1.64205 0.161728 2.4
      vertex -3.92314 0.780361 2.4
    endloop
  endfacet
  facet normal 0 0 1
    outer loop
      vertex -1.64205 0.161728 2.4
      vertex -3.98074 0.392068 2.4
      vertex -1.65 0 2.4
    endloop
  endfacet
  facet normal 0 0 1
    outer loop
      vertex -4 0 2.4
      vertex -1.65 0 2.4
      vertex -3.98074 0.392068 2.4
    endloop
  endfacet
  facet normal 0 0 1
    outer loop
      vertex -1.65 0 2.4
      vertex -4 0 2.4
      vertex -1.64205 -0.161728 2.4
    endloop
  endfacet
  facet normal 0 0 1
    outer loop
      vertex -1.64205 -0.161728 2.4
      vertex -4 0 2.4
      vertex -1.6183 -0.321898 2.4
    endloop
  endfacet
  facet normal 0 0 1
    outer loop
      vertex -1.6183 -0.321898 2.4
      vertex -4 0 2.4
      vertex -1.57895 -0.47897 2.4
    endloop
  endfacet
  facet normal 0 0 1
    outer loop
      vertex -1.57895 -0.47897 2.4
      vertex -4 0 2.4
      vertex -1.5244 -0.631427 2.4
    endloop
  endfacet
  facet normal 0 0 1
    outer loop
      vertex -1.5244 -0.631427 2.4
      vertex -4 0 2.4
      vertex -1.45517 -0.777804 2.4
    endloop
  endfacet
  facet normal 0 0 1
    outer loop
      vertex -4 -3.70778 2.4
      vertex -1.45517 -0.777804 2.4
      vertex -4 0 2.4
    endloop
  endfacet
  facet normal 0 0 1
    outer loop
      vertex -1.45517 -0.777804 2.4
      vertex -4 -3.70778 2.4
      vertex -1.37192 -0.916691 2.4
    endloop
  endfacet
  facet normal 0 0 1
    outer loop
      vertex -1.37192 -0.916691 2.4
      vertex -4 -3.70778 2.4
      vertex -1.27547 -1.04675 2.4
    endloop
  endfacet
  facet normal 0 0 1
    outer loop
      vertex -1.27547 -1.04675 2.4
      vertex -4 -3.70778 2.4
      vertex -1.16673 -1.16673 2.4
    endloop
  endfacet
  facet normal 0 0 1
    outer loop
      vertex -1.16673 -1.16673 2.4
      vertex -4 -3.70778 2.4
      vertex -1.04675 -1.27547 2.4
    endloop
  endfacet
  facet normal 0 0 1
    outer loop
      vertex -1.04675 -1.27547 2.4
      vertex -4 -3.70778 2.4
      vertex -0.916691 -1.37192 2.4
    endloop
  endfacet
  facet normal 0 0 1
    outer loop
      vertex -0.916691 -1.37192 2.4
      vertex -4 -3.70778 2.4
      vertex -0.777804 -1.45517 2.4
    endloop
  endfacet
  facet normal 0 0 1
    outer loop
      vertex -0.777804 -1.45517 2.4
      vertex -4 -3.70778 2.4
      vertex -0.631427 -1.5244 2.4
    endloop
  endfacet
  facet normal 0 0 1
    outer loop
      vertex 0 -1.65 2.4
      vertex -4 -3.70778 2.4
      vertex 4 -3.70778 2.4
    endloop
  endfacet
  facet normal 0.337022 -0.941497 0
    outer loop
      vertex 1.16114 -12.0278 0
      vertex 1.53073 -11.8955 1.56587
      vertex 1.16114 -12.0278 1.68573
    endloop
  endfacet
  facet normal 0.337022 -0.941497 0
    outer loop
      vertex 1.53073 -11.8955 1.56587
      vertex 1.16114 -12.0278 0
      vertex 1.53073 -11.8955 0
    endloop
  endfacet
  facet normal -0.803201 0.595708 0
    outer loop
      vertex -3.32588 2.22228 0
      vertex -3.09204 2.53757 2.4
      vertex -3.09204 2.53757 0
    endloop
  endfacet
  facet normal -0.803201 0.595708 0
    outer loop
      vertex -3.09204 2.53757 2.4
      vertex -3.32588 2.22228 0
      vertex -3.32588 2.22228 2.4
    endloop
  endfacet
  facet normal -0.595806 -0.803128 0
    outer loop
      vertex -2.22228 -11.5259 0
      vertex -2.53757 -11.292 1.11584
      vertex -2.53757 -11.292 0
    endloop
  endfacet
  facet normal -0.595682 -0.803221 5.44973e-05
    outer loop
      vertex -2.53757 -11.292 1.11584
      vertex -2.22228 -11.5259 0
      vertex -2.43684 -11.3667 1.16062
    endloop
  endfacet
  facet normal -0.595872 -0.80308 0
    outer loop
      vertex -2.43684 -11.3667 1.16062
      vertex -2.22228 -11.5259 0
      vertex -2.22228 -11.5259 1.27864
    endloop
  endfacet
  facet normal 0.74096 -0.671549 -4.75631e-05
    outer loop
      vertex 2.82843 -11.0284 0
      vertex 3.09204 -10.7376 0.802393
      vertex 2.95664 -10.887 0.873049
    endloop
  endfacet
  facet normal 0.740814 -0.67171 0
    outer loop
      vertex 2.82843 -11.0284 0
      vertex 2.95664 -10.887 0.873049
      vertex 2.82843 -11.0284 0.95784
    endloop
  endfacet
  facet normal 0.740895 -0.671621 0
    outer loop
      vertex 3.09204 -10.7376 0.802393
      vertex 2.82843 -11.0284 0
      vertex 3.09204 -10.7376 0
    endloop
  endfacet
  facet normal 0 0 -1
    outer loop
      vertex -4 -8.2 0
      vertex 4 -8.2 0
      vertex 3.98074 -8.59207 0
    endloop
  endfacet
  facet normal 0 0 -1
    outer loop
      vertex 4 -8.2 0
      vertex 1.16673 -1.16673 0
      vertex 4 0 0
    endloop
  endfacet
  facet normal 0 0 -1
    outer loop
      vertex -4 -8.2 0
      vertex 3.98074 -8.59207 0
      vertex 3.92314 -8.98036 0
    endloop
  endfacet
  facet normal 0 -0 -1
    outer loop
      vertex 1.37192 -0.916691 0
      vertex 4 0 0
      vertex 1.27547 -1.04675 0
    endloop
  endfacet
  facet normal 0 0 -1
    outer loop
      vertex -4 -8.2 0
      vertex 3.92314 -8.98036 0
      vertex 3.82776 -9.36114 0
    endloop
  endfacet
  facet normal 0 -0 -1
    outer loop
      vertex 1.45517 -0.777804 0
      vertex 4 0 0
      vertex 1.37192 -0.916691 0
    endloop
  endfacet
  facet normal 0 0 -1
    outer loop
      vertex -4 -8.2 0
      vertex 3.82776 -9.36114 0
      vertex 3.69552 -9.73073 0
    endloop
  endfacet
  facet normal 0 -0 -1
    outer loop
      vertex 1.57895 -0.47897 0
      vertex 4 0 0
      vertex 1.5244 -0.631427 0
    endloop
  endfacet
  facet normal 0 0 -1
    outer loop
      vertex -4 -8.2 0
      vertex 3.69552 -9.73073 0
      vertex 3.52768 -10.0856 0
    endloop
  endfacet
  facet normal 0 -0 -1
    outer loop
      vertex 1.64205 -0.161728 0
      vertex 4 0 0
      vertex 1.6183 -0.321898 0
    endloop
  endfacet
  facet normal 0 0 -1
    outer loop
      vertex -4 -8.2 0
      vertex 3.52768 -10.0856 0
      vertex 3.32588 -10.4223 0
    endloop
  endfacet
  facet normal 0 -0 -1
    outer loop
      vertex 1.65 0 0
      vertex 4 0 0
      vertex 1.64205 -0.161728 0
    endloop
  endfacet
  facet normal 0 0 -1
    outer loop
      vertex -4 -8.2 0
      vertex 3.32588 -10.4223 0
      vertex 3.09204 -10.7376 0
    endloop
  endfacet
  facet normal 0 0 -1
    outer loop
      vertex 1.64205 0.161728 0
      vertex 3.98074 0.392068 0
      vertex 1.65 0 0
    endloop
  endfacet
  facet normal 0 0 -1
    outer loop
      vertex -4 -8.2 0
      vertex 3.09204 -10.7376 0
      vertex 2.82843 -11.0284 0
    endloop
  endfacet
  facet normal 0 0 -1
    outer loop
      vertex 1.6183 0.321898 0
      vertex 3.92314 0.780361 0
      vertex 1.64205 0.161728 0
    endloop
  endfacet
  facet normal 0 0 -1
    outer loop
      vertex -4 -8.2 0
      vertex 2.82843 -11.0284 0
      vertex 2.53757 -11.292 0
    endloop
  endfacet
  facet normal -0 0 -1
    outer loop
      vertex 3.92314 0.780361 0
      vertex 1.6183 0.321898 0
      vertex 3.82776 1.16114 0
    endloop
  endfacet
  facet normal 0 0 -1
    outer loop
      vertex -4 -8.2 0
      vertex 2.53757 -11.292 0
      vertex 2.22228 -11.5259 0
    endloop
  endfacet
  facet normal -0 0 -1
    outer loop
      vertex 3.82776 1.16114 0
      vertex 1.57895 0.47897 0
      vertex 3.69552 1.53073 0
    endloop
  endfacet
  facet normal 0 0 -1
    outer loop
      vertex -4 -8.2 0
      vertex 2.22228 -11.5259 0
      vertex 1.88559 -11.7277 0
    endloop
  endfacet
  facet normal -0 0 -1
    outer loop
      vertex 3.69552 1.53073 0
      vertex 1.5244 0.631427 0
      vertex 3.52768 1.88559 0
    endloop
  endfacet
  facet normal -0 0 -1
    outer loop
      vertex 3.52768 1.88559 0
      vertex 1.45517 0.777804 0
      vertex 3.32588 2.22228 0
    endloop
  endfacet
  facet normal 0 0 -1
    outer loop
      vertex 1.45517 0.777804 0
      vertex 3.52768 1.88559 0
      vertex 1.5244 0.631427 0
    endloop
  endfacet
  facet normal 0 0 -1
    outer loop
      vertex 1.5244 0.631427 0
      vertex 3.69552 1.53073 0
      vertex 1.57895 0.47897 0
    endloop
  endfacet
  facet normal 0 0 -1
    outer loop
      vertex 1.57895 0.47897 0
      vertex 3.82776 1.16114 0
      vertex 1.6183 0.321898 0
    endloop
  endfacet
  facet normal 0 0 -1
    outer loop
      vertex -4 -8.2 0
      vertex 1.88559 -11.7277 0
      vertex 1.53073 -11.8955 0
    endloop
  endfacet
  facet normal -0 0 -1
    outer loop
      vertex 3.98074 0.392068 0
      vertex 1.64205 0.161728 0
      vertex 3.92314 0.780361 0
    endloop
  endfacet
  facet normal 0 0 -1
    outer loop
      vertex 4 0 0
      vertex 1.65 0 0
      vertex 3.98074 0.392068 0
    endloop
  endfacet
  facet normal 0 -0 -1
    outer loop
      vertex 1.6183 -0.321898 0
      vertex 4 0 0
      vertex 1.57895 -0.47897 0
    endloop
  endfacet
  facet normal 0 -0 -1
    outer loop
      vertex 1.5244 -0.631427 0
      vertex 4 0 0
      vertex 1.45517 -0.777804 0
    endloop
  endfacet
  facet normal 0 0 -1
    outer loop
      vertex 4 0 0
      vertex 1.16673 -1.16673 0
      vertex 1.27547 -1.04675 0
    endloop
  endfacet
  facet normal 0 0 -1
    outer loop
      vertex -4 -8.2 0
      vertex 1.53073 -11.8955 0
      vertex 1.16114 -12.0278 0
    endloop
  endfacet
  facet normal 0 0 -1
    outer loop
      vertex 4 -8.2 0
      vertex 1.04675 -1.27547 0
      vertex 1.16673 -1.16673 0
    endloop
  endfacet
  facet normal 0 0 -1
    outer loop
      vertex 4 -8.2 0
      vertex 0.916691 -1.37192 0
      vertex 1.04675 -1.27547 0
    endloop
  endfacet
  facet normal 0 0 -1
    outer loop
      vertex -4 -8.2 0
      vertex 1.16114 -12.0278 0
      vertex 0.780361 -12.1231 0
    endloop
  endfacet
  facet normal 0 0 -1
    outer loop
      vertex 4 -8.2 0
      vertex 0.777804 -1.45517 0
      vertex 0.916691 -1.37192 0
    endloop
  endfacet
  facet normal 0 0 -1
    outer loop
      vertex 4 -8.2 0
      vertex 0.631427 -1.5244 0
      vertex 0.777804 -1.45517 0
    endloop
  endfacet
  facet normal 0 0 -1
    outer loop
      vertex 4 -8.2 0
      vertex 0.47897 -1.57895 0
      vertex 0.631427 -1.5244 0
    endloop
  endfacet
  facet normal 0 0 -1
    outer loop
      vertex -4 -8.2 0
      vertex 0.780361 -12.1231 0
      vertex 0.392068 -12.1807 0
    endloop
  endfacet
  facet normal 0 0 -1
    outer loop
      vertex 4 -8.2 0
      vertex 0.321898 -1.6183 0
      vertex 0.47897 -1.57895 0
    endloop
  endfacet
  facet normal 0 0 -1
    outer loop
      vertex 4 -8.2 0
      vertex -4 -8.2 0
      vertex 0 -1.65 0
    endloop
  endfacet
  facet normal 0 0 -1
    outer loop
      vertex -4 -8.2 0
      vertex 0.392068 -12.1807 0
      vertex 0 -12.2 0
    endloop
  endfacet
  facet normal 0 0 -1
    outer loop
      vertex 4 -8.2 0
      vertex 0.161728 -1.64205 0
      vertex 0.321898 -1.6183 0
    endloop
  endfacet
  facet normal 0 0 -1
    outer loop
      vertex 4 -8.2 0
      vertex 0 -1.65 0
      vertex 0.161728 -1.64205 0
    endloop
  endfacet
  facet normal -0 0 -1
    outer loop
      vertex 0 -1.65 0
      vertex -4 -8.2 0
      vertex -0.161728 -1.64205 0
    endloop
  endfacet
  facet normal 0 0 -1
    outer loop
      vertex -4 -8.2 0
      vertex 0 -12.2 0
      vertex -0.392068 -12.1807 0
    endloop
  endfacet
  facet normal -0 0 -1
    outer loop
      vertex -0.161728 -1.64205 0
      vertex -4 -8.2 0
      vertex -0.321898 -1.6183 0
    endloop
  endfacet
  facet normal -0 0 -1
    outer loop
      vertex -0.321898 -1.6183 0
      vertex -4 -8.2 0
      vertex -0.47897 -1.57895 0
    endloop
  endfacet
  facet normal -0 0 -1
    outer loop
      vertex -0.47897 -1.57895 0
      vertex -4 -8.2 0
      vertex -0.631427 -1.5244 0
    endloop
  endfacet
  facet normal 0 0 -1
    outer loop
      vertex -4 -8.2 0
      vertex -0.392068 -12.1807 0
      vertex -0.780361 -12.1231 0
    endloop
  endfacet
  facet normal -0 0 -1
    outer loop
      vertex -0.631427 -1.5244 0
      vertex -4 -8.2 0
      vertex -0.777804 -1.45517 0
    endloop
  endfacet
  facet normal -0 0 -1
    outer loop
      vertex -0.777804 -1.45517 0
      vertex -4 -8.2 0
      vertex -0.916691 -1.37192 0
    endloop
  endfacet
  facet normal 0 0 -1
    outer loop
      vertex -4 -8.2 0
      vertex -0.780361 -12.1231 0
      vertex -1.16114 -12.0278 0
    endloop
  endfacet
  facet normal -0 0 -1
    outer loop
      vertex -0.916691 -1.37192 0
      vertex -4 -8.2 0
      vertex -1.04675 -1.27547 0
    endloop
  endfacet
  facet normal -0 0 -1
    outer loop
      vertex -1.04675 -1.27547 0
      vertex -4 -8.2 0
      vertex -1.16673 -1.16673 0
    endloop
  endfacet
  facet normal 0 0 -1
    outer loop
      vertex -4 0 0
      vertex -1.16673 -1.16673 0
      vertex -4 -8.2 0
    endloop
  endfacet
  facet normal 0 0 -1
    outer loop
      vertex -1.16673 -1.16673 0
      vertex -4 0 0
      vertex -1.27547 -1.04675 0
    endloop
  endfacet
  facet normal 0 0 -1
    outer loop
      vertex -1.27547 -1.04675 0
      vertex -4 0 0
      vertex -1.37192 -0.916691 0
    endloop
  endfacet
  facet normal 0 0 -1
    outer loop
      vertex -4 -8.2 0
      vertex -1.16114 -12.0278 0
      vertex -1.53073 -11.8955 0
    endloop
  endfacet
  facet normal 0 0 -1
    outer loop
      vertex -1.37192 -0.916691 0
      vertex -4 0 0
      vertex -1.45517 -0.777804 0
    endloop
  endfacet
  facet normal 0 0 -1
    outer loop
      vertex -1.45517 -0.777804 0
      vertex -4 0 0
      vertex -1.5244 -0.631427 0
    endloop
  endfacet
  facet normal 0 0 -1
    outer loop
      vertex -1.5244 -0.631427 0
      vertex -4 0 0
      vertex -1.57895 -0.47897 0
    endloop
  endfacet
  facet normal 0 0 -1
    outer loop
      vertex -1.57895 -0.47897 0
      vertex -4 0 0
      vertex -1.6183 -0.321898 0
    endloop
  endfacet
  facet normal 0 0 -1
    outer loop
      vertex -4 -8.2 0
      vertex -1.53073 -11.8955 0
      vertex -1.88559 -11.7277 0
    endloop
  endfacet
  facet normal 0 0 -1
    outer loop
      vertex 1.37192 0.916691 0
      vertex 3.32588 2.22228 0
      vertex 1.45517 0.777804 0
    endloop
  endfacet
  facet normal -0 0 -1
    outer loop
      vertex 3.32588 2.22228 0
      vertex 1.37192 0.916691 0
      vertex 3.09204 2.53757 0
    endloop
  endfacet
  facet normal 0 0 -1
    outer loop
      vertex 1.27547 1.04675 0
      vertex 3.09204 2.53757 0
      vertex 1.37192 0.916691 0
    endloop
  endfacet
  facet normal -0 0 -1
    outer loop
      vertex 3.09204 2.53757 0
      vertex 1.27547 1.04675 0
      vertex 2.82843 2.82843 0
    endloop
  endfacet
  facet normal 0 0 -1
    outer loop
      vertex 1.16673 1.16673 0
      vertex 2.82843 2.82843 0
      vertex 1.27547 1.04675 0
    endloop
  endfacet
  facet normal -0 0 -1
    outer loop
      vertex 2.82843 2.82843 0
      vertex 1.16673 1.16673 0
      vertex 2.53757 3.09204 0
    endloop
  endfacet
  facet normal 0 0 -1
    outer loop
      vertex 1.04675 1.27547 0
      vertex 2.53757 3.09204 0
      vertex 1.16673 1.16673 0
    endloop
  endfacet
  facet normal -0 0 -1
    outer loop
      vertex 2.53757 3.09204 0
      vertex 1.04675 1.27547 0
      vertex 2.22228 3.32588 0
    endloop
  endfacet
  facet normal 0 0 -1
    outer loop
      vertex 0.916691 1.37192 0
      vertex 2.22228 3.32588 0
      vertex 1.04675 1.27547 0
    endloop
  endfacet
  facet normal -0 0 -1
    outer loop
      vertex 2.22228 3.32588 0
      vertex 0.916691 1.37192 0
      vertex 1.88559 3.52768 0
    endloop
  endfacet
  facet normal 0 0 -1
    outer loop
      vertex 0.777804 1.45517 0
      vertex 1.88559 3.52768 0
      vertex 0.916691 1.37192 0
    endloop
  endfacet
  facet normal -0 0 -1
    outer loop
      vertex 1.88559 3.52768 0
      vertex 0.777804 1.45517 0
      vertex 1.53073 3.69552 0
    endloop
  endfacet
  facet normal 0 0 -1
    outer loop
      vertex 0.631427 1.5244 0
      vertex 1.53073 3.69552 0
      vertex 0.777804 1.45517 0
    endloop
  endfacet
  facet normal -0 0 -1
    outer loop
      vertex 1.53073 3.69552 0
      vertex 0.631427 1.5244 0
      vertex 1.16114 3.82776 0
    endloop
  endfacet
  facet normal 0 0 -1
    outer loop
      vertex 0.47897 1.57895 0
      vertex 1.16114 3.82776 0
      vertex 0.631427 1.5244 0
    endloop
  endfacet
  facet normal -0 0 -1
    outer loop
      vertex 1.16114 3.82776 0
      vertex 0.47897 1.57895 0
      vertex 0.780361 3.92314 0
    endloop
  endfacet
  facet normal 0 0 -1
    outer loop
      vertex 0.321898 1.6183 0
      vertex 0.780361 3.92314 0
      vertex 0.47897 1.57895 0
    endloop
  endfacet
  facet normal -0 0 -1
    outer loop
      vertex 0.780361 3.92314 0
      vertex 0.321898 1.6183 0
      vertex 0.392068 3.98074 0
    endloop
  endfacet
  facet normal 0 0 -1
    outer loop
      vertex 0.161728 1.64205 0
      vertex 0.392068 3.98074 0
      vertex 0.321898 1.6183 0
    endloop
  endfacet
  facet normal 0 0 -1
    outer loop
      vertex 0 1.65 0
      vertex 0.392068 3.98074 0
      vertex 0.161728 1.64205 0
    endloop
  endfacet
  facet normal 0 0 -1
    outer loop
      vertex 0 1.65 0
      vertex 0 4 0
      vertex 0.392068 3.98074 0
    endloop
  endfacet
  facet normal 0 0 -1
    outer loop
      vertex -0.161728 1.64205 0
      vertex 0 4 0
      vertex 0 1.65 0
    endloop
  endfacet
  facet normal 0 0 -1
    outer loop
      vertex -0.392068 3.98074 0
      vertex -0.161728 1.64205 0
      vertex -0.321898 1.6183 0
    endloop
  endfacet
  facet normal 0 0 -1
    outer loop
      vertex -0.161728 1.64205 0
      vertex -0.392068 3.98074 0
      vertex 0 4 0
    endloop
  endfacet
  facet normal 0 0 -1
    outer loop
      vertex -0.780361 3.92314 0
      vertex -0.321898 1.6183 0
      vertex -0.47897 1.57895 0
    endloop
  endfacet
  facet normal 0 0 -1
    outer loop
      vertex -1.16114 3.82776 0
      vertex -0.47897 1.57895 0
      vertex -0.631427 1.5244 0
    endloop
  endfacet
  facet normal 0 0 -1
    outer loop
      vertex -1.53073 3.69552 0
      vertex -0.631427 1.5244 0
      vertex -0.777804 1.45517 0
    endloop
  endfacet
  facet normal 0 0 -1
    outer loop
      vertex -0.321898 1.6183 0
      vertex -0.780361 3.92314 0
      vertex -0.392068 3.98074 0
    endloop
  endfacet
  facet normal 0 0 -1
    outer loop
      vertex -1.88559 3.52768 0
      vertex -0.777804 1.45517 0
      vertex -0.916691 1.37192 0
    endloop
  endfacet
  facet normal 0 0 -1
    outer loop
      vertex -2.22228 3.32588 0
      vertex -0.916691 1.37192 0
      vertex -1.04675 1.27547 0
    endloop
  endfacet
  facet normal 0 0 -1
    outer loop
      vertex -0.47897 1.57895 0
      vertex -1.16114 3.82776 0
      vertex -0.780361 3.92314 0
    endloop
  endfacet
  facet normal 0 0 -1
    outer loop
      vertex -2.53757 3.09204 0
      vertex -1.04675 1.27547 0
      vertex -1.16673 1.16673 0
    endloop
  endfacet
  facet normal 0 0 -1
    outer loop
      vertex -2.82843 2.82843 0
      vertex -1.16673 1.16673 0
      vertex -1.27547 1.04675 0
    endloop
  endfacet
  facet normal 0 0 -1
    outer loop
      vertex -3.09204 2.53757 0
      vertex -1.27547 1.04675 0
      vertex -1.37192 0.916691 0
    endloop
  endfacet
  facet normal 0 0 -1
    outer loop
      vertex -3.32588 2.22228 0
      vertex -1.37192 0.916691 0
      vertex -1.45517 0.777804 0
    endloop
  endfacet
  facet normal 0 0 -1
    outer loop
      vertex -3.52768 1.88559 0
      vertex -1.45517 0.777804 0
      vertex -1.5244 0.631427 0
    endloop
  endfacet
  facet normal 0 0 -1
    outer loop
      vertex -0.631427 1.5244 0
      vertex -1.53073 3.69552 0
      vertex -1.16114 3.82776 0
    endloop
  endfacet
  facet normal 0 0 -1
    outer loop
      vertex -3.69552 1.53073 0
      vertex -1.5244 0.631427 0
      vertex -1.57895 0.47897 0
    endloop
  endfacet
  facet normal 0 0 -1
    outer loop
      vertex -3.82776 1.16114 0
      vertex -1.57895 0.47897 0
      vertex -1.6183 0.321898 0
    endloop
  endfacet
  facet normal 0 0 -1
    outer loop
      vertex -3.92314 0.780361 0
      vertex -1.6183 0.321898 0
      vertex -1.64205 0.161728 0
    endloop
  endfacet
  facet normal 0 0 -1
    outer loop
      vertex -3.98074 0.392068 0
      vertex -1.64205 0.161728 0
      vertex -1.65 0 0
    endloop
  endfacet
  facet normal 0 0 -1
    outer loop
      vertex -0.777804 1.45517 0
      vertex -1.88559 3.52768 0
      vertex -1.53073 3.69552 0
    endloop
  endfacet
  facet normal 0 0 -1
    outer loop
      vertex -1.6183 -0.321898 0
      vertex -4 0 0
      vertex -1.64205 -0.161728 0
    endloop
  endfacet
  facet normal 0 0 -1
    outer loop
      vertex -4 -8.2 0
      vertex -1.88559 -11.7277 0
      vertex -2.22228 -11.5259 0
    endloop
  endfacet
  facet normal 0 0 -1
    outer loop
      vertex -1.64205 -0.161728 0
      vertex -4 0 0
      vertex -1.65 0 0
    endloop
  endfacet
  facet normal 0 0 -1
    outer loop
      vertex -4 -8.2 0
      vertex -2.22228 -11.5259 0
      vertex -2.53757 -11.292 0
    endloop
  endfacet
  facet normal 0 -0 -1
    outer loop
      vertex -3.98074 0.392068 0
      vertex -1.65 0 0
      vertex -4 0 0
    endloop
  endfacet
  facet normal 0 0 -1
    outer loop
      vertex -4 -8.2 0
      vertex -2.53757 -11.292 0
      vertex -2.82843 -11.0284 0
    endloop
  endfacet
  facet normal 0 0 -1
    outer loop
      vertex -0.916691 1.37192 0
      vertex -2.22228 3.32588 0
      vertex -1.88559 3.52768 0
    endloop
  endfacet
  facet normal 0 0 -1
    outer loop
      vertex -4 -8.2 0
      vertex -2.82843 -11.0284 0
      vertex -3.09204 -10.7376 0
    endloop
  endfacet
  facet normal 0 0 -1
    outer loop
      vertex -1.04675 1.27547 0
      vertex -2.53757 3.09204 0
      vertex -2.22228 3.32588 0
    endloop
  endfacet
  facet normal 0 0 -1
    outer loop
      vertex -4 -8.2 0
      vertex -3.09204 -10.7376 0
      vertex -3.32588 -10.4223 0
    endloop
  endfacet
  facet normal 0 0 -1
    outer loop
      vertex -1.16673 1.16673 0
      vertex -2.82843 2.82843 0
      vertex -2.53757 3.09204 0
    endloop
  endfacet
  facet normal 0 0 -1
    outer loop
      vertex -4 -8.2 0
      vertex -3.32588 -10.4223 0
      vertex -3.52768 -10.0856 0
    endloop
  endfacet
  facet normal 0 0 -1
    outer loop
      vertex -1.27547 1.04675 0
      vertex -3.09204 2.53757 0
      vertex -2.82843 2.82843 0
    endloop
  endfacet
  facet normal 0 0 -1
    outer loop
      vertex -4 -8.2 0
      vertex -3.52768 -10.0856 0
      vertex -3.69552 -9.73073 0
    endloop
  endfacet
  facet normal 0 0 -1
    outer loop
      vertex -1.37192 0.916691 0
      vertex -3.32588 2.22228 0
      vertex -3.09204 2.53757 0
    endloop
  endfacet
  facet normal 0 0 -1
    outer loop
      vertex -4 -8.2 0
      vertex -3.69552 -9.73073 0
      vertex -3.82776 -9.36114 0
    endloop
  endfacet
  facet normal 0 0 -1
    outer loop
      vertex -1.45517 0.777804 0
      vertex -3.52768 1.88559 0
      vertex -3.32588 2.22228 0
    endloop
  endfacet
  facet normal 0 0 -1
    outer loop
      vertex -4 -8.2 0
      vertex -3.82776 -9.36114 0
      vertex -3.92314 -8.98036 0
    endloop
  endfacet
  facet normal 0 0 -1
    outer loop
      vertex -1.5244 0.631427 0
      vertex -3.69552 1.53073 0
      vertex -3.52768 1.88559 0
    endloop
  endfacet
  facet normal 0 0 -1
    outer loop
      vertex -4 -8.2 0
      vertex -3.92314 -8.98036 0
      vertex -3.98074 -8.59207 0
    endloop
  endfacet
  facet normal 0 0 -1
    outer loop
      vertex -1.57895 0.47897 0
      vertex -3.82776 1.16114 0
      vertex -3.69552 1.53073 0
    endloop
  endfacet
  facet normal 0 0 -1
    outer loop
      vertex -1.6183 0.321898 0
      vertex -3.92314 0.780361 0
      vertex -3.82776 1.16114 0
    endloop
  endfacet
  facet normal 0 0 -1
    outer loop
      vertex -1.64205 0.161728 0
      vertex -3.98074 0.392068 0
      vertex -3.92314 0.780361 0
    endloop
  endfacet
  facet normal 0.427656 -0.903941 0
    outer loop
      vertex 1.53073 -11.8955 0
      vertex 1.69877 -11.816 1.49384
      vertex 1.53073 -11.8955 1.56587
    endloop
  endfacet
  facet normal 0.427333 -0.904094 4.44363e-05
    outer loop
      vertex 1.53073 -11.8955 0
      vertex 1.88559 -11.7277 1.42831
      vertex 1.69877 -11.816 1.49384
    endloop
  endfacet
  facet normal 0.42748 -0.904025 0
    outer loop
      vertex 1.88559 -11.7277 1.42831
      vertex 1.53073 -11.8955 0
      vertex 1.88559 -11.7277 0
    endloop
  endfacet
  facet normal 0.514095 -0.857733 0
    outer loop
      vertex 1.88559 -11.7277 0
      vertex 2.22228 -11.5259 1.27864
      vertex 1.88559 -11.7277 1.42831
    endloop
  endfacet
  facet normal 0.514095 -0.857733 0
    outer loop
      vertex 2.22228 -11.5259 1.27864
      vertex 1.88559 -11.7277 0
      vertex 2.22228 -11.5259 0
    endloop
  endfacet
  facet normal 0.242788 -0.970079 0
    outer loop
      vertex 0.780361 -12.1231 0
      vertex 1.16114 -12.0278 1.68573
      vertex 0.780361 -12.1231 1.77218
    endloop
  endfacet
  facet normal 0.242788 -0.970079 0
    outer loop
      vertex 1.16114 -12.0278 1.68573
      vertex 0.780361 -12.1231 0
      vertex 1.16114 -12.0278 0
    endloop
  endfacet
  facet normal 0.803201 0.595708 0
    outer loop
      vertex 3.32588 2.22228 2.4
      vertex 3.09204 2.53757 0
      vertex 3.09204 2.53757 2.4
    endloop
  endfacet
  facet normal 0.803201 0.595708 0
    outer loop
      vertex 3.09204 2.53757 0
      vertex 3.32588 2.22228 2.4
      vertex 3.32588 2.22228 0
    endloop
  endfacet
  facet normal -0.941545 0.336887 0
    outer loop
      vertex -3.82776 1.16114 0
      vertex -3.69552 1.53073 2.4
      vertex -3.69552 1.53073 0
    endloop
  endfacet
  facet normal -0.941545 0.336887 0
    outer loop
      vertex -3.69552 1.53073 2.4
      vertex -3.82776 1.16114 0
      vertex -3.82776 1.16114 2.4
    endloop
  endfacet
  facet normal 0.595872 -0.80308 0
    outer loop
      vertex 2.22228 -11.5259 0
      vertex 2.43684 -11.3667 1.16062
      vertex 2.22228 -11.5259 1.27864
    endloop
  endfacet
  facet normal 0.595682 -0.803221 5.44973e-05
    outer loop
      vertex 2.22228 -11.5259 0
      vertex 2.53757 -11.292 1.11584
      vertex 2.43684 -11.3667 1.16062
    endloop
  endfacet
  facet normal 0.595806 -0.803128 0
    outer loop
      vertex 2.53757 -11.292 1.11584
      vertex 2.22228 -11.5259 0
      vertex 2.53757 -11.292 0
    endloop
  endfacet
  facet normal 0.427563 0.903986 -0
    outer loop
      vertex 1.88559 3.52768 0
      vertex 1.53073 3.69552 2.4
      vertex 1.88559 3.52768 2.4
    endloop
  endfacet
  facet normal 0.427563 0.903986 0
    outer loop
      vertex 1.53073 3.69552 2.4
      vertex 1.88559 3.52768 0
      vertex 1.53073 3.69552 0
    endloop
  endfacet
  facet normal -0.595708 0.803201 0
    outer loop
      vertex -2.22228 3.32588 0
      vertex -2.53757 3.09204 2.4
      vertex -2.22228 3.32588 2.4
    endloop
  endfacet
  facet normal -0.595708 0.803201 0
    outer loop
      vertex -2.53757 3.09204 2.4
      vertex -2.22228 3.32588 0
      vertex -2.53757 3.09204 0
    endloop
  endfacet
  facet normal -0.857733 0.514095 0
    outer loop
      vertex -3.52768 1.88559 0
      vertex -3.32588 2.22228 2.4
      vertex -3.32588 2.22228 0
    endloop
  endfacet
  facet normal -0.857733 0.514095 0
    outer loop
      vertex -3.32588 2.22228 2.4
      vertex -3.52768 1.88559 0
      vertex -3.52768 1.88559 2.4
    endloop
  endfacet
  facet normal 0.970034 -0.242969 0
    outer loop
      vertex 3.84007 -9.31201 0.309524
      vertex 3.92314 -8.98036 0
      vertex 3.92314 -8.98036 0.260327
    endloop
  endfacet
  facet normal 0.970015 -0.243047 0
    outer loop
      vertex 3.82776 -9.36114 0
      vertex 3.84007 -9.31201 0.309524
      vertex 3.82776 -9.36114 0.321828
    endloop
  endfacet
  facet normal 0.970032 -0.242979 -1.13776e-05
    outer loop
      vertex 3.84007 -9.31201 0.309524
      vertex 3.82776 -9.36114 0
      vertex 3.92314 -8.98036 0
    endloop
  endfacet
  facet normal 1 0 0
    outer loop
      vertex 4 -11.7 10.3922
      vertex 4 -11.816 10.3062
      vertex 4 -11.7 5.9
    endloop
  endfacet
  facet normal 1 0 0
    outer loop
      vertex 4 -4.7 5.9
      vertex 4 -2.5 5.9
      vertex 4 -2.52745 6.4587
    endloop
  endfacet
  facet normal 1 0 0
    outer loop
      vertex 4 -4.7 5.9
      vertex 4 -2.52745 6.4587
      vertex 4 -2.60952 7.01201
    endloop
  endfacet
  facet normal 1 0 0
    outer loop
      vertex 4 -2.5 5.9
      vertex 4 -4.7 5.9
      vertex 4 -2.52745 5.3413
    endloop
  endfacet
  facet normal 1 0 0
    outer loop
      vertex 4 -4.7 5.9
      vertex 4 -2.60952 7.01201
      vertex 4 -2.74544 7.55462
    endloop
  endfacet
  facet normal 1 -0 0
    outer loop
      vertex 4 -4.71685 5.55694
      vertex 4 -2.52745 5.3413
      vertex 4 -4.7 5.9
    endloop
  endfacet
  facet normal 1 0 0
    outer loop
      vertex 4 -4.7 5.9
      vertex 4 -2.74544 7.55462
      vertex 4 -2.93389 8.0813
    endloop
  endfacet
  facet normal 1 0 0
    outer loop
      vertex 4 -2.52745 5.3413
      vertex 4 -4.71685 5.55694
      vertex 4 -2.60952 4.78798
    endloop
  endfacet
  facet normal 1 0 0
    outer loop
      vertex 4 -4.7 5.9
      vertex 4 -2.93389 8.0813
      vertex 4 -3.17305 8.58696
    endloop
  endfacet
  facet normal 1 -0 0
    outer loop
      vertex 4 -4.76725 5.21718
      vertex 4 -2.60952 4.78798
      vertex 4 -4.71685 5.55694
    endloop
  endfacet
  facet normal 1 0 0
    outer loop
      vertex 4 -4.7 5.9
      vertex 4 -3.17305 8.58696
      vertex 4 -3.46062 9.06675
    endloop
  endfacet
  facet normal 1 0 0
    outer loop
      vertex 4 -2.60952 4.78798
      vertex 4 -4.76725 5.21718
      vertex 4 -2.74544 4.24538
    endloop
  endfacet
  facet normal 1 -0 0
    outer loop
      vertex 4 -4.85071 4.884
      vertex 4 -2.74544 4.24538
      vertex 4 -4.76725 5.21718
    endloop
  endfacet
  facet normal 1 0 0
    outer loop
      vertex 4 -4.7 5.9
      vertex 4 -3.46062 9.06675
      vertex 4 -3.79384 9.51604
    endloop
  endfacet
  facet normal 1 -0 0
    outer loop
      vertex 4 -3.70778 2.4
      vertex 4 0 0
      vertex 4 0 2.4
    endloop
  endfacet
  facet normal 1 0 0
    outer loop
      vertex 4 -4.7 5.9
      vertex 4 -3.79384 9.51604
      vertex 4 -4.16949 9.93051
    endloop
  endfacet
  facet normal 1 0 0
    outer loop
      vertex 4 -4.7 5.9
      vertex 4 -4.16949 9.93051
      vertex 4 -4.58396 10.3062
    endloop
  endfacet
  facet normal 1 0 0
    outer loop
      vertex 4 -4.7 5.9
      vertex 4 -4.58396 10.3062
      vertex 4 -4.7 10.3922
    endloop
  endfacet
  facet normal 1 0 0
    outer loop
      vertex 4 -2.74544 4.24538
      vertex 4 -4.85071 4.884
      vertex 4 -2.93389 3.7187
    endloop
  endfacet
  facet normal 1 -0 0
    outer loop
      vertex 4 -4.96642 4.56061
      vertex 4 -2.93389 3.7187
      vertex 4 -4.85071 4.884
    endloop
  endfacet
  facet normal 1 0 0
    outer loop
      vertex 4 -2.93389 3.7187
      vertex 4 -4.96642 4.56061
      vertex 4 -3.17305 3.21304
    endloop
  endfacet
  facet normal 1 -0 0
    outer loop
      vertex 4 -5.11328 4.25011
      vertex 4 -3.17305 3.21304
      vertex 4 -4.96642 4.56061
    endloop
  endfacet
  facet normal 1 0 0
    outer loop
      vertex 4 -3.17305 3.21304
      vertex 4 -5.11328 4.25011
      vertex 4 -3.46062 2.73325
    endloop
  endfacet
  facet normal 1 -0 0
    outer loop
      vertex 4 -5.28986 3.9555
      vertex 4 -3.46062 2.73325
      vertex 4 -5.11328 4.25011
    endloop
  endfacet
  facet normal 1 0 0
    outer loop
      vertex 4 -3.46062 2.73325
      vertex 4 -5.28986 3.9555
      vertex 4 -3.70778 2.4
    endloop
  endfacet
  facet normal 1 -0 0
    outer loop
      vertex 4 -5.49446 3.67962
      vertex 4 -3.70778 2.4
      vertex 4 -5.28986 3.9555
    endloop
  endfacet
  facet normal 1 -0 0
    outer loop
      vertex 4 -5.72513 3.42513
      vertex 4 -3.70778 2.4
      vertex 4 -5.49446 3.67962
    endloop
  endfacet
  facet normal 1 -0 0
    outer loop
      vertex 4 -5.97962 3.19446
      vertex 4 -3.70778 2.4
      vertex 4 -5.72513 3.42513
    endloop
  endfacet
  facet normal 1 -0 0
    outer loop
      vertex 4 -6.2555 2.98986
      vertex 4 -3.70778 2.4
      vertex 4 -5.97962 3.19446
    endloop
  endfacet
  facet normal 1 -0 0
    outer loop
      vertex 4 -6.55011 2.81328
      vertex 4 -3.70778 2.4
      vertex 4 -6.2555 2.98986
    endloop
  endfacet
  facet normal 1 0 0
    outer loop
      vertex 4 -8.2 0.2
      vertex 4 -3.70778 2.4
      vertex 4 -6.55011 2.81328
    endloop
  endfacet
  facet normal 1 0 0
    outer loop
      vertex 4 -8.2 0.2
      vertex 4 -6.55011 2.81328
      vertex 4 -6.86061 2.66642
    endloop
  endfacet
  facet normal 1 0 0
    outer loop
      vertex 4 -8.2 0.2
      vertex 4 -6.86061 2.66642
      vertex 4 -7.184 2.55071
    endloop
  endfacet
  facet normal 1 0 0
    outer loop
      vertex 4 -8.2 0.2
      vertex 4 -7.184 2.55071
      vertex 4 -7.51718 2.46725
    endloop
  endfacet
  facet normal 1 0 0
    outer loop
      vertex 4 -8.2 0.2
      vertex 4 -7.51718 2.46725
      vertex 4 -7.85694 2.41685
    endloop
  endfacet
  facet normal 1 0 0
    outer loop
      vertex 4 -8.2 0.2
      vertex 4 -7.85694 2.41685
      vertex 4 -8.2 2.4
    endloop
  endfacet
  facet normal 1 0 0
    outer loop
      vertex 4 -3.70778 2.4
      vertex 4 -8.2 0.2
      vertex 4 -8.2 0
    endloop
  endfacet
  facet normal 1 0 0
    outer loop
      vertex 4 -3.70778 2.4
      vertex 4 -8.2 0
      vertex 4 0 0
    endloop
  endfacet
  facet normal 1 0 0
    outer loop
      vertex 4 -8.54306 2.41685
      vertex 4 -8.2 0.2
      vertex 4 -8.2 2.4
    endloop
  endfacet
  facet normal 1 0 0
    outer loop
      vertex 4 -8.54306 2.41685
      vertex 4 -8.7587 0.227447
      vertex 4 -8.2 0.2
    endloop
  endfacet
  facet normal 1 0 0
    outer loop
      vertex 4 -8.88282 2.46725
      vertex 4 -8.7587 0.227447
      vertex 4 -8.54306 2.41685
    endloop
  endfacet
  facet normal 1 0 0
    outer loop
      vertex 4 -9.31201 0.309524
      vertex 4 -8.88282 2.46725
      vertex 4 -9.216 2.55071
    endloop
  endfacet
  facet normal 1 0 0
    outer loop
      vertex 4 -8.88282 2.46725
      vertex 4 -9.31201 0.309524
      vertex 4 -8.7587 0.227447
    endloop
  endfacet
  facet normal 1 0 0
    outer loop
      vertex 4 -9.85462 0.445439
      vertex 4 -9.216 2.55071
      vertex 4 -9.53939 2.66642
    endloop
  endfacet
  facet normal 1 0 0
    outer loop
      vertex 4 -10.3813 0.633886
      vertex 4 -9.53939 2.66642
      vertex 4 -9.84989 2.81328
    endloop
  endfacet
  facet normal 1 0 0
    outer loop
      vertex 4 -9.216 2.55071
      vertex 4 -9.85462 0.445439
      vertex 4 -9.31201 0.309524
    endloop
  endfacet
  facet normal 1 0 0
    outer loop
      vertex 4 -10.887 0.873049
      vertex 4 -9.84989 2.81328
      vertex 4 -10.1445 2.98986
    endloop
  endfacet
  facet normal 1 0 0
    outer loop
      vertex 4 -9.53939 2.66642
      vertex 4 -10.3813 0.633886
      vertex 4 -9.85462 0.445439
    endloop
  endfacet
  facet normal 1 0 0
    outer loop
      vertex 4 -11.3667 1.16062
      vertex 4 -10.1445 2.98986
      vertex 4 -10.4204 3.19446
    endloop
  endfacet
  facet normal 1 0 0
    outer loop
      vertex 4 -11.816 1.49384
      vertex 4 -10.4204 3.19446
      vertex 4 -10.6749 3.42513
    endloop
  endfacet
  facet normal 1 0 0
    outer loop
      vertex 4 -9.84989 2.81328
      vertex 4 -10.887 0.873049
      vertex 4 -10.3813 0.633886
    endloop
  endfacet
  facet normal 1 0 0
    outer loop
      vertex 4 -12.2305 1.86949
      vertex 4 -10.6749 3.42513
      vertex 4 -10.9055 3.67962
    endloop
  endfacet
  facet normal 1 0 0
    outer loop
      vertex 4 -12.6062 2.28396
      vertex 4 -10.9055 3.67962
      vertex 4 -11.1101 3.9555
    endloop
  endfacet
  facet normal 1 0 0
    outer loop
      vertex 4 -12.9394 2.73325
      vertex 4 -11.1101 3.9555
      vertex 4 -11.2867 4.25011
    endloop
  endfacet
  facet normal 1 0 0
    outer loop
      vertex 4 -10.1445 2.98986
      vertex 4 -11.3667 1.16062
      vertex 4 -10.887 0.873049
    endloop
  endfacet
  facet normal 1 0 0
    outer loop
      vertex 4 -13.227 3.21304
      vertex 4 -11.2867 4.25011
      vertex 4 -11.4336 4.56061
    endloop
  endfacet
  facet normal 1 0 0
    outer loop
      vertex 4 -13.4661 3.7187
      vertex 4 -11.4336 4.56061
      vertex 4 -11.5493 4.884
    endloop
  endfacet
  facet normal 1 0 0
    outer loop
      vertex 4 -13.6546 4.24538
      vertex 4 -11.5493 4.884
      vertex 4 -11.6327 5.21718
    endloop
  endfacet
  facet normal 1 0 0
    outer loop
      vertex 4 -13.7905 4.78798
      vertex 4 -11.6327 5.21718
      vertex 4 -11.6831 5.55694
    endloop
  endfacet
  facet normal 1 0 0
    outer loop
      vertex 4 -10.4204 3.19446
      vertex 4 -11.816 1.49384
      vertex 4 -11.3667 1.16062
    endloop
  endfacet
  facet normal 1 0 0
    outer loop
      vertex 4 -13.8726 5.3413
      vertex 4 -11.6831 5.55694
      vertex 4 -11.7 5.9
    endloop
  endfacet
  facet normal 1 -0 0
    outer loop
      vertex 4 -12.2305 9.93051
      vertex 4 -11.7 5.9
      vertex 4 -11.816 10.3062
    endloop
  endfacet
  facet normal 1 -0 0
    outer loop
      vertex 4 -12.6062 9.51604
      vertex 4 -11.7 5.9
      vertex 4 -12.2305 9.93051
    endloop
  endfacet
  facet normal 1 0 0
    outer loop
      vertex 4 -10.6749 3.42513
      vertex 4 -12.2305 1.86949
      vertex 4 -11.816 1.49384
    endloop
  endfacet
  facet normal 1 -0 0
    outer loop
      vertex 4 -12.9394 9.06675
      vertex 4 -11.7 5.9
      vertex 4 -12.6062 9.51604
    endloop
  endfacet
  facet normal 1 0 0
    outer loop
      vertex 4 -10.9055 3.67962
      vertex 4 -12.6062 2.28396
      vertex 4 -12.2305 1.86949
    endloop
  endfacet
  facet normal 1 -0 0
    outer loop
      vertex 4 -13.227 8.58696
      vertex 4 -11.7 5.9
      vertex 4 -12.9394 9.06675
    endloop
  endfacet
  facet normal 1 0 0
    outer loop
      vertex 4 -11.1101 3.9555
      vertex 4 -12.9394 2.73325
      vertex 4 -12.6062 2.28396
    endloop
  endfacet
  facet normal 1 -0 0
    outer loop
      vertex 4 -13.4661 8.0813
      vertex 4 -11.7 5.9
      vertex 4 -13.227 8.58696
    endloop
  endfacet
  facet normal 1 0 0
    outer loop
      vertex 4 -11.2867 4.25011
      vertex 4 -13.227 3.21304
      vertex 4 -12.9394 2.73325
    endloop
  endfacet
  facet normal 1 -0 0
    outer loop
      vertex 4 -13.6546 7.55462
      vertex 4 -11.7 5.9
      vertex 4 -13.4661 8.0813
    endloop
  endfacet
  facet normal 1 0 0
    outer loop
      vertex 4 -11.4336 4.56061
      vertex 4 -13.4661 3.7187
      vertex 4 -13.227 3.21304
    endloop
  endfacet
  facet normal 1 -0 0
    outer loop
      vertex 4 -13.7905 7.01201
      vertex 4 -11.7 5.9
      vertex 4 -13.6546 7.55462
    endloop
  endfacet
  facet normal 1 0 0
    outer loop
      vertex 4 -11.5493 4.884
      vertex 4 -13.6546 4.24538
      vertex 4 -13.4661 3.7187
    endloop
  endfacet
  facet normal 1 -0 0
    outer loop
      vertex 4 -13.8726 6.4587
      vertex 4 -11.7 5.9
      vertex 4 -13.7905 7.01201
    endloop
  endfacet
  facet normal 1 0 0
    outer loop
      vertex 4 -11.6327 5.21718
      vertex 4 -13.7905 4.78798
      vertex 4 -13.6546 4.24538
    endloop
  endfacet
  facet normal 1 0 0
    outer loop
      vertex 4 -13.9 5.9
      vertex 4 -11.7 5.9
      vertex 4 -13.8726 6.4587
    endloop
  endfacet
  facet normal 1 0 0
    outer loop
      vertex 4 -11.6831 5.55694
      vertex 4 -13.8726 5.3413
      vertex 4 -13.7905 4.78798
    endloop
  endfacet
  facet normal 1 0 0
    outer loop
      vertex 4 -11.7 5.9
      vertex 4 -13.9 5.9
      vertex 4 -13.8726 5.3413
    endloop
  endfacet
  facet normal -0.998796 0.049065 0
    outer loop
      vertex -4 0 0
      vertex -3.98074 0.392068 2.4
      vertex -3.98074 0.392068 0
    endloop
  endfacet
  facet normal -0.998796 0.049065 0
    outer loop
      vertex -3.98074 0.392068 2.4
      vertex -4 0 0
      vertex -4 0 2.4
    endloop
  endfacet
  facet normal -0.24298 0.970031 0
    outer loop
      vertex -0.780361 3.92314 0
      vertex -1.16114 3.82776 2.4
      vertex -0.780361 3.92314 2.4
    endloop
  endfacet
  facet normal -0.24298 0.970031 0
    outer loop
      vertex -1.16114 3.82776 2.4
      vertex -0.780361 3.92314 0
      vertex -1.16114 3.82776 0
    endloop
  endfacet
  facet normal -0.903986 0.427563 0
    outer loop
      vertex -3.69552 1.53073 0
      vertex -3.52768 1.88559 2.4
      vertex -3.52768 1.88559 0
    endloop
  endfacet
  facet normal -0.903986 0.427563 0
    outer loop
      vertex -3.52768 1.88559 2.4
      vertex -3.69552 1.53073 0
      vertex -3.69552 1.53073 2.4
    endloop
  endfacet
  facet normal 0.24298 0.970031 -0
    outer loop
      vertex 1.16114 3.82776 0
      vertex 0.780361 3.92314 2.4
      vertex 1.16114 3.82776 2.4
    endloop
  endfacet
  facet normal 0.24298 0.970031 0
    outer loop
      vertex 0.780361 3.92314 2.4
      vertex 1.16114 3.82776 0
      vertex 0.780361 3.92314 0
    endloop
  endfacet
  facet normal -0.989174 -0.146747 0
    outer loop
      vertex -3.98074 -8.59207 0
      vertex -3.95602 -8.7587 0.227447
      vertex -3.98074 -8.59207 0.219261
    endloop
  endfacet
  facet normal -0.989176 -0.146737 7.17727e-06
    outer loop
      vertex -3.92314 -8.98036 0
      vertex -3.95602 -8.7587 0.227447
      vertex -3.98074 -8.59207 0
    endloop
  endfacet
  facet normal -0.989177 -0.14673 0
    outer loop
      vertex -3.95602 -8.7587 0.227447
      vertex -3.92314 -8.98036 0
      vertex -3.92314 -8.98036 0.260327
    endloop
  endfacet
  facet normal -0.85774 -0.514084 0
    outer loop
      vertex -3.32588 -10.4223 0
      vertex -3.52768 -10.0856 0.52808
      vertex -3.52768 -10.0856 0
    endloop
  endfacet
  facet normal -0.857726 -0.514107 1.98936e-05
    outer loop
      vertex -3.52768 -10.0856 0.52808
      vertex -3.32588 -10.4223 0
      vertex -3.35044 -10.3813 0.633886
    endloop
  endfacet
  facet normal -0.857862 -0.51388 0
    outer loop
      vertex -3.35044 -10.3813 0.633886
      vertex -3.32588 -10.4223 0
      vertex -3.32588 -10.4223 0.653271
    endloop
  endfacet
  facet normal -0.903977 -0.427581 0
    outer loop
      vertex -3.69552 -9.73073 0
      vertex -3.63692 -9.85462 0.445439
      vertex -3.69552 -9.73073 0.414407
    endloop
  endfacet
  facet normal -0.90399 -0.427553 9.63278e-06
    outer loop
      vertex -3.52768 -10.0856 0
      vertex -3.63692 -9.85462 0.445439
      vertex -3.69552 -9.73073 0
    endloop
  endfacet
  facet normal -0.903997 -0.427538 0
    outer loop
      vertex -3.63692 -9.85462 0.445439
      vertex -3.52768 -10.0856 0
      vertex -3.52768 -10.0856 0.52808
    endloop
  endfacet
  facet normal -0.146736 0.989176 0
    outer loop
      vertex -0.392068 3.98074 0
      vertex -0.780361 3.92314 2.4
      vertex -0.392068 3.98074 2.4
    endloop
  endfacet
  facet normal -0.146736 0.989176 0
    outer loop
      vertex -0.780361 3.92314 2.4
      vertex -0.392068 3.98074 0
      vertex -0.780361 3.92314 0
    endloop
  endfacet
  facet normal 0.989176 0.146736 0
    outer loop
      vertex 3.98074 0.392068 2.4
      vertex 3.92314 0.780361 0
      vertex 3.92314 0.780361 2.4
    endloop
  endfacet
  facet normal 0.989176 0.146736 0
    outer loop
      vertex 3.92314 0.780361 0
      vertex 3.98074 0.392068 2.4
      vertex 3.98074 0.392068 0
    endloop
  endfacet
  facet normal -0.0491666 -0.998791 0
    outer loop
      vertex 0 -12.2 0
      vertex -0.392068 -12.1807 1.82438
      vertex -0.392068 -12.1807 0
    endloop
  endfacet
  facet normal -0.0491666 -0.998791 0
    outer loop
      vertex -0.392068 -12.1807 1.82438
      vertex 0 -12.2 0
      vertex 0 -12.2 1.84184
    endloop
  endfacet
  facet normal 0.0491666 -0.998791 0
    outer loop
      vertex 0 -12.2 0
      vertex 0.392068 -12.1807 1.82438
      vertex 0 -12.2 1.84184
    endloop
  endfacet
  facet normal 0.0491666 -0.998791 0
    outer loop
      vertex 0.392068 -12.1807 1.82438
      vertex 0 -12.2 0
      vertex 0.392068 -12.1807 0
    endloop
  endfacet
  facet normal 0.998796 -0.0490647 0
    outer loop
      vertex 3.98074 -8.59207 0
      vertex 4 -8.2 0.2
      vertex 3.98074 -8.59207 0.219261
    endloop
  endfacet
  facet normal 0.998796 -0.0490647 0
    outer loop
      vertex 4 -8.2 0.2
      vertex 3.98074 -8.59207 0
      vertex 4 -8.2 0
    endloop
  endfacet
  facet normal 0.857726 -0.514107 1.98936e-05
    outer loop
      vertex 3.32588 -10.4223 0
      vertex 3.52768 -10.0856 0.52808
      vertex 3.35044 -10.3813 0.633886
    endloop
  endfacet
  facet normal 0.857862 -0.51388 0
    outer loop
      vertex 3.32588 -10.4223 0
      vertex 3.35044 -10.3813 0.633886
      vertex 3.32588 -10.4223 0.653271
    endloop
  endfacet
  facet normal 0.85774 -0.514084 0
    outer loop
      vertex 3.52768 -10.0856 0.52808
      vertex 3.32588 -10.4223 0
      vertex 3.52768 -10.0856 0
    endloop
  endfacet
  facet normal 0.941545 -0.336887 0
    outer loop
      vertex 3.69552 -9.73073 0
      vertex 3.82776 -9.36114 0.321828
      vertex 3.69552 -9.73073 0.414407
    endloop
  endfacet
  facet normal 0.941545 -0.336887 0
    outer loop
      vertex 3.82776 -9.36114 0.321828
      vertex 3.69552 -9.73073 0
      vertex 3.82776 -9.36114 0
    endloop
  endfacet
  facet normal 0.514095 0.857733 -0
    outer loop
      vertex 2.22228 3.32588 0
      vertex 1.88559 3.52768 2.4
      vertex 2.22228 3.32588 2.4
    endloop
  endfacet
  facet normal 0.514095 0.857733 0
    outer loop
      vertex 1.88559 3.52768 2.4
      vertex 2.22228 3.32588 0
      vertex 1.88559 3.52768 0
    endloop
  endfacet
  facet normal 0.857733 0.514095 0
    outer loop
      vertex 3.52768 1.88559 2.4
      vertex 3.32588 2.22228 0
      vertex 3.32588 2.22228 2.4
    endloop
  endfacet
  facet normal 0.857733 0.514095 0
    outer loop
      vertex 3.32588 2.22228 0
      vertex 3.52768 1.88559 2.4
      vertex 3.52768 1.88559 0
    endloop
  endfacet
  facet normal 0.146736 -0.989176 0
    outer loop
      vertex 0.392068 -12.1807 0
      vertex 0.780361 -12.1231 1.77218
      vertex 0.392068 -12.1807 1.82438
    endloop
  endfacet
  facet normal 0.146736 -0.989176 0
    outer loop
      vertex 0.780361 -12.1231 1.77218
      vertex 0.392068 -12.1807 0
      vertex 0.780361 -12.1231 0
    endloop
  endfacet
  facet normal -0.941545 -0.336887 0
    outer loop
      vertex -3.69552 -9.73073 0
      vertex -3.82776 -9.36114 0.321828
      vertex -3.82776 -9.36114 0
    endloop
  endfacet
  facet normal -0.941545 -0.336887 0
    outer loop
      vertex -3.82776 -9.36114 0.321828
      vertex -3.69552 -9.73073 0
      vertex -3.69552 -9.73073 0.414407
    endloop
  endfacet
  facet normal -0.337022 -0.941497 0
    outer loop
      vertex -1.16114 -12.0278 0
      vertex -1.53073 -11.8955 1.56587
      vertex -1.53073 -11.8955 0
    endloop
  endfacet
  facet normal -0.337022 -0.941497 0
    outer loop
      vertex -1.53073 -11.8955 1.56587
      vertex -1.16114 -12.0278 0
      vertex -1.16114 -12.0278 1.68573
    endloop
  endfacet
  facet normal -1 0 0
    outer loop
      vertex -4 0 0
      vertex -4 -3.70778 2.4
      vertex -4 0 2.4
    endloop
  endfacet
  facet normal -1 -0 0
    outer loop
      vertex -4 -3.46062 9.06675
      vertex -4 -4.7 5.9
      vertex -4 -3.79384 9.51604
    endloop
  endfacet
  facet normal -1 -0 0
    outer loop
      vertex -4 -3.79384 9.51604
      vertex -4 -4.7 5.9
      vertex -4 -4.16949 9.93051
    endloop
  endfacet
  facet normal -1 -0 0
    outer loop
      vertex -4 -4.16949 9.93051
      vertex -4 -4.7 5.9
      vertex -4 -4.58396 10.3062
    endloop
  endfacet
  facet normal -1 0 0
    outer loop
      vertex -4 -3.70778 2.4
      vertex -4 -4.71685 5.55694
      vertex -4 -4.7 5.9
    endloop
  endfacet
  facet normal -1 0 0
    outer loop
      vertex -4 -3.70778 2.4
      vertex -4 -4.76725 5.21718
      vertex -4 -4.71685 5.55694
    endloop
  endfacet
  facet normal -1 0 0
    outer loop
      vertex -4 -3.70778 2.4
      vertex -4 -4.85071 4.884
      vertex -4 -4.76725 5.21718
    endloop
  endfacet
  facet normal -1 0 0
    outer loop
      vertex -4 -3.70778 2.4
      vertex -4 -4.96642 4.56061
      vertex -4 -4.85071 4.884
    endloop
  endfacet
  facet normal -1 0 0
    outer loop
      vertex -4 -3.70778 2.4
      vertex -4 -5.11328 4.25011
      vertex -4 -4.96642 4.56061
    endloop
  endfacet
  facet normal -1 0 0
    outer loop
      vertex -4 -3.70778 2.4
      vertex -4 -5.28986 3.9555
      vertex -4 -5.11328 4.25011
    endloop
  endfacet
  facet normal -1 0 0
    outer loop
      vertex -4 -3.70778 2.4
      vertex -4 -5.49446 3.67962
      vertex -4 -5.28986 3.9555
    endloop
  endfacet
  facet normal -1 0 0
    outer loop
      vertex -4 -3.70778 2.4
      vertex -4 -5.72513 3.42513
      vertex -4 -5.49446 3.67962
    endloop
  endfacet
  facet normal -1 0 0
    outer loop
      vertex -4 -8.2 0
      vertex -4 -3.70778 2.4
      vertex -4 0 0
    endloop
  endfacet
  facet normal -1 0 0
    outer loop
      vertex -4 -3.70778 2.4
      vertex -4 -5.97962 3.19446
      vertex -4 -5.72513 3.42513
    endloop
  endfacet
  facet normal -1 0 0
    outer loop
      vertex -4 -3.70778 2.4
      vertex -4 -6.2555 2.98986
      vertex -4 -5.97962 3.19446
    endloop
  endfacet
  facet normal -1 0 0
    outer loop
      vertex -4 -8.2 0.2
      vertex -4 -3.70778 2.4
      vertex -4 -8.2 0
    endloop
  endfacet
  facet normal -1 0 0
    outer loop
      vertex -4 -3.70778 2.4
      vertex -4 -6.55011 2.81328
      vertex -4 -6.2555 2.98986
    endloop
  endfacet
  facet normal -1 -0 0
    outer loop
      vertex -4 -3.70778 2.4
      vertex -4 -8.2 0.2
      vertex -4 -6.55011 2.81328
    endloop
  endfacet
  facet normal -1 0 0
    outer loop
      vertex -4 -6.55011 2.81328
      vertex -4 -8.2 0.2
      vertex -4 -6.86061 2.66642
    endloop
  endfacet
  facet normal -1 0 0
    outer loop
      vertex -4 -7.184 2.55071
      vertex -4 -8.2 0.2
      vertex -4 -7.51718 2.46725
    endloop
  endfacet
  facet normal -1 0 0
    outer loop
      vertex -4 -6.86061 2.66642
      vertex -4 -8.2 0.2
      vertex -4 -7.184 2.55071
    endloop
  endfacet
  facet normal -1 0 0
    outer loop
      vertex -4 -7.51718 2.46725
      vertex -4 -8.2 0.2
      vertex -4 -7.85694 2.41685
    endloop
  endfacet
  facet normal -1 0 0
    outer loop
      vertex -4 -8.2 0.2
      vertex -4 -8.2 2.4
      vertex -4 -7.85694 2.41685
    endloop
  endfacet
  facet normal -1 0 0
    outer loop
      vertex -4 -8.2 0.2
      vertex -4 -8.54306 2.41685
      vertex -4 -8.2 2.4
    endloop
  endfacet
  facet normal -1 0 0
    outer loop
      vertex -4 -8.7587 0.227447
      vertex -4 -8.54306 2.41685
      vertex -4 -8.2 0.2
    endloop
  endfacet
  facet normal -1 0 0
    outer loop
      vertex -4 -8.7587 0.227447
      vertex -4 -8.88282 2.46725
      vertex -4 -8.54306 2.41685
    endloop
  endfacet
  facet normal -1 0 0
    outer loop
      vertex -4 -9.31201 0.309524
      vertex -4 -8.88282 2.46725
      vertex -4 -8.7587 0.227447
    endloop
  endfacet
  facet normal -1 -0 0
    outer loop
      vertex -4 -8.88282 2.46725
      vertex -4 -9.31201 0.309524
      vertex -4 -9.216 2.55071
    endloop
  endfacet
  facet normal -1 0 0
    outer loop
      vertex -4 -9.85462 0.445439
      vertex -4 -9.216 2.55071
      vertex -4 -9.31201 0.309524
    endloop
  endfacet
  facet normal -1 -0 0
    outer loop
      vertex -4 -9.216 2.55071
      vertex -4 -9.85462 0.445439
      vertex -4 -9.53939 2.66642
    endloop
  endfacet
  facet normal -1 0 0
    outer loop
      vertex -4 -10.3813 0.633886
      vertex -4 -9.53939 2.66642
      vertex -4 -9.85462 0.445439
    endloop
  endfacet
  facet normal -1 -0 0
    outer loop
      vertex -4 -9.53939 2.66642
      vertex -4 -10.3813 0.633886
      vertex -4 -9.84989 2.81328
    endloop
  endfacet
  facet normal -1 0 0
    outer loop
      vertex -4 -10.887 0.873049
      vertex -4 -9.84989 2.81328
      vertex -4 -10.3813 0.633886
    endloop
  endfacet
  facet normal -1 -0 0
    outer loop
      vertex -4 -9.84989 2.81328
      vertex -4 -10.887 0.873049
      vertex -4 -10.1445 2.98986
    endloop
  endfacet
  facet normal -1 0 0
    outer loop
      vertex -4 -11.3667 1.16062
      vertex -4 -10.1445 2.98986
      vertex -4 -10.887 0.873049
    endloop
  endfacet
  facet normal -1 -0 0
    outer loop
      vertex -4 -10.1445 2.98986
      vertex -4 -11.3667 1.16062
      vertex -4 -10.4204 3.19446
    endloop
  endfacet
  facet normal -1 0 0
    outer loop
      vertex -4 -11.816 1.49384
      vertex -4 -10.4204 3.19446
      vertex -4 -11.3667 1.16062
    endloop
  endfacet
  facet normal -1 -0 0
    outer loop
      vertex -4 -10.4204 3.19446
      vertex -4 -11.816 1.49384
      vertex -4 -10.6749 3.42513
    endloop
  endfacet
  facet normal -1 0 0
    outer loop
      vertex -4 -12.2305 1.86949
      vertex -4 -10.6749 3.42513
      vertex -4 -11.816 1.49384
    endloop
  endfacet
  facet normal -1 -0 0
    outer loop
      vertex -4 -10.6749 3.42513
      vertex -4 -12.2305 1.86949
      vertex -4 -10.9055 3.67962
    endloop
  endfacet
  facet normal -1 0 0
    outer loop
      vertex -4 -12.6062 2.28396
      vertex -4 -10.9055 3.67962
      vertex -4 -12.2305 1.86949
    endloop
  endfacet
  facet normal -1 -0 0
    outer loop
      vertex -4 -10.9055 3.67962
      vertex -4 -12.6062 2.28396
      vertex -4 -11.1101 3.9555
    endloop
  endfacet
  facet normal -1 0 0
    outer loop
      vertex -4 -12.9394 2.73325
      vertex -4 -11.1101 3.9555
      vertex -4 -12.6062 2.28396
    endloop
  endfacet
  facet normal -1 -0 0
    outer loop
      vertex -4 -11.1101 3.9555
      vertex -4 -12.9394 2.73325
      vertex -4 -11.2867 4.25011
    endloop
  endfacet
  facet normal -1 0 0
    outer loop
      vertex -4 -13.227 3.21304
      vertex -4 -11.2867 4.25011
      vertex -4 -12.9394 2.73325
    endloop
  endfacet
  facet normal -1 -0 0
    outer loop
      vertex -4 -11.2867 4.25011
      vertex -4 -13.227 3.21304
      vertex -4 -11.4336 4.56061
    endloop
  endfacet
  facet normal -1 0 0
    outer loop
      vertex -4 -13.4661 3.7187
      vertex -4 -11.4336 4.56061
      vertex -4 -13.227 3.21304
    endloop
  endfacet
  facet normal -1 -0 0
    outer loop
      vertex -4 -11.4336 4.56061
      vertex -4 -13.4661 3.7187
      vertex -4 -11.5493 4.884
    endloop
  endfacet
  facet normal -1 0 -0
    outer loop
      vertex -4 -11.816 10.3062
      vertex -4 -11.7 5.9
      vertex -4 -12.2305 9.93051
    endloop
  endfacet
  facet normal -1 0 0
    outer loop
      vertex -4 -11.7 5.9
      vertex -4 -11.816 10.3062
      vertex -4 -11.7 10.3922
    endloop
  endfacet
  facet normal -1 0 0
    outer loop
      vertex -4 -13.6546 4.24538
      vertex -4 -11.5493 4.884
      vertex -4 -13.4661 3.7187
    endloop
  endfacet
  facet normal -1 0 0
    outer loop
      vertex -4 -11.7 5.9
      vertex -4 -12.6062 9.51604
      vertex -4 -12.2305 9.93051
    endloop
  endfacet
  facet normal -1 -0 0
    outer loop
      vertex -4 -11.5493 4.884
      vertex -4 -13.6546 4.24538
      vertex -4 -11.6327 5.21718
    endloop
  endfacet
  facet normal -1 0 0
    outer loop
      vertex -4 -11.7 5.9
      vertex -4 -12.9394 9.06675
      vertex -4 -12.6062 9.51604
    endloop
  endfacet
  facet normal -1 0 0
    outer loop
      vertex -4 -13.7905 4.78798
      vertex -4 -11.6327 5.21718
      vertex -4 -13.6546 4.24538
    endloop
  endfacet
  facet normal -1 0 0
    outer loop
      vertex -4 -11.7 5.9
      vertex -4 -13.227 8.58696
      vertex -4 -12.9394 9.06675
    endloop
  endfacet
  facet normal -1 -0 0
    outer loop
      vertex -4 -11.6327 5.21718
      vertex -4 -13.7905 4.78798
      vertex -4 -11.6831 5.55694
    endloop
  endfacet
  facet normal -1 0 0
    outer loop
      vertex -4 -11.7 5.9
      vertex -4 -13.4661 8.0813
      vertex -4 -13.227 8.58696
    endloop
  endfacet
  facet normal -1 0 0
    outer loop
      vertex -4 -13.8726 5.3413
      vertex -4 -11.6831 5.55694
      vertex -4 -13.7905 4.78798
    endloop
  endfacet
  facet normal -1 0 0
    outer loop
      vertex -4 -11.7 5.9
      vertex -4 -13.6546 7.55462
      vertex -4 -13.4661 8.0813
    endloop
  endfacet
  facet normal -1 -0 0
    outer loop
      vertex -4 -11.6831 5.55694
      vertex -4 -13.8726 5.3413
      vertex -4 -11.7 5.9
    endloop
  endfacet
  facet normal -1 0 0
    outer loop
      vertex -4 -11.7 5.9
      vertex -4 -13.7905 7.01201
      vertex -4 -13.6546 7.55462
    endloop
  endfacet
  facet normal -1 0 0
    outer loop
      vertex -4 -13.9 5.9
      vertex -4 -11.7 5.9
      vertex -4 -13.8726 5.3413
    endloop
  endfacet
  facet normal -1 0 0
    outer loop
      vertex -4 -11.7 5.9
      vertex -4 -13.8726 6.4587
      vertex -4 -13.7905 7.01201
    endloop
  endfacet
  facet normal -1 0 0
    outer loop
      vertex -4 -11.7 5.9
      vertex -4 -13.9 5.9
      vertex -4 -13.8726 6.4587
    endloop
  endfacet
  facet normal -1 0 0
    outer loop
      vertex -4 -4.7 5.9
      vertex -4 -2.5 5.9
      vertex -4 -2.52745 5.3413
    endloop
  endfacet
  facet normal -1 0 0
    outer loop
      vertex -4 -4.7 5.9
      vertex -4 -2.52745 5.3413
      vertex -4 -2.60952 4.78798
    endloop
  endfacet
  facet normal -1 0 0
    outer loop
      vertex -4 -2.5 5.9
      vertex -4 -4.7 5.9
      vertex -4 -2.52745 6.4587
    endloop
  endfacet
  facet normal -1 0 0
    outer loop
      vertex -4 -4.7 5.9
      vertex -4 -2.60952 4.78798
      vertex -4 -2.74544 4.24538
    endloop
  endfacet
  facet normal -1 -0 0
    outer loop
      vertex -4 -2.52745 6.4587
      vertex -4 -4.7 5.9
      vertex -4 -2.60952 7.01201
    endloop
  endfacet
  facet normal -1 0 0
    outer loop
      vertex -4 -4.7 5.9
      vertex -4 -2.74544 4.24538
      vertex -4 -2.93389 3.7187
    endloop
  endfacet
  facet normal -1 -0 0
    outer loop
      vertex -4 -2.60952 7.01201
      vertex -4 -4.7 5.9
      vertex -4 -2.74544 7.55462
    endloop
  endfacet
  facet normal -1 0 0
    outer loop
      vertex -4 -4.7 5.9
      vertex -4 -2.93389 3.7187
      vertex -4 -3.17305 3.21304
    endloop
  endfacet
  facet normal -1 -0 0
    outer loop
      vertex -4 -2.74544 7.55462
      vertex -4 -4.7 5.9
      vertex -4 -2.93389 8.0813
    endloop
  endfacet
  facet normal -1 0 0
    outer loop
      vertex -4 -4.7 5.9
      vertex -4 -3.46062 2.73325
      vertex -4 -3.70778 2.4
    endloop
  endfacet
  facet normal -1 0 0
    outer loop
      vertex -4 -3.46062 2.73325
      vertex -4 -4.7 5.9
      vertex -4 -3.17305 3.21304
    endloop
  endfacet
  facet normal -1 -0 0
    outer loop
      vertex -4 -2.93389 8.0813
      vertex -4 -4.7 5.9
      vertex -4 -3.17305 8.58696
    endloop
  endfacet
  facet normal -1 -0 0
    outer loop
      vertex -4 -3.17305 8.58696
      vertex -4 -4.7 5.9
      vertex -4 -3.46062 9.06675
    endloop
  endfacet
  facet normal -1 -0 0
    outer loop
      vertex -4 -4.58396 10.3062
      vertex -4 -4.7 5.9
      vertex -4 -4.7 10.3922
    endloop
  endfacet
  facet normal 0.903986 0.427563 0
    outer loop
      vertex 3.69552 1.53073 2.4
      vertex 3.52768 1.88559 0
      vertex 3.52768 1.88559 2.4
    endloop
  endfacet
  facet normal 0.903986 0.427563 0
    outer loop
      vertex 3.52768 1.88559 0
      vertex 3.69552 1.53073 2.4
      vertex 3.69552 1.53073 0
    endloop
  endfacet
  facet normal 0.989174 -0.146747 0
    outer loop
      vertex 3.95602 -8.7587 0.227447
      vertex 3.98074 -8.59207 0
      vertex 3.98074 -8.59207 0.219261
    endloop
  endfacet
  facet normal 0.989177 -0.14673 0
    outer loop
      vertex 3.92314 -8.98036 0
      vertex 3.95602 -8.7587 0.227447
      vertex 3.92314 -8.98036 0.260327
    endloop
  endfacet
  facet normal 0.989176 -0.146737 7.17727e-06
    outer loop
      vertex 3.95602 -8.7587 0.227447
      vertex 3.92314 -8.98036 0
      vertex 3.98074 -8.59207 0
    endloop
  endfacet
  facet normal -0.740895 -0.671621 0
    outer loop
      vertex -2.82843 -11.0284 0
      vertex -3.09204 -10.7376 0.802393
      vertex -3.09204 -10.7376 0
    endloop
  endfacet
  facet normal -0.74096 -0.671549 -4.75631e-05
    outer loop
      vertex -3.09204 -10.7376 0.802393
      vertex -2.82843 -11.0284 0
      vertex -2.95664 -10.887 0.873049
    endloop
  endfacet
  facet normal -0.740814 -0.67171 0
    outer loop
      vertex -2.95664 -10.887 0.873049
      vertex -2.82843 -11.0284 0
      vertex -2.82843 -11.0284 0.95784
    endloop
  endfacet
  facet normal 0.740964 0.671545 0
    outer loop
      vertex 3.09204 2.53757 2.4
      vertex 2.82843 2.82843 0
      vertex 2.82843 2.82843 2.4
    endloop
  endfacet
  facet normal 0.740964 0.671545 0
    outer loop
      vertex 2.82843 2.82843 0
      vertex 3.09204 2.53757 2.4
      vertex 3.09204 2.53757 0
    endloop
  endfacet
  facet normal 0.941545 0.336887 0
    outer loop
      vertex 3.82776 1.16114 2.4
      vertex 3.69552 1.53073 0
      vertex 3.69552 1.53073 2.4
    endloop
  endfacet
  facet normal 0.941545 0.336887 0
    outer loop
      vertex 3.69552 1.53073 0
      vertex 3.82776 1.16114 2.4
      vertex 3.82776 1.16114 0
    endloop
  endfacet
  facet normal -0.42748 -0.904025 0
    outer loop
      vertex -1.53073 -11.8955 0
      vertex -1.88559 -11.7277 1.42831
      vertex -1.88559 -11.7277 0
    endloop
  endfacet
  facet normal -0.427333 -0.904094 4.44363e-05
    outer loop
      vertex -1.88559 -11.7277 1.42831
      vertex -1.53073 -11.8955 0
      vertex -1.69877 -11.816 1.49384
    endloop
  endfacet
  facet normal -0.427656 -0.903941 0
    outer loop
      vertex -1.69877 -11.816 1.49384
      vertex -1.53073 -11.8955 0
      vertex -1.53073 -11.8955 1.56587
    endloop
  endfacet
  facet normal 0.671531 -0.740977 0
    outer loop
      vertex 2.53757 -11.292 0
      vertex 2.82843 -11.0284 0.95784
      vertex 2.53757 -11.292 1.11584
    endloop
  endfacet
  facet normal 0.671531 -0.740977 0
    outer loop
      vertex 2.82843 -11.0284 0.95784
      vertex 2.53757 -11.292 0
      vertex 2.82843 -11.0284 0
    endloop
  endfacet
  facet normal -0.049065 0.998796 0
    outer loop
      vertex 0 4 0
      vertex -0.392068 3.98074 2.4
      vertex 0 4 2.4
    endloop
  endfacet
  facet normal -0.049065 0.998796 0
    outer loop
      vertex -0.392068 3.98074 2.4
      vertex 0 4 0
      vertex -0.392068 3.98074 0
    endloop
  endfacet
  facet normal -0.242788 -0.970079 0
    outer loop
      vertex -0.780361 -12.1231 0
      vertex -1.16114 -12.0278 1.68573
      vertex -1.16114 -12.0278 0
    endloop
  endfacet
  facet normal -0.242788 -0.970079 0
    outer loop
      vertex -1.16114 -12.0278 1.68573
      vertex -0.780361 -12.1231 0
      vertex -0.780361 -12.1231 1.77218
    endloop
  endfacet
  facet normal -0.998796 -0.0490647 0
    outer loop
      vertex -3.98074 -8.59207 0
      vertex -4 -8.2 0.2
      vertex -4 -8.2 0
    endloop
  endfacet
  facet normal -0.998796 -0.0490647 0
    outer loop
      vertex -4 -8.2 0.2
      vertex -3.98074 -8.59207 0
      vertex -3.98074 -8.59207 0.219261
    endloop
  endfacet
  facet normal -0.970031 0.24298 0
    outer loop
      vertex -3.92314 0.780361 0
      vertex -3.82776 1.16114 2.4
      vertex -3.82776 1.16114 0
    endloop
  endfacet
  facet normal -0.970031 0.24298 0
    outer loop
      vertex -3.82776 1.16114 2.4
      vertex -3.92314 0.780361 0
      vertex -3.92314 0.780361 2.4
    endloop
  endfacet
  facet normal -0.146736 -0.989176 0
    outer loop
      vertex -0.392068 -12.1807 0
      vertex -0.780361 -12.1231 1.77218
      vertex -0.780361 -12.1231 0
    endloop
  endfacet
  facet normal -0.146736 -0.989176 0
    outer loop
      vertex -0.780361 -12.1231 1.77218
      vertex -0.392068 -12.1807 0
      vertex -0.392068 -12.1807 1.82438
    endloop
  endfacet
  facet normal 0.80321 -0.595695 0
    outer loop
      vertex 3.09204 -10.7376 0
      vertex 3.32588 -10.4223 0.653271
      vertex 3.09204 -10.7376 0.802393
    endloop
  endfacet
  facet normal 0.80321 -0.595695 0
    outer loop
      vertex 3.32588 -10.4223 0.653271
      vertex 3.09204 -10.7376 0
      vertex 3.32588 -10.4223 0
    endloop
  endfacet
  facet normal 0.903977 -0.427581 0
    outer loop
      vertex 3.63692 -9.85462 0.445439
      vertex 3.69552 -9.73073 0
      vertex 3.69552 -9.73073 0.414407
    endloop
  endfacet
  facet normal 0.903997 -0.427538 0
    outer loop
      vertex 3.52768 -10.0856 0
      vertex 3.63692 -9.85462 0.445439
      vertex 3.52768 -10.0856 0.52808
    endloop
  endfacet
  facet normal 0.90399 -0.427553 9.63278e-06
    outer loop
      vertex 3.63692 -9.85462 0.445439
      vertex 3.52768 -10.0856 0
      vertex 3.69552 -9.73073 0
    endloop
  endfacet
  facet normal -0.514095 -0.857733 0
    outer loop
      vertex -1.88559 -11.7277 0
      vertex -2.22228 -11.5259 1.27864
      vertex -2.22228 -11.5259 0
    endloop
  endfacet
  facet normal -0.514095 -0.857733 0
    outer loop
      vertex -2.22228 -11.5259 1.27864
      vertex -1.88559 -11.7277 0
      vertex -1.88559 -11.7277 1.42831
    endloop
  endfacet
  facet normal 0.998796 0.049065 0
    outer loop
      vertex 4 0 2.4
      vertex 3.98074 0.392068 0
      vertex 3.98074 0.392068 2.4
    endloop
  endfacet
  facet normal 0.998796 0.049065 0
    outer loop
      vertex 3.98074 0.392068 0
      vertex 4 0 2.4
      vertex 4 0 0
    endloop
  endfacet
  facet normal -0.336887 0.941545 0
    outer loop
      vertex -1.16114 3.82776 0
      vertex -1.53073 3.69552 2.4
      vertex -1.16114 3.82776 2.4
    endloop
  endfacet
  facet normal -0.336887 0.941545 0
    outer loop
      vertex -1.53073 3.69552 2.4
      vertex -1.16114 3.82776 0
      vertex -1.53073 3.69552 0
    endloop
  endfacet
  facet normal -0.671531 -0.740977 0
    outer loop
      vertex -2.53757 -11.292 0
      vertex -2.82843 -11.0284 0.95784
      vertex -2.82843 -11.0284 0
    endloop
  endfacet
  facet normal -0.671531 -0.740977 0
    outer loop
      vertex -2.82843 -11.0284 0.95784
      vertex -2.53757 -11.292 0
      vertex -2.53757 -11.292 1.11584
    endloop
  endfacet
  facet normal -0.989176 0.146736 0
    outer loop
      vertex -3.98074 0.392068 0
      vertex -3.92314 0.780361 2.4
      vertex -3.92314 0.780361 0
    endloop
  endfacet
  facet normal -0.989176 0.146736 0
    outer loop
      vertex -3.92314 0.780361 2.4
      vertex -3.98074 0.392068 0
      vertex -3.98074 0.392068 2.4
    endloop
  endfacet
  facet normal -0.740964 0.671545 0
    outer loop
      vertex -3.09204 2.53757 0
      vertex -2.82843 2.82843 2.4
      vertex -2.82843 2.82843 0
    endloop
  endfacet
  facet normal -0.740964 0.671545 0
    outer loop
      vertex -2.82843 2.82843 2.4
      vertex -3.09204 2.53757 0
      vertex -3.09204 2.53757 2.4
    endloop
  endfacet
  facet normal 0.595708 0.803201 -0
    outer loop
      vertex 2.53757 3.09204 0
      vertex 2.22228 3.32588 2.4
      vertex 2.53757 3.09204 2.4
    endloop
  endfacet
  facet normal 0.595708 0.803201 0
    outer loop
      vertex 2.22228 3.32588 2.4
      vertex 2.53757 3.09204 0
      vertex 2.22228 3.32588 0
    endloop
  endfacet
  facet normal 0.146736 0.989176 -0
    outer loop
      vertex 0.780361 3.92314 0
      vertex 0.392068 3.98074 2.4
      vertex 0.780361 3.92314 2.4
    endloop
  endfacet
  facet normal 0.146736 0.989176 0
    outer loop
      vertex 0.392068 3.98074 2.4
      vertex 0.780361 3.92314 0
      vertex 0.392068 3.98074 0
    endloop
  endfacet
  facet normal -0.427563 0.903986 0
    outer loop
      vertex -1.53073 3.69552 0
      vertex -1.88559 3.52768 2.4
      vertex -1.53073 3.69552 2.4
    endloop
  endfacet
  facet normal -0.427563 0.903986 0
    outer loop
      vertex -1.88559 3.52768 2.4
      vertex -1.53073 3.69552 0
      vertex -1.88559 3.52768 0
    endloop
  endfacet
  facet normal -0.970034 -0.242969 0
    outer loop
      vertex -3.92314 -8.98036 0
      vertex -3.84007 -9.31201 0.309524
      vertex -3.92314 -8.98036 0.260327
    endloop
  endfacet
  facet normal -0.970032 -0.242979 -1.13776e-05
    outer loop
      vertex -3.82776 -9.36114 0
      vertex -3.84007 -9.31201 0.309524
      vertex -3.92314 -8.98036 0
    endloop
  endfacet
  facet normal -0.970015 -0.243047 0
    outer loop
      vertex -3.84007 -9.31201 0.309524
      vertex -3.82776 -9.36114 0
      vertex -3.82776 -9.36114 0.321828
    endloop
  endfacet
  facet normal -0.80321 -0.595695 0
    outer loop
      vertex -3.09204 -10.7376 0
      vertex -3.32588 -10.4223 0.653271
      vertex -3.32588 -10.4223 0
    endloop
  endfacet
  facet normal -0.80321 -0.595695 0
    outer loop
      vertex -3.32588 -10.4223 0.653271
      vertex -3.09204 -10.7376 0
      vertex -3.09204 -10.7376 0.802393
    endloop
  endfacet
  facet normal -0.671545 0.740964 0
    outer loop
      vertex -2.53757 3.09204 0
      vertex -2.82843 2.82843 2.4
      vertex -2.53757 3.09204 2.4
    endloop
  endfacet
  facet normal -0.671545 0.740964 0
    outer loop
      vertex -2.82843 2.82843 2.4
      vertex -2.53757 3.09204 0
      vertex -2.82843 2.82843 0
    endloop
  endfacet
  facet normal 0.671545 0.740964 -0
    outer loop
      vertex 2.82843 2.82843 0
      vertex 2.53757 3.09204 2.4
      vertex 2.82843 2.82843 2.4
    endloop
  endfacet
  facet normal 0.671545 0.740964 0
    outer loop
      vertex 2.53757 3.09204 2.4
      vertex 2.82843 2.82843 0
      vertex 2.53757 3.09204 0
    endloop
  endfacet
  facet normal 0.336887 0.941545 -0
    outer loop
      vertex 1.53073 3.69552 0
      vertex 1.16114 3.82776 2.4
      vertex 1.53073 3.69552 2.4
    endloop
  endfacet
  facet normal 0.336887 0.941545 0
    outer loop
      vertex 1.16114 3.82776 2.4
      vertex 1.53073 3.69552 0
      vertex 1.16114 3.82776 0
    endloop
  endfacet
  facet normal 0.970031 0.24298 0
    outer loop
      vertex 3.92314 0.780361 2.4
      vertex 3.82776 1.16114 0
      vertex 3.82776 1.16114 2.4
    endloop
  endfacet
  facet normal 0.970031 0.24298 0
    outer loop
      vertex 3.82776 1.16114 0
      vertex 3.92314 0.780361 2.4
      vertex 3.92314 0.780361 0
    endloop
  endfacet
  facet normal 0.049065 0.998796 -0
    outer loop
      vertex 0.392068 3.98074 0
      vertex 0 4 2.4
      vertex 0.392068 3.98074 2.4
    endloop
  endfacet
  facet normal 0.049065 0.998796 0
    outer loop
      vertex 0 4 2.4
      vertex 0.392068 3.98074 0
      vertex 0 4 0
    endloop
  endfacet
  facet normal -0.514095 0.857733 0
    outer loop
      vertex -1.88559 3.52768 0
      vertex -2.22228 3.32588 2.4
      vertex -1.88559 3.52768 2.4
    endloop
  endfacet
  facet normal -0.514095 0.857733 0
    outer loop
      vertex -2.22228 3.32588 2.4
      vertex -1.88559 3.52768 0
      vertex -2.22228 3.32588 0
    endloop
  endfacet
  facet normal 0 -0.970038 0.242952
    outer loop
      vertex -4 -13.7905 7.01201
      vertex 4 -13.6546 7.55462
      vertex -4 -13.6546 7.55462
    endloop
  endfacet
  facet normal 0 -0.970038 0.242952
    outer loop
      vertex 4 -13.6546 7.55462
      vertex -4 -13.7905 7.01201
      vertex 4 -13.7905 7.01201
    endloop
  endfacet
  facet normal 8.25767e-06 -0.146733 -0.989176
    outer loop
      vertex 3.92314 -8.98036 0.260327
      vertex 4 -8.7587 0.227447
      vertex 4 -9.31201 0.309524
    endloop
  endfacet
  facet normal -0 -0.14673 -0.989177
    outer loop
      vertex 4 -8.7587 0.227447
      vertex 3.92314 -8.98036 0.260327
      vertex 3.95602 -8.7587 0.227447
    endloop
  endfacet
  facet normal 0 -0.146734 -0.989176
    outer loop
      vertex 3.92314 -8.98036 0.260327
      vertex 4 -9.31201 0.309524
      vertex 3.84007 -9.31201 0.309524
    endloop
  endfacet
  facet normal 0 -0.146734 -0.989176
    outer loop
      vertex -4 -9.31201 0.309524
      vertex -3.92314 -8.98036 0.260327
      vertex -3.84007 -9.31201 0.309524
    endloop
  endfacet
  facet normal -8.25767e-06 -0.146733 -0.989176
    outer loop
      vertex -4 -8.7587 0.227447
      vertex -3.92314 -8.98036 0.260327
      vertex -4 -9.31201 0.309524
    endloop
  endfacet
  facet normal 0 -0.14673 -0.989177
    outer loop
      vertex -3.92314 -8.98036 0.260327
      vertex -4 -8.7587 0.227447
      vertex -3.95602 -8.7587 0.227447
    endloop
  endfacet
  facet normal 0 -0.98917 0.146773
    outer loop
      vertex -4 -13.8726 6.4587
      vertex 4 -13.7905 7.01201
      vertex -4 -13.7905 7.01201
    endloop
  endfacet
  facet normal 0 -0.98917 0.146773
    outer loop
      vertex 4 -13.7905 7.01201
      vertex -4 -13.8726 6.4587
      vertex 4 -13.8726 6.4587
    endloop
  endfacet
  facet normal 0 -0.803221 -0.595681
    outer loop
      vertex -4 -12.6062 2.28396
      vertex 4 -12.9394 2.73325
      vertex -4 -12.9394 2.73325
    endloop
  endfacet
  facet normal 0 -0.803221 -0.595681
    outer loop
      vertex 4 -12.9394 2.73325
      vertex -4 -12.6062 2.28396
      vertex 4 -12.6062 2.28396
    endloop
  endfacet
  facet normal 0 -0.941515 -0.33697
    outer loop
      vertex -4 -13.4661 3.7187
      vertex 4 -13.6546 4.24538
      vertex -4 -13.6546 4.24538
    endloop
  endfacet
  facet normal 0 -0.941515 -0.33697
    outer loop
      vertex 4 -13.6546 4.24538
      vertex -4 -13.4661 3.7187
      vertex 4 -13.4661 3.7187
    endloop
  endfacet
  facet normal 8.04745e-06 -0.336886 -0.941545
    outer loop
      vertex 3.52768 -10.0856 0.52808
      vertex 4 -9.85462 0.445439
      vertex 4 -10.3813 0.633886
    endloop
  endfacet
  facet normal -0 -0.336872 -0.94155
    outer loop
      vertex 4 -9.85462 0.445439
      vertex 3.52768 -10.0856 0.52808
      vertex 3.63692 -9.85462 0.445439
    endloop
  endfacet
  facet normal 0 -0.336898 -0.941541
    outer loop
      vertex 3.52768 -10.0856 0.52808
      vertex 4 -10.3813 0.633886
      vertex 3.35044 -10.3813 0.633886
    endloop
  endfacet
  facet normal 0 -0.336898 -0.941541
    outer loop
      vertex -4 -10.3813 0.633886
      vertex -3.52768 -10.0856 0.52808
      vertex -3.35044 -10.3813 0.633886
    endloop
  endfacet
  facet normal -8.04745e-06 -0.336886 -0.941545
    outer loop
      vertex -4 -9.85462 0.445439
      vertex -3.52768 -10.0856 0.52808
      vertex -4 -10.3813 0.633886
    endloop
  endfacet
  facet normal 0 -0.336872 -0.94155
    outer loop
      vertex -3.52768 -10.0856 0.52808
      vertex -4 -9.85462 0.445439
      vertex -3.63692 -9.85462 0.445439
    endloop
  endfacet
  facet normal -0 0.595426 0.80341
    outer loop
      vertex -4 -4.58396 10.3062
      vertex 4 -4.7 10.3922
      vertex 4 -4.58396 10.3062
    endloop
  endfacet
  facet normal 0 0.595426 0.80341
    outer loop
      vertex 4 -4.7 10.3922
      vertex -4 -4.58396 10.3062
      vertex -4 -4.7 10.3922
    endloop
  endfacet
  facet normal 0 0.998795 0.0490727
    outer loop
      vertex 4 -2.5 5.9
      vertex -4 -2.52745 6.4587
      vertex 4 -2.52745 6.4587
    endloop
  endfacet
  facet normal 0 0.998795 0.0490727
    outer loop
      vertex -4 -2.52745 6.4587
      vertex 4 -2.5 5.9
      vertex -4 -2.5 5.9
    endloop
  endfacet
  facet normal 0 -0.0490676 -0.998795
    outer loop
      vertex -4 -8.7587 0.227447
      vertex -3.98074 -8.59207 0.219261
      vertex -3.95602 -8.7587 0.227447
    endloop
  endfacet
  facet normal -2.28244e-06 -0.0490674 -0.998795
    outer loop
      vertex -3.98074 -8.59207 0.219261
      vertex -4 -8.7587 0.227447
      vertex -4 -8.2 0.2
    endloop
  endfacet
  facet normal 2.28244e-06 -0.0490674 -0.998795
    outer loop
      vertex 4 -8.7587 0.227447
      vertex 3.98074 -8.59207 0.219261
      vertex 4 -8.2 0.2
    endloop
  endfacet
  facet normal 0 -0.0490676 -0.998795
    outer loop
      vertex 3.98074 -8.59207 0.219261
      vertex 4 -8.7587 0.227447
      vertex 3.95602 -8.7587 0.227447
    endloop
  endfacet
  facet normal 1.27717e-05 -0.242977 -0.970032
    outer loop
      vertex 3.82776 -9.36114 0.321828
      vertex 4 -9.31201 0.309524
      vertex 4 -9.85462 0.445439
    endloop
  endfacet
  facet normal -0 -0.242935 -0.970043
    outer loop
      vertex 4 -9.31201 0.309524
      vertex 3.82776 -9.36114 0.321828
      vertex 3.84007 -9.31201 0.309524
    endloop
  endfacet
  facet normal -3.72787e-06 -0.242983 -0.970031
    outer loop
      vertex 4 -9.85462 0.445439
      vertex 3.69552 -9.73073 0.414407
      vertex 3.82776 -9.36114 0.321828
    endloop
  endfacet
  facet normal 0 -0.242974 -0.970033
    outer loop
      vertex 3.69552 -9.73073 0.414407
      vertex 4 -9.85462 0.445439
      vertex 3.63692 -9.85462 0.445439
    endloop
  endfacet
  facet normal 0 -0.242974 -0.970033
    outer loop
      vertex -4 -9.85462 0.445439
      vertex -3.69552 -9.73073 0.414407
      vertex -3.63692 -9.85462 0.445439
    endloop
  endfacet
  facet normal 3.72787e-06 -0.242983 -0.970031
    outer loop
      vertex -4 -9.85462 0.445439
      vertex -3.82776 -9.36114 0.321828
      vertex -3.69552 -9.73073 0.414407
    endloop
  endfacet
  facet normal -1.27717e-05 -0.242977 -0.970032
    outer loop
      vertex -4 -9.31201 0.309524
      vertex -3.82776 -9.36114 0.321828
      vertex -4 -9.85462 0.445439
    endloop
  endfacet
  facet normal 0 -0.242935 -0.970043
    outer loop
      vertex -3.82776 -9.36114 0.321828
      vertex -4 -9.31201 0.309524
      vertex -3.84007 -9.31201 0.309524
    endloop
  endfacet
  facet normal 0 0.941544 -0.336891
    outer loop
      vertex 4 -2.93389 3.7187
      vertex -4 -2.74544 4.24538
      vertex 4 -2.74544 4.24538
    endloop
  endfacet
  facet normal 0 0.941544 -0.336891
    outer loop
      vertex -4 -2.74544 4.24538
      vertex 4 -2.93389 3.7187
      vertex -4 -2.93389 3.7187
    endloop
  endfacet
  facet normal 0 -0.74091 -0.671604
    outer loop
      vertex -4 -12.2305 1.86949
      vertex 4 -12.6062 2.28396
      vertex -4 -12.6062 2.28396
    endloop
  endfacet
  facet normal 0 -0.74091 -0.671604
    outer loop
      vertex 4 -12.6062 2.28396
      vertex -4 -12.2305 1.86949
      vertex 4 -12.2305 1.86949
    endloop
  endfacet
  facet normal 0 0.941544 0.336891
    outer loop
      vertex 4 -2.74544 7.55462
      vertex -4 -2.93389 8.0813
      vertex 4 -2.93389 8.0813
    endloop
  endfacet
  facet normal 0 0.941544 0.336891
    outer loop
      vertex -4 -2.93389 8.0813
      vertex 4 -2.74544 7.55462
      vertex -4 -2.74544 7.55462
    endloop
  endfacet
  facet normal 0 0.998795 -0.0490727
    outer loop
      vertex 4 -2.52745 5.3413
      vertex -4 -2.5 5.9
      vertex 4 -2.5 5.9
    endloop
  endfacet
  facet normal 0 0.998795 -0.0490727
    outer loop
      vertex -4 -2.5 5.9
      vertex 4 -2.52745 5.3413
      vertex -4 -2.52745 5.3413
    endloop
  endfacet
  facet normal 0 -0.671568 0.740943
    outer loop
      vertex -4 -11.816 10.3062
      vertex 4 -12.2305 9.93051
      vertex 4 -11.816 10.3062
    endloop
  endfacet
  facet normal 0 -0.671568 0.740943
    outer loop
      vertex 4 -12.2305 9.93051
      vertex -4 -11.816 10.3062
      vertex -4 -12.2305 9.93051
    endloop
  endfacet
  facet normal 0 -0.514168 -0.857689
    outer loop
      vertex 4 -11.3667 1.16062
      vertex 2.95664 -10.887 0.873049
      vertex 4 -10.887 0.873049
    endloop
  endfacet
  facet normal -4.80175e-05 -0.514245 -0.857643
    outer loop
      vertex 4 -11.3667 1.16062
      vertex 2.82843 -11.0284 0.95784
      vertex 2.95664 -10.887 0.873049
    endloop
  endfacet
  facet normal 2.96562e-06 -0.514115 -0.857721
    outer loop
      vertex 4 -11.3667 1.16062
      vertex 2.53757 -11.292 1.11584
      vertex 2.82843 -11.0284 0.95784
    endloop
  endfacet
  facet normal 0 -0.514158 -0.857695
    outer loop
      vertex 2.53757 -11.292 1.11584
      vertex 4 -11.3667 1.16062
      vertex 2.43684 -11.3667 1.16062
    endloop
  endfacet
  facet normal 0 -0.514158 -0.857695
    outer loop
      vertex -4 -11.3667 1.16062
      vertex -2.53757 -11.292 1.11584
      vertex -2.43684 -11.3667 1.16062
    endloop
  endfacet
  facet normal -2.96562e-06 -0.514115 -0.857721
    outer loop
      vertex -4 -11.3667 1.16062
      vertex -2.82843 -11.0284 0.95784
      vertex -2.53757 -11.292 1.11584
    endloop
  endfacet
  facet normal 4.80175e-05 -0.514245 -0.857643
    outer loop
      vertex -4 -11.3667 1.16062
      vertex -2.95664 -10.887 0.873049
      vertex -2.82843 -11.0284 0.95784
    endloop
  endfacet
  facet normal -0 -0.514168 -0.857689
    outer loop
      vertex -2.95664 -10.887 0.873049
      vertex -4 -11.3667 1.16062
      vertex -4 -10.887 0.873049
    endloop
  endfacet
  facet normal 0 0.803204 0.595704
    outer loop
      vertex 4 -3.46062 9.06675
      vertex -4 -3.79384 9.51604
      vertex 4 -3.79384 9.51604
    endloop
  endfacet
  facet normal 0 0.803204 0.595704
    outer loop
      vertex -4 -3.79384 9.51604
      vertex 4 -3.46062 9.06675
      vertex -4 -3.46062 9.06675
    endloop
  endfacet
  facet normal 0 -0.74091 0.671604
    outer loop
      vertex -4 -12.6062 9.51604
      vertex 4 -12.2305 9.93051
      vertex -4 -12.2305 9.93051
    endloop
  endfacet
  facet normal 0 -0.74091 0.671604
    outer loop
      vertex 4 -12.2305 9.93051
      vertex -4 -12.6062 9.51604
      vertex 4 -12.6062 9.51604
    endloop
  endfacet
  facet normal 0 0.740954 0.671555
    outer loop
      vertex 4 -3.79384 9.51604
      vertex -4 -4.16949 9.93051
      vertex 4 -4.16949 9.93051
    endloop
  endfacet
  facet normal 0 0.740954 0.671555
    outer loop
      vertex -4 -4.16949 9.93051
      vertex 4 -3.79384 9.51604
      vertex -4 -3.79384 9.51604
    endloop
  endfacet
  facet normal 0 -0.90403 -0.427468
    outer loop
      vertex -4 -13.227 3.21304
      vertex 4 -13.4661 3.7187
      vertex -4 -13.4661 3.7187
    endloop
  endfacet
  facet normal 0 -0.90403 -0.427468
    outer loop
      vertex 4 -13.4661 3.7187
      vertex -4 -13.227 3.21304
      vertex 4 -13.227 3.21304
    endloop
  endfacet
  facet normal 0 0.857733 -0.514096
    outer loop
      vertex 4 -3.46062 2.73325
      vertex -4 -3.17305 3.21304
      vertex 4 -3.17305 3.21304
    endloop
  endfacet
  facet normal 0 0.857733 -0.514096
    outer loop
      vertex -4 -3.17305 3.21304
      vertex 4 -3.46062 2.73325
      vertex -4 -3.46062 2.73325
    endloop
  endfacet
  facet normal 0 -0.595695 -0.803211
    outer loop
      vertex 4 -11.816 1.49384
      vertex 2.43684 -11.3667 1.16062
      vertex 4 -11.3667 1.16062
    endloop
  endfacet
  facet normal 5.17404e-05 -0.595579 -0.803297
    outer loop
      vertex 4 -11.816 1.49384
      vertex 2.22228 -11.5259 1.27864
      vertex 2.43684 -11.3667 1.16062
    endloop
  endfacet
  facet normal 1.42418e-05 -0.595727 -0.803187
    outer loop
      vertex 4 -11.816 1.49384
      vertex 1.88559 -11.7277 1.42831
      vertex 2.22228 -11.5259 1.27864
    endloop
  endfacet
  facet normal 0 -0.595947 -0.803024
    outer loop
      vertex 1.88559 -11.7277 1.42831
      vertex 4 -11.816 1.49384
      vertex 1.69877 -11.816 1.49384
    endloop
  endfacet
  facet normal 0 -0.595947 -0.803024
    outer loop
      vertex -4 -11.816 1.49384
      vertex -1.88559 -11.7277 1.42831
      vertex -1.69877 -11.816 1.49384
    endloop
  endfacet
  facet normal -1.42418e-05 -0.595727 -0.803187
    outer loop
      vertex -4 -11.816 1.49384
      vertex -2.22228 -11.5259 1.27864
      vertex -1.88559 -11.7277 1.42831
    endloop
  endfacet
  facet normal -5.17404e-05 -0.595579 -0.803297
    outer loop
      vertex -4 -11.816 1.49384
      vertex -2.43684 -11.3667 1.16062
      vertex -2.22228 -11.5259 1.27864
    endloop
  endfacet
  facet normal -0 -0.595695 -0.803211
    outer loop
      vertex -2.43684 -11.3667 1.16062
      vertex -4 -11.816 1.49384
      vertex -4 -11.3667 1.16062
    endloop
  endfacet
  facet normal 0 -0.989171 -0.14677
    outer loop
      vertex -4 -13.7905 4.78798
      vertex 4 -13.8726 5.3413
      vertex -4 -13.8726 5.3413
    endloop
  endfacet
  facet normal 0 -0.989171 -0.14677
    outer loop
      vertex 4 -13.8726 5.3413
      vertex -4 -13.7905 4.78798
      vertex 4 -13.7905 4.78798
    endloop
  endfacet
  facet normal 0 0.903989 -0.427556
    outer loop
      vertex 4 -3.17305 3.21304
      vertex -4 -2.93389 3.7187
      vertex 4 -2.93389 3.7187
    endloop
  endfacet
  facet normal 0 0.903989 -0.427556
    outer loop
      vertex -4 -2.93389 3.7187
      vertex 4 -3.17305 3.21304
      vertex -4 -3.17305 3.21304
    endloop
  endfacet
  facet normal 0 -0.857709 0.514136
    outer loop
      vertex -4 -13.227 8.58696
      vertex 4 -12.9394 9.06675
      vertex -4 -12.9394 9.06675
    endloop
  endfacet
  facet normal 0 -0.857709 0.514136
    outer loop
      vertex 4 -12.9394 9.06675
      vertex -4 -13.227 8.58696
      vertex 4 -13.227 8.58696
    endloop
  endfacet
  facet normal 0 0.803202 -0.595707
    outer loop
      vertex 4 -3.70778 2.4
      vertex -4 -3.46062 2.73325
      vertex 4 -3.46062 2.73325
    endloop
  endfacet
  facet normal 0 0.803202 -0.595707
    outer loop
      vertex -4 -3.46062 2.73325
      vertex 4 -3.70778 2.4
      vertex -4 -3.70778 2.4
    endloop
  endfacet
  facet normal 0 -0.941515 0.33697
    outer loop
      vertex -4 -13.6546 7.55462
      vertex 4 -13.4661 8.0813
      vertex -4 -13.4661 8.0813
    endloop
  endfacet
  facet normal 0 -0.941515 0.33697
    outer loop
      vertex 4 -13.4661 8.0813
      vertex -4 -13.6546 7.55462
      vertex 4 -13.6546 7.55462
    endloop
  endfacet
  facet normal 0 0.989178 0.14672
    outer loop
      vertex 4 -2.52745 6.4587
      vertex -4 -2.60952 7.01201
      vertex 4 -2.60952 7.01201
    endloop
  endfacet
  facet normal 0 0.989178 0.14672
    outer loop
      vertex -4 -2.60952 7.01201
      vertex 4 -2.52745 6.4587
      vertex -4 -2.52745 6.4587
    endloop
  endfacet
  facet normal 0 0.97003 0.242986
    outer loop
      vertex 4 -2.60952 7.01201
      vertex -4 -2.74544 7.55462
      vertex 4 -2.74544 7.55462
    endloop
  endfacet
  facet normal 0 0.97003 0.242986
    outer loop
      vertex -4 -2.74544 7.55462
      vertex 4 -2.60952 7.01201
      vertex -4 -2.60952 7.01201
    endloop
  endfacet
  facet normal 0 -0.803221 0.595681
    outer loop
      vertex -4 -12.9394 9.06675
      vertex 4 -12.6062 9.51604
      vertex -4 -12.6062 9.51604
    endloop
  endfacet
  facet normal 0 -0.803221 0.595681
    outer loop
      vertex 4 -12.6062 9.51604
      vertex -4 -12.9394 9.06675
      vertex 4 -12.9394 9.06675
    endloop
  endfacet
  facet normal 0 -0.9988 -0.0489835
    outer loop
      vertex -4 -13.8726 5.3413
      vertex 4 -13.9 5.9
      vertex -4 -13.9 5.9
    endloop
  endfacet
  facet normal 0 -0.9988 -0.0489835
    outer loop
      vertex 4 -13.9 5.9
      vertex -4 -13.8726 5.3413
      vertex 4 -13.8726 5.3413
    endloop
  endfacet
  facet normal -0 0.671595 0.740919
    outer loop
      vertex -4 -4.16949 9.93051
      vertex 4 -4.58396 10.3062
      vertex 4 -4.16949 9.93051
    endloop
  endfacet
  facet normal 0 0.671595 0.740919
    outer loop
      vertex 4 -4.58396 10.3062
      vertex -4 -4.16949 9.93051
      vertex -4 -4.58396 10.3062
    endloop
  endfacet
  facet normal 0 0.857733 0.514096
    outer loop
      vertex 4 -3.17305 8.58696
      vertex -4 -3.46062 9.06675
      vertex 4 -3.46062 9.06675
    endloop
  endfacet
  facet normal 0 0.857733 0.514096
    outer loop
      vertex -4 -3.46062 9.06675
      vertex 4 -3.17305 8.58696
      vertex -4 -3.17305 8.58696
    endloop
  endfacet
  facet normal 0 0.903989 0.427556
    outer loop
      vertex 4 -2.93389 8.0813
      vertex -4 -3.17305 8.58696
      vertex 4 -3.17305 8.58696
    endloop
  endfacet
  facet normal 0 0.903989 0.427556
    outer loop
      vertex -4 -3.17305 8.58696
      vertex 4 -2.93389 8.0813
      vertex -4 -2.93389 8.0813
    endloop
  endfacet
  facet normal 0 0.989178 -0.146718
    outer loop
      vertex 4 -2.60952 4.78798
      vertex -4 -2.52745 5.3413
      vertex 4 -2.52745 5.3413
    endloop
  endfacet
  facet normal 0 0.989178 -0.146718
    outer loop
      vertex -4 -2.52745 5.3413
      vertex 4 -2.60952 4.78798
      vertex -4 -2.60952 4.78798
    endloop
  endfacet
  facet normal 0 -0.595559 0.803312
    outer loop
      vertex -4 -11.7 10.3922
      vertex 4 -11.816 10.3062
      vertex 4 -11.7 10.3922
    endloop
  endfacet
  facet normal 0 -0.595559 0.803312
    outer loop
      vertex 4 -11.816 10.3062
      vertex -4 -11.7 10.3922
      vertex -4 -11.816 10.3062
    endloop
  endfacet
  facet normal 0 -0.671529 -0.740979
    outer loop
      vertex 4 -12.2305 1.86949
      vertex 1.69877 -11.816 1.49384
      vertex 4 -11.816 1.49384
    endloop
  endfacet
  facet normal 2.27065e-05 -0.671459 -0.741041
    outer loop
      vertex 4 -12.2305 1.86949
      vertex 1.53073 -11.8955 1.56587
      vertex 1.69877 -11.816 1.49384
    endloop
  endfacet
  facet normal 2.60333e-05 -0.671446 -0.741054
    outer loop
      vertex 4 -12.2305 1.86949
      vertex 1.16114 -12.0278 1.68573
      vertex 1.53073 -11.8955 1.56587
    endloop
  endfacet
  facet normal -2.36169e-05 -0.671828 -0.740708
    outer loop
      vertex 4 -12.2305 1.86949
      vertex 0.780361 -12.1231 1.77218
      vertex 1.16114 -12.0278 1.68573
    endloop
  endfacet
  facet normal -3.99282e-06 -0.671505 -0.741
    outer loop
      vertex 4 -12.2305 1.86949
      vertex 0.392068 -12.1807 1.82438
      vertex 0.780361 -12.1231 1.77218
    endloop
  endfacet
  facet normal 9.27284e-06 -0.670977 -0.741478
    outer loop
      vertex 4 -12.2305 1.86949
      vertex 0 -12.2 1.84184
      vertex 0.392068 -12.1807 1.82438
    endloop
  endfacet
  facet normal 0 -0.671644 -0.740874
    outer loop
      vertex -4 -12.2305 1.86949
      vertex 0 -12.2 1.84184
      vertex 4 -12.2305 1.86949
    endloop
  endfacet
  facet normal -9.27284e-06 -0.670977 -0.741478
    outer loop
      vertex -4 -12.2305 1.86949
      vertex -0.392068 -12.1807 1.82438
      vertex 0 -12.2 1.84184
    endloop
  endfacet
  facet normal 3.99282e-06 -0.671505 -0.741
    outer loop
      vertex -4 -12.2305 1.86949
      vertex -0.780361 -12.1231 1.77218
      vertex -0.392068 -12.1807 1.82438
    endloop
  endfacet
  facet normal 2.36169e-05 -0.671828 -0.740708
    outer loop
      vertex -4 -12.2305 1.86949
      vertex -1.16114 -12.0278 1.68573
      vertex -0.780361 -12.1231 1.77218
    endloop
  endfacet
  facet normal -2.60333e-05 -0.671446 -0.741054
    outer loop
      vertex -4 -12.2305 1.86949
      vertex -1.53073 -11.8955 1.56587
      vertex -1.16114 -12.0278 1.68573
    endloop
  endfacet
  facet normal -2.27065e-05 -0.671459 -0.741041
    outer loop
      vertex -4 -12.2305 1.86949
      vertex -1.69877 -11.816 1.49384
      vertex -1.53073 -11.8955 1.56587
    endloop
  endfacet
  facet normal -0 -0.671529 -0.740979
    outer loop
      vertex -1.69877 -11.816 1.49384
      vertex -4 -12.2305 1.86949
      vertex -4 -11.816 1.49384
    endloop
  endfacet
  facet normal 0 -0.857709 -0.514136
    outer loop
      vertex -4 -12.9394 2.73325
      vertex 4 -13.227 3.21304
      vertex -4 -13.227 3.21304
    endloop
  endfacet
  facet normal 0 -0.857709 -0.514136
    outer loop
      vertex 4 -13.227 3.21304
      vertex -4 -12.9394 2.73325
      vertex 4 -12.9394 2.73325
    endloop
  endfacet
  facet normal 0 0.970029 -0.24299
    outer loop
      vertex 4 -2.74544 4.24538
      vertex -4 -2.60952 4.78798
      vertex 4 -2.60952 4.78798
    endloop
  endfacet
  facet normal 0 0.970029 -0.24299
    outer loop
      vertex -4 -2.60952 4.78798
      vertex 4 -2.74544 4.24538
      vertex -4 -2.74544 4.24538
    endloop
  endfacet
  facet normal 7.12932e-06 -0.427533 -0.904
    outer loop
      vertex 3.32588 -10.4223 0.653271
      vertex 4 -10.3813 0.633886
      vertex 4 -10.887 0.873049
    endloop
  endfacet
  facet normal -0 -0.427437 -0.904045
    outer loop
      vertex 4 -10.3813 0.633886
      vertex 3.32588 -10.4223 0.653271
      vertex 3.35044 -10.3813 0.633886
    endloop
  endfacet
  facet normal -2.78615e-06 -0.427545 -0.903994
    outer loop
      vertex 4 -10.887 0.873049
      vertex 3.09204 -10.7376 0.802393
      vertex 3.32588 -10.4223 0.653271
    endloop
  endfacet
  facet normal 0 -0.427531 -0.904001
    outer loop
      vertex 3.09204 -10.7376 0.802393
      vertex 4 -10.887 0.873049
      vertex 2.95664 -10.887 0.873049
    endloop
  endfacet
  facet normal 0 -0.427531 -0.904001
    outer loop
      vertex -4 -10.887 0.873049
      vertex -3.09204 -10.7376 0.802393
      vertex -2.95664 -10.887 0.873049
    endloop
  endfacet
  facet normal 2.78615e-06 -0.427545 -0.903994
    outer loop
      vertex -4 -10.887 0.873049
      vertex -3.32588 -10.4223 0.653271
      vertex -3.09204 -10.7376 0.802393
    endloop
  endfacet
  facet normal -7.12932e-06 -0.427533 -0.904
    outer loop
      vertex -4 -10.3813 0.633886
      vertex -3.32588 -10.4223 0.653271
      vertex -4 -10.887 0.873049
    endloop
  endfacet
  facet normal 0 -0.427437 -0.904045
    outer loop
      vertex -3.32588 -10.4223 0.653271
      vertex -4 -10.3813 0.633886
      vertex -3.35044 -10.3813 0.633886
    endloop
  endfacet
  facet normal 0 -0.9988 0.0489835
    outer loop
      vertex -4 -13.9 5.9
      vertex 4 -13.8726 6.4587
      vertex -4 -13.8726 6.4587
    endloop
  endfacet
  facet normal 0 -0.9988 0.0489835
    outer loop
      vertex 4 -13.8726 6.4587
      vertex -4 -13.9 5.9
      vertex 4 -13.9 5.9
    endloop
  endfacet
  facet normal 0 -0.90403 0.427468
    outer loop
      vertex -4 -13.4661 8.0813
      vertex 4 -13.227 8.58696
      vertex -4 -13.227 8.58696
    endloop
  endfacet
  facet normal 0 -0.90403 0.427468
    outer loop
      vertex 4 -13.227 8.58696
      vertex -4 -13.4661 8.0813
      vertex 4 -13.4661 8.0813
    endloop
  endfacet
  facet normal 0 -0.970037 -0.242956
    outer loop
      vertex -4 -13.6546 4.24538
      vertex 4 -13.7905 4.78798
      vertex -4 -13.7905 4.78798
    endloop
  endfacet
  facet normal 0 -0.970037 -0.242956
    outer loop
      vertex 4 -13.7905 4.78798
      vertex -4 -13.6546 4.24538
      vertex 4 -13.6546 4.24538
    endloop
  endfacet
  facet normal 0 -0.242988 0.970029
    outer loop
      vertex -4 -7.184 2.55071
      vertex 4 -7.51718 2.46725
      vertex 4 -7.184 2.55071
    endloop
  endfacet
  facet normal 0 -0.242988 0.970029
    outer loop
      vertex 4 -7.51718 2.46725
      vertex -4 -7.184 2.55071
      vertex -4 -7.51718 2.46725
    endloop
  endfacet
  facet normal 0 -0.427566 0.903984
    outer loop
      vertex -4 -6.55011 2.81328
      vertex 4 -6.86061 2.66642
      vertex 4 -6.55011 2.81328
    endloop
  endfacet
  facet normal 0 -0.427566 0.903984
    outer loop
      vertex 4 -6.86061 2.66642
      vertex -4 -6.55011 2.81328
      vertex -4 -6.86061 2.66642
    endloop
  endfacet
  facet normal 0 -0.595687 0.803217
    outer loop
      vertex -4 -5.97962 3.19446
      vertex 4 -6.2555 2.98986
      vertex 4 -5.97962 3.19446
    endloop
  endfacet
  facet normal 0 -0.595687 0.803217
    outer loop
      vertex 4 -6.2555 2.98986
      vertex -4 -5.97962 3.19446
      vertex -4 -6.2555 2.98986
    endloop
  endfacet
  facet normal 0 -0.970029 0.242988
    outer loop
      vertex -4 -4.85071 4.884
      vertex 4 -4.76725 5.21718
      vertex -4 -4.76725 5.21718
    endloop
  endfacet
  facet normal 0 -0.970029 0.242988
    outer loop
      vertex 4 -4.76725 5.21718
      vertex -4 -4.85071 4.884
      vertex 4 -4.85071 4.884
    endloop
  endfacet
  facet normal 0 0.941554 0.336862
    outer loop
      vertex 4 -11.4336 4.56061
      vertex -4 -11.5493 4.884
      vertex 4 -11.5493 4.884
    endloop
  endfacet
  facet normal 0 0.941554 0.336862
    outer loop
      vertex -4 -11.5493 4.884
      vertex 4 -11.4336 4.56061
      vertex -4 -11.4336 4.56061
    endloop
  endfacet
  facet normal 0 -0.0490576 0.998796
    outer loop
      vertex -4 -7.85694 2.41685
      vertex 4 -8.2 2.4
      vertex 4 -7.85694 2.41685
    endloop
  endfacet
  facet normal 0 -0.0490576 0.998796
    outer loop
      vertex 4 -8.2 2.4
      vertex -4 -7.85694 2.41685
      vertex -4 -8.2 2.4
    endloop
  endfacet
  facet normal 0 -0.857732 0.514098
    outer loop
      vertex -4 -5.28986 3.9555
      vertex 4 -5.11328 4.25011
      vertex -4 -5.11328 4.25011
    endloop
  endfacet
  facet normal 0 -0.857732 0.514098
    outer loop
      vertex 4 -5.11328 4.25011
      vertex -4 -5.28986 3.9555
      vertex 4 -5.28986 3.9555
    endloop
  endfacet
  facet normal 0 0.989176 0.146734
    outer loop
      vertex 4 -11.6327 5.21718
      vertex -4 -11.6831 5.55694
      vertex 4 -11.6831 5.55694
    endloop
  endfacet
  facet normal 0 0.989176 0.146734
    outer loop
      vertex -4 -11.6831 5.55694
      vertex 4 -11.6327 5.21718
      vertex -4 -11.6327 5.21718
    endloop
  endfacet
  facet normal -0 0.427566 0.903984
    outer loop
      vertex -4 -9.53939 2.66642
      vertex 4 -9.84989 2.81328
      vertex 4 -9.53939 2.66642
    endloop
  endfacet
  facet normal 0 0.427566 0.903984
    outer loop
      vertex 4 -9.84989 2.81328
      vertex -4 -9.53939 2.66642
      vertex -4 -9.84989 2.81328
    endloop
  endfacet
  facet normal -0 0.671566 0.740944
    outer loop
      vertex -4 -10.4204 3.19446
      vertex 4 -10.6749 3.42513
      vertex 4 -10.4204 3.19446
    endloop
  endfacet
  facet normal 0 0.671566 0.740944
    outer loop
      vertex 4 -10.6749 3.42513
      vertex -4 -10.4204 3.19446
      vertex -4 -10.6749 3.42513
    endloop
  endfacet
  facet normal 0 0.998789 0.0492029
    outer loop
      vertex 4 -11.6831 5.55694
      vertex -4 -11.7 5.9
      vertex 4 -11.7 5.9
    endloop
  endfacet
  facet normal 0 0.998789 0.0492029
    outer loop
      vertex -4 -11.7 5.9
      vertex 4 -11.6831 5.55694
      vertex -4 -11.6831 5.55694
    endloop
  endfacet
  facet normal 0 0.970071 0.242823
    outer loop
      vertex 4 -11.5493 4.884
      vertex -4 -11.6327 5.21718
      vertex 4 -11.6327 5.21718
    endloop
  endfacet
  facet normal 0 0.970071 0.242823
    outer loop
      vertex -4 -11.6327 5.21718
      vertex 4 -11.5493 4.884
      vertex -4 -11.5493 4.884
    endloop
  endfacet
  facet normal 0 -0.803217 0.595687
    outer loop
      vertex -4 -5.49446 3.67962
      vertex 4 -5.28986 3.9555
      vertex -4 -5.28986 3.9555
    endloop
  endfacet
  facet normal 0 -0.803217 0.595687
    outer loop
      vertex 4 -5.28986 3.9555
      vertex -4 -5.49446 3.67962
      vertex 4 -5.49446 3.67962
    endloop
  endfacet
  facet normal 0 -0.941545 0.336888
    outer loop
      vertex -4 -4.96642 4.56061
      vertex 4 -4.85071 4.884
      vertex -4 -4.85071 4.884
    endloop
  endfacet
  facet normal 0 -0.941545 0.336888
    outer loop
      vertex 4 -4.85071 4.884
      vertex -4 -4.96642 4.56061
      vertex 4 -4.96642 4.56061
    endloop
  endfacet
  facet normal 0 0.857706 0.51414
    outer loop
      vertex 4 -11.1101 3.9555
      vertex -4 -11.2867 4.25011
      vertex 4 -11.2867 4.25011
    endloop
  endfacet
  facet normal 0 0.857706 0.51414
    outer loop
      vertex -4 -11.2867 4.25011
      vertex 4 -11.1101 3.9555
      vertex -4 -11.1101 3.9555
    endloop
  endfacet
  facet normal -0 0.595659 0.803237
    outer loop
      vertex -4 -10.1445 2.98986
      vertex 4 -10.4204 3.19446
      vertex 4 -10.1445 2.98986
    endloop
  endfacet
  facet normal 0 0.595659 0.803237
    outer loop
      vertex 4 -10.4204 3.19446
      vertex -4 -10.1445 2.98986
      vertex -4 -10.4204 3.19446
    endloop
  endfacet
  facet normal 0 -0.146734 0.989176
    outer loop
      vertex -4 -7.51718 2.46725
      vertex 4 -7.85694 2.41685
      vertex 4 -7.51718 2.46725
    endloop
  endfacet
  facet normal 0 -0.146734 0.989176
    outer loop
      vertex 4 -7.85694 2.41685
      vertex -4 -7.51718 2.46725
      vertex -4 -7.85694 2.41685
    endloop
  endfacet
  facet normal 0 0.741033 0.671469
    outer loop
      vertex 4 -10.6749 3.42513
      vertex -4 -10.9055 3.67962
      vertex 4 -10.9055 3.67962
    endloop
  endfacet
  facet normal 0 0.741033 0.671469
    outer loop
      vertex -4 -10.9055 3.67962
      vertex 4 -10.6749 3.42513
      vertex -4 -10.6749 3.42513
    endloop
  endfacet
  facet normal 0 -0.903984 0.427566
    outer loop
      vertex -4 -5.11328 4.25011
      vertex 4 -4.96642 4.56061
      vertex -4 -4.96642 4.56061
    endloop
  endfacet
  facet normal 0 -0.903984 0.427566
    outer loop
      vertex 4 -4.96642 4.56061
      vertex -4 -5.11328 4.25011
      vertex 4 -5.11328 4.25011
    endloop
  endfacet
  facet normal 0 -0.336888 0.941545
    outer loop
      vertex -4 -6.86061 2.66642
      vertex 4 -7.184 2.55071
      vertex 4 -6.86061 2.66642
    endloop
  endfacet
  facet normal 0 -0.336888 0.941545
    outer loop
      vertex 4 -7.184 2.55071
      vertex -4 -6.86061 2.66642
      vertex -4 -7.184 2.55071
    endloop
  endfacet
  facet normal -0 0.146734 0.989176
    outer loop
      vertex -4 -8.54306 2.41685
      vertex 4 -8.88282 2.46725
      vertex 4 -8.54306 2.41685
    endloop
  endfacet
  facet normal 0 0.146734 0.989176
    outer loop
      vertex 4 -8.88282 2.46725
      vertex -4 -8.54306 2.41685
      vertex -4 -8.88282 2.46725
    endloop
  endfacet
  facet normal -0 0.0490576 0.998796
    outer loop
      vertex -4 -8.2 2.4
      vertex 4 -8.54306 2.41685
      vertex 4 -8.2 2.4
    endloop
  endfacet
  facet normal 0 0.0490576 0.998796
    outer loop
      vertex 4 -8.54306 2.41685
      vertex -4 -8.2 2.4
      vertex -4 -8.54306 2.41685
    endloop
  endfacet
  facet normal 0 0.903939 0.427661
    outer loop
      vertex 4 -11.2867 4.25011
      vertex -4 -11.4336 4.56061
      vertex 4 -11.4336 4.56061
    endloop
  endfacet
  facet normal 0 0.903939 0.427661
    outer loop
      vertex -4 -11.4336 4.56061
      vertex 4 -11.2867 4.25011
      vertex -4 -11.2867 4.25011
    endloop
  endfacet
  facet normal 0 -0.740931 0.671581
    outer loop
      vertex -4 -5.72513 3.42513
      vertex 4 -5.49446 3.67962
      vertex -4 -5.49446 3.67962
    endloop
  endfacet
  facet normal 0 -0.740931 0.671581
    outer loop
      vertex 4 -5.49446 3.67962
      vertex -4 -5.72513 3.42513
      vertex 4 -5.72513 3.42513
    endloop
  endfacet
  facet normal 0 -0.998796 0.0490576
    outer loop
      vertex -4 -4.71685 5.55694
      vertex 4 -4.7 5.9
      vertex -4 -4.7 5.9
    endloop
  endfacet
  facet normal 0 -0.998796 0.0490576
    outer loop
      vertex 4 -4.7 5.9
      vertex -4 -4.71685 5.55694
      vertex 4 -4.71685 5.55694
    endloop
  endfacet
  facet normal 0 0.803217 0.595687
    outer loop
      vertex 4 -10.9055 3.67962
      vertex -4 -11.1101 3.9555
      vertex 4 -11.1101 3.9555
    endloop
  endfacet
  facet normal 0 0.803217 0.595687
    outer loop
      vertex -4 -11.1101 3.9555
      vertex 4 -10.9055 3.67962
      vertex -4 -10.9055 3.67962
    endloop
  endfacet
  facet normal -0 0.242988 0.970029
    outer loop
      vertex -4 -8.88282 2.46725
      vertex 4 -9.216 2.55071
      vertex 4 -8.88282 2.46725
    endloop
  endfacet
  facet normal 0 0.242988 0.970029
    outer loop
      vertex 4 -9.216 2.55071
      vertex -4 -8.88282 2.46725
      vertex -4 -9.216 2.55071
    endloop
  endfacet
  facet normal -0 0.336888 0.941545
    outer loop
      vertex -4 -9.216 2.55071
      vertex 4 -9.53939 2.66642
      vertex 4 -9.216 2.55071
    endloop
  endfacet
  facet normal 0 0.336888 0.941545
    outer loop
      vertex 4 -9.53939 2.66642
      vertex -4 -9.216 2.55071
      vertex -4 -9.53939 2.66642
    endloop
  endfacet
  facet normal 0 -0.514098 0.857732
    outer loop
      vertex -4 -6.2555 2.98986
      vertex 4 -6.55011 2.81328
      vertex 4 -6.2555 2.98986
    endloop
  endfacet
  facet normal 0 -0.514098 0.857732
    outer loop
      vertex 4 -6.55011 2.81328
      vertex -4 -6.2555 2.98986
      vertex -4 -6.55011 2.81328
    endloop
  endfacet
  facet normal -0 0.514098 0.857732
    outer loop
      vertex -4 -9.84989 2.81328
      vertex 4 -10.1445 2.98986
      vertex 4 -9.84989 2.81328
    endloop
  endfacet
  facet normal 0 0.514098 0.857732
    outer loop
      vertex 4 -10.1445 2.98986
      vertex -4 -9.84989 2.81328
      vertex -4 -10.1445 2.98986
    endloop
  endfacet
  facet normal 0 -0.671581 0.740931
    outer loop
      vertex -4 -5.72513 3.42513
      vertex 4 -5.97962 3.19446
      vertex 4 -5.72513 3.42513
    endloop
  endfacet
  facet normal 0 -0.671581 0.740931
    outer loop
      vertex 4 -5.97962 3.19446
      vertex -4 -5.72513 3.42513
      vertex -4 -5.97962 3.19446
    endloop
  endfacet
  facet normal 0 -0.989176 0.146734
    outer loop
      vertex -4 -4.76725 5.21718
      vertex 4 -4.71685 5.55694
      vertex -4 -4.71685 5.55694
    endloop
  endfacet
  facet normal 0 -0.989176 0.146734
    outer loop
      vertex 4 -4.71685 5.55694
      vertex -4 -4.76725 5.21718
      vertex 4 -4.76725 5.21718
    endloop
  endfacet
  facet normal 0 -1 0
    outer loop
      vertex -4 -4.7 5.9
      vertex 4 -4.7 10.3922
      vertex -4 -4.7 10.3922
    endloop
  endfacet
  facet normal 0 -1 -0
    outer loop
      vertex 4 -4.7 10.3922
      vertex -4 -4.7 5.9
      vertex 4 -4.7 5.9
    endloop
  endfacet
  facet normal 0 1 -0
    outer loop
      vertex 4 -11.7 5.9
      vertex -4 -11.7 10.3922
      vertex 4 -11.7 10.3922
    endloop
  endfacet
  facet normal 0 1 0
    outer loop
      vertex -4 -11.7 10.3922
      vertex 4 -11.7 5.9
      vertex -4 -11.7 5.9
    endloop
  endfacet
  facet normal -0.989185 -0.146676 0
    outer loop
      vertex 1.64205 0.161728 0
      vertex 1.6183 0.321898 2.4
      vertex 1.6183 0.321898 0
    endloop
  endfacet
  facet normal -0.989185 -0.146676 0
    outer loop
      vertex 1.6183 0.321898 2.4
      vertex 1.64205 0.161728 0
      vertex 1.64205 0.161728 2.4
    endloop
  endfacet
  facet normal -0.998794 -0.0490973 0
    outer loop
      vertex 1.65 0 0
      vertex 1.64205 0.161728 2.4
      vertex 1.64205 0.161728 0
    endloop
  endfacet
  facet normal -0.998794 -0.0490973 0
    outer loop
      vertex 1.64205 0.161728 2.4
      vertex 1.65 0 0
      vertex 1.65 0 2.4
    endloop
  endfacet
  facet normal -0.970023 -0.243012 0
    outer loop
      vertex 1.6183 0.321898 0
      vertex 1.57895 0.47897 2.4
      vertex 1.57895 0.47897 0
    endloop
  endfacet
  facet normal -0.970023 -0.243012 0
    outer loop
      vertex 1.57895 0.47897 2.4
      vertex 1.6183 0.321898 0
      vertex 1.6183 0.321898 2.4
    endloop
  endfacet
  facet normal -0.903992 -0.427549 0
    outer loop
      vertex 1.5244 0.631427 0
      vertex 1.45517 0.777804 2.4
      vertex 1.45517 0.777804 0
    endloop
  endfacet
  facet normal -0.903992 -0.427549 0
    outer loop
      vertex 1.45517 0.777804 2.4
      vertex 1.5244 0.631427 0
      vertex 1.5244 0.631427 2.4
    endloop
  endfacet
  facet normal -0.427549 0.903992 0
    outer loop
      vertex 0.777804 -1.45517 0
      vertex 0.631427 -1.5244 2.4
      vertex 0.777804 -1.45517 2.4
    endloop
  endfacet
  facet normal -0.427549 0.903992 0
    outer loop
      vertex 0.631427 -1.5244 2.4
      vertex 0.777804 -1.45517 0
      vertex 0.631427 -1.5244 0
    endloop
  endfacet
  facet normal -0.33689 0.941544 0
    outer loop
      vertex 0.631427 -1.5244 0
      vertex 0.47897 -1.57895 2.4
      vertex 0.631427 -1.5244 2.4
    endloop
  endfacet
  facet normal -0.33689 0.941544 0
    outer loop
      vertex 0.47897 -1.57895 2.4
      vertex 0.631427 -1.5244 0
      vertex 0.47897 -1.57895 0
    endloop
  endfacet
  facet normal -0.0490973 -0.998794 0
    outer loop
      vertex 0 1.65 0
      vertex 0.161728 1.64205 2.4
      vertex 0 1.65 2.4
    endloop
  endfacet
  facet normal -0.0490973 -0.998794 -0
    outer loop
      vertex 0.161728 1.64205 2.4
      vertex 0 1.65 0
      vertex 0.161728 1.64205 0
    endloop
  endfacet
  facet normal -0.146676 0.989185 0
    outer loop
      vertex 0.321898 -1.6183 0
      vertex 0.161728 -1.64205 2.4
      vertex 0.321898 -1.6183 2.4
    endloop
  endfacet
  facet normal -0.146676 0.989185 0
    outer loop
      vertex 0.161728 -1.64205 2.4
      vertex 0.321898 -1.6183 0
      vertex 0.161728 -1.64205 0
    endloop
  endfacet
  facet normal 0.0490973 0.998794 -0
    outer loop
      vertex 0 -1.65 0
      vertex -0.161728 -1.64205 2.4
      vertex 0 -1.65 2.4
    endloop
  endfacet
  facet normal 0.0490973 0.998794 0
    outer loop
      vertex -0.161728 -1.64205 2.4
      vertex 0 -1.65 0
      vertex -0.161728 -1.64205 0
    endloop
  endfacet
  facet normal 0.803232 -0.595666 0
    outer loop
      vertex -1.37192 0.916691 2.4
      vertex -1.27547 1.04675 0
      vertex -1.27547 1.04675 2.4
    endloop
  endfacet
  facet normal 0.803232 -0.595666 0
    outer loop
      vertex -1.27547 1.04675 0
      vertex -1.37192 0.916691 2.4
      vertex -1.37192 0.916691 0
    endloop
  endfacet
  facet normal 0.989185 -0.146676 0
    outer loop
      vertex -1.64205 0.161728 2.4
      vertex -1.6183 0.321898 0
      vertex -1.6183 0.321898 2.4
    endloop
  endfacet
  facet normal 0.989185 -0.146676 0
    outer loop
      vertex -1.6183 0.321898 0
      vertex -1.64205 0.161728 2.4
      vertex -1.64205 0.161728 0
    endloop
  endfacet
  facet normal 0.671547 0.740962 -0
    outer loop
      vertex -1.04675 -1.27547 0
      vertex -1.16673 -1.16673 2.4
      vertex -1.04675 -1.27547 2.4
    endloop
  endfacet
  facet normal 0.671547 0.740962 0
    outer loop
      vertex -1.16673 -1.16673 2.4
      vertex -1.04675 -1.27547 0
      vertex -1.16673 -1.16673 0
    endloop
  endfacet
  facet normal -0.803232 -0.595666 0
    outer loop
      vertex 1.37192 0.916691 0
      vertex 1.27547 1.04675 2.4
      vertex 1.27547 1.04675 0
    endloop
  endfacet
  facet normal -0.803232 -0.595666 0
    outer loop
      vertex 1.27547 1.04675 2.4
      vertex 1.37192 0.916691 0
      vertex 1.37192 0.916691 2.4
    endloop
  endfacet
  facet normal -0.514122 0.857717 0
    outer loop
      vertex 0.916691 -1.37192 0
      vertex 0.777804 -1.45517 2.4
      vertex 0.916691 -1.37192 2.4
    endloop
  endfacet
  facet normal -0.514122 0.857717 0
    outer loop
      vertex 0.777804 -1.45517 2.4
      vertex 0.916691 -1.37192 0
      vertex 0.777804 -1.45517 0
    endloop
  endfacet
  facet normal 0.33689 0.941544 -0
    outer loop
      vertex -0.47897 -1.57895 0
      vertex -0.631427 -1.5244 2.4
      vertex -0.47897 -1.57895 2.4
    endloop
  endfacet
  facet normal 0.33689 0.941544 0
    outer loop
      vertex -0.631427 -1.5244 2.4
      vertex -0.47897 -1.57895 0
      vertex -0.631427 -1.5244 0
    endloop
  endfacet
  facet normal -0.740962 0.671547 0
    outer loop
      vertex 1.16673 -1.16673 0
      vertex 1.27547 -1.04675 2.4
      vertex 1.27547 -1.04675 0
    endloop
  endfacet
  facet normal -0.740962 0.671547 0
    outer loop
      vertex 1.27547 -1.04675 2.4
      vertex 1.16673 -1.16673 0
      vertex 1.16673 -1.16673 2.4
    endloop
  endfacet
  facet normal 0.941544 -0.33689 0
    outer loop
      vertex -1.57895 0.47897 2.4
      vertex -1.5244 0.631427 0
      vertex -1.5244 0.631427 2.4
    endloop
  endfacet
  facet normal 0.941544 -0.33689 0
    outer loop
      vertex -1.5244 0.631427 0
      vertex -1.57895 0.47897 2.4
      vertex -1.57895 0.47897 0
    endloop
  endfacet
  facet normal -0.514122 -0.857717 0
    outer loop
      vertex 0.777804 1.45517 0
      vertex 0.916691 1.37192 2.4
      vertex 0.777804 1.45517 2.4
    endloop
  endfacet
  facet normal -0.514122 -0.857717 -0
    outer loop
      vertex 0.916691 1.37192 2.4
      vertex 0.777804 1.45517 0
      vertex 0.916691 1.37192 0
    endloop
  endfacet
  facet normal -0.427549 -0.903992 0
    outer loop
      vertex 0.631427 1.5244 0
      vertex 0.777804 1.45517 2.4
      vertex 0.631427 1.5244 2.4
    endloop
  endfacet
  facet normal -0.427549 -0.903992 -0
    outer loop
      vertex 0.777804 1.45517 2.4
      vertex 0.631427 1.5244 0
      vertex 0.777804 1.45517 0
    endloop
  endfacet
  facet normal -0.970023 0.243012 0
    outer loop
      vertex 1.57895 -0.47897 0
      vertex 1.6183 -0.321898 2.4
      vertex 1.6183 -0.321898 0
    endloop
  endfacet
  facet normal -0.970023 0.243012 0
    outer loop
      vertex 1.6183 -0.321898 2.4
      vertex 1.57895 -0.47897 0
      vertex 1.57895 -0.47897 2.4
    endloop
  endfacet
  facet normal 0.514122 -0.857717 0
    outer loop
      vertex -0.916691 1.37192 0
      vertex -0.777804 1.45517 2.4
      vertex -0.916691 1.37192 2.4
    endloop
  endfacet
  facet normal 0.514122 -0.857717 0
    outer loop
      vertex -0.777804 1.45517 2.4
      vertex -0.916691 1.37192 0
      vertex -0.777804 1.45517 0
    endloop
  endfacet
  facet normal 0.33689 -0.941544 0
    outer loop
      vertex -0.631427 1.5244 0
      vertex -0.47897 1.57895 2.4
      vertex -0.631427 1.5244 2.4
    endloop
  endfacet
  facet normal 0.33689 -0.941544 0
    outer loop
      vertex -0.47897 1.57895 2.4
      vertex -0.631427 1.5244 0
      vertex -0.47897 1.57895 0
    endloop
  endfacet
  facet normal 0.998794 0.0490973 0
    outer loop
      vertex -1.64205 -0.161728 2.4
      vertex -1.65 0 0
      vertex -1.65 0 2.4
    endloop
  endfacet
  facet normal 0.998794 0.0490973 0
    outer loop
      vertex -1.65 0 0
      vertex -1.64205 -0.161728 2.4
      vertex -1.64205 -0.161728 0
    endloop
  endfacet
  facet normal -0.33689 -0.941544 0
    outer loop
      vertex 0.47897 1.57895 0
      vertex 0.631427 1.5244 2.4
      vertex 0.47897 1.57895 2.4
    endloop
  endfacet
  facet normal -0.33689 -0.941544 -0
    outer loop
      vertex 0.631427 1.5244 2.4
      vertex 0.47897 1.57895 0
      vertex 0.631427 1.5244 0
    endloop
  endfacet
  facet normal 0.595666 -0.803232 0
    outer loop
      vertex -1.04675 1.27547 0
      vertex -0.916691 1.37192 2.4
      vertex -1.04675 1.27547 2.4
    endloop
  endfacet
  facet normal 0.595666 -0.803232 0
    outer loop
      vertex -0.916691 1.37192 2.4
      vertex -1.04675 1.27547 0
      vertex -0.916691 1.37192 0
    endloop
  endfacet
  facet normal 0.941544 0.33689 0
    outer loop
      vertex -1.5244 -0.631427 2.4
      vertex -1.57895 -0.47897 0
      vertex -1.57895 -0.47897 2.4
    endloop
  endfacet
  facet normal 0.941544 0.33689 0
    outer loop
      vertex -1.57895 -0.47897 0
      vertex -1.5244 -0.631427 2.4
      vertex -1.5244 -0.631427 0
    endloop
  endfacet
  facet normal 0.970023 -0.243012 0
    outer loop
      vertex -1.6183 0.321898 2.4
      vertex -1.57895 0.47897 0
      vertex -1.57895 0.47897 2.4
    endloop
  endfacet
  facet normal 0.970023 -0.243012 0
    outer loop
      vertex -1.57895 0.47897 0
      vertex -1.6183 0.321898 2.4
      vertex -1.6183 0.321898 0
    endloop
  endfacet
  facet normal -0.671547 -0.740962 0
    outer loop
      vertex 1.04675 1.27547 0
      vertex 1.16673 1.16673 2.4
      vertex 1.04675 1.27547 2.4
    endloop
  endfacet
  facet normal -0.671547 -0.740962 -0
    outer loop
      vertex 1.16673 1.16673 2.4
      vertex 1.04675 1.27547 0
      vertex 1.16673 1.16673 0
    endloop
  endfacet
  facet normal -0.989185 0.146676 0
    outer loop
      vertex 1.6183 -0.321898 0
      vertex 1.64205 -0.161728 2.4
      vertex 1.64205 -0.161728 0
    endloop
  endfacet
  facet normal -0.989185 0.146676 0
    outer loop
      vertex 1.64205 -0.161728 2.4
      vertex 1.6183 -0.321898 0
      vertex 1.6183 -0.321898 2.4
    endloop
  endfacet
  facet normal -0.998794 0.0490973 0
    outer loop
      vertex 1.64205 -0.161728 0
      vertex 1.65 0 2.4
      vertex 1.65 0 0
    endloop
  endfacet
  facet normal -0.998794 0.0490973 0
    outer loop
      vertex 1.65 0 2.4
      vertex 1.64205 -0.161728 0
      vertex 1.64205 -0.161728 2.4
    endloop
  endfacet
  facet normal -0.941544 0.33689 0
    outer loop
      vertex 1.5244 -0.631427 0
      vertex 1.57895 -0.47897 2.4
      vertex 1.57895 -0.47897 0
    endloop
  endfacet
  facet normal -0.941544 0.33689 0
    outer loop
      vertex 1.57895 -0.47897 2.4
      vertex 1.5244 -0.631427 0
      vertex 1.5244 -0.631427 2.4
    endloop
  endfacet
  facet normal 0.989185 0.146676 0
    outer loop
      vertex -1.6183 -0.321898 2.4
      vertex -1.64205 -0.161728 0
      vertex -1.64205 -0.161728 2.4
    endloop
  endfacet
  facet normal 0.989185 0.146676 0
    outer loop
      vertex -1.64205 -0.161728 0
      vertex -1.6183 -0.321898 2.4
      vertex -1.6183 -0.321898 0
    endloop
  endfacet
  facet normal 0.146676 0.989185 -0
    outer loop
      vertex -0.161728 -1.64205 0
      vertex -0.321898 -1.6183 2.4
      vertex -0.161728 -1.64205 2.4
    endloop
  endfacet
  facet normal 0.146676 0.989185 0
    outer loop
      vertex -0.321898 -1.6183 2.4
      vertex -0.161728 -1.64205 0
      vertex -0.321898 -1.6183 0
    endloop
  endfacet
  facet normal 0.146676 -0.989185 0
    outer loop
      vertex -0.321898 1.6183 0
      vertex -0.161728 1.64205 2.4
      vertex -0.321898 1.6183 2.4
    endloop
  endfacet
  facet normal 0.146676 -0.989185 0
    outer loop
      vertex -0.161728 1.64205 2.4
      vertex -0.321898 1.6183 0
      vertex -0.161728 1.64205 0
    endloop
  endfacet
  facet normal -0.857717 0.514122 0
    outer loop
      vertex 1.37192 -0.916691 0
      vertex 1.45517 -0.777804 2.4
      vertex 1.45517 -0.777804 0
    endloop
  endfacet
  facet normal -0.857717 0.514122 0
    outer loop
      vertex 1.45517 -0.777804 2.4
      vertex 1.37192 -0.916691 0
      vertex 1.37192 -0.916691 2.4
    endloop
  endfacet
  facet normal -0.941544 -0.33689 0
    outer loop
      vertex 1.57895 0.47897 0
      vertex 1.5244 0.631427 2.4
      vertex 1.5244 0.631427 0
    endloop
  endfacet
  facet normal -0.941544 -0.33689 0
    outer loop
      vertex 1.5244 0.631427 2.4
      vertex 1.57895 0.47897 0
      vertex 1.57895 0.47897 2.4
    endloop
  endfacet
  facet normal 0.857717 0.514122 0
    outer loop
      vertex -1.37192 -0.916691 2.4
      vertex -1.45517 -0.777804 0
      vertex -1.45517 -0.777804 2.4
    endloop
  endfacet
  facet normal 0.857717 0.514122 0
    outer loop
      vertex -1.45517 -0.777804 0
      vertex -1.37192 -0.916691 2.4
      vertex -1.37192 -0.916691 0
    endloop
  endfacet
  facet normal -0.243012 0.970023 0
    outer loop
      vertex 0.47897 -1.57895 0
      vertex 0.321898 -1.6183 2.4
      vertex 0.47897 -1.57895 2.4
    endloop
  endfacet
  facet normal -0.243012 0.970023 0
    outer loop
      vertex 0.321898 -1.6183 2.4
      vertex 0.47897 -1.57895 0
      vertex 0.321898 -1.6183 0
    endloop
  endfacet
  facet normal -0.740962 -0.671547 0
    outer loop
      vertex 1.27547 1.04675 0
      vertex 1.16673 1.16673 2.4
      vertex 1.16673 1.16673 0
    endloop
  endfacet
  facet normal -0.740962 -0.671547 0
    outer loop
      vertex 1.16673 1.16673 2.4
      vertex 1.27547 1.04675 0
      vertex 1.27547 1.04675 2.4
    endloop
  endfacet
  facet normal -0.595666 -0.803232 0
    outer loop
      vertex 0.916691 1.37192 0
      vertex 1.04675 1.27547 2.4
      vertex 0.916691 1.37192 2.4
    endloop
  endfacet
  facet normal -0.595666 -0.803232 -0
    outer loop
      vertex 1.04675 1.27547 2.4
      vertex 0.916691 1.37192 0
      vertex 1.04675 1.27547 0
    endloop
  endfacet
  facet normal 0.427549 0.903992 -0
    outer loop
      vertex -0.631427 -1.5244 0
      vertex -0.777804 -1.45517 2.4
      vertex -0.631427 -1.5244 2.4
    endloop
  endfacet
  facet normal 0.427549 0.903992 0
    outer loop
      vertex -0.777804 -1.45517 2.4
      vertex -0.631427 -1.5244 0
      vertex -0.777804 -1.45517 0
    endloop
  endfacet
  facet normal -0.857717 -0.514122 0
    outer loop
      vertex 1.45517 0.777804 0
      vertex 1.37192 0.916691 2.4
      vertex 1.37192 0.916691 0
    endloop
  endfacet
  facet normal -0.857717 -0.514122 0
    outer loop
      vertex 1.37192 0.916691 2.4
      vertex 1.45517 0.777804 0
      vertex 1.45517 0.777804 2.4
    endloop
  endfacet
  facet normal 0.671547 -0.740962 0
    outer loop
      vertex -1.16673 1.16673 0
      vertex -1.04675 1.27547 2.4
      vertex -1.16673 1.16673 2.4
    endloop
  endfacet
  facet normal 0.671547 -0.740962 0
    outer loop
      vertex -1.04675 1.27547 2.4
      vertex -1.16673 1.16673 0
      vertex -1.04675 1.27547 0
    endloop
  endfacet
  facet normal 0.427549 -0.903992 0
    outer loop
      vertex -0.777804 1.45517 0
      vertex -0.631427 1.5244 2.4
      vertex -0.777804 1.45517 2.4
    endloop
  endfacet
  facet normal 0.427549 -0.903992 0
    outer loop
      vertex -0.631427 1.5244 2.4
      vertex -0.777804 1.45517 0
      vertex -0.631427 1.5244 0
    endloop
  endfacet
  facet normal -0.803232 0.595666 0
    outer loop
      vertex 1.27547 -1.04675 0
      vertex 1.37192 -0.916691 2.4
      vertex 1.37192 -0.916691 0
    endloop
  endfacet
  facet normal -0.803232 0.595666 0
    outer loop
      vertex 1.37192 -0.916691 2.4
      vertex 1.27547 -1.04675 0
      vertex 1.27547 -1.04675 2.4
    endloop
  endfacet
  facet normal 0.243012 -0.970023 0
    outer loop
      vertex -0.47897 1.57895 0
      vertex -0.321898 1.6183 2.4
      vertex -0.47897 1.57895 2.4
    endloop
  endfacet
  facet normal 0.243012 -0.970023 0
    outer loop
      vertex -0.321898 1.6183 2.4
      vertex -0.47897 1.57895 0
      vertex -0.321898 1.6183 0
    endloop
  endfacet
  facet normal 0.803232 0.595666 0
    outer loop
      vertex -1.27547 -1.04675 2.4
      vertex -1.37192 -0.916691 0
      vertex -1.37192 -0.916691 2.4
    endloop
  endfacet
  facet normal 0.803232 0.595666 0
    outer loop
      vertex -1.37192 -0.916691 0
      vertex -1.27547 -1.04675 2.4
      vertex -1.27547 -1.04675 0
    endloop
  endfacet
  facet normal 0.740962 0.671547 0
    outer loop
      vertex -1.16673 -1.16673 2.4
      vertex -1.27547 -1.04675 0
      vertex -1.27547 -1.04675 2.4
    endloop
  endfacet
  facet normal 0.740962 0.671547 0
    outer loop
      vertex -1.27547 -1.04675 0
      vertex -1.16673 -1.16673 2.4
      vertex -1.16673 -1.16673 0
    endloop
  endfacet
  facet normal 0.514122 0.857717 -0
    outer loop
      vertex -0.777804 -1.45517 0
      vertex -0.916691 -1.37192 2.4
      vertex -0.777804 -1.45517 2.4
    endloop
  endfacet
  facet normal 0.514122 0.857717 0
    outer loop
      vertex -0.916691 -1.37192 2.4
      vertex -0.777804 -1.45517 0
      vertex -0.916691 -1.37192 0
    endloop
  endfacet
  facet normal 0.970023 0.243012 0
    outer loop
      vertex -1.57895 -0.47897 2.4
      vertex -1.6183 -0.321898 0
      vertex -1.6183 -0.321898 2.4
    endloop
  endfacet
  facet normal 0.970023 0.243012 0
    outer loop
      vertex -1.6183 -0.321898 0
      vertex -1.57895 -0.47897 2.4
      vertex -1.57895 -0.47897 0
    endloop
  endfacet
  facet normal 0.595666 0.803232 -0
    outer loop
      vertex -0.916691 -1.37192 0
      vertex -1.04675 -1.27547 2.4
      vertex -0.916691 -1.37192 2.4
    endloop
  endfacet
  facet normal 0.595666 0.803232 0
    outer loop
      vertex -1.04675 -1.27547 2.4
      vertex -0.916691 -1.37192 0
      vertex -1.04675 -1.27547 0
    endloop
  endfacet
  facet normal 0.0490973 -0.998794 0
    outer loop
      vertex -0.161728 1.64205 0
      vertex 0 1.65 2.4
      vertex -0.161728 1.64205 2.4
    endloop
  endfacet
  facet normal 0.0490973 -0.998794 0
    outer loop
      vertex 0 1.65 2.4
      vertex -0.161728 1.64205 0
      vertex 0 1.65 0
    endloop
  endfacet
  facet normal 0.243012 0.970023 -0
    outer loop
      vertex -0.321898 -1.6183 0
      vertex -0.47897 -1.57895 2.4
      vertex -0.321898 -1.6183 2.4
    endloop
  endfacet
  facet normal 0.243012 0.970023 0
    outer loop
      vertex -0.47897 -1.57895 2.4
      vertex -0.321898 -1.6183 0
      vertex -0.47897 -1.57895 0
    endloop
  endfacet
  facet normal -0.243012 -0.970023 0
    outer loop
      vertex 0.321898 1.6183 0
      vertex 0.47897 1.57895 2.4
      vertex 0.321898 1.6183 2.4
    endloop
  endfacet
  facet normal -0.243012 -0.970023 -0
    outer loop
      vertex 0.47897 1.57895 2.4
      vertex 0.321898 1.6183 0
      vertex 0.47897 1.57895 0
    endloop
  endfacet
  facet normal -0.0490973 0.998794 0
    outer loop
      vertex 0.161728 -1.64205 0
      vertex 0 -1.65 2.4
      vertex 0.161728 -1.64205 2.4
    endloop
  endfacet
  facet normal -0.0490973 0.998794 0
    outer loop
      vertex 0 -1.65 2.4
      vertex 0.161728 -1.64205 0
      vertex 0 -1.65 0
    endloop
  endfacet
  facet normal -0.595666 0.803232 0
    outer loop
      vertex 1.04675 -1.27547 0
      vertex 0.916691 -1.37192 2.4
      vertex 1.04675 -1.27547 2.4
    endloop
  endfacet
  facet normal -0.595666 0.803232 0
    outer loop
      vertex 0.916691 -1.37192 2.4
      vertex 1.04675 -1.27547 0
      vertex 0.916691 -1.37192 0
    endloop
  endfacet
  facet normal 0.857717 -0.514122 0
    outer loop
      vertex -1.45517 0.777804 2.4
      vertex -1.37192 0.916691 0
      vertex -1.37192 0.916691 2.4
    endloop
  endfacet
  facet normal 0.857717 -0.514122 0
    outer loop
      vertex -1.37192 0.916691 0
      vertex -1.45517 0.777804 2.4
      vertex -1.45517 0.777804 0
    endloop
  endfacet
  facet normal -0.671547 0.740962 0
    outer loop
      vertex 1.16673 -1.16673 0
      vertex 1.04675 -1.27547 2.4
      vertex 1.16673 -1.16673 2.4
    endloop
  endfacet
  facet normal -0.671547 0.740962 0
    outer loop
      vertex 1.04675 -1.27547 2.4
      vertex 1.16673 -1.16673 0
      vertex 1.04675 -1.27547 0
    endloop
  endfacet
  facet normal 0.903992 -0.427549 0
    outer loop
      vertex -1.5244 0.631427 2.4
      vertex -1.45517 0.777804 0
      vertex -1.45517 0.777804 2.4
    endloop
  endfacet
  facet normal 0.903992 -0.427549 0
    outer loop
      vertex -1.45517 0.777804 0
      vertex -1.5244 0.631427 2.4
      vertex -1.5244 0.631427 0
    endloop
  endfacet
  facet normal -0.903992 0.427549 0
    outer loop
      vertex 1.45517 -0.777804 0
      vertex 1.5244 -0.631427 2.4
      vertex 1.5244 -0.631427 0
    endloop
  endfacet
  facet normal -0.903992 0.427549 0
    outer loop
      vertex 1.5244 -0.631427 2.4
      vertex 1.45517 -0.777804 0
      vertex 1.45517 -0.777804 2.4
    endloop
  endfacet
  facet normal -0.146676 -0.989185 0
    outer loop
      vertex 0.161728 1.64205 0
      vertex 0.321898 1.6183 2.4
      vertex 0.161728 1.64205 2.4
    endloop
  endfacet
  facet normal -0.146676 -0.989185 -0
    outer loop
      vertex 0.321898 1.6183 2.4
      vertex 0.161728 1.64205 0
      vertex 0.321898 1.6183 0
    endloop
  endfacet
  facet normal 0.998794 -0.0490973 0
    outer loop
      vertex -1.65 0 2.4
      vertex -1.64205 0.161728 0
      vertex -1.64205 0.161728 2.4
    endloop
  endfacet
  facet normal 0.998794 -0.0490973 0
    outer loop
      vertex -1.64205 0.161728 0
      vertex -1.65 0 2.4
      vertex -1.65 0 0
    endloop
  endfacet
  facet normal 0.903992 0.427549 0
    outer loop
      vertex -1.45517 -0.777804 2.4
      vertex -1.5244 -0.631427 0
      vertex -1.5244 -0.631427 2.4
    endloop
  endfacet
  facet normal 0.903992 0.427549 0
    outer loop
      vertex -1.5244 -0.631427 0
      vertex -1.45517 -0.777804 2.4
      vertex -1.45517 -0.777804 0
    endloop
  endfacet
  facet normal 0.740962 -0.671547 0
    outer loop
      vertex -1.27547 1.04675 2.4
      vertex -1.16673 1.16673 0
      vertex -1.16673 1.16673 2.4
    endloop
  endfacet
  facet normal 0.740962 -0.671547 0
    outer loop
      vertex -1.16673 1.16673 0
      vertex -1.27547 1.04675 2.4
      vertex -1.27547 1.04675 0
    endloop
  endfacet
endsolid OpenSCAD_Model
