solid OpenSCAD_Model
  facet normal -0.997859 0 -0.065402
    outer loop
      vertex -7.93156 4 -1.04421
      vertex -8 0 0
      vertex -8 4 0
    endloop
  endfacet
  facet normal -0.997859 0 -0.065402
    outer loop
      vertex -7.93156 -4 -1.04421
      vertex -8 0 0
      vertex -7.93156 4 -1.04421
    endloop
  endfacet
  facet normal -0.997859 -0 -0.065402
    outer loop
      vertex -8 0 0
      vertex -7.93156 -4 -1.04421
      vertex -8 -4 0
    endloop
  endfacet
  facet normal 0.065402 0 -0.997859
    outer loop
      vertex 0 -4 -8
      vertex 1.04421 4 -7.93156
      vertex 1.04421 -4 -7.93156
    endloop
  endfacet
  facet normal 0.065402 0 -0.997859
    outer loop
      vertex 1.04421 4 -7.93156
      vertex 0 -4 -8
      vertex 0 4 -8
    endloop
  endfacet
  facet normal 0.195089 0 -0.980786
    outer loop
      vertex 1.04421 -4 -7.93156
      vertex 2.07055 4 -7.72741
      vertex 2.07055 -4 -7.72741
    endloop
  endfacet
  facet normal 0.195089 0 -0.980786
    outer loop
      vertex 2.07055 4 -7.72741
      vertex 1.04421 -4 -7.93156
      vertex 1.04421 4 -7.93156
    endloop
  endfacet
  facet normal -0.751835 0 -0.659351
    outer loop
      vertex -5.65685 -4 -5.65685
      vertex -6.34683 4 -4.87009
      vertex -5.65685 4 -5.65685
    endloop
  endfacet
  facet normal -0.751835 -0 -0.659351
    outer loop
      vertex -6.34683 4 -4.87009
      vertex -5.65685 -4 -5.65685
      vertex -6.34683 -4 -4.87009
    endloop
  endfacet
  facet normal 0.659349 0 -0.751837
    outer loop
      vertex 4.87009 -4 -6.34683
      vertex 5.26557 4 -6
      vertex 5.26557 -4 -6
    endloop
  endfacet
  facet normal 0.659349 0 -0.751837
    outer loop
      vertex 5.26557 4 -6
      vertex 4.87009 -4 -6.34683
      vertex 4.87009 4 -6.34683
    endloop
  endfacet
  facet normal -0.321438 0 -0.946931
    outer loop
      vertex -3.06147 -4 -7.39104
      vertex -2.07055 4 -7.72741
      vertex -2.07055 -4 -7.72741
    endloop
  endfacet
  facet normal -0.321438 0 -0.946931
    outer loop
      vertex -2.07055 4 -7.72741
      vertex -3.06147 -4 -7.39104
      vertex -3.06147 4 -7.39104
    endloop
  endfacet
  facet normal -0.980786 0 -0.195089
    outer loop
      vertex -7.72741 -4 -2.07055
      vertex -7.93156 4 -1.04421
      vertex -7.72741 4 -2.07055
    endloop
  endfacet
  facet normal -0.980786 -0 -0.195089
    outer loop
      vertex -7.93156 4 -1.04421
      vertex -7.72741 -4 -2.07055
      vertex -7.93156 -4 -1.04421
    endloop
  endfacet
  facet normal -0.442295 0 -0.89687
    outer loop
      vertex -4 -4 -6.9282
      vertex -3.06147 4 -7.39104
      vertex -3.06147 -4 -7.39104
    endloop
  endfacet
  facet normal -0.442295 0 -0.89687
    outer loop
      vertex -3.06147 4 -7.39104
      vertex -4 -4 -6.9282
      vertex -4 4 -6.9282
    endloop
  endfacet
  facet normal -0.555567 0 -0.831472
    outer loop
      vertex -4.87009 -4 -6.34683
      vertex -4 4 -6.9282
      vertex -4 -4 -6.9282
    endloop
  endfacet
  facet normal -0.555567 0 -0.831472
    outer loop
      vertex -4 4 -6.9282
      vertex -4.87009 -4 -6.34683
      vertex -4.87009 4 -6.34683
    endloop
  endfacet
  facet normal 0.321438 0 -0.946931
    outer loop
      vertex 2.07055 -4 -7.72741
      vertex 3.06147 4 -7.39104
      vertex 3.06147 -4 -7.39104
    endloop
  endfacet
  facet normal 0.321438 0 -0.946931
    outer loop
      vertex 3.06147 4 -7.39104
      vertex 2.07055 -4 -7.72741
      vertex 2.07055 4 -7.72741
    endloop
  endfacet
  facet normal -0.980786 0 0.195089
    outer loop
      vertex -7.93156 -4 1.04421
      vertex -7.72741 -2.07055 2.07055
      vertex -7.93156 -1.04421 1.04421
    endloop
  endfacet
  facet normal -0.980786 0 0.195089
    outer loop
      vertex -7.72741 -2.07055 2.07055
      vertex -7.93156 -4 1.04421
      vertex -7.72741 -4 2.07055
    endloop
  endfacet
  facet normal -0.980786 0 0.195089
    outer loop
      vertex -7.93156 4 1.04421
      vertex -7.72741 2.07055 2.07055
      vertex -7.72741 4 2.07055
    endloop
  endfacet
  facet normal -0.980786 0 0.195089
    outer loop
      vertex -7.72741 2.07055 2.07055
      vertex -7.93156 4 1.04421
      vertex -7.93156 1.04421 1.04421
    endloop
  endfacet
  facet normal -0.89687 0 -0.442295
    outer loop
      vertex -6.9282 -4 -4
      vertex -7.39104 4 -3.06147
      vertex -6.9282 4 -4
    endloop
  endfacet
  facet normal -0.89687 -0 -0.442295
    outer loop
      vertex -7.39104 4 -3.06147
      vertex -6.9282 -4 -4
      vertex -7.39104 -4 -3.06147
    endloop
  endfacet
  facet normal -0.659351 0 -0.751835
    outer loop
      vertex -5.65685 -4 -5.65685
      vertex -4.87009 4 -6.34683
      vertex -4.87009 -4 -6.34683
    endloop
  endfacet
  facet normal -0.659351 0 -0.751835
    outer loop
      vertex -4.87009 4 -6.34683
      vertex -5.65685 -4 -5.65685
      vertex -5.65685 4 -5.65685
    endloop
  endfacet
  facet normal -0.946931 0 -0.321438
    outer loop
      vertex -7.39104 -4 -3.06147
      vertex -7.72741 4 -2.07055
      vertex -7.39104 4 -3.06147
    endloop
  endfacet
  facet normal -0.946931 -0 -0.321438
    outer loop
      vertex -7.72741 4 -2.07055
      vertex -7.39104 -4 -3.06147
      vertex -7.72741 -4 -2.07055
    endloop
  endfacet
  facet normal 0 1 -0
    outer loop
      vertex 29.6332 4 -8.69275
      vertex 15.892 4 -6
      vertex 30.108 4 -6
    endloop
  endfacet
  facet normal 0 1 0
    outer loop
      vertex 15.892 4 -6
      vertex 29.6332 4 -8.69275
      vertex 15.8459 4 -6.26167
    endloop
  endfacet
  facet normal 0 1 -0
    outer loop
      vertex 15.892 4 -6
      vertex 6.9282 4 5.14565
      vertex 31 4 2
    endloop
  endfacet
  facet normal 0 1 0
    outer loop
      vertex 6.9282 4 0
      vertex 5.0068 4 -0.659157
      vertex 5.05 4 0
    endloop
  endfacet
  facet normal 0 1 0
    outer loop
      vertex 6.9282 4 5.14565
      vertex 15.892 4 -6
      vertex 6.9282 4 0
    endloop
  endfacet
  facet normal 0 1 0
    outer loop
      vertex 5.26557 4 -6
      vertex 6.9282 4 0
      vertex 15.892 4 -6
    endloop
  endfacet
  facet normal 0 1 0
    outer loop
      vertex 6.9282 4 0
      vertex 4.87792 4 -1.30704
      vertex 5.0068 4 -0.659157
    endloop
  endfacet
  facet normal -0 1 0
    outer loop
      vertex 4.66559 4 -1.93255
      vertex 6.9282 4 0
      vertex 5.26557 4 -6
    endloop
  endfacet
  facet normal 0 1 0
    outer loop
      vertex 6.9282 4 0
      vertex 4.66559 4 -1.93255
      vertex 4.87792 4 -1.30704
    endloop
  endfacet
  facet normal 0 1 0
    outer loop
      vertex 4.66559 4 -1.93255
      vertex 5.26557 4 -6
      vertex 4.37343 4 -2.525
    endloop
  endfacet
  facet normal 0 1 0
    outer loop
      vertex 4.37343 4 -2.525
      vertex 5.26557 4 -6
      vertex 4.00643 4 -3.07424
    endloop
  endfacet
  facet normal 0 1 0
    outer loop
      vertex 4.00643 4 -3.07424
      vertex 5.26557 4 -6
      vertex 3.57089 4 -3.57089
    endloop
  endfacet
  facet normal 0 1 0
    outer loop
      vertex 3.57089 4 -3.57089
      vertex 5.26557 4 -6
      vertex 3.07424 4 -4.00643
    endloop
  endfacet
  facet normal 0 1 -0
    outer loop
      vertex 4.87009 4 -6.34683
      vertex 3.07424 4 -4.00643
      vertex 5.26557 4 -6
    endloop
  endfacet
  facet normal 0 1 0
    outer loop
      vertex 0 4 -8
      vertex 0 4 -5.05
      vertex 0.659157 4 -5.0068
    endloop
  endfacet
  facet normal 0 1 0
    outer loop
      vertex 30.108 4 -6
      vertex 31 4 2
      vertex 31 4 -6
    endloop
  endfacet
  facet normal 0 1 0
    outer loop
      vertex 15.892 4 -6
      vertex 31 4 2
      vertex 30.108 4 -6
    endloop
  endfacet
  facet normal 0 1 0
    outer loop
      vertex 3.07424 4 -4.00643
      vertex 4.87009 4 -6.34683
      vertex 2.525 4 -4.37343
    endloop
  endfacet
  facet normal 0 1 -0
    outer loop
      vertex 4 4 -6.9282
      vertex 2.525 4 -4.37343
      vertex 4.87009 4 -6.34683
    endloop
  endfacet
  facet normal 0 1 0
    outer loop
      vertex 2.525 4 -4.37343
      vertex 4 4 -6.9282
      vertex 1.93255 4 -4.66559
    endloop
  endfacet
  facet normal 0 1 -0
    outer loop
      vertex 3.06147 4 -7.39104
      vertex 1.93255 4 -4.66559
      vertex 4 4 -6.9282
    endloop
  endfacet
  facet normal 0 1 0
    outer loop
      vertex 1.93255 4 -4.66559
      vertex 3.06147 4 -7.39104
      vertex 1.30704 4 -4.87792
    endloop
  endfacet
  facet normal 0 1 0
    outer loop
      vertex 0 4 -5.05
      vertex -4.87009 4 -6.34683
      vertex -5.65685 4 -5.65685
    endloop
  endfacet
  facet normal 0 1 -0
    outer loop
      vertex 2.07055 4 -7.72741
      vertex 1.30704 4 -4.87792
      vertex 3.06147 4 -7.39104
    endloop
  endfacet
  facet normal 0 1 0
    outer loop
      vertex 0 4 -5.05
      vertex -4 4 -6.9282
      vertex -4.87009 4 -6.34683
    endloop
  endfacet
  facet normal 0 1 0
    outer loop
      vertex 1.30704 4 -4.87792
      vertex 2.07055 4 -7.72741
      vertex 0.659157 4 -5.0068
    endloop
  endfacet
  facet normal 0 1 0
    outer loop
      vertex 0 4 -5.05
      vertex -3.06147 4 -7.39104
      vertex -4 4 -6.9282
    endloop
  endfacet
  facet normal 0 1 -0
    outer loop
      vertex 1.04421 4 -7.93156
      vertex 0.659157 4 -5.0068
      vertex 2.07055 4 -7.72741
    endloop
  endfacet
  facet normal 0 1 0
    outer loop
      vertex 0 4 -5.05
      vertex -2.07055 4 -7.72741
      vertex -3.06147 4 -7.39104
    endloop
  endfacet
  facet normal 0 1 0
    outer loop
      vertex 0 4 -8
      vertex 0.659157 4 -5.0068
      vertex 1.04421 4 -7.93156
    endloop
  endfacet
  facet normal 0 1 0
    outer loop
      vertex 0 4 -5.05
      vertex -1.04421 4 -7.93156
      vertex -2.07055 4 -7.72741
    endloop
  endfacet
  facet normal 0 1 0
    outer loop
      vertex 0 4 -5.05
      vertex 0 4 -8
      vertex -1.04421 4 -7.93156
    endloop
  endfacet
  facet normal 0 1 0
    outer loop
      vertex -5.0068 4 -0.659157
      vertex -6.9282 4 0
      vertex -5.05 4 0
    endloop
  endfacet
  facet normal 0 1 0
    outer loop
      vertex -4.87792 4 -1.30704
      vertex -6.9282 4 0
      vertex -5.0068 4 -0.659157
    endloop
  endfacet
  facet normal 0 1 0
    outer loop
      vertex -6.9282 4 0
      vertex -7.93156 4 -1.04421
      vertex -8 4 0
    endloop
  endfacet
  facet normal 0 1 0
    outer loop
      vertex -7.72741 4 -2.07055
      vertex -6.9282 4 0
      vertex -4.87792 4 -1.30704
    endloop
  endfacet
  facet normal 0 1 0
    outer loop
      vertex -7.72741 4 -2.07055
      vertex -4.87792 4 -1.30704
      vertex -4.66559 4 -1.93255
    endloop
  endfacet
  facet normal 0 1 0
    outer loop
      vertex -6.9282 4 0
      vertex -7.72741 4 -2.07055
      vertex -7.93156 4 -1.04421
    endloop
  endfacet
  facet normal 0 1 0
    outer loop
      vertex -7.39104 4 -3.06147
      vertex -4.66559 4 -1.93255
      vertex -4.37343 4 -2.525
    endloop
  endfacet
  facet normal 0 1 0
    outer loop
      vertex -4.66559 4 -1.93255
      vertex -7.39104 4 -3.06147
      vertex -7.72741 4 -2.07055
    endloop
  endfacet
  facet normal 0 1 0
    outer loop
      vertex -6.9282 4 -4
      vertex -4.37343 4 -2.525
      vertex -4.00643 4 -3.07424
    endloop
  endfacet
  facet normal 0 1 0
    outer loop
      vertex -6.34683 4 -4.87009
      vertex -4.00643 4 -3.07424
      vertex -3.57089 4 -3.57089
    endloop
  endfacet
  facet normal 0 1 0
    outer loop
      vertex -4.37343 4 -2.525
      vertex -6.9282 4 -4
      vertex -7.39104 4 -3.06147
    endloop
  endfacet
  facet normal 0 1 0
    outer loop
      vertex -5.65685 4 -5.65685
      vertex -3.57089 4 -3.57089
      vertex -3.07424 4 -4.00643
    endloop
  endfacet
  facet normal 0 1 0
    outer loop
      vertex -5.65685 4 -5.65685
      vertex -3.07424 4 -4.00643
      vertex -2.525 4 -4.37343
    endloop
  endfacet
  facet normal 0 1 0
    outer loop
      vertex -5.65685 4 -5.65685
      vertex -2.525 4 -4.37343
      vertex -1.93255 4 -4.66559
    endloop
  endfacet
  facet normal 0 1 0
    outer loop
      vertex -4.00643 4 -3.07424
      vertex -6.34683 4 -4.87009
      vertex -6.9282 4 -4
    endloop
  endfacet
  facet normal 0 1 0
    outer loop
      vertex -5.65685 4 -5.65685
      vertex -1.93255 4 -4.66559
      vertex -1.30704 4 -4.87792
    endloop
  endfacet
  facet normal 0 1 0
    outer loop
      vertex -5.65685 4 -5.65685
      vertex -1.30704 4 -4.87792
      vertex -0.659157 4 -5.0068
    endloop
  endfacet
  facet normal 0 1 0
    outer loop
      vertex -5.65685 4 -5.65685
      vertex -0.659157 4 -5.0068
      vertex 0 4 -5.05
    endloop
  endfacet
  facet normal 0 1 0
    outer loop
      vertex -3.57089 4 -3.57089
      vertex -5.65685 4 -5.65685
      vertex -6.34683 4 -4.87009
    endloop
  endfacet
  facet normal 0 1 -0
    outer loop
      vertex -6.9282 4 0
      vertex -7.39104 4 3.06147
      vertex -6.9282 4 4
    endloop
  endfacet
  facet normal 0 1 0
    outer loop
      vertex -7.39104 4 3.06147
      vertex -6.9282 4 0
      vertex -7.72741 4 2.07055
    endloop
  endfacet
  facet normal 0 1 0
    outer loop
      vertex -7.72741 4 2.07055
      vertex -6.9282 4 0
      vertex -7.93156 4 1.04421
    endloop
  endfacet
  facet normal 0 1 0
    outer loop
      vertex -7.93156 4 1.04421
      vertex -6.9282 4 0
      vertex -8 4 0
    endloop
  endfacet
  facet normal -0.997859 0 0.065402
    outer loop
      vertex -8 -4 0
      vertex -7.93156 -1.04421 1.04421
      vertex -8 0 0
    endloop
  endfacet
  facet normal -0.997859 0 0.065402
    outer loop
      vertex -7.93156 -1.04421 1.04421
      vertex -8 -4 0
      vertex -7.93156 -4 1.04421
    endloop
  endfacet
  facet normal -0.997859 0 0.065402
    outer loop
      vertex -8 4 0
      vertex -7.93156 1.04421 1.04421
      vertex -7.93156 4 1.04421
    endloop
  endfacet
  facet normal -0.997859 0 0.065402
    outer loop
      vertex -7.93156 1.04421 1.04421
      vertex -8 4 0
      vertex -8 0 0
    endloop
  endfacet
  facet normal 0 -1 0
    outer loop
      vertex -6.9282 -4 0
      vertex -7.39104 -4 3.06147
      vertex -7.72741 -4 2.07055
    endloop
  endfacet
  facet normal 0 -1 0
    outer loop
      vertex -6.9282 -4 0
      vertex -7.72741 -4 2.07055
      vertex -7.93156 -4 1.04421
    endloop
  endfacet
  facet normal 0 -1 0
    outer loop
      vertex -6.9282 -4 0
      vertex -7.93156 -4 1.04421
      vertex -8 -4 0
    endloop
  endfacet
  facet normal 0 -1 0
    outer loop
      vertex -7.39104 -4 3.06147
      vertex -6.9282 -4 0
      vertex -6.9282 -4 4
    endloop
  endfacet
  facet normal 0 -1 0
    outer loop
      vertex -7.93156 -4 -1.04421
      vertex -6.9282 -4 0
      vertex -8 -4 0
    endloop
  endfacet
  facet normal 0 -1 0
    outer loop
      vertex -6.9282 -4 0
      vertex -5.0068 -4 -0.659157
      vertex -5.05 -4 0
    endloop
  endfacet
  facet normal 0 -1 0
    outer loop
      vertex -7.72741 -4 -2.07055
      vertex -6.9282 -4 0
      vertex -7.93156 -4 -1.04421
    endloop
  endfacet
  facet normal 0 -1 0
    outer loop
      vertex -6.9282 -4 0
      vertex -4.87792 -4 -1.30704
      vertex -5.0068 -4 -0.659157
    endloop
  endfacet
  facet normal 0 -1 -0
    outer loop
      vertex -6.9282 -4 0
      vertex -7.72741 -4 -2.07055
      vertex -4.87792 -4 -1.30704
    endloop
  endfacet
  facet normal 0 -1 -0
    outer loop
      vertex -4.87792 -4 -1.30704
      vertex -7.72741 -4 -2.07055
      vertex -4.66559 -4 -1.93255
    endloop
  endfacet
  facet normal 0 -1 0
    outer loop
      vertex -7.39104 -4 -3.06147
      vertex -4.66559 -4 -1.93255
      vertex -7.72741 -4 -2.07055
    endloop
  endfacet
  facet normal 0 -1 -0
    outer loop
      vertex -4.66559 -4 -1.93255
      vertex -7.39104 -4 -3.06147
      vertex -4.37343 -4 -2.525
    endloop
  endfacet
  facet normal 0 -1 0
    outer loop
      vertex -6.9282 -4 -4
      vertex -4.37343 -4 -2.525
      vertex -7.39104 -4 -3.06147
    endloop
  endfacet
  facet normal 0 -1 -0
    outer loop
      vertex -4.37343 -4 -2.525
      vertex -6.9282 -4 -4
      vertex -4.00643 -4 -3.07424
    endloop
  endfacet
  facet normal 0 -1 0
    outer loop
      vertex -6.34683 -4 -4.87009
      vertex -4.00643 -4 -3.07424
      vertex -6.9282 -4 -4
    endloop
  endfacet
  facet normal 0 -1 -0
    outer loop
      vertex -4.00643 -4 -3.07424
      vertex -6.34683 -4 -4.87009
      vertex -3.57089 -4 -3.57089
    endloop
  endfacet
  facet normal 0 -1 0
    outer loop
      vertex -5.65685 -4 -5.65685
      vertex -3.57089 -4 -3.57089
      vertex -6.34683 -4 -4.87009
    endloop
  endfacet
  facet normal 0 -1 -0
    outer loop
      vertex -3.57089 -4 -3.57089
      vertex -5.65685 -4 -5.65685
      vertex -3.07424 -4 -4.00643
    endloop
  endfacet
  facet normal 0 -1 0
    outer loop
      vertex -4.87009 -4 -6.34683
      vertex -3.07424 -4 -4.00643
      vertex -5.65685 -4 -5.65685
    endloop
  endfacet
  facet normal 0 -1 -0
    outer loop
      vertex -3.07424 -4 -4.00643
      vertex -4.87009 -4 -6.34683
      vertex -2.525 -4 -4.37343
    endloop
  endfacet
  facet normal 0 -1 0
    outer loop
      vertex -4 -4 -6.9282
      vertex -2.525 -4 -4.37343
      vertex -4.87009 -4 -6.34683
    endloop
  endfacet
  facet normal 0 -1 -0
    outer loop
      vertex -2.525 -4 -4.37343
      vertex -4 -4 -6.9282
      vertex -1.93255 -4 -4.66559
    endloop
  endfacet
  facet normal 0 -1 0
    outer loop
      vertex -3.06147 -4 -7.39104
      vertex -1.93255 -4 -4.66559
      vertex -4 -4 -6.9282
    endloop
  endfacet
  facet normal 0 -1 -0
    outer loop
      vertex 5.05 -4 0
      vertex 5.0068 -4 -0.659157
      vertex 6.9282 -4 0
    endloop
  endfacet
  facet normal 0 -1 0
    outer loop
      vertex 15.892 -4 -6
      vertex 6.9282 -4 5.14565
      vertex 6.9282 -4 0
    endloop
  endfacet
  facet normal 0 -1 0
    outer loop
      vertex 4.87792 -4 -1.30704
      vertex 6.9282 -4 0
      vertex 5.0068 -4 -0.659157
    endloop
  endfacet
  facet normal 0 -1 0
    outer loop
      vertex 4.66559 -4 -1.93255
      vertex 6.9282 -4 0
      vertex 4.87792 -4 -1.30704
    endloop
  endfacet
  facet normal 0 -1 0
    outer loop
      vertex 6.9282 -4 0
      vertex 4.66559 -4 -1.93255
      vertex 5.26557 -4 -6
    endloop
  endfacet
  facet normal 0 -1 0
    outer loop
      vertex 5.26557 -4 -6
      vertex 4.66559 -4 -1.93255
      vertex 4.37343 -4 -2.525
    endloop
  endfacet
  facet normal 0 -1 0
    outer loop
      vertex 5.26557 -4 -6
      vertex 4.37343 -4 -2.525
      vertex 4.00643 -4 -3.07424
    endloop
  endfacet
  facet normal 0 -1 0
    outer loop
      vertex 5.26557 -4 -6
      vertex 4.00643 -4 -3.07424
      vertex 3.57089 -4 -3.57089
    endloop
  endfacet
  facet normal 0 -1 0
    outer loop
      vertex 5.26557 -4 -6
      vertex 3.57089 -4 -3.57089
      vertex 3.07424 -4 -4.00643
    endloop
  endfacet
  facet normal 0 -1 0
    outer loop
      vertex 4.87009 -4 -6.34683
      vertex 3.07424 -4 -4.00643
      vertex 2.525 -4 -4.37343
    endloop
  endfacet
  facet normal 0 -1 0
    outer loop
      vertex 4.87009 -4 -6.34683
      vertex 2.525 -4 -4.37343
      vertex 1.93255 -4 -4.66559
    endloop
  endfacet
  facet normal 0 -1 0
    outer loop
      vertex 4.87009 -4 -6.34683
      vertex 1.93255 -4 -4.66559
      vertex 1.30704 -4 -4.87792
    endloop
  endfacet
  facet normal 0 -1 -0
    outer loop
      vertex -1.93255 -4 -4.66559
      vertex -3.06147 -4 -7.39104
      vertex -1.30704 -4 -4.87792
    endloop
  endfacet
  facet normal 0 -1 0
    outer loop
      vertex -2.07055 -4 -7.72741
      vertex -1.30704 -4 -4.87792
      vertex -3.06147 -4 -7.39104
    endloop
  endfacet
  facet normal 0 -1 0
    outer loop
      vertex 4.87009 -4 -6.34683
      vertex 1.30704 -4 -4.87792
      vertex 0.659157 -4 -5.0068
    endloop
  endfacet
  facet normal 0 -1 -0
    outer loop
      vertex 6.9282 -4 0
      vertex 5.26557 -4 -6
      vertex 15.892 -4 -6
    endloop
  endfacet
  facet normal 0 -1 0
    outer loop
      vertex 6.9282 -4 5.14565
      vertex 15.892 -4 -6
      vertex 31 -4 2
    endloop
  endfacet
  facet normal 0 -1 0
    outer loop
      vertex 30.108 -4 -6
      vertex 31 -4 2
      vertex 15.892 -4 -6
    endloop
  endfacet
  facet normal 0 -1 -0
    outer loop
      vertex 31 -4 2
      vertex 30.108 -4 -6
      vertex 31 -4 -6
    endloop
  endfacet
  facet normal 0 -1 0
    outer loop
      vertex 29.6332 -4 -8.69275
      vertex 15.892 -4 -6
      vertex 15.8459 -4 -6.26167
    endloop
  endfacet
  facet normal 0 -1 0
    outer loop
      vertex 15.892 -4 -6
      vertex 29.6332 -4 -8.69275
      vertex 30.108 -4 -6
    endloop
  endfacet
  facet normal 0 -1 -0
    outer loop
      vertex -1.30704 -4 -4.87792
      vertex -2.07055 -4 -7.72741
      vertex -0.659157 -4 -5.0068
    endloop
  endfacet
  facet normal 0 -1 0
    outer loop
      vertex -1.04421 -4 -7.93156
      vertex -0.659157 -4 -5.0068
      vertex -2.07055 -4 -7.72741
    endloop
  endfacet
  facet normal -0 -1 0
    outer loop
      vertex 4.87009 -4 -6.34683
      vertex 0.659157 -4 -5.0068
      vertex 4 -4 -6.9282
    endloop
  endfacet
  facet normal 0 -1 0
    outer loop
      vertex 3.07424 -4 -4.00643
      vertex 4.87009 -4 -6.34683
      vertex 5.26557 -4 -6
    endloop
  endfacet
  facet normal 0 -1 -0
    outer loop
      vertex -0.659157 -4 -5.0068
      vertex -1.04421 -4 -7.93156
      vertex 0 -4 -5.05
    endloop
  endfacet
  facet normal 0 -1 0
    outer loop
      vertex 0.659157 -4 -5.0068
      vertex 3.06147 -4 -7.39104
      vertex 4 -4 -6.9282
    endloop
  endfacet
  facet normal 0 -1 0
    outer loop
      vertex 0 -4 -8
      vertex 0 -4 -5.05
      vertex -1.04421 -4 -7.93156
    endloop
  endfacet
  facet normal 0 -1 0
    outer loop
      vertex 0.659157 -4 -5.0068
      vertex 2.07055 -4 -7.72741
      vertex 3.06147 -4 -7.39104
    endloop
  endfacet
  facet normal 0 -1 0
    outer loop
      vertex 0 -4 -5.05
      vertex 0 -4 -8
      vertex 0.659157 -4 -5.0068
    endloop
  endfacet
  facet normal 0 -1 0
    outer loop
      vertex 0.659157 -4 -5.0068
      vertex 1.04421 -4 -7.93156
      vertex 2.07055 -4 -7.72741
    endloop
  endfacet
  facet normal 0 -1 -0
    outer loop
      vertex 0.659157 -4 -5.0068
      vertex 0 -4 -8
      vertex 1.04421 -4 -7.93156
    endloop
  endfacet
  facet normal -0.946931 0 0.321438
    outer loop
      vertex -7.72741 -4 2.07055
      vertex -7.39104 -3.06147 3.06147
      vertex -7.72741 -2.07055 2.07055
    endloop
  endfacet
  facet normal -0.946931 0 0.321438
    outer loop
      vertex -7.39104 -3.06147 3.06147
      vertex -7.72741 -4 2.07055
      vertex -7.39104 -4 3.06147
    endloop
  endfacet
  facet normal -0.946931 0 0.321438
    outer loop
      vertex -7.72741 4 2.07055
      vertex -7.39104 3.06147 3.06147
      vertex -7.39104 4 3.06147
    endloop
  endfacet
  facet normal -0.946931 0 0.321438
    outer loop
      vertex -7.39104 3.06147 3.06147
      vertex -7.72741 4 2.07055
      vertex -7.72741 2.07055 2.07055
    endloop
  endfacet
  facet normal 0.555567 0 -0.831472
    outer loop
      vertex 4 -4 -6.9282
      vertex 4.87009 4 -6.34683
      vertex 4.87009 -4 -6.34683
    endloop
  endfacet
  facet normal 0.555567 0 -0.831472
    outer loop
      vertex 4.87009 4 -6.34683
      vertex 4 -4 -6.9282
      vertex 4 4 -6.9282
    endloop
  endfacet
  facet normal -0.195089 0 -0.980786
    outer loop
      vertex -2.07055 -4 -7.72741
      vertex -1.04421 4 -7.93156
      vertex -1.04421 -4 -7.93156
    endloop
  endfacet
  facet normal -0.195089 0 -0.980786
    outer loop
      vertex -1.04421 4 -7.93156
      vertex -2.07055 -4 -7.72741
      vertex -2.07055 4 -7.72741
    endloop
  endfacet
  facet normal -0.831472 0 -0.555567
    outer loop
      vertex -6.34683 -4 -4.87009
      vertex -6.9282 4 -4
      vertex -6.34683 4 -4.87009
    endloop
  endfacet
  facet normal -0.831472 -0 -0.555567
    outer loop
      vertex -6.9282 4 -4
      vertex -6.34683 -4 -4.87009
      vertex -6.9282 -4 -4
    endloop
  endfacet
  facet normal -0.89687 0 0.442295
    outer loop
      vertex -7.39104 -3.06147 3.06147
      vertex -7.39104 -4 3.06147
      vertex -6.9282 -4 4
    endloop
  endfacet
  facet normal -0.89687 0 0.442295
    outer loop
      vertex -7.39104 4 3.06147
      vertex -7.39104 3.06147 3.06147
      vertex -6.9282 4 4
    endloop
  endfacet
  facet normal -0.065402 0 -0.997859
    outer loop
      vertex -1.04421 -4 -7.93156
      vertex 0 4 -8
      vertex 0 -4 -8
    endloop
  endfacet
  facet normal -0.065402 0 -0.997859
    outer loop
      vertex 0 4 -8
      vertex -1.04421 -4 -7.93156
      vertex -1.04421 4 -7.93156
    endloop
  endfacet
  facet normal 0.442295 0 -0.89687
    outer loop
      vertex 3.06147 -4 -7.39104
      vertex 4 4 -6.9282
      vertex 4 -4 -6.9282
    endloop
  endfacet
  facet normal 0.442295 0 -0.89687
    outer loop
      vertex 4 4 -6.9282
      vertex 3.06147 -4 -7.39104
      vertex 3.06147 4 -7.39104
    endloop
  endfacet
  facet normal 0.980786 0.195089 0
    outer loop
      vertex 7.93156 1.04421 16
      vertex 7.72741 2.07055 5.04121
      vertex 7.72741 2.07055 16
    endloop
  endfacet
  facet normal 0.980786 0.195089 0
    outer loop
      vertex 7.72741 2.07055 5.04121
      vertex 7.93156 1.04421 16
      vertex 7.93156 1.04421 5.01453
    endloop
  endfacet
  facet normal 0.997859 0.065402 0
    outer loop
      vertex 8 0 16
      vertex 7.93156 1.04421 5.01453
      vertex 7.93156 1.04421 16
    endloop
  endfacet
  facet normal 0.997859 0.065402 0
    outer loop
      vertex 7.93156 1.04421 5.01453
      vertex 8 0 16
      vertex 8 0 5.00559
    endloop
  endfacet
  facet normal 0.946931 0.321438 0
    outer loop
      vertex 7.72741 2.07055 16
      vertex 7.39104 3.06147 5.08517
      vertex 7.39104 3.06147 16
    endloop
  endfacet
  facet normal 0.946931 0.321438 0
    outer loop
      vertex 7.39104 3.06147 5.08517
      vertex 7.72741 2.07055 16
      vertex 7.72741 2.07055 5.04121
    endloop
  endfacet
  facet normal -0.659351 0.751835 0
    outer loop
      vertex -4.87009 6.34683 0
      vertex -5.65685 5.65685 16
      vertex -4.87009 6.34683 16
    endloop
  endfacet
  facet normal -0.659351 0.751835 0
    outer loop
      vertex -5.65685 5.65685 16
      vertex -4.87009 6.34683 0
      vertex -5.65685 5.65685 0
    endloop
  endfacet
  facet normal 0.442295 0.89687 -0
    outer loop
      vertex 4 6.9282 0
      vertex 3.06147 7.39104 16
      vertex 4 6.9282 16
    endloop
  endfacet
  facet normal 0.442295 0.89687 0
    outer loop
      vertex 3.06147 7.39104 16
      vertex 4 6.9282 0
      vertex 3.06147 7.39104 0
    endloop
  endfacet
  facet normal 0.555567 -0.831472 0
    outer loop
      vertex 4 -6.9282 0
      vertex 4.87009 -6.34683 16
      vertex 4 -6.9282 16
    endloop
  endfacet
  facet normal 0.555567 -0.831472 0
    outer loop
      vertex 4.87009 -6.34683 16
      vertex 4 -6.9282 0
      vertex 4.87009 -6.34683 0
    endloop
  endfacet
  facet normal 0.0654025 -0.997859 0
    outer loop
      vertex 0.7 -7.95412 14
      vertex 0 -8 16
      vertex 0 -8 14
    endloop
  endfacet
  facet normal 0.065402 -0.997859 -1.69525e-07
    outer loop
      vertex 0 -8 16
      vertex 0.7 -7.95412 14
      vertex 1.04421 -7.93156 16
    endloop
  endfacet
  facet normal 0.0653798 -0.99786 0
    outer loop
      vertex 0.825 -7.94593 13.4289
      vertex 0.7 -7.95412 14
      vertex 0.7 -7.95412 13.4906
    endloop
  endfacet
  facet normal 0.0654562 -0.997855 1.67932e-05
    outer loop
      vertex 1.00446 -7.93416 13.309
      vertex 0.7 -7.95412 14
      vertex 0.825 -7.94593 13.4289
    endloop
  endfacet
  facet normal 0.0651758 -0.997874 -0.000107287
    outer loop
      vertex 1.04421 -7.93156 13.2742
      vertex 0.7 -7.95412 14
      vertex 1.00446 -7.93416 13.309
    endloop
  endfacet
  facet normal 0.0654011 -0.997859 0
    outer loop
      vertex 0.7 -7.95412 14
      vertex 1.04421 -7.93156 13.2742
      vertex 1.04421 -7.93156 16
    endloop
  endfacet
  facet normal 0.0653798 -0.99786 0
    outer loop
      vertex 0.7 -7.95412 1.49058
      vertex 0.825 -7.94593 4.57106
      vertex 0.7 -7.95412 4.50941
    endloop
  endfacet
  facet normal 0.0653798 -0.99786 0
    outer loop
      vertex 0.825 -7.94593 1.42894
      vertex 0.825 -7.94593 4.57106
      vertex 0.7 -7.95412 1.49058
    endloop
  endfacet
  facet normal 0.065445 -0.997856 0
    outer loop
      vertex 0.825 -7.94593 4.57106
      vertex 0.825 -7.94593 1.42894
      vertex 1.00446 -7.93416 4.69097
    endloop
  endfacet
  facet normal 0.065445 -0.997856 0
    outer loop
      vertex 1.00446 -7.93416 1.30903
      vertex 1.00446 -7.93416 4.69097
      vertex 0.825 -7.94593 1.42894
    endloop
  endfacet
  facet normal 0.0652693 -0.997868 0
    outer loop
      vertex 1.00446 -7.93416 4.69097
      vertex 1.00446 -7.93416 1.30903
      vertex 1.04421 -7.93156 4.72583
    endloop
  endfacet
  facet normal 0.0652693 -0.997868 0
    outer loop
      vertex 1.04421 -7.93156 4.72583
      vertex 1.00446 -7.93416 1.30903
      vertex 1.04421 -7.93156 1.27417
    endloop
  endfacet
  facet normal 0.0653798 -0.99786 0
    outer loop
      vertex 0.7 -7.95412 7.49058
      vertex 0.825 -7.94593 10.5711
      vertex 0.7 -7.95412 10.5094
    endloop
  endfacet
  facet normal 0.0653798 -0.99786 0
    outer loop
      vertex 0.825 -7.94593 7.42894
      vertex 0.825 -7.94593 10.5711
      vertex 0.7 -7.95412 7.49058
    endloop
  endfacet
  facet normal 0.065445 -0.997856 0
    outer loop
      vertex 0.825 -7.94593 10.5711
      vertex 0.825 -7.94593 7.42894
      vertex 1.00446 -7.93416 10.691
    endloop
  endfacet
  facet normal 0.065445 -0.997856 0
    outer loop
      vertex 1.00446 -7.93416 7.30903
      vertex 1.00446 -7.93416 10.691
      vertex 0.825 -7.94593 7.42894
    endloop
  endfacet
  facet normal 0.0652693 -0.997868 0
    outer loop
      vertex 1.00446 -7.93416 10.691
      vertex 1.00446 -7.93416 7.30903
      vertex 1.04421 -7.93156 10.7258
    endloop
  endfacet
  facet normal 0.0652693 -0.997868 0
    outer loop
      vertex 1.04421 -7.93156 10.7258
      vertex 1.00446 -7.93416 7.30903
      vertex 1.04421 -7.93156 7.27417
    endloop
  endfacet
  facet normal 0.980786 -0.195089 0
    outer loop
      vertex 7.72741 -2.07055 5.04121
      vertex 7.93156 -1.04421 16
      vertex 7.72741 -2.07055 16
    endloop
  endfacet
  facet normal 0.980786 -0.195089 0
    outer loop
      vertex 7.93156 -1.04421 16
      vertex 7.72741 -2.07055 5.04121
      vertex 7.93156 -1.04421 5.01453
    endloop
  endfacet
  facet normal 0.89687 0.442295 0
    outer loop
      vertex 7.39104 3.06147 16
      vertex 6.9282 4 5.14565
      vertex 6.9282 4 16
    endloop
  endfacet
  facet normal 0.89687 0.442295 0
    outer loop
      vertex 6.9282 4 5.14565
      vertex 7.39104 3.06147 16
      vertex 7.39104 3.06147 5.08517
    endloop
  endfacet
  facet normal -0.442295 0.89687 0
    outer loop
      vertex -3.06147 7.39104 0
      vertex -4 6.9282 16
      vertex -3.06147 7.39104 16
    endloop
  endfacet
  facet normal -0.442295 0.89687 0
    outer loop
      vertex -4 6.9282 16
      vertex -3.06147 7.39104 0
      vertex -4 6.9282 0
    endloop
  endfacet
  facet normal -0.195089 0.980786 0
    outer loop
      vertex -1.04421 7.93156 13.2742
      vertex -2.07055 7.72741 16
      vertex -1.04421 7.93156 16
    endloop
  endfacet
  facet normal -0.195086 0.980786 1.21898e-06
    outer loop
      vertex -1.16673 7.90719 13.1667
      vertex -2.07055 7.72741 16
      vertex -1.04421 7.93156 13.2742
    endloop
  endfacet
  facet normal -0.195113 0.980781 -7.93897e-06
    outer loop
      vertex -1.30903 7.87888 13.0045
      vertex -2.07055 7.72741 16
      vertex -1.16673 7.90719 13.1667
    endloop
  endfacet
  facet normal -0.195079 0.980787 1.01998e-06
    outer loop
      vertex -1.42894 7.85503 12.825
      vertex -2.07055 7.72741 16
      vertex -1.30903 7.87888 13.0045
    endloop
  endfacet
  facet normal -0.195101 0.980783 -3.60063e-06
    outer loop
      vertex -1.5244 7.83604 12.6314
      vertex -2.07055 7.72741 16
      vertex -1.42894 7.85503 12.825
    endloop
  endfacet
  facet normal -0.195082 0.980787 -3.42559e-07
    outer loop
      vertex -1.59378 7.82224 12.4271
      vertex -2.07055 7.72741 16
      vertex -1.5244 7.83604 12.6314
    endloop
  endfacet
  facet normal -0.19503 0.980797 6.93832e-06
    outer loop
      vertex -1.63588 7.81387 12.2154
      vertex -2.07055 7.72741 16
      vertex -1.59378 7.82224 12.4271
    endloop
  endfacet
  facet normal -0.195122 0.980779 -4.05139e-06
    outer loop
      vertex -1.65 7.81106 12
      vertex -2.07055 7.72741 16
      vertex -1.63588 7.81387 12.2154
    endloop
  endfacet
  facet normal -0.194925 0.980818 1.74702e-05
    outer loop
      vertex -1.63588 7.81387 11.7846
      vertex -2.07055 7.72741 16
      vertex -1.65 7.81106 12
    endloop
  endfacet
  facet normal -0.195085 0.980786 0
    outer loop
      vertex -1.04421 7.93156 7.27417
      vertex -1.16673 7.90719 10.8333
      vertex -1.04421 7.93156 10.7258
    endloop
  endfacet
  facet normal -0.195085 0.980786 0
    outer loop
      vertex -1.16673 7.90719 7.16673
      vertex -1.16673 7.90719 10.8333
      vertex -1.04421 7.93156 7.27417
    endloop
  endfacet
  facet normal -0.195122 0.980779 0
    outer loop
      vertex -1.16673 7.90719 10.8333
      vertex -1.16673 7.90719 7.16673
      vertex -1.30903 7.87888 10.9955
    endloop
  endfacet
  facet normal -0.195122 0.980779 0
    outer loop
      vertex -1.30903 7.87888 7.00446
      vertex -1.30903 7.87888 10.9955
      vertex -1.16673 7.90719 7.16673
    endloop
  endfacet
  facet normal -0.195078 0.980788 0
    outer loop
      vertex -1.30903 7.87888 10.9955
      vertex -1.30903 7.87888 7.00446
      vertex -1.42894 7.85503 11.175
    endloop
  endfacet
  facet normal -0.195078 0.980788 0
    outer loop
      vertex -1.42894 7.85503 6.825
      vertex -1.42894 7.85503 11.175
      vertex -1.30903 7.87888 7.00446
    endloop
  endfacet
  facet normal -0.195108 0.980782 0
    outer loop
      vertex -1.42894 7.85503 11.175
      vertex -1.42894 7.85503 6.825
      vertex -1.5244 7.83604 11.3686
    endloop
  endfacet
  facet normal -0.195108 0.980782 0
    outer loop
      vertex -1.5244 7.83604 6.63143
      vertex -1.5244 7.83604 11.3686
      vertex -1.42894 7.85503 6.825
    endloop
  endfacet
  facet normal -0.195083 0.980787 0
    outer loop
      vertex -1.5244 7.83604 11.3686
      vertex -1.5244 7.83604 6.63143
      vertex -1.59378 7.82224 11.5729
    endloop
  endfacet
  facet normal -0.195083 0.980787 0
    outer loop
      vertex -1.59378 7.82224 6.42705
      vertex -1.59378 7.82224 11.5729
      vertex -1.5244 7.83604 6.63143
    endloop
  endfacet
  facet normal -0.194996 0.980804 0
    outer loop
      vertex -1.59378 7.82224 11.5729
      vertex -1.59378 7.82224 6.42705
      vertex -1.63588 7.81387 11.7846
    endloop
  endfacet
  facet normal -0.194996 0.980804 0
    outer loop
      vertex -1.63588 7.81387 6.21537
      vertex -1.63588 7.81387 11.7846
      vertex -1.59378 7.82224 6.42705
    endloop
  endfacet
  facet normal -0.195088 0.980786 0
    outer loop
      vertex -1.63588 7.81387 11.7846
      vertex -1.63588 7.81387 6.21537
      vertex -2.07055 7.72741 16
    endloop
  endfacet
  facet normal -0.195143 0.980775 -2.5707e-06
    outer loop
      vertex -1.65 7.81106 6
      vertex -2.07055 7.72741 16
      vertex -1.63588 7.81387 6.21537
    endloop
  endfacet
  facet normal -0.195085 0.980786 0
    outer loop
      vertex -1.04421 7.93156 1.27417
      vertex -1.16673 7.90719 4.83327
      vertex -1.04421 7.93156 4.72583
    endloop
  endfacet
  facet normal -0.195085 0.980786 0
    outer loop
      vertex -1.16673 7.90719 1.16673
      vertex -1.16673 7.90719 4.83327
      vertex -1.04421 7.93156 1.27417
    endloop
  endfacet
  facet normal -0.195122 0.980779 0
    outer loop
      vertex -1.16673 7.90719 4.83327
      vertex -1.16673 7.90719 1.16673
      vertex -1.30903 7.87888 4.99554
    endloop
  endfacet
  facet normal -0.195122 0.980779 0
    outer loop
      vertex -1.30903 7.87888 1.00446
      vertex -1.30903 7.87888 4.99554
      vertex -1.16673 7.90719 1.16673
    endloop
  endfacet
  facet normal -0.195078 0.980788 0
    outer loop
      vertex -1.30903 7.87888 4.99554
      vertex -1.30903 7.87888 1.00446
      vertex -1.42894 7.85503 5.175
    endloop
  endfacet
  facet normal -0.195078 0.980788 0
    outer loop
      vertex -1.42894 7.85503 0.825
      vertex -1.42894 7.85503 5.175
      vertex -1.30903 7.87888 1.00446
    endloop
  endfacet
  facet normal -0.195084 0.980786 0
    outer loop
      vertex -2.07055 7.72741 0
      vertex -1.42894 7.85503 5.175
      vertex -1.42894 7.85503 0.825
    endloop
  endfacet
  facet normal -0.195104 0.980783 2.48876e-06
    outer loop
      vertex -1.42894 7.85503 5.175
      vertex -2.07055 7.72741 0
      vertex -1.5244 7.83604 5.36857
    endloop
  endfacet
  facet normal -0.195082 0.980787 2.44339e-07
    outer loop
      vertex -1.5244 7.83604 5.36857
      vertex -2.07055 7.72741 0
      vertex -1.59378 7.82224 5.57295
    endloop
  endfacet
  facet normal -0.195021 0.980799 -5.19741e-06
    outer loop
      vertex -1.59378 7.82224 5.57295
      vertex -2.07055 7.72741 0
      vertex -1.63588 7.81387 5.78463
    endloop
  endfacet
  facet normal -0.195042 0.980795 -3.38566e-05
    outer loop
      vertex -2.07055 7.72741 0
      vertex -1.42894 7.85503 0.825
      vertex -1.5244 7.83604 0.631427
    endloop
  endfacet
  facet normal -0.195131 0.980777 3.39899e-06
    outer loop
      vertex -1.63588 7.81387 5.78463
      vertex -2.07055 7.72741 0
      vertex -1.65 7.81106 6
    endloop
  endfacet
  facet normal -0.195078 0.980788 -1.74429e-06
    outer loop
      vertex -2.07055 7.72741 0
      vertex -1.5244 7.83604 0.631427
      vertex -1.59378 7.82224 0.427051
    endloop
  endfacet
  facet normal -0.195098 0.980784 2.1025e-05
    outer loop
      vertex -2.07055 7.72741 0
      vertex -1.59378 7.82224 0.427051
      vertex -1.63588 7.81387 0.215367
    endloop
  endfacet
  facet normal -0.195084 0.980786 -6.57846e-06
    outer loop
      vertex -2.07055 7.72741 0
      vertex -1.63588 7.81387 0.215367
      vertex -1.65 7.81106 0
    endloop
  endfacet
  facet normal -0.195084 0.980786 0
    outer loop
      vertex -1.65 7.81106 6
      vertex -2.07055 7.72741 0
      vertex -2.07055 7.72741 16
    endloop
  endfacet
  facet normal 0.997859 -0.065402 0
    outer loop
      vertex 7.93156 -1.04421 16
      vertex 8 0 5.00559
      vertex 8 0 16
    endloop
  endfacet
  facet normal 0.997859 -0.065402 0
    outer loop
      vertex 8 0 5.00559
      vertex 7.93156 -1.04421 16
      vertex 7.93156 -1.04421 5.01453
    endloop
  endfacet
  facet normal 0.195089 -0.980786 0
    outer loop
      vertex 1.04421 -7.93156 13.2742
      vertex 2.07055 -7.72741 16
      vertex 1.04421 -7.93156 16
    endloop
  endfacet
  facet normal 0.195086 -0.980786 1.21898e-06
    outer loop
      vertex 1.16673 -7.90719 13.1667
      vertex 2.07055 -7.72741 16
      vertex 1.04421 -7.93156 13.2742
    endloop
  endfacet
  facet normal 0.195113 -0.980781 -7.93897e-06
    outer loop
      vertex 1.30903 -7.87888 13.0045
      vertex 2.07055 -7.72741 16
      vertex 1.16673 -7.90719 13.1667
    endloop
  endfacet
  facet normal 0.195079 -0.980787 1.01998e-06
    outer loop
      vertex 1.42894 -7.85503 12.825
      vertex 2.07055 -7.72741 16
      vertex 1.30903 -7.87888 13.0045
    endloop
  endfacet
  facet normal 0.195101 -0.980783 -3.60063e-06
    outer loop
      vertex 1.5244 -7.83604 12.6314
      vertex 2.07055 -7.72741 16
      vertex 1.42894 -7.85503 12.825
    endloop
  endfacet
  facet normal 0.195082 -0.980787 -3.42559e-07
    outer loop
      vertex 1.59378 -7.82224 12.4271
      vertex 2.07055 -7.72741 16
      vertex 1.5244 -7.83604 12.6314
    endloop
  endfacet
  facet normal 0.19503 -0.980797 6.93832e-06
    outer loop
      vertex 1.63588 -7.81387 12.2154
      vertex 2.07055 -7.72741 16
      vertex 1.59378 -7.82224 12.4271
    endloop
  endfacet
  facet normal 0.195122 -0.980779 -4.05139e-06
    outer loop
      vertex 1.65 -7.81106 12
      vertex 2.07055 -7.72741 16
      vertex 1.63588 -7.81387 12.2154
    endloop
  endfacet
  facet normal 0.194925 -0.980818 1.74702e-05
    outer loop
      vertex 1.63588 -7.81387 11.7846
      vertex 2.07055 -7.72741 16
      vertex 1.65 -7.81106 12
    endloop
  endfacet
  facet normal 0.195085 -0.980786 0
    outer loop
      vertex 1.04421 -7.93156 7.27417
      vertex 1.16673 -7.90719 10.8333
      vertex 1.04421 -7.93156 10.7258
    endloop
  endfacet
  facet normal 0.195085 -0.980786 0
    outer loop
      vertex 1.16673 -7.90719 7.16673
      vertex 1.16673 -7.90719 10.8333
      vertex 1.04421 -7.93156 7.27417
    endloop
  endfacet
  facet normal 0.195122 -0.980779 0
    outer loop
      vertex 1.16673 -7.90719 10.8333
      vertex 1.16673 -7.90719 7.16673
      vertex 1.30903 -7.87888 10.9955
    endloop
  endfacet
  facet normal 0.195122 -0.980779 0
    outer loop
      vertex 1.30903 -7.87888 7.00446
      vertex 1.30903 -7.87888 10.9955
      vertex 1.16673 -7.90719 7.16673
    endloop
  endfacet
  facet normal 0.195078 -0.980788 0
    outer loop
      vertex 1.30903 -7.87888 10.9955
      vertex 1.30903 -7.87888 7.00446
      vertex 1.42894 -7.85503 11.175
    endloop
  endfacet
  facet normal 0.195078 -0.980788 0
    outer loop
      vertex 1.42894 -7.85503 6.825
      vertex 1.42894 -7.85503 11.175
      vertex 1.30903 -7.87888 7.00446
    endloop
  endfacet
  facet normal 0.195108 -0.980782 0
    outer loop
      vertex 1.42894 -7.85503 11.175
      vertex 1.42894 -7.85503 6.825
      vertex 1.5244 -7.83604 11.3686
    endloop
  endfacet
  facet normal 0.195108 -0.980782 0
    outer loop
      vertex 1.5244 -7.83604 6.63143
      vertex 1.5244 -7.83604 11.3686
      vertex 1.42894 -7.85503 6.825
    endloop
  endfacet
  facet normal 0.195083 -0.980787 0
    outer loop
      vertex 1.5244 -7.83604 11.3686
      vertex 1.5244 -7.83604 6.63143
      vertex 1.59378 -7.82224 11.5729
    endloop
  endfacet
  facet normal 0.195083 -0.980787 0
    outer loop
      vertex 1.59378 -7.82224 6.42705
      vertex 1.59378 -7.82224 11.5729
      vertex 1.5244 -7.83604 6.63143
    endloop
  endfacet
  facet normal 0.194996 -0.980804 0
    outer loop
      vertex 1.59378 -7.82224 11.5729
      vertex 1.59378 -7.82224 6.42705
      vertex 1.63588 -7.81387 11.7846
    endloop
  endfacet
  facet normal 0.194996 -0.980804 0
    outer loop
      vertex 1.63588 -7.81387 6.21537
      vertex 1.63588 -7.81387 11.7846
      vertex 1.59378 -7.82224 6.42705
    endloop
  endfacet
  facet normal 0.195088 -0.980786 0
    outer loop
      vertex 1.63588 -7.81387 11.7846
      vertex 1.63588 -7.81387 6.21537
      vertex 2.07055 -7.72741 16
    endloop
  endfacet
  facet normal 0.195143 -0.980775 -2.5707e-06
    outer loop
      vertex 1.65 -7.81106 6
      vertex 2.07055 -7.72741 16
      vertex 1.63588 -7.81387 6.21537
    endloop
  endfacet
  facet normal 0.195085 -0.980786 0
    outer loop
      vertex 1.04421 -7.93156 1.27417
      vertex 1.16673 -7.90719 4.83327
      vertex 1.04421 -7.93156 4.72583
    endloop
  endfacet
  facet normal 0.195085 -0.980786 0
    outer loop
      vertex 1.16673 -7.90719 1.16673
      vertex 1.16673 -7.90719 4.83327
      vertex 1.04421 -7.93156 1.27417
    endloop
  endfacet
  facet normal 0.195122 -0.980779 0
    outer loop
      vertex 1.16673 -7.90719 4.83327
      vertex 1.16673 -7.90719 1.16673
      vertex 1.30903 -7.87888 4.99554
    endloop
  endfacet
  facet normal 0.195122 -0.980779 0
    outer loop
      vertex 1.30903 -7.87888 1.00446
      vertex 1.30903 -7.87888 4.99554
      vertex 1.16673 -7.90719 1.16673
    endloop
  endfacet
  facet normal 0.195078 -0.980788 0
    outer loop
      vertex 1.30903 -7.87888 4.99554
      vertex 1.30903 -7.87888 1.00446
      vertex 1.42894 -7.85503 5.175
    endloop
  endfacet
  facet normal 0.195078 -0.980788 0
    outer loop
      vertex 1.42894 -7.85503 0.825
      vertex 1.42894 -7.85503 5.175
      vertex 1.30903 -7.87888 1.00446
    endloop
  endfacet
  facet normal 0.195084 -0.980786 0
    outer loop
      vertex 2.07055 -7.72741 0
      vertex 1.42894 -7.85503 5.175
      vertex 1.42894 -7.85503 0.825
    endloop
  endfacet
  facet normal 0.195104 -0.980783 2.48876e-06
    outer loop
      vertex 1.42894 -7.85503 5.175
      vertex 2.07055 -7.72741 0
      vertex 1.5244 -7.83604 5.36857
    endloop
  endfacet
  facet normal 0.195082 -0.980787 2.44339e-07
    outer loop
      vertex 1.5244 -7.83604 5.36857
      vertex 2.07055 -7.72741 0
      vertex 1.59378 -7.82224 5.57295
    endloop
  endfacet
  facet normal 0.195021 -0.980799 -5.19741e-06
    outer loop
      vertex 1.59378 -7.82224 5.57295
      vertex 2.07055 -7.72741 0
      vertex 1.63588 -7.81387 5.78463
    endloop
  endfacet
  facet normal 0.195042 -0.980795 -3.38566e-05
    outer loop
      vertex 2.07055 -7.72741 0
      vertex 1.42894 -7.85503 0.825
      vertex 1.5244 -7.83604 0.631427
    endloop
  endfacet
  facet normal 0.195131 -0.980777 3.39899e-06
    outer loop
      vertex 1.63588 -7.81387 5.78463
      vertex 2.07055 -7.72741 0
      vertex 1.65 -7.81106 6
    endloop
  endfacet
  facet normal 0.195078 -0.980788 -1.74429e-06
    outer loop
      vertex 2.07055 -7.72741 0
      vertex 1.5244 -7.83604 0.631427
      vertex 1.59378 -7.82224 0.427051
    endloop
  endfacet
  facet normal 0.195098 -0.980784 2.1025e-05
    outer loop
      vertex 2.07055 -7.72741 0
      vertex 1.59378 -7.82224 0.427051
      vertex 1.63588 -7.81387 0.215367
    endloop
  endfacet
  facet normal 0.195084 -0.980786 -6.57846e-06
    outer loop
      vertex 2.07055 -7.72741 0
      vertex 1.63588 -7.81387 0.215367
      vertex 1.65 -7.81106 0
    endloop
  endfacet
  facet normal 0.195084 -0.980786 0
    outer loop
      vertex 1.65 -7.81106 6
      vertex 2.07055 -7.72741 0
      vertex 2.07055 -7.72741 16
    endloop
  endfacet
  facet normal -0.555567 0.831472 0
    outer loop
      vertex -4 6.9282 0
      vertex -4.87009 6.34683 16
      vertex -4 6.9282 16
    endloop
  endfacet
  facet normal -0.555567 0.831472 0
    outer loop
      vertex -4.87009 6.34683 16
      vertex -4 6.9282 0
      vertex -4.87009 6.34683 0
    endloop
  endfacet
  facet normal 0.659351 -0.751835 0
    outer loop
      vertex 4.87009 -6.34683 0
      vertex 5.65685 -5.65685 16
      vertex 4.87009 -6.34683 16
    endloop
  endfacet
  facet normal 0.659351 -0.751835 0
    outer loop
      vertex 5.65685 -5.65685 16
      vertex 4.87009 -6.34683 0
      vertex 5.65685 -5.65685 0
    endloop
  endfacet
  facet normal -0.321438 -0.946931 0
    outer loop
      vertex -3.06147 -7.39104 0
      vertex -2.07055 -7.72741 16
      vertex -3.06147 -7.39104 16
    endloop
  endfacet
  facet normal -0.321438 -0.946931 -0
    outer loop
      vertex -2.07055 -7.72741 16
      vertex -3.06147 -7.39104 0
      vertex -2.07055 -7.72741 0
    endloop
  endfacet
  facet normal 0 0 1
    outer loop
      vertex 4.1 0 16
      vertex 8 0 16
      vertex 7.93156 1.04421 16
    endloop
  endfacet
  facet normal 0 0 1
    outer loop
      vertex 4.06492 0.535157 16
      vertex 7.93156 1.04421 16
      vertex 7.72741 2.07055 16
    endloop
  endfacet
  facet normal 0 0 1
    outer loop
      vertex 8 0 16
      vertex 4.1 0 16
      vertex 7.93156 -1.04421 16
    endloop
  endfacet
  facet normal 0 0 1
    outer loop
      vertex 3.9603 1.06116 16
      vertex 7.72741 2.07055 16
      vertex 7.39104 3.06147 16
    endloop
  endfacet
  facet normal -0 0 1
    outer loop
      vertex 4.06492 -0.535157 16
      vertex 7.93156 -1.04421 16
      vertex 4.1 0 16
    endloop
  endfacet
  facet normal 0 0 1
    outer loop
      vertex 3.78791 1.569 16
      vertex 7.39104 3.06147 16
      vertex 6.9282 4 16
    endloop
  endfacet
  facet normal 0 0 1
    outer loop
      vertex 7.93156 -1.04421 16
      vertex 4.06492 -0.535157 16
      vertex 7.72741 -2.07055 16
    endloop
  endfacet
  facet normal 0 0 1
    outer loop
      vertex 3.5507 2.05 16
      vertex 6.9282 4 16
      vertex 6.34683 4.87009 16
    endloop
  endfacet
  facet normal -0 0 1
    outer loop
      vertex 3.9603 -1.06116 16
      vertex 7.72741 -2.07055 16
      vertex 4.06492 -0.535157 16
    endloop
  endfacet
  facet normal 0 0 1
    outer loop
      vertex 3.25275 2.49592 16
      vertex 6.34683 4.87009 16
      vertex 5.65685 5.65685 16
    endloop
  endfacet
  facet normal 0 0 1
    outer loop
      vertex 7.72741 -2.07055 16
      vertex 3.9603 -1.06116 16
      vertex 7.39104 -3.06147 16
    endloop
  endfacet
  facet normal 0 0 1
    outer loop
      vertex 2.89914 2.89914 16
      vertex 5.65685 5.65685 16
      vertex 4.87009 6.34683 16
    endloop
  endfacet
  facet normal -0 0 1
    outer loop
      vertex 3.78791 -1.569 16
      vertex 7.39104 -3.06147 16
      vertex 3.9603 -1.06116 16
    endloop
  endfacet
  facet normal 0 0 1
    outer loop
      vertex 7.39104 -3.06147 16
      vertex 3.78791 -1.569 16
      vertex 6.9282 -4 16
    endloop
  endfacet
  facet normal 0 0 1
    outer loop
      vertex 7.93156 1.04421 16
      vertex 4.06492 0.535157 16
      vertex 4.1 0 16
    endloop
  endfacet
  facet normal 0 0 1
    outer loop
      vertex 2.49592 3.25275 16
      vertex 4.87009 6.34683 16
      vertex 4 6.9282 16
    endloop
  endfacet
  facet normal 0 0 1
    outer loop
      vertex 7.72741 2.07055 16
      vertex 3.9603 1.06116 16
      vertex 4.06492 0.535157 16
    endloop
  endfacet
  facet normal 0 0 1
    outer loop
      vertex 7.39104 3.06147 16
      vertex 3.78791 1.569 16
      vertex 3.9603 1.06116 16
    endloop
  endfacet
  facet normal 0 0 1
    outer loop
      vertex 6.9282 4 16
      vertex 3.5507 2.05 16
      vertex 3.78791 1.569 16
    endloop
  endfacet
  facet normal 0 0 1
    outer loop
      vertex 6.34683 4.87009 16
      vertex 3.25275 2.49592 16
      vertex 3.5507 2.05 16
    endloop
  endfacet
  facet normal 0 0 1
    outer loop
      vertex 2.05 3.5507 16
      vertex 4 6.9282 16
      vertex 3.06147 7.39104 16
    endloop
  endfacet
  facet normal 0 0 1
    outer loop
      vertex 5.65685 5.65685 16
      vertex 2.89914 2.89914 16
      vertex 3.25275 2.49592 16
    endloop
  endfacet
  facet normal 0 0 1
    outer loop
      vertex 4.87009 6.34683 16
      vertex 2.49592 3.25275 16
      vertex 2.89914 2.89914 16
    endloop
  endfacet
  facet normal 0 0 1
    outer loop
      vertex 1.569 3.78791 16
      vertex 3.06147 7.39104 16
      vertex 2.07055 7.72741 16
    endloop
  endfacet
  facet normal 0 0 1
    outer loop
      vertex 4 6.9282 16
      vertex 2.05 3.5507 16
      vertex 2.49592 3.25275 16
    endloop
  endfacet
  facet normal 0 0 1
    outer loop
      vertex 3.06147 7.39104 16
      vertex 1.569 3.78791 16
      vertex 2.05 3.5507 16
    endloop
  endfacet
  facet normal 0 0 1
    outer loop
      vertex 2.07055 7.72741 16
      vertex 1.06116 3.9603 16
      vertex 1.569 3.78791 16
    endloop
  endfacet
  facet normal 0 0 1
    outer loop
      vertex 1.04421 7.93156 16
      vertex 1.06116 3.9603 16
      vertex 2.07055 7.72741 16
    endloop
  endfacet
  facet normal 0 0 1
    outer loop
      vertex 1.04421 7.93156 16
      vertex 0.535157 4.06492 16
      vertex 1.06116 3.9603 16
    endloop
  endfacet
  facet normal 0 0 1
    outer loop
      vertex 0 8 16
      vertex 0.535157 4.06492 16
      vertex 1.04421 7.93156 16
    endloop
  endfacet
  facet normal 0 0 1
    outer loop
      vertex 0 8 16
      vertex 0 4.1 16
      vertex 0.535157 4.06492 16
    endloop
  endfacet
  facet normal 0 0 1
    outer loop
      vertex 0 8 16
      vertex -0.535157 4.06492 16
      vertex 0 4.1 16
    endloop
  endfacet
  facet normal -0 0 1
    outer loop
      vertex -1.04421 7.93156 16
      vertex -0.535157 4.06492 16
      vertex 0 8 16
    endloop
  endfacet
  facet normal 0 0 1
    outer loop
      vertex -1.04421 7.93156 16
      vertex -1.06116 3.9603 16
      vertex -0.535157 4.06492 16
    endloop
  endfacet
  facet normal -0 0 1
    outer loop
      vertex -2.07055 7.72741 16
      vertex -1.06116 3.9603 16
      vertex -1.04421 7.93156 16
    endloop
  endfacet
  facet normal 0 0 1
    outer loop
      vertex -1.06116 3.9603 16
      vertex -2.07055 7.72741 16
      vertex -1.569 3.78791 16
    endloop
  endfacet
  facet normal -0 0 1
    outer loop
      vertex -3.06147 7.39104 16
      vertex -1.569 3.78791 16
      vertex -2.07055 7.72741 16
    endloop
  endfacet
  facet normal 0 0 1
    outer loop
      vertex -1.569 3.78791 16
      vertex -3.06147 7.39104 16
      vertex -2.05 3.5507 16
    endloop
  endfacet
  facet normal -0 0 1
    outer loop
      vertex -4 6.9282 16
      vertex -2.05 3.5507 16
      vertex -3.06147 7.39104 16
    endloop
  endfacet
  facet normal 0 0 1
    outer loop
      vertex -2.05 3.5507 16
      vertex -4 6.9282 16
      vertex -2.49592 3.25275 16
    endloop
  endfacet
  facet normal -0 0 1
    outer loop
      vertex -4.87009 6.34683 16
      vertex -2.49592 3.25275 16
      vertex -4 6.9282 16
    endloop
  endfacet
  facet normal 0 0 1
    outer loop
      vertex -2.49592 3.25275 16
      vertex -4.87009 6.34683 16
      vertex -2.89914 2.89914 16
    endloop
  endfacet
  facet normal -0 0 1
    outer loop
      vertex -5.65685 5.65685 16
      vertex -2.89914 2.89914 16
      vertex -4.87009 6.34683 16
    endloop
  endfacet
  facet normal 0 0 1
    outer loop
      vertex -2.89914 2.89914 16
      vertex -5.65685 5.65685 16
      vertex -3.25275 2.49592 16
    endloop
  endfacet
  facet normal -0 0 1
    outer loop
      vertex -6.34683 4.87009 16
      vertex -3.25275 2.49592 16
      vertex -5.65685 5.65685 16
    endloop
  endfacet
  facet normal 0 0 1
    outer loop
      vertex -3.25275 2.49592 16
      vertex -6.34683 4.87009 16
      vertex -3.5507 2.05 16
    endloop
  endfacet
  facet normal -0 0 1
    outer loop
      vertex -6.9282 4 16
      vertex -3.5507 2.05 16
      vertex -6.34683 4.87009 16
    endloop
  endfacet
  facet normal 0 0 1
    outer loop
      vertex -3.5507 2.05 16
      vertex -6.9282 4 16
      vertex -3.78791 1.569 16
    endloop
  endfacet
  facet normal -0 0 1
    outer loop
      vertex 3.5507 -2.05 16
      vertex 6.9282 -4 16
      vertex 3.78791 -1.569 16
    endloop
  endfacet
  facet normal 0 0 1
    outer loop
      vertex 6.9282 -4 16
      vertex 3.5507 -2.05 16
      vertex 6.34683 -4.87009 16
    endloop
  endfacet
  facet normal -0 0 1
    outer loop
      vertex 3.25275 -2.49592 16
      vertex 6.34683 -4.87009 16
      vertex 3.5507 -2.05 16
    endloop
  endfacet
  facet normal 0 0 1
    outer loop
      vertex 6.34683 -4.87009 16
      vertex 3.25275 -2.49592 16
      vertex 5.65685 -5.65685 16
    endloop
  endfacet
  facet normal -0 0 1
    outer loop
      vertex 2.89914 -2.89914 16
      vertex 5.65685 -5.65685 16
      vertex 3.25275 -2.49592 16
    endloop
  endfacet
  facet normal 0 0 1
    outer loop
      vertex 5.65685 -5.65685 16
      vertex 2.89914 -2.89914 16
      vertex 4.87009 -6.34683 16
    endloop
  endfacet
  facet normal -0 0 1
    outer loop
      vertex 2.49592 -3.25275 16
      vertex 4.87009 -6.34683 16
      vertex 2.89914 -2.89914 16
    endloop
  endfacet
  facet normal 0 0 1
    outer loop
      vertex 4.87009 -6.34683 16
      vertex 2.49592 -3.25275 16
      vertex 4 -6.9282 16
    endloop
  endfacet
  facet normal -0 0 1
    outer loop
      vertex 2.05 -3.5507 16
      vertex 4 -6.9282 16
      vertex 2.49592 -3.25275 16
    endloop
  endfacet
  facet normal 0 0 1
    outer loop
      vertex 4 -6.9282 16
      vertex 2.05 -3.5507 16
      vertex 3.06147 -7.39104 16
    endloop
  endfacet
  facet normal -0 0 1
    outer loop
      vertex 1.569 -3.78791 16
      vertex 3.06147 -7.39104 16
      vertex 2.05 -3.5507 16
    endloop
  endfacet
  facet normal 0 0 1
    outer loop
      vertex 3.06147 -7.39104 16
      vertex 1.569 -3.78791 16
      vertex 2.07055 -7.72741 16
    endloop
  endfacet
  facet normal -0 0 1
    outer loop
      vertex 1.06116 -3.9603 16
      vertex 2.07055 -7.72741 16
      vertex 1.569 -3.78791 16
    endloop
  endfacet
  facet normal 0 0 1
    outer loop
      vertex 1.06116 -3.9603 16
      vertex 1.04421 -7.93156 16
      vertex 2.07055 -7.72741 16
    endloop
  endfacet
  facet normal -0 0 1
    outer loop
      vertex 0.535157 -4.06492 16
      vertex 1.04421 -7.93156 16
      vertex 1.06116 -3.9603 16
    endloop
  endfacet
  facet normal -0 0 1
    outer loop
      vertex 0 -4.1 16
      vertex 1.04421 -7.93156 16
      vertex 0.535157 -4.06492 16
    endloop
  endfacet
  facet normal 0 0 1
    outer loop
      vertex 0 -4.1 16
      vertex 0 -8 16
      vertex 1.04421 -7.93156 16
    endloop
  endfacet
  facet normal 0 0 1
    outer loop
      vertex -0.535157 -4.06492 16
      vertex 0 -8 16
      vertex 0 -4.1 16
    endloop
  endfacet
  facet normal 0 0 1
    outer loop
      vertex -0.535157 -4.06492 16
      vertex -1.04421 -7.93156 16
      vertex 0 -8 16
    endloop
  endfacet
  facet normal 0 0 1
    outer loop
      vertex -1.06116 -3.9603 16
      vertex -1.04421 -7.93156 16
      vertex -0.535157 -4.06492 16
    endloop
  endfacet
  facet normal 0 0 1
    outer loop
      vertex -2.07055 -7.72741 16
      vertex -1.06116 -3.9603 16
      vertex -1.569 -3.78791 16
    endloop
  endfacet
  facet normal 0 0 1
    outer loop
      vertex -3.06147 -7.39104 16
      vertex -1.569 -3.78791 16
      vertex -2.05 -3.5507 16
    endloop
  endfacet
  facet normal 0 0 1
    outer loop
      vertex -1.06116 -3.9603 16
      vertex -2.07055 -7.72741 16
      vertex -1.04421 -7.93156 16
    endloop
  endfacet
  facet normal 0 0 1
    outer loop
      vertex -4 -6.9282 16
      vertex -2.05 -3.5507 16
      vertex -2.49592 -3.25275 16
    endloop
  endfacet
  facet normal 0 0 1
    outer loop
      vertex -4.87009 -6.34683 16
      vertex -2.49592 -3.25275 16
      vertex -2.89914 -2.89914 16
    endloop
  endfacet
  facet normal 0 0 1
    outer loop
      vertex -1.569 -3.78791 16
      vertex -3.06147 -7.39104 16
      vertex -2.07055 -7.72741 16
    endloop
  endfacet
  facet normal 0 0 1
    outer loop
      vertex -5.65685 -5.65685 16
      vertex -2.89914 -2.89914 16
      vertex -3.25275 -2.49592 16
    endloop
  endfacet
  facet normal 0 0 1
    outer loop
      vertex -6.34683 -4.87009 16
      vertex -3.25275 -2.49592 16
      vertex -3.5507 -2.05 16
    endloop
  endfacet
  facet normal 0 0 1
    outer loop
      vertex -6.9282 -4 16
      vertex -3.5507 -2.05 16
      vertex -3.78791 -1.569 16
    endloop
  endfacet
  facet normal 0 0 1
    outer loop
      vertex -7.39104 -3.06147 16
      vertex -3.78791 -1.569 16
      vertex -3.9603 -1.06116 16
    endloop
  endfacet
  facet normal 0 0 1
    outer loop
      vertex -2.05 -3.5507 16
      vertex -4 -6.9282 16
      vertex -3.06147 -7.39104 16
    endloop
  endfacet
  facet normal 0 0 1
    outer loop
      vertex -7.72741 -2.07055 16
      vertex -3.9603 -1.06116 16
      vertex -4.06492 -0.535157 16
    endloop
  endfacet
  facet normal 0 0 1
    outer loop
      vertex -7.93156 -1.04421 16
      vertex -4.06492 -0.535157 16
      vertex -4.1 0 16
    endloop
  endfacet
  facet normal -0 0 1
    outer loop
      vertex -7.39104 3.06147 16
      vertex -3.78791 1.569 16
      vertex -6.9282 4 16
    endloop
  endfacet
  facet normal 0 0 1
    outer loop
      vertex -2.49592 -3.25275 16
      vertex -4.87009 -6.34683 16
      vertex -4 -6.9282 16
    endloop
  endfacet
  facet normal 0 0 1
    outer loop
      vertex -3.78791 1.569 16
      vertex -7.39104 3.06147 16
      vertex -3.9603 1.06116 16
    endloop
  endfacet
  facet normal 0 0 1
    outer loop
      vertex -2.89914 -2.89914 16
      vertex -5.65685 -5.65685 16
      vertex -4.87009 -6.34683 16
    endloop
  endfacet
  facet normal -0 0 1
    outer loop
      vertex -7.72741 2.07055 16
      vertex -3.9603 1.06116 16
      vertex -7.39104 3.06147 16
    endloop
  endfacet
  facet normal 0 0 1
    outer loop
      vertex -3.25275 -2.49592 16
      vertex -6.34683 -4.87009 16
      vertex -5.65685 -5.65685 16
    endloop
  endfacet
  facet normal 0 0 1
    outer loop
      vertex -3.9603 1.06116 16
      vertex -7.72741 2.07055 16
      vertex -4.06492 0.535157 16
    endloop
  endfacet
  facet normal 0 0 1
    outer loop
      vertex -3.5507 -2.05 16
      vertex -6.9282 -4 16
      vertex -6.34683 -4.87009 16
    endloop
  endfacet
  facet normal -0 0 1
    outer loop
      vertex -7.93156 1.04421 16
      vertex -4.06492 0.535157 16
      vertex -7.72741 2.07055 16
    endloop
  endfacet
  facet normal 0 0 1
    outer loop
      vertex -3.78791 -1.569 16
      vertex -7.39104 -3.06147 16
      vertex -6.9282 -4 16
    endloop
  endfacet
  facet normal 0 0 1
    outer loop
      vertex -4.06492 0.535157 16
      vertex -7.93156 1.04421 16
      vertex -4.1 0 16
    endloop
  endfacet
  facet normal 0 0 1
    outer loop
      vertex -3.9603 -1.06116 16
      vertex -7.72741 -2.07055 16
      vertex -7.39104 -3.06147 16
    endloop
  endfacet
  facet normal 0 0 1
    outer loop
      vertex -8 0 16
      vertex -4.1 0 16
      vertex -7.93156 1.04421 16
    endloop
  endfacet
  facet normal 0 0 1
    outer loop
      vertex -4.06492 -0.535157 16
      vertex -7.93156 -1.04421 16
      vertex -7.72741 -2.07055 16
    endloop
  endfacet
  facet normal 0 0 1
    outer loop
      vertex -4.1 0 16
      vertex -8 0 16
      vertex -7.93156 -1.04421 16
    endloop
  endfacet
  facet normal 0.321438 0.946931 -0
    outer loop
      vertex 3.06147 7.39104 0
      vertex 2.07055 7.72741 16
      vertex 3.06147 7.39104 16
    endloop
  endfacet
  facet normal 0.321438 0.946931 0
    outer loop
      vertex 2.07055 7.72741 16
      vertex 3.06147 7.39104 0
      vertex 2.07055 7.72741 0
    endloop
  endfacet
  facet normal -0.980786 -0.195089 0
    outer loop
      vertex -7.72741 -2.07055 2.07055
      vertex -7.93156 -1.04421 16
      vertex -7.93156 -1.04421 1.04421
    endloop
  endfacet
  facet normal -0.980786 -0.195089 0
    outer loop
      vertex -7.93156 -1.04421 16
      vertex -7.72741 -2.07055 2.07055
      vertex -7.72741 -2.07055 16
    endloop
  endfacet
  facet normal -0.442295 -0.89687 0
    outer loop
      vertex -4 -6.9282 0
      vertex -3.06147 -7.39104 16
      vertex -4 -6.9282 16
    endloop
  endfacet
  facet normal -0.442295 -0.89687 -0
    outer loop
      vertex -3.06147 -7.39104 16
      vertex -4 -6.9282 0
      vertex -3.06147 -7.39104 0
    endloop
  endfacet
  facet normal 0.555567 0.831472 -0
    outer loop
      vertex 4.87009 6.34683 0
      vertex 4 6.9282 16
      vertex 4.87009 6.34683 16
    endloop
  endfacet
  facet normal 0.555567 0.831472 0
    outer loop
      vertex 4 6.9282 16
      vertex 4.87009 6.34683 0
      vertex 4 6.9282 0
    endloop
  endfacet
  facet normal -0.997859 -0.065402 0
    outer loop
      vertex -7.93156 -1.04421 1.04421
      vertex -8 0 16
      vertex -8 0 0
    endloop
  endfacet
  facet normal -0.997859 -0.065402 0
    outer loop
      vertex -8 0 16
      vertex -7.93156 -1.04421 1.04421
      vertex -7.93156 -1.04421 16
    endloop
  endfacet
  facet normal -0.555567 -0.831472 0
    outer loop
      vertex -4.87009 -6.34683 0
      vertex -4 -6.9282 16
      vertex -4.87009 -6.34683 16
    endloop
  endfacet
  facet normal -0.555567 -0.831472 -0
    outer loop
      vertex -4 -6.9282 16
      vertex -4.87009 -6.34683 0
      vertex -4 -6.9282 0
    endloop
  endfacet
  facet normal 0.321438 -0.946931 0
    outer loop
      vertex 2.07055 -7.72741 0
      vertex 3.06147 -7.39104 16
      vertex 2.07055 -7.72741 16
    endloop
  endfacet
  facet normal 0.321438 -0.946931 0
    outer loop
      vertex 3.06147 -7.39104 16
      vertex 2.07055 -7.72741 0
      vertex 3.06147 -7.39104 0
    endloop
  endfacet
  facet normal -0.980786 0.195089 0
    outer loop
      vertex -7.93156 1.04421 16
      vertex -7.72741 2.07055 2.07055
      vertex -7.93156 1.04421 1.04421
    endloop
  endfacet
  facet normal -0.980786 0.195089 0
    outer loop
      vertex -7.72741 2.07055 2.07055
      vertex -7.93156 1.04421 16
      vertex -7.72741 2.07055 16
    endloop
  endfacet
  facet normal 0.831472 0.555567 -0
    outer loop
      vertex 6.9282 4 5.14565
      vertex 6.34683 4.87009 16
      vertex 6.9282 4 16
    endloop
  endfacet
  facet normal 0.831472 0.555567 0
    outer loop
      vertex 6.34683 4.87009 16
      vertex 6.9282 4 5.14565
      vertex 6.34683 4.87009 0
    endloop
  endfacet
  facet normal 0.831472 0.555567 0
    outer loop
      vertex 6.34683 4.87009 0
      vertex 6.9282 4 5.14565
      vertex 6.9282 4 0
    endloop
  endfacet
  facet normal -0.0654025 0.997859 0
    outer loop
      vertex -0.7 7.95412 14
      vertex 0 8 16
      vertex 0 8 14
    endloop
  endfacet
  facet normal -0.065402 0.997859 -1.69525e-07
    outer loop
      vertex 0 8 16
      vertex -0.7 7.95412 14
      vertex -1.04421 7.93156 16
    endloop
  endfacet
  facet normal -0.0653798 0.99786 0
    outer loop
      vertex -0.825 7.94593 13.4289
      vertex -0.7 7.95412 14
      vertex -0.7 7.95412 13.4906
    endloop
  endfacet
  facet normal -0.0654562 0.997855 1.67932e-05
    outer loop
      vertex -1.00446 7.93416 13.309
      vertex -0.7 7.95412 14
      vertex -0.825 7.94593 13.4289
    endloop
  endfacet
  facet normal -0.0651758 0.997874 -0.000107287
    outer loop
      vertex -1.04421 7.93156 13.2742
      vertex -0.7 7.95412 14
      vertex -1.00446 7.93416 13.309
    endloop
  endfacet
  facet normal -0.0654011 0.997859 0
    outer loop
      vertex -0.7 7.95412 14
      vertex -1.04421 7.93156 13.2742
      vertex -1.04421 7.93156 16
    endloop
  endfacet
  facet normal -0.0653798 0.99786 0
    outer loop
      vertex -0.7 7.95412 1.49058
      vertex -0.825 7.94593 4.57106
      vertex -0.7 7.95412 4.50941
    endloop
  endfacet
  facet normal -0.0653798 0.99786 0
    outer loop
      vertex -0.825 7.94593 1.42894
      vertex -0.825 7.94593 4.57106
      vertex -0.7 7.95412 1.49058
    endloop
  endfacet
  facet normal -0.065445 0.997856 0
    outer loop
      vertex -0.825 7.94593 4.57106
      vertex -0.825 7.94593 1.42894
      vertex -1.00446 7.93416 4.69097
    endloop
  endfacet
  facet normal -0.065445 0.997856 0
    outer loop
      vertex -1.00446 7.93416 1.30903
      vertex -1.00446 7.93416 4.69097
      vertex -0.825 7.94593 1.42894
    endloop
  endfacet
  facet normal -0.0652693 0.997868 0
    outer loop
      vertex -1.00446 7.93416 4.69097
      vertex -1.00446 7.93416 1.30903
      vertex -1.04421 7.93156 4.72583
    endloop
  endfacet
  facet normal -0.0652693 0.997868 0
    outer loop
      vertex -1.04421 7.93156 4.72583
      vertex -1.00446 7.93416 1.30903
      vertex -1.04421 7.93156 1.27417
    endloop
  endfacet
  facet normal -0.0653798 0.99786 0
    outer loop
      vertex -0.7 7.95412 7.49058
      vertex -0.825 7.94593 10.5711
      vertex -0.7 7.95412 10.5094
    endloop
  endfacet
  facet normal -0.0653798 0.99786 0
    outer loop
      vertex -0.825 7.94593 7.42894
      vertex -0.825 7.94593 10.5711
      vertex -0.7 7.95412 7.49058
    endloop
  endfacet
  facet normal -0.065445 0.997856 0
    outer loop
      vertex -0.825 7.94593 10.5711
      vertex -0.825 7.94593 7.42894
      vertex -1.00446 7.93416 10.691
    endloop
  endfacet
  facet normal -0.065445 0.997856 0
    outer loop
      vertex -1.00446 7.93416 7.30903
      vertex -1.00446 7.93416 10.691
      vertex -0.825 7.94593 7.42894
    endloop
  endfacet
  facet normal -0.0652693 0.997868 0
    outer loop
      vertex -1.00446 7.93416 10.691
      vertex -1.00446 7.93416 7.30903
      vertex -1.04421 7.93156 10.7258
    endloop
  endfacet
  facet normal -0.0652693 0.997868 0
    outer loop
      vertex -1.04421 7.93156 10.7258
      vertex -1.00446 7.93416 7.30903
      vertex -1.04421 7.93156 7.27417
    endloop
  endfacet
  facet normal 0.751835 0.659351 0
    outer loop
      vertex 6.34683 4.87009 16
      vertex 5.65685 5.65685 0
      vertex 5.65685 5.65685 16
    endloop
  endfacet
  facet normal 0.751835 0.659351 0
    outer loop
      vertex 5.65685 5.65685 0
      vertex 6.34683 4.87009 16
      vertex 6.34683 4.87009 0
    endloop
  endfacet
  facet normal 0.659351 0.751835 -0
    outer loop
      vertex 5.65685 5.65685 0
      vertex 4.87009 6.34683 16
      vertex 5.65685 5.65685 16
    endloop
  endfacet
  facet normal 0.659351 0.751835 0
    outer loop
      vertex 4.87009 6.34683 16
      vertex 5.65685 5.65685 0
      vertex 4.87009 6.34683 0
    endloop
  endfacet
  facet normal 0.831472 -0.555567 0
    outer loop
      vertex 6.34683 -4.87009 16
      vertex 6.9282 -4 5.14565
      vertex 6.9282 -4 16
    endloop
  endfacet
  facet normal 0.831472 -0.555567 0
    outer loop
      vertex 6.34683 -4.87009 0
      vertex 6.9282 -4 5.14565
      vertex 6.34683 -4.87009 16
    endloop
  endfacet
  facet normal 0.831472 -0.555567 0
    outer loop
      vertex 6.9282 -4 5.14565
      vertex 6.34683 -4.87009 0
      vertex 6.9282 -4 0
    endloop
  endfacet
  facet normal -0.321438 0.946931 0
    outer loop
      vertex -2.07055 7.72741 0
      vertex -3.06147 7.39104 16
      vertex -2.07055 7.72741 16
    endloop
  endfacet
  facet normal -0.321438 0.946931 0
    outer loop
      vertex -3.06147 7.39104 16
      vertex -2.07055 7.72741 0
      vertex -3.06147 7.39104 0
    endloop
  endfacet
  facet normal 0.195089 0.980786 0
    outer loop
      vertex 2.07055 7.72741 16
      vertex 1.04421 7.93156 13.2742
      vertex 1.04421 7.93156 16
    endloop
  endfacet
  facet normal 0.195086 0.980786 1.21898e-06
    outer loop
      vertex 2.07055 7.72741 16
      vertex 1.16673 7.90719 13.1667
      vertex 1.04421 7.93156 13.2742
    endloop
  endfacet
  facet normal 0.195113 0.980781 -7.93897e-06
    outer loop
      vertex 2.07055 7.72741 16
      vertex 1.30903 7.87888 13.0045
      vertex 1.16673 7.90719 13.1667
    endloop
  endfacet
  facet normal 0.195079 0.980787 1.01998e-06
    outer loop
      vertex 2.07055 7.72741 16
      vertex 1.42894 7.85503 12.825
      vertex 1.30903 7.87888 13.0045
    endloop
  endfacet
  facet normal 0.195101 0.980783 -3.60063e-06
    outer loop
      vertex 2.07055 7.72741 16
      vertex 1.5244 7.83604 12.6314
      vertex 1.42894 7.85503 12.825
    endloop
  endfacet
  facet normal 0.195082 0.980787 -3.42559e-07
    outer loop
      vertex 2.07055 7.72741 16
      vertex 1.59378 7.82224 12.4271
      vertex 1.5244 7.83604 12.6314
    endloop
  endfacet
  facet normal 0.19503 0.980797 6.93832e-06
    outer loop
      vertex 2.07055 7.72741 16
      vertex 1.63588 7.81387 12.2154
      vertex 1.59378 7.82224 12.4271
    endloop
  endfacet
  facet normal 0.195122 0.980779 -4.05139e-06
    outer loop
      vertex 2.07055 7.72741 16
      vertex 1.65 7.81106 12
      vertex 1.63588 7.81387 12.2154
    endloop
  endfacet
  facet normal 0.194925 0.980818 1.74702e-05
    outer loop
      vertex 2.07055 7.72741 16
      vertex 1.63588 7.81387 11.7846
      vertex 1.65 7.81106 12
    endloop
  endfacet
  facet normal 0.195085 0.980786 0
    outer loop
      vertex 1.16673 7.90719 10.8333
      vertex 1.04421 7.93156 7.27417
      vertex 1.04421 7.93156 10.7258
    endloop
  endfacet
  facet normal 0.195122 0.980779 -0
    outer loop
      vertex 1.16673 7.90719 7.16673
      vertex 1.16673 7.90719 10.8333
      vertex 1.30903 7.87888 10.9955
    endloop
  endfacet
  facet normal 0.195078 0.980788 -0
    outer loop
      vertex 1.30903 7.87888 7.00446
      vertex 1.30903 7.87888 10.9955
      vertex 1.42894 7.85503 11.175
    endloop
  endfacet
  facet normal 0.195108 0.980782 -0
    outer loop
      vertex 1.42894 7.85503 6.825
      vertex 1.42894 7.85503 11.175
      vertex 1.5244 7.83604 11.3686
    endloop
  endfacet
  facet normal 0.195083 0.980787 -0
    outer loop
      vertex 1.5244 7.83604 6.63143
      vertex 1.5244 7.83604 11.3686
      vertex 1.59378 7.82224 11.5729
    endloop
  endfacet
  facet normal 0.194996 0.980804 -0
    outer loop
      vertex 1.59378 7.82224 6.42705
      vertex 1.59378 7.82224 11.5729
      vertex 1.63588 7.81387 11.7846
    endloop
  endfacet
  facet normal 0.195085 0.980786 0
    outer loop
      vertex 1.16673 7.90719 10.8333
      vertex 1.16673 7.90719 7.16673
      vertex 1.04421 7.93156 7.27417
    endloop
  endfacet
  facet normal 0.195088 0.980786 -0
    outer loop
      vertex 1.63588 7.81387 6.21537
      vertex 1.63588 7.81387 11.7846
      vertex 2.07055 7.72741 16
    endloop
  endfacet
  facet normal 0.195122 0.980779 0
    outer loop
      vertex 1.30903 7.87888 10.9955
      vertex 1.30903 7.87888 7.00446
      vertex 1.16673 7.90719 7.16673
    endloop
  endfacet
  facet normal 0.195078 0.980788 0
    outer loop
      vertex 1.42894 7.85503 11.175
      vertex 1.42894 7.85503 6.825
      vertex 1.30903 7.87888 7.00446
    endloop
  endfacet
  facet normal 0.195108 0.980782 0
    outer loop
      vertex 1.5244 7.83604 11.3686
      vertex 1.5244 7.83604 6.63143
      vertex 1.42894 7.85503 6.825
    endloop
  endfacet
  facet normal 0.195083 0.980787 0
    outer loop
      vertex 1.59378 7.82224 11.5729
      vertex 1.59378 7.82224 6.42705
      vertex 1.5244 7.83604 6.63143
    endloop
  endfacet
  facet normal 0.194996 0.980804 0
    outer loop
      vertex 1.63588 7.81387 11.7846
      vertex 1.63588 7.81387 6.21537
      vertex 1.59378 7.82224 6.42705
    endloop
  endfacet
  facet normal 0.195143 0.980775 -2.5707e-06
    outer loop
      vertex 2.07055 7.72741 16
      vertex 1.65 7.81106 6
      vertex 1.63588 7.81387 6.21537
    endloop
  endfacet
  facet normal 0.195085 0.980786 0
    outer loop
      vertex 1.16673 7.90719 4.83327
      vertex 1.04421 7.93156 1.27417
      vertex 1.04421 7.93156 4.72583
    endloop
  endfacet
  facet normal 0.195122 0.980779 -0
    outer loop
      vertex 1.16673 7.90719 1.16673
      vertex 1.16673 7.90719 4.83327
      vertex 1.30903 7.87888 4.99554
    endloop
  endfacet
  facet normal 0.195078 0.980788 -0
    outer loop
      vertex 1.30903 7.87888 1.00446
      vertex 1.30903 7.87888 4.99554
      vertex 1.42894 7.85503 5.175
    endloop
  endfacet
  facet normal 0.195104 0.980783 2.48876e-06
    outer loop
      vertex 2.07055 7.72741 0
      vertex 1.42894 7.85503 5.175
      vertex 1.5244 7.83604 5.36857
    endloop
  endfacet
  facet normal 0.195082 0.980787 2.44339e-07
    outer loop
      vertex 2.07055 7.72741 0
      vertex 1.5244 7.83604 5.36857
      vertex 1.59378 7.82224 5.57295
    endloop
  endfacet
  facet normal 0.195021 0.980799 -5.19741e-06
    outer loop
      vertex 2.07055 7.72741 0
      vertex 1.59378 7.82224 5.57295
      vertex 1.63588 7.81387 5.78463
    endloop
  endfacet
  facet normal 0.195085 0.980786 0
    outer loop
      vertex 1.16673 7.90719 4.83327
      vertex 1.16673 7.90719 1.16673
      vertex 1.04421 7.93156 1.27417
    endloop
  endfacet
  facet normal 0.195122 0.980779 0
    outer loop
      vertex 1.30903 7.87888 4.99554
      vertex 1.30903 7.87888 1.00446
      vertex 1.16673 7.90719 1.16673
    endloop
  endfacet
  facet normal 0.195078 0.980788 0
    outer loop
      vertex 1.42894 7.85503 5.175
      vertex 1.42894 7.85503 0.825
      vertex 1.30903 7.87888 1.00446
    endloop
  endfacet
  facet normal 0.195131 0.980777 3.39899e-06
    outer loop
      vertex 2.07055 7.72741 0
      vertex 1.63588 7.81387 5.78463
      vertex 1.65 7.81106 6
    endloop
  endfacet
  facet normal 0.195084 0.980786 0
    outer loop
      vertex 1.42894 7.85503 5.175
      vertex 2.07055 7.72741 0
      vertex 1.42894 7.85503 0.825
    endloop
  endfacet
  facet normal 0.195084 0.980786 -0
    outer loop
      vertex 2.07055 7.72741 0
      vertex 1.65 7.81106 6
      vertex 2.07055 7.72741 16
    endloop
  endfacet
  facet normal 0.195042 0.980795 -3.38566e-05
    outer loop
      vertex 1.42894 7.85503 0.825
      vertex 2.07055 7.72741 0
      vertex 1.5244 7.83604 0.631427
    endloop
  endfacet
  facet normal 0.195078 0.980788 -1.74429e-06
    outer loop
      vertex 1.5244 7.83604 0.631427
      vertex 2.07055 7.72741 0
      vertex 1.59378 7.82224 0.427051
    endloop
  endfacet
  facet normal 0.195098 0.980784 2.1025e-05
    outer loop
      vertex 1.59378 7.82224 0.427051
      vertex 2.07055 7.72741 0
      vertex 1.63588 7.81387 0.215367
    endloop
  endfacet
  facet normal 0.195084 0.980786 -6.57846e-06
    outer loop
      vertex 1.63588 7.81387 0.215367
      vertex 2.07055 7.72741 0
      vertex 1.65 7.81106 0
    endloop
  endfacet
  facet normal -0.89687 -0.442295 0
    outer loop
      vertex -6.9282 -4 4
      vertex -7.39104 -3.06147 16
      vertex -7.39104 -3.06147 3.06147
    endloop
  endfacet
  facet normal -0.89687 -0.442295 0
    outer loop
      vertex -7.39104 -3.06147 16
      vertex -6.9282 -4 4
      vertex -6.9282 -4 16
    endloop
  endfacet
  facet normal 0.946931 -0.321438 0
    outer loop
      vertex 7.39104 -3.06147 5.08517
      vertex 7.72741 -2.07055 16
      vertex 7.39104 -3.06147 16
    endloop
  endfacet
  facet normal 0.946931 -0.321438 0
    outer loop
      vertex 7.72741 -2.07055 16
      vertex 7.39104 -3.06147 5.08517
      vertex 7.72741 -2.07055 5.04121
    endloop
  endfacet
  facet normal 0.065402 0.997859 -1.69525e-07
    outer loop
      vertex 1.04421 7.93156 16
      vertex 0.7 7.95412 14
      vertex 0 8 16
    endloop
  endfacet
  facet normal 0.0654011 0.997859 -0
    outer loop
      vertex 1.04421 7.93156 13.2742
      vertex 0.7 7.95412 14
      vertex 1.04421 7.93156 16
    endloop
  endfacet
  facet normal 0.0653798 0.99786 0
    outer loop
      vertex 0.7 7.95412 14
      vertex 0.825 7.94593 13.4289
      vertex 0.7 7.95412 13.4906
    endloop
  endfacet
  facet normal 0.0654562 0.997855 1.67932e-05
    outer loop
      vertex 0.7 7.95412 14
      vertex 1.00446 7.93416 13.309
      vertex 0.825 7.94593 13.4289
    endloop
  endfacet
  facet normal 0.0651758 0.997874 -0.000107287
    outer loop
      vertex 0.7 7.95412 14
      vertex 1.04421 7.93156 13.2742
      vertex 1.00446 7.93416 13.309
    endloop
  endfacet
  facet normal 0.0654025 0.997859 0
    outer loop
      vertex 0 8 16
      vertex 0.7 7.95412 14
      vertex 0 8 14
    endloop
  endfacet
  facet normal 0.0653798 0.99786 0
    outer loop
      vertex 0.825 7.94593 4.57106
      vertex 0.7 7.95412 1.49058
      vertex 0.7 7.95412 4.50941
    endloop
  endfacet
  facet normal 0.065445 0.997856 -0
    outer loop
      vertex 0.825 7.94593 1.42894
      vertex 0.825 7.94593 4.57106
      vertex 1.00446 7.93416 4.69097
    endloop
  endfacet
  facet normal 0.0652693 0.997868 -0
    outer loop
      vertex 1.00446 7.93416 1.30903
      vertex 1.00446 7.93416 4.69097
      vertex 1.04421 7.93156 4.72583
    endloop
  endfacet
  facet normal 0.0653798 0.99786 0
    outer loop
      vertex 0.825 7.94593 4.57106
      vertex 0.825 7.94593 1.42894
      vertex 0.7 7.95412 1.49058
    endloop
  endfacet
  facet normal 0.065445 0.997856 0
    outer loop
      vertex 1.00446 7.93416 4.69097
      vertex 1.00446 7.93416 1.30903
      vertex 0.825 7.94593 1.42894
    endloop
  endfacet
  facet normal 0.0652693 0.997868 0
    outer loop
      vertex 1.00446 7.93416 1.30903
      vertex 1.04421 7.93156 4.72583
      vertex 1.04421 7.93156 1.27417
    endloop
  endfacet
  facet normal 0.0653798 0.99786 0
    outer loop
      vertex 0.825 7.94593 10.5711
      vertex 0.7 7.95412 7.49058
      vertex 0.7 7.95412 10.5094
    endloop
  endfacet
  facet normal 0.065445 0.997856 -0
    outer loop
      vertex 0.825 7.94593 7.42894
      vertex 0.825 7.94593 10.5711
      vertex 1.00446 7.93416 10.691
    endloop
  endfacet
  facet normal 0.0652693 0.997868 -0
    outer loop
      vertex 1.00446 7.93416 7.30903
      vertex 1.00446 7.93416 10.691
      vertex 1.04421 7.93156 10.7258
    endloop
  endfacet
  facet normal 0.0653798 0.99786 0
    outer loop
      vertex 0.825 7.94593 10.5711
      vertex 0.825 7.94593 7.42894
      vertex 0.7 7.95412 7.49058
    endloop
  endfacet
  facet normal 0.065445 0.997856 0
    outer loop
      vertex 1.00446 7.93416 10.691
      vertex 1.00446 7.93416 7.30903
      vertex 0.825 7.94593 7.42894
    endloop
  endfacet
  facet normal 0.0652693 0.997868 0
    outer loop
      vertex 1.00446 7.93416 7.30903
      vertex 1.04421 7.93156 10.7258
      vertex 1.04421 7.93156 7.27417
    endloop
  endfacet
  facet normal -0.831472 -0.555567 0
    outer loop
      vertex -6.34683 -4.87009 0
      vertex -6.9282 -4 4
      vertex -6.9282 -4 0
    endloop
  endfacet
  facet normal -0.831472 -0.555567 -0
    outer loop
      vertex -6.34683 -4.87009 16
      vertex -6.9282 -4 4
      vertex -6.34683 -4.87009 0
    endloop
  endfacet
  facet normal -0.831472 -0.555567 0
    outer loop
      vertex -6.9282 -4 4
      vertex -6.34683 -4.87009 16
      vertex -6.9282 -4 16
    endloop
  endfacet
  facet normal -0.946931 -0.321438 0
    outer loop
      vertex -7.39104 -3.06147 3.06147
      vertex -7.72741 -2.07055 16
      vertex -7.72741 -2.07055 2.07055
    endloop
  endfacet
  facet normal -0.946931 -0.321438 0
    outer loop
      vertex -7.72741 -2.07055 16
      vertex -7.39104 -3.06147 3.06147
      vertex -7.39104 -3.06147 16
    endloop
  endfacet
  facet normal 0.89687 -0.442295 0
    outer loop
      vertex 6.9282 -4 5.14565
      vertex 7.39104 -3.06147 16
      vertex 6.9282 -4 16
    endloop
  endfacet
  facet normal 0.89687 -0.442295 0
    outer loop
      vertex 7.39104 -3.06147 16
      vertex 6.9282 -4 5.14565
      vertex 7.39104 -3.06147 5.08517
    endloop
  endfacet
  facet normal -0.997859 0.065402 0
    outer loop
      vertex -8 0 16
      vertex -7.93156 1.04421 1.04421
      vertex -8 0 0
    endloop
  endfacet
  facet normal -0.997859 0.065402 0
    outer loop
      vertex -7.93156 1.04421 1.04421
      vertex -8 0 16
      vertex -7.93156 1.04421 16
    endloop
  endfacet
  facet normal -0.751835 0.659351 0
    outer loop
      vertex -6.34683 4.87009 0
      vertex -5.65685 5.65685 16
      vertex -5.65685 5.65685 0
    endloop
  endfacet
  facet normal -0.751835 0.659351 0
    outer loop
      vertex -5.65685 5.65685 16
      vertex -6.34683 4.87009 0
      vertex -6.34683 4.87009 16
    endloop
  endfacet
  facet normal 0 0 -1
    outer loop
      vertex -6.34683 4.87009 0
      vertex -5.05 5.15 0
      vertex -5.05 4 0
    endloop
  endfacet
  facet normal -0 0 -1
    outer loop
      vertex -5.05 5.15 0
      vertex -6.34683 4.87009 0
      vertex -5.65685 5.65685 0
    endloop
  endfacet
  facet normal 0 -0 -1
    outer loop
      vertex -6.34683 4.87009 0
      vertex -5.05 4 0
      vertex -6.9282 4 0
    endloop
  endfacet
  facet normal 0 0 -1
    outer loop
      vertex -1.65 5.15 0
      vertex -2.07055 7.72741 0
      vertex -1.65 7.81106 0
    endloop
  endfacet
  facet normal 0 0 -1
    outer loop
      vertex -1.65 5.15 0
      vertex -3.06147 7.39104 0
      vertex -2.07055 7.72741 0
    endloop
  endfacet
  facet normal 0 0 -1
    outer loop
      vertex -1.65 5.15 0
      vertex -4 6.9282 0
      vertex -3.06147 7.39104 0
    endloop
  endfacet
  facet normal 0 0 -1
    outer loop
      vertex -5.05 5.15 0
      vertex -4 6.9282 0
      vertex -1.65 5.15 0
    endloop
  endfacet
  facet normal 0 0 -1
    outer loop
      vertex -4 6.9282 0
      vertex -5.05 5.15 0
      vertex -4.87009 6.34683 0
    endloop
  endfacet
  facet normal 0 0 -1
    outer loop
      vertex -4.87009 6.34683 0
      vertex -5.05 5.15 0
      vertex -5.65685 5.65685 0
    endloop
  endfacet
  facet normal 0 0 -1
    outer loop
      vertex 4.87009 -6.34683 0
      vertex 5.05 -5.15 0
      vertex 5.65685 -5.65685 0
    endloop
  endfacet
  facet normal 0 0 -1
    outer loop
      vertex 4 -6.9282 0
      vertex 5.05 -5.15 0
      vertex 4.87009 -6.34683 0
    endloop
  endfacet
  facet normal 0 0 -1
    outer loop
      vertex 1.65 -5.15 0
      vertex 4 -6.9282 0
      vertex 3.06147 -7.39104 0
    endloop
  endfacet
  facet normal 0 0 -1
    outer loop
      vertex 1.65 -5.15 0
      vertex 3.06147 -7.39104 0
      vertex 2.07055 -7.72741 0
    endloop
  endfacet
  facet normal 0 0 -1
    outer loop
      vertex 1.65 -5.15 0
      vertex 2.07055 -7.72741 0
      vertex 1.65 -7.81106 0
    endloop
  endfacet
  facet normal 0 0 -1
    outer loop
      vertex 4 -6.9282 0
      vertex 1.65 -5.15 0
      vertex 5.05 -5.15 0
    endloop
  endfacet
  facet normal 0 0 -1
    outer loop
      vertex 5.05 -5.15 0
      vertex 6.34683 -4.87009 0
      vertex 5.65685 -5.65685 0
    endloop
  endfacet
  facet normal 0 0 -1
    outer loop
      vertex 5.05 -4 0
      vertex 6.34683 -4.87009 0
      vertex 5.05 -5.15 0
    endloop
  endfacet
  facet normal 0 0 -1
    outer loop
      vertex 6.34683 -4.87009 0
      vertex 5.05 -4 0
      vertex 6.9282 -4 0
    endloop
  endfacet
  facet normal 0 0 -1
    outer loop
      vertex 5.05 4 0
      vertex 6.34683 4.87009 0
      vertex 6.9282 4 0
    endloop
  endfacet
  facet normal -0 0 -1
    outer loop
      vertex 6.34683 4.87009 0
      vertex 5.05 4 0
      vertex 5.05 5.15 0
    endloop
  endfacet
  facet normal 0 0 -1
    outer loop
      vertex 6.34683 4.87009 0
      vertex 5.05 5.15 0
      vertex 5.65685 5.65685 0
    endloop
  endfacet
  facet normal 0 0 -1
    outer loop
      vertex 5.05 5.15 0
      vertex 4.87009 6.34683 0
      vertex 5.65685 5.65685 0
    endloop
  endfacet
  facet normal 0 0 -1
    outer loop
      vertex 5.05 5.15 0
      vertex 4 6.9282 0
      vertex 4.87009 6.34683 0
    endloop
  endfacet
  facet normal 0 0 -1
    outer loop
      vertex 1.65 5.15 0
      vertex 4 6.9282 0
      vertex 5.05 5.15 0
    endloop
  endfacet
  facet normal -0 0 -1
    outer loop
      vertex 4 6.9282 0
      vertex 1.65 5.15 0
      vertex 3.06147 7.39104 0
    endloop
  endfacet
  facet normal -0 0 -1
    outer loop
      vertex 3.06147 7.39104 0
      vertex 1.65 5.15 0
      vertex 2.07055 7.72741 0
    endloop
  endfacet
  facet normal -0 0 -1
    outer loop
      vertex 2.07055 7.72741 0
      vertex 1.65 5.15 0
      vertex 1.65 7.81106 0
    endloop
  endfacet
  facet normal 0 0 -1
    outer loop
      vertex -2.07055 -7.72741 0
      vertex -1.65 -5.15 0
      vertex -1.65 -7.81106 0
    endloop
  endfacet
  facet normal 0 0 -1
    outer loop
      vertex -3.06147 -7.39104 0
      vertex -1.65 -5.15 0
      vertex -2.07055 -7.72741 0
    endloop
  endfacet
  facet normal 0 0 -1
    outer loop
      vertex -4 -6.9282 0
      vertex -1.65 -5.15 0
      vertex -3.06147 -7.39104 0
    endloop
  endfacet
  facet normal 0 0 -1
    outer loop
      vertex -5.05 -5.15 0
      vertex -4 -6.9282 0
      vertex -4.87009 -6.34683 0
    endloop
  endfacet
  facet normal 0 0 -1
    outer loop
      vertex -4 -6.9282 0
      vertex -5.05 -5.15 0
      vertex -1.65 -5.15 0
    endloop
  endfacet
  facet normal 0 0 -1
    outer loop
      vertex -5.65685 -5.65685 0
      vertex -5.05 -5.15 0
      vertex -4.87009 -6.34683 0
    endloop
  endfacet
  facet normal 0 0 -1
    outer loop
      vertex -6.34683 -4.87009 0
      vertex -5.05 -5.15 0
      vertex -5.65685 -5.65685 0
    endloop
  endfacet
  facet normal 0 0 -1
    outer loop
      vertex -5.05 -5.15 0
      vertex -6.34683 -4.87009 0
      vertex -5.05 -4 0
    endloop
  endfacet
  facet normal -0 0 -1
    outer loop
      vertex -5.05 -4 0
      vertex -6.34683 -4.87009 0
      vertex -6.9282 -4 0
    endloop
  endfacet
  facet normal -0.946931 0.321438 0
    outer loop
      vertex -7.72741 2.07055 16
      vertex -7.39104 3.06147 3.06147
      vertex -7.72741 2.07055 2.07055
    endloop
  endfacet
  facet normal -0.946931 0.321438 0
    outer loop
      vertex -7.39104 3.06147 3.06147
      vertex -7.72741 2.07055 16
      vertex -7.39104 3.06147 16
    endloop
  endfacet
  facet normal 0.442295 -0.89687 0
    outer loop
      vertex 3.06147 -7.39104 0
      vertex 4 -6.9282 16
      vertex 3.06147 -7.39104 16
    endloop
  endfacet
  facet normal 0.442295 -0.89687 0
    outer loop
      vertex 4 -6.9282 16
      vertex 3.06147 -7.39104 0
      vertex 4 -6.9282 0
    endloop
  endfacet
  facet normal -0.195089 -0.980786 0
    outer loop
      vertex -2.07055 -7.72741 16
      vertex -1.04421 -7.93156 13.2742
      vertex -1.04421 -7.93156 16
    endloop
  endfacet
  facet normal -0.195086 -0.980786 1.21898e-06
    outer loop
      vertex -2.07055 -7.72741 16
      vertex -1.16673 -7.90719 13.1667
      vertex -1.04421 -7.93156 13.2742
    endloop
  endfacet
  facet normal -0.195113 -0.980781 -7.93897e-06
    outer loop
      vertex -2.07055 -7.72741 16
      vertex -1.30903 -7.87888 13.0045
      vertex -1.16673 -7.90719 13.1667
    endloop
  endfacet
  facet normal -0.195079 -0.980787 1.01998e-06
    outer loop
      vertex -2.07055 -7.72741 16
      vertex -1.42894 -7.85503 12.825
      vertex -1.30903 -7.87888 13.0045
    endloop
  endfacet
  facet normal -0.195101 -0.980783 -3.60063e-06
    outer loop
      vertex -2.07055 -7.72741 16
      vertex -1.5244 -7.83604 12.6314
      vertex -1.42894 -7.85503 12.825
    endloop
  endfacet
  facet normal -0.195082 -0.980787 -3.42559e-07
    outer loop
      vertex -2.07055 -7.72741 16
      vertex -1.59378 -7.82224 12.4271
      vertex -1.5244 -7.83604 12.6314
    endloop
  endfacet
  facet normal -0.19503 -0.980797 6.93832e-06
    outer loop
      vertex -2.07055 -7.72741 16
      vertex -1.63588 -7.81387 12.2154
      vertex -1.59378 -7.82224 12.4271
    endloop
  endfacet
  facet normal -0.195122 -0.980779 -4.05139e-06
    outer loop
      vertex -2.07055 -7.72741 16
      vertex -1.65 -7.81106 12
      vertex -1.63588 -7.81387 12.2154
    endloop
  endfacet
  facet normal -0.194925 -0.980818 1.74702e-05
    outer loop
      vertex -2.07055 -7.72741 16
      vertex -1.63588 -7.81387 11.7846
      vertex -1.65 -7.81106 12
    endloop
  endfacet
  facet normal -0.195085 -0.980786 0
    outer loop
      vertex -1.16673 -7.90719 10.8333
      vertex -1.04421 -7.93156 7.27417
      vertex -1.04421 -7.93156 10.7258
    endloop
  endfacet
  facet normal -0.195122 -0.980779 0
    outer loop
      vertex -1.16673 -7.90719 7.16673
      vertex -1.16673 -7.90719 10.8333
      vertex -1.30903 -7.87888 10.9955
    endloop
  endfacet
  facet normal -0.195078 -0.980788 0
    outer loop
      vertex -1.30903 -7.87888 7.00446
      vertex -1.30903 -7.87888 10.9955
      vertex -1.42894 -7.85503 11.175
    endloop
  endfacet
  facet normal -0.195108 -0.980782 0
    outer loop
      vertex -1.42894 -7.85503 6.825
      vertex -1.42894 -7.85503 11.175
      vertex -1.5244 -7.83604 11.3686
    endloop
  endfacet
  facet normal -0.195083 -0.980787 0
    outer loop
      vertex -1.5244 -7.83604 6.63143
      vertex -1.5244 -7.83604 11.3686
      vertex -1.59378 -7.82224 11.5729
    endloop
  endfacet
  facet normal -0.194996 -0.980804 0
    outer loop
      vertex -1.59378 -7.82224 6.42705
      vertex -1.59378 -7.82224 11.5729
      vertex -1.63588 -7.81387 11.7846
    endloop
  endfacet
  facet normal -0.195085 -0.980786 -0
    outer loop
      vertex -1.16673 -7.90719 10.8333
      vertex -1.16673 -7.90719 7.16673
      vertex -1.04421 -7.93156 7.27417
    endloop
  endfacet
  facet normal -0.195088 -0.980786 0
    outer loop
      vertex -1.63588 -7.81387 6.21537
      vertex -1.63588 -7.81387 11.7846
      vertex -2.07055 -7.72741 16
    endloop
  endfacet
  facet normal -0.195122 -0.980779 -0
    outer loop
      vertex -1.30903 -7.87888 10.9955
      vertex -1.30903 -7.87888 7.00446
      vertex -1.16673 -7.90719 7.16673
    endloop
  endfacet
  facet normal -0.195078 -0.980788 -0
    outer loop
      vertex -1.42894 -7.85503 11.175
      vertex -1.42894 -7.85503 6.825
      vertex -1.30903 -7.87888 7.00446
    endloop
  endfacet
  facet normal -0.195108 -0.980782 -0
    outer loop
      vertex -1.5244 -7.83604 11.3686
      vertex -1.5244 -7.83604 6.63143
      vertex -1.42894 -7.85503 6.825
    endloop
  endfacet
  facet normal -0.195083 -0.980787 -0
    outer loop
      vertex -1.59378 -7.82224 11.5729
      vertex -1.59378 -7.82224 6.42705
      vertex -1.5244 -7.83604 6.63143
    endloop
  endfacet
  facet normal -0.194996 -0.980804 -0
    outer loop
      vertex -1.63588 -7.81387 11.7846
      vertex -1.63588 -7.81387 6.21537
      vertex -1.59378 -7.82224 6.42705
    endloop
  endfacet
  facet normal -0.195143 -0.980775 -2.5707e-06
    outer loop
      vertex -2.07055 -7.72741 16
      vertex -1.65 -7.81106 6
      vertex -1.63588 -7.81387 6.21537
    endloop
  endfacet
  facet normal -0.195085 -0.980786 0
    outer loop
      vertex -1.16673 -7.90719 4.83327
      vertex -1.04421 -7.93156 1.27417
      vertex -1.04421 -7.93156 4.72583
    endloop
  endfacet
  facet normal -0.195122 -0.980779 0
    outer loop
      vertex -1.16673 -7.90719 1.16673
      vertex -1.16673 -7.90719 4.83327
      vertex -1.30903 -7.87888 4.99554
    endloop
  endfacet
  facet normal -0.195078 -0.980788 0
    outer loop
      vertex -1.30903 -7.87888 1.00446
      vertex -1.30903 -7.87888 4.99554
      vertex -1.42894 -7.85503 5.175
    endloop
  endfacet
  facet normal -0.195104 -0.980783 2.48876e-06
    outer loop
      vertex -2.07055 -7.72741 0
      vertex -1.42894 -7.85503 5.175
      vertex -1.5244 -7.83604 5.36857
    endloop
  endfacet
  facet normal -0.195082 -0.980787 2.44339e-07
    outer loop
      vertex -2.07055 -7.72741 0
      vertex -1.5244 -7.83604 5.36857
      vertex -1.59378 -7.82224 5.57295
    endloop
  endfacet
  facet normal -0.195021 -0.980799 -5.19741e-06
    outer loop
      vertex -2.07055 -7.72741 0
      vertex -1.59378 -7.82224 5.57295
      vertex -1.63588 -7.81387 5.78463
    endloop
  endfacet
  facet normal -0.195085 -0.980786 -0
    outer loop
      vertex -1.16673 -7.90719 4.83327
      vertex -1.16673 -7.90719 1.16673
      vertex -1.04421 -7.93156 1.27417
    endloop
  endfacet
  facet normal -0.195122 -0.980779 -0
    outer loop
      vertex -1.30903 -7.87888 4.99554
      vertex -1.30903 -7.87888 1.00446
      vertex -1.16673 -7.90719 1.16673
    endloop
  endfacet
  facet normal -0.195078 -0.980788 -0
    outer loop
      vertex -1.42894 -7.85503 5.175
      vertex -1.42894 -7.85503 0.825
      vertex -1.30903 -7.87888 1.00446
    endloop
  endfacet
  facet normal -0.195131 -0.980777 3.39899e-06
    outer loop
      vertex -2.07055 -7.72741 0
      vertex -1.63588 -7.81387 5.78463
      vertex -1.65 -7.81106 6
    endloop
  endfacet
  facet normal -0.195084 -0.980786 -0
    outer loop
      vertex -1.42894 -7.85503 5.175
      vertex -2.07055 -7.72741 0
      vertex -1.42894 -7.85503 0.825
    endloop
  endfacet
  facet normal -0.195084 -0.980786 0
    outer loop
      vertex -2.07055 -7.72741 0
      vertex -1.65 -7.81106 6
      vertex -2.07055 -7.72741 16
    endloop
  endfacet
  facet normal -0.195042 -0.980795 -3.38566e-05
    outer loop
      vertex -1.42894 -7.85503 0.825
      vertex -2.07055 -7.72741 0
      vertex -1.5244 -7.83604 0.631427
    endloop
  endfacet
  facet normal -0.195078 -0.980788 -1.74429e-06
    outer loop
      vertex -1.5244 -7.83604 0.631427
      vertex -2.07055 -7.72741 0
      vertex -1.59378 -7.82224 0.427051
    endloop
  endfacet
  facet normal -0.195098 -0.980784 2.1025e-05
    outer loop
      vertex -1.59378 -7.82224 0.427051
      vertex -2.07055 -7.72741 0
      vertex -1.63588 -7.81387 0.215367
    endloop
  endfacet
  facet normal -0.195084 -0.980786 -6.57846e-06
    outer loop
      vertex -1.63588 -7.81387 0.215367
      vertex -2.07055 -7.72741 0
      vertex -1.65 -7.81106 0
    endloop
  endfacet
  facet normal -0.751835 -0.659351 0
    outer loop
      vertex -5.65685 -5.65685 0
      vertex -6.34683 -4.87009 16
      vertex -6.34683 -4.87009 0
    endloop
  endfacet
  facet normal -0.751835 -0.659351 0
    outer loop
      vertex -6.34683 -4.87009 16
      vertex -5.65685 -5.65685 0
      vertex -5.65685 -5.65685 16
    endloop
  endfacet
  facet normal -0.831472 0.555567 0
    outer loop
      vertex -6.9282 4 4
      vertex -6.34683 4.87009 0
      vertex -6.9282 4 0
    endloop
  endfacet
  facet normal -0.831472 0.555567 0
    outer loop
      vertex -6.34683 4.87009 0
      vertex -6.9282 4 4
      vertex -6.34683 4.87009 16
    endloop
  endfacet
  facet normal -0.831472 0.555567 0
    outer loop
      vertex -6.34683 4.87009 16
      vertex -6.9282 4 4
      vertex -6.9282 4 16
    endloop
  endfacet
  facet normal -0.89687 0.442295 0
    outer loop
      vertex -7.39104 3.06147 16
      vertex -6.9282 4 4
      vertex -7.39104 3.06147 3.06147
    endloop
  endfacet
  facet normal -0.89687 0.442295 0
    outer loop
      vertex -6.9282 4 4
      vertex -7.39104 3.06147 16
      vertex -6.9282 4 16
    endloop
  endfacet
  facet normal -0.065402 -0.997859 -1.69525e-07
    outer loop
      vertex -1.04421 -7.93156 16
      vertex -0.7 -7.95412 14
      vertex 0 -8 16
    endloop
  endfacet
  facet normal -0.0654011 -0.997859 0
    outer loop
      vertex -1.04421 -7.93156 13.2742
      vertex -0.7 -7.95412 14
      vertex -1.04421 -7.93156 16
    endloop
  endfacet
  facet normal -0.0653798 -0.99786 -0
    outer loop
      vertex -0.7 -7.95412 14
      vertex -0.825 -7.94593 13.4289
      vertex -0.7 -7.95412 13.4906
    endloop
  endfacet
  facet normal -0.0654562 -0.997855 1.67932e-05
    outer loop
      vertex -0.7 -7.95412 14
      vertex -1.00446 -7.93416 13.309
      vertex -0.825 -7.94593 13.4289
    endloop
  endfacet
  facet normal -0.0651758 -0.997874 -0.000107287
    outer loop
      vertex -0.7 -7.95412 14
      vertex -1.04421 -7.93156 13.2742
      vertex -1.00446 -7.93416 13.309
    endloop
  endfacet
  facet normal -0.0654025 -0.997859 -0
    outer loop
      vertex 0 -8 16
      vertex -0.7 -7.95412 14
      vertex 0 -8 14
    endloop
  endfacet
  facet normal -0.0653798 -0.99786 0
    outer loop
      vertex -0.825 -7.94593 4.57106
      vertex -0.7 -7.95412 1.49058
      vertex -0.7 -7.95412 4.50941
    endloop
  endfacet
  facet normal -0.065445 -0.997856 0
    outer loop
      vertex -0.825 -7.94593 1.42894
      vertex -0.825 -7.94593 4.57106
      vertex -1.00446 -7.93416 4.69097
    endloop
  endfacet
  facet normal -0.0652693 -0.997868 0
    outer loop
      vertex -1.00446 -7.93416 1.30903
      vertex -1.00446 -7.93416 4.69097
      vertex -1.04421 -7.93156 4.72583
    endloop
  endfacet
  facet normal -0.0653798 -0.99786 -0
    outer loop
      vertex -0.825 -7.94593 4.57106
      vertex -0.825 -7.94593 1.42894
      vertex -0.7 -7.95412 1.49058
    endloop
  endfacet
  facet normal -0.065445 -0.997856 -0
    outer loop
      vertex -1.00446 -7.93416 4.69097
      vertex -1.00446 -7.93416 1.30903
      vertex -0.825 -7.94593 1.42894
    endloop
  endfacet
  facet normal -0.0652693 -0.997868 0
    outer loop
      vertex -1.00446 -7.93416 1.30903
      vertex -1.04421 -7.93156 4.72583
      vertex -1.04421 -7.93156 1.27417
    endloop
  endfacet
  facet normal -0.0653798 -0.99786 0
    outer loop
      vertex -0.825 -7.94593 10.5711
      vertex -0.7 -7.95412 7.49058
      vertex -0.7 -7.95412 10.5094
    endloop
  endfacet
  facet normal -0.065445 -0.997856 0
    outer loop
      vertex -0.825 -7.94593 7.42894
      vertex -0.825 -7.94593 10.5711
      vertex -1.00446 -7.93416 10.691
    endloop
  endfacet
  facet normal -0.0652693 -0.997868 0
    outer loop
      vertex -1.00446 -7.93416 7.30903
      vertex -1.00446 -7.93416 10.691
      vertex -1.04421 -7.93156 10.7258
    endloop
  endfacet
  facet normal -0.0653798 -0.99786 -0
    outer loop
      vertex -0.825 -7.94593 10.5711
      vertex -0.825 -7.94593 7.42894
      vertex -0.7 -7.95412 7.49058
    endloop
  endfacet
  facet normal -0.065445 -0.997856 -0
    outer loop
      vertex -1.00446 -7.93416 10.691
      vertex -1.00446 -7.93416 7.30903
      vertex -0.825 -7.94593 7.42894
    endloop
  endfacet
  facet normal -0.0652693 -0.997868 0
    outer loop
      vertex -1.00446 -7.93416 7.30903
      vertex -1.04421 -7.93156 10.7258
      vertex -1.04421 -7.93156 7.27417
    endloop
  endfacet
  facet normal -0.659351 -0.751835 0
    outer loop
      vertex -5.65685 -5.65685 0
      vertex -4.87009 -6.34683 16
      vertex -5.65685 -5.65685 16
    endloop
  endfacet
  facet normal -0.659351 -0.751835 -0
    outer loop
      vertex -4.87009 -6.34683 16
      vertex -5.65685 -5.65685 0
      vertex -4.87009 -6.34683 0
    endloop
  endfacet
  facet normal 0.751835 -0.659351 0
    outer loop
      vertex 5.65685 -5.65685 16
      vertex 6.34683 -4.87009 0
      vertex 6.34683 -4.87009 16
    endloop
  endfacet
  facet normal 0.751835 -0.659351 0
    outer loop
      vertex 6.34683 -4.87009 0
      vertex 5.65685 -5.65685 16
      vertex 5.65685 -5.65685 0
    endloop
  endfacet
  facet normal 0 0 -1
    outer loop
      vertex 30.108 -4 -6
      vertex 31 4 -6
      vertex 31 -4 -6
    endloop
  endfacet
  facet normal -0 0 -1
    outer loop
      vertex 31 4 -6
      vertex 30.108 -4 -6
      vertex 30.108 4 -6
    endloop
  endfacet
  facet normal 0 0 -1
    outer loop
      vertex 5.26557 -4 -6
      vertex 15.892 4 -6
      vertex 15.892 -4 -6
    endloop
  endfacet
  facet normal -0 0 -1
    outer loop
      vertex 15.892 4 -6
      vertex 5.26557 -4 -6
      vertex 5.26557 4 -6
    endloop
  endfacet
  facet normal 1 -0 0
    outer loop
      vertex 31 -4 2
      vertex 31 4 -6
      vertex 31 4 2
    endloop
  endfacet
  facet normal 1 0 0
    outer loop
      vertex 31 4 -6
      vertex 31 -4 2
      vertex 31 -4 -6
    endloop
  endfacet
  facet normal 0.129576 0 0.991569
    outer loop
      vertex 31 4 2
      vertex 8 0 5.00559
      vertex 31 -4 2
    endloop
  endfacet
  facet normal 0.129576 3.37099e-06 0.99157
    outer loop
      vertex 31 4 2
      vertex 7.93156 1.04421 5.01453
      vertex 8 0 5.00559
    endloop
  endfacet
  facet normal 0.129576 -2.02891e-06 0.991569
    outer loop
      vertex 31 4 2
      vertex 7.72741 2.07055 5.04121
      vertex 7.93156 1.04421 5.01453
    endloop
  endfacet
  facet normal 0.129576 -3.81604e-06 0.991569
    outer loop
      vertex 31 4 2
      vertex 7.39104 3.06147 5.08517
      vertex 7.72741 2.07055 5.04121
    endloop
  endfacet
  facet normal 0.129576 3.08029e-06 0.991569
    outer loop
      vertex 7.39104 3.06147 5.08517
      vertex 31 4 2
      vertex 6.9282 4 5.14565
    endloop
  endfacet
  facet normal 0.129576 -3.37099e-06 0.99157
    outer loop
      vertex 7.93156 -1.04421 5.01453
      vertex 31 -4 2
      vertex 8 0 5.00559
    endloop
  endfacet
  facet normal 0.129576 2.02891e-06 0.991569
    outer loop
      vertex 7.72741 -2.07055 5.04121
      vertex 31 -4 2
      vertex 7.93156 -1.04421 5.01453
    endloop
  endfacet
  facet normal 0.129576 3.81604e-06 0.991569
    outer loop
      vertex 7.39104 -3.06147 5.08517
      vertex 31 -4 2
      vertex 7.72741 -2.07055 5.04121
    endloop
  endfacet
  facet normal 0.129576 -3.08029e-06 0.991569
    outer loop
      vertex 31 -4 2
      vertex 7.39104 -3.06147 5.08517
      vertex 6.9282 -4 5.14565
    endloop
  endfacet
  facet normal 0.984808 0 -0.173647
    outer loop
      vertex 30.108 -4 -6
      vertex 29.6332 4 -8.69275
      vertex 30.108 4 -6
    endloop
  endfacet
  facet normal 0.984808 0 -0.173647
    outer loop
      vertex 29.6332 4 -8.69275
      vertex 30.108 -4 -6
      vertex 29.6332 -4 -8.69275
    endloop
  endfacet
  facet normal -0.173649 0 -0.984808
    outer loop
      vertex 15.8459 -4 -6.26167
      vertex 29.6332 4 -8.69275
      vertex 29.6332 -4 -8.69275
    endloop
  endfacet
  facet normal -0.173649 0 -0.984808
    outer loop
      vertex 29.6332 4 -8.69275
      vertex 15.8459 -4 -6.26167
      vertex 15.8459 4 -6.26167
    endloop
  endfacet
  facet normal -0.984833 0 0.173504
    outer loop
      vertex 15.8459 -4 -6.26167
      vertex 15.892 4 -6
      vertex 15.8459 4 -6.26167
    endloop
  endfacet
  facet normal -0.984833 0 0.173504
    outer loop
      vertex 15.892 4 -6
      vertex 15.8459 -4 -6.26167
      vertex 15.892 -4 -6
    endloop
  endfacet
  facet normal 0.555566 -0 0.831472
    outer loop
      vertex -1.00446 -7.93416 4.69097
      vertex -0.825 -5.15 4.57106
      vertex -1.00446 -5.15 4.69097
    endloop
  endfacet
  facet normal 0.555566 0 0.831472
    outer loop
      vertex -0.825 -5.15 4.57106
      vertex -1.00446 -7.93416 4.69097
      vertex -0.825 -7.94593 4.57106
    endloop
  endfacet
  facet normal 0.555566 0 0.831472
    outer loop
      vertex -1.00446 7.93416 4.69097
      vertex -0.825 5.15 4.57106
      vertex -0.825 7.94593 4.57106
    endloop
  endfacet
  facet normal 0.555566 0 0.831472
    outer loop
      vertex -0.825 5.15 4.57106
      vertex -1.00446 7.93416 4.69097
      vertex -1.00446 5.15 4.69097
    endloop
  endfacet
  facet normal 0.659361 0.00035524 -0.751827
    outer loop
      vertex -1.16673 -7.90719 7.16673
      vertex -1.00446 -7.93416 7.30903
      vertex -1.04421 -7.93156 7.27417
    endloop
  endfacet
  facet normal 0.659328 0 -0.751856
    outer loop
      vertex -1.00446 -7.93416 7.30903
      vertex -1.16673 -7.90719 7.16673
      vertex -1.00446 -3.97157 7.30903
    endloop
  endfacet
  facet normal 0.659312 1.15498e-06 -0.75187
    outer loop
      vertex -1.00446 -3.97157 7.30903
      vertex -1.16673 -7.90719 7.16673
      vertex -1.06116 -3.9603 7.25931
    endloop
  endfacet
  facet normal 0.659336 0 -0.751848
    outer loop
      vertex -1.06116 -3.9603 7.25931
      vertex -1.16673 -7.90719 7.16673
      vertex -1.16673 -3.92446 7.16673
    endloop
  endfacet
  facet normal 0.659328 0 -0.751856
    outer loop
      vertex -1.16673 7.90719 7.16673
      vertex -1.00446 7.93416 7.30903
      vertex -1.00446 3.97157 7.30903
    endloop
  endfacet
  facet normal 0.659312 -1.15498e-06 -0.75187
    outer loop
      vertex -1.16673 7.90719 7.16673
      vertex -1.00446 3.97157 7.30903
      vertex -1.06116 3.9603 7.25931
    endloop
  endfacet
  facet normal 0.659336 0 -0.751848
    outer loop
      vertex -1.16673 7.90719 7.16673
      vertex -1.06116 3.9603 7.25931
      vertex -1.16673 3.92446 7.16673
    endloop
  endfacet
  facet normal 0.659361 -0.00035524 -0.751827
    outer loop
      vertex -1.00446 7.93416 7.30903
      vertex -1.16673 7.90719 7.16673
      vertex -1.04421 7.93156 7.27417
    endloop
  endfacet
  facet normal -0.98079 0 -0.195065
    outer loop
      vertex 1.63588 -7.81387 6.21537
      vertex 1.59378 -3.77569 6.42705
      vertex 1.63588 -3.75492 6.21537
    endloop
  endfacet
  facet normal -0.98079 -0 -0.195065
    outer loop
      vertex 1.59378 -3.77569 6.42705
      vertex 1.63588 -7.81387 6.21537
      vertex 1.59378 -7.82224 6.42705
    endloop
  endfacet
  facet normal -0.98079 0 -0.195065
    outer loop
      vertex 1.63588 7.81387 6.21537
      vertex 1.59378 3.77569 6.42705
      vertex 1.59378 7.82224 6.42705
    endloop
  endfacet
  facet normal -0.98079 0 -0.195065
    outer loop
      vertex 1.59378 3.77569 6.42705
      vertex 1.63588 7.81387 6.21537
      vertex 1.63588 3.75492 6.21537
    endloop
  endfacet
  facet normal -0.997858 0 -0.0654211
    outer loop
      vertex 1.65 -7.81106 6
      vertex 1.63588 -3.75492 6.21537
      vertex 1.65 -3.74796 6
    endloop
  endfacet
  facet normal -0.997858 -0 -0.0654211
    outer loop
      vertex 1.63588 -3.75492 6.21537
      vertex 1.65 -7.81106 6
      vertex 1.63588 -7.81387 6.21537
    endloop
  endfacet
  facet normal -0.997858 0 -0.0654211
    outer loop
      vertex 1.65 7.81106 6
      vertex 1.63588 3.75492 6.21537
      vertex 1.63588 7.81387 6.21537
    endloop
  endfacet
  facet normal -0.997858 0 -0.0654211
    outer loop
      vertex 1.63588 3.75492 6.21537
      vertex 1.65 7.81106 6
      vertex 1.65 3.74796 6
    endloop
  endfacet
  facet normal -0.946917 0 -0.321477
    outer loop
      vertex 1.59378 -7.82224 6.42705
      vertex 1.569 -3.78791 6.50004
      vertex 1.59378 -3.77569 6.42705
    endloop
  endfacet
  facet normal -0.946932 -8.73884e-07 -0.321434
    outer loop
      vertex 1.59378 -7.82224 6.42705
      vertex 1.5244 -3.80305 6.63143
      vertex 1.569 -3.78791 6.50004
    endloop
  endfacet
  facet normal -0.946927 -0 -0.321449
    outer loop
      vertex 1.5244 -3.80305 6.63143
      vertex 1.59378 -7.82224 6.42705
      vertex 1.5244 -7.83604 6.63143
    endloop
  endfacet
  facet normal -0.946927 0 -0.321449
    outer loop
      vertex 1.59378 7.82224 6.42705
      vertex 1.5244 3.80305 6.63143
      vertex 1.5244 7.83604 6.63143
    endloop
  endfacet
  facet normal -0.946932 8.73884e-07 -0.321434
    outer loop
      vertex 1.59378 7.82224 6.42705
      vertex 1.569 3.78791 6.50004
      vertex 1.5244 3.80305 6.63143
    endloop
  endfacet
  facet normal -0.946917 0 -0.321477
    outer loop
      vertex 1.569 3.78791 6.50004
      vertex 1.59378 7.82224 6.42705
      vertex 1.59378 3.77569 6.42705
    endloop
  endfacet
  facet normal 0.831472 -0 0.555566
    outer loop
      vertex -1.42894 -7.85503 5.175
      vertex -1.30903 -3.87615 4.99554
      vertex -1.42894 -3.83545 5.175
    endloop
  endfacet
  facet normal 0.831472 0 0.555566
    outer loop
      vertex -1.30903 -3.87615 4.99554
      vertex -1.42894 -7.85503 5.175
      vertex -1.30903 -7.87888 4.99554
    endloop
  endfacet
  facet normal 0.831472 0 0.555566
    outer loop
      vertex -1.42894 7.85503 5.175
      vertex -1.30903 3.87615 4.99554
      vertex -1.30903 7.87888 4.99554
    endloop
  endfacet
  facet normal 0.831472 0 0.555566
    outer loop
      vertex -1.30903 3.87615 4.99554
      vertex -1.42894 7.85503 5.175
      vertex -1.42894 3.83545 5.175
    endloop
  endfacet
  facet normal 0.997858 -0 0.0654211
    outer loop
      vertex -1.65 -7.81106 6
      vertex -1.63588 -3.75492 5.78463
      vertex -1.65 -3.74796 6
    endloop
  endfacet
  facet normal 0.997858 0 0.0654211
    outer loop
      vertex -1.63588 -3.75492 5.78463
      vertex -1.65 -7.81106 6
      vertex -1.63588 -7.81387 5.78463
    endloop
  endfacet
  facet normal 0.997858 0 0.0654211
    outer loop
      vertex -1.65 7.81106 6
      vertex -1.63588 3.75492 5.78463
      vertex -1.63588 7.81387 5.78463
    endloop
  endfacet
  facet normal 0.997858 0 0.0654211
    outer loop
      vertex -1.63588 3.75492 5.78463
      vertex -1.65 7.81106 6
      vertex -1.65 3.74796 6
    endloop
  endfacet
  facet normal -0.442328 0 0.896853
    outer loop
      vertex 0.7 -5.15 4.50941
      vertex 0.825 -7.94593 4.57106
      vertex 0.825 -5.15 4.57106
    endloop
  endfacet
  facet normal -0.442328 0 0.896853
    outer loop
      vertex 0.825 -7.94593 4.57106
      vertex 0.7 -5.15 4.50941
      vertex 0.7 -7.95412 4.50941
    endloop
  endfacet
  facet normal -0.442328 0 0.896853
    outer loop
      vertex 0.7 5.15 4.50941
      vertex 0.825 7.94593 4.57106
      vertex 0.7 7.95412 4.50941
    endloop
  endfacet
  facet normal -0.442328 0 0.896853
    outer loop
      vertex 0.825 7.94593 4.57106
      vertex 0.7 5.15 4.50941
      vertex 0.825 5.15 4.57106
    endloop
  endfacet
  facet normal -0.555566 0 0.831472
    outer loop
      vertex 0.825 -5.15 4.57106
      vertex 1.00446 -7.93416 4.69097
      vertex 1.00446 -5.15 4.69097
    endloop
  endfacet
  facet normal -0.555566 0 0.831472
    outer loop
      vertex 1.00446 -7.93416 4.69097
      vertex 0.825 -5.15 4.57106
      vertex 0.825 -7.94593 4.57106
    endloop
  endfacet
  facet normal -0.555566 0 0.831472
    outer loop
      vertex 0.825 5.15 4.57106
      vertex 1.00446 7.93416 4.69097
      vertex 0.825 7.94593 4.57106
    endloop
  endfacet
  facet normal -0.555566 0 0.831472
    outer loop
      vertex 1.00446 7.93416 4.69097
      vertex 0.825 5.15 4.57106
      vertex 1.00446 5.15 4.69097
    endloop
  endfacet
  facet normal 0.751856 0 -0.659328
    outer loop
      vertex -1.16673 -3.92446 7.16673
      vertex -1.30903 -7.87888 7.00446
      vertex -1.30903 -3.87615 7.00446
    endloop
  endfacet
  facet normal 0.751856 0 -0.659328
    outer loop
      vertex -1.30903 -7.87888 7.00446
      vertex -1.16673 -3.92446 7.16673
      vertex -1.16673 -7.90719 7.16673
    endloop
  endfacet
  facet normal 0.751856 0 -0.659328
    outer loop
      vertex -1.16673 3.92446 7.16673
      vertex -1.30903 7.87888 7.00446
      vertex -1.16673 7.90719 7.16673
    endloop
  endfacet
  facet normal 0.751856 0 -0.659328
    outer loop
      vertex -1.30903 7.87888 7.00446
      vertex -1.16673 3.92446 7.16673
      vertex -1.30903 3.87615 7.00446
    endloop
  endfacet
  facet normal 0.751835 -0 0.659352
    outer loop
      vertex -1.30903 3.87615 4.99554
      vertex -1.22091 5.15 4.89506
      vertex -1.30903 7.87888 4.99554
    endloop
  endfacet
  facet normal 0.75189 0 0.659288
    outer loop
      vertex -1.22091 3.95 4.89506
      vertex -1.16673 3.92446 4.83327
      vertex -1.16673 3.95 4.83327
    endloop
  endfacet
  facet normal 0.75187 -9.79089e-05 0.659311
    outer loop
      vertex -1.22091 3.95 4.89506
      vertex -1.30903 3.87615 4.99554
      vertex -1.16673 3.92446 4.83327
    endloop
  endfacet
  facet normal 0.751835 0 0.659352
    outer loop
      vertex -1.22091 5.15 4.89506
      vertex -1.30903 3.87615 4.99554
      vertex -1.22091 3.95 4.89506
    endloop
  endfacet
  facet normal 0.75189 4.13987e-06 0.659288
    outer loop
      vertex -1.16673 5.15 4.83327
      vertex -1.30903 7.87888 4.99554
      vertex -1.22091 5.15 4.89506
    endloop
  endfacet
  facet normal 0.751856 0 0.659328
    outer loop
      vertex -1.30903 7.87888 4.99554
      vertex -1.16673 5.15 4.83327
      vertex -1.16673 7.90719 4.83327
    endloop
  endfacet
  facet normal 0.75187 9.79089e-05 0.659311
    outer loop
      vertex -1.30903 -3.87615 4.99554
      vertex -1.22091 -3.95 4.89506
      vertex -1.16673 -3.92446 4.83327
    endloop
  endfacet
  facet normal 0.751835 0 0.659352
    outer loop
      vertex -1.30903 -3.87615 4.99554
      vertex -1.22091 -5.15 4.89506
      vertex -1.22091 -3.95 4.89506
    endloop
  endfacet
  facet normal 0.751835 -0 0.659352
    outer loop
      vertex -1.30903 -7.87888 4.99554
      vertex -1.22091 -5.15 4.89506
      vertex -1.30903 -3.87615 4.99554
    endloop
  endfacet
  facet normal 0.75189 -4.13987e-06 0.659288
    outer loop
      vertex -1.30903 -7.87888 4.99554
      vertex -1.16673 -5.15 4.83327
      vertex -1.22091 -5.15 4.89506
    endloop
  endfacet
  facet normal 0.751856 0 0.659328
    outer loop
      vertex -1.16673 -5.15 4.83327
      vertex -1.30903 -7.87888 4.99554
      vertex -1.16673 -7.90719 4.83327
    endloop
  endfacet
  facet normal 0.75189 0 0.659288
    outer loop
      vertex -1.16673 -3.92446 4.83327
      vertex -1.22091 -3.95 4.89506
      vertex -1.16673 -3.95 4.83327
    endloop
  endfacet
  facet normal -0.831472 0 -0.555566
    outer loop
      vertex 1.42894 -7.85503 6.825
      vertex 1.30903 -3.87615 7.00446
      vertex 1.42894 -3.83545 6.825
    endloop
  endfacet
  facet normal -0.831472 -0 -0.555566
    outer loop
      vertex 1.30903 -3.87615 7.00446
      vertex 1.42894 -7.85503 6.825
      vertex 1.30903 -7.87888 7.00446
    endloop
  endfacet
  facet normal -0.831472 0 -0.555566
    outer loop
      vertex 1.42894 7.85503 6.825
      vertex 1.30903 3.87615 7.00446
      vertex 1.30903 7.87888 7.00446
    endloop
  endfacet
  facet normal -0.831472 0 -0.555566
    outer loop
      vertex 1.30903 3.87615 7.00446
      vertex 1.42894 7.85503 6.825
      vertex 1.42894 3.83545 6.825
    endloop
  endfacet
  facet normal -0.946917 0 0.321477
    outer loop
      vertex 1.569 -3.78791 5.49996
      vertex 1.59378 -7.82224 5.57295
      vertex 1.59378 -3.77569 5.57295
    endloop
  endfacet
  facet normal -0.946932 -8.73884e-07 0.321434
    outer loop
      vertex 1.5244 -3.80305 5.36857
      vertex 1.59378 -7.82224 5.57295
      vertex 1.569 -3.78791 5.49996
    endloop
  endfacet
  facet normal -0.946927 0 0.321449
    outer loop
      vertex 1.59378 -7.82224 5.57295
      vertex 1.5244 -3.80305 5.36857
      vertex 1.5244 -7.83604 5.36857
    endloop
  endfacet
  facet normal -0.946927 0 0.321449
    outer loop
      vertex 1.5244 3.80305 5.36857
      vertex 1.59378 7.82224 5.57295
      vertex 1.5244 7.83604 5.36857
    endloop
  endfacet
  facet normal -0.946932 8.73884e-07 0.321434
    outer loop
      vertex 1.569 3.78791 5.49996
      vertex 1.59378 7.82224 5.57295
      vertex 1.5244 3.80305 5.36857
    endloop
  endfacet
  facet normal -0.946917 0 0.321477
    outer loop
      vertex 1.59378 7.82224 5.57295
      vertex 1.569 3.78791 5.49996
      vertex 1.59378 3.77569 5.57295
    endloop
  endfacet
  facet normal -0.896869 0 -0.442296
    outer loop
      vertex 1.5244 -7.83604 6.63143
      vertex 1.42894 -3.83545 6.825
      vertex 1.5244 -3.80305 6.63143
    endloop
  endfacet
  facet normal -0.896869 -0 -0.442296
    outer loop
      vertex 1.42894 -3.83545 6.825
      vertex 1.5244 -7.83604 6.63143
      vertex 1.42894 -7.85503 6.825
    endloop
  endfacet
  facet normal -0.896869 0 -0.442296
    outer loop
      vertex 1.5244 7.83604 6.63143
      vertex 1.42894 3.83545 6.825
      vertex 1.42894 7.85503 6.825
    endloop
  endfacet
  facet normal -0.896869 0 -0.442296
    outer loop
      vertex 1.42894 3.83545 6.825
      vertex 1.5244 7.83604 6.63143
      vertex 1.5244 3.80305 6.63143
    endloop
  endfacet
  facet normal -0.44227 -0 -0.896882
    outer loop
      vertex 0.7 -4.03213 7.49058
      vertex 0.825 -7.94593 7.42894
      vertex 0.7 -7.95412 7.49058
    endloop
  endfacet
  facet normal -0.44227 0 -0.896882
    outer loop
      vertex 0.825 -7.94593 7.42894
      vertex 0.7 -4.03213 7.49058
      vertex 0.825 -4.00727 7.42894
    endloop
  endfacet
  facet normal -0.44227 0 -0.896882
    outer loop
      vertex 0.7 4.03213 7.49058
      vertex 0.825 7.94593 7.42894
      vertex 0.825 4.00727 7.42894
    endloop
  endfacet
  facet normal -0.44227 0 -0.896882
    outer loop
      vertex 0.825 7.94593 7.42894
      vertex 0.7 4.03213 7.49058
      vertex 0.7 7.95412 7.49058
    endloop
  endfacet
  facet normal -0.751856 0 -0.659328
    outer loop
      vertex 1.30903 -7.87888 7.00446
      vertex 1.16673 -3.92446 7.16673
      vertex 1.30903 -3.87615 7.00446
    endloop
  endfacet
  facet normal -0.751856 -0 -0.659328
    outer loop
      vertex 1.16673 -3.92446 7.16673
      vertex 1.30903 -7.87888 7.00446
      vertex 1.16673 -7.90719 7.16673
    endloop
  endfacet
  facet normal -0.751856 0 -0.659328
    outer loop
      vertex 1.30903 7.87888 7.00446
      vertex 1.16673 3.92446 7.16673
      vertex 1.16673 7.90719 7.16673
    endloop
  endfacet
  facet normal -0.751856 0 -0.659328
    outer loop
      vertex 1.16673 3.92446 7.16673
      vertex 1.30903 7.87888 7.00446
      vertex 1.30903 3.87615 7.00446
    endloop
  endfacet
  facet normal -0.659328 0 0.751856
    outer loop
      vertex 1.00446 -5.15 4.69097
      vertex 1.16673 -7.90719 4.83327
      vertex 1.16673 -5.15 4.83327
    endloop
  endfacet
  facet normal -0.659328 0 0.751856
    outer loop
      vertex 1.00446 -7.93416 4.69097
      vertex 1.16673 -7.90719 4.83327
      vertex 1.00446 -5.15 4.69097
    endloop
  endfacet
  facet normal -0.659361 0.00035524 0.751827
    outer loop
      vertex 1.16673 -7.90719 4.83327
      vertex 1.00446 -7.93416 4.69097
      vertex 1.04421 -7.93156 4.72583
    endloop
  endfacet
  facet normal -0.659361 -0.00035524 0.751827
    outer loop
      vertex 1.00446 7.93416 4.69097
      vertex 1.16673 7.90719 4.83327
      vertex 1.04421 7.93156 4.72583
    endloop
  endfacet
  facet normal -0.659328 0 0.751856
    outer loop
      vertex 1.16673 7.90719 4.83327
      vertex 1.00446 7.93416 4.69097
      vertex 1.00446 5.15 4.69097
    endloop
  endfacet
  facet normal -0.659328 0 0.751856
    outer loop
      vertex 1.16673 7.90719 4.83327
      vertex 1.00446 5.15 4.69097
      vertex 1.16673 5.15 4.83327
    endloop
  endfacet
  facet normal -0.659325 0 0.751858
    outer loop
      vertex 1.16673 -3.95 4.83327
      vertex 1.16673 -3.92446 4.83327
      vertex 1.09149 -3.95 4.76729
    endloop
  endfacet
  facet normal -0.659325 0 0.751858
    outer loop
      vertex 1.16673 3.92446 4.83327
      vertex 1.16673 3.95 4.83327
      vertex 1.09149 3.95 4.76729
    endloop
  endfacet
  facet normal 0.44227 0 -0.896882
    outer loop
      vertex -0.825 -7.94593 7.42894
      vertex -0.7 -4.03213 7.49058
      vertex -0.7 -7.95412 7.49058
    endloop
  endfacet
  facet normal 0.44227 0 -0.896882
    outer loop
      vertex -0.7 -4.03213 7.49058
      vertex -0.825 -7.94593 7.42894
      vertex -0.825 -4.00727 7.42894
    endloop
  endfacet
  facet normal 0.44227 0 -0.896882
    outer loop
      vertex -0.825 7.94593 7.42894
      vertex -0.7 4.03213 7.49058
      vertex -0.825 4.00727 7.42894
    endloop
  endfacet
  facet normal 0.44227 0 -0.896882
    outer loop
      vertex -0.7 4.03213 7.49058
      vertex -0.825 7.94593 7.42894
      vertex -0.7 7.95412 7.49058
    endloop
  endfacet
  facet normal -0.659336 0 -0.751848
    outer loop
      vertex 1.16673 -7.90719 7.16673
      vertex 1.06116 -3.9603 7.25931
      vertex 1.16673 -3.92446 7.16673
    endloop
  endfacet
  facet normal -0.659361 0.00035524 -0.751827
    outer loop
      vertex 1.00446 -7.93416 7.30903
      vertex 1.16673 -7.90719 7.16673
      vertex 1.04421 -7.93156 7.27417
    endloop
  endfacet
  facet normal -0.659328 0 -0.751856
    outer loop
      vertex 1.16673 -7.90719 7.16673
      vertex 1.00446 -7.93416 7.30903
      vertex 1.00446 -3.97157 7.30903
    endloop
  endfacet
  facet normal -0.659312 1.15498e-06 -0.75187
    outer loop
      vertex 1.16673 -7.90719 7.16673
      vertex 1.00446 -3.97157 7.30903
      vertex 1.06116 -3.9603 7.25931
    endloop
  endfacet
  facet normal -0.659336 0 -0.751848
    outer loop
      vertex 1.06116 3.9603 7.25931
      vertex 1.16673 7.90719 7.16673
      vertex 1.16673 3.92446 7.16673
    endloop
  endfacet
  facet normal -0.659312 -1.15498e-06 -0.75187
    outer loop
      vertex 1.00446 3.97157 7.30903
      vertex 1.16673 7.90719 7.16673
      vertex 1.06116 3.9603 7.25931
    endloop
  endfacet
  facet normal -0.659328 -0 -0.751856
    outer loop
      vertex 1.00446 7.93416 7.30903
      vertex 1.16673 7.90719 7.16673
      vertex 1.00446 3.97157 7.30903
    endloop
  endfacet
  facet normal -0.659361 -0.00035524 -0.751827
    outer loop
      vertex 1.16673 7.90719 7.16673
      vertex 1.00446 7.93416 7.30903
      vertex 1.04421 7.93156 7.27417
    endloop
  endfacet
  facet normal -0.98079 0 0.195065
    outer loop
      vertex 1.59378 -3.77569 5.57295
      vertex 1.63588 -7.81387 5.78463
      vertex 1.63588 -3.75492 5.78463
    endloop
  endfacet
  facet normal -0.98079 0 0.195065
    outer loop
      vertex 1.63588 -7.81387 5.78463
      vertex 1.59378 -3.77569 5.57295
      vertex 1.59378 -7.82224 5.57295
    endloop
  endfacet
  facet normal -0.98079 0 0.195065
    outer loop
      vertex 1.59378 3.77569 5.57295
      vertex 1.63588 7.81387 5.78463
      vertex 1.59378 7.82224 5.57295
    endloop
  endfacet
  facet normal -0.98079 0 0.195065
    outer loop
      vertex 1.63588 7.81387 5.78463
      vertex 1.59378 3.77569 5.57295
      vertex 1.63588 3.75492 5.78463
    endloop
  endfacet
  facet normal -0.555566 -0 -0.831472
    outer loop
      vertex 0.825 -4.00727 7.42894
      vertex 1.00446 -7.93416 7.30903
      vertex 0.825 -7.94593 7.42894
    endloop
  endfacet
  facet normal -0.555566 0 -0.831472
    outer loop
      vertex 1.00446 -7.93416 7.30903
      vertex 0.825 -4.00727 7.42894
      vertex 1.00446 -3.97157 7.30903
    endloop
  endfacet
  facet normal -0.555566 0 -0.831472
    outer loop
      vertex 0.825 4.00727 7.42894
      vertex 1.00446 7.93416 7.30903
      vertex 1.00446 3.97157 7.30903
    endloop
  endfacet
  facet normal -0.555566 0 -0.831472
    outer loop
      vertex 1.00446 7.93416 7.30903
      vertex 0.825 4.00727 7.42894
      vertex 0.825 7.94593 7.42894
    endloop
  endfacet
  facet normal -0.896869 0 0.442296
    outer loop
      vertex 1.42894 -3.83545 5.175
      vertex 1.5244 -7.83604 5.36857
      vertex 1.5244 -3.80305 5.36857
    endloop
  endfacet
  facet normal -0.896869 0 0.442296
    outer loop
      vertex 1.5244 -7.83604 5.36857
      vertex 1.42894 -3.83545 5.175
      vertex 1.42894 -7.85503 5.175
    endloop
  endfacet
  facet normal -0.896869 0 0.442296
    outer loop
      vertex 1.42894 3.83545 5.175
      vertex 1.5244 7.83604 5.36857
      vertex 1.42894 7.85503 5.175
    endloop
  endfacet
  facet normal -0.896869 0 0.442296
    outer loop
      vertex 1.5244 7.83604 5.36857
      vertex 1.42894 3.83545 5.175
      vertex 1.5244 3.80305 5.36857
    endloop
  endfacet
  facet normal -0.75189 0 0.659288
    outer loop
      vertex 1.16673 3.95 4.83327
      vertex 1.16673 3.92446 4.83327
      vertex 1.22091 3.95 4.89506
    endloop
  endfacet
  facet normal -0.751856 0 0.659328
    outer loop
      vertex 1.16673 5.15 4.83327
      vertex 1.30903 7.87888 4.99554
      vertex 1.16673 7.90719 4.83327
    endloop
  endfacet
  facet normal -0.75189 4.13987e-06 0.659288
    outer loop
      vertex 1.22091 5.15 4.89506
      vertex 1.30903 7.87888 4.99554
      vertex 1.16673 5.15 4.83327
    endloop
  endfacet
  facet normal -0.751835 0 0.659352
    outer loop
      vertex 1.30903 3.87615 4.99554
      vertex 1.22091 5.15 4.89506
      vertex 1.22091 3.95 4.89506
    endloop
  endfacet
  facet normal -0.751835 0 0.659352
    outer loop
      vertex 1.22091 5.15 4.89506
      vertex 1.30903 3.87615 4.99554
      vertex 1.30903 7.87888 4.99554
    endloop
  endfacet
  facet normal -0.75187 -9.79089e-05 0.659311
    outer loop
      vertex 1.30903 3.87615 4.99554
      vertex 1.22091 3.95 4.89506
      vertex 1.16673 3.92446 4.83327
    endloop
  endfacet
  facet normal -0.75189 -4.13987e-06 0.659288
    outer loop
      vertex 1.16673 -5.15 4.83327
      vertex 1.30903 -7.87888 4.99554
      vertex 1.22091 -5.15 4.89506
    endloop
  endfacet
  facet normal -0.751856 0 0.659328
    outer loop
      vertex 1.30903 -7.87888 4.99554
      vertex 1.16673 -5.15 4.83327
      vertex 1.16673 -7.90719 4.83327
    endloop
  endfacet
  facet normal -0.75189 0 0.659288
    outer loop
      vertex 1.22091 -3.95 4.89506
      vertex 1.16673 -3.92446 4.83327
      vertex 1.16673 -3.95 4.83327
    endloop
  endfacet
  facet normal -0.75187 9.79089e-05 0.659311
    outer loop
      vertex 1.16673 -3.92446 4.83327
      vertex 1.22091 -3.95 4.89506
      vertex 1.30903 -3.87615 4.99554
    endloop
  endfacet
  facet normal -0.751835 0 0.659352
    outer loop
      vertex 1.22091 -5.15 4.89506
      vertex 1.30903 -3.87615 4.99554
      vertex 1.22091 -3.95 4.89506
    endloop
  endfacet
  facet normal -0.751835 0 0.659352
    outer loop
      vertex 1.30903 -3.87615 4.99554
      vertex 1.22091 -5.15 4.89506
      vertex 1.30903 -7.87888 4.99554
    endloop
  endfacet
  facet normal -0.831472 0 0.555566
    outer loop
      vertex 1.30903 -3.87615 4.99554
      vertex 1.42894 -7.85503 5.175
      vertex 1.42894 -3.83545 5.175
    endloop
  endfacet
  facet normal -0.831472 0 0.555566
    outer loop
      vertex 1.42894 -7.85503 5.175
      vertex 1.30903 -3.87615 4.99554
      vertex 1.30903 -7.87888 4.99554
    endloop
  endfacet
  facet normal -0.831472 0 0.555566
    outer loop
      vertex 1.30903 3.87615 4.99554
      vertex 1.42894 7.85503 5.175
      vertex 1.30903 7.87888 4.99554
    endloop
  endfacet
  facet normal -0.831472 0 0.555566
    outer loop
      vertex 1.42894 7.85503 5.175
      vertex 1.30903 3.87615 4.99554
      vertex 1.42894 3.83545 5.175
    endloop
  endfacet
  facet normal 0.997858 0 -0.0654211
    outer loop
      vertex -1.63588 -3.75492 6.21537
      vertex -1.65 -7.81106 6
      vertex -1.65 -3.74796 6
    endloop
  endfacet
  facet normal 0.997858 0 -0.0654211
    outer loop
      vertex -1.65 -7.81106 6
      vertex -1.63588 -3.75492 6.21537
      vertex -1.63588 -7.81387 6.21537
    endloop
  endfacet
  facet normal 0.997858 0 -0.0654211
    outer loop
      vertex -1.63588 3.75492 6.21537
      vertex -1.65 7.81106 6
      vertex -1.63588 7.81387 6.21537
    endloop
  endfacet
  facet normal 0.997858 0 -0.0654211
    outer loop
      vertex -1.65 7.81106 6
      vertex -1.63588 3.75492 6.21537
      vertex -1.65 3.74796 6
    endloop
  endfacet
  facet normal 0.659328 0 0.751856
    outer loop
      vertex -1.16673 -7.90719 4.83327
      vertex -1.00446 -7.93416 4.69097
      vertex -1.00446 -5.15 4.69097
    endloop
  endfacet
  facet normal 0.659328 -0 0.751856
    outer loop
      vertex -1.16673 -7.90719 4.83327
      vertex -1.00446 -5.15 4.69097
      vertex -1.16673 -5.15 4.83327
    endloop
  endfacet
  facet normal 0.659361 0.00035524 0.751827
    outer loop
      vertex -1.00446 -7.93416 4.69097
      vertex -1.16673 -7.90719 4.83327
      vertex -1.04421 -7.93156 4.72583
    endloop
  endfacet
  facet normal 0.659361 -0.00035524 0.751827
    outer loop
      vertex -1.16673 7.90719 4.83327
      vertex -1.00446 7.93416 4.69097
      vertex -1.04421 7.93156 4.72583
    endloop
  endfacet
  facet normal 0.659328 0 0.751856
    outer loop
      vertex -1.00446 7.93416 4.69097
      vertex -1.16673 7.90719 4.83327
      vertex -1.00446 5.15 4.69097
    endloop
  endfacet
  facet normal 0.659328 0 0.751856
    outer loop
      vertex -1.00446 5.15 4.69097
      vertex -1.16673 7.90719 4.83327
      vertex -1.16673 5.15 4.83327
    endloop
  endfacet
  facet normal 0.659325 0 0.751858
    outer loop
      vertex -1.09149 -3.95 4.76729
      vertex -1.16673 -3.92446 4.83327
      vertex -1.16673 -3.95 4.83327
    endloop
  endfacet
  facet normal 0.659325 0 0.751858
    outer loop
      vertex -1.09149 3.95 4.76729
      vertex -1.16673 3.95 4.83327
      vertex -1.16673 3.92446 4.83327
    endloop
  endfacet
  facet normal -0.997858 0 0.0654211
    outer loop
      vertex 1.63588 -3.75492 5.78463
      vertex 1.65 -7.81106 6
      vertex 1.65 -3.74796 6
    endloop
  endfacet
  facet normal -0.997858 0 0.0654211
    outer loop
      vertex 1.65 -7.81106 6
      vertex 1.63588 -3.75492 5.78463
      vertex 1.63588 -7.81387 5.78463
    endloop
  endfacet
  facet normal -0.997858 0 0.0654211
    outer loop
      vertex 1.63588 3.75492 5.78463
      vertex 1.65 7.81106 6
      vertex 1.63588 7.81387 5.78463
    endloop
  endfacet
  facet normal -0.997858 0 0.0654211
    outer loop
      vertex 1.65 7.81106 6
      vertex 1.63588 3.75492 5.78463
      vertex 1.65 3.74796 6
    endloop
  endfacet
  facet normal 0.98079 0 -0.195065
    outer loop
      vertex -1.59378 -3.77569 6.42705
      vertex -1.63588 -7.81387 6.21537
      vertex -1.63588 -3.75492 6.21537
    endloop
  endfacet
  facet normal 0.98079 0 -0.195065
    outer loop
      vertex -1.63588 -7.81387 6.21537
      vertex -1.59378 -3.77569 6.42705
      vertex -1.59378 -7.82224 6.42705
    endloop
  endfacet
  facet normal 0.98079 0 -0.195065
    outer loop
      vertex -1.59378 3.77569 6.42705
      vertex -1.63588 7.81387 6.21537
      vertex -1.59378 7.82224 6.42705
    endloop
  endfacet
  facet normal 0.98079 0 -0.195065
    outer loop
      vertex -1.63588 7.81387 6.21537
      vertex -1.59378 3.77569 6.42705
      vertex -1.63588 3.75492 6.21537
    endloop
  endfacet
  facet normal 0.442328 -0 0.896853
    outer loop
      vertex -0.825 -7.94593 4.57106
      vertex -0.7 -5.15 4.50941
      vertex -0.825 -5.15 4.57106
    endloop
  endfacet
  facet normal 0.442328 0 0.896853
    outer loop
      vertex -0.7 -5.15 4.50941
      vertex -0.825 -7.94593 4.57106
      vertex -0.7 -7.95412 4.50941
    endloop
  endfacet
  facet normal 0.442328 0 0.896853
    outer loop
      vertex -0.825 7.94593 4.57106
      vertex -0.7 5.15 4.50941
      vertex -0.7 7.95412 4.50941
    endloop
  endfacet
  facet normal 0.442328 0 0.896853
    outer loop
      vertex -0.7 5.15 4.50941
      vertex -0.825 7.94593 4.57106
      vertex -0.825 5.15 4.57106
    endloop
  endfacet
  facet normal 0.555566 0 -0.831472
    outer loop
      vertex -1.00446 -7.93416 7.30903
      vertex -0.825 -4.00727 7.42894
      vertex -0.825 -7.94593 7.42894
    endloop
  endfacet
  facet normal 0.555566 0 -0.831472
    outer loop
      vertex -0.825 -4.00727 7.42894
      vertex -1.00446 -7.93416 7.30903
      vertex -1.00446 -3.97157 7.30903
    endloop
  endfacet
  facet normal 0.555566 0 -0.831472
    outer loop
      vertex -1.00446 7.93416 7.30903
      vertex -0.825 4.00727 7.42894
      vertex -1.00446 3.97157 7.30903
    endloop
  endfacet
  facet normal 0.555566 0 -0.831472
    outer loop
      vertex -0.825 4.00727 7.42894
      vertex -1.00446 7.93416 7.30903
      vertex -0.825 7.94593 7.42894
    endloop
  endfacet
  facet normal 0.896869 -0 0.442296
    outer loop
      vertex -1.5244 -7.83604 5.36857
      vertex -1.42894 -3.83545 5.175
      vertex -1.5244 -3.80305 5.36857
    endloop
  endfacet
  facet normal 0.896869 0 0.442296
    outer loop
      vertex -1.42894 -3.83545 5.175
      vertex -1.5244 -7.83604 5.36857
      vertex -1.42894 -7.85503 5.175
    endloop
  endfacet
  facet normal 0.896869 0 0.442296
    outer loop
      vertex -1.5244 7.83604 5.36857
      vertex -1.42894 3.83545 5.175
      vertex -1.42894 7.85503 5.175
    endloop
  endfacet
  facet normal 0.896869 0 0.442296
    outer loop
      vertex -1.42894 3.83545 5.175
      vertex -1.5244 7.83604 5.36857
      vertex -1.5244 3.80305 5.36857
    endloop
  endfacet
  facet normal 0.946917 0 -0.321477
    outer loop
      vertex -1.569 -3.78791 6.50004
      vertex -1.59378 -7.82224 6.42705
      vertex -1.59378 -3.77569 6.42705
    endloop
  endfacet
  facet normal 0.946932 -8.73884e-07 -0.321434
    outer loop
      vertex -1.5244 -3.80305 6.63143
      vertex -1.59378 -7.82224 6.42705
      vertex -1.569 -3.78791 6.50004
    endloop
  endfacet
  facet normal 0.946927 0 -0.321449
    outer loop
      vertex -1.59378 -7.82224 6.42705
      vertex -1.5244 -3.80305 6.63143
      vertex -1.5244 -7.83604 6.63143
    endloop
  endfacet
  facet normal 0.946927 0 -0.321449
    outer loop
      vertex -1.5244 3.80305 6.63143
      vertex -1.59378 7.82224 6.42705
      vertex -1.5244 7.83604 6.63143
    endloop
  endfacet
  facet normal 0.946932 8.73884e-07 -0.321434
    outer loop
      vertex -1.569 3.78791 6.50004
      vertex -1.59378 7.82224 6.42705
      vertex -1.5244 3.80305 6.63143
    endloop
  endfacet
  facet normal 0.946917 0 -0.321477
    outer loop
      vertex -1.59378 7.82224 6.42705
      vertex -1.569 3.78791 6.50004
      vertex -1.59378 3.77569 6.42705
    endloop
  endfacet
  facet normal 0.98079 -0 0.195065
    outer loop
      vertex -1.63588 -7.81387 5.78463
      vertex -1.59378 -3.77569 5.57295
      vertex -1.63588 -3.75492 5.78463
    endloop
  endfacet
  facet normal 0.98079 0 0.195065
    outer loop
      vertex -1.59378 -3.77569 5.57295
      vertex -1.63588 -7.81387 5.78463
      vertex -1.59378 -7.82224 5.57295
    endloop
  endfacet
  facet normal 0.98079 0 0.195065
    outer loop
      vertex -1.63588 7.81387 5.78463
      vertex -1.59378 3.77569 5.57295
      vertex -1.59378 7.82224 5.57295
    endloop
  endfacet
  facet normal 0.98079 0 0.195065
    outer loop
      vertex -1.59378 3.77569 5.57295
      vertex -1.63588 7.81387 5.78463
      vertex -1.63588 3.75492 5.78463
    endloop
  endfacet
  facet normal 0.831472 0 -0.555566
    outer loop
      vertex -1.30903 -3.87615 7.00446
      vertex -1.42894 -7.85503 6.825
      vertex -1.42894 -3.83545 6.825
    endloop
  endfacet
  facet normal 0.831472 0 -0.555566
    outer loop
      vertex -1.42894 -7.85503 6.825
      vertex -1.30903 -3.87615 7.00446
      vertex -1.30903 -7.87888 7.00446
    endloop
  endfacet
  facet normal 0.831472 0 -0.555566
    outer loop
      vertex -1.30903 3.87615 7.00446
      vertex -1.42894 7.85503 6.825
      vertex -1.30903 7.87888 7.00446
    endloop
  endfacet
  facet normal 0.831472 0 -0.555566
    outer loop
      vertex -1.42894 7.85503 6.825
      vertex -1.30903 3.87615 7.00446
      vertex -1.42894 3.83545 6.825
    endloop
  endfacet
  facet normal 0.946917 -0 0.321477
    outer loop
      vertex -1.59378 -7.82224 5.57295
      vertex -1.569 -3.78791 5.49996
      vertex -1.59378 -3.77569 5.57295
    endloop
  endfacet
  facet normal 0.946932 -8.73884e-07 0.321434
    outer loop
      vertex -1.59378 -7.82224 5.57295
      vertex -1.5244 -3.80305 5.36857
      vertex -1.569 -3.78791 5.49996
    endloop
  endfacet
  facet normal 0.946927 0 0.321449
    outer loop
      vertex -1.5244 -3.80305 5.36857
      vertex -1.59378 -7.82224 5.57295
      vertex -1.5244 -7.83604 5.36857
    endloop
  endfacet
  facet normal 0.946927 0 0.321449
    outer loop
      vertex -1.59378 7.82224 5.57295
      vertex -1.5244 3.80305 5.36857
      vertex -1.5244 7.83604 5.36857
    endloop
  endfacet
  facet normal 0.946932 8.73884e-07 0.321434
    outer loop
      vertex -1.59378 7.82224 5.57295
      vertex -1.569 3.78791 5.49996
      vertex -1.5244 3.80305 5.36857
    endloop
  endfacet
  facet normal 0.946917 0 0.321477
    outer loop
      vertex -1.569 3.78791 5.49996
      vertex -1.59378 7.82224 5.57295
      vertex -1.59378 3.77569 5.57295
    endloop
  endfacet
  facet normal 0.896869 0 -0.442296
    outer loop
      vertex -1.42894 -3.83545 6.825
      vertex -1.5244 -7.83604 6.63143
      vertex -1.5244 -3.80305 6.63143
    endloop
  endfacet
  facet normal 0.896869 0 -0.442296
    outer loop
      vertex -1.5244 -7.83604 6.63143
      vertex -1.42894 -3.83545 6.825
      vertex -1.42894 -7.85503 6.825
    endloop
  endfacet
  facet normal 0.896869 0 -0.442296
    outer loop
      vertex -1.42894 3.83545 6.825
      vertex -1.5244 7.83604 6.63143
      vertex -1.42894 7.85503 6.825
    endloop
  endfacet
  facet normal 0.896869 0 -0.442296
    outer loop
      vertex -1.5244 7.83604 6.63143
      vertex -1.42894 3.83545 6.825
      vertex -1.5244 3.80305 6.63143
    endloop
  endfacet
  facet normal 0.555534 -0 0.831494
    outer loop
      vertex -1.00446 -7.93416 10.691
      vertex -0.825 -4.00727 10.5711
      vertex -1.00446 -3.97157 10.691
    endloop
  endfacet
  facet normal 0.555534 0 0.831494
    outer loop
      vertex -0.825 -4.00727 10.5711
      vertex -1.00446 -7.93416 10.691
      vertex -0.825 -7.94593 10.5711
    endloop
  endfacet
  facet normal 0.555534 0 0.831494
    outer loop
      vertex -1.00446 7.93416 10.691
      vertex -0.825 4.00727 10.5711
      vertex -0.825 7.94593 10.5711
    endloop
  endfacet
  facet normal 0.555534 0 0.831494
    outer loop
      vertex -0.825 4.00727 10.5711
      vertex -1.00446 7.93416 10.691
      vertex -1.00446 3.97157 10.691
    endloop
  endfacet
  facet normal 0.658262 -0.0109163 -0.75271
    outer loop
      vertex -1.16673 -7.90719 13.1667
      vertex -1.00446 -7.93416 13.309
      vertex -1.04421 -7.93156 13.2742
    endloop
  endfacet
  facet normal 0.659328 0 -0.751856
    outer loop
      vertex -1.00446 -7.93416 13.309
      vertex -1.16673 -7.90719 13.1667
      vertex -1.00446 -3.97157 13.309
    endloop
  endfacet
  facet normal 0.659163 1.20031e-05 -0.752
    outer loop
      vertex -1.00446 -3.97157 13.309
      vertex -1.16673 -7.90719 13.1667
      vertex -1.06116 -3.9603 13.2593
    endloop
  endfacet
  facet normal 0.659417 0 -0.751778
    outer loop
      vertex -1.06116 -3.9603 13.2593
      vertex -1.16673 -7.90719 13.1667
      vertex -1.16673 -3.92446 13.1667
    endloop
  endfacet
  facet normal 0.659328 0 -0.751856
    outer loop
      vertex -1.16673 7.90719 13.1667
      vertex -1.00446 7.93416 13.309
      vertex -1.00446 3.97157 13.309
    endloop
  endfacet
  facet normal 0.659163 -1.20031e-05 -0.752
    outer loop
      vertex -1.16673 7.90719 13.1667
      vertex -1.00446 3.97157 13.309
      vertex -1.06116 3.9603 13.2593
    endloop
  endfacet
  facet normal 0.659417 0 -0.751778
    outer loop
      vertex -1.16673 7.90719 13.1667
      vertex -1.06116 3.9603 13.2593
      vertex -1.16673 3.92446 13.1667
    endloop
  endfacet
  facet normal 0.658262 0.0109163 -0.75271
    outer loop
      vertex -1.00446 7.93416 13.309
      vertex -1.16673 7.90719 13.1667
      vertex -1.04421 7.93156 13.2742
    endloop
  endfacet
  facet normal -0.980794 0 -0.195047
    outer loop
      vertex 1.63588 -7.81387 12.2154
      vertex 1.59378 -3.77569 12.4271
      vertex 1.63588 -3.75492 12.2154
    endloop
  endfacet
  facet normal -0.980794 -0 -0.195047
    outer loop
      vertex 1.59378 -3.77569 12.4271
      vertex 1.63588 -7.81387 12.2154
      vertex 1.59378 -7.82224 12.4271
    endloop
  endfacet
  facet normal -0.980794 0 -0.195047
    outer loop
      vertex 1.63588 7.81387 12.2154
      vertex 1.59378 3.77569 12.4271
      vertex 1.59378 7.82224 12.4271
    endloop
  endfacet
  facet normal -0.980794 0 -0.195047
    outer loop
      vertex 1.59378 3.77569 12.4271
      vertex 1.63588 7.81387 12.2154
      vertex 1.63588 3.75492 12.2154
    endloop
  endfacet
  facet normal -0.997858 0 -0.0654121
    outer loop
      vertex 1.65 -7.81106 12
      vertex 1.63588 -3.75492 12.2154
      vertex 1.65 -3.74796 12
    endloop
  endfacet
  facet normal -0.997858 -0 -0.0654121
    outer loop
      vertex 1.63588 -3.75492 12.2154
      vertex 1.65 -7.81106 12
      vertex 1.63588 -7.81387 12.2154
    endloop
  endfacet
  facet normal -0.997858 0 -0.0654121
    outer loop
      vertex 1.65 7.81106 12
      vertex 1.63588 3.75492 12.2154
      vertex 1.63588 7.81387 12.2154
    endloop
  endfacet
  facet normal -0.997858 0 -0.0654121
    outer loop
      vertex 1.63588 3.75492 12.2154
      vertex 1.65 7.81106 12
      vertex 1.65 3.74796 12
    endloop
  endfacet
  facet normal -0.946796 0 -0.321833
    outer loop
      vertex 1.59378 -7.82224 12.4271
      vertex 1.569 -3.78791 12.5
      vertex 1.59378 -3.77569 12.4271
    endloop
  endfacet
  facet normal -0.946939 -8.47088e-06 -0.321413
    outer loop
      vertex 1.59378 -7.82224 12.4271
      vertex 1.5244 -3.80305 12.6314
      vertex 1.569 -3.78791 12.5
    endloop
  endfacet
  facet normal -0.946889 -0 -0.321562
    outer loop
      vertex 1.5244 -3.80305 12.6314
      vertex 1.59378 -7.82224 12.4271
      vertex 1.5244 -7.83604 12.6314
    endloop
  endfacet
  facet normal -0.946889 0 -0.321562
    outer loop
      vertex 1.59378 7.82224 12.4271
      vertex 1.5244 3.80305 12.6314
      vertex 1.5244 7.83604 12.6314
    endloop
  endfacet
  facet normal -0.946939 8.47088e-06 -0.321413
    outer loop
      vertex 1.59378 7.82224 12.4271
      vertex 1.569 3.78791 12.5
      vertex 1.5244 3.80305 12.6314
    endloop
  endfacet
  facet normal -0.946796 0 -0.321833
    outer loop
      vertex 1.569 3.78791 12.5
      vertex 1.59378 7.82224 12.4271
      vertex 1.59378 3.77569 12.4271
    endloop
  endfacet
  facet normal 0.83153 -0 0.55548
    outer loop
      vertex -1.42894 -7.85503 11.175
      vertex -1.30903 -3.87615 10.9955
      vertex -1.42894 -3.83545 11.175
    endloop
  endfacet
  facet normal 0.83153 0 0.55548
    outer loop
      vertex -1.30903 -3.87615 10.9955
      vertex -1.42894 -7.85503 11.175
      vertex -1.30903 -7.87888 10.9955
    endloop
  endfacet
  facet normal 0.83153 0 0.55548
    outer loop
      vertex -1.42894 7.85503 11.175
      vertex -1.30903 3.87615 10.9955
      vertex -1.30903 7.87888 10.9955
    endloop
  endfacet
  facet normal 0.83153 0 0.55548
    outer loop
      vertex -1.30903 3.87615 10.9955
      vertex -1.42894 7.85503 11.175
      vertex -1.42894 3.83545 11.175
    endloop
  endfacet
  facet normal 0.997858 -0 0.0654121
    outer loop
      vertex -1.65 -7.81106 12
      vertex -1.63588 -3.75492 11.7846
      vertex -1.65 -3.74796 12
    endloop
  endfacet
  facet normal 0.997858 0 0.0654121
    outer loop
      vertex -1.63588 -3.75492 11.7846
      vertex -1.65 -7.81106 12
      vertex -1.63588 -7.81387 11.7846
    endloop
  endfacet
  facet normal 0.997858 0 0.0654121
    outer loop
      vertex -1.65 7.81106 12
      vertex -1.63588 3.75492 11.7846
      vertex -1.63588 7.81387 11.7846
    endloop
  endfacet
  facet normal 0.997858 0 0.0654121
    outer loop
      vertex -1.63588 3.75492 11.7846
      vertex -1.65 7.81106 12
      vertex -1.65 3.74796 12
    endloop
  endfacet
  facet normal -0.442617 0 0.896711
    outer loop
      vertex 0.7 -4.03213 10.5094
      vertex 0.825 -7.94593 10.5711
      vertex 0.825 -4.00727 10.5711
    endloop
  endfacet
  facet normal -0.442617 0 0.896711
    outer loop
      vertex 0.825 -7.94593 10.5711
      vertex 0.7 -4.03213 10.5094
      vertex 0.7 -7.95412 10.5094
    endloop
  endfacet
  facet normal -0.442617 0 0.896711
    outer loop
      vertex 0.7 4.03213 10.5094
      vertex 0.825 7.94593 10.5711
      vertex 0.7 7.95412 10.5094
    endloop
  endfacet
  facet normal -0.442617 0 0.896711
    outer loop
      vertex 0.825 7.94593 10.5711
      vertex 0.7 4.03213 10.5094
      vertex 0.825 4.00727 10.5711
    endloop
  endfacet
  facet normal -0.555534 0 0.831494
    outer loop
      vertex 0.825 -4.00727 10.5711
      vertex 1.00446 -7.93416 10.691
      vertex 1.00446 -3.97157 10.691
    endloop
  endfacet
  facet normal -0.555534 0 0.831494
    outer loop
      vertex 1.00446 -7.93416 10.691
      vertex 0.825 -4.00727 10.5711
      vertex 0.825 -7.94593 10.5711
    endloop
  endfacet
  facet normal -0.555534 0 0.831494
    outer loop
      vertex 0.825 4.00727 10.5711
      vertex 1.00446 7.93416 10.691
      vertex 0.825 7.94593 10.5711
    endloop
  endfacet
  facet normal -0.555534 0 0.831494
    outer loop
      vertex 1.00446 7.93416 10.691
      vertex 0.825 4.00727 10.5711
      vertex 1.00446 3.97157 10.691
    endloop
  endfacet
  facet normal 0.751715 0 -0.659488
    outer loop
      vertex -1.16673 -3.92446 13.1667
      vertex -1.30903 -7.87888 13.0045
      vertex -1.30903 -3.87615 13.0045
    endloop
  endfacet
  facet normal 0.751715 0 -0.659488
    outer loop
      vertex -1.30903 -7.87888 13.0045
      vertex -1.16673 -3.92446 13.1667
      vertex -1.16673 -7.90719 13.1667
    endloop
  endfacet
  facet normal 0.751715 0 -0.659488
    outer loop
      vertex -1.16673 3.92446 13.1667
      vertex -1.30903 7.87888 13.0045
      vertex -1.16673 7.90719 13.1667
    endloop
  endfacet
  facet normal 0.751715 0 -0.659488
    outer loop
      vertex -1.30903 7.87888 13.0045
      vertex -1.16673 3.92446 13.1667
      vertex -1.30903 3.87615 13.0045
    endloop
  endfacet
  facet normal 0.751715 -0 0.659488
    outer loop
      vertex -1.30903 -7.87888 10.9955
      vertex -1.16673 -3.92446 10.8333
      vertex -1.30903 -3.87615 10.9955
    endloop
  endfacet
  facet normal 0.751715 0 0.659488
    outer loop
      vertex -1.16673 -3.92446 10.8333
      vertex -1.30903 -7.87888 10.9955
      vertex -1.16673 -7.90719 10.8333
    endloop
  endfacet
  facet normal 0.751715 0 0.659488
    outer loop
      vertex -1.30903 7.87888 10.9955
      vertex -1.16673 3.92446 10.8333
      vertex -1.16673 7.90719 10.8333
    endloop
  endfacet
  facet normal 0.751715 0 0.659488
    outer loop
      vertex -1.16673 3.92446 10.8333
      vertex -1.30903 7.87888 10.9955
      vertex -1.30903 3.87615 10.9955
    endloop
  endfacet
  facet normal -0.83153 0 -0.55548
    outer loop
      vertex 1.42894 -7.85503 12.825
      vertex 1.30903 -3.87615 13.0045
      vertex 1.42894 -3.83545 12.825
    endloop
  endfacet
  facet normal -0.83153 -0 -0.55548
    outer loop
      vertex 1.30903 -3.87615 13.0045
      vertex 1.42894 -7.85503 12.825
      vertex 1.30903 -7.87888 13.0045
    endloop
  endfacet
  facet normal -0.83153 0 -0.55548
    outer loop
      vertex 1.42894 7.85503 12.825
      vertex 1.30903 3.87615 13.0045
      vertex 1.30903 7.87888 13.0045
    endloop
  endfacet
  facet normal -0.83153 0 -0.55548
    outer loop
      vertex 1.30903 3.87615 13.0045
      vertex 1.42894 7.85503 12.825
      vertex 1.42894 3.83545 12.825
    endloop
  endfacet
  facet normal -0.946796 0 0.321833
    outer loop
      vertex 1.569 -3.78791 11.5
      vertex 1.59378 -7.82224 11.5729
      vertex 1.59378 -3.77569 11.5729
    endloop
  endfacet
  facet normal -0.946939 -8.47088e-06 0.321413
    outer loop
      vertex 1.5244 -3.80305 11.3686
      vertex 1.59378 -7.82224 11.5729
      vertex 1.569 -3.78791 11.5
    endloop
  endfacet
  facet normal -0.946889 0 0.321562
    outer loop
      vertex 1.59378 -7.82224 11.5729
      vertex 1.5244 -3.80305 11.3686
      vertex 1.5244 -7.83604 11.3686
    endloop
  endfacet
  facet normal -0.946889 0 0.321562
    outer loop
      vertex 1.5244 3.80305 11.3686
      vertex 1.59378 7.82224 11.5729
      vertex 1.5244 7.83604 11.3686
    endloop
  endfacet
  facet normal -0.946939 8.47088e-06 0.321413
    outer loop
      vertex 1.569 3.78791 11.5
      vertex 1.59378 7.82224 11.5729
      vertex 1.5244 3.80305 11.3686
    endloop
  endfacet
  facet normal -0.946796 0 0.321833
    outer loop
      vertex 1.59378 7.82224 11.5729
      vertex 1.569 3.78791 11.5
      vertex 1.59378 3.77569 11.5729
    endloop
  endfacet
  facet normal -0.896897 0 -0.44224
    outer loop
      vertex 1.5244 -7.83604 12.6314
      vertex 1.42894 -3.83545 12.825
      vertex 1.5244 -3.80305 12.6314
    endloop
  endfacet
  facet normal -0.896897 -0 -0.44224
    outer loop
      vertex 1.42894 -3.83545 12.825
      vertex 1.5244 -7.83604 12.6314
      vertex 1.42894 -7.85503 12.825
    endloop
  endfacet
  facet normal -0.896897 0 -0.44224
    outer loop
      vertex 1.5244 7.83604 12.6314
      vertex 1.42894 3.83545 12.825
      vertex 1.42894 7.85503 12.825
    endloop
  endfacet
  facet normal -0.896897 0 -0.44224
    outer loop
      vertex 1.42894 3.83545 12.825
      vertex 1.5244 7.83604 12.6314
      vertex 1.5244 3.80305 12.6314
    endloop
  endfacet
  facet normal -0.442617 -0 -0.896711
    outer loop
      vertex 0.7 -4.03213 13.4906
      vertex 0.825 -7.94593 13.4289
      vertex 0.7 -7.95412 13.4906
    endloop
  endfacet
  facet normal -0.442617 0 -0.896711
    outer loop
      vertex 0.825 -7.94593 13.4289
      vertex 0.7 -4.03213 13.4906
      vertex 0.825 -4.00727 13.4289
    endloop
  endfacet
  facet normal -0.442617 0 -0.896711
    outer loop
      vertex 0.7 4.03213 13.4906
      vertex 0.825 7.94593 13.4289
      vertex 0.825 4.00727 13.4289
    endloop
  endfacet
  facet normal -0.442617 0 -0.896711
    outer loop
      vertex 0.825 7.94593 13.4289
      vertex 0.7 4.03213 13.4906
      vertex 0.7 7.95412 13.4906
    endloop
  endfacet
  facet normal -0.751715 0 -0.659488
    outer loop
      vertex 1.30903 -7.87888 13.0045
      vertex 1.16673 -3.92446 13.1667
      vertex 1.30903 -3.87615 13.0045
    endloop
  endfacet
  facet normal -0.751715 -0 -0.659488
    outer loop
      vertex 1.16673 -3.92446 13.1667
      vertex 1.30903 -7.87888 13.0045
      vertex 1.16673 -7.90719 13.1667
    endloop
  endfacet
  facet normal -0.751715 0 -0.659488
    outer loop
      vertex 1.30903 7.87888 13.0045
      vertex 1.16673 3.92446 13.1667
      vertex 1.16673 7.90719 13.1667
    endloop
  endfacet
  facet normal -0.751715 0 -0.659488
    outer loop
      vertex 1.16673 3.92446 13.1667
      vertex 1.30903 7.87888 13.0045
      vertex 1.30903 3.87615 13.0045
    endloop
  endfacet
  facet normal -0.659417 0 0.751778
    outer loop
      vertex 1.06116 -3.9603 10.7407
      vertex 1.16673 -7.90719 10.8333
      vertex 1.16673 -3.92446 10.8333
    endloop
  endfacet
  facet normal -0.659163 1.20031e-05 0.752
    outer loop
      vertex 1.00446 -3.97157 10.691
      vertex 1.16673 -7.90719 10.8333
      vertex 1.06116 -3.9603 10.7407
    endloop
  endfacet
  facet normal -0.659328 0 0.751856
    outer loop
      vertex 1.00446 -7.93416 10.691
      vertex 1.16673 -7.90719 10.8333
      vertex 1.00446 -3.97157 10.691
    endloop
  endfacet
  facet normal -0.658262 -0.0109163 0.75271
    outer loop
      vertex 1.16673 -7.90719 10.8333
      vertex 1.00446 -7.93416 10.691
      vertex 1.04421 -7.93156 10.7258
    endloop
  endfacet
  facet normal -0.659417 0 0.751778
    outer loop
      vertex 1.16673 7.90719 10.8333
      vertex 1.06116 3.9603 10.7407
      vertex 1.16673 3.92446 10.8333
    endloop
  endfacet
  facet normal -0.658262 0.0109163 0.75271
    outer loop
      vertex 1.00446 7.93416 10.691
      vertex 1.16673 7.90719 10.8333
      vertex 1.04421 7.93156 10.7258
    endloop
  endfacet
  facet normal -0.659328 0 0.751856
    outer loop
      vertex 1.16673 7.90719 10.8333
      vertex 1.00446 7.93416 10.691
      vertex 1.00446 3.97157 10.691
    endloop
  endfacet
  facet normal -0.659163 -1.20031e-05 0.752
    outer loop
      vertex 1.16673 7.90719 10.8333
      vertex 1.00446 3.97157 10.691
      vertex 1.06116 3.9603 10.7407
    endloop
  endfacet
  facet normal 0.442617 0 -0.896711
    outer loop
      vertex -0.825 -7.94593 13.4289
      vertex -0.7 -4.03213 13.4906
      vertex -0.7 -7.95412 13.4906
    endloop
  endfacet
  facet normal 0.442617 0 -0.896711
    outer loop
      vertex -0.7 -4.03213 13.4906
      vertex -0.825 -7.94593 13.4289
      vertex -0.825 -4.00727 13.4289
    endloop
  endfacet
  facet normal 0.442617 0 -0.896711
    outer loop
      vertex -0.825 7.94593 13.4289
      vertex -0.7 4.03213 13.4906
      vertex -0.825 4.00727 13.4289
    endloop
  endfacet
  facet normal 0.442617 0 -0.896711
    outer loop
      vertex -0.7 4.03213 13.4906
      vertex -0.825 7.94593 13.4289
      vertex -0.7 7.95412 13.4906
    endloop
  endfacet
  facet normal -0.659417 0 -0.751778
    outer loop
      vertex 1.16673 -7.90719 13.1667
      vertex 1.06116 -3.9603 13.2593
      vertex 1.16673 -3.92446 13.1667
    endloop
  endfacet
  facet normal -0.658262 -0.0109163 -0.75271
    outer loop
      vertex 1.00446 -7.93416 13.309
      vertex 1.16673 -7.90719 13.1667
      vertex 1.04421 -7.93156 13.2742
    endloop
  endfacet
  facet normal -0.659328 0 -0.751856
    outer loop
      vertex 1.16673 -7.90719 13.1667
      vertex 1.00446 -7.93416 13.309
      vertex 1.00446 -3.97157 13.309
    endloop
  endfacet
  facet normal -0.659163 1.20031e-05 -0.752
    outer loop
      vertex 1.16673 -7.90719 13.1667
      vertex 1.00446 -3.97157 13.309
      vertex 1.06116 -3.9603 13.2593
    endloop
  endfacet
  facet normal -0.659417 0 -0.751778
    outer loop
      vertex 1.06116 3.9603 13.2593
      vertex 1.16673 7.90719 13.1667
      vertex 1.16673 3.92446 13.1667
    endloop
  endfacet
  facet normal -0.659163 -1.20031e-05 -0.752
    outer loop
      vertex 1.00446 3.97157 13.309
      vertex 1.16673 7.90719 13.1667
      vertex 1.06116 3.9603 13.2593
    endloop
  endfacet
  facet normal -0.659328 -0 -0.751856
    outer loop
      vertex 1.00446 7.93416 13.309
      vertex 1.16673 7.90719 13.1667
      vertex 1.00446 3.97157 13.309
    endloop
  endfacet
  facet normal -0.658262 0.0109163 -0.75271
    outer loop
      vertex 1.16673 7.90719 13.1667
      vertex 1.00446 7.93416 13.309
      vertex 1.04421 7.93156 13.2742
    endloop
  endfacet
  facet normal -0.980794 0 0.195047
    outer loop
      vertex 1.59378 -3.77569 11.5729
      vertex 1.63588 -7.81387 11.7846
      vertex 1.63588 -3.75492 11.7846
    endloop
  endfacet
  facet normal -0.980794 0 0.195047
    outer loop
      vertex 1.63588 -7.81387 11.7846
      vertex 1.59378 -3.77569 11.5729
      vertex 1.59378 -7.82224 11.5729
    endloop
  endfacet
  facet normal -0.980794 0 0.195047
    outer loop
      vertex 1.59378 3.77569 11.5729
      vertex 1.63588 7.81387 11.7846
      vertex 1.59378 7.82224 11.5729
    endloop
  endfacet
  facet normal -0.980794 0 0.195047
    outer loop
      vertex 1.63588 7.81387 11.7846
      vertex 1.59378 3.77569 11.5729
      vertex 1.63588 3.75492 11.7846
    endloop
  endfacet
  facet normal -0.555534 -0 -0.831494
    outer loop
      vertex 0.825 -4.00727 13.4289
      vertex 1.00446 -7.93416 13.309
      vertex 0.825 -7.94593 13.4289
    endloop
  endfacet
  facet normal -0.555534 0 -0.831494
    outer loop
      vertex 1.00446 -7.93416 13.309
      vertex 0.825 -4.00727 13.4289
      vertex 1.00446 -3.97157 13.309
    endloop
  endfacet
  facet normal -0.555534 0 -0.831494
    outer loop
      vertex 0.825 4.00727 13.4289
      vertex 1.00446 7.93416 13.309
      vertex 1.00446 3.97157 13.309
    endloop
  endfacet
  facet normal -0.555534 0 -0.831494
    outer loop
      vertex 1.00446 7.93416 13.309
      vertex 0.825 4.00727 13.4289
      vertex 0.825 7.94593 13.4289
    endloop
  endfacet
  facet normal -0.896897 0 0.44224
    outer loop
      vertex 1.42894 -3.83545 11.175
      vertex 1.5244 -7.83604 11.3686
      vertex 1.5244 -3.80305 11.3686
    endloop
  endfacet
  facet normal -0.896897 0 0.44224
    outer loop
      vertex 1.5244 -7.83604 11.3686
      vertex 1.42894 -3.83545 11.175
      vertex 1.42894 -7.85503 11.175
    endloop
  endfacet
  facet normal -0.896897 0 0.44224
    outer loop
      vertex 1.42894 3.83545 11.175
      vertex 1.5244 7.83604 11.3686
      vertex 1.42894 7.85503 11.175
    endloop
  endfacet
  facet normal -0.896897 0 0.44224
    outer loop
      vertex 1.5244 7.83604 11.3686
      vertex 1.42894 3.83545 11.175
      vertex 1.5244 3.80305 11.3686
    endloop
  endfacet
  facet normal -0.751715 0 0.659488
    outer loop
      vertex 1.16673 -3.92446 10.8333
      vertex 1.30903 -7.87888 10.9955
      vertex 1.30903 -3.87615 10.9955
    endloop
  endfacet
  facet normal -0.751715 0 0.659488
    outer loop
      vertex 1.30903 -7.87888 10.9955
      vertex 1.16673 -3.92446 10.8333
      vertex 1.16673 -7.90719 10.8333
    endloop
  endfacet
  facet normal -0.751715 0 0.659488
    outer loop
      vertex 1.16673 3.92446 10.8333
      vertex 1.30903 7.87888 10.9955
      vertex 1.16673 7.90719 10.8333
    endloop
  endfacet
  facet normal -0.751715 0 0.659488
    outer loop
      vertex 1.30903 7.87888 10.9955
      vertex 1.16673 3.92446 10.8333
      vertex 1.30903 3.87615 10.9955
    endloop
  endfacet
  facet normal -0.83153 0 0.55548
    outer loop
      vertex 1.30903 -3.87615 10.9955
      vertex 1.42894 -7.85503 11.175
      vertex 1.42894 -3.83545 11.175
    endloop
  endfacet
  facet normal -0.83153 0 0.55548
    outer loop
      vertex 1.42894 -7.85503 11.175
      vertex 1.30903 -3.87615 10.9955
      vertex 1.30903 -7.87888 10.9955
    endloop
  endfacet
  facet normal -0.83153 0 0.55548
    outer loop
      vertex 1.30903 3.87615 10.9955
      vertex 1.42894 7.85503 11.175
      vertex 1.30903 7.87888 10.9955
    endloop
  endfacet
  facet normal -0.83153 0 0.55548
    outer loop
      vertex 1.42894 7.85503 11.175
      vertex 1.30903 3.87615 10.9955
      vertex 1.42894 3.83545 11.175
    endloop
  endfacet
  facet normal 0.997858 0 -0.0654121
    outer loop
      vertex -1.63588 -3.75492 12.2154
      vertex -1.65 -7.81106 12
      vertex -1.65 -3.74796 12
    endloop
  endfacet
  facet normal 0.997858 0 -0.0654121
    outer loop
      vertex -1.65 -7.81106 12
      vertex -1.63588 -3.75492 12.2154
      vertex -1.63588 -7.81387 12.2154
    endloop
  endfacet
  facet normal 0.997858 0 -0.0654121
    outer loop
      vertex -1.63588 3.75492 12.2154
      vertex -1.65 7.81106 12
      vertex -1.63588 7.81387 12.2154
    endloop
  endfacet
  facet normal 0.997858 0 -0.0654121
    outer loop
      vertex -1.65 7.81106 12
      vertex -1.63588 3.75492 12.2154
      vertex -1.65 3.74796 12
    endloop
  endfacet
  facet normal 0.659328 0 0.751856
    outer loop
      vertex -1.16673 -7.90719 10.8333
      vertex -1.00446 -7.93416 10.691
      vertex -1.00446 -3.97157 10.691
    endloop
  endfacet
  facet normal 0.659163 1.20031e-05 0.752
    outer loop
      vertex -1.16673 -7.90719 10.8333
      vertex -1.00446 -3.97157 10.691
      vertex -1.06116 -3.9603 10.7407
    endloop
  endfacet
  facet normal 0.659417 -0 0.751778
    outer loop
      vertex -1.16673 -7.90719 10.8333
      vertex -1.06116 -3.9603 10.7407
      vertex -1.16673 -3.92446 10.8333
    endloop
  endfacet
  facet normal 0.658262 -0.0109163 0.75271
    outer loop
      vertex -1.00446 -7.93416 10.691
      vertex -1.16673 -7.90719 10.8333
      vertex -1.04421 -7.93156 10.7258
    endloop
  endfacet
  facet normal 0.658262 0.0109163 0.75271
    outer loop
      vertex -1.16673 7.90719 10.8333
      vertex -1.00446 7.93416 10.691
      vertex -1.04421 7.93156 10.7258
    endloop
  endfacet
  facet normal 0.659328 0 0.751856
    outer loop
      vertex -1.00446 7.93416 10.691
      vertex -1.16673 7.90719 10.8333
      vertex -1.00446 3.97157 10.691
    endloop
  endfacet
  facet normal 0.659163 -1.20031e-05 0.752
    outer loop
      vertex -1.00446 3.97157 10.691
      vertex -1.16673 7.90719 10.8333
      vertex -1.06116 3.9603 10.7407
    endloop
  endfacet
  facet normal 0.659417 0 0.751778
    outer loop
      vertex -1.06116 3.9603 10.7407
      vertex -1.16673 7.90719 10.8333
      vertex -1.16673 3.92446 10.8333
    endloop
  endfacet
  facet normal -0.997858 0 0.0654121
    outer loop
      vertex 1.63588 -3.75492 11.7846
      vertex 1.65 -7.81106 12
      vertex 1.65 -3.74796 12
    endloop
  endfacet
  facet normal -0.997858 0 0.0654121
    outer loop
      vertex 1.65 -7.81106 12
      vertex 1.63588 -3.75492 11.7846
      vertex 1.63588 -7.81387 11.7846
    endloop
  endfacet
  facet normal -0.997858 0 0.0654121
    outer loop
      vertex 1.63588 3.75492 11.7846
      vertex 1.65 7.81106 12
      vertex 1.63588 7.81387 11.7846
    endloop
  endfacet
  facet normal -0.997858 0 0.0654121
    outer loop
      vertex 1.65 7.81106 12
      vertex 1.63588 3.75492 11.7846
      vertex 1.65 3.74796 12
    endloop
  endfacet
  facet normal 0.980794 0 -0.195047
    outer loop
      vertex -1.59378 -3.77569 12.4271
      vertex -1.63588 -7.81387 12.2154
      vertex -1.63588 -3.75492 12.2154
    endloop
  endfacet
  facet normal 0.980794 0 -0.195047
    outer loop
      vertex -1.63588 -7.81387 12.2154
      vertex -1.59378 -3.77569 12.4271
      vertex -1.59378 -7.82224 12.4271
    endloop
  endfacet
  facet normal 0.980794 0 -0.195047
    outer loop
      vertex -1.59378 3.77569 12.4271
      vertex -1.63588 7.81387 12.2154
      vertex -1.59378 7.82224 12.4271
    endloop
  endfacet
  facet normal 0.980794 0 -0.195047
    outer loop
      vertex -1.63588 7.81387 12.2154
      vertex -1.59378 3.77569 12.4271
      vertex -1.63588 3.75492 12.2154
    endloop
  endfacet
  facet normal 0.442617 -0 0.896711
    outer loop
      vertex -0.825 -7.94593 10.5711
      vertex -0.7 -4.03213 10.5094
      vertex -0.825 -4.00727 10.5711
    endloop
  endfacet
  facet normal 0.442617 0 0.896711
    outer loop
      vertex -0.7 -4.03213 10.5094
      vertex -0.825 -7.94593 10.5711
      vertex -0.7 -7.95412 10.5094
    endloop
  endfacet
  facet normal 0.442617 0 0.896711
    outer loop
      vertex -0.825 7.94593 10.5711
      vertex -0.7 4.03213 10.5094
      vertex -0.7 7.95412 10.5094
    endloop
  endfacet
  facet normal 0.442617 0 0.896711
    outer loop
      vertex -0.7 4.03213 10.5094
      vertex -0.825 7.94593 10.5711
      vertex -0.825 4.00727 10.5711
    endloop
  endfacet
  facet normal 0.555534 0 -0.831494
    outer loop
      vertex -1.00446 -7.93416 13.309
      vertex -0.825 -4.00727 13.4289
      vertex -0.825 -7.94593 13.4289
    endloop
  endfacet
  facet normal 0.555534 0 -0.831494
    outer loop
      vertex -0.825 -4.00727 13.4289
      vertex -1.00446 -7.93416 13.309
      vertex -1.00446 -3.97157 13.309
    endloop
  endfacet
  facet normal 0.555534 0 -0.831494
    outer loop
      vertex -1.00446 7.93416 13.309
      vertex -0.825 4.00727 13.4289
      vertex -1.00446 3.97157 13.309
    endloop
  endfacet
  facet normal 0.555534 0 -0.831494
    outer loop
      vertex -0.825 4.00727 13.4289
      vertex -1.00446 7.93416 13.309
      vertex -0.825 7.94593 13.4289
    endloop
  endfacet
  facet normal 0.896897 -0 0.44224
    outer loop
      vertex -1.5244 -7.83604 11.3686
      vertex -1.42894 -3.83545 11.175
      vertex -1.5244 -3.80305 11.3686
    endloop
  endfacet
  facet normal 0.896897 0 0.44224
    outer loop
      vertex -1.42894 -3.83545 11.175
      vertex -1.5244 -7.83604 11.3686
      vertex -1.42894 -7.85503 11.175
    endloop
  endfacet
  facet normal 0.896897 0 0.44224
    outer loop
      vertex -1.5244 7.83604 11.3686
      vertex -1.42894 3.83545 11.175
      vertex -1.42894 7.85503 11.175
    endloop
  endfacet
  facet normal 0.896897 0 0.44224
    outer loop
      vertex -1.42894 3.83545 11.175
      vertex -1.5244 7.83604 11.3686
      vertex -1.5244 3.80305 11.3686
    endloop
  endfacet
  facet normal 0.946796 0 -0.321833
    outer loop
      vertex -1.569 -3.78791 12.5
      vertex -1.59378 -7.82224 12.4271
      vertex -1.59378 -3.77569 12.4271
    endloop
  endfacet
  facet normal 0.946939 -8.47088e-06 -0.321413
    outer loop
      vertex -1.5244 -3.80305 12.6314
      vertex -1.59378 -7.82224 12.4271
      vertex -1.569 -3.78791 12.5
    endloop
  endfacet
  facet normal 0.946889 0 -0.321562
    outer loop
      vertex -1.59378 -7.82224 12.4271
      vertex -1.5244 -3.80305 12.6314
      vertex -1.5244 -7.83604 12.6314
    endloop
  endfacet
  facet normal 0.946889 0 -0.321562
    outer loop
      vertex -1.5244 3.80305 12.6314
      vertex -1.59378 7.82224 12.4271
      vertex -1.5244 7.83604 12.6314
    endloop
  endfacet
  facet normal 0.946939 8.47088e-06 -0.321413
    outer loop
      vertex -1.569 3.78791 12.5
      vertex -1.59378 7.82224 12.4271
      vertex -1.5244 3.80305 12.6314
    endloop
  endfacet
  facet normal 0.946796 0 -0.321833
    outer loop
      vertex -1.59378 7.82224 12.4271
      vertex -1.569 3.78791 12.5
      vertex -1.59378 3.77569 12.4271
    endloop
  endfacet
  facet normal 0.980794 -0 0.195047
    outer loop
      vertex -1.63588 -7.81387 11.7846
      vertex -1.59378 -3.77569 11.5729
      vertex -1.63588 -3.75492 11.7846
    endloop
  endfacet
  facet normal 0.980794 0 0.195047
    outer loop
      vertex -1.59378 -3.77569 11.5729
      vertex -1.63588 -7.81387 11.7846
      vertex -1.59378 -7.82224 11.5729
    endloop
  endfacet
  facet normal 0.980794 0 0.195047
    outer loop
      vertex -1.63588 7.81387 11.7846
      vertex -1.59378 3.77569 11.5729
      vertex -1.59378 7.82224 11.5729
    endloop
  endfacet
  facet normal 0.980794 0 0.195047
    outer loop
      vertex -1.59378 3.77569 11.5729
      vertex -1.63588 7.81387 11.7846
      vertex -1.63588 3.75492 11.7846
    endloop
  endfacet
  facet normal 0.83153 0 -0.55548
    outer loop
      vertex -1.30903 -3.87615 13.0045
      vertex -1.42894 -7.85503 12.825
      vertex -1.42894 -3.83545 12.825
    endloop
  endfacet
  facet normal 0.83153 0 -0.55548
    outer loop
      vertex -1.42894 -7.85503 12.825
      vertex -1.30903 -3.87615 13.0045
      vertex -1.30903 -7.87888 13.0045
    endloop
  endfacet
  facet normal 0.83153 0 -0.55548
    outer loop
      vertex -1.30903 3.87615 13.0045
      vertex -1.42894 7.85503 12.825
      vertex -1.30903 7.87888 13.0045
    endloop
  endfacet
  facet normal 0.83153 0 -0.55548
    outer loop
      vertex -1.42894 7.85503 12.825
      vertex -1.30903 3.87615 13.0045
      vertex -1.42894 3.83545 12.825
    endloop
  endfacet
  facet normal 0.946796 -0 0.321833
    outer loop
      vertex -1.59378 -7.82224 11.5729
      vertex -1.569 -3.78791 11.5
      vertex -1.59378 -3.77569 11.5729
    endloop
  endfacet
  facet normal 0.946939 -8.47088e-06 0.321413
    outer loop
      vertex -1.59378 -7.82224 11.5729
      vertex -1.5244 -3.80305 11.3686
      vertex -1.569 -3.78791 11.5
    endloop
  endfacet
  facet normal 0.946889 0 0.321562
    outer loop
      vertex -1.5244 -3.80305 11.3686
      vertex -1.59378 -7.82224 11.5729
      vertex -1.5244 -7.83604 11.3686
    endloop
  endfacet
  facet normal 0.946889 0 0.321562
    outer loop
      vertex -1.59378 7.82224 11.5729
      vertex -1.5244 3.80305 11.3686
      vertex -1.5244 7.83604 11.3686
    endloop
  endfacet
  facet normal 0.946939 8.47088e-06 0.321413
    outer loop
      vertex -1.59378 7.82224 11.5729
      vertex -1.569 3.78791 11.5
      vertex -1.5244 3.80305 11.3686
    endloop
  endfacet
  facet normal 0.946796 0 0.321833
    outer loop
      vertex -1.569 3.78791 11.5
      vertex -1.59378 7.82224 11.5729
      vertex -1.59378 3.77569 11.5729
    endloop
  endfacet
  facet normal 0.896897 0 -0.44224
    outer loop
      vertex -1.42894 -3.83545 12.825
      vertex -1.5244 -7.83604 12.6314
      vertex -1.5244 -3.80305 12.6314
    endloop
  endfacet
  facet normal 0.896897 0 -0.44224
    outer loop
      vertex -1.5244 -7.83604 12.6314
      vertex -1.42894 -3.83545 12.825
      vertex -1.42894 -7.85503 12.825
    endloop
  endfacet
  facet normal 0.896897 0 -0.44224
    outer loop
      vertex -1.42894 3.83545 12.825
      vertex -1.5244 7.83604 12.6314
      vertex -1.42894 7.85503 12.825
    endloop
  endfacet
  facet normal 0.896897 0 -0.44224
    outer loop
      vertex -1.5244 7.83604 12.6314
      vertex -1.42894 3.83545 12.825
      vertex -1.5244 3.80305 12.6314
    endloop
  endfacet
  facet normal -0.997858 0 -0.065422
    outer loop
      vertex 1.65 -7.81106 0
      vertex 1.63588 -5.15 0.215367
      vertex 1.65 -5.15 0
    endloop
  endfacet
  facet normal -0.997858 -0 -0.065422
    outer loop
      vertex 1.63588 -5.15 0.215367
      vertex 1.65 -7.81106 0
      vertex 1.63588 -7.81387 0.215367
    endloop
  endfacet
  facet normal -0.997858 0 -0.065422
    outer loop
      vertex 1.63588 5.15 0.215367
      vertex 1.65 7.81106 0
      vertex 1.65 5.15 0
    endloop
  endfacet
  facet normal -0.997858 0 -0.065422
    outer loop
      vertex 1.65 7.81106 0
      vertex 1.63588 5.15 0.215367
      vertex 1.63588 7.81387 0.215367
    endloop
  endfacet
  facet normal -0.997858 0 -0.065422
    outer loop
      vertex 1.65 3.95 0
      vertex 1.63588 3.75492 0.215367
      vertex 1.63588 3.95 0.215367
    endloop
  endfacet
  facet normal -0.997858 0 -0.065422
    outer loop
      vertex 1.63588 3.75492 0.215367
      vertex 1.65 3.95 0
      vertex 1.65 3.74796 0
    endloop
  endfacet
  facet normal -0.997858 0 -0.065422
    outer loop
      vertex 1.65 -3.95 0
      vertex 1.63588 -3.75492 0.215367
      vertex 1.65 -3.74796 0
    endloop
  endfacet
  facet normal -0.997858 -0 -0.065422
    outer loop
      vertex 1.63588 -3.75492 0.215367
      vertex 1.65 -3.95 0
      vertex 1.63588 -3.95 0.215367
    endloop
  endfacet
  facet normal -0.946925 0 -0.321455
    outer loop
      vertex 1.59378 -7.82224 0.427051
      vertex 1.5244 -5.15 0.631427
      vertex 1.59378 -5.15 0.427051
    endloop
  endfacet
  facet normal -0.946925 -0 -0.321455
    outer loop
      vertex 1.5244 -5.15 0.631427
      vertex 1.59378 -7.82224 0.427051
      vertex 1.5244 -7.83604 0.631427
    endloop
  endfacet
  facet normal -0.946925 0 -0.321455
    outer loop
      vertex 1.5244 5.15 0.631427
      vertex 1.59378 7.82224 0.427051
      vertex 1.59378 5.15 0.427051
    endloop
  endfacet
  facet normal -0.946925 0 -0.321455
    outer loop
      vertex 1.59378 7.82224 0.427051
      vertex 1.5244 5.15 0.631427
      vertex 1.5244 7.83604 0.631427
    endloop
  endfacet
  facet normal -0.946925 1.91115e-05 -0.321455
    outer loop
      vertex 1.569 3.78791 0.500037
      vertex 1.5244 3.95 0.631427
      vertex 1.59378 3.95 0.427051
    endloop
  endfacet
  facet normal -0.946932 -0 -0.321434
    outer loop
      vertex 1.5244 3.95 0.631427
      vertex 1.569 3.78791 0.500037
      vertex 1.5244 3.80305 0.631427
    endloop
  endfacet
  facet normal -0.946912 0 -0.321493
    outer loop
      vertex 1.569 3.78791 0.500037
      vertex 1.59378 3.95 0.427051
      vertex 1.59378 3.77569 0.427051
    endloop
  endfacet
  facet normal -0.946912 0 -0.321493
    outer loop
      vertex 1.59378 -3.95 0.427051
      vertex 1.569 -3.78791 0.500037
      vertex 1.59378 -3.77569 0.427051
    endloop
  endfacet
  facet normal -0.946925 -1.91115e-05 -0.321455
    outer loop
      vertex 1.5244 -3.95 0.631427
      vertex 1.569 -3.78791 0.500037
      vertex 1.59378 -3.95 0.427051
    endloop
  endfacet
  facet normal -0.946932 0 -0.321434
    outer loop
      vertex 1.569 -3.78791 0.500037
      vertex 1.5244 -3.95 0.631427
      vertex 1.5244 -3.80305 0.631427
    endloop
  endfacet
  facet normal 0.659361 0.00035524 -0.751827
    outer loop
      vertex -1.16673 -7.90719 1.16673
      vertex -1.00446 -7.93416 1.30903
      vertex -1.04421 -7.93156 1.27417
    endloop
  endfacet
  facet normal 0.659328 0 -0.751856
    outer loop
      vertex -1.00446 -7.93416 1.30903
      vertex -1.16673 -7.90719 1.16673
      vertex -1.00446 -5.15 1.30903
    endloop
  endfacet
  facet normal 0.659328 0 -0.751856
    outer loop
      vertex -1.00446 -5.15 1.30903
      vertex -1.16673 -7.90719 1.16673
      vertex -1.16673 -5.15 1.16673
    endloop
  endfacet
  facet normal 0.659328 0 -0.751856
    outer loop
      vertex -1.16673 7.90719 1.16673
      vertex -1.00446 7.93416 1.30903
      vertex -1.00446 5.15 1.30903
    endloop
  endfacet
  facet normal 0.659328 0 -0.751856
    outer loop
      vertex -1.16673 7.90719 1.16673
      vertex -1.00446 5.15 1.30903
      vertex -1.16673 5.15 1.16673
    endloop
  endfacet
  facet normal 0.659361 -0.00035524 -0.751827
    outer loop
      vertex -1.00446 7.93416 1.30903
      vertex -1.16673 7.90719 1.16673
      vertex -1.04421 7.93156 1.27417
    endloop
  endfacet
  facet normal 0.659325 0 -0.751858
    outer loop
      vertex -1.16673 3.95 1.16673
      vertex -1.09149 3.95 1.23271
      vertex -1.16673 3.92446 1.16673
    endloop
  endfacet
  facet normal 0.659325 0 -0.751858
    outer loop
      vertex -1.16673 -3.92446 1.16673
      vertex -1.09149 -3.95 1.23271
      vertex -1.16673 -3.95 1.16673
    endloop
  endfacet
  facet normal -0.751856 0 -0.659328
    outer loop
      vertex 1.30903 -7.87888 1.00446
      vertex 1.16673 -5.15 1.16673
      vertex 1.30903 -5.15 1.00446
    endloop
  endfacet
  facet normal -0.751856 -0 -0.659328
    outer loop
      vertex 1.16673 -5.15 1.16673
      vertex 1.30903 -7.87888 1.00446
      vertex 1.16673 -7.90719 1.16673
    endloop
  endfacet
  facet normal -0.751856 0 -0.659328
    outer loop
      vertex 1.16673 5.15 1.16673
      vertex 1.30903 7.87888 1.00446
      vertex 1.30903 5.15 1.00446
    endloop
  endfacet
  facet normal -0.751856 0 -0.659328
    outer loop
      vertex 1.30903 7.87888 1.00446
      vertex 1.16673 5.15 1.16673
      vertex 1.16673 7.90719 1.16673
    endloop
  endfacet
  facet normal -0.751856 0 -0.659328
    outer loop
      vertex 1.30903 3.95 1.00446
      vertex 1.16673 3.92446 1.16673
      vertex 1.16673 3.95 1.16673
    endloop
  endfacet
  facet normal -0.751856 0 -0.659328
    outer loop
      vertex 1.16673 3.92446 1.16673
      vertex 1.30903 3.95 1.00446
      vertex 1.30903 3.87615 1.00446
    endloop
  endfacet
  facet normal -0.751856 0 -0.659328
    outer loop
      vertex 1.30903 -3.95 1.00446
      vertex 1.16673 -3.92446 1.16673
      vertex 1.30903 -3.87615 1.00446
    endloop
  endfacet
  facet normal -0.751856 -0 -0.659328
    outer loop
      vertex 1.16673 -3.92446 1.16673
      vertex 1.30903 -3.95 1.00446
      vertex 1.16673 -3.95 1.16673
    endloop
  endfacet
  facet normal -0.896872 0 0.44229
    outer loop
      vertex 1.42894 3.83545 -0.825
      vertex 1.5244 3.95 -0.631427
      vertex 1.42894 3.95 -0.825
    endloop
  endfacet
  facet normal -0.896872 0 0.44229
    outer loop
      vertex 1.5244 3.95 -0.631427
      vertex 1.42894 3.83545 -0.825
      vertex 1.5244 3.80305 -0.631427
    endloop
  endfacet
  facet normal -0.896872 0 0.44229
    outer loop
      vertex 1.5244 -3.95 -0.631427
      vertex 1.42894 -3.83545 -0.825
      vertex 1.42894 -3.95 -0.825
    endloop
  endfacet
  facet normal -0.896872 0 0.44229
    outer loop
      vertex 1.42894 -3.83545 -0.825
      vertex 1.5244 -3.95 -0.631427
      vertex 1.5244 -3.80305 -0.631427
    endloop
  endfacet
  facet normal -0.44227 -0 -0.896882
    outer loop
      vertex 0.7 -5.15 1.49058
      vertex 0.825 -7.94593 1.42894
      vertex 0.7 -7.95412 1.49058
    endloop
  endfacet
  facet normal -0.44227 0 -0.896882
    outer loop
      vertex 0.825 -7.94593 1.42894
      vertex 0.7 -5.15 1.49058
      vertex 0.825 -5.15 1.42894
    endloop
  endfacet
  facet normal -0.44227 0 -0.896882
    outer loop
      vertex 0.7 5.15 1.49058
      vertex 0.825 7.94593 1.42894
      vertex 0.825 5.15 1.42894
    endloop
  endfacet
  facet normal -0.44227 0 -0.896882
    outer loop
      vertex 0.825 7.94593 1.42894
      vertex 0.7 5.15 1.49058
      vertex 0.7 7.95412 1.49058
    endloop
  endfacet
  facet normal 0.997858 0 -0.065422
    outer loop
      vertex -1.63588 5.15 0.215367
      vertex -1.65 7.81106 0
      vertex -1.63588 7.81387 0.215367
    endloop
  endfacet
  facet normal 0.997858 0 -0.065422
    outer loop
      vertex -1.65 7.81106 0
      vertex -1.63588 5.15 0.215367
      vertex -1.65 5.15 0
    endloop
  endfacet
  facet normal 0.997858 0 -0.065422
    outer loop
      vertex -1.63588 -5.15 0.215367
      vertex -1.65 -7.81106 0
      vertex -1.65 -5.15 0
    endloop
  endfacet
  facet normal 0.997858 0 -0.065422
    outer loop
      vertex -1.65 -7.81106 0
      vertex -1.63588 -5.15 0.215367
      vertex -1.63588 -7.81387 0.215367
    endloop
  endfacet
  facet normal 0.997858 0 -0.065422
    outer loop
      vertex -1.63588 3.75492 0.215367
      vertex -1.65 3.95 0
      vertex -1.63588 3.95 0.215367
    endloop
  endfacet
  facet normal 0.997858 0 -0.065422
    outer loop
      vertex -1.65 3.95 0
      vertex -1.63588 3.75492 0.215367
      vertex -1.65 3.74796 0
    endloop
  endfacet
  facet normal 0.997858 0 -0.065422
    outer loop
      vertex -1.65 -3.95 0
      vertex -1.63588 -3.75492 0.215367
      vertex -1.63588 -3.95 0.215367
    endloop
  endfacet
  facet normal 0.997858 0 -0.065422
    outer loop
      vertex -1.63588 -3.75492 0.215367
      vertex -1.65 -3.95 0
      vertex -1.65 -3.74796 0
    endloop
  endfacet
  facet normal 0.980791 0 -0.195061
    outer loop
      vertex -1.59378 -5.15 0.427051
      vertex -1.63588 -7.81387 0.215367
      vertex -1.63588 -5.15 0.215367
    endloop
  endfacet
  facet normal 0.980791 0 -0.195061
    outer loop
      vertex -1.63588 -7.81387 0.215367
      vertex -1.59378 -5.15 0.427051
      vertex -1.59378 -7.82224 0.427051
    endloop
  endfacet
  facet normal 0.980791 0 -0.195061
    outer loop
      vertex -1.59378 5.15 0.427051
      vertex -1.63588 7.81387 0.215367
      vertex -1.59378 7.82224 0.427051
    endloop
  endfacet
  facet normal 0.980791 0 -0.195061
    outer loop
      vertex -1.63588 7.81387 0.215367
      vertex -1.59378 5.15 0.427051
      vertex -1.63588 5.15 0.215367
    endloop
  endfacet
  facet normal 0.980791 0 -0.195061
    outer loop
      vertex -1.59378 3.77569 0.427051
      vertex -1.63588 3.95 0.215367
      vertex -1.59378 3.95 0.427051
    endloop
  endfacet
  facet normal 0.980791 0 -0.195061
    outer loop
      vertex -1.63588 3.95 0.215367
      vertex -1.59378 3.77569 0.427051
      vertex -1.63588 3.75492 0.215367
    endloop
  endfacet
  facet normal 0.980791 0 -0.195061
    outer loop
      vertex -1.63588 -3.95 0.215367
      vertex -1.59378 -3.77569 0.427051
      vertex -1.59378 -3.95 0.427051
    endloop
  endfacet
  facet normal 0.980791 0 -0.195061
    outer loop
      vertex -1.59378 -3.77569 0.427051
      vertex -1.63588 -3.95 0.215367
      vertex -1.63588 -3.75492 0.215367
    endloop
  endfacet
  facet normal -0.896872 0 -0.44229
    outer loop
      vertex 1.5244 -7.83604 0.631427
      vertex 1.42894 -5.15 0.825
      vertex 1.5244 -5.15 0.631427
    endloop
  endfacet
  facet normal -0.896872 -0 -0.44229
    outer loop
      vertex 1.42894 -5.15 0.825
      vertex 1.5244 -7.83604 0.631427
      vertex 1.42894 -7.85503 0.825
    endloop
  endfacet
  facet normal -0.896872 0 -0.44229
    outer loop
      vertex 1.42894 5.15 0.825
      vertex 1.5244 7.83604 0.631427
      vertex 1.5244 5.15 0.631427
    endloop
  endfacet
  facet normal -0.896872 0 -0.44229
    outer loop
      vertex 1.5244 7.83604 0.631427
      vertex 1.42894 5.15 0.825
      vertex 1.42894 7.85503 0.825
    endloop
  endfacet
  facet normal -0.896872 0 -0.44229
    outer loop
      vertex 1.5244 3.95 0.631427
      vertex 1.42894 3.83545 0.825
      vertex 1.42894 3.95 0.825
    endloop
  endfacet
  facet normal -0.896872 0 -0.44229
    outer loop
      vertex 1.42894 3.83545 0.825
      vertex 1.5244 3.95 0.631427
      vertex 1.5244 3.80305 0.631427
    endloop
  endfacet
  facet normal -0.896872 0 -0.44229
    outer loop
      vertex 1.5244 -3.95 0.631427
      vertex 1.42894 -3.83545 0.825
      vertex 1.5244 -3.80305 0.631427
    endloop
  endfacet
  facet normal -0.896872 -0 -0.44229
    outer loop
      vertex 1.42894 -3.83545 0.825
      vertex 1.5244 -3.95 0.631427
      vertex 1.42894 -3.95 0.825
    endloop
  endfacet
  facet normal 0.555566 0 -0.831472
    outer loop
      vertex -1.00446 -7.93416 1.30903
      vertex -0.825 -5.15 1.42894
      vertex -0.825 -7.94593 1.42894
    endloop
  endfacet
  facet normal 0.555566 0 -0.831472
    outer loop
      vertex -0.825 -5.15 1.42894
      vertex -1.00446 -7.93416 1.30903
      vertex -1.00446 -5.15 1.30903
    endloop
  endfacet
  facet normal 0.555566 0 -0.831472
    outer loop
      vertex -1.00446 7.93416 1.30903
      vertex -0.825 5.15 1.42894
      vertex -1.00446 5.15 1.30903
    endloop
  endfacet
  facet normal 0.555566 0 -0.831472
    outer loop
      vertex -0.825 5.15 1.42894
      vertex -1.00446 7.93416 1.30903
      vertex -0.825 7.94593 1.42894
    endloop
  endfacet
  facet normal 0.980791 0 0.195061
    outer loop
      vertex -1.63588 3.95 -0.215367
      vertex -1.59378 3.77569 -0.427051
      vertex -1.59378 3.95 -0.427051
    endloop
  endfacet
  facet normal 0.980791 0 0.195061
    outer loop
      vertex -1.59378 3.77569 -0.427051
      vertex -1.63588 3.95 -0.215367
      vertex -1.63588 3.75492 -0.215367
    endloop
  endfacet
  facet normal 0.980791 -0 0.195061
    outer loop
      vertex -1.63588 -3.95 -0.215367
      vertex -1.59378 -3.77569 -0.427051
      vertex -1.63588 -3.75492 -0.215367
    endloop
  endfacet
  facet normal 0.980791 0 0.195061
    outer loop
      vertex -1.59378 -3.77569 -0.427051
      vertex -1.63588 -3.95 -0.215367
      vertex -1.59378 -3.95 -0.427051
    endloop
  endfacet
  facet normal -0.831472 0 -0.555566
    outer loop
      vertex 1.42894 -7.85503 0.825
      vertex 1.30903 -5.15 1.00446
      vertex 1.42894 -5.15 0.825
    endloop
  endfacet
  facet normal -0.831472 -0 -0.555566
    outer loop
      vertex 1.30903 -5.15 1.00446
      vertex 1.42894 -7.85503 0.825
      vertex 1.30903 -7.87888 1.00446
    endloop
  endfacet
  facet normal -0.831472 0 -0.555566
    outer loop
      vertex 1.30903 5.15 1.00446
      vertex 1.42894 7.85503 0.825
      vertex 1.42894 5.15 0.825
    endloop
  endfacet
  facet normal -0.831472 0 -0.555566
    outer loop
      vertex 1.42894 7.85503 0.825
      vertex 1.30903 5.15 1.00446
      vertex 1.30903 7.87888 1.00446
    endloop
  endfacet
  facet normal -0.831472 0 -0.555566
    outer loop
      vertex 1.42894 3.95 0.825
      vertex 1.30903 3.87615 1.00446
      vertex 1.30903 3.95 1.00446
    endloop
  endfacet
  facet normal -0.831472 0 -0.555566
    outer loop
      vertex 1.30903 3.87615 1.00446
      vertex 1.42894 3.95 0.825
      vertex 1.42894 3.83545 0.825
    endloop
  endfacet
  facet normal -0.831472 0 -0.555566
    outer loop
      vertex 1.42894 -3.95 0.825
      vertex 1.30903 -3.87615 1.00446
      vertex 1.42894 -3.83545 0.825
    endloop
  endfacet
  facet normal -0.831472 -0 -0.555566
    outer loop
      vertex 1.30903 -3.87615 1.00446
      vertex 1.42894 -3.95 0.825
      vertex 1.30903 -3.95 1.00446
    endloop
  endfacet
  facet normal -0.44227 0 0.896882
    outer loop
      vertex 0.7 3.95 -1.49058
      vertex 0.825 -3.95 -1.42894
      vertex 0.825 3.95 -1.42894
    endloop
  endfacet
  facet normal -0.44227 0 0.896882
    outer loop
      vertex 0.825 -3.95 -1.42894
      vertex 0.7 3.95 -1.49058
      vertex 0.7 -3.95 -1.49058
    endloop
  endfacet
  facet normal 0.997858 0 0.065422
    outer loop
      vertex -1.65 3.95 0
      vertex -1.63588 3.75492 -0.215367
      vertex -1.63588 3.95 -0.215367
    endloop
  endfacet
  facet normal 0.997858 0 0.065422
    outer loop
      vertex -1.63588 3.75492 -0.215367
      vertex -1.65 3.95 0
      vertex -1.65 3.74796 0
    endloop
  endfacet
  facet normal 0.997858 -0 0.065422
    outer loop
      vertex -1.65 -3.95 0
      vertex -1.63588 -3.75492 -0.215367
      vertex -1.65 -3.74796 0
    endloop
  endfacet
  facet normal 0.997858 0 0.065422
    outer loop
      vertex -1.63588 -3.75492 -0.215367
      vertex -1.65 -3.95 0
      vertex -1.63588 -3.95 -0.215367
    endloop
  endfacet
  facet normal 0.946925 1.91115e-05 0.321455
    outer loop
      vertex -1.569 3.78791 -0.500037
      vertex -1.5244 3.95 -0.631427
      vertex -1.59378 3.95 -0.427051
    endloop
  endfacet
  facet normal 0.946932 0 0.321434
    outer loop
      vertex -1.5244 3.95 -0.631427
      vertex -1.569 3.78791 -0.500037
      vertex -1.5244 3.80305 -0.631427
    endloop
  endfacet
  facet normal 0.946912 0 0.321493
    outer loop
      vertex -1.569 3.78791 -0.500037
      vertex -1.59378 3.95 -0.427051
      vertex -1.59378 3.77569 -0.427051
    endloop
  endfacet
  facet normal 0.946912 -0 0.321493
    outer loop
      vertex -1.59378 -3.95 -0.427051
      vertex -1.569 -3.78791 -0.500037
      vertex -1.59378 -3.77569 -0.427051
    endloop
  endfacet
  facet normal 0.946925 -1.91115e-05 0.321455
    outer loop
      vertex -1.5244 -3.95 -0.631427
      vertex -1.569 -3.78791 -0.500037
      vertex -1.59378 -3.95 -0.427051
    endloop
  endfacet
  facet normal 0.946932 0 0.321434
    outer loop
      vertex -1.569 -3.78791 -0.500037
      vertex -1.5244 -3.95 -0.631427
      vertex -1.5244 -3.80305 -0.631427
    endloop
  endfacet
  facet normal 0.44227 0 0.896882
    outer loop
      vertex -0.825 3.95 -1.42894
      vertex -0.7 -3.95 -1.49058
      vertex -0.7 3.95 -1.49058
    endloop
  endfacet
  facet normal 0.44227 0 0.896882
    outer loop
      vertex -0.7 -3.95 -1.49058
      vertex -0.825 3.95 -1.42894
      vertex -0.825 -3.95 -1.42894
    endloop
  endfacet
  facet normal 0.831472 0 0.555566
    outer loop
      vertex -1.42894 -3.83545 -0.825
      vertex -1.42894 -3.95 -0.825
      vertex -1.31201 -3.87514 -1
    endloop
  endfacet
  facet normal 0.831472 4.82753e-07 0.555566
    outer loop
      vertex -1.42894 3.95 -0.825
      vertex -1.31201 3.87514 -1
      vertex -1.30903 3.95 -1.00446
    endloop
  endfacet
  facet normal 0.831472 0 0.555566
    outer loop
      vertex -1.31201 3.87514 -1
      vertex -1.42894 3.95 -0.825
      vertex -1.42894 3.83545 -0.825
    endloop
  endfacet
  facet normal 0.831476 -0 0.55556
    outer loop
      vertex -1.31201 -3.87514 -1
      vertex -1.30903 3.95 -1.00446
      vertex -1.31201 3.87514 -1
    endloop
  endfacet
  facet normal 0.831476 0 0.55556
    outer loop
      vertex -1.31201 -3.87514 -1
      vertex -1.30903 -3.95 -1.00446
      vertex -1.30903 3.95 -1.00446
    endloop
  endfacet
  facet normal 0.831472 -4.82753e-07 0.555566
    outer loop
      vertex -1.30903 -3.95 -1.00446
      vertex -1.31201 -3.87514 -1
      vertex -1.42894 -3.95 -0.825
    endloop
  endfacet
  facet normal 0.44227 0 -0.896882
    outer loop
      vertex -0.825 -7.94593 1.42894
      vertex -0.7 -5.15 1.49058
      vertex -0.7 -7.95412 1.49058
    endloop
  endfacet
  facet normal 0.44227 0 -0.896882
    outer loop
      vertex -0.7 -5.15 1.49058
      vertex -0.825 -7.94593 1.42894
      vertex -0.825 -5.15 1.42894
    endloop
  endfacet
  facet normal 0.44227 0 -0.896882
    outer loop
      vertex -0.825 7.94593 1.42894
      vertex -0.7 5.15 1.49058
      vertex -0.825 5.15 1.42894
    endloop
  endfacet
  facet normal 0.44227 0 -0.896882
    outer loop
      vertex -0.7 5.15 1.49058
      vertex -0.825 7.94593 1.42894
      vertex -0.7 7.95412 1.49058
    endloop
  endfacet
  facet normal 0.659328 0 0.751856
    outer loop
      vertex -1.16673 3.95 -1.16673
      vertex -1.00446 -3.95 -1.30903
      vertex -1.00446 3.95 -1.30903
    endloop
  endfacet
  facet normal 0.659328 0 0.751856
    outer loop
      vertex -1.00446 -3.95 -1.30903
      vertex -1.16673 3.95 -1.16673
      vertex -1.16673 -3.95 -1.16673
    endloop
  endfacet
  facet normal -0.831472 4.82753e-07 0.555566
    outer loop
      vertex 1.30903 3.95 -1.00446
      vertex 1.31201 3.87514 -1
      vertex 1.42894 3.95 -0.825
    endloop
  endfacet
  facet normal -0.831476 0 0.55556
    outer loop
      vertex 1.30903 3.95 -1.00446
      vertex 1.31201 -3.87514 -1
      vertex 1.31201 3.87514 -1
    endloop
  endfacet
  facet normal -0.831476 0 0.55556
    outer loop
      vertex 1.31201 -3.87514 -1
      vertex 1.30903 3.95 -1.00446
      vertex 1.30903 -3.95 -1.00446
    endloop
  endfacet
  facet normal -0.831472 0 0.555566
    outer loop
      vertex 1.42894 3.95 -0.825
      vertex 1.31201 3.87514 -1
      vertex 1.42894 3.83545 -0.825
    endloop
  endfacet
  facet normal -0.831472 -4.82753e-07 0.555566
    outer loop
      vertex 1.42894 -3.95 -0.825
      vertex 1.31201 -3.87514 -1
      vertex 1.30903 -3.95 -1.00446
    endloop
  endfacet
  facet normal -0.831472 0 0.555566
    outer loop
      vertex 1.31201 -3.87514 -1
      vertex 1.42894 -3.95 -0.825
      vertex 1.42894 -3.83545 -0.825
    endloop
  endfacet
  facet normal -0.980791 0 -0.195061
    outer loop
      vertex 1.63588 -7.81387 0.215367
      vertex 1.59378 -5.15 0.427051
      vertex 1.63588 -5.15 0.215367
    endloop
  endfacet
  facet normal -0.980791 -0 -0.195061
    outer loop
      vertex 1.59378 -5.15 0.427051
      vertex 1.63588 -7.81387 0.215367
      vertex 1.59378 -7.82224 0.427051
    endloop
  endfacet
  facet normal -0.980791 0 -0.195061
    outer loop
      vertex 1.59378 5.15 0.427051
      vertex 1.63588 7.81387 0.215367
      vertex 1.63588 5.15 0.215367
    endloop
  endfacet
  facet normal -0.980791 0 -0.195061
    outer loop
      vertex 1.63588 7.81387 0.215367
      vertex 1.59378 5.15 0.427051
      vertex 1.59378 7.82224 0.427051
    endloop
  endfacet
  facet normal -0.980791 0 -0.195061
    outer loop
      vertex 1.63588 3.95 0.215367
      vertex 1.59378 3.77569 0.427051
      vertex 1.59378 3.95 0.427051
    endloop
  endfacet
  facet normal -0.980791 0 -0.195061
    outer loop
      vertex 1.59378 3.77569 0.427051
      vertex 1.63588 3.95 0.215367
      vertex 1.63588 3.75492 0.215367
    endloop
  endfacet
  facet normal -0.980791 0 -0.195061
    outer loop
      vertex 1.63588 -3.95 0.215367
      vertex 1.59378 -3.77569 0.427051
      vertex 1.63588 -3.75492 0.215367
    endloop
  endfacet
  facet normal -0.980791 -0 -0.195061
    outer loop
      vertex 1.59378 -3.77569 0.427051
      vertex 1.63588 -3.95 0.215367
      vertex 1.59378 -3.95 0.427051
    endloop
  endfacet
  facet normal -0.555566 0 0.831472
    outer loop
      vertex 0.825 3.95 -1.42894
      vertex 1.00446 -3.95 -1.30903
      vertex 1.00446 3.95 -1.30903
    endloop
  endfacet
  facet normal -0.555566 0 0.831472
    outer loop
      vertex 1.00446 -3.95 -1.30903
      vertex 0.825 3.95 -1.42894
      vertex 0.825 -3.95 -1.42894
    endloop
  endfacet
  facet normal -0.751856 0 0.659328
    outer loop
      vertex 1.16673 -3.95 -1.16673
      vertex 1.30903 3.95 -1.00446
      vertex 1.16673 3.95 -1.16673
    endloop
  endfacet
  facet normal -0.751856 0 0.659328
    outer loop
      vertex 1.30903 3.95 -1.00446
      vertex 1.16673 -3.95 -1.16673
      vertex 1.30903 -3.95 -1.00446
    endloop
  endfacet
  facet normal -0.980791 0 0.195061
    outer loop
      vertex 1.59378 3.77569 -0.427051
      vertex 1.63588 3.95 -0.215367
      vertex 1.59378 3.95 -0.427051
    endloop
  endfacet
  facet normal -0.980791 0 0.195061
    outer loop
      vertex 1.63588 3.95 -0.215367
      vertex 1.59378 3.77569 -0.427051
      vertex 1.63588 3.75492 -0.215367
    endloop
  endfacet
  facet normal -0.980791 0 0.195061
    outer loop
      vertex 1.63588 -3.95 -0.215367
      vertex 1.59378 -3.77569 -0.427051
      vertex 1.59378 -3.95 -0.427051
    endloop
  endfacet
  facet normal -0.980791 0 0.195061
    outer loop
      vertex 1.59378 -3.77569 -0.427051
      vertex 1.63588 -3.95 -0.215367
      vertex 1.63588 -3.75492 -0.215367
    endloop
  endfacet
  facet normal -0.946932 0 0.321434
    outer loop
      vertex 1.569 3.78791 -0.500037
      vertex 1.5244 3.95 -0.631427
      vertex 1.5244 3.80305 -0.631427
    endloop
  endfacet
  facet normal -0.946925 1.91115e-05 0.321455
    outer loop
      vertex 1.5244 3.95 -0.631427
      vertex 1.569 3.78791 -0.500037
      vertex 1.59378 3.95 -0.427051
    endloop
  endfacet
  facet normal -0.946912 0 0.321493
    outer loop
      vertex 1.59378 3.95 -0.427051
      vertex 1.569 3.78791 -0.500037
      vertex 1.59378 3.77569 -0.427051
    endloop
  endfacet
  facet normal -0.946932 0 0.321434
    outer loop
      vertex 1.5244 -3.95 -0.631427
      vertex 1.569 -3.78791 -0.500037
      vertex 1.5244 -3.80305 -0.631427
    endloop
  endfacet
  facet normal -0.946925 -1.91115e-05 0.321455
    outer loop
      vertex 1.59378 -3.95 -0.427051
      vertex 1.569 -3.78791 -0.500037
      vertex 1.5244 -3.95 -0.631427
    endloop
  endfacet
  facet normal -0.946912 0 0.321493
    outer loop
      vertex 1.569 -3.78791 -0.500037
      vertex 1.59378 -3.95 -0.427051
      vertex 1.59378 -3.77569 -0.427051
    endloop
  endfacet
  facet normal 0.896872 0 0.44229
    outer loop
      vertex -1.5244 3.95 -0.631427
      vertex -1.42894 3.83545 -0.825
      vertex -1.42894 3.95 -0.825
    endloop
  endfacet
  facet normal 0.896872 0 0.44229
    outer loop
      vertex -1.42894 3.83545 -0.825
      vertex -1.5244 3.95 -0.631427
      vertex -1.5244 3.80305 -0.631427
    endloop
  endfacet
  facet normal 0.896872 -0 0.44229
    outer loop
      vertex -1.5244 -3.95 -0.631427
      vertex -1.42894 -3.83545 -0.825
      vertex -1.5244 -3.80305 -0.631427
    endloop
  endfacet
  facet normal 0.896872 0 0.44229
    outer loop
      vertex -1.42894 -3.83545 -0.825
      vertex -1.5244 -3.95 -0.631427
      vertex -1.42894 -3.95 -0.825
    endloop
  endfacet
  facet normal 0.896872 0 -0.44229
    outer loop
      vertex -1.42894 -5.15 0.825
      vertex -1.5244 -7.83604 0.631427
      vertex -1.5244 -5.15 0.631427
    endloop
  endfacet
  facet normal 0.896872 0 -0.44229
    outer loop
      vertex -1.5244 -7.83604 0.631427
      vertex -1.42894 -5.15 0.825
      vertex -1.42894 -7.85503 0.825
    endloop
  endfacet
  facet normal 0.896872 0 -0.44229
    outer loop
      vertex -1.42894 5.15 0.825
      vertex -1.5244 7.83604 0.631427
      vertex -1.42894 7.85503 0.825
    endloop
  endfacet
  facet normal 0.896872 0 -0.44229
    outer loop
      vertex -1.5244 7.83604 0.631427
      vertex -1.42894 5.15 0.825
      vertex -1.5244 5.15 0.631427
    endloop
  endfacet
  facet normal 0.896872 0 -0.44229
    outer loop
      vertex -1.42894 3.83545 0.825
      vertex -1.5244 3.95 0.631427
      vertex -1.42894 3.95 0.825
    endloop
  endfacet
  facet normal 0.896872 0 -0.44229
    outer loop
      vertex -1.5244 3.95 0.631427
      vertex -1.42894 3.83545 0.825
      vertex -1.5244 3.80305 0.631427
    endloop
  endfacet
  facet normal 0.896872 0 -0.44229
    outer loop
      vertex -1.5244 -3.95 0.631427
      vertex -1.42894 -3.83545 0.825
      vertex -1.42894 -3.95 0.825
    endloop
  endfacet
  facet normal 0.896872 0 -0.44229
    outer loop
      vertex -1.42894 -3.83545 0.825
      vertex -1.5244 -3.95 0.631427
      vertex -1.5244 -3.80305 0.631427
    endloop
  endfacet
  facet normal -0.555566 -0 -0.831472
    outer loop
      vertex 0.825 -5.15 1.42894
      vertex 1.00446 -7.93416 1.30903
      vertex 0.825 -7.94593 1.42894
    endloop
  endfacet
  facet normal -0.555566 0 -0.831472
    outer loop
      vertex 1.00446 -7.93416 1.30903
      vertex 0.825 -5.15 1.42894
      vertex 1.00446 -5.15 1.30903
    endloop
  endfacet
  facet normal -0.555566 0 -0.831472
    outer loop
      vertex 0.825 5.15 1.42894
      vertex 1.00446 7.93416 1.30903
      vertex 1.00446 5.15 1.30903
    endloop
  endfacet
  facet normal -0.555566 0 -0.831472
    outer loop
      vertex 1.00446 7.93416 1.30903
      vertex 0.825 5.15 1.42894
      vertex 0.825 7.94593 1.42894
    endloop
  endfacet
  facet normal -0.659361 0.00035524 -0.751827
    outer loop
      vertex 1.00446 -7.93416 1.30903
      vertex 1.16673 -7.90719 1.16673
      vertex 1.04421 -7.93156 1.27417
    endloop
  endfacet
  facet normal -0.659328 0 -0.751856
    outer loop
      vertex 1.16673 -7.90719 1.16673
      vertex 1.00446 -7.93416 1.30903
      vertex 1.00446 -5.15 1.30903
    endloop
  endfacet
  facet normal -0.659328 0 -0.751856
    outer loop
      vertex 1.16673 -7.90719 1.16673
      vertex 1.00446 -5.15 1.30903
      vertex 1.16673 -5.15 1.16673
    endloop
  endfacet
  facet normal -0.659328 0 -0.751856
    outer loop
      vertex 1.00446 5.15 1.30903
      vertex 1.16673 7.90719 1.16673
      vertex 1.16673 5.15 1.16673
    endloop
  endfacet
  facet normal -0.659328 -0 -0.751856
    outer loop
      vertex 1.00446 7.93416 1.30903
      vertex 1.16673 7.90719 1.16673
      vertex 1.00446 5.15 1.30903
    endloop
  endfacet
  facet normal -0.659361 -0.00035524 -0.751827
    outer loop
      vertex 1.16673 7.90719 1.16673
      vertex 1.00446 7.93416 1.30903
      vertex 1.04421 7.93156 1.27417
    endloop
  endfacet
  facet normal -0.659325 -0 -0.751858
    outer loop
      vertex 1.16673 3.95 1.16673
      vertex 1.16673 3.92446 1.16673
      vertex 1.09149 3.95 1.23271
    endloop
  endfacet
  facet normal -0.659325 -0 -0.751858
    outer loop
      vertex 1.16673 -3.92446 1.16673
      vertex 1.16673 -3.95 1.16673
      vertex 1.09149 -3.95 1.23271
    endloop
  endfacet
  facet normal -0.997858 0 0.065422
    outer loop
      vertex 1.63588 3.75492 -0.215367
      vertex 1.65 3.95 0
      vertex 1.63588 3.95 -0.215367
    endloop
  endfacet
  facet normal -0.997858 0 0.065422
    outer loop
      vertex 1.65 3.95 0
      vertex 1.63588 3.75492 -0.215367
      vertex 1.65 3.74796 0
    endloop
  endfacet
  facet normal -0.997858 0 0.065422
    outer loop
      vertex 1.65 -3.95 0
      vertex 1.63588 -3.75492 -0.215367
      vertex 1.63588 -3.95 -0.215367
    endloop
  endfacet
  facet normal -0.997858 0 0.065422
    outer loop
      vertex 1.63588 -3.75492 -0.215367
      vertex 1.65 -3.95 0
      vertex 1.65 -3.74796 0
    endloop
  endfacet
  facet normal 0.946925 0 -0.321455
    outer loop
      vertex -1.5244 -5.15 0.631427
      vertex -1.59378 -7.82224 0.427051
      vertex -1.59378 -5.15 0.427051
    endloop
  endfacet
  facet normal 0.946925 0 -0.321455
    outer loop
      vertex -1.59378 -7.82224 0.427051
      vertex -1.5244 -5.15 0.631427
      vertex -1.5244 -7.83604 0.631427
    endloop
  endfacet
  facet normal 0.946925 0 -0.321455
    outer loop
      vertex -1.5244 5.15 0.631427
      vertex -1.59378 7.82224 0.427051
      vertex -1.5244 7.83604 0.631427
    endloop
  endfacet
  facet normal 0.946925 0 -0.321455
    outer loop
      vertex -1.59378 7.82224 0.427051
      vertex -1.5244 5.15 0.631427
      vertex -1.59378 5.15 0.427051
    endloop
  endfacet
  facet normal 0.946932 0 -0.321434
    outer loop
      vertex -1.569 3.78791 0.500037
      vertex -1.5244 3.95 0.631427
      vertex -1.5244 3.80305 0.631427
    endloop
  endfacet
  facet normal 0.946925 1.91115e-05 -0.321455
    outer loop
      vertex -1.5244 3.95 0.631427
      vertex -1.569 3.78791 0.500037
      vertex -1.59378 3.95 0.427051
    endloop
  endfacet
  facet normal 0.946912 0 -0.321493
    outer loop
      vertex -1.59378 3.95 0.427051
      vertex -1.569 3.78791 0.500037
      vertex -1.59378 3.77569 0.427051
    endloop
  endfacet
  facet normal 0.946932 0 -0.321434
    outer loop
      vertex -1.5244 -3.95 0.631427
      vertex -1.569 -3.78791 0.500037
      vertex -1.5244 -3.80305 0.631427
    endloop
  endfacet
  facet normal 0.946925 -1.91115e-05 -0.321455
    outer loop
      vertex -1.59378 -3.95 0.427051
      vertex -1.569 -3.78791 0.500037
      vertex -1.5244 -3.95 0.631427
    endloop
  endfacet
  facet normal 0.946912 0 -0.321493
    outer loop
      vertex -1.569 -3.78791 0.500037
      vertex -1.59378 -3.95 0.427051
      vertex -1.59378 -3.77569 0.427051
    endloop
  endfacet
  facet normal 0.751856 -0 0.659328
    outer loop
      vertex -1.30903 -3.95 -1.00446
      vertex -1.16673 3.95 -1.16673
      vertex -1.30903 3.95 -1.00446
    endloop
  endfacet
  facet normal 0.751856 0 0.659328
    outer loop
      vertex -1.16673 3.95 -1.16673
      vertex -1.30903 -3.95 -1.00446
      vertex -1.16673 -3.95 -1.16673
    endloop
  endfacet
  facet normal -0.659328 0 0.751856
    outer loop
      vertex 1.00446 3.95 -1.30903
      vertex 1.16673 -3.95 -1.16673
      vertex 1.16673 3.95 -1.16673
    endloop
  endfacet
  facet normal -0.659328 0 0.751856
    outer loop
      vertex 1.16673 -3.95 -1.16673
      vertex 1.00446 3.95 -1.30903
      vertex 1.00446 -3.95 -1.30903
    endloop
  endfacet
  facet normal 0.555566 0 0.831472
    outer loop
      vertex -1.00446 3.95 -1.30903
      vertex -0.825 -3.95 -1.42894
      vertex -0.825 3.95 -1.42894
    endloop
  endfacet
  facet normal 0.555566 0 0.831472
    outer loop
      vertex -0.825 -3.95 -1.42894
      vertex -1.00446 3.95 -1.30903
      vertex -1.00446 -3.95 -1.30903
    endloop
  endfacet
  facet normal 0.751856 0 -0.659328
    outer loop
      vertex -1.16673 -5.15 1.16673
      vertex -1.30903 -7.87888 1.00446
      vertex -1.30903 -5.15 1.00446
    endloop
  endfacet
  facet normal 0.751856 0 -0.659328
    outer loop
      vertex -1.30903 -7.87888 1.00446
      vertex -1.16673 -5.15 1.16673
      vertex -1.16673 -7.90719 1.16673
    endloop
  endfacet
  facet normal 0.751856 0 -0.659328
    outer loop
      vertex -1.16673 5.15 1.16673
      vertex -1.30903 7.87888 1.00446
      vertex -1.16673 7.90719 1.16673
    endloop
  endfacet
  facet normal 0.751856 0 -0.659328
    outer loop
      vertex -1.30903 7.87888 1.00446
      vertex -1.16673 5.15 1.16673
      vertex -1.30903 5.15 1.00446
    endloop
  endfacet
  facet normal 0.751856 0 -0.659328
    outer loop
      vertex -1.16673 3.92446 1.16673
      vertex -1.30903 3.95 1.00446
      vertex -1.16673 3.95 1.16673
    endloop
  endfacet
  facet normal 0.751856 0 -0.659328
    outer loop
      vertex -1.30903 3.95 1.00446
      vertex -1.16673 3.92446 1.16673
      vertex -1.30903 3.87615 1.00446
    endloop
  endfacet
  facet normal 0.751856 0 -0.659328
    outer loop
      vertex -1.30903 -3.95 1.00446
      vertex -1.16673 -3.92446 1.16673
      vertex -1.16673 -3.95 1.16673
    endloop
  endfacet
  facet normal 0.751856 0 -0.659328
    outer loop
      vertex -1.16673 -3.92446 1.16673
      vertex -1.30903 -3.95 1.00446
      vertex -1.30903 -3.87615 1.00446
    endloop
  endfacet
  facet normal 0.831472 0 -0.555566
    outer loop
      vertex -1.30903 -5.15 1.00446
      vertex -1.42894 -7.85503 0.825
      vertex -1.42894 -5.15 0.825
    endloop
  endfacet
  facet normal 0.831472 0 -0.555566
    outer loop
      vertex -1.42894 -7.85503 0.825
      vertex -1.30903 -5.15 1.00446
      vertex -1.30903 -7.87888 1.00446
    endloop
  endfacet
  facet normal 0.831472 0 -0.555566
    outer loop
      vertex -1.30903 5.15 1.00446
      vertex -1.42894 7.85503 0.825
      vertex -1.30903 7.87888 1.00446
    endloop
  endfacet
  facet normal 0.831472 0 -0.555566
    outer loop
      vertex -1.42894 7.85503 0.825
      vertex -1.30903 5.15 1.00446
      vertex -1.42894 5.15 0.825
    endloop
  endfacet
  facet normal 0.831472 0 -0.555566
    outer loop
      vertex -1.30903 3.87615 1.00446
      vertex -1.42894 3.95 0.825
      vertex -1.30903 3.95 1.00446
    endloop
  endfacet
  facet normal 0.831472 0 -0.555566
    outer loop
      vertex -1.42894 3.95 0.825
      vertex -1.30903 3.87615 1.00446
      vertex -1.42894 3.83545 0.825
    endloop
  endfacet
  facet normal 0.831472 0 -0.555566
    outer loop
      vertex -1.42894 -3.95 0.825
      vertex -1.30903 -3.87615 1.00446
      vertex -1.30903 -3.95 1.00446
    endloop
  endfacet
  facet normal 0.831472 0 -0.555566
    outer loop
      vertex -1.30903 -3.87615 1.00446
      vertex -1.42894 -3.95 0.825
      vertex -1.42894 -3.83545 0.825
    endloop
  endfacet
  facet normal 0.896875 0 -0.442284
    outer loop
      vertex -4.37343 3.95 2.525
      vertex -4.66559 5.15 1.93255
      vertex -4.37343 5.15 2.525
    endloop
  endfacet
  facet normal 0.896875 0 -0.442284
    outer loop
      vertex -4.66559 5.15 1.93255
      vertex -4.37343 3.95 2.525
      vertex -4.66559 3.95 1.93255
    endloop
  endfacet
  facet normal 0.831463 0 -0.55558
    outer loop
      vertex -4.00643 3.95 3.07424
      vertex -4.37343 5.15 2.525
      vertex -4.00643 5.15 3.07424
    endloop
  endfacet
  facet normal 0.831463 0 -0.55558
    outer loop
      vertex -4.37343 5.15 2.525
      vertex -4.00643 3.95 3.07424
      vertex -4.37343 3.95 2.525
    endloop
  endfacet
  facet normal -0.980783 0 0.195102
    outer loop
      vertex 4.87792 3.95 -1.30704
      vertex 5.0068 4 -0.659157
      vertex 4.87792 4 -1.30704
    endloop
  endfacet
  facet normal -0.980783 0 0.195102
    outer loop
      vertex 5.0068 4 -0.659157
      vertex 4.87792 3.95 -1.30704
      vertex 5.0068 3.95 -0.659157
    endloop
  endfacet
  facet normal -0.997859 0 0.065398
    outer loop
      vertex 5.0068 3.95 -0.659157
      vertex 5.05 4 0
      vertex 5.0068 4 -0.659157
    endloop
  endfacet
  facet normal -0.997859 0 0.065398
    outer loop
      vertex 5.05 4 0
      vertex 5.0068 3.95 -0.659157
      vertex 5.05 3.95 0
    endloop
  endfacet
  facet normal -0.946931 0 0.321437
    outer loop
      vertex 4.66559 3.95 -1.93255
      vertex 4.87792 4 -1.30704
      vertex 4.66559 4 -1.93255
    endloop
  endfacet
  facet normal -0.946931 0 0.321437
    outer loop
      vertex 4.87792 4 -1.30704
      vertex 4.66559 3.95 -1.93255
      vertex 4.87792 3.95 -1.30704
    endloop
  endfacet
  facet normal -0.321437 0 0.946931
    outer loop
      vertex 1.30704 4 -4.87792
      vertex 1.93255 3.95 -4.66559
      vertex 1.93255 4 -4.66559
    endloop
  endfacet
  facet normal -0.321437 0 0.946931
    outer loop
      vertex 1.93255 3.95 -4.66559
      vertex 1.30704 4 -4.87792
      vertex 1.30704 3.95 -4.87792
    endloop
  endfacet
  facet normal -0.896875 0 -0.442284
    outer loop
      vertex 4.66559 3.95 1.93255
      vertex 4.37343 5.15 2.525
      vertex 4.66559 5.15 1.93255
    endloop
  endfacet
  facet normal -0.896875 -0 -0.442284
    outer loop
      vertex 4.37343 5.15 2.525
      vertex 4.66559 3.95 1.93255
      vertex 4.37343 3.95 2.525
    endloop
  endfacet
  facet normal -0.997859 0 -0.065398
    outer loop
      vertex 5.05 4 0
      vertex 5.0068 5.15 0.659157
      vertex 5.05 5.15 0
    endloop
  endfacet
  facet normal -0.997859 0 -0.065398
    outer loop
      vertex 5.0068 3.95 0.659157
      vertex 5.05 4 0
      vertex 5.05 3.95 0
    endloop
  endfacet
  facet normal -0.997859 0 -0.065398
    outer loop
      vertex 5.05 4 0
      vertex 5.0068 3.95 0.659157
      vertex 5.0068 5.15 0.659157
    endloop
  endfacet
  facet normal -0.321437 0 -0.946931
    outer loop
      vertex 1.30704 3.95 4.87792
      vertex 1.93255 5.15 4.66559
      vertex 1.93255 3.95 4.66559
    endloop
  endfacet
  facet normal -0.321437 0 -0.946931
    outer loop
      vertex 1.93255 5.15 4.66559
      vertex 1.30704 3.95 4.87792
      vertex 1.30704 5.15 4.87792
    endloop
  endfacet
  facet normal -0.896875 0 0.442284
    outer loop
      vertex 4.37343 3.95 -2.525
      vertex 4.66559 4 -1.93255
      vertex 4.37343 4 -2.525
    endloop
  endfacet
  facet normal -0.896875 0 0.442284
    outer loop
      vertex 4.66559 4 -1.93255
      vertex 4.37343 3.95 -2.525
      vertex 4.66559 3.95 -1.93255
    endloop
  endfacet
  facet normal 0.195102 0 0.980783
    outer loop
      vertex -1.30704 4 -4.87792
      vertex -0.659157 3.95 -5.0068
      vertex -0.659157 4 -5.0068
    endloop
  endfacet
  facet normal 0.195102 0 0.980783
    outer loop
      vertex -0.659157 3.95 -5.0068
      vertex -1.30704 4 -4.87792
      vertex -1.30704 3.95 -4.87792
    endloop
  endfacet
  facet normal 0.946931 -0 0.321437
    outer loop
      vertex -4.87792 3.95 -1.30704
      vertex -4.66559 4 -1.93255
      vertex -4.87792 4 -1.30704
    endloop
  endfacet
  facet normal 0.946931 0 0.321437
    outer loop
      vertex -4.66559 4 -1.93255
      vertex -4.87792 3.95 -1.30704
      vertex -4.66559 3.95 -1.93255
    endloop
  endfacet
  facet normal -0.065398 0 0.997859
    outer loop
      vertex 0 4 -5.05
      vertex 0.659157 3.95 -5.0068
      vertex 0.659157 4 -5.0068
    endloop
  endfacet
  facet normal -0.065398 0 0.997859
    outer loop
      vertex 0.659157 3.95 -5.0068
      vertex 0 4 -5.05
      vertex 0 3.95 -5.05
    endloop
  endfacet
  facet normal -0.980783 0 -0.195102
    outer loop
      vertex 5.0068 3.95 0.659157
      vertex 4.87792 5.15 1.30704
      vertex 5.0068 5.15 0.659157
    endloop
  endfacet
  facet normal -0.980783 -0 -0.195102
    outer loop
      vertex 4.87792 5.15 1.30704
      vertex 5.0068 3.95 0.659157
      vertex 4.87792 3.95 1.30704
    endloop
  endfacet
  facet normal -0.55558 0 -0.831463
    outer loop
      vertex 2.525 3.95 4.37343
      vertex 3.07424 5.15 4.00643
      vertex 3.07424 3.95 4.00643
    endloop
  endfacet
  facet normal -0.55558 0 -0.831463
    outer loop
      vertex 3.07424 5.15 4.00643
      vertex 2.525 3.95 4.37343
      vertex 2.525 5.15 4.37343
    endloop
  endfacet
  facet normal 0.321437 0 0.946931
    outer loop
      vertex -1.93255 4 -4.66559
      vertex -1.30704 3.95 -4.87792
      vertex -1.30704 4 -4.87792
    endloop
  endfacet
  facet normal 0.321437 0 0.946931
    outer loop
      vertex -1.30704 3.95 -4.87792
      vertex -1.93255 4 -4.66559
      vertex -1.93255 3.95 -4.66559
    endloop
  endfacet
  facet normal 0.659337 0 0.751848
    outer loop
      vertex -3.57089 4 -3.57089
      vertex -3.07424 3.95 -4.00643
      vertex -3.07424 4 -4.00643
    endloop
  endfacet
  facet normal 0.659337 0 0.751848
    outer loop
      vertex -3.07424 3.95 -4.00643
      vertex -3.57089 4 -3.57089
      vertex -3.57089 3.95 -3.57089
    endloop
  endfacet
  facet normal -0.55558 0 0.831463
    outer loop
      vertex 2.525 4 -4.37343
      vertex 3.07424 3.95 -4.00643
      vertex 3.07424 4 -4.00643
    endloop
  endfacet
  facet normal -0.55558 0 0.831463
    outer loop
      vertex 3.07424 3.95 -4.00643
      vertex 2.525 4 -4.37343
      vertex 2.525 3.95 -4.37343
    endloop
  endfacet
  facet normal 0.751848 -0 0.659337
    outer loop
      vertex -4.00643 3.95 -3.07424
      vertex -3.57089 4 -3.57089
      vertex -4.00643 4 -3.07424
    endloop
  endfacet
  facet normal 0.751848 0 0.659337
    outer loop
      vertex -3.57089 4 -3.57089
      vertex -4.00643 3.95 -3.07424
      vertex -3.57089 3.95 -3.57089
    endloop
  endfacet
  facet normal -0.195174 0 -0.980769
    outer loop
      vertex 1.22091 3.95 4.89506
      vertex 1.30704 5.15 4.87792
      vertex 1.30704 3.95 4.87792
    endloop
  endfacet
  facet normal -0.195174 0 -0.980769
    outer loop
      vertex 1.30704 5.15 4.87792
      vertex 1.22091 3.95 4.89506
      vertex 1.22091 5.15 4.89506
    endloop
  endfacet
  facet normal -0.831463 0 0.55558
    outer loop
      vertex 4.00643 3.95 -3.07424
      vertex 4.37343 4 -2.525
      vertex 4.00643 4 -3.07424
    endloop
  endfacet
  facet normal -0.831463 0 0.55558
    outer loop
      vertex 4.37343 4 -2.525
      vertex 4.00643 3.95 -3.07424
      vertex 4.37343 3.95 -2.525
    endloop
  endfacet
  facet normal -0.659337 0 0.751848
    outer loop
      vertex 3.07424 4 -4.00643
      vertex 3.57089 3.95 -3.57089
      vertex 3.57089 4 -3.57089
    endloop
  endfacet
  facet normal -0.659337 0 0.751848
    outer loop
      vertex 3.57089 3.95 -3.57089
      vertex 3.07424 4 -4.00643
      vertex 3.07424 3.95 -4.00643
    endloop
  endfacet
  facet normal 0.442284 0 0.896875
    outer loop
      vertex -2.525 4 -4.37343
      vertex -1.93255 3.95 -4.66559
      vertex -1.93255 4 -4.66559
    endloop
  endfacet
  facet normal 0.442284 0 0.896875
    outer loop
      vertex -1.93255 3.95 -4.66559
      vertex -2.525 4 -4.37343
      vertex -2.525 3.95 -4.37343
    endloop
  endfacet
  facet normal -0.831463 0 -0.55558
    outer loop
      vertex 4.37343 3.95 2.525
      vertex 4.00643 5.15 3.07424
      vertex 4.37343 5.15 2.525
    endloop
  endfacet
  facet normal -0.831463 -0 -0.55558
    outer loop
      vertex 4.00643 5.15 3.07424
      vertex 4.37343 3.95 2.525
      vertex 4.00643 3.95 3.07424
    endloop
  endfacet
  facet normal 0 1 0
    outer loop
      vertex 1.30704 3.95 4.87792
      vertex 1.16673 3.95 4.83327
      vertex 1.22091 3.95 4.89506
    endloop
  endfacet
  facet normal 0 1 0
    outer loop
      vertex 1.30704 3.95 4.87792
      vertex 1.09149 3.95 4.76729
      vertex 1.16673 3.95 4.83327
    endloop
  endfacet
  facet normal 0 1 0
    outer loop
      vertex 1.93255 3.95 4.66559
      vertex 1.09149 3.95 4.76729
      vertex 1.30704 3.95 4.87792
    endloop
  endfacet
  facet normal 0 1 0
    outer loop
      vertex 1.09149 3.95 1.23271
      vertex 1.93255 3.95 4.66559
      vertex 2.525 3.95 4.37343
    endloop
  endfacet
  facet normal 0 1 0
    outer loop
      vertex 1.09149 3.95 1.23271
      vertex 2.525 3.95 4.37343
      vertex 3.07424 3.95 4.00643
    endloop
  endfacet
  facet normal 0 1 0
    outer loop
      vertex 1.09149 3.95 1.23271
      vertex 3.07424 3.95 4.00643
      vertex 3.57089 3.95 3.57089
    endloop
  endfacet
  facet normal 0 1 0
    outer loop
      vertex 1.16673 3.95 1.16673
      vertex 3.57089 3.95 3.57089
      vertex 4.00643 3.95 3.07424
    endloop
  endfacet
  facet normal 0 1 0
    outer loop
      vertex 1.30903 3.95 1.00446
      vertex 4.00643 3.95 3.07424
      vertex 4.37343 3.95 2.525
    endloop
  endfacet
  facet normal 0 1 0
    outer loop
      vertex 1.42894 3.95 0.825
      vertex 4.37343 3.95 2.525
      vertex 4.66559 3.95 1.93255
    endloop
  endfacet
  facet normal 0 1 0
    outer loop
      vertex 1.5244 3.95 0.631427
      vertex 4.66559 3.95 1.93255
      vertex 4.87792 3.95 1.30704
    endloop
  endfacet
  facet normal 0 1 0
    outer loop
      vertex 3.57089 3.95 3.57089
      vertex 1.16673 3.95 1.16673
      vertex 1.09149 3.95 1.23271
    endloop
  endfacet
  facet normal 0 1 0
    outer loop
      vertex 1.93255 3.95 4.66559
      vertex 1.09149 3.95 1.23271
      vertex 1.09149 3.95 4.76729
    endloop
  endfacet
  facet normal 0 1 0
    outer loop
      vertex 4.00643 3.95 3.07424
      vertex 1.30903 3.95 1.00446
      vertex 1.16673 3.95 1.16673
    endloop
  endfacet
  facet normal 0 1 0
    outer loop
      vertex 4.37343 3.95 2.525
      vertex 1.42894 3.95 0.825
      vertex 1.30903 3.95 1.00446
    endloop
  endfacet
  facet normal 0 1 0
    outer loop
      vertex 1.59378 3.95 0.427051
      vertex 4.87792 3.95 1.30704
      vertex 5.0068 3.95 0.659157
    endloop
  endfacet
  facet normal 0 1 0
    outer loop
      vertex 4.66559 3.95 1.93255
      vertex 1.5244 3.95 0.631427
      vertex 1.42894 3.95 0.825
    endloop
  endfacet
  facet normal 0 1 0
    outer loop
      vertex 4.87792 3.95 1.30704
      vertex 1.59378 3.95 0.427051
      vertex 1.5244 3.95 0.631427
    endloop
  endfacet
  facet normal 0 1 0
    outer loop
      vertex 5.0068 3.95 0.659157
      vertex 1.63588 3.95 0.215367
      vertex 1.59378 3.95 0.427051
    endloop
  endfacet
  facet normal 0 1 0
    outer loop
      vertex 5.05 3.95 0
      vertex 1.63588 3.95 0.215367
      vertex 5.0068 3.95 0.659157
    endloop
  endfacet
  facet normal 0 1 0
    outer loop
      vertex 5.05 3.95 0
      vertex 1.65 3.95 0
      vertex 1.63588 3.95 0.215367
    endloop
  endfacet
  facet normal 0 1 0
    outer loop
      vertex 5.05 3.95 0
      vertex 1.63588 3.95 -0.215367
      vertex 1.65 3.95 0
    endloop
  endfacet
  facet normal 0 1 -0
    outer loop
      vertex 5.0068 3.95 -0.659157
      vertex 1.63588 3.95 -0.215367
      vertex 5.05 3.95 0
    endloop
  endfacet
  facet normal 0 1 0
    outer loop
      vertex 1.63588 3.95 -0.215367
      vertex 5.0068 3.95 -0.659157
      vertex 1.59378 3.95 -0.427051
    endloop
  endfacet
  facet normal 0 1 -0
    outer loop
      vertex 4.87792 3.95 -1.30704
      vertex 1.59378 3.95 -0.427051
      vertex 5.0068 3.95 -0.659157
    endloop
  endfacet
  facet normal 0 1 0
    outer loop
      vertex 1.59378 3.95 -0.427051
      vertex 4.87792 3.95 -1.30704
      vertex 1.5244 3.95 -0.631427
    endloop
  endfacet
  facet normal 0 1 -0
    outer loop
      vertex 4.66559 3.95 -1.93255
      vertex 1.5244 3.95 -0.631427
      vertex 4.87792 3.95 -1.30704
    endloop
  endfacet
  facet normal 0 1 0
    outer loop
      vertex 1.5244 3.95 -0.631427
      vertex 4.66559 3.95 -1.93255
      vertex 1.42894 3.95 -0.825
    endloop
  endfacet
  facet normal 0 1 -0
    outer loop
      vertex 4.37343 3.95 -2.525
      vertex 1.42894 3.95 -0.825
      vertex 4.66559 3.95 -1.93255
    endloop
  endfacet
  facet normal 0 1 0
    outer loop
      vertex 1.42894 3.95 -0.825
      vertex 4.37343 3.95 -2.525
      vertex 1.30903 3.95 -1.00446
    endloop
  endfacet
  facet normal 0 1 -0
    outer loop
      vertex 4.00643 3.95 -3.07424
      vertex 1.30903 3.95 -1.00446
      vertex 4.37343 3.95 -2.525
    endloop
  endfacet
  facet normal 0 1 0
    outer loop
      vertex 1.30903 3.95 -1.00446
      vertex 4.00643 3.95 -3.07424
      vertex 1.16673 3.95 -1.16673
    endloop
  endfacet
  facet normal 0 1 -0
    outer loop
      vertex 3.57089 3.95 -3.57089
      vertex 1.16673 3.95 -1.16673
      vertex 4.00643 3.95 -3.07424
    endloop
  endfacet
  facet normal -0 1 0
    outer loop
      vertex 0.7 3.95 -2
      vertex 1.16673 3.95 -1.16673
      vertex 3.57089 3.95 -3.57089
    endloop
  endfacet
  facet normal 0 1 0
    outer loop
      vertex 1.00446 3.95 -1.30903
      vertex 0.7 3.95 -2
      vertex 0.825 3.95 -1.42894
    endloop
  endfacet
  facet normal 0 1 0
    outer loop
      vertex 0.825 3.95 -1.42894
      vertex 0.7 3.95 -2
      vertex 0.7 3.95 -1.49058
    endloop
  endfacet
  facet normal 0 1 0
    outer loop
      vertex -1.16673 3.95 4.83327
      vertex -1.30704 3.95 4.87792
      vertex -1.22091 3.95 4.89506
    endloop
  endfacet
  facet normal 0 1 0
    outer loop
      vertex -1.09149 3.95 4.76729
      vertex -1.30704 3.95 4.87792
      vertex -1.16673 3.95 4.83327
    endloop
  endfacet
  facet normal 0 1 0
    outer loop
      vertex -1.09149 3.95 4.76729
      vertex -1.93255 3.95 4.66559
      vertex -1.30704 3.95 4.87792
    endloop
  endfacet
  facet normal 0 1 -0
    outer loop
      vertex -1.09149 3.95 1.23271
      vertex -1.93255 3.95 4.66559
      vertex -1.09149 3.95 4.76729
    endloop
  endfacet
  facet normal 0 1 0
    outer loop
      vertex -1.93255 3.95 4.66559
      vertex -1.09149 3.95 1.23271
      vertex -2.525 3.95 4.37343
    endloop
  endfacet
  facet normal 0 1 0
    outer loop
      vertex -2.525 3.95 4.37343
      vertex -1.09149 3.95 1.23271
      vertex -3.07424 3.95 4.00643
    endloop
  endfacet
  facet normal 0 1 0
    outer loop
      vertex -3.07424 3.95 4.00643
      vertex -1.09149 3.95 1.23271
      vertex -3.57089 3.95 3.57089
    endloop
  endfacet
  facet normal 0 1 -0
    outer loop
      vertex -1.16673 3.95 1.16673
      vertex -3.57089 3.95 3.57089
      vertex -1.09149 3.95 1.23271
    endloop
  endfacet
  facet normal 0 1 0
    outer loop
      vertex -3.57089 3.95 3.57089
      vertex -1.16673 3.95 1.16673
      vertex -4.00643 3.95 3.07424
    endloop
  endfacet
  facet normal 0 1 -0
    outer loop
      vertex -1.30903 3.95 1.00446
      vertex -4.00643 3.95 3.07424
      vertex -1.16673 3.95 1.16673
    endloop
  endfacet
  facet normal 0 1 0
    outer loop
      vertex -4.00643 3.95 3.07424
      vertex -1.30903 3.95 1.00446
      vertex -4.37343 3.95 2.525
    endloop
  endfacet
  facet normal 0 1 -0
    outer loop
      vertex -1.42894 3.95 0.825
      vertex -4.37343 3.95 2.525
      vertex -1.30903 3.95 1.00446
    endloop
  endfacet
  facet normal 0 1 0
    outer loop
      vertex -4.37343 3.95 2.525
      vertex -1.42894 3.95 0.825
      vertex -4.66559 3.95 1.93255
    endloop
  endfacet
  facet normal 0 1 -0
    outer loop
      vertex -1.5244 3.95 0.631427
      vertex -4.66559 3.95 1.93255
      vertex -1.42894 3.95 0.825
    endloop
  endfacet
  facet normal 0 1 0
    outer loop
      vertex -4.66559 3.95 1.93255
      vertex -1.5244 3.95 0.631427
      vertex -4.87792 3.95 1.30704
    endloop
  endfacet
  facet normal 0 1 -0
    outer loop
      vertex -1.59378 3.95 0.427051
      vertex -4.87792 3.95 1.30704
      vertex -1.5244 3.95 0.631427
    endloop
  endfacet
  facet normal 0 1 0
    outer loop
      vertex -4.87792 3.95 1.30704
      vertex -1.59378 3.95 0.427051
      vertex -5.0068 3.95 0.659157
    endloop
  endfacet
  facet normal 0 1 -0
    outer loop
      vertex -1.63588 3.95 0.215367
      vertex -5.0068 3.95 0.659157
      vertex -1.59378 3.95 0.427051
    endloop
  endfacet
  facet normal 0 1 -0
    outer loop
      vertex -1.65 3.95 0
      vertex -5.0068 3.95 0.659157
      vertex -1.63588 3.95 0.215367
    endloop
  endfacet
  facet normal 0 1 0
    outer loop
      vertex -1.65 3.95 0
      vertex -5.05 3.95 0
      vertex -5.0068 3.95 0.659157
    endloop
  endfacet
  facet normal 0 1 0
    outer loop
      vertex -1.63588 3.95 -0.215367
      vertex -5.05 3.95 0
      vertex -1.65 3.95 0
    endloop
  endfacet
  facet normal 0 1 0
    outer loop
      vertex -5.0068 3.95 -0.659157
      vertex -1.63588 3.95 -0.215367
      vertex -1.59378 3.95 -0.427051
    endloop
  endfacet
  facet normal 0 1 0
    outer loop
      vertex -4.87792 3.95 -1.30704
      vertex -1.59378 3.95 -0.427051
      vertex -1.5244 3.95 -0.631427
    endloop
  endfacet
  facet normal 0 1 0
    outer loop
      vertex -1.63588 3.95 -0.215367
      vertex -5.0068 3.95 -0.659157
      vertex -5.05 3.95 0
    endloop
  endfacet
  facet normal 0 1 0
    outer loop
      vertex -4.66559 3.95 -1.93255
      vertex -1.5244 3.95 -0.631427
      vertex -1.42894 3.95 -0.825
    endloop
  endfacet
  facet normal 0 1 0
    outer loop
      vertex -4.37343 3.95 -2.525
      vertex -1.42894 3.95 -0.825
      vertex -1.30903 3.95 -1.00446
    endloop
  endfacet
  facet normal 0 1 0
    outer loop
      vertex -4.00643 3.95 -3.07424
      vertex -1.30903 3.95 -1.00446
      vertex -1.16673 3.95 -1.16673
    endloop
  endfacet
  facet normal 0 1 0
    outer loop
      vertex -1.59378 3.95 -0.427051
      vertex -4.87792 3.95 -1.30704
      vertex -5.0068 3.95 -0.659157
    endloop
  endfacet
  facet normal 0 1 0
    outer loop
      vertex -0.7 3.95 -2
      vertex -1.16673 3.95 -1.16673
      vertex -1.00446 3.95 -1.30903
    endloop
  endfacet
  facet normal 0 1 0
    outer loop
      vertex -0.7 3.95 -2
      vertex -1.00446 3.95 -1.30903
      vertex -0.825 3.95 -1.42894
    endloop
  endfacet
  facet normal 0 1 -0
    outer loop
      vertex -0.7 3.95 -2
      vertex -0.825 3.95 -1.42894
      vertex -0.7 3.95 -1.49058
    endloop
  endfacet
  facet normal 0 1 0
    outer loop
      vertex -1.5244 3.95 -0.631427
      vertex -4.66559 3.95 -1.93255
      vertex -4.87792 3.95 -1.30704
    endloop
  endfacet
  facet normal 0 1 0
    outer loop
      vertex -1.16673 3.95 -1.16673
      vertex -0.7 3.95 -2
      vertex -3.57089 3.95 -3.57089
    endloop
  endfacet
  facet normal 0 1 0
    outer loop
      vertex 1.16673 3.95 -1.16673
      vertex 0.7 3.95 -2
      vertex 1.00446 3.95 -1.30903
    endloop
  endfacet
  facet normal 0 1 0
    outer loop
      vertex -1.42894 3.95 -0.825
      vertex -4.37343 3.95 -2.525
      vertex -4.66559 3.95 -1.93255
    endloop
  endfacet
  facet normal 0 1 -0
    outer loop
      vertex 3.07424 3.95 -4.00643
      vertex 0.7 3.95 -2
      vertex 3.57089 3.95 -3.57089
    endloop
  endfacet
  facet normal 0 1 0
    outer loop
      vertex -1.30903 3.95 -1.00446
      vertex -4.00643 3.95 -3.07424
      vertex -4.37343 3.95 -2.525
    endloop
  endfacet
  facet normal 0 1 -0
    outer loop
      vertex 2.525 3.95 -4.37343
      vertex 0.7 3.95 -2
      vertex 3.07424 3.95 -4.00643
    endloop
  endfacet
  facet normal 0 1 0
    outer loop
      vertex -1.16673 3.95 -1.16673
      vertex -3.57089 3.95 -3.57089
      vertex -4.00643 3.95 -3.07424
    endloop
  endfacet
  facet normal 0 1 -0
    outer loop
      vertex 1.93255 3.95 -4.66559
      vertex 0.7 3.95 -2
      vertex 2.525 3.95 -4.37343
    endloop
  endfacet
  facet normal 0 1 0
    outer loop
      vertex -0.7 3.95 -2
      vertex -3.07424 3.95 -4.00643
      vertex -3.57089 3.95 -3.57089
    endloop
  endfacet
  facet normal 0 1 -0
    outer loop
      vertex 1.30704 3.95 -4.87792
      vertex 0.7 3.95 -2
      vertex 1.93255 3.95 -4.66559
    endloop
  endfacet
  facet normal 0 1 0
    outer loop
      vertex -0.7 3.95 -2
      vertex -2.525 3.95 -4.37343
      vertex -3.07424 3.95 -4.00643
    endloop
  endfacet
  facet normal 0 1 0
    outer loop
      vertex 0.659157 3.95 -5.0068
      vertex 0.7 3.95 -2
      vertex 1.30704 3.95 -4.87792
    endloop
  endfacet
  facet normal 0 1 0
    outer loop
      vertex -0.7 3.95 -2
      vertex -1.93255 3.95 -4.66559
      vertex -2.525 3.95 -4.37343
    endloop
  endfacet
  facet normal 0 1 0
    outer loop
      vertex 0 3.95 -5.05
      vertex 0.7 3.95 -2
      vertex 0.659157 3.95 -5.0068
    endloop
  endfacet
  facet normal 0 1 0
    outer loop
      vertex -0.7 3.95 -2
      vertex -1.30704 3.95 -4.87792
      vertex -1.93255 3.95 -4.66559
    endloop
  endfacet
  facet normal 0 1 0
    outer loop
      vertex 0.7 3.95 -2
      vertex 0 3.95 -5.05
      vertex -0.7 3.95 -2
    endloop
  endfacet
  facet normal 0 1 0
    outer loop
      vertex -0.7 3.95 -2
      vertex -0.659157 3.95 -5.0068
      vertex -1.30704 3.95 -4.87792
    endloop
  endfacet
  facet normal 0 1 0
    outer loop
      vertex -0.7 3.95 -2
      vertex 0 3.95 -5.05
      vertex -0.659157 3.95 -5.0068
    endloop
  endfacet
  facet normal -0.751848 0 0.659337
    outer loop
      vertex 3.57089 3.95 -3.57089
      vertex 4.00643 4 -3.07424
      vertex 3.57089 4 -3.57089
    endloop
  endfacet
  facet normal -0.751848 0 0.659337
    outer loop
      vertex 4.00643 4 -3.07424
      vertex 3.57089 3.95 -3.57089
      vertex 4.00643 3.95 -3.07424
    endloop
  endfacet
  facet normal 0.321437 0 -0.946931
    outer loop
      vertex -1.93255 3.95 4.66559
      vertex -1.30704 5.15 4.87792
      vertex -1.30704 3.95 4.87792
    endloop
  endfacet
  facet normal 0.321437 0 -0.946931
    outer loop
      vertex -1.30704 5.15 4.87792
      vertex -1.93255 3.95 4.66559
      vertex -1.93255 5.15 4.66559
    endloop
  endfacet
  facet normal 0.55558 0 0.831463
    outer loop
      vertex -3.07424 4 -4.00643
      vertex -2.525 3.95 -4.37343
      vertex -2.525 4 -4.37343
    endloop
  endfacet
  facet normal 0.55558 0 0.831463
    outer loop
      vertex -2.525 3.95 -4.37343
      vertex -3.07424 4 -4.00643
      vertex -3.07424 3.95 -4.00643
    endloop
  endfacet
  facet normal -0.442284 0 0.896875
    outer loop
      vertex 1.93255 4 -4.66559
      vertex 2.525 3.95 -4.37343
      vertex 2.525 4 -4.37343
    endloop
  endfacet
  facet normal -0.442284 0 0.896875
    outer loop
      vertex 2.525 3.95 -4.37343
      vertex 1.93255 4 -4.66559
      vertex 1.93255 3.95 -4.66559
    endloop
  endfacet
  facet normal -0.442284 0 -0.896875
    outer loop
      vertex 1.93255 3.95 4.66559
      vertex 2.525 5.15 4.37343
      vertex 2.525 3.95 4.37343
    endloop
  endfacet
  facet normal -0.442284 0 -0.896875
    outer loop
      vertex 2.525 5.15 4.37343
      vertex 1.93255 3.95 4.66559
      vertex 1.93255 5.15 4.66559
    endloop
  endfacet
  facet normal -0.946931 0 -0.321437
    outer loop
      vertex 4.87792 3.95 1.30704
      vertex 4.66559 5.15 1.93255
      vertex 4.87792 5.15 1.30704
    endloop
  endfacet
  facet normal -0.946931 -0 -0.321437
    outer loop
      vertex 4.66559 5.15 1.93255
      vertex 4.87792 3.95 1.30704
      vertex 4.66559 3.95 1.93255
    endloop
  endfacet
  facet normal 0.946931 0 -0.321437
    outer loop
      vertex -4.66559 3.95 1.93255
      vertex -4.87792 5.15 1.30704
      vertex -4.66559 5.15 1.93255
    endloop
  endfacet
  facet normal 0.946931 0 -0.321437
    outer loop
      vertex -4.87792 5.15 1.30704
      vertex -4.66559 3.95 1.93255
      vertex -4.87792 3.95 1.30704
    endloop
  endfacet
  facet normal 0.896875 -0 0.442284
    outer loop
      vertex -4.66559 3.95 -1.93255
      vertex -4.37343 4 -2.525
      vertex -4.66559 4 -1.93255
    endloop
  endfacet
  facet normal 0.896875 0 0.442284
    outer loop
      vertex -4.37343 4 -2.525
      vertex -4.66559 3.95 -1.93255
      vertex -4.37343 3.95 -2.525
    endloop
  endfacet
  facet normal 0.980783 -0 0.195102
    outer loop
      vertex -5.0068 3.95 -0.659157
      vertex -4.87792 4 -1.30704
      vertex -5.0068 4 -0.659157
    endloop
  endfacet
  facet normal 0.980783 0 0.195102
    outer loop
      vertex -4.87792 4 -1.30704
      vertex -5.0068 3.95 -0.659157
      vertex -4.87792 3.95 -1.30704
    endloop
  endfacet
  facet normal 0.997859 -0 0.065398
    outer loop
      vertex -5.05 3.95 0
      vertex -5.0068 4 -0.659157
      vertex -5.05 4 0
    endloop
  endfacet
  facet normal 0.997859 0 0.065398
    outer loop
      vertex -5.0068 4 -0.659157
      vertex -5.05 3.95 0
      vertex -5.0068 3.95 -0.659157
    endloop
  endfacet
  facet normal 0.751848 0 -0.659337
    outer loop
      vertex -3.57089 3.95 3.57089
      vertex -4.00643 5.15 3.07424
      vertex -3.57089 5.15 3.57089
    endloop
  endfacet
  facet normal 0.751848 0 -0.659337
    outer loop
      vertex -4.00643 5.15 3.07424
      vertex -3.57089 3.95 3.57089
      vertex -4.00643 3.95 3.07424
    endloop
  endfacet
  facet normal -0.195102 0 0.980783
    outer loop
      vertex 0.659157 4 -5.0068
      vertex 1.30704 3.95 -4.87792
      vertex 1.30704 4 -4.87792
    endloop
  endfacet
  facet normal -0.195102 0 0.980783
    outer loop
      vertex 1.30704 3.95 -4.87792
      vertex 0.659157 4 -5.0068
      vertex 0.659157 3.95 -5.0068
    endloop
  endfacet
  facet normal 0 -1 0
    outer loop
      vertex 1.16673 5.15 4.83327
      vertex 1.30704 5.15 4.87792
      vertex 1.22091 5.15 4.89506
    endloop
  endfacet
  facet normal 0 -1 0
    outer loop
      vertex 1.00446 5.15 4.69097
      vertex 1.30704 5.15 4.87792
      vertex 1.16673 5.15 4.83327
    endloop
  endfacet
  facet normal 0 -1 0
    outer loop
      vertex 1.00446 5.15 4.69097
      vertex 1.93255 5.15 4.66559
      vertex 1.30704 5.15 4.87792
    endloop
  endfacet
  facet normal 0 -1 0
    outer loop
      vertex 0.825 5.15 4.57106
      vertex 1.93255 5.15 4.66559
      vertex 1.00446 5.15 4.69097
    endloop
  endfacet
  facet normal 0 -1 0
    outer loop
      vertex 2.525 5.15 4.37343
      vertex 0.825 5.15 4.57106
      vertex 0.7 5.15 4.50941
    endloop
  endfacet
  facet normal 0 -1 0
    outer loop
      vertex 0.825 5.15 4.57106
      vertex 2.525 5.15 4.37343
      vertex 1.93255 5.15 4.66559
    endloop
  endfacet
  facet normal 0 -1 0
    outer loop
      vertex 0.825 5.15 1.42894
      vertex 2.525 5.15 4.37343
      vertex 0.7 5.15 4.50941
    endloop
  endfacet
  facet normal 0 -1 -0
    outer loop
      vertex 2.525 5.15 4.37343
      vertex 0.825 5.15 1.42894
      vertex 3.07424 5.15 4.00643
    endloop
  endfacet
  facet normal 0 -1 0
    outer loop
      vertex 1.00446 5.15 1.30903
      vertex 3.07424 5.15 4.00643
      vertex 0.825 5.15 1.42894
    endloop
  endfacet
  facet normal 0 -1 0
    outer loop
      vertex 1.16673 5.15 1.16673
      vertex 3.57089 5.15 3.57089
      vertex 1.00446 5.15 1.30903
    endloop
  endfacet
  facet normal 0 -1 -0
    outer loop
      vertex 3.57089 5.15 3.57089
      vertex 1.16673 5.15 1.16673
      vertex 4.00643 5.15 3.07424
    endloop
  endfacet
  facet normal 0 -1 0
    outer loop
      vertex 0.825 5.15 1.42894
      vertex 0.7 5.15 4.50941
      vertex 0.7 5.15 1.49058
    endloop
  endfacet
  facet normal 0 -1 -0
    outer loop
      vertex 3.07424 5.15 4.00643
      vertex 1.00446 5.15 1.30903
      vertex 3.57089 5.15 3.57089
    endloop
  endfacet
  facet normal 0 -1 0
    outer loop
      vertex 1.30903 5.15 1.00446
      vertex 4.00643 5.15 3.07424
      vertex 1.16673 5.15 1.16673
    endloop
  endfacet
  facet normal 0 -1 -0
    outer loop
      vertex 4.00643 5.15 3.07424
      vertex 1.30903 5.15 1.00446
      vertex 4.37343 5.15 2.525
    endloop
  endfacet
  facet normal 0 -1 0
    outer loop
      vertex 1.42894 5.15 0.825
      vertex 4.37343 5.15 2.525
      vertex 1.30903 5.15 1.00446
    endloop
  endfacet
  facet normal 0 -1 -0
    outer loop
      vertex 4.37343 5.15 2.525
      vertex 1.42894 5.15 0.825
      vertex 4.66559 5.15 1.93255
    endloop
  endfacet
  facet normal 0 -1 0
    outer loop
      vertex 1.5244 5.15 0.631427
      vertex 4.66559 5.15 1.93255
      vertex 1.42894 5.15 0.825
    endloop
  endfacet
  facet normal 0 -1 -0
    outer loop
      vertex 4.66559 5.15 1.93255
      vertex 1.5244 5.15 0.631427
      vertex 4.87792 5.15 1.30704
    endloop
  endfacet
  facet normal 0 -1 0
    outer loop
      vertex 1.59378 5.15 0.427051
      vertex 4.87792 5.15 1.30704
      vertex 1.5244 5.15 0.631427
    endloop
  endfacet
  facet normal 0 -1 -0
    outer loop
      vertex 4.87792 5.15 1.30704
      vertex 1.59378 5.15 0.427051
      vertex 5.0068 5.15 0.659157
    endloop
  endfacet
  facet normal 0 -1 0
    outer loop
      vertex 1.63588 5.15 0.215367
      vertex 5.0068 5.15 0.659157
      vertex 1.59378 5.15 0.427051
    endloop
  endfacet
  facet normal 0 -1 0
    outer loop
      vertex 1.65 5.15 0
      vertex 5.0068 5.15 0.659157
      vertex 1.63588 5.15 0.215367
    endloop
  endfacet
  facet normal 0 -1 -0
    outer loop
      vertex 5.0068 5.15 0.659157
      vertex 1.65 5.15 0
      vertex 5.05 5.15 0
    endloop
  endfacet
  facet normal 0 -1 0
    outer loop
      vertex -1.30704 5.15 4.87792
      vertex -1.16673 5.15 4.83327
      vertex -1.22091 5.15 4.89506
    endloop
  endfacet
  facet normal 0 -1 0
    outer loop
      vertex -1.30704 5.15 4.87792
      vertex -1.00446 5.15 4.69097
      vertex -1.16673 5.15 4.83327
    endloop
  endfacet
  facet normal 0 -1 0
    outer loop
      vertex -1.93255 5.15 4.66559
      vertex -1.00446 5.15 4.69097
      vertex -1.30704 5.15 4.87792
    endloop
  endfacet
  facet normal 0 -1 0
    outer loop
      vertex -1.93255 5.15 4.66559
      vertex -0.825 5.15 4.57106
      vertex -1.00446 5.15 4.69097
    endloop
  endfacet
  facet normal 0 -1 0
    outer loop
      vertex -2.525 5.15 4.37343
      vertex -0.825 5.15 4.57106
      vertex -1.93255 5.15 4.66559
    endloop
  endfacet
  facet normal 0 -1 -0
    outer loop
      vertex -0.825 5.15 4.57106
      vertex -2.525 5.15 4.37343
      vertex -0.7 5.15 4.50941
    endloop
  endfacet
  facet normal 0 -1 0
    outer loop
      vertex -0.825 5.15 1.42894
      vertex -2.525 5.15 4.37343
      vertex -3.07424 5.15 4.00643
    endloop
  endfacet
  facet normal 0 -1 0
    outer loop
      vertex -1.00446 5.15 1.30903
      vertex -3.07424 5.15 4.00643
      vertex -3.57089 5.15 3.57089
    endloop
  endfacet
  facet normal 0 -1 0
    outer loop
      vertex -1.16673 5.15 1.16673
      vertex -3.57089 5.15 3.57089
      vertex -4.00643 5.15 3.07424
    endloop
  endfacet
  facet normal 0 -1 0
    outer loop
      vertex -1.30903 5.15 1.00446
      vertex -4.00643 5.15 3.07424
      vertex -4.37343 5.15 2.525
    endloop
  endfacet
  facet normal 0 -1 0
    outer loop
      vertex -1.42894 5.15 0.825
      vertex -4.37343 5.15 2.525
      vertex -4.66559 5.15 1.93255
    endloop
  endfacet
  facet normal 0 -1 0
    outer loop
      vertex -3.07424 5.15 4.00643
      vertex -1.00446 5.15 1.30903
      vertex -0.825 5.15 1.42894
    endloop
  endfacet
  facet normal 0 -1 -0
    outer loop
      vertex -0.7 5.15 4.50941
      vertex -0.825 5.15 1.42894
      vertex -0.7 5.15 1.49058
    endloop
  endfacet
  facet normal 0 -1 0
    outer loop
      vertex -2.525 5.15 4.37343
      vertex -0.825 5.15 1.42894
      vertex -0.7 5.15 4.50941
    endloop
  endfacet
  facet normal 0 -1 0
    outer loop
      vertex -1.5244 5.15 0.631427
      vertex -4.66559 5.15 1.93255
      vertex -4.87792 5.15 1.30704
    endloop
  endfacet
  facet normal 0 -1 0
    outer loop
      vertex -3.57089 5.15 3.57089
      vertex -1.16673 5.15 1.16673
      vertex -1.00446 5.15 1.30903
    endloop
  endfacet
  facet normal 0 -1 0
    outer loop
      vertex -4.00643 5.15 3.07424
      vertex -1.30903 5.15 1.00446
      vertex -1.16673 5.15 1.16673
    endloop
  endfacet
  facet normal 0 -1 0
    outer loop
      vertex -4.37343 5.15 2.525
      vertex -1.42894 5.15 0.825
      vertex -1.30903 5.15 1.00446
    endloop
  endfacet
  facet normal 0 -1 0
    outer loop
      vertex -1.59378 5.15 0.427051
      vertex -4.87792 5.15 1.30704
      vertex -5.0068 5.15 0.659157
    endloop
  endfacet
  facet normal 0 -1 0
    outer loop
      vertex -4.66559 5.15 1.93255
      vertex -1.5244 5.15 0.631427
      vertex -1.42894 5.15 0.825
    endloop
  endfacet
  facet normal 0 -1 0
    outer loop
      vertex -4.87792 5.15 1.30704
      vertex -1.59378 5.15 0.427051
      vertex -1.5244 5.15 0.631427
    endloop
  endfacet
  facet normal 0 -1 0
    outer loop
      vertex -5.0068 5.15 0.659157
      vertex -1.63588 5.15 0.215367
      vertex -1.59378 5.15 0.427051
    endloop
  endfacet
  facet normal 0 -1 0
    outer loop
      vertex -5.05 5.15 0
      vertex -1.63588 5.15 0.215367
      vertex -5.0068 5.15 0.659157
    endloop
  endfacet
  facet normal 0 -1 0
    outer loop
      vertex -1.63588 5.15 0.215367
      vertex -5.05 5.15 0
      vertex -1.65 5.15 0
    endloop
  endfacet
  facet normal -0.659337 0 -0.751848
    outer loop
      vertex 3.07424 3.95 4.00643
      vertex 3.57089 5.15 3.57089
      vertex 3.57089 3.95 3.57089
    endloop
  endfacet
  facet normal -0.659337 0 -0.751848
    outer loop
      vertex 3.57089 5.15 3.57089
      vertex 3.07424 3.95 4.00643
      vertex 3.07424 5.15 4.00643
    endloop
  endfacet
  facet normal 0.065398 0 0.997859
    outer loop
      vertex -0.659157 4 -5.0068
      vertex 0 3.95 -5.05
      vertex 0 4 -5.05
    endloop
  endfacet
  facet normal 0.065398 0 0.997859
    outer loop
      vertex 0 3.95 -5.05
      vertex -0.659157 4 -5.0068
      vertex -0.659157 3.95 -5.0068
    endloop
  endfacet
  facet normal -0.751848 0 -0.659337
    outer loop
      vertex 4.00643 3.95 3.07424
      vertex 3.57089 5.15 3.57089
      vertex 4.00643 5.15 3.07424
    endloop
  endfacet
  facet normal -0.751848 -0 -0.659337
    outer loop
      vertex 3.57089 5.15 3.57089
      vertex 4.00643 3.95 3.07424
      vertex 3.57089 3.95 3.57089
    endloop
  endfacet
  facet normal 0.659337 0 -0.751848
    outer loop
      vertex -3.57089 3.95 3.57089
      vertex -3.07424 5.15 4.00643
      vertex -3.07424 3.95 4.00643
    endloop
  endfacet
  facet normal 0.659337 0 -0.751848
    outer loop
      vertex -3.07424 5.15 4.00643
      vertex -3.57089 3.95 3.57089
      vertex -3.57089 5.15 3.57089
    endloop
  endfacet
  facet normal 0.980783 0 -0.195102
    outer loop
      vertex -4.87792 3.95 1.30704
      vertex -5.0068 5.15 0.659157
      vertex -4.87792 5.15 1.30704
    endloop
  endfacet
  facet normal 0.980783 0 -0.195102
    outer loop
      vertex -5.0068 5.15 0.659157
      vertex -4.87792 3.95 1.30704
      vertex -5.0068 3.95 0.659157
    endloop
  endfacet
  facet normal 0.997859 0 -0.065398
    outer loop
      vertex -5.0068 5.15 0.659157
      vertex -5.05 4 0
      vertex -5.05 5.15 0
    endloop
  endfacet
  facet normal 0.997859 0 -0.065398
    outer loop
      vertex -5.0068 3.95 0.659157
      vertex -5.05 4 0
      vertex -5.0068 5.15 0.659157
    endloop
  endfacet
  facet normal 0.997859 0 -0.065398
    outer loop
      vertex -5.05 4 0
      vertex -5.0068 3.95 0.659157
      vertex -5.05 3.95 0
    endloop
  endfacet
  facet normal 0.831463 -0 0.55558
    outer loop
      vertex -4.37343 3.95 -2.525
      vertex -4.00643 4 -3.07424
      vertex -4.37343 4 -2.525
    endloop
  endfacet
  facet normal 0.831463 0 0.55558
    outer loop
      vertex -4.00643 4 -3.07424
      vertex -4.37343 3.95 -2.525
      vertex -4.00643 3.95 -3.07424
    endloop
  endfacet
  facet normal 0.55558 0 -0.831463
    outer loop
      vertex -3.07424 3.95 4.00643
      vertex -2.525 5.15 4.37343
      vertex -2.525 3.95 4.37343
    endloop
  endfacet
  facet normal 0.55558 0 -0.831463
    outer loop
      vertex -2.525 5.15 4.37343
      vertex -3.07424 3.95 4.00643
      vertex -3.07424 5.15 4.00643
    endloop
  endfacet
  facet normal 0.442284 0 -0.896875
    outer loop
      vertex -2.525 3.95 4.37343
      vertex -1.93255 5.15 4.66559
      vertex -1.93255 3.95 4.66559
    endloop
  endfacet
  facet normal 0.442284 0 -0.896875
    outer loop
      vertex -1.93255 5.15 4.66559
      vertex -2.525 3.95 4.37343
      vertex -2.525 5.15 4.37343
    endloop
  endfacet
  facet normal 0.195174 0 -0.980769
    outer loop
      vertex -1.30704 3.95 4.87792
      vertex -1.22091 5.15 4.89506
      vertex -1.22091 3.95 4.89506
    endloop
  endfacet
  facet normal 0.195174 0 -0.980769
    outer loop
      vertex -1.22091 5.15 4.89506
      vertex -1.30704 3.95 4.87792
      vertex -1.30704 5.15 4.87792
    endloop
  endfacet
  facet normal 0.896875 -0 0.442284
    outer loop
      vertex -4.66559 -4 -1.93255
      vertex -4.37343 -3.95 -2.525
      vertex -4.66559 -3.95 -1.93255
    endloop
  endfacet
  facet normal 0.896875 0 0.442284
    outer loop
      vertex -4.37343 -3.95 -2.525
      vertex -4.66559 -4 -1.93255
      vertex -4.37343 -4 -2.525
    endloop
  endfacet
  facet normal -0.980783 0 -0.195102
    outer loop
      vertex 5.0068 -5.15 0.659157
      vertex 4.87792 -3.95 1.30704
      vertex 5.0068 -3.95 0.659157
    endloop
  endfacet
  facet normal -0.980783 -0 -0.195102
    outer loop
      vertex 4.87792 -3.95 1.30704
      vertex 5.0068 -5.15 0.659157
      vertex 4.87792 -5.15 1.30704
    endloop
  endfacet
  facet normal -0.997859 0 -0.065398
    outer loop
      vertex 5.05 -4 0
      vertex 5.0068 -3.95 0.659157
      vertex 5.05 -3.95 0
    endloop
  endfacet
  facet normal -0.997859 0 -0.065398
    outer loop
      vertex 5.0068 -5.15 0.659157
      vertex 5.05 -4 0
      vertex 5.05 -5.15 0
    endloop
  endfacet
  facet normal -0.997859 0 -0.065398
    outer loop
      vertex 5.05 -4 0
      vertex 5.0068 -5.15 0.659157
      vertex 5.0068 -3.95 0.659157
    endloop
  endfacet
  facet normal -0.946931 0 -0.321437
    outer loop
      vertex 4.87792 -5.15 1.30704
      vertex 4.66559 -3.95 1.93255
      vertex 4.87792 -3.95 1.30704
    endloop
  endfacet
  facet normal -0.946931 -0 -0.321437
    outer loop
      vertex 4.66559 -3.95 1.93255
      vertex 4.87792 -5.15 1.30704
      vertex 4.66559 -5.15 1.93255
    endloop
  endfacet
  facet normal -0.321437 0 -0.946931
    outer loop
      vertex 1.30704 -5.15 4.87792
      vertex 1.93255 -3.95 4.66559
      vertex 1.93255 -5.15 4.66559
    endloop
  endfacet
  facet normal -0.321437 0 -0.946931
    outer loop
      vertex 1.93255 -3.95 4.66559
      vertex 1.30704 -5.15 4.87792
      vertex 1.30704 -3.95 4.87792
    endloop
  endfacet
  facet normal -0.896875 0 0.442284
    outer loop
      vertex 4.37343 -4 -2.525
      vertex 4.66559 -3.95 -1.93255
      vertex 4.37343 -3.95 -2.525
    endloop
  endfacet
  facet normal -0.896875 0 0.442284
    outer loop
      vertex 4.66559 -3.95 -1.93255
      vertex 4.37343 -4 -2.525
      vertex 4.66559 -4 -1.93255
    endloop
  endfacet
  facet normal -0.321437 0 0.946931
    outer loop
      vertex 1.30704 -3.95 -4.87792
      vertex 1.93255 -4 -4.66559
      vertex 1.93255 -3.95 -4.66559
    endloop
  endfacet
  facet normal -0.321437 0 0.946931
    outer loop
      vertex 1.93255 -4 -4.66559
      vertex 1.30704 -3.95 -4.87792
      vertex 1.30704 -4 -4.87792
    endloop
  endfacet
  facet normal 0.946931 0 -0.321437
    outer loop
      vertex -4.66559 -5.15 1.93255
      vertex -4.87792 -3.95 1.30704
      vertex -4.66559 -3.95 1.93255
    endloop
  endfacet
  facet normal 0.946931 0 -0.321437
    outer loop
      vertex -4.87792 -3.95 1.30704
      vertex -4.66559 -5.15 1.93255
      vertex -4.87792 -5.15 1.30704
    endloop
  endfacet
  facet normal -0.55558 0 -0.831463
    outer loop
      vertex 2.525 -5.15 4.37343
      vertex 3.07424 -3.95 4.00643
      vertex 3.07424 -5.15 4.00643
    endloop
  endfacet
  facet normal -0.55558 0 -0.831463
    outer loop
      vertex 3.07424 -3.95 4.00643
      vertex 2.525 -5.15 4.37343
      vertex 2.525 -3.95 4.37343
    endloop
  endfacet
  facet normal 0.997859 0 -0.065398
    outer loop
      vertex -5.0068 -3.95 0.659157
      vertex -5.05 -4 0
      vertex -5.05 -3.95 0
    endloop
  endfacet
  facet normal 0.997859 0 -0.065398
    outer loop
      vertex -5.0068 -5.15 0.659157
      vertex -5.05 -4 0
      vertex -5.0068 -3.95 0.659157
    endloop
  endfacet
  facet normal 0.997859 0 -0.065398
    outer loop
      vertex -5.05 -4 0
      vertex -5.0068 -5.15 0.659157
      vertex -5.05 -5.15 0
    endloop
  endfacet
  facet normal -0.195102 0 0.980783
    outer loop
      vertex 0.659157 -3.95 -5.0068
      vertex 1.30704 -4 -4.87792
      vertex 1.30704 -3.95 -4.87792
    endloop
  endfacet
  facet normal -0.195102 0 0.980783
    outer loop
      vertex 1.30704 -4 -4.87792
      vertex 0.659157 -3.95 -5.0068
      vertex 0.659157 -4 -5.0068
    endloop
  endfacet
  facet normal -0.065398 0 0.997859
    outer loop
      vertex 0 -3.95 -5.05
      vertex 0.659157 -4 -5.0068
      vertex 0.659157 -3.95 -5.0068
    endloop
  endfacet
  facet normal -0.065398 0 0.997859
    outer loop
      vertex 0.659157 -4 -5.0068
      vertex 0 -3.95 -5.05
      vertex 0 -4 -5.05
    endloop
  endfacet
  facet normal 0.195174 0 -0.980769
    outer loop
      vertex -1.30704 -5.15 4.87792
      vertex -1.22091 -3.95 4.89506
      vertex -1.22091 -5.15 4.89506
    endloop
  endfacet
  facet normal 0.195174 0 -0.980769
    outer loop
      vertex -1.22091 -3.95 4.89506
      vertex -1.30704 -5.15 4.87792
      vertex -1.30704 -3.95 4.87792
    endloop
  endfacet
  facet normal 0.321437 0 -0.946931
    outer loop
      vertex -1.93255 -5.15 4.66559
      vertex -1.30704 -3.95 4.87792
      vertex -1.30704 -5.15 4.87792
    endloop
  endfacet
  facet normal 0.321437 0 -0.946931
    outer loop
      vertex -1.30704 -3.95 4.87792
      vertex -1.93255 -5.15 4.66559
      vertex -1.93255 -3.95 4.66559
    endloop
  endfacet
  facet normal 0.659337 0 -0.751848
    outer loop
      vertex -3.57089 -5.15 3.57089
      vertex -3.07424 -3.95 4.00643
      vertex -3.07424 -5.15 4.00643
    endloop
  endfacet
  facet normal 0.659337 0 -0.751848
    outer loop
      vertex -3.07424 -3.95 4.00643
      vertex -3.57089 -5.15 3.57089
      vertex -3.57089 -3.95 3.57089
    endloop
  endfacet
  facet normal -0.896875 0 -0.442284
    outer loop
      vertex 4.66559 -5.15 1.93255
      vertex 4.37343 -3.95 2.525
      vertex 4.66559 -3.95 1.93255
    endloop
  endfacet
  facet normal -0.896875 -0 -0.442284
    outer loop
      vertex 4.37343 -3.95 2.525
      vertex 4.66559 -5.15 1.93255
      vertex 4.37343 -5.15 2.525
    endloop
  endfacet
  facet normal -0.831463 0 0.55558
    outer loop
      vertex 4.00643 -4 -3.07424
      vertex 4.37343 -3.95 -2.525
      vertex 4.00643 -3.95 -3.07424
    endloop
  endfacet
  facet normal -0.831463 0 0.55558
    outer loop
      vertex 4.37343 -3.95 -2.525
      vertex 4.00643 -4 -3.07424
      vertex 4.37343 -4 -2.525
    endloop
  endfacet
  facet normal 0.442284 0 -0.896875
    outer loop
      vertex -2.525 -5.15 4.37343
      vertex -1.93255 -3.95 4.66559
      vertex -1.93255 -5.15 4.66559
    endloop
  endfacet
  facet normal 0.442284 0 -0.896875
    outer loop
      vertex -1.93255 -3.95 4.66559
      vertex -2.525 -5.15 4.37343
      vertex -2.525 -3.95 4.37343
    endloop
  endfacet
  facet normal -0.55558 0 0.831463
    outer loop
      vertex 2.525 -3.95 -4.37343
      vertex 3.07424 -4 -4.00643
      vertex 3.07424 -3.95 -4.00643
    endloop
  endfacet
  facet normal -0.55558 0 0.831463
    outer loop
      vertex 3.07424 -4 -4.00643
      vertex 2.525 -3.95 -4.37343
      vertex 2.525 -4 -4.37343
    endloop
  endfacet
  facet normal -0.831463 0 -0.55558
    outer loop
      vertex 4.37343 -5.15 2.525
      vertex 4.00643 -3.95 3.07424
      vertex 4.37343 -3.95 2.525
    endloop
  endfacet
  facet normal -0.831463 -0 -0.55558
    outer loop
      vertex 4.00643 -3.95 3.07424
      vertex 4.37343 -5.15 2.525
      vertex 4.00643 -5.15 3.07424
    endloop
  endfacet
  facet normal -0.659337 0 -0.751848
    outer loop
      vertex 3.07424 -5.15 4.00643
      vertex 3.57089 -3.95 3.57089
      vertex 3.57089 -5.15 3.57089
    endloop
  endfacet
  facet normal -0.659337 0 -0.751848
    outer loop
      vertex 3.57089 -3.95 3.57089
      vertex 3.07424 -5.15 4.00643
      vertex 3.07424 -3.95 4.00643
    endloop
  endfacet
  facet normal -0.997859 0 0.065398
    outer loop
      vertex 5.0068 -4 -0.659157
      vertex 5.05 -3.95 0
      vertex 5.0068 -3.95 -0.659157
    endloop
  endfacet
  facet normal -0.997859 0 0.065398
    outer loop
      vertex 5.05 -3.95 0
      vertex 5.0068 -4 -0.659157
      vertex 5.05 -4 0
    endloop
  endfacet
  facet normal 0 -1 0
    outer loop
      vertex -1.30704 -3.95 4.87792
      vertex -1.16673 -3.95 4.83327
      vertex -1.22091 -3.95 4.89506
    endloop
  endfacet
  facet normal 0 -1 0
    outer loop
      vertex -1.30704 -3.95 4.87792
      vertex -1.09149 -3.95 4.76729
      vertex -1.16673 -3.95 4.83327
    endloop
  endfacet
  facet normal 0 -1 0
    outer loop
      vertex -1.93255 -3.95 4.66559
      vertex -1.09149 -3.95 4.76729
      vertex -1.30704 -3.95 4.87792
    endloop
  endfacet
  facet normal 0 -1 0
    outer loop
      vertex -1.09149 -3.95 1.23271
      vertex -1.93255 -3.95 4.66559
      vertex -2.525 -3.95 4.37343
    endloop
  endfacet
  facet normal 0 -1 0
    outer loop
      vertex -1.09149 -3.95 1.23271
      vertex -2.525 -3.95 4.37343
      vertex -3.07424 -3.95 4.00643
    endloop
  endfacet
  facet normal 0 -1 0
    outer loop
      vertex -1.09149 -3.95 1.23271
      vertex -3.07424 -3.95 4.00643
      vertex -3.57089 -3.95 3.57089
    endloop
  endfacet
  facet normal 0 -1 0
    outer loop
      vertex -1.16673 -3.95 1.16673
      vertex -3.57089 -3.95 3.57089
      vertex -4.00643 -3.95 3.07424
    endloop
  endfacet
  facet normal 0 -1 0
    outer loop
      vertex -1.30903 -3.95 1.00446
      vertex -4.00643 -3.95 3.07424
      vertex -4.37343 -3.95 2.525
    endloop
  endfacet
  facet normal 0 -1 0
    outer loop
      vertex -1.42894 -3.95 0.825
      vertex -4.37343 -3.95 2.525
      vertex -4.66559 -3.95 1.93255
    endloop
  endfacet
  facet normal 0 -1 0
    outer loop
      vertex -1.5244 -3.95 0.631427
      vertex -4.66559 -3.95 1.93255
      vertex -4.87792 -3.95 1.30704
    endloop
  endfacet
  facet normal 0 -1 0
    outer loop
      vertex -3.57089 -3.95 3.57089
      vertex -1.16673 -3.95 1.16673
      vertex -1.09149 -3.95 1.23271
    endloop
  endfacet
  facet normal 0 -1 0
    outer loop
      vertex -1.93255 -3.95 4.66559
      vertex -1.09149 -3.95 1.23271
      vertex -1.09149 -3.95 4.76729
    endloop
  endfacet
  facet normal 0 -1 0
    outer loop
      vertex -4.00643 -3.95 3.07424
      vertex -1.30903 -3.95 1.00446
      vertex -1.16673 -3.95 1.16673
    endloop
  endfacet
  facet normal 0 -1 0
    outer loop
      vertex -4.37343 -3.95 2.525
      vertex -1.42894 -3.95 0.825
      vertex -1.30903 -3.95 1.00446
    endloop
  endfacet
  facet normal 0 -1 0
    outer loop
      vertex -1.59378 -3.95 0.427051
      vertex -4.87792 -3.95 1.30704
      vertex -5.0068 -3.95 0.659157
    endloop
  endfacet
  facet normal 0 -1 0
    outer loop
      vertex -4.66559 -3.95 1.93255
      vertex -1.5244 -3.95 0.631427
      vertex -1.42894 -3.95 0.825
    endloop
  endfacet
  facet normal 0 -1 0
    outer loop
      vertex -4.87792 -3.95 1.30704
      vertex -1.59378 -3.95 0.427051
      vertex -1.5244 -3.95 0.631427
    endloop
  endfacet
  facet normal 0 -1 0
    outer loop
      vertex -5.0068 -3.95 0.659157
      vertex -1.63588 -3.95 0.215367
      vertex -1.59378 -3.95 0.427051
    endloop
  endfacet
  facet normal 0 -1 0
    outer loop
      vertex -5.05 -3.95 0
      vertex -1.63588 -3.95 0.215367
      vertex -5.0068 -3.95 0.659157
    endloop
  endfacet
  facet normal 0 -1 0
    outer loop
      vertex -5.05 -3.95 0
      vertex -1.65 -3.95 0
      vertex -1.63588 -3.95 0.215367
    endloop
  endfacet
  facet normal 0 -1 0
    outer loop
      vertex -5.05 -3.95 0
      vertex -1.63588 -3.95 -0.215367
      vertex -1.65 -3.95 0
    endloop
  endfacet
  facet normal 0 -1 0
    outer loop
      vertex -5.0068 -3.95 -0.659157
      vertex -1.63588 -3.95 -0.215367
      vertex -5.05 -3.95 0
    endloop
  endfacet
  facet normal 0 -1 -0
    outer loop
      vertex -1.63588 -3.95 -0.215367
      vertex -5.0068 -3.95 -0.659157
      vertex -1.59378 -3.95 -0.427051
    endloop
  endfacet
  facet normal 0 -1 0
    outer loop
      vertex -4.87792 -3.95 -1.30704
      vertex -1.59378 -3.95 -0.427051
      vertex -5.0068 -3.95 -0.659157
    endloop
  endfacet
  facet normal 0 -1 -0
    outer loop
      vertex -1.59378 -3.95 -0.427051
      vertex -4.87792 -3.95 -1.30704
      vertex -1.5244 -3.95 -0.631427
    endloop
  endfacet
  facet normal 0 -1 0
    outer loop
      vertex -4.66559 -3.95 -1.93255
      vertex -1.5244 -3.95 -0.631427
      vertex -4.87792 -3.95 -1.30704
    endloop
  endfacet
  facet normal 0 -1 -0
    outer loop
      vertex -1.5244 -3.95 -0.631427
      vertex -4.66559 -3.95 -1.93255
      vertex -1.42894 -3.95 -0.825
    endloop
  endfacet
  facet normal 0 -1 0
    outer loop
      vertex -4.37343 -3.95 -2.525
      vertex -1.42894 -3.95 -0.825
      vertex -4.66559 -3.95 -1.93255
    endloop
  endfacet
  facet normal 0 -1 -0
    outer loop
      vertex -1.42894 -3.95 -0.825
      vertex -4.37343 -3.95 -2.525
      vertex -1.30903 -3.95 -1.00446
    endloop
  endfacet
  facet normal 0 -1 0
    outer loop
      vertex -4.00643 -3.95 -3.07424
      vertex -1.30903 -3.95 -1.00446
      vertex -4.37343 -3.95 -2.525
    endloop
  endfacet
  facet normal 0 -1 -0
    outer loop
      vertex -1.30903 -3.95 -1.00446
      vertex -4.00643 -3.95 -3.07424
      vertex -1.16673 -3.95 -1.16673
    endloop
  endfacet
  facet normal 0 -1 0
    outer loop
      vertex -3.57089 -3.95 -3.57089
      vertex -1.16673 -3.95 -1.16673
      vertex -4.00643 -3.95 -3.07424
    endloop
  endfacet
  facet normal -0 -1 0
    outer loop
      vertex -0.7 -3.95 -2
      vertex -1.16673 -3.95 -1.16673
      vertex -3.57089 -3.95 -3.57089
    endloop
  endfacet
  facet normal 0 -1 0
    outer loop
      vertex -1.00446 -3.95 -1.30903
      vertex -0.7 -3.95 -2
      vertex -0.825 -3.95 -1.42894
    endloop
  endfacet
  facet normal 0 -1 0
    outer loop
      vertex -0.825 -3.95 -1.42894
      vertex -0.7 -3.95 -2
      vertex -0.7 -3.95 -1.49058
    endloop
  endfacet
  facet normal 0 -1 0
    outer loop
      vertex 1.16673 -3.95 4.83327
      vertex 1.30704 -3.95 4.87792
      vertex 1.22091 -3.95 4.89506
    endloop
  endfacet
  facet normal 0 -1 0
    outer loop
      vertex 1.09149 -3.95 4.76729
      vertex 1.30704 -3.95 4.87792
      vertex 1.16673 -3.95 4.83327
    endloop
  endfacet
  facet normal 0 -1 0
    outer loop
      vertex 1.09149 -3.95 4.76729
      vertex 1.93255 -3.95 4.66559
      vertex 1.30704 -3.95 4.87792
    endloop
  endfacet
  facet normal 0 -1 0
    outer loop
      vertex 1.09149 -3.95 1.23271
      vertex 1.93255 -3.95 4.66559
      vertex 1.09149 -3.95 4.76729
    endloop
  endfacet
  facet normal 0 -1 -0
    outer loop
      vertex 1.93255 -3.95 4.66559
      vertex 1.09149 -3.95 1.23271
      vertex 2.525 -3.95 4.37343
    endloop
  endfacet
  facet normal 0 -1 -0
    outer loop
      vertex 2.525 -3.95 4.37343
      vertex 1.09149 -3.95 1.23271
      vertex 3.07424 -3.95 4.00643
    endloop
  endfacet
  facet normal 0 -1 -0
    outer loop
      vertex 3.07424 -3.95 4.00643
      vertex 1.09149 -3.95 1.23271
      vertex 3.57089 -3.95 3.57089
    endloop
  endfacet
  facet normal 0 -1 0
    outer loop
      vertex 1.16673 -3.95 1.16673
      vertex 3.57089 -3.95 3.57089
      vertex 1.09149 -3.95 1.23271
    endloop
  endfacet
  facet normal 0 -1 -0
    outer loop
      vertex 3.57089 -3.95 3.57089
      vertex 1.16673 -3.95 1.16673
      vertex 4.00643 -3.95 3.07424
    endloop
  endfacet
  facet normal 0 -1 0
    outer loop
      vertex 1.30903 -3.95 1.00446
      vertex 4.00643 -3.95 3.07424
      vertex 1.16673 -3.95 1.16673
    endloop
  endfacet
  facet normal 0 -1 -0
    outer loop
      vertex 4.00643 -3.95 3.07424
      vertex 1.30903 -3.95 1.00446
      vertex 4.37343 -3.95 2.525
    endloop
  endfacet
  facet normal 0 -1 0
    outer loop
      vertex 1.42894 -3.95 0.825
      vertex 4.37343 -3.95 2.525
      vertex 1.30903 -3.95 1.00446
    endloop
  endfacet
  facet normal 0 -1 -0
    outer loop
      vertex 4.37343 -3.95 2.525
      vertex 1.42894 -3.95 0.825
      vertex 4.66559 -3.95 1.93255
    endloop
  endfacet
  facet normal 0 -1 0
    outer loop
      vertex 1.5244 -3.95 0.631427
      vertex 4.66559 -3.95 1.93255
      vertex 1.42894 -3.95 0.825
    endloop
  endfacet
  facet normal 0 -1 -0
    outer loop
      vertex 4.66559 -3.95 1.93255
      vertex 1.5244 -3.95 0.631427
      vertex 4.87792 -3.95 1.30704
    endloop
  endfacet
  facet normal 0 -1 0
    outer loop
      vertex 1.59378 -3.95 0.427051
      vertex 4.87792 -3.95 1.30704
      vertex 1.5244 -3.95 0.631427
    endloop
  endfacet
  facet normal 0 -1 -0
    outer loop
      vertex 4.87792 -3.95 1.30704
      vertex 1.59378 -3.95 0.427051
      vertex 5.0068 -3.95 0.659157
    endloop
  endfacet
  facet normal 0 -1 0
    outer loop
      vertex 1.63588 -3.95 0.215367
      vertex 5.0068 -3.95 0.659157
      vertex 1.59378 -3.95 0.427051
    endloop
  endfacet
  facet normal 0 -1 0
    outer loop
      vertex 1.65 -3.95 0
      vertex 5.0068 -3.95 0.659157
      vertex 1.63588 -3.95 0.215367
    endloop
  endfacet
  facet normal 0 -1 0
    outer loop
      vertex 1.65 -3.95 0
      vertex 5.05 -3.95 0
      vertex 5.0068 -3.95 0.659157
    endloop
  endfacet
  facet normal 0 -1 0
    outer loop
      vertex 1.63588 -3.95 -0.215367
      vertex 5.05 -3.95 0
      vertex 1.65 -3.95 0
    endloop
  endfacet
  facet normal 0 -1 0
    outer loop
      vertex 5.0068 -3.95 -0.659157
      vertex 1.63588 -3.95 -0.215367
      vertex 1.59378 -3.95 -0.427051
    endloop
  endfacet
  facet normal 0 -1 0
    outer loop
      vertex 4.87792 -3.95 -1.30704
      vertex 1.59378 -3.95 -0.427051
      vertex 1.5244 -3.95 -0.631427
    endloop
  endfacet
  facet normal 0 -1 0
    outer loop
      vertex 1.63588 -3.95 -0.215367
      vertex 5.0068 -3.95 -0.659157
      vertex 5.05 -3.95 0
    endloop
  endfacet
  facet normal 0 -1 0
    outer loop
      vertex 4.66559 -3.95 -1.93255
      vertex 1.5244 -3.95 -0.631427
      vertex 1.42894 -3.95 -0.825
    endloop
  endfacet
  facet normal 0 -1 0
    outer loop
      vertex 4.37343 -3.95 -2.525
      vertex 1.42894 -3.95 -0.825
      vertex 1.30903 -3.95 -1.00446
    endloop
  endfacet
  facet normal 0 -1 0
    outer loop
      vertex 4.00643 -3.95 -3.07424
      vertex 1.30903 -3.95 -1.00446
      vertex 1.16673 -3.95 -1.16673
    endloop
  endfacet
  facet normal 0 -1 0
    outer loop
      vertex 1.59378 -3.95 -0.427051
      vertex 4.87792 -3.95 -1.30704
      vertex 5.0068 -3.95 -0.659157
    endloop
  endfacet
  facet normal 0 -1 0
    outer loop
      vertex 0.7 -3.95 -2
      vertex 1.16673 -3.95 -1.16673
      vertex 1.00446 -3.95 -1.30903
    endloop
  endfacet
  facet normal 0 -1 0
    outer loop
      vertex 0.7 -3.95 -2
      vertex 1.00446 -3.95 -1.30903
      vertex 0.825 -3.95 -1.42894
    endloop
  endfacet
  facet normal 0 -1 0
    outer loop
      vertex 0.7 -3.95 -2
      vertex 0.825 -3.95 -1.42894
      vertex 0.7 -3.95 -1.49058
    endloop
  endfacet
  facet normal 0 -1 0
    outer loop
      vertex 1.5244 -3.95 -0.631427
      vertex 4.66559 -3.95 -1.93255
      vertex 4.87792 -3.95 -1.30704
    endloop
  endfacet
  facet normal 0 -1 -0
    outer loop
      vertex 1.16673 -3.95 -1.16673
      vertex 0.7 -3.95 -2
      vertex 3.57089 -3.95 -3.57089
    endloop
  endfacet
  facet normal 0 -1 0
    outer loop
      vertex -1.16673 -3.95 -1.16673
      vertex -0.7 -3.95 -2
      vertex -1.00446 -3.95 -1.30903
    endloop
  endfacet
  facet normal 0 -1 0
    outer loop
      vertex 1.42894 -3.95 -0.825
      vertex 4.37343 -3.95 -2.525
      vertex 4.66559 -3.95 -1.93255
    endloop
  endfacet
  facet normal 0 -1 0
    outer loop
      vertex -3.07424 -3.95 -4.00643
      vertex -0.7 -3.95 -2
      vertex -3.57089 -3.95 -3.57089
    endloop
  endfacet
  facet normal 0 -1 0
    outer loop
      vertex 1.30903 -3.95 -1.00446
      vertex 4.00643 -3.95 -3.07424
      vertex 4.37343 -3.95 -2.525
    endloop
  endfacet
  facet normal 0 -1 0
    outer loop
      vertex -2.525 -3.95 -4.37343
      vertex -0.7 -3.95 -2
      vertex -3.07424 -3.95 -4.00643
    endloop
  endfacet
  facet normal 0 -1 0
    outer loop
      vertex 1.16673 -3.95 -1.16673
      vertex 3.57089 -3.95 -3.57089
      vertex 4.00643 -3.95 -3.07424
    endloop
  endfacet
  facet normal 0 -1 0
    outer loop
      vertex -1.93255 -3.95 -4.66559
      vertex -0.7 -3.95 -2
      vertex -2.525 -3.95 -4.37343
    endloop
  endfacet
  facet normal 0 -1 0
    outer loop
      vertex 0.7 -3.95 -2
      vertex 3.07424 -3.95 -4.00643
      vertex 3.57089 -3.95 -3.57089
    endloop
  endfacet
  facet normal 0 -1 0
    outer loop
      vertex -1.30704 -3.95 -4.87792
      vertex -0.7 -3.95 -2
      vertex -1.93255 -3.95 -4.66559
    endloop
  endfacet
  facet normal 0 -1 0
    outer loop
      vertex 0.7 -3.95 -2
      vertex 2.525 -3.95 -4.37343
      vertex 3.07424 -3.95 -4.00643
    endloop
  endfacet
  facet normal 0 -1 0
    outer loop
      vertex -0.659157 -3.95 -5.0068
      vertex -0.7 -3.95 -2
      vertex -1.30704 -3.95 -4.87792
    endloop
  endfacet
  facet normal 0 -1 0
    outer loop
      vertex 0.7 -3.95 -2
      vertex 1.93255 -3.95 -4.66559
      vertex 2.525 -3.95 -4.37343
    endloop
  endfacet
  facet normal 0 -1 0
    outer loop
      vertex 0 -3.95 -5.05
      vertex -0.7 -3.95 -2
      vertex -0.659157 -3.95 -5.0068
    endloop
  endfacet
  facet normal 0 -1 0
    outer loop
      vertex 0.7 -3.95 -2
      vertex 1.30704 -3.95 -4.87792
      vertex 1.93255 -3.95 -4.66559
    endloop
  endfacet
  facet normal 0 -1 0
    outer loop
      vertex -0.7 -3.95 -2
      vertex 0 -3.95 -5.05
      vertex 0.7 -3.95 -2
    endloop
  endfacet
  facet normal 0 -1 -0
    outer loop
      vertex 0.7 -3.95 -2
      vertex 0.659157 -3.95 -5.0068
      vertex 1.30704 -3.95 -4.87792
    endloop
  endfacet
  facet normal 0 -1 0
    outer loop
      vertex 0.7 -3.95 -2
      vertex 0 -3.95 -5.05
      vertex 0.659157 -3.95 -5.0068
    endloop
  endfacet
  facet normal -0.751848 0 -0.659337
    outer loop
      vertex 4.00643 -5.15 3.07424
      vertex 3.57089 -3.95 3.57089
      vertex 4.00643 -3.95 3.07424
    endloop
  endfacet
  facet normal -0.751848 -0 -0.659337
    outer loop
      vertex 3.57089 -3.95 3.57089
      vertex 4.00643 -5.15 3.07424
      vertex 3.57089 -5.15 3.57089
    endloop
  endfacet
  facet normal 0.321437 0 0.946931
    outer loop
      vertex -1.93255 -3.95 -4.66559
      vertex -1.30704 -4 -4.87792
      vertex -1.30704 -3.95 -4.87792
    endloop
  endfacet
  facet normal 0.321437 0 0.946931
    outer loop
      vertex -1.30704 -4 -4.87792
      vertex -1.93255 -3.95 -4.66559
      vertex -1.93255 -4 -4.66559
    endloop
  endfacet
  facet normal 0.065398 0 0.997859
    outer loop
      vertex -0.659157 -3.95 -5.0068
      vertex 0 -4 -5.05
      vertex 0 -3.95 -5.05
    endloop
  endfacet
  facet normal 0.065398 0 0.997859
    outer loop
      vertex 0 -4 -5.05
      vertex -0.659157 -3.95 -5.0068
      vertex -0.659157 -4 -5.0068
    endloop
  endfacet
  facet normal -0.980783 0 0.195102
    outer loop
      vertex 4.87792 -4 -1.30704
      vertex 5.0068 -3.95 -0.659157
      vertex 4.87792 -3.95 -1.30704
    endloop
  endfacet
  facet normal -0.980783 0 0.195102
    outer loop
      vertex 5.0068 -3.95 -0.659157
      vertex 4.87792 -4 -1.30704
      vertex 5.0068 -4 -0.659157
    endloop
  endfacet
  facet normal -0.442284 0 -0.896875
    outer loop
      vertex 1.93255 -5.15 4.66559
      vertex 2.525 -3.95 4.37343
      vertex 2.525 -5.15 4.37343
    endloop
  endfacet
  facet normal -0.442284 0 -0.896875
    outer loop
      vertex 2.525 -3.95 4.37343
      vertex 1.93255 -5.15 4.66559
      vertex 1.93255 -3.95 4.66559
    endloop
  endfacet
  facet normal -0.442284 0 0.896875
    outer loop
      vertex 1.93255 -3.95 -4.66559
      vertex 2.525 -4 -4.37343
      vertex 2.525 -3.95 -4.37343
    endloop
  endfacet
  facet normal -0.442284 0 0.896875
    outer loop
      vertex 2.525 -4 -4.37343
      vertex 1.93255 -3.95 -4.66559
      vertex 1.93255 -4 -4.66559
    endloop
  endfacet
  facet normal -0.946931 0 0.321437
    outer loop
      vertex 4.66559 -4 -1.93255
      vertex 4.87792 -3.95 -1.30704
      vertex 4.66559 -3.95 -1.93255
    endloop
  endfacet
  facet normal -0.946931 0 0.321437
    outer loop
      vertex 4.87792 -3.95 -1.30704
      vertex 4.66559 -4 -1.93255
      vertex 4.87792 -4 -1.30704
    endloop
  endfacet
  facet normal 0.946931 -0 0.321437
    outer loop
      vertex -4.87792 -4 -1.30704
      vertex -4.66559 -3.95 -1.93255
      vertex -4.87792 -3.95 -1.30704
    endloop
  endfacet
  facet normal 0.946931 0 0.321437
    outer loop
      vertex -4.66559 -3.95 -1.93255
      vertex -4.87792 -4 -1.30704
      vertex -4.66559 -4 -1.93255
    endloop
  endfacet
  facet normal 0.896875 0 -0.442284
    outer loop
      vertex -4.37343 -5.15 2.525
      vertex -4.66559 -3.95 1.93255
      vertex -4.37343 -3.95 2.525
    endloop
  endfacet
  facet normal 0.896875 0 -0.442284
    outer loop
      vertex -4.66559 -3.95 1.93255
      vertex -4.37343 -5.15 2.525
      vertex -4.66559 -5.15 1.93255
    endloop
  endfacet
  facet normal 0.980783 0 -0.195102
    outer loop
      vertex -4.87792 -5.15 1.30704
      vertex -5.0068 -3.95 0.659157
      vertex -4.87792 -3.95 1.30704
    endloop
  endfacet
  facet normal 0.980783 0 -0.195102
    outer loop
      vertex -5.0068 -3.95 0.659157
      vertex -4.87792 -5.15 1.30704
      vertex -5.0068 -5.15 0.659157
    endloop
  endfacet
  facet normal 0.751848 -0 0.659337
    outer loop
      vertex -4.00643 -4 -3.07424
      vertex -3.57089 -3.95 -3.57089
      vertex -4.00643 -3.95 -3.07424
    endloop
  endfacet
  facet normal 0.751848 0 0.659337
    outer loop
      vertex -3.57089 -3.95 -3.57089
      vertex -4.00643 -4 -3.07424
      vertex -3.57089 -4 -3.57089
    endloop
  endfacet
  facet normal -0.195174 0 -0.980769
    outer loop
      vertex 1.22091 -5.15 4.89506
      vertex 1.30704 -3.95 4.87792
      vertex 1.30704 -5.15 4.87792
    endloop
  endfacet
  facet normal -0.195174 0 -0.980769
    outer loop
      vertex 1.30704 -3.95 4.87792
      vertex 1.22091 -5.15 4.89506
      vertex 1.22091 -3.95 4.89506
    endloop
  endfacet
  facet normal 0.55558 0 -0.831463
    outer loop
      vertex -3.07424 -5.15 4.00643
      vertex -2.525 -3.95 4.37343
      vertex -2.525 -5.15 4.37343
    endloop
  endfacet
  facet normal 0.55558 0 -0.831463
    outer loop
      vertex -2.525 -3.95 4.37343
      vertex -3.07424 -5.15 4.00643
      vertex -3.07424 -3.95 4.00643
    endloop
  endfacet
  facet normal 0.831463 -0 0.55558
    outer loop
      vertex -4.37343 -4 -2.525
      vertex -4.00643 -3.95 -3.07424
      vertex -4.37343 -3.95 -2.525
    endloop
  endfacet
  facet normal 0.831463 0 0.55558
    outer loop
      vertex -4.00643 -3.95 -3.07424
      vertex -4.37343 -4 -2.525
      vertex -4.00643 -4 -3.07424
    endloop
  endfacet
  facet normal 0 1 0
    outer loop
      vertex 1.30704 -5.15 4.87792
      vertex 1.16673 -5.15 4.83327
      vertex 1.22091 -5.15 4.89506
    endloop
  endfacet
  facet normal 0 1 0
    outer loop
      vertex 1.30704 -5.15 4.87792
      vertex 1.00446 -5.15 4.69097
      vertex 1.16673 -5.15 4.83327
    endloop
  endfacet
  facet normal 0 1 0
    outer loop
      vertex 1.93255 -5.15 4.66559
      vertex 1.00446 -5.15 4.69097
      vertex 1.30704 -5.15 4.87792
    endloop
  endfacet
  facet normal 0 1 0
    outer loop
      vertex 1.93255 -5.15 4.66559
      vertex 0.825 -5.15 4.57106
      vertex 1.00446 -5.15 4.69097
    endloop
  endfacet
  facet normal 0 1 0
    outer loop
      vertex 2.525 -5.15 4.37343
      vertex 0.825 -5.15 4.57106
      vertex 1.93255 -5.15 4.66559
    endloop
  endfacet
  facet normal 0 1 0
    outer loop
      vertex 0.825 -5.15 4.57106
      vertex 2.525 -5.15 4.37343
      vertex 0.7 -5.15 4.50941
    endloop
  endfacet
  facet normal 0 1 0
    outer loop
      vertex 0.825 -5.15 1.42894
      vertex 2.525 -5.15 4.37343
      vertex 3.07424 -5.15 4.00643
    endloop
  endfacet
  facet normal 0 1 0
    outer loop
      vertex 1.00446 -5.15 1.30903
      vertex 3.07424 -5.15 4.00643
      vertex 3.57089 -5.15 3.57089
    endloop
  endfacet
  facet normal 0 1 0
    outer loop
      vertex 1.16673 -5.15 1.16673
      vertex 3.57089 -5.15 3.57089
      vertex 4.00643 -5.15 3.07424
    endloop
  endfacet
  facet normal 0 1 0
    outer loop
      vertex 1.30903 -5.15 1.00446
      vertex 4.00643 -5.15 3.07424
      vertex 4.37343 -5.15 2.525
    endloop
  endfacet
  facet normal 0 1 0
    outer loop
      vertex 1.42894 -5.15 0.825
      vertex 4.37343 -5.15 2.525
      vertex 4.66559 -5.15 1.93255
    endloop
  endfacet
  facet normal 0 1 0
    outer loop
      vertex 3.07424 -5.15 4.00643
      vertex 1.00446 -5.15 1.30903
      vertex 0.825 -5.15 1.42894
    endloop
  endfacet
  facet normal 0 1 0
    outer loop
      vertex 0.7 -5.15 4.50941
      vertex 0.825 -5.15 1.42894
      vertex 0.7 -5.15 1.49058
    endloop
  endfacet
  facet normal 0 1 0
    outer loop
      vertex 2.525 -5.15 4.37343
      vertex 0.825 -5.15 1.42894
      vertex 0.7 -5.15 4.50941
    endloop
  endfacet
  facet normal 0 1 0
    outer loop
      vertex 1.5244 -5.15 0.631427
      vertex 4.66559 -5.15 1.93255
      vertex 4.87792 -5.15 1.30704
    endloop
  endfacet
  facet normal 0 1 0
    outer loop
      vertex 3.57089 -5.15 3.57089
      vertex 1.16673 -5.15 1.16673
      vertex 1.00446 -5.15 1.30903
    endloop
  endfacet
  facet normal 0 1 0
    outer loop
      vertex 4.00643 -5.15 3.07424
      vertex 1.30903 -5.15 1.00446
      vertex 1.16673 -5.15 1.16673
    endloop
  endfacet
  facet normal 0 1 0
    outer loop
      vertex 4.37343 -5.15 2.525
      vertex 1.42894 -5.15 0.825
      vertex 1.30903 -5.15 1.00446
    endloop
  endfacet
  facet normal 0 1 0
    outer loop
      vertex 1.59378 -5.15 0.427051
      vertex 4.87792 -5.15 1.30704
      vertex 5.0068 -5.15 0.659157
    endloop
  endfacet
  facet normal 0 1 0
    outer loop
      vertex 4.66559 -5.15 1.93255
      vertex 1.5244 -5.15 0.631427
      vertex 1.42894 -5.15 0.825
    endloop
  endfacet
  facet normal 0 1 0
    outer loop
      vertex 4.87792 -5.15 1.30704
      vertex 1.59378 -5.15 0.427051
      vertex 1.5244 -5.15 0.631427
    endloop
  endfacet
  facet normal 0 1 0
    outer loop
      vertex 5.0068 -5.15 0.659157
      vertex 1.63588 -5.15 0.215367
      vertex 1.59378 -5.15 0.427051
    endloop
  endfacet
  facet normal 0 1 0
    outer loop
      vertex 5.05 -5.15 0
      vertex 1.63588 -5.15 0.215367
      vertex 5.0068 -5.15 0.659157
    endloop
  endfacet
  facet normal 0 1 0
    outer loop
      vertex 1.63588 -5.15 0.215367
      vertex 5.05 -5.15 0
      vertex 1.65 -5.15 0
    endloop
  endfacet
  facet normal 0 1 0
    outer loop
      vertex -1.16673 -5.15 4.83327
      vertex -1.30704 -5.15 4.87792
      vertex -1.22091 -5.15 4.89506
    endloop
  endfacet
  facet normal 0 1 0
    outer loop
      vertex -1.00446 -5.15 4.69097
      vertex -1.30704 -5.15 4.87792
      vertex -1.16673 -5.15 4.83327
    endloop
  endfacet
  facet normal 0 1 0
    outer loop
      vertex -1.00446 -5.15 4.69097
      vertex -1.93255 -5.15 4.66559
      vertex -1.30704 -5.15 4.87792
    endloop
  endfacet
  facet normal 0 1 0
    outer loop
      vertex -0.825 -5.15 4.57106
      vertex -1.93255 -5.15 4.66559
      vertex -1.00446 -5.15 4.69097
    endloop
  endfacet
  facet normal 0 1 0
    outer loop
      vertex -2.525 -5.15 4.37343
      vertex -0.825 -5.15 4.57106
      vertex -0.7 -5.15 4.50941
    endloop
  endfacet
  facet normal 0 1 0
    outer loop
      vertex -0.825 -5.15 4.57106
      vertex -2.525 -5.15 4.37343
      vertex -1.93255 -5.15 4.66559
    endloop
  endfacet
  facet normal 0 1 -0
    outer loop
      vertex -0.825 -5.15 1.42894
      vertex -2.525 -5.15 4.37343
      vertex -0.7 -5.15 4.50941
    endloop
  endfacet
  facet normal 0 1 0
    outer loop
      vertex -2.525 -5.15 4.37343
      vertex -0.825 -5.15 1.42894
      vertex -3.07424 -5.15 4.00643
    endloop
  endfacet
  facet normal 0 1 -0
    outer loop
      vertex -1.00446 -5.15 1.30903
      vertex -3.07424 -5.15 4.00643
      vertex -0.825 -5.15 1.42894
    endloop
  endfacet
  facet normal 0 1 -0
    outer loop
      vertex -1.16673 -5.15 1.16673
      vertex -3.57089 -5.15 3.57089
      vertex -1.00446 -5.15 1.30903
    endloop
  endfacet
  facet normal 0 1 0
    outer loop
      vertex -3.57089 -5.15 3.57089
      vertex -1.16673 -5.15 1.16673
      vertex -4.00643 -5.15 3.07424
    endloop
  endfacet
  facet normal 0 1 0
    outer loop
      vertex -0.825 -5.15 1.42894
      vertex -0.7 -5.15 4.50941
      vertex -0.7 -5.15 1.49058
    endloop
  endfacet
  facet normal 0 1 0
    outer loop
      vertex -3.07424 -5.15 4.00643
      vertex -1.00446 -5.15 1.30903
      vertex -3.57089 -5.15 3.57089
    endloop
  endfacet
  facet normal 0 1 -0
    outer loop
      vertex -1.30903 -5.15 1.00446
      vertex -4.00643 -5.15 3.07424
      vertex -1.16673 -5.15 1.16673
    endloop
  endfacet
  facet normal 0 1 0
    outer loop
      vertex -4.00643 -5.15 3.07424
      vertex -1.30903 -5.15 1.00446
      vertex -4.37343 -5.15 2.525
    endloop
  endfacet
  facet normal 0 1 -0
    outer loop
      vertex -1.42894 -5.15 0.825
      vertex -4.37343 -5.15 2.525
      vertex -1.30903 -5.15 1.00446
    endloop
  endfacet
  facet normal 0 1 0
    outer loop
      vertex -4.37343 -5.15 2.525
      vertex -1.42894 -5.15 0.825
      vertex -4.66559 -5.15 1.93255
    endloop
  endfacet
  facet normal 0 1 -0
    outer loop
      vertex -1.5244 -5.15 0.631427
      vertex -4.66559 -5.15 1.93255
      vertex -1.42894 -5.15 0.825
    endloop
  endfacet
  facet normal 0 1 0
    outer loop
      vertex -4.66559 -5.15 1.93255
      vertex -1.5244 -5.15 0.631427
      vertex -4.87792 -5.15 1.30704
    endloop
  endfacet
  facet normal 0 1 -0
    outer loop
      vertex -1.59378 -5.15 0.427051
      vertex -4.87792 -5.15 1.30704
      vertex -1.5244 -5.15 0.631427
    endloop
  endfacet
  facet normal 0 1 0
    outer loop
      vertex -4.87792 -5.15 1.30704
      vertex -1.59378 -5.15 0.427051
      vertex -5.0068 -5.15 0.659157
    endloop
  endfacet
  facet normal 0 1 -0
    outer loop
      vertex -1.63588 -5.15 0.215367
      vertex -5.0068 -5.15 0.659157
      vertex -1.59378 -5.15 0.427051
    endloop
  endfacet
  facet normal 0 1 -0
    outer loop
      vertex -1.65 -5.15 0
      vertex -5.0068 -5.15 0.659157
      vertex -1.63588 -5.15 0.215367
    endloop
  endfacet
  facet normal 0 1 0
    outer loop
      vertex -5.0068 -5.15 0.659157
      vertex -1.65 -5.15 0
      vertex -5.05 -5.15 0
    endloop
  endfacet
  facet normal -0.659337 0 0.751848
    outer loop
      vertex 3.07424 -3.95 -4.00643
      vertex 3.57089 -4 -3.57089
      vertex 3.57089 -3.95 -3.57089
    endloop
  endfacet
  facet normal -0.659337 0 0.751848
    outer loop
      vertex 3.57089 -4 -3.57089
      vertex 3.07424 -3.95 -4.00643
      vertex 3.07424 -4 -4.00643
    endloop
  endfacet
  facet normal -0.751848 0 0.659337
    outer loop
      vertex 3.57089 -4 -3.57089
      vertex 4.00643 -3.95 -3.07424
      vertex 3.57089 -3.95 -3.57089
    endloop
  endfacet
  facet normal -0.751848 0 0.659337
    outer loop
      vertex 4.00643 -3.95 -3.07424
      vertex 3.57089 -4 -3.57089
      vertex 4.00643 -4 -3.07424
    endloop
  endfacet
  facet normal 0.659337 0 0.751848
    outer loop
      vertex -3.57089 -3.95 -3.57089
      vertex -3.07424 -4 -4.00643
      vertex -3.07424 -3.95 -4.00643
    endloop
  endfacet
  facet normal 0.659337 0 0.751848
    outer loop
      vertex -3.07424 -4 -4.00643
      vertex -3.57089 -3.95 -3.57089
      vertex -3.57089 -4 -3.57089
    endloop
  endfacet
  facet normal 0.980783 -0 0.195102
    outer loop
      vertex -5.0068 -4 -0.659157
      vertex -4.87792 -3.95 -1.30704
      vertex -5.0068 -3.95 -0.659157
    endloop
  endfacet
  facet normal 0.980783 0 0.195102
    outer loop
      vertex -4.87792 -3.95 -1.30704
      vertex -5.0068 -4 -0.659157
      vertex -4.87792 -4 -1.30704
    endloop
  endfacet
  facet normal 0.997859 -0 0.065398
    outer loop
      vertex -5.05 -4 0
      vertex -5.0068 -3.95 -0.659157
      vertex -5.05 -3.95 0
    endloop
  endfacet
  facet normal 0.997859 0 0.065398
    outer loop
      vertex -5.0068 -3.95 -0.659157
      vertex -5.05 -4 0
      vertex -5.0068 -4 -0.659157
    endloop
  endfacet
  facet normal 0.831463 0 -0.55558
    outer loop
      vertex -4.00643 -5.15 3.07424
      vertex -4.37343 -3.95 2.525
      vertex -4.00643 -3.95 3.07424
    endloop
  endfacet
  facet normal 0.831463 0 -0.55558
    outer loop
      vertex -4.37343 -3.95 2.525
      vertex -4.00643 -5.15 3.07424
      vertex -4.37343 -5.15 2.525
    endloop
  endfacet
  facet normal 0.55558 0 0.831463
    outer loop
      vertex -3.07424 -3.95 -4.00643
      vertex -2.525 -4 -4.37343
      vertex -2.525 -3.95 -4.37343
    endloop
  endfacet
  facet normal 0.55558 0 0.831463
    outer loop
      vertex -2.525 -4 -4.37343
      vertex -3.07424 -3.95 -4.00643
      vertex -3.07424 -4 -4.00643
    endloop
  endfacet
  facet normal 0.442284 0 0.896875
    outer loop
      vertex -2.525 -3.95 -4.37343
      vertex -1.93255 -4 -4.66559
      vertex -1.93255 -3.95 -4.66559
    endloop
  endfacet
  facet normal 0.442284 0 0.896875
    outer loop
      vertex -1.93255 -4 -4.66559
      vertex -2.525 -3.95 -4.37343
      vertex -2.525 -4 -4.37343
    endloop
  endfacet
  facet normal 0.195102 0 0.980783
    outer loop
      vertex -1.30704 -3.95 -4.87792
      vertex -0.659157 -4 -5.0068
      vertex -0.659157 -3.95 -5.0068
    endloop
  endfacet
  facet normal 0.195102 0 0.980783
    outer loop
      vertex -0.659157 -4 -5.0068
      vertex -1.30704 -3.95 -4.87792
      vertex -1.30704 -4 -4.87792
    endloop
  endfacet
  facet normal 0.751848 0 -0.659337
    outer loop
      vertex -3.57089 -5.15 3.57089
      vertex -4.00643 -3.95 3.07424
      vertex -3.57089 -3.95 3.57089
    endloop
  endfacet
  facet normal 0.751848 0 -0.659337
    outer loop
      vertex -4.00643 -3.95 3.07424
      vertex -3.57089 -5.15 3.57089
      vertex -4.00643 -5.15 3.07424
    endloop
  endfacet
  facet normal -0.980788 -0.195075 0
    outer loop
      vertex 4.06492 0.535157 -1
      vertex 3.9603 1.06116 16
      vertex 3.9603 1.06116 -1
    endloop
  endfacet
  facet normal -0.980788 -0.195075 0
    outer loop
      vertex 3.9603 1.06116 16
      vertex 4.06492 0.535157 -1
      vertex 4.06492 0.535157 16
    endloop
  endfacet
  facet normal -0.997858 -0.0654105 0
    outer loop
      vertex 4.1 0 -1
      vertex 4.06492 0.535157 16
      vertex 4.06492 0.535157 -1
    endloop
  endfacet
  facet normal -0.997858 -0.0654105 0
    outer loop
      vertex 4.06492 0.535157 16
      vertex 4.1 0 -1
      vertex 4.1 0 16
    endloop
  endfacet
  facet normal -0.321446 0.946928 0
    outer loop
      vertex 1.569 -3.78791 -1
      vertex 1.5244 -3.80305 -0.631427
      vertex 1.569 -3.78791 -0.500037
    endloop
  endfacet
  facet normal -0.32141 0.94694 4.84953e-06
    outer loop
      vertex 1.569 -3.78791 -1
      vertex 1.42894 -3.83545 -0.825
      vertex 1.5244 -3.80305 -0.631427
    endloop
  endfacet
  facet normal -0.321418 0.946937 -2.72038e-06
    outer loop
      vertex 1.42894 -3.83545 -0.825
      vertex 1.569 -3.78791 -1
      vertex 1.31201 -3.87514 -1
    endloop
  endfacet
  facet normal -0.321433 0.946932 0
    outer loop
      vertex 1.16673 -3.92446 4.83327
      vertex 1.09149 -3.95 1.23271
      vertex 1.09149 -3.95 4.76729
    endloop
  endfacet
  facet normal -0.321473 0.946919 0
    outer loop
      vertex 1.16673 -3.92446 1.16673
      vertex 1.16673 -3.92446 4.83327
      vertex 1.30903 -3.87615 4.99554
    endloop
  endfacet
  facet normal -0.321411 0.94694 0
    outer loop
      vertex 1.30903 -3.87615 1.00446
      vertex 1.30903 -3.87615 4.99554
      vertex 1.42894 -3.83545 5.175
    endloop
  endfacet
  facet normal -0.321401 0.946943 0
    outer loop
      vertex 1.42894 -3.83545 0.825
      vertex 1.42894 -3.83545 5.175
      vertex 1.5244 -3.80305 5.36857
    endloop
  endfacet
  facet normal -0.321446 0.946928 0
    outer loop
      vertex 1.5244 -3.80305 0.631427
      vertex 1.5244 -3.80305 5.36857
      vertex 1.569 -3.78791 5.49996
    endloop
  endfacet
  facet normal -0.321433 0.946932 0
    outer loop
      vertex 1.16673 -3.92446 4.83327
      vertex 1.16673 -3.92446 1.16673
      vertex 1.09149 -3.95 1.23271
    endloop
  endfacet
  facet normal -0.321473 0.946919 0
    outer loop
      vertex 1.30903 -3.87615 4.99554
      vertex 1.30903 -3.87615 1.00446
      vertex 1.16673 -3.92446 1.16673
    endloop
  endfacet
  facet normal -0.321411 0.94694 0
    outer loop
      vertex 1.42894 -3.83545 5.175
      vertex 1.42894 -3.83545 0.825
      vertex 1.30903 -3.87615 1.00446
    endloop
  endfacet
  facet normal -0.321401 0.946943 0
    outer loop
      vertex 1.5244 -3.80305 5.36857
      vertex 1.5244 -3.80305 0.631427
      vertex 1.42894 -3.83545 0.825
    endloop
  endfacet
  facet normal -0.321446 0.946928 0
    outer loop
      vertex 1.5244 -3.80305 0.631427
      vertex 1.569 -3.78791 5.49996
      vertex 1.569 -3.78791 0.500037
    endloop
  endfacet
  facet normal -0.321442 0.946929 0
    outer loop
      vertex 1.569 -3.78791 16
      vertex 1.06116 -3.9603 13.2593
      vertex 1.06116 -3.9603 16
    endloop
  endfacet
  facet normal -0.321466 0.946921 4.99217e-06
    outer loop
      vertex 1.569 -3.78791 16
      vertex 1.16673 -3.92446 13.1667
      vertex 1.06116 -3.9603 13.2593
    endloop
  endfacet
  facet normal -0.321468 0.94692 5.25325e-06
    outer loop
      vertex 1.569 -3.78791 16
      vertex 1.30903 -3.87615 13.0045
      vertex 1.16673 -3.92446 13.1667
    endloop
  endfacet
  facet normal -0.321412 0.94694 -1.85256e-07
    outer loop
      vertex 1.569 -3.78791 16
      vertex 1.42894 -3.83545 12.825
      vertex 1.30903 -3.87615 13.0045
    endloop
  endfacet
  facet normal -0.321402 0.946943 -6.43529e-07
    outer loop
      vertex 1.569 -3.78791 16
      vertex 1.5244 -3.80305 12.6314
      vertex 1.42894 -3.83545 12.825
    endloop
  endfacet
  facet normal -0.321446 0.946928 0
    outer loop
      vertex 1.5244 -3.80305 12.6314
      vertex 1.569 -3.78791 16
      vertex 1.569 -3.78791 12.5
    endloop
  endfacet
  facet normal -0.32147 0.94692 0
    outer loop
      vertex 1.16673 -3.92446 10.8333
      vertex 1.06116 -3.9603 7.25931
      vertex 1.06116 -3.9603 10.7407
    endloop
  endfacet
  facet normal -0.321473 0.946919 0
    outer loop
      vertex 1.16673 -3.92446 7.16673
      vertex 1.16673 -3.92446 10.8333
      vertex 1.30903 -3.87615 10.9955
    endloop
  endfacet
  facet normal -0.321411 0.94694 0
    outer loop
      vertex 1.30903 -3.87615 7.00446
      vertex 1.30903 -3.87615 10.9955
      vertex 1.42894 -3.83545 11.175
    endloop
  endfacet
  facet normal -0.321401 0.946943 0
    outer loop
      vertex 1.42894 -3.83545 6.825
      vertex 1.42894 -3.83545 11.175
      vertex 1.5244 -3.80305 11.3686
    endloop
  endfacet
  facet normal -0.321446 0.946928 0
    outer loop
      vertex 1.5244 -3.80305 6.63143
      vertex 1.5244 -3.80305 11.3686
      vertex 1.569 -3.78791 11.5
    endloop
  endfacet
  facet normal -0.32147 0.94692 0
    outer loop
      vertex 1.16673 -3.92446 10.8333
      vertex 1.16673 -3.92446 7.16673
      vertex 1.06116 -3.9603 7.25931
    endloop
  endfacet
  facet normal -0.321473 0.946919 0
    outer loop
      vertex 1.30903 -3.87615 10.9955
      vertex 1.30903 -3.87615 7.00446
      vertex 1.16673 -3.92446 7.16673
    endloop
  endfacet
  facet normal -0.321411 0.94694 0
    outer loop
      vertex 1.42894 -3.83545 11.175
      vertex 1.42894 -3.83545 6.825
      vertex 1.30903 -3.87615 7.00446
    endloop
  endfacet
  facet normal -0.321401 0.946943 0
    outer loop
      vertex 1.5244 -3.80305 11.3686
      vertex 1.5244 -3.80305 6.63143
      vertex 1.42894 -3.83545 6.825
    endloop
  endfacet
  facet normal -0.321446 0.946928 0
    outer loop
      vertex 1.5244 -3.80305 6.63143
      vertex 1.569 -3.78791 11.5
      vertex 1.569 -3.78791 6.50004
    endloop
  endfacet
  facet normal -0.831473 -0.555565 0
    outer loop
      vertex 3.5507 2.05 -1
      vertex 3.25275 2.49592 16
      vertex 3.25275 2.49592 -1
    endloop
  endfacet
  facet normal -0.831473 -0.555565 0
    outer loop
      vertex 3.25275 2.49592 16
      vertex 3.5507 2.05 -1
      vertex 3.5507 2.05 16
    endloop
  endfacet
  facet normal 0.896868 -0.442299 0
    outer loop
      vertex -3.78791 1.569 16
      vertex -3.5507 2.05 -1
      vertex -3.5507 2.05 16
    endloop
  endfacet
  facet normal 0.896868 -0.442299 0
    outer loop
      vertex -3.5507 2.05 -1
      vertex -3.78791 1.569 16
      vertex -3.78791 1.569 -1
    endloop
  endfacet
  facet normal 0.555565 -0.831473 0
    outer loop
      vertex -2.49592 3.25275 -1
      vertex -2.05 3.5507 16
      vertex -2.49592 3.25275 16
    endloop
  endfacet
  facet normal 0.555565 -0.831473 0
    outer loop
      vertex -2.05 3.5507 16
      vertex -2.49592 3.25275 -1
      vertex -2.05 3.5507 -1
    endloop
  endfacet
  facet normal 0.659341 -0.751844 0
    outer loop
      vertex -2.89914 2.89914 -1
      vertex -2.49592 3.25275 16
      vertex -2.89914 2.89914 16
    endloop
  endfacet
  facet normal 0.659341 -0.751844 0
    outer loop
      vertex -2.49592 3.25275 16
      vertex -2.89914 2.89914 -1
      vertex -2.49592 3.25275 -1
    endloop
  endfacet
  facet normal 0.751844 -0.659341 0
    outer loop
      vertex -3.25275 2.49592 16
      vertex -2.89914 2.89914 -1
      vertex -2.89914 2.89914 16
    endloop
  endfacet
  facet normal 0.751844 -0.659341 0
    outer loop
      vertex -2.89914 2.89914 -1
      vertex -3.25275 2.49592 16
      vertex -3.25275 2.49592 -1
    endloop
  endfacet
  facet normal -0.946929 0.321442 0
    outer loop
      vertex 3.78791 -1.569 -1
      vertex 3.9603 -1.06116 16
      vertex 3.9603 -1.06116 -1
    endloop
  endfacet
  facet normal -0.946929 0.321442 0
    outer loop
      vertex 3.9603 -1.06116 16
      vertex 3.78791 -1.569 -1
      vertex 3.78791 -1.569 16
    endloop
  endfacet
  facet normal 0.997858 -0.0654105 0
    outer loop
      vertex -4.1 0 16
      vertex -4.06492 0.535157 -1
      vertex -4.06492 0.535157 16
    endloop
  endfacet
  facet normal 0.997858 -0.0654105 0
    outer loop
      vertex -4.06492 0.535157 -1
      vertex -4.1 0 16
      vertex -4.1 0 -1
    endloop
  endfacet
  facet normal -0.555565 -0.831473 0
    outer loop
      vertex 2.05 3.5507 -1
      vertex 2.49592 3.25275 16
      vertex 2.05 3.5507 16
    endloop
  endfacet
  facet normal -0.555565 -0.831473 -0
    outer loop
      vertex 2.49592 3.25275 16
      vertex 2.05 3.5507 -1
      vertex 2.49592 3.25275 -1
    endloop
  endfacet
  facet normal 0.321446 0.946928 0
    outer loop
      vertex -1.5244 -3.80305 -0.631427
      vertex -1.569 -3.78791 -1
      vertex -1.569 -3.78791 -0.500037
    endloop
  endfacet
  facet normal 0.32141 0.94694 4.84953e-06
    outer loop
      vertex -1.42894 -3.83545 -0.825
      vertex -1.569 -3.78791 -1
      vertex -1.5244 -3.80305 -0.631427
    endloop
  endfacet
  facet normal 0.321418 0.946937 -2.72038e-06
    outer loop
      vertex -1.569 -3.78791 -1
      vertex -1.42894 -3.83545 -0.825
      vertex -1.31201 -3.87514 -1
    endloop
  endfacet
  facet normal 0.321433 0.946932 -0
    outer loop
      vertex -1.09149 -3.95 1.23271
      vertex -1.16673 -3.92446 4.83327
      vertex -1.09149 -3.95 4.76729
    endloop
  endfacet
  facet normal 0.321433 0.946932 -0
    outer loop
      vertex -1.16673 -3.92446 1.16673
      vertex -1.16673 -3.92446 4.83327
      vertex -1.09149 -3.95 1.23271
    endloop
  endfacet
  facet normal 0.321473 0.946919 0
    outer loop
      vertex -1.16673 -3.92446 4.83327
      vertex -1.16673 -3.92446 1.16673
      vertex -1.30903 -3.87615 4.99554
    endloop
  endfacet
  facet normal 0.321473 0.946919 -0
    outer loop
      vertex -1.30903 -3.87615 1.00446
      vertex -1.30903 -3.87615 4.99554
      vertex -1.16673 -3.92446 1.16673
    endloop
  endfacet
  facet normal 0.321411 0.94694 0
    outer loop
      vertex -1.30903 -3.87615 4.99554
      vertex -1.30903 -3.87615 1.00446
      vertex -1.42894 -3.83545 5.175
    endloop
  endfacet
  facet normal 0.321411 0.94694 -0
    outer loop
      vertex -1.42894 -3.83545 0.825
      vertex -1.42894 -3.83545 5.175
      vertex -1.30903 -3.87615 1.00446
    endloop
  endfacet
  facet normal 0.321401 0.946943 0
    outer loop
      vertex -1.42894 -3.83545 5.175
      vertex -1.42894 -3.83545 0.825
      vertex -1.5244 -3.80305 5.36857
    endloop
  endfacet
  facet normal 0.321401 0.946943 -0
    outer loop
      vertex -1.5244 -3.80305 0.631427
      vertex -1.5244 -3.80305 5.36857
      vertex -1.42894 -3.83545 0.825
    endloop
  endfacet
  facet normal 0.321446 0.946928 0
    outer loop
      vertex -1.5244 -3.80305 5.36857
      vertex -1.5244 -3.80305 0.631427
      vertex -1.569 -3.78791 5.49996
    endloop
  endfacet
  facet normal 0.321446 0.946928 0
    outer loop
      vertex -1.569 -3.78791 5.49996
      vertex -1.5244 -3.80305 0.631427
      vertex -1.569 -3.78791 0.500037
    endloop
  endfacet
  facet normal 0.321442 0.946929 -0
    outer loop
      vertex -1.06116 -3.9603 13.2593
      vertex -1.569 -3.78791 16
      vertex -1.06116 -3.9603 16
    endloop
  endfacet
  facet normal 0.321466 0.946921 4.99217e-06
    outer loop
      vertex -1.16673 -3.92446 13.1667
      vertex -1.569 -3.78791 16
      vertex -1.06116 -3.9603 13.2593
    endloop
  endfacet
  facet normal 0.321468 0.94692 5.25325e-06
    outer loop
      vertex -1.30903 -3.87615 13.0045
      vertex -1.569 -3.78791 16
      vertex -1.16673 -3.92446 13.1667
    endloop
  endfacet
  facet normal 0.321412 0.94694 -1.85256e-07
    outer loop
      vertex -1.42894 -3.83545 12.825
      vertex -1.569 -3.78791 16
      vertex -1.30903 -3.87615 13.0045
    endloop
  endfacet
  facet normal 0.321402 0.946943 -6.43529e-07
    outer loop
      vertex -1.5244 -3.80305 12.6314
      vertex -1.569 -3.78791 16
      vertex -1.42894 -3.83545 12.825
    endloop
  endfacet
  facet normal 0.321446 0.946928 0
    outer loop
      vertex -1.569 -3.78791 16
      vertex -1.5244 -3.80305 12.6314
      vertex -1.569 -3.78791 12.5
    endloop
  endfacet
  facet normal 0.32147 0.94692 -0
    outer loop
      vertex -1.06116 -3.9603 7.25931
      vertex -1.16673 -3.92446 10.8333
      vertex -1.06116 -3.9603 10.7407
    endloop
  endfacet
  facet normal 0.32147 0.94692 -0
    outer loop
      vertex -1.16673 -3.92446 7.16673
      vertex -1.16673 -3.92446 10.8333
      vertex -1.06116 -3.9603 7.25931
    endloop
  endfacet
  facet normal 0.321473 0.946919 0
    outer loop
      vertex -1.16673 -3.92446 10.8333
      vertex -1.16673 -3.92446 7.16673
      vertex -1.30903 -3.87615 10.9955
    endloop
  endfacet
  facet normal 0.321473 0.946919 -0
    outer loop
      vertex -1.30903 -3.87615 7.00446
      vertex -1.30903 -3.87615 10.9955
      vertex -1.16673 -3.92446 7.16673
    endloop
  endfacet
  facet normal 0.321411 0.94694 0
    outer loop
      vertex -1.30903 -3.87615 10.9955
      vertex -1.30903 -3.87615 7.00446
      vertex -1.42894 -3.83545 11.175
    endloop
  endfacet
  facet normal 0.321411 0.94694 -0
    outer loop
      vertex -1.42894 -3.83545 6.825
      vertex -1.42894 -3.83545 11.175
      vertex -1.30903 -3.87615 7.00446
    endloop
  endfacet
  facet normal 0.321401 0.946943 0
    outer loop
      vertex -1.42894 -3.83545 11.175
      vertex -1.42894 -3.83545 6.825
      vertex -1.5244 -3.80305 11.3686
    endloop
  endfacet
  facet normal 0.321401 0.946943 -0
    outer loop
      vertex -1.5244 -3.80305 6.63143
      vertex -1.5244 -3.80305 11.3686
      vertex -1.42894 -3.83545 6.825
    endloop
  endfacet
  facet normal 0.321446 0.946928 0
    outer loop
      vertex -1.5244 -3.80305 11.3686
      vertex -1.5244 -3.80305 6.63143
      vertex -1.569 -3.78791 11.5
    endloop
  endfacet
  facet normal 0.321446 0.946928 0
    outer loop
      vertex -1.569 -3.78791 11.5
      vertex -1.5244 -3.80305 6.63143
      vertex -1.569 -3.78791 6.50004
    endloop
  endfacet
  facet normal -0.195075 0.980788 1.64431e-06
    outer loop
      vertex 1.06116 -3.9603 16
      vertex 0.7 -4.03213 14
      vertex 0.535157 -4.06492 16
    endloop
  endfacet
  facet normal -0.195066 0.98079 0
    outer loop
      vertex 1.06116 -3.9603 13.2593
      vertex 0.7 -4.03213 14
      vertex 1.06116 -3.9603 16
    endloop
  endfacet
  facet normal -0.19506 0.980791 0
    outer loop
      vertex 0.7 -4.03213 14
      vertex 0.825 -4.00727 13.4289
      vertex 0.7 -4.03213 13.4906
    endloop
  endfacet
  facet normal -0.195115 0.98078 -1.2603e-05
    outer loop
      vertex 0.7 -4.03213 14
      vertex 1.00446 -3.97157 13.309
      vertex 0.825 -4.00727 13.4289
    endloop
  endfacet
  facet normal -0.194866 0.98083 0.000101468
    outer loop
      vertex 0.7 -4.03213 14
      vertex 1.06116 -3.9603 13.2593
      vertex 1.00446 -3.97157 13.309
    endloop
  endfacet
  facet normal -0.195094 0.980784 0
    outer loop
      vertex 0.535157 -4.06492 16
      vertex 0.7 -4.03213 14
      vertex 0.535157 -4.06492 14
    endloop
  endfacet
  facet normal -0.19506 0.980791 0
    outer loop
      vertex 0.825 -4.00727 10.5711
      vertex 0.7 -4.03213 7.49058
      vertex 0.7 -4.03213 10.5094
    endloop
  endfacet
  facet normal -0.195107 0.980782 0
    outer loop
      vertex 0.825 -4.00727 7.42894
      vertex 0.825 -4.00727 10.5711
      vertex 1.00446 -3.97157 10.691
    endloop
  endfacet
  facet normal -0.194952 0.980813 0
    outer loop
      vertex 1.00446 -3.97157 7.30903
      vertex 1.00446 -3.97157 10.691
      vertex 1.06116 -3.9603 10.7407
    endloop
  endfacet
  facet normal -0.19506 0.980791 0
    outer loop
      vertex 0.825 -4.00727 10.5711
      vertex 0.825 -4.00727 7.42894
      vertex 0.7 -4.03213 7.49058
    endloop
  endfacet
  facet normal -0.195107 0.980782 0
    outer loop
      vertex 1.00446 -3.97157 10.691
      vertex 1.00446 -3.97157 7.30903
      vertex 0.825 -4.00727 7.42894
    endloop
  endfacet
  facet normal -0.194952 0.980813 0
    outer loop
      vertex 1.00446 -3.97157 7.30903
      vertex 1.06116 -3.9603 10.7407
      vertex 1.06116 -3.9603 7.25931
    endloop
  endfacet
  facet normal 0.321446 -0.946928 0
    outer loop
      vertex -1.569 3.78791 -1
      vertex -1.5244 3.80305 -0.631427
      vertex -1.569 3.78791 -0.500037
    endloop
  endfacet
  facet normal 0.32141 -0.94694 4.84953e-06
    outer loop
      vertex -1.569 3.78791 -1
      vertex -1.42894 3.83545 -0.825
      vertex -1.5244 3.80305 -0.631427
    endloop
  endfacet
  facet normal 0.321418 -0.946937 -2.72038e-06
    outer loop
      vertex -1.42894 3.83545 -0.825
      vertex -1.569 3.78791 -1
      vertex -1.31201 3.87514 -1
    endloop
  endfacet
  facet normal 0.321433 -0.946932 0
    outer loop
      vertex -1.16673 3.92446 4.83327
      vertex -1.09149 3.95 1.23271
      vertex -1.09149 3.95 4.76729
    endloop
  endfacet
  facet normal 0.321473 -0.946919 0
    outer loop
      vertex -1.16673 3.92446 1.16673
      vertex -1.16673 3.92446 4.83327
      vertex -1.30903 3.87615 4.99554
    endloop
  endfacet
  facet normal 0.321411 -0.94694 0
    outer loop
      vertex -1.30903 3.87615 1.00446
      vertex -1.30903 3.87615 4.99554
      vertex -1.42894 3.83545 5.175
    endloop
  endfacet
  facet normal 0.321401 -0.946943 0
    outer loop
      vertex -1.42894 3.83545 0.825
      vertex -1.42894 3.83545 5.175
      vertex -1.5244 3.80305 5.36857
    endloop
  endfacet
  facet normal 0.321446 -0.946928 0
    outer loop
      vertex -1.5244 3.80305 0.631427
      vertex -1.5244 3.80305 5.36857
      vertex -1.569 3.78791 5.49996
    endloop
  endfacet
  facet normal 0.321433 -0.946932 0
    outer loop
      vertex -1.16673 3.92446 4.83327
      vertex -1.16673 3.92446 1.16673
      vertex -1.09149 3.95 1.23271
    endloop
  endfacet
  facet normal 0.321473 -0.946919 0
    outer loop
      vertex -1.30903 3.87615 4.99554
      vertex -1.30903 3.87615 1.00446
      vertex -1.16673 3.92446 1.16673
    endloop
  endfacet
  facet normal 0.321411 -0.94694 0
    outer loop
      vertex -1.42894 3.83545 5.175
      vertex -1.42894 3.83545 0.825
      vertex -1.30903 3.87615 1.00446
    endloop
  endfacet
  facet normal 0.321401 -0.946943 0
    outer loop
      vertex -1.5244 3.80305 5.36857
      vertex -1.5244 3.80305 0.631427
      vertex -1.42894 3.83545 0.825
    endloop
  endfacet
  facet normal 0.321446 -0.946928 0
    outer loop
      vertex -1.5244 3.80305 0.631427
      vertex -1.569 3.78791 5.49996
      vertex -1.569 3.78791 0.500037
    endloop
  endfacet
  facet normal 0.321442 -0.946929 0
    outer loop
      vertex -1.569 3.78791 16
      vertex -1.06116 3.9603 13.2593
      vertex -1.06116 3.9603 16
    endloop
  endfacet
  facet normal 0.321466 -0.946921 4.99217e-06
    outer loop
      vertex -1.569 3.78791 16
      vertex -1.16673 3.92446 13.1667
      vertex -1.06116 3.9603 13.2593
    endloop
  endfacet
  facet normal 0.321468 -0.94692 5.25325e-06
    outer loop
      vertex -1.569 3.78791 16
      vertex -1.30903 3.87615 13.0045
      vertex -1.16673 3.92446 13.1667
    endloop
  endfacet
  facet normal 0.321412 -0.94694 -1.85256e-07
    outer loop
      vertex -1.569 3.78791 16
      vertex -1.42894 3.83545 12.825
      vertex -1.30903 3.87615 13.0045
    endloop
  endfacet
  facet normal 0.321402 -0.946943 -6.43529e-07
    outer loop
      vertex -1.569 3.78791 16
      vertex -1.5244 3.80305 12.6314
      vertex -1.42894 3.83545 12.825
    endloop
  endfacet
  facet normal 0.321446 -0.946928 0
    outer loop
      vertex -1.5244 3.80305 12.6314
      vertex -1.569 3.78791 16
      vertex -1.569 3.78791 12.5
    endloop
  endfacet
  facet normal 0.32147 -0.94692 0
    outer loop
      vertex -1.16673 3.92446 10.8333
      vertex -1.06116 3.9603 7.25931
      vertex -1.06116 3.9603 10.7407
    endloop
  endfacet
  facet normal 0.321473 -0.946919 0
    outer loop
      vertex -1.16673 3.92446 7.16673
      vertex -1.16673 3.92446 10.8333
      vertex -1.30903 3.87615 10.9955
    endloop
  endfacet
  facet normal 0.321411 -0.94694 0
    outer loop
      vertex -1.30903 3.87615 7.00446
      vertex -1.30903 3.87615 10.9955
      vertex -1.42894 3.83545 11.175
    endloop
  endfacet
  facet normal 0.321401 -0.946943 0
    outer loop
      vertex -1.42894 3.83545 6.825
      vertex -1.42894 3.83545 11.175
      vertex -1.5244 3.80305 11.3686
    endloop
  endfacet
  facet normal 0.321446 -0.946928 0
    outer loop
      vertex -1.5244 3.80305 6.63143
      vertex -1.5244 3.80305 11.3686
      vertex -1.569 3.78791 11.5
    endloop
  endfacet
  facet normal 0.32147 -0.94692 0
    outer loop
      vertex -1.16673 3.92446 10.8333
      vertex -1.16673 3.92446 7.16673
      vertex -1.06116 3.9603 7.25931
    endloop
  endfacet
  facet normal 0.321473 -0.946919 0
    outer loop
      vertex -1.30903 3.87615 10.9955
      vertex -1.30903 3.87615 7.00446
      vertex -1.16673 3.92446 7.16673
    endloop
  endfacet
  facet normal 0.321411 -0.94694 0
    outer loop
      vertex -1.42894 3.83545 11.175
      vertex -1.42894 3.83545 6.825
      vertex -1.30903 3.87615 7.00446
    endloop
  endfacet
  facet normal 0.321401 -0.946943 0
    outer loop
      vertex -1.5244 3.80305 11.3686
      vertex -1.5244 3.80305 6.63143
      vertex -1.42894 3.83545 6.825
    endloop
  endfacet
  facet normal 0.321446 -0.946928 0
    outer loop
      vertex -1.5244 3.80305 6.63143
      vertex -1.569 3.78791 11.5
      vertex -1.569 3.78791 6.50004
    endloop
  endfacet
  facet normal 0.831473 0.555565 0
    outer loop
      vertex -3.25275 -2.49592 16
      vertex -3.5507 -2.05 -1
      vertex -3.5507 -2.05 16
    endloop
  endfacet
  facet normal 0.831473 0.555565 0
    outer loop
      vertex -3.5507 -2.05 -1
      vertex -3.25275 -2.49592 16
      vertex -3.25275 -2.49592 -1
    endloop
  endfacet
  facet normal -0.555565 0.831473 0
    outer loop
      vertex 2.49592 -3.25275 -1
      vertex 2.05 -3.5507 16
      vertex 2.49592 -3.25275 16
    endloop
  endfacet
  facet normal -0.555565 0.831473 0
    outer loop
      vertex 2.05 -3.5507 16
      vertex 2.49592 -3.25275 -1
      vertex 2.05 -3.5507 -1
    endloop
  endfacet
  facet normal 0.946929 -0.321442 0
    outer loop
      vertex -3.9603 1.06116 16
      vertex -3.78791 1.569 -1
      vertex -3.78791 1.569 16
    endloop
  endfacet
  facet normal 0.946929 -0.321442 0
    outer loop
      vertex -3.78791 1.569 -1
      vertex -3.9603 1.06116 16
      vertex -3.9603 1.06116 -1
    endloop
  endfacet
  facet normal -0.321446 -0.946928 0
    outer loop
      vertex 1.5244 3.80305 -0.631427
      vertex 1.569 3.78791 -1
      vertex 1.569 3.78791 -0.500037
    endloop
  endfacet
  facet normal -0.32141 -0.94694 4.84953e-06
    outer loop
      vertex 1.42894 3.83545 -0.825
      vertex 1.569 3.78791 -1
      vertex 1.5244 3.80305 -0.631427
    endloop
  endfacet
  facet normal -0.321418 -0.946937 -2.72038e-06
    outer loop
      vertex 1.569 3.78791 -1
      vertex 1.42894 3.83545 -0.825
      vertex 1.31201 3.87514 -1
    endloop
  endfacet
  facet normal -0.321433 -0.946932 0
    outer loop
      vertex 1.09149 3.95 1.23271
      vertex 1.16673 3.92446 4.83327
      vertex 1.09149 3.95 4.76729
    endloop
  endfacet
  facet normal -0.321433 -0.946932 0
    outer loop
      vertex 1.16673 3.92446 1.16673
      vertex 1.16673 3.92446 4.83327
      vertex 1.09149 3.95 1.23271
    endloop
  endfacet
  facet normal -0.321473 -0.946919 -0
    outer loop
      vertex 1.16673 3.92446 4.83327
      vertex 1.16673 3.92446 1.16673
      vertex 1.30903 3.87615 4.99554
    endloop
  endfacet
  facet normal -0.321473 -0.946919 0
    outer loop
      vertex 1.30903 3.87615 1.00446
      vertex 1.30903 3.87615 4.99554
      vertex 1.16673 3.92446 1.16673
    endloop
  endfacet
  facet normal -0.321411 -0.94694 -0
    outer loop
      vertex 1.30903 3.87615 4.99554
      vertex 1.30903 3.87615 1.00446
      vertex 1.42894 3.83545 5.175
    endloop
  endfacet
  facet normal -0.321411 -0.94694 0
    outer loop
      vertex 1.42894 3.83545 0.825
      vertex 1.42894 3.83545 5.175
      vertex 1.30903 3.87615 1.00446
    endloop
  endfacet
  facet normal -0.321401 -0.946943 -0
    outer loop
      vertex 1.42894 3.83545 5.175
      vertex 1.42894 3.83545 0.825
      vertex 1.5244 3.80305 5.36857
    endloop
  endfacet
  facet normal -0.321401 -0.946943 0
    outer loop
      vertex 1.5244 3.80305 0.631427
      vertex 1.5244 3.80305 5.36857
      vertex 1.42894 3.83545 0.825
    endloop
  endfacet
  facet normal -0.321446 -0.946928 -0
    outer loop
      vertex 1.5244 3.80305 5.36857
      vertex 1.5244 3.80305 0.631427
      vertex 1.569 3.78791 5.49996
    endloop
  endfacet
  facet normal -0.321446 -0.946928 -0
    outer loop
      vertex 1.569 3.78791 5.49996
      vertex 1.5244 3.80305 0.631427
      vertex 1.569 3.78791 0.500037
    endloop
  endfacet
  facet normal -0.321442 -0.946929 0
    outer loop
      vertex 1.06116 3.9603 13.2593
      vertex 1.569 3.78791 16
      vertex 1.06116 3.9603 16
    endloop
  endfacet
  facet normal -0.321466 -0.946921 4.99217e-06
    outer loop
      vertex 1.16673 3.92446 13.1667
      vertex 1.569 3.78791 16
      vertex 1.06116 3.9603 13.2593
    endloop
  endfacet
  facet normal -0.321468 -0.94692 5.25325e-06
    outer loop
      vertex 1.30903 3.87615 13.0045
      vertex 1.569 3.78791 16
      vertex 1.16673 3.92446 13.1667
    endloop
  endfacet
  facet normal -0.321412 -0.94694 -1.85256e-07
    outer loop
      vertex 1.42894 3.83545 12.825
      vertex 1.569 3.78791 16
      vertex 1.30903 3.87615 13.0045
    endloop
  endfacet
  facet normal -0.321402 -0.946943 -6.43529e-07
    outer loop
      vertex 1.5244 3.80305 12.6314
      vertex 1.569 3.78791 16
      vertex 1.42894 3.83545 12.825
    endloop
  endfacet
  facet normal -0.321446 -0.946928 -0
    outer loop
      vertex 1.569 3.78791 16
      vertex 1.5244 3.80305 12.6314
      vertex 1.569 3.78791 12.5
    endloop
  endfacet
  facet normal -0.32147 -0.94692 0
    outer loop
      vertex 1.06116 3.9603 7.25931
      vertex 1.16673 3.92446 10.8333
      vertex 1.06116 3.9603 10.7407
    endloop
  endfacet
  facet normal -0.32147 -0.94692 0
    outer loop
      vertex 1.16673 3.92446 7.16673
      vertex 1.16673 3.92446 10.8333
      vertex 1.06116 3.9603 7.25931
    endloop
  endfacet
  facet normal -0.321473 -0.946919 -0
    outer loop
      vertex 1.16673 3.92446 10.8333
      vertex 1.16673 3.92446 7.16673
      vertex 1.30903 3.87615 10.9955
    endloop
  endfacet
  facet normal -0.321473 -0.946919 0
    outer loop
      vertex 1.30903 3.87615 7.00446
      vertex 1.30903 3.87615 10.9955
      vertex 1.16673 3.92446 7.16673
    endloop
  endfacet
  facet normal -0.321411 -0.94694 -0
    outer loop
      vertex 1.30903 3.87615 10.9955
      vertex 1.30903 3.87615 7.00446
      vertex 1.42894 3.83545 11.175
    endloop
  endfacet
  facet normal -0.321411 -0.94694 0
    outer loop
      vertex 1.42894 3.83545 6.825
      vertex 1.42894 3.83545 11.175
      vertex 1.30903 3.87615 7.00446
    endloop
  endfacet
  facet normal -0.321401 -0.946943 -0
    outer loop
      vertex 1.42894 3.83545 11.175
      vertex 1.42894 3.83545 6.825
      vertex 1.5244 3.80305 11.3686
    endloop
  endfacet
  facet normal -0.321401 -0.946943 0
    outer loop
      vertex 1.5244 3.80305 6.63143
      vertex 1.5244 3.80305 11.3686
      vertex 1.42894 3.83545 6.825
    endloop
  endfacet
  facet normal -0.321446 -0.946928 -0
    outer loop
      vertex 1.5244 3.80305 11.3686
      vertex 1.5244 3.80305 6.63143
      vertex 1.569 3.78791 11.5
    endloop
  endfacet
  facet normal -0.321446 -0.946928 -0
    outer loop
      vertex 1.569 3.78791 11.5
      vertex 1.5244 3.80305 6.63143
      vertex 1.569 3.78791 6.50004
    endloop
  endfacet
  facet normal -0.0654105 -0.997858 0
    outer loop
      vertex 0 4.1 14
      vertex 0.535157 4.06492 16
      vertex 0 4.1 16
    endloop
  endfacet
  facet normal -0.0654105 -0.997858 -0
    outer loop
      vertex 0.535157 4.06492 16
      vertex 0 4.1 14
      vertex 0.535157 4.06492 14
    endloop
  endfacet
  facet normal 0.442299 -0.896868 0
    outer loop
      vertex -2.05 3.5507 16
      vertex -1.569 3.78791 12.5
      vertex -1.569 3.78791 16
    endloop
  endfacet
  facet normal 0.442289 -0.896873 -1.79529e-06
    outer loop
      vertex -2.05 3.5507 16
      vertex -1.59378 3.77569 12.4271
      vertex -1.569 3.78791 12.5
    endloop
  endfacet
  facet normal 0.442383 -0.896826 1.31089e-05
    outer loop
      vertex -2.05 3.5507 16
      vertex -1.63588 3.75492 12.2154
      vertex -1.59378 3.77569 12.4271
    endloop
  endfacet
  facet normal 0.442226 -0.896904 -8.24467e-06
    outer loop
      vertex -2.05 3.5507 16
      vertex -1.65 3.74796 12
      vertex -1.63588 3.75492 12.2154
    endloop
  endfacet
  facet normal 0.442611 -0.896714 3.96149e-05
    outer loop
      vertex -2.05 3.5507 16
      vertex -1.63588 3.75492 11.7846
      vertex -1.65 3.74796 12
    endloop
  endfacet
  facet normal 0.442285 -0.896875 0
    outer loop
      vertex -1.59378 3.77569 11.5729
      vertex -1.569 3.78791 6.50004
      vertex -1.569 3.78791 11.5
    endloop
  endfacet
  facet normal 0.442436 -0.8968 0
    outer loop
      vertex -1.59378 3.77569 6.42705
      vertex -1.59378 3.77569 11.5729
      vertex -1.63588 3.75492 11.7846
    endloop
  endfacet
  facet normal 0.442286 -0.896874 0
    outer loop
      vertex -1.63588 3.75492 6.21537
      vertex -1.63588 3.75492 11.7846
      vertex -2.05 3.5507 16
    endloop
  endfacet
  facet normal 0.442285 -0.896875 0
    outer loop
      vertex -1.59378 3.77569 11.5729
      vertex -1.59378 3.77569 6.42705
      vertex -1.569 3.78791 6.50004
    endloop
  endfacet
  facet normal 0.442436 -0.8968 0
    outer loop
      vertex -1.63588 3.75492 11.7846
      vertex -1.63588 3.75492 6.21537
      vertex -1.59378 3.77569 6.42705
    endloop
  endfacet
  facet normal 0.442188 -0.896922 -5.17288e-06
    outer loop
      vertex -2.05 3.5507 16
      vertex -1.65 3.74796 6
      vertex -1.63588 3.75492 6.21537
    endloop
  endfacet
  facet normal 0.442285 -0.896875 0
    outer loop
      vertex -1.59378 3.77569 5.57295
      vertex -1.569 3.78791 0.500037
      vertex -1.569 3.78791 5.49996
    endloop
  endfacet
  facet normal 0.442401 -0.896818 -8.67378e-06
    outer loop
      vertex -2.05 3.5507 -1
      vertex -1.59378 3.77569 5.57295
      vertex -1.63588 3.75492 5.78463
    endloop
  endfacet
  facet normal 0.442202 -0.896915 6.35736e-06
    outer loop
      vertex -2.05 3.5507 -1
      vertex -1.63588 3.75492 5.78463
      vertex -1.65 3.74796 6
    endloop
  endfacet
  facet normal 0.442292 -0.896871 0
    outer loop
      vertex -2.05 3.5507 -1
      vertex -1.65 3.74796 6
      vertex -2.05 3.5507 16
    endloop
  endfacet
  facet normal 0.442285 -0.896875 0
    outer loop
      vertex -1.59378 3.77569 5.57295
      vertex -1.59378 3.77569 0.427051
      vertex -1.569 3.78791 0.500037
    endloop
  endfacet
  facet normal 0.4423 -0.896867 0
    outer loop
      vertex -1.59378 3.77569 5.57295
      vertex -2.05 3.5507 -1
      vertex -1.59378 3.77569 0.427051
    endloop
  endfacet
  facet normal 0.442077 -0.896977 8.87352e-05
    outer loop
      vertex -1.59378 3.77569 0.427051
      vertex -2.05 3.5507 -1
      vertex -1.63588 3.75492 0.215367
    endloop
  endfacet
  facet normal 0.442325 -0.896855 -1.63266e-05
    outer loop
      vertex -1.63588 3.75492 0.215367
      vertex -2.05 3.5507 -1
      vertex -1.65 3.74796 0
    endloop
  endfacet
  facet normal 0.442268 -0.896883 1.17286e-05
    outer loop
      vertex -2.05 3.5507 -1
      vertex -1.63588 3.75492 -0.215367
      vertex -1.65 3.74796 0
    endloop
  endfacet
  facet normal 0.442327 -0.896854 -2.68278e-05
    outer loop
      vertex -2.05 3.5507 -1
      vertex -1.59378 3.77569 -0.427051
      vertex -1.63588 3.75492 -0.215367
    endloop
  endfacet
  facet normal 0.442295 -0.896869 4.60375e-06
    outer loop
      vertex -2.05 3.5507 -1
      vertex -1.569 3.78791 -0.500037
      vertex -1.59378 3.77569 -0.427051
    endloop
  endfacet
  facet normal 0.442299 -0.896868 0
    outer loop
      vertex -1.569 3.78791 -0.500037
      vertex -2.05 3.5507 -1
      vertex -1.569 3.78791 -1
    endloop
  endfacet
  facet normal -0.831473 0.555565 0
    outer loop
      vertex 3.25275 -2.49592 -1
      vertex 3.5507 -2.05 16
      vertex 3.5507 -2.05 -1
    endloop
  endfacet
  facet normal -0.831473 0.555565 0
    outer loop
      vertex 3.5507 -2.05 16
      vertex 3.25275 -2.49592 -1
      vertex 3.25275 -2.49592 16
    endloop
  endfacet
  facet normal 0.997858 0.0654105 0
    outer loop
      vertex -4.06492 -0.535157 16
      vertex -4.1 0 -1
      vertex -4.1 0 16
    endloop
  endfacet
  facet normal 0.997858 0.0654105 0
    outer loop
      vertex -4.1 0 -1
      vertex -4.06492 -0.535157 16
      vertex -4.06492 -0.535157 -1
    endloop
  endfacet
  facet normal -0.980788 0.195075 0
    outer loop
      vertex 3.9603 -1.06116 -1
      vertex 4.06492 -0.535157 16
      vertex 4.06492 -0.535157 -1
    endloop
  endfacet
  facet normal -0.980788 0.195075 0
    outer loop
      vertex 4.06492 -0.535157 16
      vertex 3.9603 -1.06116 -1
      vertex 3.9603 -1.06116 16
    endloop
  endfacet
  facet normal 0.946929 0.321442 0
    outer loop
      vertex -3.78791 -1.569 16
      vertex -3.9603 -1.06116 -1
      vertex -3.9603 -1.06116 16
    endloop
  endfacet
  facet normal 0.946929 0.321442 0
    outer loop
      vertex -3.9603 -1.06116 -1
      vertex -3.78791 -1.569 16
      vertex -3.78791 -1.569 -1
    endloop
  endfacet
  facet normal 0.659341 0.751844 -0
    outer loop
      vertex -2.49592 -3.25275 -1
      vertex -2.89914 -2.89914 16
      vertex -2.49592 -3.25275 16
    endloop
  endfacet
  facet normal 0.659341 0.751844 0
    outer loop
      vertex -2.89914 -2.89914 16
      vertex -2.49592 -3.25275 -1
      vertex -2.89914 -2.89914 -1
    endloop
  endfacet
  facet normal -0.442299 -0.896868 0
    outer loop
      vertex 1.569 3.78791 12.5
      vertex 2.05 3.5507 16
      vertex 1.569 3.78791 16
    endloop
  endfacet
  facet normal -0.442289 -0.896873 -1.79529e-06
    outer loop
      vertex 1.59378 3.77569 12.4271
      vertex 2.05 3.5507 16
      vertex 1.569 3.78791 12.5
    endloop
  endfacet
  facet normal -0.442383 -0.896826 1.31089e-05
    outer loop
      vertex 1.63588 3.75492 12.2154
      vertex 2.05 3.5507 16
      vertex 1.59378 3.77569 12.4271
    endloop
  endfacet
  facet normal -0.442226 -0.896904 -8.24467e-06
    outer loop
      vertex 1.65 3.74796 12
      vertex 2.05 3.5507 16
      vertex 1.63588 3.75492 12.2154
    endloop
  endfacet
  facet normal -0.442611 -0.896714 3.96149e-05
    outer loop
      vertex 1.63588 3.75492 11.7846
      vertex 2.05 3.5507 16
      vertex 1.65 3.74796 12
    endloop
  endfacet
  facet normal -0.442285 -0.896875 0
    outer loop
      vertex 1.569 3.78791 6.50004
      vertex 1.59378 3.77569 11.5729
      vertex 1.569 3.78791 11.5
    endloop
  endfacet
  facet normal -0.442285 -0.896875 0
    outer loop
      vertex 1.59378 3.77569 6.42705
      vertex 1.59378 3.77569 11.5729
      vertex 1.569 3.78791 6.50004
    endloop
  endfacet
  facet normal -0.442436 -0.8968 -0
    outer loop
      vertex 1.59378 3.77569 11.5729
      vertex 1.59378 3.77569 6.42705
      vertex 1.63588 3.75492 11.7846
    endloop
  endfacet
  facet normal -0.442436 -0.8968 0
    outer loop
      vertex 1.63588 3.75492 6.21537
      vertex 1.63588 3.75492 11.7846
      vertex 1.59378 3.77569 6.42705
    endloop
  endfacet
  facet normal -0.442286 -0.896874 -0
    outer loop
      vertex 1.63588 3.75492 11.7846
      vertex 1.63588 3.75492 6.21537
      vertex 2.05 3.5507 16
    endloop
  endfacet
  facet normal -0.442188 -0.896922 -5.17288e-06
    outer loop
      vertex 1.65 3.74796 6
      vertex 2.05 3.5507 16
      vertex 1.63588 3.75492 6.21537
    endloop
  endfacet
  facet normal -0.442285 -0.896875 0
    outer loop
      vertex 1.569 3.78791 0.500037
      vertex 1.59378 3.77569 5.57295
      vertex 1.569 3.78791 5.49996
    endloop
  endfacet
  facet normal -0.442285 -0.896875 0
    outer loop
      vertex 1.59378 3.77569 0.427051
      vertex 1.59378 3.77569 5.57295
      vertex 1.569 3.78791 0.500037
    endloop
  endfacet
  facet normal -0.4423 -0.896867 0
    outer loop
      vertex 2.05 3.5507 -1
      vertex 1.59378 3.77569 5.57295
      vertex 1.59378 3.77569 0.427051
    endloop
  endfacet
  facet normal -0.442401 -0.896818 -8.67378e-06
    outer loop
      vertex 1.59378 3.77569 5.57295
      vertex 2.05 3.5507 -1
      vertex 1.63588 3.75492 5.78463
    endloop
  endfacet
  facet normal -0.442202 -0.896915 6.35736e-06
    outer loop
      vertex 1.63588 3.75492 5.78463
      vertex 2.05 3.5507 -1
      vertex 1.65 3.74796 6
    endloop
  endfacet
  facet normal -0.442077 -0.896977 8.87352e-05
    outer loop
      vertex 2.05 3.5507 -1
      vertex 1.59378 3.77569 0.427051
      vertex 1.63588 3.75492 0.215367
    endloop
  endfacet
  facet normal -0.442325 -0.896855 -1.63266e-05
    outer loop
      vertex 2.05 3.5507 -1
      vertex 1.63588 3.75492 0.215367
      vertex 1.65 3.74796 0
    endloop
  endfacet
  facet normal -0.442299 -0.896868 0
    outer loop
      vertex 2.05 3.5507 -1
      vertex 1.569 3.78791 -0.500037
      vertex 1.569 3.78791 -1
    endloop
  endfacet
  facet normal -0.442295 -0.896869 4.60375e-06
    outer loop
      vertex 1.569 3.78791 -0.500037
      vertex 2.05 3.5507 -1
      vertex 1.59378 3.77569 -0.427051
    endloop
  endfacet
  facet normal -0.442292 -0.896871 0
    outer loop
      vertex 1.65 3.74796 6
      vertex 2.05 3.5507 -1
      vertex 2.05 3.5507 16
    endloop
  endfacet
  facet normal -0.442268 -0.896883 1.17286e-05
    outer loop
      vertex 1.63588 3.75492 -0.215367
      vertex 2.05 3.5507 -1
      vertex 1.65 3.74796 0
    endloop
  endfacet
  facet normal -0.442327 -0.896854 -2.68278e-05
    outer loop
      vertex 1.59378 3.77569 -0.427051
      vertex 2.05 3.5507 -1
      vertex 1.63588 3.75492 -0.215367
    endloop
  endfacet
  facet normal 0.195075 -0.980788 1.64431e-06
    outer loop
      vertex -1.06116 3.9603 16
      vertex -0.7 4.03213 14
      vertex -0.535157 4.06492 16
    endloop
  endfacet
  facet normal 0.195066 -0.98079 0
    outer loop
      vertex -1.06116 3.9603 13.2593
      vertex -0.7 4.03213 14
      vertex -1.06116 3.9603 16
    endloop
  endfacet
  facet normal 0.19506 -0.980791 0
    outer loop
      vertex -0.7 4.03213 14
      vertex -0.825 4.00727 13.4289
      vertex -0.7 4.03213 13.4906
    endloop
  endfacet
  facet normal 0.195115 -0.98078 -1.2603e-05
    outer loop
      vertex -0.7 4.03213 14
      vertex -1.00446 3.97157 13.309
      vertex -0.825 4.00727 13.4289
    endloop
  endfacet
  facet normal 0.194866 -0.98083 0.000101468
    outer loop
      vertex -0.7 4.03213 14
      vertex -1.06116 3.9603 13.2593
      vertex -1.00446 3.97157 13.309
    endloop
  endfacet
  facet normal 0.195094 -0.980784 0
    outer loop
      vertex -0.535157 4.06492 16
      vertex -0.7 4.03213 14
      vertex -0.535157 4.06492 14
    endloop
  endfacet
  facet normal 0.19506 -0.980791 0
    outer loop
      vertex -0.825 4.00727 10.5711
      vertex -0.7 4.03213 7.49058
      vertex -0.7 4.03213 10.5094
    endloop
  endfacet
  facet normal 0.195107 -0.980782 0
    outer loop
      vertex -0.825 4.00727 7.42894
      vertex -0.825 4.00727 10.5711
      vertex -1.00446 3.97157 10.691
    endloop
  endfacet
  facet normal 0.194952 -0.980813 0
    outer loop
      vertex -1.00446 3.97157 7.30903
      vertex -1.00446 3.97157 10.691
      vertex -1.06116 3.9603 10.7407
    endloop
  endfacet
  facet normal 0.19506 -0.980791 0
    outer loop
      vertex -0.825 4.00727 10.5711
      vertex -0.825 4.00727 7.42894
      vertex -0.7 4.03213 7.49058
    endloop
  endfacet
  facet normal 0.195107 -0.980782 0
    outer loop
      vertex -1.00446 3.97157 10.691
      vertex -1.00446 3.97157 7.30903
      vertex -0.825 4.00727 7.42894
    endloop
  endfacet
  facet normal 0.194952 -0.980813 0
    outer loop
      vertex -1.00446 3.97157 7.30903
      vertex -1.06116 3.9603 10.7407
      vertex -1.06116 3.9603 7.25931
    endloop
  endfacet
  facet normal -0.751844 -0.659341 0
    outer loop
      vertex 3.25275 2.49592 -1
      vertex 2.89914 2.89914 16
      vertex 2.89914 2.89914 -1
    endloop
  endfacet
  facet normal -0.751844 -0.659341 0
    outer loop
      vertex 2.89914 2.89914 16
      vertex 3.25275 2.49592 -1
      vertex 3.25275 2.49592 16
    endloop
  endfacet
  facet normal -0.195094 -0.980784 0
    outer loop
      vertex 0.7 4.03213 14
      vertex 0.535157 4.06492 16
      vertex 0.535157 4.06492 14
    endloop
  endfacet
  facet normal -0.195075 -0.980788 1.64431e-06
    outer loop
      vertex 0.535157 4.06492 16
      vertex 0.7 4.03213 14
      vertex 1.06116 3.9603 16
    endloop
  endfacet
  facet normal -0.19506 -0.980791 0
    outer loop
      vertex 0.825 4.00727 13.4289
      vertex 0.7 4.03213 14
      vertex 0.7 4.03213 13.4906
    endloop
  endfacet
  facet normal -0.195115 -0.98078 -1.2603e-05
    outer loop
      vertex 1.00446 3.97157 13.309
      vertex 0.7 4.03213 14
      vertex 0.825 4.00727 13.4289
    endloop
  endfacet
  facet normal -0.194866 -0.98083 0.000101468
    outer loop
      vertex 1.06116 3.9603 13.2593
      vertex 0.7 4.03213 14
      vertex 1.00446 3.97157 13.309
    endloop
  endfacet
  facet normal -0.195066 -0.98079 0
    outer loop
      vertex 0.7 4.03213 14
      vertex 1.06116 3.9603 13.2593
      vertex 1.06116 3.9603 16
    endloop
  endfacet
  facet normal -0.19506 -0.980791 0
    outer loop
      vertex 0.7 4.03213 7.49058
      vertex 0.825 4.00727 10.5711
      vertex 0.7 4.03213 10.5094
    endloop
  endfacet
  facet normal -0.19506 -0.980791 0
    outer loop
      vertex 0.825 4.00727 7.42894
      vertex 0.825 4.00727 10.5711
      vertex 0.7 4.03213 7.49058
    endloop
  endfacet
  facet normal -0.195107 -0.980782 -0
    outer loop
      vertex 0.825 4.00727 10.5711
      vertex 0.825 4.00727 7.42894
      vertex 1.00446 3.97157 10.691
    endloop
  endfacet
  facet normal -0.195107 -0.980782 0
    outer loop
      vertex 1.00446 3.97157 7.30903
      vertex 1.00446 3.97157 10.691
      vertex 0.825 4.00727 7.42894
    endloop
  endfacet
  facet normal -0.194952 -0.980813 -0
    outer loop
      vertex 1.00446 3.97157 10.691
      vertex 1.00446 3.97157 7.30903
      vertex 1.06116 3.9603 10.7407
    endloop
  endfacet
  facet normal -0.194952 -0.980813 -0
    outer loop
      vertex 1.06116 3.9603 10.7407
      vertex 1.00446 3.97157 7.30903
      vertex 1.06116 3.9603 7.25931
    endloop
  endfacet
  facet normal -0.751844 0.659341 0
    outer loop
      vertex 2.89914 -2.89914 -1
      vertex 3.25275 -2.49592 16
      vertex 3.25275 -2.49592 -1
    endloop
  endfacet
  facet normal -0.751844 0.659341 0
    outer loop
      vertex 3.25275 -2.49592 16
      vertex 2.89914 -2.89914 -1
      vertex 2.89914 -2.89914 16
    endloop
  endfacet
  facet normal 0.442299 0.896868 -0
    outer loop
      vertex -1.569 -3.78791 12.5
      vertex -2.05 -3.5507 16
      vertex -1.569 -3.78791 16
    endloop
  endfacet
  facet normal 0.442289 0.896873 -1.79529e-06
    outer loop
      vertex -1.59378 -3.77569 12.4271
      vertex -2.05 -3.5507 16
      vertex -1.569 -3.78791 12.5
    endloop
  endfacet
  facet normal 0.442383 0.896826 1.31089e-05
    outer loop
      vertex -1.63588 -3.75492 12.2154
      vertex -2.05 -3.5507 16
      vertex -1.59378 -3.77569 12.4271
    endloop
  endfacet
  facet normal 0.442226 0.896904 -8.24467e-06
    outer loop
      vertex -1.65 -3.74796 12
      vertex -2.05 -3.5507 16
      vertex -1.63588 -3.75492 12.2154
    endloop
  endfacet
  facet normal 0.442611 0.896714 3.96149e-05
    outer loop
      vertex -1.63588 -3.75492 11.7846
      vertex -2.05 -3.5507 16
      vertex -1.65 -3.74796 12
    endloop
  endfacet
  facet normal 0.442285 0.896875 -0
    outer loop
      vertex -1.569 -3.78791 6.50004
      vertex -1.59378 -3.77569 11.5729
      vertex -1.569 -3.78791 11.5
    endloop
  endfacet
  facet normal 0.442285 0.896875 -0
    outer loop
      vertex -1.59378 -3.77569 6.42705
      vertex -1.59378 -3.77569 11.5729
      vertex -1.569 -3.78791 6.50004
    endloop
  endfacet
  facet normal 0.442436 0.8968 0
    outer loop
      vertex -1.59378 -3.77569 11.5729
      vertex -1.59378 -3.77569 6.42705
      vertex -1.63588 -3.75492 11.7846
    endloop
  endfacet
  facet normal 0.442436 0.8968 -0
    outer loop
      vertex -1.63588 -3.75492 6.21537
      vertex -1.63588 -3.75492 11.7846
      vertex -1.59378 -3.77569 6.42705
    endloop
  endfacet
  facet normal 0.442286 0.896874 0
    outer loop
      vertex -1.63588 -3.75492 11.7846
      vertex -1.63588 -3.75492 6.21537
      vertex -2.05 -3.5507 16
    endloop
  endfacet
  facet normal 0.442188 0.896922 -5.17288e-06
    outer loop
      vertex -1.65 -3.74796 6
      vertex -2.05 -3.5507 16
      vertex -1.63588 -3.75492 6.21537
    endloop
  endfacet
  facet normal 0.442285 0.896875 -0
    outer loop
      vertex -1.569 -3.78791 0.500037
      vertex -1.59378 -3.77569 5.57295
      vertex -1.569 -3.78791 5.49996
    endloop
  endfacet
  facet normal 0.442285 0.896875 -0
    outer loop
      vertex -1.59378 -3.77569 0.427051
      vertex -1.59378 -3.77569 5.57295
      vertex -1.569 -3.78791 0.500037
    endloop
  endfacet
  facet normal 0.4423 0.896867 0
    outer loop
      vertex -2.05 -3.5507 -1
      vertex -1.59378 -3.77569 5.57295
      vertex -1.59378 -3.77569 0.427051
    endloop
  endfacet
  facet normal 0.442401 0.896818 -8.67378e-06
    outer loop
      vertex -1.59378 -3.77569 5.57295
      vertex -2.05 -3.5507 -1
      vertex -1.63588 -3.75492 5.78463
    endloop
  endfacet
  facet normal 0.442202 0.896915 6.35736e-06
    outer loop
      vertex -1.63588 -3.75492 5.78463
      vertex -2.05 -3.5507 -1
      vertex -1.65 -3.74796 6
    endloop
  endfacet
  facet normal 0.442077 0.896977 8.87352e-05
    outer loop
      vertex -2.05 -3.5507 -1
      vertex -1.59378 -3.77569 0.427051
      vertex -1.63588 -3.75492 0.215367
    endloop
  endfacet
  facet normal 0.442325 0.896855 -1.63266e-05
    outer loop
      vertex -2.05 -3.5507 -1
      vertex -1.63588 -3.75492 0.215367
      vertex -1.65 -3.74796 0
    endloop
  endfacet
  facet normal 0.442299 0.896868 0
    outer loop
      vertex -2.05 -3.5507 -1
      vertex -1.569 -3.78791 -0.500037
      vertex -1.569 -3.78791 -1
    endloop
  endfacet
  facet normal 0.442295 0.896869 4.60375e-06
    outer loop
      vertex -1.569 -3.78791 -0.500037
      vertex -2.05 -3.5507 -1
      vertex -1.59378 -3.77569 -0.427051
    endloop
  endfacet
  facet normal 0.442292 0.896871 0
    outer loop
      vertex -1.65 -3.74796 6
      vertex -2.05 -3.5507 -1
      vertex -2.05 -3.5507 16
    endloop
  endfacet
  facet normal 0.442268 0.896883 1.17286e-05
    outer loop
      vertex -1.63588 -3.75492 -0.215367
      vertex -2.05 -3.5507 -1
      vertex -1.65 -3.74796 0
    endloop
  endfacet
  facet normal 0.442327 0.896854 -2.68278e-05
    outer loop
      vertex -1.59378 -3.77569 -0.427051
      vertex -2.05 -3.5507 -1
      vertex -1.63588 -3.75492 -0.215367
    endloop
  endfacet
  facet normal 0.0654105 -0.997858 0
    outer loop
      vertex -0.535157 4.06492 14
      vertex 0 4.1 16
      vertex -0.535157 4.06492 16
    endloop
  endfacet
  facet normal 0.0654105 -0.997858 0
    outer loop
      vertex 0 4.1 16
      vertex -0.535157 4.06492 14
      vertex 0 4.1 14
    endloop
  endfacet
  facet normal 0.980788 -0.195075 0
    outer loop
      vertex -4.06492 0.535157 16
      vertex -3.9603 1.06116 -1
      vertex -3.9603 1.06116 16
    endloop
  endfacet
  facet normal 0.980788 -0.195075 0
    outer loop
      vertex -3.9603 1.06116 -1
      vertex -4.06492 0.535157 16
      vertex -4.06492 0.535157 -1
    endloop
  endfacet
  facet normal -0.0654105 0.997858 0
    outer loop
      vertex 0.535157 -4.06492 14
      vertex 0 -4.1 16
      vertex 0.535157 -4.06492 16
    endloop
  endfacet
  facet normal -0.0654105 0.997858 0
    outer loop
      vertex 0 -4.1 16
      vertex 0.535157 -4.06492 14
      vertex 0 -4.1 14
    endloop
  endfacet
  facet normal -0.442299 0.896868 0
    outer loop
      vertex 2.05 -3.5507 16
      vertex 1.569 -3.78791 12.5
      vertex 1.569 -3.78791 16
    endloop
  endfacet
  facet normal -0.442289 0.896873 -1.79529e-06
    outer loop
      vertex 2.05 -3.5507 16
      vertex 1.59378 -3.77569 12.4271
      vertex 1.569 -3.78791 12.5
    endloop
  endfacet
  facet normal -0.442383 0.896826 1.31089e-05
    outer loop
      vertex 2.05 -3.5507 16
      vertex 1.63588 -3.75492 12.2154
      vertex 1.59378 -3.77569 12.4271
    endloop
  endfacet
  facet normal -0.442226 0.896904 -8.24467e-06
    outer loop
      vertex 2.05 -3.5507 16
      vertex 1.65 -3.74796 12
      vertex 1.63588 -3.75492 12.2154
    endloop
  endfacet
  facet normal -0.442611 0.896714 3.96149e-05
    outer loop
      vertex 2.05 -3.5507 16
      vertex 1.63588 -3.75492 11.7846
      vertex 1.65 -3.74796 12
    endloop
  endfacet
  facet normal -0.442285 0.896875 0
    outer loop
      vertex 1.59378 -3.77569 11.5729
      vertex 1.569 -3.78791 6.50004
      vertex 1.569 -3.78791 11.5
    endloop
  endfacet
  facet normal -0.442436 0.8968 0
    outer loop
      vertex 1.59378 -3.77569 6.42705
      vertex 1.59378 -3.77569 11.5729
      vertex 1.63588 -3.75492 11.7846
    endloop
  endfacet
  facet normal -0.442286 0.896874 0
    outer loop
      vertex 1.63588 -3.75492 6.21537
      vertex 1.63588 -3.75492 11.7846
      vertex 2.05 -3.5507 16
    endloop
  endfacet
  facet normal -0.442285 0.896875 0
    outer loop
      vertex 1.59378 -3.77569 11.5729
      vertex 1.59378 -3.77569 6.42705
      vertex 1.569 -3.78791 6.50004
    endloop
  endfacet
  facet normal -0.442436 0.8968 0
    outer loop
      vertex 1.63588 -3.75492 11.7846
      vertex 1.63588 -3.75492 6.21537
      vertex 1.59378 -3.77569 6.42705
    endloop
  endfacet
  facet normal -0.442188 0.896922 -5.17288e-06
    outer loop
      vertex 2.05 -3.5507 16
      vertex 1.65 -3.74796 6
      vertex 1.63588 -3.75492 6.21537
    endloop
  endfacet
  facet normal -0.442285 0.896875 0
    outer loop
      vertex 1.59378 -3.77569 5.57295
      vertex 1.569 -3.78791 0.500037
      vertex 1.569 -3.78791 5.49996
    endloop
  endfacet
  facet normal -0.442401 0.896818 -8.67378e-06
    outer loop
      vertex 2.05 -3.5507 -1
      vertex 1.59378 -3.77569 5.57295
      vertex 1.63588 -3.75492 5.78463
    endloop
  endfacet
  facet normal -0.442202 0.896915 6.35736e-06
    outer loop
      vertex 2.05 -3.5507 -1
      vertex 1.63588 -3.75492 5.78463
      vertex 1.65 -3.74796 6
    endloop
  endfacet
  facet normal -0.442292 0.896871 0
    outer loop
      vertex 2.05 -3.5507 -1
      vertex 1.65 -3.74796 6
      vertex 2.05 -3.5507 16
    endloop
  endfacet
  facet normal -0.442285 0.896875 0
    outer loop
      vertex 1.59378 -3.77569 5.57295
      vertex 1.59378 -3.77569 0.427051
      vertex 1.569 -3.78791 0.500037
    endloop
  endfacet
  facet normal -0.4423 0.896867 0
    outer loop
      vertex 1.59378 -3.77569 5.57295
      vertex 2.05 -3.5507 -1
      vertex 1.59378 -3.77569 0.427051
    endloop
  endfacet
  facet normal -0.442077 0.896977 8.87352e-05
    outer loop
      vertex 1.59378 -3.77569 0.427051
      vertex 2.05 -3.5507 -1
      vertex 1.63588 -3.75492 0.215367
    endloop
  endfacet
  facet normal -0.442325 0.896855 -1.63266e-05
    outer loop
      vertex 1.63588 -3.75492 0.215367
      vertex 2.05 -3.5507 -1
      vertex 1.65 -3.74796 0
    endloop
  endfacet
  facet normal -0.442268 0.896883 1.17286e-05
    outer loop
      vertex 2.05 -3.5507 -1
      vertex 1.63588 -3.75492 -0.215367
      vertex 1.65 -3.74796 0
    endloop
  endfacet
  facet normal -0.442327 0.896854 -2.68278e-05
    outer loop
      vertex 2.05 -3.5507 -1
      vertex 1.59378 -3.77569 -0.427051
      vertex 1.63588 -3.75492 -0.215367
    endloop
  endfacet
  facet normal -0.442295 0.896869 4.60375e-06
    outer loop
      vertex 2.05 -3.5507 -1
      vertex 1.569 -3.78791 -0.500037
      vertex 1.59378 -3.77569 -0.427051
    endloop
  endfacet
  facet normal -0.442299 0.896868 0
    outer loop
      vertex 1.569 -3.78791 -0.500037
      vertex 2.05 -3.5507 -1
      vertex 1.569 -3.78791 -1
    endloop
  endfacet
  facet normal -0.659341 0.751844 0
    outer loop
      vertex 2.89914 -2.89914 -1
      vertex 2.49592 -3.25275 16
      vertex 2.89914 -2.89914 16
    endloop
  endfacet
  facet normal -0.659341 0.751844 0
    outer loop
      vertex 2.49592 -3.25275 16
      vertex 2.89914 -2.89914 -1
      vertex 2.49592 -3.25275 -1
    endloop
  endfacet
  facet normal 0.896868 0.442299 0
    outer loop
      vertex -3.5507 -2.05 16
      vertex -3.78791 -1.569 -1
      vertex -3.78791 -1.569 16
    endloop
  endfacet
  facet normal 0.896868 0.442299 0
    outer loop
      vertex -3.78791 -1.569 -1
      vertex -3.5507 -2.05 16
      vertex -3.5507 -2.05 -1
    endloop
  endfacet
  facet normal -0.896868 0.442299 0
    outer loop
      vertex 3.5507 -2.05 -1
      vertex 3.78791 -1.569 16
      vertex 3.78791 -1.569 -1
    endloop
  endfacet
  facet normal -0.896868 0.442299 0
    outer loop
      vertex 3.78791 -1.569 16
      vertex 3.5507 -2.05 -1
      vertex 3.5507 -2.05 16
    endloop
  endfacet
  facet normal -0.659341 -0.751844 0
    outer loop
      vertex 2.49592 3.25275 -1
      vertex 2.89914 2.89914 16
      vertex 2.49592 3.25275 16
    endloop
  endfacet
  facet normal -0.659341 -0.751844 -0
    outer loop
      vertex 2.89914 2.89914 16
      vertex 2.49592 3.25275 -1
      vertex 2.89914 2.89914 -1
    endloop
  endfacet
  facet normal -0.997858 0.0654105 0
    outer loop
      vertex 4.06492 -0.535157 -1
      vertex 4.1 0 16
      vertex 4.1 0 -1
    endloop
  endfacet
  facet normal -0.997858 0.0654105 0
    outer loop
      vertex 4.1 0 16
      vertex 4.06492 -0.535157 -1
      vertex 4.06492 -0.535157 16
    endloop
  endfacet
  facet normal 0.555565 0.831473 -0
    outer loop
      vertex -2.05 -3.5507 -1
      vertex -2.49592 -3.25275 16
      vertex -2.05 -3.5507 16
    endloop
  endfacet
  facet normal 0.555565 0.831473 0
    outer loop
      vertex -2.49592 -3.25275 16
      vertex -2.05 -3.5507 -1
      vertex -2.49592 -3.25275 -1
    endloop
  endfacet
  facet normal -0.896868 -0.442299 0
    outer loop
      vertex 3.78791 1.569 -1
      vertex 3.5507 2.05 16
      vertex 3.5507 2.05 -1
    endloop
  endfacet
  facet normal -0.896868 -0.442299 0
    outer loop
      vertex 3.5507 2.05 16
      vertex 3.78791 1.569 -1
      vertex 3.78791 1.569 16
    endloop
  endfacet
  facet normal -0.946929 -0.321442 0
    outer loop
      vertex 3.9603 1.06116 -1
      vertex 3.78791 1.569 16
      vertex 3.78791 1.569 -1
    endloop
  endfacet
  facet normal -0.946929 -0.321442 0
    outer loop
      vertex 3.78791 1.569 16
      vertex 3.9603 1.06116 -1
      vertex 3.9603 1.06116 16
    endloop
  endfacet
  facet normal 0 0 1
    outer loop
      vertex 4.06492 0.535157 -1
      vertex 4.06492 -0.535157 -1
      vertex 4.1 0 -1
    endloop
  endfacet
  facet normal 0 0 1
    outer loop
      vertex 3.9603 1.06116 -1
      vertex 4.06492 -0.535157 -1
      vertex 4.06492 0.535157 -1
    endloop
  endfacet
  facet normal 0 0 1
    outer loop
      vertex 3.9603 1.06116 -1
      vertex 3.9603 -1.06116 -1
      vertex 4.06492 -0.535157 -1
    endloop
  endfacet
  facet normal 0 0 1
    outer loop
      vertex 3.78791 1.569 -1
      vertex 3.9603 -1.06116 -1
      vertex 3.9603 1.06116 -1
    endloop
  endfacet
  facet normal 0 0 1
    outer loop
      vertex 3.78791 1.569 -1
      vertex 3.78791 -1.569 -1
      vertex 3.9603 -1.06116 -1
    endloop
  endfacet
  facet normal 0 0 1
    outer loop
      vertex 3.5507 2.05 -1
      vertex 3.78791 -1.569 -1
      vertex 3.78791 1.569 -1
    endloop
  endfacet
  facet normal 0 0 1
    outer loop
      vertex 3.5507 2.05 -1
      vertex 3.5507 -2.05 -1
      vertex 3.78791 -1.569 -1
    endloop
  endfacet
  facet normal 0 0 1
    outer loop
      vertex 3.25275 2.49592 -1
      vertex 3.5507 -2.05 -1
      vertex 3.5507 2.05 -1
    endloop
  endfacet
  facet normal 0 0 1
    outer loop
      vertex 3.25275 2.49592 -1
      vertex 3.25275 -2.49592 -1
      vertex 3.5507 -2.05 -1
    endloop
  endfacet
  facet normal 0 0 1
    outer loop
      vertex 2.89914 2.89914 -1
      vertex 3.25275 -2.49592 -1
      vertex 3.25275 2.49592 -1
    endloop
  endfacet
  facet normal 0 0 1
    outer loop
      vertex 2.89914 2.89914 -1
      vertex 2.89914 -2.89914 -1
      vertex 3.25275 -2.49592 -1
    endloop
  endfacet
  facet normal 0 0 1
    outer loop
      vertex 2.49592 3.25275 -1
      vertex 2.89914 -2.89914 -1
      vertex 2.89914 2.89914 -1
    endloop
  endfacet
  facet normal 0 0 1
    outer loop
      vertex 2.49592 3.25275 -1
      vertex 2.49592 -3.25275 -1
      vertex 2.89914 -2.89914 -1
    endloop
  endfacet
  facet normal 0 0 1
    outer loop
      vertex 1.31201 3.87514 -1
      vertex 2.49592 3.25275 -1
      vertex 2.05 3.5507 -1
    endloop
  endfacet
  facet normal 0 0 1
    outer loop
      vertex 2.49592 3.25275 -1
      vertex 1.31201 3.87514 -1
      vertex 2.49592 -3.25275 -1
    endloop
  endfacet
  facet normal 0 0 1
    outer loop
      vertex 1.31201 3.87514 -1
      vertex 2.05 3.5507 -1
      vertex 1.569 3.78791 -1
    endloop
  endfacet
  facet normal 0 0 1
    outer loop
      vertex 1.31201 -3.87514 -1
      vertex 2.49592 -3.25275 -1
      vertex 1.31201 3.87514 -1
    endloop
  endfacet
  facet normal 0 0 1
    outer loop
      vertex 2.49592 -3.25275 -1
      vertex 1.31201 -3.87514 -1
      vertex 2.05 -3.5507 -1
    endloop
  endfacet
  facet normal 0 0 1
    outer loop
      vertex 2.05 -3.5507 -1
      vertex 1.31201 -3.87514 -1
      vertex 1.569 -3.78791 -1
    endloop
  endfacet
  facet normal 0 0 1
    outer loop
      vertex -2.05 3.5507 -1
      vertex -1.31201 3.87514 -1
      vertex -1.569 3.78791 -1
    endloop
  endfacet
  facet normal 0 0 1
    outer loop
      vertex -2.49592 3.25275 -1
      vertex -1.31201 3.87514 -1
      vertex -2.05 3.5507 -1
    endloop
  endfacet
  facet normal 0 0 1
    outer loop
      vertex -1.31201 3.87514 -1
      vertex -2.49592 3.25275 -1
      vertex -1.31201 -3.87514 -1
    endloop
  endfacet
  facet normal 0 0 1
    outer loop
      vertex -1.31201 -3.87514 -1
      vertex -2.05 -3.5507 -1
      vertex -1.569 -3.78791 -1
    endloop
  endfacet
  facet normal -0 0 1
    outer loop
      vertex -2.49592 -3.25275 -1
      vertex -1.31201 -3.87514 -1
      vertex -2.49592 3.25275 -1
    endloop
  endfacet
  facet normal 0 0 1
    outer loop
      vertex -1.31201 -3.87514 -1
      vertex -2.49592 -3.25275 -1
      vertex -2.05 -3.5507 -1
    endloop
  endfacet
  facet normal -0 0 1
    outer loop
      vertex -2.89914 2.89914 -1
      vertex -2.49592 -3.25275 -1
      vertex -2.49592 3.25275 -1
    endloop
  endfacet
  facet normal 0 0 1
    outer loop
      vertex -2.89914 2.89914 -1
      vertex -2.89914 -2.89914 -1
      vertex -2.49592 -3.25275 -1
    endloop
  endfacet
  facet normal -0 0 1
    outer loop
      vertex -3.25275 2.49592 -1
      vertex -2.89914 -2.89914 -1
      vertex -2.89914 2.89914 -1
    endloop
  endfacet
  facet normal 0 0 1
    outer loop
      vertex -3.25275 2.49592 -1
      vertex -3.25275 -2.49592 -1
      vertex -2.89914 -2.89914 -1
    endloop
  endfacet
  facet normal -0 0 1
    outer loop
      vertex -3.5507 2.05 -1
      vertex -3.25275 -2.49592 -1
      vertex -3.25275 2.49592 -1
    endloop
  endfacet
  facet normal 0 0 1
    outer loop
      vertex -3.5507 2.05 -1
      vertex -3.5507 -2.05 -1
      vertex -3.25275 -2.49592 -1
    endloop
  endfacet
  facet normal -0 0 1
    outer loop
      vertex -3.78791 1.569 -1
      vertex -3.5507 -2.05 -1
      vertex -3.5507 2.05 -1
    endloop
  endfacet
  facet normal 0 0 1
    outer loop
      vertex -3.78791 1.569 -1
      vertex -3.78791 -1.569 -1
      vertex -3.5507 -2.05 -1
    endloop
  endfacet
  facet normal -0 0 1
    outer loop
      vertex -3.9603 1.06116 -1
      vertex -3.78791 -1.569 -1
      vertex -3.78791 1.569 -1
    endloop
  endfacet
  facet normal 0 0 1
    outer loop
      vertex -3.9603 1.06116 -1
      vertex -3.9603 -1.06116 -1
      vertex -3.78791 -1.569 -1
    endloop
  endfacet
  facet normal -0 0 1
    outer loop
      vertex -4.06492 0.535157 -1
      vertex -3.9603 -1.06116 -1
      vertex -3.9603 1.06116 -1
    endloop
  endfacet
  facet normal 0 0 1
    outer loop
      vertex -4.06492 0.535157 -1
      vertex -4.06492 -0.535157 -1
      vertex -3.9603 -1.06116 -1
    endloop
  endfacet
  facet normal 0 -0 1
    outer loop
      vertex -4.06492 -0.535157 -1
      vertex -4.06492 0.535157 -1
      vertex -4.1 0 -1
    endloop
  endfacet
  facet normal 0.980788 0.195075 0
    outer loop
      vertex -3.9603 -1.06116 16
      vertex -4.06492 -0.535157 -1
      vertex -4.06492 -0.535157 16
    endloop
  endfacet
  facet normal 0.980788 0.195075 0
    outer loop
      vertex -4.06492 -0.535157 -1
      vertex -3.9603 -1.06116 16
      vertex -3.9603 -1.06116 -1
    endloop
  endfacet
  facet normal 0.751844 0.659341 0
    outer loop
      vertex -2.89914 -2.89914 16
      vertex -3.25275 -2.49592 -1
      vertex -3.25275 -2.49592 16
    endloop
  endfacet
  facet normal 0.751844 0.659341 0
    outer loop
      vertex -3.25275 -2.49592 -1
      vertex -2.89914 -2.89914 16
      vertex -2.89914 -2.89914 -1
    endloop
  endfacet
  facet normal 0.195094 0.980784 0
    outer loop
      vertex -0.7 -4.03213 14
      vertex -0.535157 -4.06492 16
      vertex -0.535157 -4.06492 14
    endloop
  endfacet
  facet normal 0.195075 0.980788 1.64431e-06
    outer loop
      vertex -0.535157 -4.06492 16
      vertex -0.7 -4.03213 14
      vertex -1.06116 -3.9603 16
    endloop
  endfacet
  facet normal 0.19506 0.980791 0
    outer loop
      vertex -0.825 -4.00727 13.4289
      vertex -0.7 -4.03213 14
      vertex -0.7 -4.03213 13.4906
    endloop
  endfacet
  facet normal 0.195115 0.98078 -1.2603e-05
    outer loop
      vertex -1.00446 -3.97157 13.309
      vertex -0.7 -4.03213 14
      vertex -0.825 -4.00727 13.4289
    endloop
  endfacet
  facet normal 0.194866 0.98083 0.000101468
    outer loop
      vertex -1.06116 -3.9603 13.2593
      vertex -0.7 -4.03213 14
      vertex -1.00446 -3.97157 13.309
    endloop
  endfacet
  facet normal 0.195066 0.98079 0
    outer loop
      vertex -0.7 -4.03213 14
      vertex -1.06116 -3.9603 13.2593
      vertex -1.06116 -3.9603 16
    endloop
  endfacet
  facet normal 0.19506 0.980791 -0
    outer loop
      vertex -0.7 -4.03213 7.49058
      vertex -0.825 -4.00727 10.5711
      vertex -0.7 -4.03213 10.5094
    endloop
  endfacet
  facet normal 0.19506 0.980791 -0
    outer loop
      vertex -0.825 -4.00727 7.42894
      vertex -0.825 -4.00727 10.5711
      vertex -0.7 -4.03213 7.49058
    endloop
  endfacet
  facet normal 0.195107 0.980782 0
    outer loop
      vertex -0.825 -4.00727 10.5711
      vertex -0.825 -4.00727 7.42894
      vertex -1.00446 -3.97157 10.691
    endloop
  endfacet
  facet normal 0.195107 0.980782 -0
    outer loop
      vertex -1.00446 -3.97157 7.30903
      vertex -1.00446 -3.97157 10.691
      vertex -0.825 -4.00727 7.42894
    endloop
  endfacet
  facet normal 0.194952 0.980813 0
    outer loop
      vertex -1.00446 -3.97157 10.691
      vertex -1.00446 -3.97157 7.30903
      vertex -1.06116 -3.9603 10.7407
    endloop
  endfacet
  facet normal 0.194952 0.980813 0
    outer loop
      vertex -1.06116 -3.9603 10.7407
      vertex -1.00446 -3.97157 7.30903
      vertex -1.06116 -3.9603 7.25931
    endloop
  endfacet
  facet normal 0.831473 -0.555565 0
    outer loop
      vertex -3.5507 2.05 16
      vertex -3.25275 2.49592 -1
      vertex -3.25275 2.49592 16
    endloop
  endfacet
  facet normal 0.831473 -0.555565 0
    outer loop
      vertex -3.25275 2.49592 -1
      vertex -3.5507 2.05 16
      vertex -3.5507 2.05 -1
    endloop
  endfacet
  facet normal 0.0654105 0.997858 -0
    outer loop
      vertex 0 -4.1 14
      vertex -0.535157 -4.06492 16
      vertex 0 -4.1 16
    endloop
  endfacet
  facet normal 0.0654105 0.997858 0
    outer loop
      vertex -0.535157 -4.06492 16
      vertex 0 -4.1 14
      vertex -0.535157 -4.06492 14
    endloop
  endfacet
  facet normal -1 0 0
    outer loop
      vertex 0.7 -7.95412 1.49058
      vertex 0.7 -5.15 4.50941
      vertex 0.7 -5.15 1.49058
    endloop
  endfacet
  facet normal -1 -0 0
    outer loop
      vertex 0.7 -5.15 4.50941
      vertex 0.7 -7.95412 1.49058
      vertex 0.7 -7.95412 4.50941
    endloop
  endfacet
  facet normal -1 0 0
    outer loop
      vertex 0.7 5.15 1.49058
      vertex 0.7 7.95412 4.50941
      vertex 0.7 7.95412 1.49058
    endloop
  endfacet
  facet normal -1 -0 0
    outer loop
      vertex 0.7 7.95412 4.50941
      vertex 0.7 5.15 1.49058
      vertex 0.7 5.15 4.50941
    endloop
  endfacet
  facet normal -1 0 0
    outer loop
      vertex 0.7 -3.95 -2
      vertex 0.7 3.95 -1.49058
      vertex 0.7 3.95 -2
    endloop
  endfacet
  facet normal -1 -0 0
    outer loop
      vertex 0.7 3.95 -1.49058
      vertex 0.7 -3.95 -2
      vertex 0.7 -3.95 -1.49058
    endloop
  endfacet
  facet normal -1 0 0
    outer loop
      vertex 0.7 -7.95412 13.4906
      vertex 0.7 -4.03213 14
      vertex 0.7 -4.03213 13.4906
    endloop
  endfacet
  facet normal -1 -0 0
    outer loop
      vertex 0.7 -4.03213 14
      vertex 0.7 -7.95412 13.4906
      vertex 0.7 -7.95412 14
    endloop
  endfacet
  facet normal -1 0 0
    outer loop
      vertex 0.7 4.03213 13.4906
      vertex 0.7 7.95412 14
      vertex 0.7 7.95412 13.4906
    endloop
  endfacet
  facet normal -1 -0 0
    outer loop
      vertex 0.7 7.95412 14
      vertex 0.7 4.03213 13.4906
      vertex 0.7 4.03213 14
    endloop
  endfacet
  facet normal -1 0 0
    outer loop
      vertex 0.7 -7.95412 7.49058
      vertex 0.7 -4.03213 10.5094
      vertex 0.7 -4.03213 7.49058
    endloop
  endfacet
  facet normal -1 -0 0
    outer loop
      vertex 0.7 -4.03213 10.5094
      vertex 0.7 -7.95412 7.49058
      vertex 0.7 -7.95412 10.5094
    endloop
  endfacet
  facet normal -1 0 0
    outer loop
      vertex 0.7 4.03213 7.49058
      vertex 0.7 7.95412 10.5094
      vertex 0.7 7.95412 7.49058
    endloop
  endfacet
  facet normal -1 -0 0
    outer loop
      vertex 0.7 7.95412 10.5094
      vertex 0.7 4.03213 7.49058
      vertex 0.7 4.03213 10.5094
    endloop
  endfacet
  facet normal 0 0 -1
    outer loop
      vertex 0.535157 4.06492 14
      vertex 0.7 7.95412 14
      vertex 0.7 4.03213 14
    endloop
  endfacet
  facet normal 0 0 -1
    outer loop
      vertex 0 4.1 14
      vertex 0.7 7.95412 14
      vertex 0.535157 4.06492 14
    endloop
  endfacet
  facet normal 0 0 -1
    outer loop
      vertex 0 4.1 14
      vertex 0 8 14
      vertex 0.7 7.95412 14
    endloop
  endfacet
  facet normal 0 0 -1
    outer loop
      vertex -0.7 7.95412 14
      vertex 0 4.1 14
      vertex -0.535157 4.06492 14
    endloop
  endfacet
  facet normal 0 0 -1
    outer loop
      vertex -0.7 7.95412 14
      vertex -0.535157 4.06492 14
      vertex -0.7 4.03213 14
    endloop
  endfacet
  facet normal 0 0 -1
    outer loop
      vertex 0 4.1 14
      vertex -0.7 7.95412 14
      vertex 0 8 14
    endloop
  endfacet
  facet normal 0 0 -1
    outer loop
      vertex 0.7 -7.95412 14
      vertex 0.535157 -4.06492 14
      vertex 0.7 -4.03213 14
    endloop
  endfacet
  facet normal 0 0 -1
    outer loop
      vertex 0 -4.1 14
      vertex 0.7 -7.95412 14
      vertex 0 -8 14
    endloop
  endfacet
  facet normal 0 0 -1
    outer loop
      vertex 0.7 -7.95412 14
      vertex 0 -4.1 14
      vertex 0.535157 -4.06492 14
    endloop
  endfacet
  facet normal 0 0 -1
    outer loop
      vertex -0.7 -7.95412 14
      vertex 0 -4.1 14
      vertex 0 -8 14
    endloop
  endfacet
  facet normal -0 0 -1
    outer loop
      vertex 0 -4.1 14
      vertex -0.7 -7.95412 14
      vertex -0.535157 -4.06492 14
    endloop
  endfacet
  facet normal -0 0 -1
    outer loop
      vertex -0.535157 -4.06492 14
      vertex -0.7 -7.95412 14
      vertex -0.7 -4.03213 14
    endloop
  endfacet
  facet normal -0 0 1
    outer loop
      vertex -0.7 3.95 -2
      vertex 0.7 -3.95 -2
      vertex 0.7 3.95 -2
    endloop
  endfacet
  facet normal 0 0 1
    outer loop
      vertex 0.7 -3.95 -2
      vertex -0.7 3.95 -2
      vertex -0.7 -3.95 -2
    endloop
  endfacet
  facet normal 1 -0 0
    outer loop
      vertex -0.7 5.15 4.50941
      vertex -0.7 7.95412 1.49058
      vertex -0.7 7.95412 4.50941
    endloop
  endfacet
  facet normal 1 0 0
    outer loop
      vertex -0.7 7.95412 1.49058
      vertex -0.7 5.15 4.50941
      vertex -0.7 5.15 1.49058
    endloop
  endfacet
  facet normal 1 -0 0
    outer loop
      vertex -0.7 -7.95412 4.50941
      vertex -0.7 -5.15 1.49058
      vertex -0.7 -5.15 4.50941
    endloop
  endfacet
  facet normal 1 0 0
    outer loop
      vertex -0.7 -5.15 1.49058
      vertex -0.7 -7.95412 4.50941
      vertex -0.7 -7.95412 1.49058
    endloop
  endfacet
  facet normal 1 -0 0
    outer loop
      vertex -0.7 -3.95 -1.49058
      vertex -0.7 3.95 -2
      vertex -0.7 3.95 -1.49058
    endloop
  endfacet
  facet normal 1 0 0
    outer loop
      vertex -0.7 3.95 -2
      vertex -0.7 -3.95 -1.49058
      vertex -0.7 -3.95 -2
    endloop
  endfacet
  facet normal 1 -0 0
    outer loop
      vertex -0.7 4.03213 14
      vertex -0.7 7.95412 13.4906
      vertex -0.7 7.95412 14
    endloop
  endfacet
  facet normal 1 0 0
    outer loop
      vertex -0.7 7.95412 13.4906
      vertex -0.7 4.03213 14
      vertex -0.7 4.03213 13.4906
    endloop
  endfacet
  facet normal 1 -0 0
    outer loop
      vertex -0.7 -7.95412 14
      vertex -0.7 -4.03213 13.4906
      vertex -0.7 -4.03213 14
    endloop
  endfacet
  facet normal 1 0 0
    outer loop
      vertex -0.7 -4.03213 13.4906
      vertex -0.7 -7.95412 14
      vertex -0.7 -7.95412 13.4906
    endloop
  endfacet
  facet normal 1 -0 0
    outer loop
      vertex -0.7 -7.95412 10.5094
      vertex -0.7 -4.03213 7.49058
      vertex -0.7 -4.03213 10.5094
    endloop
  endfacet
  facet normal 1 0 0
    outer loop
      vertex -0.7 -4.03213 7.49058
      vertex -0.7 -7.95412 10.5094
      vertex -0.7 -7.95412 7.49058
    endloop
  endfacet
  facet normal 1 -0 0
    outer loop
      vertex -0.7 4.03213 10.5094
      vertex -0.7 7.95412 7.49058
      vertex -0.7 7.95412 10.5094
    endloop
  endfacet
  facet normal 1 0 0
    outer loop
      vertex -0.7 7.95412 7.49058
      vertex -0.7 4.03213 10.5094
      vertex -0.7 4.03213 7.49058
    endloop
  endfacet
  facet normal 0 0.442294 -0.89687
    outer loop
      vertex 17 -1.55 2.68468
      vertex 20.3 -1.18632 2.86403
      vertex 20.3 -1.55 2.68468
    endloop
  endfacet
  facet normal 0 0.442294 -0.89687
    outer loop
      vertex 20.3 -1.18632 2.86403
      vertex 17 -1.55 2.68468
      vertex 17 -1.18632 2.86403
    endloop
  endfacet
  facet normal 0 0.89687 0.442294
    outer loop
      vertex 20.3 -2.68468 -1.55
      vertex 17 -2.86403 -1.18632
      vertex 20.3 -2.86403 -1.18632
    endloop
  endfacet
  facet normal 0 0.89687 0.442294
    outer loop
      vertex 17 -2.86403 -1.18632
      vertex 20.3 -2.68468 -1.55
      vertex 17 -2.68468 -1.55
    endloop
  endfacet
  facet normal 0 -0.321431 0.946933
    outer loop
      vertex 17 1.18632 -2.86403
      vertex 20.3 0.802339 -2.99437
      vertex 20.3 1.18632 -2.86403
    endloop
  endfacet
  facet normal 0 -0.321431 0.946933
    outer loop
      vertex 20.3 0.802339 -2.99437
      vertex 17 1.18632 -2.86403
      vertex 17 0.802339 -2.99437
    endloop
  endfacet
  facet normal -0 0.65934 0.751844
    outer loop
      vertex 17 -1.88716 -2.45939
      vertex 20.3 -2.19203 -2.19203
      vertex 20.3 -1.88716 -2.45939
    endloop
  endfacet
  facet normal 0 0.65934 0.751844
    outer loop
      vertex 20.3 -2.19203 -2.19203
      vertex 17 -1.88716 -2.45939
      vertex 17 -2.19203 -2.19203
    endloop
  endfacet
  facet normal 0 -0.831462 0.555582
    outer loop
      vertex 17 2.45939 -1.88716
      vertex 20.3 2.68468 -1.55
      vertex 17 2.68468 -1.55
    endloop
  endfacet
  facet normal 0 -0.831462 0.555582
    outer loop
      vertex 20.3 2.68468 -1.55
      vertex 17 2.45939 -1.88716
      vertex 20.3 2.45939 -1.88716
    endloop
  endfacet
  facet normal -0 0.442294 0.89687
    outer loop
      vertex 17 -1.18632 -2.86403
      vertex 20.3 -1.55 -2.68468
      vertex 20.3 -1.18632 -2.86403
    endloop
  endfacet
  facet normal 0 0.442294 0.89687
    outer loop
      vertex 20.3 -1.55 -2.68468
      vertex 17 -1.18632 -2.86403
      vertex 17 -1.55 -2.68468
    endloop
  endfacet
  facet normal 0 0.946933 0.321431
    outer loop
      vertex 20.3 -2.86403 -1.18632
      vertex 17 -2.99437 -0.802339
      vertex 20.3 -2.99437 -0.802339
    endloop
  endfacet
  facet normal 0 0.946933 0.321431
    outer loop
      vertex 17 -2.99437 -0.802339
      vertex 20.3 -2.86403 -1.18632
      vertex 17 -2.86403 -1.18632
    endloop
  endfacet
  facet normal 0 -0.442294 0.89687
    outer loop
      vertex 17 1.55 -2.68468
      vertex 20.3 1.18632 -2.86403
      vertex 20.3 1.55 -2.68468
    endloop
  endfacet
  facet normal 0 -0.442294 0.89687
    outer loop
      vertex 20.3 1.18632 -2.86403
      vertex 17 1.55 -2.68468
      vertex 17 1.18632 -2.86403
    endloop
  endfacet
  facet normal 0 -0.980785 -0.195093
    outer loop
      vertex 17 3.07348 0.404631
      vertex 20.3 2.99437 0.802339
      vertex 17 2.99437 0.802339
    endloop
  endfacet
  facet normal 0 -0.980785 -0.195093
    outer loop
      vertex 20.3 2.99437 0.802339
      vertex 17 3.07348 0.404631
      vertex 20.3 3.07348 0.404631
    endloop
  endfacet
  facet normal 0 0.997859 -0.0654009
    outer loop
      vertex 20.3 -3.1 0
      vertex 17 -3.07348 0.404631
      vertex 20.3 -3.07348 0.404631
    endloop
  endfacet
  facet normal 0 0.997859 -0.0654009
    outer loop
      vertex 17 -3.07348 0.404631
      vertex 20.3 -3.1 0
      vertex 17 -3.1 0
    endloop
  endfacet
  facet normal 0 -0.0654009 0.997859
    outer loop
      vertex 17 0.404631 -3.07348
      vertex 20.3 0 -3.1
      vertex 20.3 0.404631 -3.07348
    endloop
  endfacet
  facet normal 0 -0.0654009 0.997859
    outer loop
      vertex 20.3 0 -3.1
      vertex 17 0.404631 -3.07348
      vertex 17 0 -3.1
    endloop
  endfacet
  facet normal 0 -0.831462 -0.555582
    outer loop
      vertex 17 2.68468 1.55
      vertex 20.3 2.45939 1.88716
      vertex 17 2.45939 1.88716
    endloop
  endfacet
  facet normal 0 -0.831462 -0.555582
    outer loop
      vertex 20.3 2.45939 1.88716
      vertex 17 2.68468 1.55
      vertex 20.3 2.68468 1.55
    endloop
  endfacet
  facet normal -0 0.321431 0.946933
    outer loop
      vertex 17 -0.802339 -2.99437
      vertex 20.3 -1.18632 -2.86403
      vertex 20.3 -0.802339 -2.99437
    endloop
  endfacet
  facet normal 0 0.321431 0.946933
    outer loop
      vertex 20.3 -1.18632 -2.86403
      vertex 17 -0.802339 -2.99437
      vertex 17 -1.18632 -2.86403
    endloop
  endfacet
  facet normal 0 0.555582 -0.831462
    outer loop
      vertex 17 -1.88716 2.45939
      vertex 20.3 -1.55 2.68468
      vertex 20.3 -1.88716 2.45939
    endloop
  endfacet
  facet normal 0 0.555582 -0.831462
    outer loop
      vertex 20.3 -1.55 2.68468
      vertex 17 -1.88716 2.45939
      vertex 17 -1.55 2.68468
    endloop
  endfacet
  facet normal 0 0.321431 -0.946933
    outer loop
      vertex 17 -1.18632 2.86403
      vertex 20.3 -0.802339 2.99437
      vertex 20.3 -1.18632 2.86403
    endloop
  endfacet
  facet normal 0 0.321431 -0.946933
    outer loop
      vertex 20.3 -0.802339 2.99437
      vertex 17 -1.18632 2.86403
      vertex 17 -0.802339 2.99437
    endloop
  endfacet
  facet normal 0 0.751844 -0.65934
    outer loop
      vertex 20.3 -2.45939 1.88716
      vertex 17 -2.19203 2.19203
      vertex 20.3 -2.19203 2.19203
    endloop
  endfacet
  facet normal 0 0.751844 -0.65934
    outer loop
      vertex 17 -2.19203 2.19203
      vertex 20.3 -2.45939 1.88716
      vertex 17 -2.45939 1.88716
    endloop
  endfacet
  facet normal 0 -0.946933 0.321431
    outer loop
      vertex 17 2.86403 -1.18632
      vertex 20.3 2.99437 -0.802339
      vertex 17 2.99437 -0.802339
    endloop
  endfacet
  facet normal 0 -0.946933 0.321431
    outer loop
      vertex 20.3 2.99437 -0.802339
      vertex 17 2.86403 -1.18632
      vertex 20.3 2.86403 -1.18632
    endloop
  endfacet
  facet normal 0 -0.751844 -0.65934
    outer loop
      vertex 17 2.45939 1.88716
      vertex 20.3 2.19203 2.19203
      vertex 17 2.19203 2.19203
    endloop
  endfacet
  facet normal 0 -0.751844 -0.65934
    outer loop
      vertex 20.3 2.19203 2.19203
      vertex 17 2.45939 1.88716
      vertex 20.3 2.45939 1.88716
    endloop
  endfacet
  facet normal -1 0 0
    outer loop
      vertex 20.3 3.07348 -0.404631
      vertex 20.3 3.07348 0.404631
      vertex 20.3 3.1 0
    endloop
  endfacet
  facet normal -1 0 0
    outer loop
      vertex 20.3 2.99437 -0.802339
      vertex 20.3 3.07348 0.404631
      vertex 20.3 3.07348 -0.404631
    endloop
  endfacet
  facet normal -1 0 0
    outer loop
      vertex 20.3 2.99437 -0.802339
      vertex 20.3 2.99437 0.802339
      vertex 20.3 3.07348 0.404631
    endloop
  endfacet
  facet normal -1 0 0
    outer loop
      vertex 20.3 2.86403 -1.18632
      vertex 20.3 2.99437 0.802339
      vertex 20.3 2.99437 -0.802339
    endloop
  endfacet
  facet normal -1 0 0
    outer loop
      vertex 20.3 2.86403 -1.18632
      vertex 20.3 2.86403 1.18632
      vertex 20.3 2.99437 0.802339
    endloop
  endfacet
  facet normal -1 0 0
    outer loop
      vertex 20.3 2.68468 -1.55
      vertex 20.3 2.86403 1.18632
      vertex 20.3 2.86403 -1.18632
    endloop
  endfacet
  facet normal -1 0 0
    outer loop
      vertex 20.3 2.68468 -1.55
      vertex 20.3 2.68468 1.55
      vertex 20.3 2.86403 1.18632
    endloop
  endfacet
  facet normal -1 0 0
    outer loop
      vertex 20.3 2.45939 -1.88716
      vertex 20.3 2.68468 1.55
      vertex 20.3 2.68468 -1.55
    endloop
  endfacet
  facet normal -1 0 0
    outer loop
      vertex 20.3 2.45939 -1.88716
      vertex 20.3 2.45939 1.88716
      vertex 20.3 2.68468 1.55
    endloop
  endfacet
  facet normal -1 0 0
    outer loop
      vertex 20.3 2.19203 -2.19203
      vertex 20.3 2.45939 1.88716
      vertex 20.3 2.45939 -1.88716
    endloop
  endfacet
  facet normal -1 0 0
    outer loop
      vertex 20.3 2.19203 -2.19203
      vertex 20.3 2.19203 2.19203
      vertex 20.3 2.45939 1.88716
    endloop
  endfacet
  facet normal -1 0 0
    outer loop
      vertex 20.3 1.88716 -2.45939
      vertex 20.3 2.19203 2.19203
      vertex 20.3 2.19203 -2.19203
    endloop
  endfacet
  facet normal -1 0 0
    outer loop
      vertex 20.3 1.88716 -2.45939
      vertex 20.3 1.88716 2.45939
      vertex 20.3 2.19203 2.19203
    endloop
  endfacet
  facet normal -1 0 0
    outer loop
      vertex 20.3 1.55 -2.68468
      vertex 20.3 1.88716 2.45939
      vertex 20.3 1.88716 -2.45939
    endloop
  endfacet
  facet normal -1 0 0
    outer loop
      vertex 20.3 1.55 -2.68468
      vertex 20.3 1.55 2.68468
      vertex 20.3 1.88716 2.45939
    endloop
  endfacet
  facet normal -1 0 0
    outer loop
      vertex 20.3 1.18632 -2.86403
      vertex 20.3 1.55 2.68468
      vertex 20.3 1.55 -2.68468
    endloop
  endfacet
  facet normal -1 0 0
    outer loop
      vertex 20.3 1.18632 -2.86403
      vertex 20.3 1.18632 2.86403
      vertex 20.3 1.55 2.68468
    endloop
  endfacet
  facet normal -1 0 0
    outer loop
      vertex 20.3 0.802339 -2.99437
      vertex 20.3 1.18632 2.86403
      vertex 20.3 1.18632 -2.86403
    endloop
  endfacet
  facet normal -1 0 0
    outer loop
      vertex 20.3 0.802339 -2.99437
      vertex 20.3 0.802339 2.99437
      vertex 20.3 1.18632 2.86403
    endloop
  endfacet
  facet normal -1 0 0
    outer loop
      vertex 20.3 0.404631 -3.07348
      vertex 20.3 0.802339 2.99437
      vertex 20.3 0.802339 -2.99437
    endloop
  endfacet
  facet normal -1 0 0
    outer loop
      vertex 20.3 0.404631 -3.07348
      vertex 20.3 0.404631 3.07348
      vertex 20.3 0.802339 2.99437
    endloop
  endfacet
  facet normal -1 0 0
    outer loop
      vertex 20.3 0 -3.1
      vertex 20.3 0.404631 3.07348
      vertex 20.3 0.404631 -3.07348
    endloop
  endfacet
  facet normal -1 0 0
    outer loop
      vertex 20.3 0 -3.1
      vertex 20.3 0 3.1
      vertex 20.3 0.404631 3.07348
    endloop
  endfacet
  facet normal -1 0 0
    outer loop
      vertex 20.3 -0.404631 -3.07348
      vertex 20.3 0 3.1
      vertex 20.3 0 -3.1
    endloop
  endfacet
  facet normal -1 0 0
    outer loop
      vertex 20.3 -0.404631 -3.07348
      vertex 20.3 -0.404631 3.07348
      vertex 20.3 0 3.1
    endloop
  endfacet
  facet normal -1 0 0
    outer loop
      vertex 20.3 -0.802339 -2.99437
      vertex 20.3 -0.404631 3.07348
      vertex 20.3 -0.404631 -3.07348
    endloop
  endfacet
  facet normal -1 0 0
    outer loop
      vertex 20.3 -0.802339 -2.99437
      vertex 20.3 -0.802339 2.99437
      vertex 20.3 -0.404631 3.07348
    endloop
  endfacet
  facet normal -1 0 0
    outer loop
      vertex 20.3 -1.18632 -2.86403
      vertex 20.3 -0.802339 2.99437
      vertex 20.3 -0.802339 -2.99437
    endloop
  endfacet
  facet normal -1 0 0
    outer loop
      vertex 20.3 -1.18632 -2.86403
      vertex 20.3 -1.18632 2.86403
      vertex 20.3 -0.802339 2.99437
    endloop
  endfacet
  facet normal -1 0 0
    outer loop
      vertex 20.3 -1.55 -2.68468
      vertex 20.3 -1.18632 2.86403
      vertex 20.3 -1.18632 -2.86403
    endloop
  endfacet
  facet normal -1 0 0
    outer loop
      vertex 20.3 -1.55 -2.68468
      vertex 20.3 -1.55 2.68468
      vertex 20.3 -1.18632 2.86403
    endloop
  endfacet
  facet normal -1 0 0
    outer loop
      vertex 20.3 -1.88716 -2.45939
      vertex 20.3 -1.55 2.68468
      vertex 20.3 -1.55 -2.68468
    endloop
  endfacet
  facet normal -1 0 0
    outer loop
      vertex 20.3 -1.88716 -2.45939
      vertex 20.3 -1.88716 2.45939
      vertex 20.3 -1.55 2.68468
    endloop
  endfacet
  facet normal -1 0 0
    outer loop
      vertex 20.3 -2.19203 -2.19203
      vertex 20.3 -1.88716 2.45939
      vertex 20.3 -1.88716 -2.45939
    endloop
  endfacet
  facet normal -1 0 0
    outer loop
      vertex 20.3 -2.19203 -2.19203
      vertex 20.3 -2.19203 2.19203
      vertex 20.3 -1.88716 2.45939
    endloop
  endfacet
  facet normal -1 0 0
    outer loop
      vertex 20.3 -2.45939 -1.88716
      vertex 20.3 -2.19203 2.19203
      vertex 20.3 -2.19203 -2.19203
    endloop
  endfacet
  facet normal -1 0 0
    outer loop
      vertex 20.3 -2.45939 -1.88716
      vertex 20.3 -2.45939 1.88716
      vertex 20.3 -2.19203 2.19203
    endloop
  endfacet
  facet normal -1 0 0
    outer loop
      vertex 20.3 -2.68468 -1.55
      vertex 20.3 -2.45939 1.88716
      vertex 20.3 -2.45939 -1.88716
    endloop
  endfacet
  facet normal -1 0 0
    outer loop
      vertex 20.3 -2.68468 -1.55
      vertex 20.3 -2.68468 1.55
      vertex 20.3 -2.45939 1.88716
    endloop
  endfacet
  facet normal -1 0 0
    outer loop
      vertex 20.3 -2.86403 -1.18632
      vertex 20.3 -2.68468 1.55
      vertex 20.3 -2.68468 -1.55
    endloop
  endfacet
  facet normal -1 0 0
    outer loop
      vertex 20.3 -2.86403 -1.18632
      vertex 20.3 -2.86403 1.18632
      vertex 20.3 -2.68468 1.55
    endloop
  endfacet
  facet normal -1 0 0
    outer loop
      vertex 20.3 -2.99437 -0.802339
      vertex 20.3 -2.86403 1.18632
      vertex 20.3 -2.86403 -1.18632
    endloop
  endfacet
  facet normal -1 0 0
    outer loop
      vertex 20.3 -2.99437 -0.802339
      vertex 20.3 -2.99437 0.802339
      vertex 20.3 -2.86403 1.18632
    endloop
  endfacet
  facet normal -1 0 0
    outer loop
      vertex 20.3 -3.07348 -0.404631
      vertex 20.3 -2.99437 0.802339
      vertex 20.3 -2.99437 -0.802339
    endloop
  endfacet
  facet normal -1 0 0
    outer loop
      vertex 20.3 -3.07348 -0.404631
      vertex 20.3 -3.07348 0.404631
      vertex 20.3 -2.99437 0.802339
    endloop
  endfacet
  facet normal -1 0 -0
    outer loop
      vertex 20.3 -3.07348 0.404631
      vertex 20.3 -3.07348 -0.404631
      vertex 20.3 -3.1 0
    endloop
  endfacet
  facet normal 0 -0.321431 -0.946933
    outer loop
      vertex 17 0.802339 2.99437
      vertex 20.3 1.18632 2.86403
      vertex 20.3 0.802339 2.99437
    endloop
  endfacet
  facet normal -0 -0.321431 -0.946933
    outer loop
      vertex 20.3 1.18632 2.86403
      vertex 17 0.802339 2.99437
      vertex 17 1.18632 2.86403
    endloop
  endfacet
  facet normal 0 -0.89687 -0.442294
    outer loop
      vertex 17 2.86403 1.18632
      vertex 20.3 2.68468 1.55
      vertex 17 2.68468 1.55
    endloop
  endfacet
  facet normal 0 -0.89687 -0.442294
    outer loop
      vertex 20.3 2.68468 1.55
      vertex 17 2.86403 1.18632
      vertex 20.3 2.86403 1.18632
    endloop
  endfacet
  facet normal 0 -0.195093 -0.980785
    outer loop
      vertex 17 0.404631 3.07348
      vertex 20.3 0.802339 2.99437
      vertex 20.3 0.404631 3.07348
    endloop
  endfacet
  facet normal -0 -0.195093 -0.980785
    outer loop
      vertex 20.3 0.802339 2.99437
      vertex 17 0.404631 3.07348
      vertex 17 0.802339 2.99437
    endloop
  endfacet
  facet normal 0 -0.946933 -0.321431
    outer loop
      vertex 17 2.99437 0.802339
      vertex 20.3 2.86403 1.18632
      vertex 17 2.86403 1.18632
    endloop
  endfacet
  facet normal 0 -0.946933 -0.321431
    outer loop
      vertex 20.3 2.86403 1.18632
      vertex 17 2.99437 0.802339
      vertex 20.3 2.99437 0.802339
    endloop
  endfacet
  facet normal 0 0.751844 0.65934
    outer loop
      vertex 20.3 -2.19203 -2.19203
      vertex 17 -2.45939 -1.88716
      vertex 20.3 -2.45939 -1.88716
    endloop
  endfacet
  facet normal 0 0.751844 0.65934
    outer loop
      vertex 17 -2.45939 -1.88716
      vertex 20.3 -2.19203 -2.19203
      vertex 17 -2.19203 -2.19203
    endloop
  endfacet
  facet normal 0 -0.555582 0.831462
    outer loop
      vertex 17 1.88716 -2.45939
      vertex 20.3 1.55 -2.68468
      vertex 20.3 1.88716 -2.45939
    endloop
  endfacet
  facet normal 0 -0.555582 0.831462
    outer loop
      vertex 20.3 1.55 -2.68468
      vertex 17 1.88716 -2.45939
      vertex 17 1.55 -2.68468
    endloop
  endfacet
  facet normal 0 0.980785 0.195093
    outer loop
      vertex 20.3 -2.99437 -0.802339
      vertex 17 -3.07348 -0.404631
      vertex 20.3 -3.07348 -0.404631
    endloop
  endfacet
  facet normal 0 0.980785 0.195093
    outer loop
      vertex 17 -3.07348 -0.404631
      vertex 20.3 -2.99437 -0.802339
      vertex 17 -2.99437 -0.802339
    endloop
  endfacet
  facet normal 0 0.195093 -0.980785
    outer loop
      vertex 17 -0.802339 2.99437
      vertex 20.3 -0.404631 3.07348
      vertex 20.3 -0.802339 2.99437
    endloop
  endfacet
  facet normal 0 0.195093 -0.980785
    outer loop
      vertex 20.3 -0.404631 3.07348
      vertex 17 -0.802339 2.99437
      vertex 17 -0.404631 3.07348
    endloop
  endfacet
  facet normal 0 -0.65934 -0.751844
    outer loop
      vertex 17 1.88716 2.45939
      vertex 20.3 2.19203 2.19203
      vertex 20.3 1.88716 2.45939
    endloop
  endfacet
  facet normal -0 -0.65934 -0.751844
    outer loop
      vertex 20.3 2.19203 2.19203
      vertex 17 1.88716 2.45939
      vertex 17 2.19203 2.19203
    endloop
  endfacet
  facet normal -0 0.0654009 0.997859
    outer loop
      vertex 17 0 -3.1
      vertex 20.3 -0.404631 -3.07348
      vertex 20.3 0 -3.1
    endloop
  endfacet
  facet normal 0 0.0654009 0.997859
    outer loop
      vertex 20.3 -0.404631 -3.07348
      vertex 17 0 -3.1
      vertex 17 -0.404631 -3.07348
    endloop
  endfacet
  facet normal -0 0.195093 0.980785
    outer loop
      vertex 17 -0.404631 -3.07348
      vertex 20.3 -0.802339 -2.99437
      vertex 20.3 -0.404631 -3.07348
    endloop
  endfacet
  facet normal 0 0.195093 0.980785
    outer loop
      vertex 20.3 -0.802339 -2.99437
      vertex 17 -0.404631 -3.07348
      vertex 17 -0.802339 -2.99437
    endloop
  endfacet
  facet normal 0 0.831462 0.555582
    outer loop
      vertex 20.3 -2.45939 -1.88716
      vertex 17 -2.68468 -1.55
      vertex 20.3 -2.68468 -1.55
    endloop
  endfacet
  facet normal 0 0.831462 0.555582
    outer loop
      vertex 17 -2.68468 -1.55
      vertex 20.3 -2.45939 -1.88716
      vertex 17 -2.45939 -1.88716
    endloop
  endfacet
  facet normal 0 -0.65934 0.751844
    outer loop
      vertex 17 2.19203 -2.19203
      vertex 20.3 1.88716 -2.45939
      vertex 20.3 2.19203 -2.19203
    endloop
  endfacet
  facet normal 0 -0.65934 0.751844
    outer loop
      vertex 20.3 1.88716 -2.45939
      vertex 17 2.19203 -2.19203
      vertex 17 1.88716 -2.45939
    endloop
  endfacet
  facet normal 0 -0.997859 0.0654009
    outer loop
      vertex 17 3.07348 -0.404631
      vertex 20.3 3.1 0
      vertex 17 3.1 0
    endloop
  endfacet
  facet normal 0 -0.997859 0.0654009
    outer loop
      vertex 20.3 3.1 0
      vertex 17 3.07348 -0.404631
      vertex 20.3 3.07348 -0.404631
    endloop
  endfacet
  facet normal 0 -0.751844 0.65934
    outer loop
      vertex 17 2.19203 -2.19203
      vertex 20.3 2.45939 -1.88716
      vertex 17 2.45939 -1.88716
    endloop
  endfacet
  facet normal 0 -0.751844 0.65934
    outer loop
      vertex 20.3 2.45939 -1.88716
      vertex 17 2.19203 -2.19203
      vertex 20.3 2.19203 -2.19203
    endloop
  endfacet
  facet normal 0 -0.195093 0.980785
    outer loop
      vertex 17 0.802339 -2.99437
      vertex 20.3 0.404631 -3.07348
      vertex 20.3 0.802339 -2.99437
    endloop
  endfacet
  facet normal 0 -0.195093 0.980785
    outer loop
      vertex 20.3 0.404631 -3.07348
      vertex 17 0.802339 -2.99437
      vertex 17 0.404631 -3.07348
    endloop
  endfacet
  facet normal 0 0.65934 -0.751844
    outer loop
      vertex 17 -2.19203 2.19203
      vertex 20.3 -1.88716 2.45939
      vertex 20.3 -2.19203 2.19203
    endloop
  endfacet
  facet normal 0 0.65934 -0.751844
    outer loop
      vertex 20.3 -1.88716 2.45939
      vertex 17 -2.19203 2.19203
      vertex 17 -1.88716 2.45939
    endloop
  endfacet
  facet normal 0 0.0654009 -0.997859
    outer loop
      vertex 17 -0.404631 3.07348
      vertex 20.3 0 3.1
      vertex 20.3 -0.404631 3.07348
    endloop
  endfacet
  facet normal 0 0.0654009 -0.997859
    outer loop
      vertex 20.3 0 3.1
      vertex 17 -0.404631 3.07348
      vertex 17 0 3.1
    endloop
  endfacet
  facet normal -0 0.555582 0.831462
    outer loop
      vertex 17 -1.55 -2.68468
      vertex 20.3 -1.88716 -2.45939
      vertex 20.3 -1.55 -2.68468
    endloop
  endfacet
  facet normal 0 0.555582 0.831462
    outer loop
      vertex 20.3 -1.88716 -2.45939
      vertex 17 -1.55 -2.68468
      vertex 17 -1.88716 -2.45939
    endloop
  endfacet
  facet normal 0 -0.0654009 -0.997859
    outer loop
      vertex 17 0 3.1
      vertex 20.3 0.404631 3.07348
      vertex 20.3 0 3.1
    endloop
  endfacet
  facet normal -0 -0.0654009 -0.997859
    outer loop
      vertex 20.3 0.404631 3.07348
      vertex 17 0 3.1
      vertex 17 0.404631 3.07348
    endloop
  endfacet
  facet normal 0 -0.980785 0.195093
    outer loop
      vertex 17 2.99437 -0.802339
      vertex 20.3 3.07348 -0.404631
      vertex 17 3.07348 -0.404631
    endloop
  endfacet
  facet normal 0 -0.980785 0.195093
    outer loop
      vertex 20.3 3.07348 -0.404631
      vertex 17 2.99437 -0.802339
      vertex 20.3 2.99437 -0.802339
    endloop
  endfacet
  facet normal 0 0.89687 -0.442294
    outer loop
      vertex 20.3 -2.86403 1.18632
      vertex 17 -2.68468 1.55
      vertex 20.3 -2.68468 1.55
    endloop
  endfacet
  facet normal 0 0.89687 -0.442294
    outer loop
      vertex 17 -2.68468 1.55
      vertex 20.3 -2.86403 1.18632
      vertex 17 -2.86403 1.18632
    endloop
  endfacet
  facet normal 0 -0.89687 0.442294
    outer loop
      vertex 17 2.68468 -1.55
      vertex 20.3 2.86403 -1.18632
      vertex 17 2.86403 -1.18632
    endloop
  endfacet
  facet normal 0 -0.89687 0.442294
    outer loop
      vertex 20.3 2.86403 -1.18632
      vertex 17 2.68468 -1.55
      vertex 20.3 2.68468 -1.55
    endloop
  endfacet
  facet normal 0 0.980785 -0.195093
    outer loop
      vertex 20.3 -3.07348 0.404631
      vertex 17 -2.99437 0.802339
      vertex 20.3 -2.99437 0.802339
    endloop
  endfacet
  facet normal 0 0.980785 -0.195093
    outer loop
      vertex 17 -2.99437 0.802339
      vertex 20.3 -3.07348 0.404631
      vertex 17 -3.07348 0.404631
    endloop
  endfacet
  facet normal 0 0.997859 0.0654009
    outer loop
      vertex 20.3 -3.07348 -0.404631
      vertex 17 -3.1 0
      vertex 20.3 -3.1 0
    endloop
  endfacet
  facet normal 0 0.997859 0.0654009
    outer loop
      vertex 17 -3.1 0
      vertex 20.3 -3.07348 -0.404631
      vertex 17 -3.07348 -0.404631
    endloop
  endfacet
  facet normal 1 0 0
    outer loop
      vertex 17 3.07348 0.404631
      vertex 17 3.07348 -0.404631
      vertex 17 3.1 0
    endloop
  endfacet
  facet normal 1 0 0
    outer loop
      vertex 17 2.99437 0.802339
      vertex 17 3.07348 -0.404631
      vertex 17 3.07348 0.404631
    endloop
  endfacet
  facet normal 1 0 0
    outer loop
      vertex 17 2.99437 0.802339
      vertex 17 2.99437 -0.802339
      vertex 17 3.07348 -0.404631
    endloop
  endfacet
  facet normal 1 0 0
    outer loop
      vertex 17 2.86403 1.18632
      vertex 17 2.99437 -0.802339
      vertex 17 2.99437 0.802339
    endloop
  endfacet
  facet normal 1 0 0
    outer loop
      vertex 17 2.86403 1.18632
      vertex 17 2.86403 -1.18632
      vertex 17 2.99437 -0.802339
    endloop
  endfacet
  facet normal 1 0 0
    outer loop
      vertex 17 2.68468 1.55
      vertex 17 2.86403 -1.18632
      vertex 17 2.86403 1.18632
    endloop
  endfacet
  facet normal 1 0 0
    outer loop
      vertex 17 2.68468 1.55
      vertex 17 2.68468 -1.55
      vertex 17 2.86403 -1.18632
    endloop
  endfacet
  facet normal 1 0 0
    outer loop
      vertex 17 2.45939 1.88716
      vertex 17 2.68468 -1.55
      vertex 17 2.68468 1.55
    endloop
  endfacet
  facet normal 1 0 0
    outer loop
      vertex 17 2.45939 1.88716
      vertex 17 2.45939 -1.88716
      vertex 17 2.68468 -1.55
    endloop
  endfacet
  facet normal 1 0 0
    outer loop
      vertex 17 2.19203 2.19203
      vertex 17 2.45939 -1.88716
      vertex 17 2.45939 1.88716
    endloop
  endfacet
  facet normal 1 0 0
    outer loop
      vertex 17 2.19203 2.19203
      vertex 17 2.19203 -2.19203
      vertex 17 2.45939 -1.88716
    endloop
  endfacet
  facet normal 1 0 0
    outer loop
      vertex 17 1.88716 2.45939
      vertex 17 2.19203 -2.19203
      vertex 17 2.19203 2.19203
    endloop
  endfacet
  facet normal 1 0 0
    outer loop
      vertex 17 1.88716 2.45939
      vertex 17 1.88716 -2.45939
      vertex 17 2.19203 -2.19203
    endloop
  endfacet
  facet normal 1 0 0
    outer loop
      vertex 17 1.55 2.68468
      vertex 17 1.88716 -2.45939
      vertex 17 1.88716 2.45939
    endloop
  endfacet
  facet normal 1 0 0
    outer loop
      vertex 17 1.55 2.68468
      vertex 17 1.55 -2.68468
      vertex 17 1.88716 -2.45939
    endloop
  endfacet
  facet normal 1 0 0
    outer loop
      vertex 17 1.18632 2.86403
      vertex 17 1.55 -2.68468
      vertex 17 1.55 2.68468
    endloop
  endfacet
  facet normal 1 0 0
    outer loop
      vertex 17 1.18632 2.86403
      vertex 17 1.18632 -2.86403
      vertex 17 1.55 -2.68468
    endloop
  endfacet
  facet normal 1 0 0
    outer loop
      vertex 17 0.802339 2.99437
      vertex 17 1.18632 -2.86403
      vertex 17 1.18632 2.86403
    endloop
  endfacet
  facet normal 1 0 0
    outer loop
      vertex 17 0.802339 2.99437
      vertex 17 0.802339 -2.99437
      vertex 17 1.18632 -2.86403
    endloop
  endfacet
  facet normal 1 0 0
    outer loop
      vertex 17 0.404631 3.07348
      vertex 17 0.802339 -2.99437
      vertex 17 0.802339 2.99437
    endloop
  endfacet
  facet normal 1 0 0
    outer loop
      vertex 17 0.404631 3.07348
      vertex 17 0.404631 -3.07348
      vertex 17 0.802339 -2.99437
    endloop
  endfacet
  facet normal 1 0 0
    outer loop
      vertex 17 0 3.1
      vertex 17 0.404631 -3.07348
      vertex 17 0.404631 3.07348
    endloop
  endfacet
  facet normal 1 0 0
    outer loop
      vertex 17 0 3.1
      vertex 17 0 -3.1
      vertex 17 0.404631 -3.07348
    endloop
  endfacet
  facet normal 1 -0 0
    outer loop
      vertex 17 -0.404631 3.07348
      vertex 17 0 -3.1
      vertex 17 0 3.1
    endloop
  endfacet
  facet normal 1 0 0
    outer loop
      vertex 17 -0.404631 3.07348
      vertex 17 -0.404631 -3.07348
      vertex 17 0 -3.1
    endloop
  endfacet
  facet normal 1 -0 0
    outer loop
      vertex 17 -0.802339 2.99437
      vertex 17 -0.404631 -3.07348
      vertex 17 -0.404631 3.07348
    endloop
  endfacet
  facet normal 1 0 0
    outer loop
      vertex 17 -0.802339 2.99437
      vertex 17 -0.802339 -2.99437
      vertex 17 -0.404631 -3.07348
    endloop
  endfacet
  facet normal 1 -0 0
    outer loop
      vertex 17 -1.18632 2.86403
      vertex 17 -0.802339 -2.99437
      vertex 17 -0.802339 2.99437
    endloop
  endfacet
  facet normal 1 0 0
    outer loop
      vertex 17 -1.18632 2.86403
      vertex 17 -1.18632 -2.86403
      vertex 17 -0.802339 -2.99437
    endloop
  endfacet
  facet normal 1 -0 0
    outer loop
      vertex 17 -1.55 2.68468
      vertex 17 -1.18632 -2.86403
      vertex 17 -1.18632 2.86403
    endloop
  endfacet
  facet normal 1 0 0
    outer loop
      vertex 17 -1.55 2.68468
      vertex 17 -1.55 -2.68468
      vertex 17 -1.18632 -2.86403
    endloop
  endfacet
  facet normal 1 -0 0
    outer loop
      vertex 17 -1.88716 2.45939
      vertex 17 -1.55 -2.68468
      vertex 17 -1.55 2.68468
    endloop
  endfacet
  facet normal 1 0 0
    outer loop
      vertex 17 -1.88716 2.45939
      vertex 17 -1.88716 -2.45939
      vertex 17 -1.55 -2.68468
    endloop
  endfacet
  facet normal 1 -0 0
    outer loop
      vertex 17 -2.19203 2.19203
      vertex 17 -1.88716 -2.45939
      vertex 17 -1.88716 2.45939
    endloop
  endfacet
  facet normal 1 0 0
    outer loop
      vertex 17 -2.19203 2.19203
      vertex 17 -2.19203 -2.19203
      vertex 17 -1.88716 -2.45939
    endloop
  endfacet
  facet normal 1 -0 0
    outer loop
      vertex 17 -2.45939 1.88716
      vertex 17 -2.19203 -2.19203
      vertex 17 -2.19203 2.19203
    endloop
  endfacet
  facet normal 1 0 0
    outer loop
      vertex 17 -2.45939 1.88716
      vertex 17 -2.45939 -1.88716
      vertex 17 -2.19203 -2.19203
    endloop
  endfacet
  facet normal 1 -0 0
    outer loop
      vertex 17 -2.68468 1.55
      vertex 17 -2.45939 -1.88716
      vertex 17 -2.45939 1.88716
    endloop
  endfacet
  facet normal 1 0 0
    outer loop
      vertex 17 -2.68468 1.55
      vertex 17 -2.68468 -1.55
      vertex 17 -2.45939 -1.88716
    endloop
  endfacet
  facet normal 1 -0 0
    outer loop
      vertex 17 -2.86403 1.18632
      vertex 17 -2.68468 -1.55
      vertex 17 -2.68468 1.55
    endloop
  endfacet
  facet normal 1 0 0
    outer loop
      vertex 17 -2.86403 1.18632
      vertex 17 -2.86403 -1.18632
      vertex 17 -2.68468 -1.55
    endloop
  endfacet
  facet normal 1 -0 0
    outer loop
      vertex 17 -2.99437 0.802339
      vertex 17 -2.86403 -1.18632
      vertex 17 -2.86403 1.18632
    endloop
  endfacet
  facet normal 1 0 0
    outer loop
      vertex 17 -2.99437 0.802339
      vertex 17 -2.99437 -0.802339
      vertex 17 -2.86403 -1.18632
    endloop
  endfacet
  facet normal 1 -0 0
    outer loop
      vertex 17 -3.07348 0.404631
      vertex 17 -2.99437 -0.802339
      vertex 17 -2.99437 0.802339
    endloop
  endfacet
  facet normal 1 0 0
    outer loop
      vertex 17 -3.07348 0.404631
      vertex 17 -3.07348 -0.404631
      vertex 17 -2.99437 -0.802339
    endloop
  endfacet
  facet normal 1 0 -0
    outer loop
      vertex 17 -3.07348 -0.404631
      vertex 17 -3.07348 0.404631
      vertex 17 -3.1 0
    endloop
  endfacet
  facet normal 0 -0.997859 -0.0654009
    outer loop
      vertex 17 3.1 0
      vertex 20.3 3.07348 0.404631
      vertex 17 3.07348 0.404631
    endloop
  endfacet
  facet normal 0 -0.997859 -0.0654009
    outer loop
      vertex 20.3 3.07348 0.404631
      vertex 17 3.1 0
      vertex 20.3 3.1 0
    endloop
  endfacet
  facet normal 0 -0.442294 -0.89687
    outer loop
      vertex 17 1.18632 2.86403
      vertex 20.3 1.55 2.68468
      vertex 20.3 1.18632 2.86403
    endloop
  endfacet
  facet normal -0 -0.442294 -0.89687
    outer loop
      vertex 20.3 1.55 2.68468
      vertex 17 1.18632 2.86403
      vertex 17 1.55 2.68468
    endloop
  endfacet
  facet normal 0 -0.555582 -0.831462
    outer loop
      vertex 17 1.55 2.68468
      vertex 20.3 1.88716 2.45939
      vertex 20.3 1.55 2.68468
    endloop
  endfacet
  facet normal -0 -0.555582 -0.831462
    outer loop
      vertex 20.3 1.88716 2.45939
      vertex 17 1.55 2.68468
      vertex 17 1.88716 2.45939
    endloop
  endfacet
  facet normal 0 0.946933 -0.321431
    outer loop
      vertex 20.3 -2.99437 0.802339
      vertex 17 -2.86403 1.18632
      vertex 20.3 -2.86403 1.18632
    endloop
  endfacet
  facet normal 0 0.946933 -0.321431
    outer loop
      vertex 17 -2.86403 1.18632
      vertex 20.3 -2.99437 0.802339
      vertex 17 -2.99437 0.802339
    endloop
  endfacet
  facet normal 0 0.831462 -0.555582
    outer loop
      vertex 20.3 -2.68468 1.55
      vertex 17 -2.45939 1.88716
      vertex 20.3 -2.45939 1.88716
    endloop
  endfacet
  facet normal 0 0.831462 -0.555582
    outer loop
      vertex 17 -2.45939 1.88716
      vertex 20.3 -2.68468 1.55
      vertex 17 -2.68468 1.55
    endloop
  endfacet
endsolid OpenSCAD_Model
