solid OpenSCAD_Model
  facet normal 0.555566 -0 0.831472
    outer loop
      vertex -1.00446 -7.93416 2.69097
      vertex -0.825 -3.9564 2.57106
      vertex -1.00446 -3.9207 2.69097
    endloop
  endfacet
  facet normal 0.555566 0 0.831472
    outer loop
      vertex -0.825 -3.9564 2.57106
      vertex -1.00446 -7.93416 2.69097
      vertex -0.825 -7.94593 2.57106
    endloop
  endfacet
  facet normal 0.555566 0 0.831472
    outer loop
      vertex -1.00446 7.93416 2.69097
      vertex -0.825 3.9564 2.57106
      vertex -0.825 7.94593 2.57106
    endloop
  endfacet
  facet normal 0.555566 0 0.831472
    outer loop
      vertex -0.825 3.9564 2.57106
      vertex -1.00446 7.93416 2.69097
      vertex -1.00446 3.9207 2.69097
    endloop
  endfacet
  facet normal 0.659361 0.00035524 -0.751827
    outer loop
      vertex -1.16673 -7.90719 5.16673
      vertex -1.00446 -7.93416 5.30903
      vertex -1.04421 -7.93156 5.27417
    endloop
  endfacet
  facet normal 0.659328 0 -0.751856
    outer loop
      vertex -1.00446 -7.93416 5.30903
      vertex -1.16673 -7.90719 5.16673
      vertex -1.00446 -3.9207 5.30903
    endloop
  endfacet
  facet normal 0.659283 3.19851e-06 -0.751895
    outer loop
      vertex -1.00446 -3.9207 5.30903
      vertex -1.16673 -7.90719 5.16673
      vertex -1.04822 -3.912 5.27066
    endloop
  endfacet
  facet normal 0.659344 0 -0.751841
    outer loop
      vertex -1.04822 -3.912 5.27066
      vertex -1.16673 -7.90719 5.16673
      vertex -1.16673 -3.87177 5.16673
    endloop
  endfacet
  facet normal 0.659328 0 -0.751856
    outer loop
      vertex -1.16673 7.90719 5.16673
      vertex -1.00446 7.93416 5.30903
      vertex -1.00446 3.9207 5.30903
    endloop
  endfacet
  facet normal 0.659283 -3.19851e-06 -0.751895
    outer loop
      vertex -1.16673 7.90719 5.16673
      vertex -1.00446 3.9207 5.30903
      vertex -1.04822 3.912 5.27066
    endloop
  endfacet
  facet normal 0.659344 0 -0.751841
    outer loop
      vertex -1.16673 7.90719 5.16673
      vertex -1.04822 3.912 5.27066
      vertex -1.16673 3.87177 5.16673
    endloop
  endfacet
  facet normal 0.659361 -0.00035524 -0.751827
    outer loop
      vertex -1.00446 7.93416 5.30903
      vertex -1.16673 7.90719 5.16673
      vertex -1.04421 7.93156 5.27417
    endloop
  endfacet
  facet normal -0.98079 0 -0.195065
    outer loop
      vertex 1.63588 -7.81387 4.21537
      vertex 1.59378 -3.72006 4.42705
      vertex 1.63588 -3.69929 4.21537
    endloop
  endfacet
  facet normal -0.98079 -0 -0.195065
    outer loop
      vertex 1.59378 -3.72006 4.42705
      vertex 1.63588 -7.81387 4.21537
      vertex 1.59378 -7.82224 4.42705
    endloop
  endfacet
  facet normal -0.98079 0 -0.195065
    outer loop
      vertex 1.63588 7.81387 4.21537
      vertex 1.59378 3.72006 4.42705
      vertex 1.59378 7.82224 4.42705
    endloop
  endfacet
  facet normal -0.98079 0 -0.195065
    outer loop
      vertex 1.59378 3.72006 4.42705
      vertex 1.63588 7.81387 4.21537
      vertex 1.63588 3.69929 4.21537
    endloop
  endfacet
  facet normal -0.997858 0 -0.0654211
    outer loop
      vertex 1.65 -7.81106 4
      vertex 1.63588 -3.69929 4.21537
      vertex 1.65 -3.69233 4
    endloop
  endfacet
  facet normal -0.997858 -0 -0.0654211
    outer loop
      vertex 1.63588 -3.69929 4.21537
      vertex 1.65 -7.81106 4
      vertex 1.63588 -7.81387 4.21537
    endloop
  endfacet
  facet normal -0.997858 0 -0.0654211
    outer loop
      vertex 1.65 7.81106 4
      vertex 1.63588 3.69929 4.21537
      vertex 1.63588 7.81387 4.21537
    endloop
  endfacet
  facet normal -0.997858 0 -0.0654211
    outer loop
      vertex 1.63588 3.69929 4.21537
      vertex 1.65 7.81106 4
      vertex 1.65 3.69233 4
    endloop
  endfacet
  facet normal -0.946927 0 -0.32145
    outer loop
      vertex 1.59378 -7.82224 4.42705
      vertex 1.54987 -3.74171 4.5564
      vertex 1.59378 -3.72006 4.42705
    endloop
  endfacet
  facet normal -0.946927 -7.02612e-08 -0.321448
    outer loop
      vertex 1.59378 -7.82224 4.42705
      vertex 1.5244 -3.75036 4.63143
      vertex 1.54987 -3.74171 4.5564
    endloop
  endfacet
  facet normal -0.946927 -0 -0.321449
    outer loop
      vertex 1.5244 -3.75036 4.63143
      vertex 1.59378 -7.82224 4.42705
      vertex 1.5244 -7.83604 4.63143
    endloop
  endfacet
  facet normal -0.946927 0 -0.321449
    outer loop
      vertex 1.59378 7.82224 4.42705
      vertex 1.5244 3.75036 4.63143
      vertex 1.5244 7.83604 4.63143
    endloop
  endfacet
  facet normal -0.946927 7.02612e-08 -0.321448
    outer loop
      vertex 1.59378 7.82224 4.42705
      vertex 1.54987 3.74171 4.5564
      vertex 1.5244 3.75036 4.63143
    endloop
  endfacet
  facet normal -0.946927 0 -0.32145
    outer loop
      vertex 1.54987 3.74171 4.5564
      vertex 1.59378 7.82224 4.42705
      vertex 1.59378 3.72006 4.42705
    endloop
  endfacet
  facet normal 0.831472 -0 0.555566
    outer loop
      vertex -1.42894 -7.85503 3.175
      vertex -1.30903 -3.82346 2.99554
      vertex -1.42894 -3.78276 3.175
    endloop
  endfacet
  facet normal 0.831472 0 0.555566
    outer loop
      vertex -1.30903 -3.82346 2.99554
      vertex -1.42894 -7.85503 3.175
      vertex -1.30903 -7.87888 2.99554
    endloop
  endfacet
  facet normal 0.831472 0 0.555566
    outer loop
      vertex -1.42894 7.85503 3.175
      vertex -1.30903 3.82346 2.99554
      vertex -1.30903 7.87888 2.99554
    endloop
  endfacet
  facet normal 0.831472 0 0.555566
    outer loop
      vertex -1.30903 3.82346 2.99554
      vertex -1.42894 7.85503 3.175
      vertex -1.42894 3.78276 3.175
    endloop
  endfacet
  facet normal 0.997858 -0 0.0654211
    outer loop
      vertex -1.65 -7.81106 4
      vertex -1.63588 -3.69929 3.78463
      vertex -1.65 -3.69233 4
    endloop
  endfacet
  facet normal 0.997858 0 0.0654211
    outer loop
      vertex -1.63588 -3.69929 3.78463
      vertex -1.65 -7.81106 4
      vertex -1.63588 -7.81387 3.78463
    endloop
  endfacet
  facet normal 0.997858 0 0.0654211
    outer loop
      vertex -1.65 7.81106 4
      vertex -1.63588 3.69929 3.78463
      vertex -1.63588 7.81387 3.78463
    endloop
  endfacet
  facet normal 0.997858 0 0.0654211
    outer loop
      vertex -1.63588 3.69929 3.78463
      vertex -1.65 7.81106 4
      vertex -1.65 3.69233 4
    endloop
  endfacet
  facet normal -0.442328 0 0.896853
    outer loop
      vertex 0.7 -3.98126 2.50941
      vertex 0.825 -7.94593 2.57106
      vertex 0.825 -3.9564 2.57106
    endloop
  endfacet
  facet normal -0.442328 0 0.896853
    outer loop
      vertex 0.825 -7.94593 2.57106
      vertex 0.7 -3.98126 2.50941
      vertex 0.7 -7.95412 2.50941
    endloop
  endfacet
  facet normal -0.442328 0 0.896853
    outer loop
      vertex 0.7 3.98126 2.50941
      vertex 0.825 7.94593 2.57106
      vertex 0.7 7.95412 2.50941
    endloop
  endfacet
  facet normal -0.442328 0 0.896853
    outer loop
      vertex 0.825 7.94593 2.57106
      vertex 0.7 3.98126 2.50941
      vertex 0.825 3.9564 2.57106
    endloop
  endfacet
  facet normal -0.555566 0 0.831472
    outer loop
      vertex 0.825 -3.9564 2.57106
      vertex 1.00446 -7.93416 2.69097
      vertex 1.00446 -3.9207 2.69097
    endloop
  endfacet
  facet normal -0.555566 0 0.831472
    outer loop
      vertex 1.00446 -7.93416 2.69097
      vertex 0.825 -3.9564 2.57106
      vertex 0.825 -7.94593 2.57106
    endloop
  endfacet
  facet normal -0.555566 0 0.831472
    outer loop
      vertex 0.825 3.9564 2.57106
      vertex 1.00446 7.93416 2.69097
      vertex 0.825 7.94593 2.57106
    endloop
  endfacet
  facet normal -0.555566 0 0.831472
    outer loop
      vertex 1.00446 7.93416 2.69097
      vertex 0.825 3.9564 2.57106
      vertex 1.00446 3.9207 2.69097
    endloop
  endfacet
  facet normal 0.751856 0 -0.659328
    outer loop
      vertex -1.16673 -3.87177 5.16673
      vertex -1.30903 -7.87888 5.00446
      vertex -1.30903 -3.82346 5.00446
    endloop
  endfacet
  facet normal 0.751856 0 -0.659328
    outer loop
      vertex -1.30903 -7.87888 5.00446
      vertex -1.16673 -3.87177 5.16673
      vertex -1.16673 -7.90719 5.16673
    endloop
  endfacet
  facet normal 0.751856 0 -0.659328
    outer loop
      vertex -1.16673 3.87177 5.16673
      vertex -1.30903 7.87888 5.00446
      vertex -1.16673 7.90719 5.16673
    endloop
  endfacet
  facet normal 0.751856 0 -0.659328
    outer loop
      vertex -1.30903 7.87888 5.00446
      vertex -1.16673 3.87177 5.16673
      vertex -1.30903 3.82346 5.00446
    endloop
  endfacet
  facet normal 0.751856 -0 0.659328
    outer loop
      vertex -1.30903 -7.87888 2.99554
      vertex -1.16673 -3.87177 2.83327
      vertex -1.30903 -3.82346 2.99554
    endloop
  endfacet
  facet normal 0.751856 0 0.659328
    outer loop
      vertex -1.16673 -3.87177 2.83327
      vertex -1.30903 -7.87888 2.99554
      vertex -1.16673 -7.90719 2.83327
    endloop
  endfacet
  facet normal 0.751856 0 0.659328
    outer loop
      vertex -1.30903 7.87888 2.99554
      vertex -1.16673 3.87177 2.83327
      vertex -1.16673 7.90719 2.83327
    endloop
  endfacet
  facet normal 0.751856 0 0.659328
    outer loop
      vertex -1.16673 3.87177 2.83327
      vertex -1.30903 7.87888 2.99554
      vertex -1.30903 3.82346 2.99554
    endloop
  endfacet
  facet normal -0.831472 0 -0.555566
    outer loop
      vertex 1.42894 -7.85503 4.825
      vertex 1.30903 -3.82346 5.00446
      vertex 1.42894 -3.78276 4.825
    endloop
  endfacet
  facet normal -0.831472 -0 -0.555566
    outer loop
      vertex 1.30903 -3.82346 5.00446
      vertex 1.42894 -7.85503 4.825
      vertex 1.30903 -7.87888 5.00446
    endloop
  endfacet
  facet normal -0.831472 0 -0.555566
    outer loop
      vertex 1.42894 7.85503 4.825
      vertex 1.30903 3.82346 5.00446
      vertex 1.30903 7.87888 5.00446
    endloop
  endfacet
  facet normal -0.831472 0 -0.555566
    outer loop
      vertex 1.30903 3.82346 5.00446
      vertex 1.42894 7.85503 4.825
      vertex 1.42894 3.78276 4.825
    endloop
  endfacet
  facet normal -0.946927 0 0.32145
    outer loop
      vertex 1.54987 -3.74171 3.4436
      vertex 1.59378 -7.82224 3.57295
      vertex 1.59378 -3.72006 3.57295
    endloop
  endfacet
  facet normal -0.946927 -7.02612e-08 0.321448
    outer loop
      vertex 1.5244 -3.75036 3.36857
      vertex 1.59378 -7.82224 3.57295
      vertex 1.54987 -3.74171 3.4436
    endloop
  endfacet
  facet normal -0.946927 0 0.321449
    outer loop
      vertex 1.59378 -7.82224 3.57295
      vertex 1.5244 -3.75036 3.36857
      vertex 1.5244 -7.83604 3.36857
    endloop
  endfacet
  facet normal -0.946927 0 0.321449
    outer loop
      vertex 1.5244 3.75036 3.36857
      vertex 1.59378 7.82224 3.57295
      vertex 1.5244 7.83604 3.36857
    endloop
  endfacet
  facet normal -0.946927 7.02612e-08 0.321448
    outer loop
      vertex 1.54987 3.74171 3.4436
      vertex 1.59378 7.82224 3.57295
      vertex 1.5244 3.75036 3.36857
    endloop
  endfacet
  facet normal -0.946927 0 0.32145
    outer loop
      vertex 1.59378 7.82224 3.57295
      vertex 1.54987 3.74171 3.4436
      vertex 1.59378 3.72006 3.57295
    endloop
  endfacet
  facet normal -0.896869 0 -0.442296
    outer loop
      vertex 1.5244 -7.83604 4.63143
      vertex 1.42894 -3.78276 4.825
      vertex 1.5244 -3.75036 4.63143
    endloop
  endfacet
  facet normal -0.896869 -0 -0.442296
    outer loop
      vertex 1.42894 -3.78276 4.825
      vertex 1.5244 -7.83604 4.63143
      vertex 1.42894 -7.85503 4.825
    endloop
  endfacet
  facet normal -0.896869 0 -0.442296
    outer loop
      vertex 1.5244 7.83604 4.63143
      vertex 1.42894 3.78276 4.825
      vertex 1.42894 7.85503 4.825
    endloop
  endfacet
  facet normal -0.896869 0 -0.442296
    outer loop
      vertex 1.42894 3.78276 4.825
      vertex 1.5244 7.83604 4.63143
      vertex 1.5244 3.75036 4.63143
    endloop
  endfacet
  facet normal -0.44227 -0 -0.896882
    outer loop
      vertex 0.7 -3.98126 5.49058
      vertex 0.825 -7.94593 5.42894
      vertex 0.7 -7.95412 5.49058
    endloop
  endfacet
  facet normal -0.44227 0 -0.896882
    outer loop
      vertex 0.825 -7.94593 5.42894
      vertex 0.7 -3.98126 5.49058
      vertex 0.825 -3.9564 5.42894
    endloop
  endfacet
  facet normal -0.44227 0 -0.896882
    outer loop
      vertex 0.7 3.98126 5.49058
      vertex 0.825 7.94593 5.42894
      vertex 0.825 3.9564 5.42894
    endloop
  endfacet
  facet normal -0.44227 0 -0.896882
    outer loop
      vertex 0.825 7.94593 5.42894
      vertex 0.7 3.98126 5.49058
      vertex 0.7 7.95412 5.49058
    endloop
  endfacet
  facet normal -0.751856 0 -0.659328
    outer loop
      vertex 1.30903 -7.87888 5.00446
      vertex 1.16673 -3.87177 5.16673
      vertex 1.30903 -3.82346 5.00446
    endloop
  endfacet
  facet normal -0.751856 -0 -0.659328
    outer loop
      vertex 1.16673 -3.87177 5.16673
      vertex 1.30903 -7.87888 5.00446
      vertex 1.16673 -7.90719 5.16673
    endloop
  endfacet
  facet normal -0.751856 0 -0.659328
    outer loop
      vertex 1.30903 7.87888 5.00446
      vertex 1.16673 3.87177 5.16673
      vertex 1.16673 7.90719 5.16673
    endloop
  endfacet
  facet normal -0.751856 0 -0.659328
    outer loop
      vertex 1.16673 3.87177 5.16673
      vertex 1.30903 7.87888 5.00446
      vertex 1.30903 3.82346 5.00446
    endloop
  endfacet
  facet normal -0.659344 0 0.751841
    outer loop
      vertex 1.04822 -3.912 2.72934
      vertex 1.16673 -7.90719 2.83327
      vertex 1.16673 -3.87177 2.83327
    endloop
  endfacet
  facet normal -0.659283 3.19851e-06 0.751895
    outer loop
      vertex 1.00446 -3.9207 2.69097
      vertex 1.16673 -7.90719 2.83327
      vertex 1.04822 -3.912 2.72934
    endloop
  endfacet
  facet normal -0.659328 0 0.751856
    outer loop
      vertex 1.00446 -7.93416 2.69097
      vertex 1.16673 -7.90719 2.83327
      vertex 1.00446 -3.9207 2.69097
    endloop
  endfacet
  facet normal -0.659361 0.00035524 0.751827
    outer loop
      vertex 1.16673 -7.90719 2.83327
      vertex 1.00446 -7.93416 2.69097
      vertex 1.04421 -7.93156 2.72583
    endloop
  endfacet
  facet normal -0.659344 0 0.751841
    outer loop
      vertex 1.16673 7.90719 2.83327
      vertex 1.04822 3.912 2.72934
      vertex 1.16673 3.87177 2.83327
    endloop
  endfacet
  facet normal -0.659361 -0.00035524 0.751827
    outer loop
      vertex 1.00446 7.93416 2.69097
      vertex 1.16673 7.90719 2.83327
      vertex 1.04421 7.93156 2.72583
    endloop
  endfacet
  facet normal -0.659328 0 0.751856
    outer loop
      vertex 1.16673 7.90719 2.83327
      vertex 1.00446 7.93416 2.69097
      vertex 1.00446 3.9207 2.69097
    endloop
  endfacet
  facet normal -0.659283 -3.19851e-06 0.751895
    outer loop
      vertex 1.16673 7.90719 2.83327
      vertex 1.00446 3.9207 2.69097
      vertex 1.04822 3.912 2.72934
    endloop
  endfacet
  facet normal 0.44227 0 -0.896882
    outer loop
      vertex -0.825 -7.94593 5.42894
      vertex -0.7 -3.98126 5.49058
      vertex -0.7 -7.95412 5.49058
    endloop
  endfacet
  facet normal 0.44227 0 -0.896882
    outer loop
      vertex -0.7 -3.98126 5.49058
      vertex -0.825 -7.94593 5.42894
      vertex -0.825 -3.9564 5.42894
    endloop
  endfacet
  facet normal 0.44227 0 -0.896882
    outer loop
      vertex -0.825 7.94593 5.42894
      vertex -0.7 3.98126 5.49058
      vertex -0.825 3.9564 5.42894
    endloop
  endfacet
  facet normal 0.44227 0 -0.896882
    outer loop
      vertex -0.7 3.98126 5.49058
      vertex -0.825 7.94593 5.42894
      vertex -0.7 7.95412 5.49058
    endloop
  endfacet
  facet normal -0.659344 0 -0.751841
    outer loop
      vertex 1.16673 -7.90719 5.16673
      vertex 1.04822 -3.912 5.27066
      vertex 1.16673 -3.87177 5.16673
    endloop
  endfacet
  facet normal -0.659361 0.00035524 -0.751827
    outer loop
      vertex 1.00446 -7.93416 5.30903
      vertex 1.16673 -7.90719 5.16673
      vertex 1.04421 -7.93156 5.27417
    endloop
  endfacet
  facet normal -0.659328 0 -0.751856
    outer loop
      vertex 1.16673 -7.90719 5.16673
      vertex 1.00446 -7.93416 5.30903
      vertex 1.00446 -3.9207 5.30903
    endloop
  endfacet
  facet normal -0.659283 3.19851e-06 -0.751895
    outer loop
      vertex 1.16673 -7.90719 5.16673
      vertex 1.00446 -3.9207 5.30903
      vertex 1.04822 -3.912 5.27066
    endloop
  endfacet
  facet normal -0.659344 0 -0.751841
    outer loop
      vertex 1.04822 3.912 5.27066
      vertex 1.16673 7.90719 5.16673
      vertex 1.16673 3.87177 5.16673
    endloop
  endfacet
  facet normal -0.659283 -3.19851e-06 -0.751895
    outer loop
      vertex 1.00446 3.9207 5.30903
      vertex 1.16673 7.90719 5.16673
      vertex 1.04822 3.912 5.27066
    endloop
  endfacet
  facet normal -0.659328 -0 -0.751856
    outer loop
      vertex 1.00446 7.93416 5.30903
      vertex 1.16673 7.90719 5.16673
      vertex 1.00446 3.9207 5.30903
    endloop
  endfacet
  facet normal -0.659361 -0.00035524 -0.751827
    outer loop
      vertex 1.16673 7.90719 5.16673
      vertex 1.00446 7.93416 5.30903
      vertex 1.04421 7.93156 5.27417
    endloop
  endfacet
  facet normal -0.98079 0 0.195065
    outer loop
      vertex 1.59378 -3.72006 3.57295
      vertex 1.63588 -7.81387 3.78463
      vertex 1.63588 -3.69929 3.78463
    endloop
  endfacet
  facet normal -0.98079 0 0.195065
    outer loop
      vertex 1.63588 -7.81387 3.78463
      vertex 1.59378 -3.72006 3.57295
      vertex 1.59378 -7.82224 3.57295
    endloop
  endfacet
  facet normal -0.98079 0 0.195065
    outer loop
      vertex 1.59378 3.72006 3.57295
      vertex 1.63588 7.81387 3.78463
      vertex 1.59378 7.82224 3.57295
    endloop
  endfacet
  facet normal -0.98079 0 0.195065
    outer loop
      vertex 1.63588 7.81387 3.78463
      vertex 1.59378 3.72006 3.57295
      vertex 1.63588 3.69929 3.78463
    endloop
  endfacet
  facet normal 0.946927 -0 0.32145
    outer loop
      vertex -1.59378 -7.82224 3.57295
      vertex -1.54987 -3.74171 3.4436
      vertex -1.59378 -3.72006 3.57295
    endloop
  endfacet
  facet normal 0.946927 -7.02612e-08 0.321448
    outer loop
      vertex -1.59378 -7.82224 3.57295
      vertex -1.5244 -3.75036 3.36857
      vertex -1.54987 -3.74171 3.4436
    endloop
  endfacet
  facet normal 0.946927 0 0.321449
    outer loop
      vertex -1.5244 -3.75036 3.36857
      vertex -1.59378 -7.82224 3.57295
      vertex -1.5244 -7.83604 3.36857
    endloop
  endfacet
  facet normal 0.946927 0 0.321449
    outer loop
      vertex -1.59378 7.82224 3.57295
      vertex -1.5244 3.75036 3.36857
      vertex -1.5244 7.83604 3.36857
    endloop
  endfacet
  facet normal 0.946927 7.02612e-08 0.321448
    outer loop
      vertex -1.59378 7.82224 3.57295
      vertex -1.54987 3.74171 3.4436
      vertex -1.5244 3.75036 3.36857
    endloop
  endfacet
  facet normal 0.946927 0 0.32145
    outer loop
      vertex -1.54987 3.74171 3.4436
      vertex -1.59378 7.82224 3.57295
      vertex -1.59378 3.72006 3.57295
    endloop
  endfacet
  facet normal -0.555566 -0 -0.831472
    outer loop
      vertex 0.825 -3.9564 5.42894
      vertex 1.00446 -7.93416 5.30903
      vertex 0.825 -7.94593 5.42894
    endloop
  endfacet
  facet normal -0.555566 0 -0.831472
    outer loop
      vertex 1.00446 -7.93416 5.30903
      vertex 0.825 -3.9564 5.42894
      vertex 1.00446 -3.9207 5.30903
    endloop
  endfacet
  facet normal -0.555566 0 -0.831472
    outer loop
      vertex 0.825 3.9564 5.42894
      vertex 1.00446 7.93416 5.30903
      vertex 1.00446 3.9207 5.30903
    endloop
  endfacet
  facet normal -0.555566 0 -0.831472
    outer loop
      vertex 1.00446 7.93416 5.30903
      vertex 0.825 3.9564 5.42894
      vertex 0.825 7.94593 5.42894
    endloop
  endfacet
  facet normal -0.896869 0 0.442296
    outer loop
      vertex 1.42894 -3.78276 3.175
      vertex 1.5244 -7.83604 3.36857
      vertex 1.5244 -3.75036 3.36857
    endloop
  endfacet
  facet normal -0.896869 0 0.442296
    outer loop
      vertex 1.5244 -7.83604 3.36857
      vertex 1.42894 -3.78276 3.175
      vertex 1.42894 -7.85503 3.175
    endloop
  endfacet
  facet normal -0.896869 0 0.442296
    outer loop
      vertex 1.42894 3.78276 3.175
      vertex 1.5244 7.83604 3.36857
      vertex 1.42894 7.85503 3.175
    endloop
  endfacet
  facet normal -0.896869 0 0.442296
    outer loop
      vertex 1.5244 7.83604 3.36857
      vertex 1.42894 3.78276 3.175
      vertex 1.5244 3.75036 3.36857
    endloop
  endfacet
  facet normal -0.751856 0 0.659328
    outer loop
      vertex 1.16673 -3.87177 2.83327
      vertex 1.30903 -7.87888 2.99554
      vertex 1.30903 -3.82346 2.99554
    endloop
  endfacet
  facet normal -0.751856 0 0.659328
    outer loop
      vertex 1.30903 -7.87888 2.99554
      vertex 1.16673 -3.87177 2.83327
      vertex 1.16673 -7.90719 2.83327
    endloop
  endfacet
  facet normal -0.751856 0 0.659328
    outer loop
      vertex 1.16673 3.87177 2.83327
      vertex 1.30903 7.87888 2.99554
      vertex 1.16673 7.90719 2.83327
    endloop
  endfacet
  facet normal -0.751856 0 0.659328
    outer loop
      vertex 1.30903 7.87888 2.99554
      vertex 1.16673 3.87177 2.83327
      vertex 1.30903 3.82346 2.99554
    endloop
  endfacet
  facet normal -0.831472 0 0.555566
    outer loop
      vertex 1.30903 -3.82346 2.99554
      vertex 1.42894 -7.85503 3.175
      vertex 1.42894 -3.78276 3.175
    endloop
  endfacet
  facet normal -0.831472 0 0.555566
    outer loop
      vertex 1.42894 -7.85503 3.175
      vertex 1.30903 -3.82346 2.99554
      vertex 1.30903 -7.87888 2.99554
    endloop
  endfacet
  facet normal -0.831472 0 0.555566
    outer loop
      vertex 1.30903 3.82346 2.99554
      vertex 1.42894 7.85503 3.175
      vertex 1.30903 7.87888 2.99554
    endloop
  endfacet
  facet normal -0.831472 0 0.555566
    outer loop
      vertex 1.42894 7.85503 3.175
      vertex 1.30903 3.82346 2.99554
      vertex 1.42894 3.78276 3.175
    endloop
  endfacet
  facet normal 0.997858 0 -0.0654211
    outer loop
      vertex -1.63588 -3.69929 4.21537
      vertex -1.65 -7.81106 4
      vertex -1.65 -3.69233 4
    endloop
  endfacet
  facet normal 0.997858 0 -0.0654211
    outer loop
      vertex -1.65 -7.81106 4
      vertex -1.63588 -3.69929 4.21537
      vertex -1.63588 -7.81387 4.21537
    endloop
  endfacet
  facet normal 0.997858 0 -0.0654211
    outer loop
      vertex -1.63588 3.69929 4.21537
      vertex -1.65 7.81106 4
      vertex -1.63588 7.81387 4.21537
    endloop
  endfacet
  facet normal 0.997858 0 -0.0654211
    outer loop
      vertex -1.65 7.81106 4
      vertex -1.63588 3.69929 4.21537
      vertex -1.65 3.69233 4
    endloop
  endfacet
  facet normal 0.659328 0 0.751856
    outer loop
      vertex -1.16673 -7.90719 2.83327
      vertex -1.00446 -7.93416 2.69097
      vertex -1.00446 -3.9207 2.69097
    endloop
  endfacet
  facet normal 0.659283 3.19851e-06 0.751895
    outer loop
      vertex -1.16673 -7.90719 2.83327
      vertex -1.00446 -3.9207 2.69097
      vertex -1.04822 -3.912 2.72934
    endloop
  endfacet
  facet normal 0.659344 -0 0.751841
    outer loop
      vertex -1.16673 -7.90719 2.83327
      vertex -1.04822 -3.912 2.72934
      vertex -1.16673 -3.87177 2.83327
    endloop
  endfacet
  facet normal 0.659361 0.00035524 0.751827
    outer loop
      vertex -1.00446 -7.93416 2.69097
      vertex -1.16673 -7.90719 2.83327
      vertex -1.04421 -7.93156 2.72583
    endloop
  endfacet
  facet normal 0.659361 -0.00035524 0.751827
    outer loop
      vertex -1.16673 7.90719 2.83327
      vertex -1.00446 7.93416 2.69097
      vertex -1.04421 7.93156 2.72583
    endloop
  endfacet
  facet normal 0.659328 0 0.751856
    outer loop
      vertex -1.00446 7.93416 2.69097
      vertex -1.16673 7.90719 2.83327
      vertex -1.00446 3.9207 2.69097
    endloop
  endfacet
  facet normal 0.659283 -3.19851e-06 0.751895
    outer loop
      vertex -1.00446 3.9207 2.69097
      vertex -1.16673 7.90719 2.83327
      vertex -1.04822 3.912 2.72934
    endloop
  endfacet
  facet normal 0.659344 0 0.751841
    outer loop
      vertex -1.04822 3.912 2.72934
      vertex -1.16673 7.90719 2.83327
      vertex -1.16673 3.87177 2.83327
    endloop
  endfacet
  facet normal -0.997858 0 0.0654211
    outer loop
      vertex 1.63588 -3.69929 3.78463
      vertex 1.65 -7.81106 4
      vertex 1.65 -3.69233 4
    endloop
  endfacet
  facet normal -0.997858 0 0.0654211
    outer loop
      vertex 1.65 -7.81106 4
      vertex 1.63588 -3.69929 3.78463
      vertex 1.63588 -7.81387 3.78463
    endloop
  endfacet
  facet normal -0.997858 0 0.0654211
    outer loop
      vertex 1.63588 3.69929 3.78463
      vertex 1.65 7.81106 4
      vertex 1.63588 7.81387 3.78463
    endloop
  endfacet
  facet normal -0.997858 0 0.0654211
    outer loop
      vertex 1.65 7.81106 4
      vertex 1.63588 3.69929 3.78463
      vertex 1.65 3.69233 4
    endloop
  endfacet
  facet normal 0.98079 0 -0.195065
    outer loop
      vertex -1.59378 -3.72006 4.42705
      vertex -1.63588 -7.81387 4.21537
      vertex -1.63588 -3.69929 4.21537
    endloop
  endfacet
  facet normal 0.98079 0 -0.195065
    outer loop
      vertex -1.63588 -7.81387 4.21537
      vertex -1.59378 -3.72006 4.42705
      vertex -1.59378 -7.82224 4.42705
    endloop
  endfacet
  facet normal 0.98079 0 -0.195065
    outer loop
      vertex -1.59378 3.72006 4.42705
      vertex -1.63588 7.81387 4.21537
      vertex -1.59378 7.82224 4.42705
    endloop
  endfacet
  facet normal 0.98079 0 -0.195065
    outer loop
      vertex -1.63588 7.81387 4.21537
      vertex -1.59378 3.72006 4.42705
      vertex -1.63588 3.69929 4.21537
    endloop
  endfacet
  facet normal 0.442328 -0 0.896853
    outer loop
      vertex -0.825 -7.94593 2.57106
      vertex -0.7 -3.98126 2.50941
      vertex -0.825 -3.9564 2.57106
    endloop
  endfacet
  facet normal 0.442328 0 0.896853
    outer loop
      vertex -0.7 -3.98126 2.50941
      vertex -0.825 -7.94593 2.57106
      vertex -0.7 -7.95412 2.50941
    endloop
  endfacet
  facet normal 0.442328 0 0.896853
    outer loop
      vertex -0.825 7.94593 2.57106
      vertex -0.7 3.98126 2.50941
      vertex -0.7 7.95412 2.50941
    endloop
  endfacet
  facet normal 0.442328 0 0.896853
    outer loop
      vertex -0.7 3.98126 2.50941
      vertex -0.825 7.94593 2.57106
      vertex -0.825 3.9564 2.57106
    endloop
  endfacet
  facet normal 0.555566 0 -0.831472
    outer loop
      vertex -1.00446 -7.93416 5.30903
      vertex -0.825 -3.9564 5.42894
      vertex -0.825 -7.94593 5.42894
    endloop
  endfacet
  facet normal 0.555566 0 -0.831472
    outer loop
      vertex -0.825 -3.9564 5.42894
      vertex -1.00446 -7.93416 5.30903
      vertex -1.00446 -3.9207 5.30903
    endloop
  endfacet
  facet normal 0.555566 0 -0.831472
    outer loop
      vertex -1.00446 7.93416 5.30903
      vertex -0.825 3.9564 5.42894
      vertex -1.00446 3.9207 5.30903
    endloop
  endfacet
  facet normal 0.555566 0 -0.831472
    outer loop
      vertex -0.825 3.9564 5.42894
      vertex -1.00446 7.93416 5.30903
      vertex -0.825 7.94593 5.42894
    endloop
  endfacet
  facet normal 0.896869 -0 0.442296
    outer loop
      vertex -1.5244 -7.83604 3.36857
      vertex -1.42894 -3.78276 3.175
      vertex -1.5244 -3.75036 3.36857
    endloop
  endfacet
  facet normal 0.896869 0 0.442296
    outer loop
      vertex -1.42894 -3.78276 3.175
      vertex -1.5244 -7.83604 3.36857
      vertex -1.42894 -7.85503 3.175
    endloop
  endfacet
  facet normal 0.896869 0 0.442296
    outer loop
      vertex -1.5244 7.83604 3.36857
      vertex -1.42894 3.78276 3.175
      vertex -1.42894 7.85503 3.175
    endloop
  endfacet
  facet normal 0.896869 0 0.442296
    outer loop
      vertex -1.42894 3.78276 3.175
      vertex -1.5244 7.83604 3.36857
      vertex -1.5244 3.75036 3.36857
    endloop
  endfacet
  facet normal 0.946927 0 -0.32145
    outer loop
      vertex -1.54987 -3.74171 4.5564
      vertex -1.59378 -7.82224 4.42705
      vertex -1.59378 -3.72006 4.42705
    endloop
  endfacet
  facet normal 0.946927 -7.02612e-08 -0.321448
    outer loop
      vertex -1.5244 -3.75036 4.63143
      vertex -1.59378 -7.82224 4.42705
      vertex -1.54987 -3.74171 4.5564
    endloop
  endfacet
  facet normal 0.946927 0 -0.321449
    outer loop
      vertex -1.59378 -7.82224 4.42705
      vertex -1.5244 -3.75036 4.63143
      vertex -1.5244 -7.83604 4.63143
    endloop
  endfacet
  facet normal 0.946927 0 -0.321449
    outer loop
      vertex -1.5244 3.75036 4.63143
      vertex -1.59378 7.82224 4.42705
      vertex -1.5244 7.83604 4.63143
    endloop
  endfacet
  facet normal 0.946927 7.02612e-08 -0.321448
    outer loop
      vertex -1.54987 3.74171 4.5564
      vertex -1.59378 7.82224 4.42705
      vertex -1.5244 3.75036 4.63143
    endloop
  endfacet
  facet normal 0.946927 0 -0.32145
    outer loop
      vertex -1.59378 7.82224 4.42705
      vertex -1.54987 3.74171 4.5564
      vertex -1.59378 3.72006 4.42705
    endloop
  endfacet
  facet normal 0.98079 -0 0.195065
    outer loop
      vertex -1.63588 -7.81387 3.78463
      vertex -1.59378 -3.72006 3.57295
      vertex -1.63588 -3.69929 3.78463
    endloop
  endfacet
  facet normal 0.98079 0 0.195065
    outer loop
      vertex -1.59378 -3.72006 3.57295
      vertex -1.63588 -7.81387 3.78463
      vertex -1.59378 -7.82224 3.57295
    endloop
  endfacet
  facet normal 0.98079 0 0.195065
    outer loop
      vertex -1.63588 7.81387 3.78463
      vertex -1.59378 3.72006 3.57295
      vertex -1.59378 7.82224 3.57295
    endloop
  endfacet
  facet normal 0.98079 0 0.195065
    outer loop
      vertex -1.59378 3.72006 3.57295
      vertex -1.63588 7.81387 3.78463
      vertex -1.63588 3.69929 3.78463
    endloop
  endfacet
  facet normal 0.831472 0 -0.555566
    outer loop
      vertex -1.30903 -3.82346 5.00446
      vertex -1.42894 -7.85503 4.825
      vertex -1.42894 -3.78276 4.825
    endloop
  endfacet
  facet normal 0.831472 0 -0.555566
    outer loop
      vertex -1.42894 -7.85503 4.825
      vertex -1.30903 -3.82346 5.00446
      vertex -1.30903 -7.87888 5.00446
    endloop
  endfacet
  facet normal 0.831472 0 -0.555566
    outer loop
      vertex -1.30903 3.82346 5.00446
      vertex -1.42894 7.85503 4.825
      vertex -1.30903 7.87888 5.00446
    endloop
  endfacet
  facet normal 0.831472 0 -0.555566
    outer loop
      vertex -1.42894 7.85503 4.825
      vertex -1.30903 3.82346 5.00446
      vertex -1.42894 3.78276 4.825
    endloop
  endfacet
  facet normal 0.896869 0 -0.442296
    outer loop
      vertex -1.42894 -3.78276 4.825
      vertex -1.5244 -7.83604 4.63143
      vertex -1.5244 -3.75036 4.63143
    endloop
  endfacet
  facet normal 0.896869 0 -0.442296
    outer loop
      vertex -1.5244 -7.83604 4.63143
      vertex -1.42894 -3.78276 4.825
      vertex -1.42894 -7.85503 4.825
    endloop
  endfacet
  facet normal 0.896869 0 -0.442296
    outer loop
      vertex -1.42894 3.78276 4.825
      vertex -1.5244 7.83604 4.63143
      vertex -1.42894 7.85503 4.825
    endloop
  endfacet
  facet normal 0.896869 0 -0.442296
    outer loop
      vertex -1.5244 7.83604 4.63143
      vertex -1.42894 3.78276 4.825
      vertex -1.5244 3.75036 4.63143
    endloop
  endfacet
  facet normal 0.555566 -0 0.831472
    outer loop
      vertex -1.00446 -7.93416 8.69097
      vertex -0.825 -3.9564 8.57106
      vertex -1.00446 -3.9207 8.69097
    endloop
  endfacet
  facet normal 0.555566 0 0.831472
    outer loop
      vertex -0.825 -3.9564 8.57106
      vertex -1.00446 -7.93416 8.69097
      vertex -0.825 -7.94593 8.57106
    endloop
  endfacet
  facet normal 0.555566 0 0.831472
    outer loop
      vertex -1.00446 7.93416 8.69097
      vertex -0.825 3.9564 8.57106
      vertex -0.825 7.94593 8.57106
    endloop
  endfacet
  facet normal 0.555566 0 0.831472
    outer loop
      vertex -0.825 3.9564 8.57106
      vertex -1.00446 7.93416 8.69097
      vertex -1.00446 3.9207 8.69097
    endloop
  endfacet
  facet normal 0.658262 -0.0109163 -0.75271
    outer loop
      vertex -1.16673 -7.90719 11.1667
      vertex -1.00446 -7.93416 11.309
      vertex -1.04421 -7.93156 11.2742
    endloop
  endfacet
  facet normal 0.659328 0 -0.751856
    outer loop
      vertex -1.00446 -7.93416 11.309
      vertex -1.16673 -7.90719 11.1667
      vertex -1.00446 -3.9207 11.309
    endloop
  endfacet
  facet normal 0.658608 5.18044e-05 -0.752486
    outer loop
      vertex -1.00446 -3.9207 11.309
      vertex -1.16673 -7.90719 11.1667
      vertex -1.04822 -3.912 11.2707
    endloop
  endfacet
  facet normal 0.659595 0 -0.751621
    outer loop
      vertex -1.04822 -3.912 11.2707
      vertex -1.16673 -7.90719 11.1667
      vertex -1.16673 -3.87177 11.1667
    endloop
  endfacet
  facet normal 0.659328 0 -0.751856
    outer loop
      vertex -1.16673 7.90719 11.1667
      vertex -1.00446 7.93416 11.309
      vertex -1.00446 3.9207 11.309
    endloop
  endfacet
  facet normal 0.658608 -5.18044e-05 -0.752486
    outer loop
      vertex -1.16673 7.90719 11.1667
      vertex -1.00446 3.9207 11.309
      vertex -1.04822 3.912 11.2707
    endloop
  endfacet
  facet normal 0.659595 0 -0.751621
    outer loop
      vertex -1.16673 7.90719 11.1667
      vertex -1.04822 3.912 11.2707
      vertex -1.16673 3.87177 11.1667
    endloop
  endfacet
  facet normal 0.658262 0.0109163 -0.75271
    outer loop
      vertex -1.00446 7.93416 11.309
      vertex -1.16673 7.90719 11.1667
      vertex -1.04421 7.93156 11.2742
    endloop
  endfacet
  facet normal -0.980794 0 -0.195047
    outer loop
      vertex 1.63588 -7.81387 10.2154
      vertex 1.59378 -3.72006 10.4271
      vertex 1.63588 -3.69929 10.2154
    endloop
  endfacet
  facet normal -0.980794 -0 -0.195047
    outer loop
      vertex 1.59378 -3.72006 10.4271
      vertex 1.63588 -7.81387 10.2154
      vertex 1.59378 -7.82224 10.4271
    endloop
  endfacet
  facet normal -0.980794 0 -0.195047
    outer loop
      vertex 1.63588 7.81387 10.2154
      vertex 1.59378 3.72006 10.4271
      vertex 1.59378 7.82224 10.4271
    endloop
  endfacet
  facet normal -0.980794 0 -0.195047
    outer loop
      vertex 1.59378 3.72006 10.4271
      vertex 1.63588 7.81387 10.2154
      vertex 1.63588 3.69929 10.2154
    endloop
  endfacet
  facet normal -0.997858 0 -0.0654121
    outer loop
      vertex 1.65 -7.81106 10
      vertex 1.63588 -3.69929 10.2154
      vertex 1.65 -3.69233 10
    endloop
  endfacet
  facet normal -0.997858 -0 -0.0654121
    outer loop
      vertex 1.63588 -3.69929 10.2154
      vertex 1.65 -7.81106 10
      vertex 1.63588 -7.81387 10.2154
    endloop
  endfacet
  facet normal -0.997858 0 -0.0654121
    outer loop
      vertex 1.65 7.81106 10
      vertex 1.63588 3.69929 10.2154
      vertex 1.63588 7.81387 10.2154
    endloop
  endfacet
  facet normal -0.997858 0 -0.0654121
    outer loop
      vertex 1.63588 3.69929 10.2154
      vertex 1.65 7.81106 10
      vertex 1.65 3.69233 10
    endloop
  endfacet
  facet normal -0.946889 0 -0.321561
    outer loop
      vertex 1.59378 -7.82224 10.4271
      vertex 1.54987 -3.74171 10.5564
      vertex 1.59378 -3.72006 10.4271
    endloop
  endfacet
  facet normal -0.946888 6.47375e-08 -0.321563
    outer loop
      vertex 1.59378 -7.82224 10.4271
      vertex 1.5244 -3.75036 10.6314
      vertex 1.54987 -3.74171 10.5564
    endloop
  endfacet
  facet normal -0.946889 -0 -0.321562
    outer loop
      vertex 1.5244 -3.75036 10.6314
      vertex 1.59378 -7.82224 10.4271
      vertex 1.5244 -7.83604 10.6314
    endloop
  endfacet
  facet normal -0.946889 0 -0.321562
    outer loop
      vertex 1.59378 7.82224 10.4271
      vertex 1.5244 3.75036 10.6314
      vertex 1.5244 7.83604 10.6314
    endloop
  endfacet
  facet normal -0.946888 -6.47375e-08 -0.321563
    outer loop
      vertex 1.59378 7.82224 10.4271
      vertex 1.54987 3.74171 10.5564
      vertex 1.5244 3.75036 10.6314
    endloop
  endfacet
  facet normal -0.946889 0 -0.321561
    outer loop
      vertex 1.54987 3.74171 10.5564
      vertex 1.59378 7.82224 10.4271
      vertex 1.59378 3.72006 10.4271
    endloop
  endfacet
  facet normal 0.831472 -0 0.555566
    outer loop
      vertex -1.42894 -7.85503 9.175
      vertex -1.30903 -3.82346 8.99554
      vertex -1.42894 -3.78276 9.175
    endloop
  endfacet
  facet normal 0.831472 0 0.555566
    outer loop
      vertex -1.30903 -3.82346 8.99554
      vertex -1.42894 -7.85503 9.175
      vertex -1.30903 -7.87888 8.99554
    endloop
  endfacet
  facet normal 0.831472 0 0.555566
    outer loop
      vertex -1.42894 7.85503 9.175
      vertex -1.30903 3.82346 8.99554
      vertex -1.30903 7.87888 8.99554
    endloop
  endfacet
  facet normal 0.831472 0 0.555566
    outer loop
      vertex -1.30903 3.82346 8.99554
      vertex -1.42894 7.85503 9.175
      vertex -1.42894 3.78276 9.175
    endloop
  endfacet
  facet normal 0.997858 -0 0.0654211
    outer loop
      vertex -1.65 -7.81106 10
      vertex -1.63588 -3.69929 9.78463
      vertex -1.65 -3.69233 10
    endloop
  endfacet
  facet normal 0.997858 0 0.0654211
    outer loop
      vertex -1.63588 -3.69929 9.78463
      vertex -1.65 -7.81106 10
      vertex -1.63588 -7.81387 9.78463
    endloop
  endfacet
  facet normal 0.997858 0 0.0654211
    outer loop
      vertex -1.65 7.81106 10
      vertex -1.63588 3.69929 9.78463
      vertex -1.63588 7.81387 9.78463
    endloop
  endfacet
  facet normal 0.997858 0 0.0654211
    outer loop
      vertex -1.63588 3.69929 9.78463
      vertex -1.65 7.81106 10
      vertex -1.65 3.69233 10
    endloop
  endfacet
  facet normal -0.442328 0 0.896853
    outer loop
      vertex 0.7 -3.98126 8.50941
      vertex 0.825 -7.94593 8.57106
      vertex 0.825 -3.9564 8.57106
    endloop
  endfacet
  facet normal -0.442328 0 0.896853
    outer loop
      vertex 0.825 -7.94593 8.57106
      vertex 0.7 -3.98126 8.50941
      vertex 0.7 -7.95412 8.50941
    endloop
  endfacet
  facet normal -0.442328 0 0.896853
    outer loop
      vertex 0.7 3.98126 8.50941
      vertex 0.825 7.94593 8.57106
      vertex 0.7 7.95412 8.50941
    endloop
  endfacet
  facet normal -0.442328 0 0.896853
    outer loop
      vertex 0.825 7.94593 8.57106
      vertex 0.7 3.98126 8.50941
      vertex 0.825 3.9564 8.57106
    endloop
  endfacet
  facet normal -0.555566 0 0.831472
    outer loop
      vertex 0.825 -3.9564 8.57106
      vertex 1.00446 -7.93416 8.69097
      vertex 1.00446 -3.9207 8.69097
    endloop
  endfacet
  facet normal -0.555566 0 0.831472
    outer loop
      vertex 1.00446 -7.93416 8.69097
      vertex 0.825 -3.9564 8.57106
      vertex 0.825 -7.94593 8.57106
    endloop
  endfacet
  facet normal -0.555566 0 0.831472
    outer loop
      vertex 0.825 3.9564 8.57106
      vertex 1.00446 7.93416 8.69097
      vertex 0.825 7.94593 8.57106
    endloop
  endfacet
  facet normal -0.555566 0 0.831472
    outer loop
      vertex 1.00446 7.93416 8.69097
      vertex 0.825 3.9564 8.57106
      vertex 1.00446 3.9207 8.69097
    endloop
  endfacet
  facet normal 0.751715 0 -0.659488
    outer loop
      vertex -1.16673 -3.87177 11.1667
      vertex -1.30903 -7.87888 11.0045
      vertex -1.30903 -3.82346 11.0045
    endloop
  endfacet
  facet normal 0.751715 0 -0.659488
    outer loop
      vertex -1.30903 -7.87888 11.0045
      vertex -1.16673 -3.87177 11.1667
      vertex -1.16673 -7.90719 11.1667
    endloop
  endfacet
  facet normal 0.751715 0 -0.659488
    outer loop
      vertex -1.16673 3.87177 11.1667
      vertex -1.30903 7.87888 11.0045
      vertex -1.16673 7.90719 11.1667
    endloop
  endfacet
  facet normal 0.751715 0 -0.659488
    outer loop
      vertex -1.30903 7.87888 11.0045
      vertex -1.16673 3.87177 11.1667
      vertex -1.30903 3.82346 11.0045
    endloop
  endfacet
  facet normal 0.751856 -0 0.659328
    outer loop
      vertex -1.30903 -7.87888 8.99554
      vertex -1.16673 -3.87177 8.83327
      vertex -1.30903 -3.82346 8.99554
    endloop
  endfacet
  facet normal 0.751856 0 0.659328
    outer loop
      vertex -1.16673 -3.87177 8.83327
      vertex -1.30903 -7.87888 8.99554
      vertex -1.16673 -7.90719 8.83327
    endloop
  endfacet
  facet normal 0.751856 0 0.659328
    outer loop
      vertex -1.30903 7.87888 8.99554
      vertex -1.16673 3.87177 8.83327
      vertex -1.16673 7.90719 8.83327
    endloop
  endfacet
  facet normal 0.751856 0 0.659328
    outer loop
      vertex -1.16673 3.87177 8.83327
      vertex -1.30903 7.87888 8.99554
      vertex -1.30903 3.82346 8.99554
    endloop
  endfacet
  facet normal -0.83153 0 -0.55548
    outer loop
      vertex 1.42894 -7.85503 10.825
      vertex 1.30903 -3.82346 11.0045
      vertex 1.42894 -3.78276 10.825
    endloop
  endfacet
  facet normal -0.83153 -0 -0.55548
    outer loop
      vertex 1.30903 -3.82346 11.0045
      vertex 1.42894 -7.85503 10.825
      vertex 1.30903 -7.87888 11.0045
    endloop
  endfacet
  facet normal -0.83153 0 -0.55548
    outer loop
      vertex 1.42894 7.85503 10.825
      vertex 1.30903 3.82346 11.0045
      vertex 1.30903 7.87888 11.0045
    endloop
  endfacet
  facet normal -0.83153 0 -0.55548
    outer loop
      vertex 1.30903 3.82346 11.0045
      vertex 1.42894 7.85503 10.825
      vertex 1.42894 3.78276 10.825
    endloop
  endfacet
  facet normal -0.946927 0 0.32145
    outer loop
      vertex 1.54987 -3.74171 9.4436
      vertex 1.59378 -7.82224 9.57295
      vertex 1.59378 -3.72006 9.57295
    endloop
  endfacet
  facet normal -0.946927 -7.02612e-08 0.321448
    outer loop
      vertex 1.5244 -3.75036 9.36857
      vertex 1.59378 -7.82224 9.57295
      vertex 1.54987 -3.74171 9.4436
    endloop
  endfacet
  facet normal -0.946927 0 0.321449
    outer loop
      vertex 1.59378 -7.82224 9.57295
      vertex 1.5244 -3.75036 9.36857
      vertex 1.5244 -7.83604 9.36857
    endloop
  endfacet
  facet normal -0.946927 0 0.321449
    outer loop
      vertex 1.5244 3.75036 9.36857
      vertex 1.59378 7.82224 9.57295
      vertex 1.5244 7.83604 9.36857
    endloop
  endfacet
  facet normal -0.946927 7.02612e-08 0.321448
    outer loop
      vertex 1.54987 3.74171 9.4436
      vertex 1.59378 7.82224 9.57295
      vertex 1.5244 3.75036 9.36857
    endloop
  endfacet
  facet normal -0.946927 0 0.32145
    outer loop
      vertex 1.59378 7.82224 9.57295
      vertex 1.54987 3.74171 9.4436
      vertex 1.59378 3.72006 9.57295
    endloop
  endfacet
  facet normal -0.896897 0 -0.44224
    outer loop
      vertex 1.5244 -7.83604 10.6314
      vertex 1.42894 -3.78276 10.825
      vertex 1.5244 -3.75036 10.6314
    endloop
  endfacet
  facet normal -0.896897 -0 -0.44224
    outer loop
      vertex 1.42894 -3.78276 10.825
      vertex 1.5244 -7.83604 10.6314
      vertex 1.42894 -7.85503 10.825
    endloop
  endfacet
  facet normal -0.896897 0 -0.44224
    outer loop
      vertex 1.5244 7.83604 10.6314
      vertex 1.42894 3.78276 10.825
      vertex 1.42894 7.85503 10.825
    endloop
  endfacet
  facet normal -0.896897 0 -0.44224
    outer loop
      vertex 1.42894 3.78276 10.825
      vertex 1.5244 7.83604 10.6314
      vertex 1.5244 3.75036 10.6314
    endloop
  endfacet
  facet normal -0.442617 -0 -0.896711
    outer loop
      vertex 0.7 -3.98126 11.4906
      vertex 0.825 -7.94593 11.4289
      vertex 0.7 -7.95412 11.4906
    endloop
  endfacet
  facet normal -0.442617 0 -0.896711
    outer loop
      vertex 0.825 -7.94593 11.4289
      vertex 0.7 -3.98126 11.4906
      vertex 0.825 -3.9564 11.4289
    endloop
  endfacet
  facet normal -0.442617 0 -0.896711
    outer loop
      vertex 0.7 3.98126 11.4906
      vertex 0.825 7.94593 11.4289
      vertex 0.825 3.9564 11.4289
    endloop
  endfacet
  facet normal -0.442617 0 -0.896711
    outer loop
      vertex 0.825 7.94593 11.4289
      vertex 0.7 3.98126 11.4906
      vertex 0.7 7.95412 11.4906
    endloop
  endfacet
  facet normal -0.751715 0 -0.659488
    outer loop
      vertex 1.30903 -7.87888 11.0045
      vertex 1.16673 -3.87177 11.1667
      vertex 1.30903 -3.82346 11.0045
    endloop
  endfacet
  facet normal -0.751715 -0 -0.659488
    outer loop
      vertex 1.16673 -3.87177 11.1667
      vertex 1.30903 -7.87888 11.0045
      vertex 1.16673 -7.90719 11.1667
    endloop
  endfacet
  facet normal -0.751715 0 -0.659488
    outer loop
      vertex 1.30903 7.87888 11.0045
      vertex 1.16673 3.87177 11.1667
      vertex 1.16673 7.90719 11.1667
    endloop
  endfacet
  facet normal -0.751715 0 -0.659488
    outer loop
      vertex 1.16673 3.87177 11.1667
      vertex 1.30903 7.87888 11.0045
      vertex 1.30903 3.82346 11.0045
    endloop
  endfacet
  facet normal -0.659344 0 0.751841
    outer loop
      vertex 1.04822 -3.912 8.72934
      vertex 1.16673 -7.90719 8.83327
      vertex 1.16673 -3.87177 8.83327
    endloop
  endfacet
  facet normal -0.659283 3.19851e-06 0.751895
    outer loop
      vertex 1.00446 -3.9207 8.69097
      vertex 1.16673 -7.90719 8.83327
      vertex 1.04822 -3.912 8.72934
    endloop
  endfacet
  facet normal -0.659328 0 0.751856
    outer loop
      vertex 1.00446 -7.93416 8.69097
      vertex 1.16673 -7.90719 8.83327
      vertex 1.00446 -3.9207 8.69097
    endloop
  endfacet
  facet normal -0.659361 0.00035524 0.751827
    outer loop
      vertex 1.16673 -7.90719 8.83327
      vertex 1.00446 -7.93416 8.69097
      vertex 1.04421 -7.93156 8.72583
    endloop
  endfacet
  facet normal -0.659344 0 0.751841
    outer loop
      vertex 1.16673 7.90719 8.83327
      vertex 1.04822 3.912 8.72934
      vertex 1.16673 3.87177 8.83327
    endloop
  endfacet
  facet normal -0.659361 -0.00035524 0.751827
    outer loop
      vertex 1.00446 7.93416 8.69097
      vertex 1.16673 7.90719 8.83327
      vertex 1.04421 7.93156 8.72583
    endloop
  endfacet
  facet normal -0.659328 0 0.751856
    outer loop
      vertex 1.16673 7.90719 8.83327
      vertex 1.00446 7.93416 8.69097
      vertex 1.00446 3.9207 8.69097
    endloop
  endfacet
  facet normal -0.659283 -3.19851e-06 0.751895
    outer loop
      vertex 1.16673 7.90719 8.83327
      vertex 1.00446 3.9207 8.69097
      vertex 1.04822 3.912 8.72934
    endloop
  endfacet
  facet normal 0.442617 0 -0.896711
    outer loop
      vertex -0.825 -7.94593 11.4289
      vertex -0.7 -3.98126 11.4906
      vertex -0.7 -7.95412 11.4906
    endloop
  endfacet
  facet normal 0.442617 0 -0.896711
    outer loop
      vertex -0.7 -3.98126 11.4906
      vertex -0.825 -7.94593 11.4289
      vertex -0.825 -3.9564 11.4289
    endloop
  endfacet
  facet normal 0.442617 0 -0.896711
    outer loop
      vertex -0.825 7.94593 11.4289
      vertex -0.7 3.98126 11.4906
      vertex -0.825 3.9564 11.4289
    endloop
  endfacet
  facet normal 0.442617 0 -0.896711
    outer loop
      vertex -0.7 3.98126 11.4906
      vertex -0.825 7.94593 11.4289
      vertex -0.7 7.95412 11.4906
    endloop
  endfacet
  facet normal -0.659595 0 -0.751621
    outer loop
      vertex 1.16673 -7.90719 11.1667
      vertex 1.04822 -3.912 11.2707
      vertex 1.16673 -3.87177 11.1667
    endloop
  endfacet
  facet normal -0.658262 -0.0109163 -0.75271
    outer loop
      vertex 1.00446 -7.93416 11.309
      vertex 1.16673 -7.90719 11.1667
      vertex 1.04421 -7.93156 11.2742
    endloop
  endfacet
  facet normal -0.659328 0 -0.751856
    outer loop
      vertex 1.16673 -7.90719 11.1667
      vertex 1.00446 -7.93416 11.309
      vertex 1.00446 -3.9207 11.309
    endloop
  endfacet
  facet normal -0.658608 5.18044e-05 -0.752486
    outer loop
      vertex 1.16673 -7.90719 11.1667
      vertex 1.00446 -3.9207 11.309
      vertex 1.04822 -3.912 11.2707
    endloop
  endfacet
  facet normal -0.659595 0 -0.751621
    outer loop
      vertex 1.04822 3.912 11.2707
      vertex 1.16673 7.90719 11.1667
      vertex 1.16673 3.87177 11.1667
    endloop
  endfacet
  facet normal -0.658608 -5.18044e-05 -0.752486
    outer loop
      vertex 1.00446 3.9207 11.309
      vertex 1.16673 7.90719 11.1667
      vertex 1.04822 3.912 11.2707
    endloop
  endfacet
  facet normal -0.659328 -0 -0.751856
    outer loop
      vertex 1.00446 7.93416 11.309
      vertex 1.16673 7.90719 11.1667
      vertex 1.00446 3.9207 11.309
    endloop
  endfacet
  facet normal -0.658262 0.0109163 -0.75271
    outer loop
      vertex 1.16673 7.90719 11.1667
      vertex 1.00446 7.93416 11.309
      vertex 1.04421 7.93156 11.2742
    endloop
  endfacet
  facet normal -0.98079 0 0.195065
    outer loop
      vertex 1.59378 -3.72006 9.57295
      vertex 1.63588 -7.81387 9.78463
      vertex 1.63588 -3.69929 9.78463
    endloop
  endfacet
  facet normal -0.98079 0 0.195065
    outer loop
      vertex 1.63588 -7.81387 9.78463
      vertex 1.59378 -3.72006 9.57295
      vertex 1.59378 -7.82224 9.57295
    endloop
  endfacet
  facet normal -0.98079 0 0.195065
    outer loop
      vertex 1.59378 3.72006 9.57295
      vertex 1.63588 7.81387 9.78463
      vertex 1.59378 7.82224 9.57295
    endloop
  endfacet
  facet normal -0.98079 0 0.195065
    outer loop
      vertex 1.63588 7.81387 9.78463
      vertex 1.59378 3.72006 9.57295
      vertex 1.63588 3.69929 9.78463
    endloop
  endfacet
  facet normal -0.555534 -0 -0.831494
    outer loop
      vertex 0.825 -3.9564 11.4289
      vertex 1.00446 -7.93416 11.309
      vertex 0.825 -7.94593 11.4289
    endloop
  endfacet
  facet normal -0.555534 0 -0.831494
    outer loop
      vertex 1.00446 -7.93416 11.309
      vertex 0.825 -3.9564 11.4289
      vertex 1.00446 -3.9207 11.309
    endloop
  endfacet
  facet normal -0.555534 0 -0.831494
    outer loop
      vertex 0.825 3.9564 11.4289
      vertex 1.00446 7.93416 11.309
      vertex 1.00446 3.9207 11.309
    endloop
  endfacet
  facet normal -0.555534 0 -0.831494
    outer loop
      vertex 1.00446 7.93416 11.309
      vertex 0.825 3.9564 11.4289
      vertex 0.825 7.94593 11.4289
    endloop
  endfacet
  facet normal -0.896869 0 0.442296
    outer loop
      vertex 1.42894 -3.78276 9.175
      vertex 1.5244 -7.83604 9.36857
      vertex 1.5244 -3.75036 9.36857
    endloop
  endfacet
  facet normal -0.896869 0 0.442296
    outer loop
      vertex 1.5244 -7.83604 9.36857
      vertex 1.42894 -3.78276 9.175
      vertex 1.42894 -7.85503 9.175
    endloop
  endfacet
  facet normal -0.896869 0 0.442296
    outer loop
      vertex 1.42894 3.78276 9.175
      vertex 1.5244 7.83604 9.36857
      vertex 1.42894 7.85503 9.175
    endloop
  endfacet
  facet normal -0.896869 0 0.442296
    outer loop
      vertex 1.5244 7.83604 9.36857
      vertex 1.42894 3.78276 9.175
      vertex 1.5244 3.75036 9.36857
    endloop
  endfacet
  facet normal -0.751856 0 0.659328
    outer loop
      vertex 1.16673 -3.87177 8.83327
      vertex 1.30903 -7.87888 8.99554
      vertex 1.30903 -3.82346 8.99554
    endloop
  endfacet
  facet normal -0.751856 0 0.659328
    outer loop
      vertex 1.30903 -7.87888 8.99554
      vertex 1.16673 -3.87177 8.83327
      vertex 1.16673 -7.90719 8.83327
    endloop
  endfacet
  facet normal -0.751856 0 0.659328
    outer loop
      vertex 1.16673 3.87177 8.83327
      vertex 1.30903 7.87888 8.99554
      vertex 1.16673 7.90719 8.83327
    endloop
  endfacet
  facet normal -0.751856 0 0.659328
    outer loop
      vertex 1.30903 7.87888 8.99554
      vertex 1.16673 3.87177 8.83327
      vertex 1.30903 3.82346 8.99554
    endloop
  endfacet
  facet normal -0.831472 0 0.555566
    outer loop
      vertex 1.30903 -3.82346 8.99554
      vertex 1.42894 -7.85503 9.175
      vertex 1.42894 -3.78276 9.175
    endloop
  endfacet
  facet normal -0.831472 0 0.555566
    outer loop
      vertex 1.42894 -7.85503 9.175
      vertex 1.30903 -3.82346 8.99554
      vertex 1.30903 -7.87888 8.99554
    endloop
  endfacet
  facet normal -0.831472 0 0.555566
    outer loop
      vertex 1.30903 3.82346 8.99554
      vertex 1.42894 7.85503 9.175
      vertex 1.30903 7.87888 8.99554
    endloop
  endfacet
  facet normal -0.831472 0 0.555566
    outer loop
      vertex 1.42894 7.85503 9.175
      vertex 1.30903 3.82346 8.99554
      vertex 1.42894 3.78276 9.175
    endloop
  endfacet
  facet normal 0.997858 0 -0.0654121
    outer loop
      vertex -1.63588 -3.69929 10.2154
      vertex -1.65 -7.81106 10
      vertex -1.65 -3.69233 10
    endloop
  endfacet
  facet normal 0.997858 0 -0.0654121
    outer loop
      vertex -1.65 -7.81106 10
      vertex -1.63588 -3.69929 10.2154
      vertex -1.63588 -7.81387 10.2154
    endloop
  endfacet
  facet normal 0.997858 0 -0.0654121
    outer loop
      vertex -1.63588 3.69929 10.2154
      vertex -1.65 7.81106 10
      vertex -1.63588 7.81387 10.2154
    endloop
  endfacet
  facet normal 0.997858 0 -0.0654121
    outer loop
      vertex -1.65 7.81106 10
      vertex -1.63588 3.69929 10.2154
      vertex -1.65 3.69233 10
    endloop
  endfacet
  facet normal 0.659328 0 0.751856
    outer loop
      vertex -1.16673 -7.90719 8.83327
      vertex -1.00446 -7.93416 8.69097
      vertex -1.00446 -3.9207 8.69097
    endloop
  endfacet
  facet normal 0.659283 3.19851e-06 0.751895
    outer loop
      vertex -1.16673 -7.90719 8.83327
      vertex -1.00446 -3.9207 8.69097
      vertex -1.04822 -3.912 8.72934
    endloop
  endfacet
  facet normal 0.659344 -0 0.751841
    outer loop
      vertex -1.16673 -7.90719 8.83327
      vertex -1.04822 -3.912 8.72934
      vertex -1.16673 -3.87177 8.83327
    endloop
  endfacet
  facet normal 0.659361 0.00035524 0.751827
    outer loop
      vertex -1.00446 -7.93416 8.69097
      vertex -1.16673 -7.90719 8.83327
      vertex -1.04421 -7.93156 8.72583
    endloop
  endfacet
  facet normal 0.659361 -0.00035524 0.751827
    outer loop
      vertex -1.16673 7.90719 8.83327
      vertex -1.00446 7.93416 8.69097
      vertex -1.04421 7.93156 8.72583
    endloop
  endfacet
  facet normal 0.659328 0 0.751856
    outer loop
      vertex -1.00446 7.93416 8.69097
      vertex -1.16673 7.90719 8.83327
      vertex -1.00446 3.9207 8.69097
    endloop
  endfacet
  facet normal 0.659283 -3.19851e-06 0.751895
    outer loop
      vertex -1.00446 3.9207 8.69097
      vertex -1.16673 7.90719 8.83327
      vertex -1.04822 3.912 8.72934
    endloop
  endfacet
  facet normal 0.659344 0 0.751841
    outer loop
      vertex -1.04822 3.912 8.72934
      vertex -1.16673 7.90719 8.83327
      vertex -1.16673 3.87177 8.83327
    endloop
  endfacet
  facet normal -0.997858 0 0.0654211
    outer loop
      vertex 1.63588 -3.69929 9.78463
      vertex 1.65 -7.81106 10
      vertex 1.65 -3.69233 10
    endloop
  endfacet
  facet normal -0.997858 0 0.0654211
    outer loop
      vertex 1.65 -7.81106 10
      vertex 1.63588 -3.69929 9.78463
      vertex 1.63588 -7.81387 9.78463
    endloop
  endfacet
  facet normal -0.997858 0 0.0654211
    outer loop
      vertex 1.63588 3.69929 9.78463
      vertex 1.65 7.81106 10
      vertex 1.63588 7.81387 9.78463
    endloop
  endfacet
  facet normal -0.997858 0 0.0654211
    outer loop
      vertex 1.65 7.81106 10
      vertex 1.63588 3.69929 9.78463
      vertex 1.65 3.69233 10
    endloop
  endfacet
  facet normal 0.980794 0 -0.195047
    outer loop
      vertex -1.59378 -3.72006 10.4271
      vertex -1.63588 -7.81387 10.2154
      vertex -1.63588 -3.69929 10.2154
    endloop
  endfacet
  facet normal 0.980794 0 -0.195047
    outer loop
      vertex -1.63588 -7.81387 10.2154
      vertex -1.59378 -3.72006 10.4271
      vertex -1.59378 -7.82224 10.4271
    endloop
  endfacet
  facet normal 0.980794 0 -0.195047
    outer loop
      vertex -1.59378 3.72006 10.4271
      vertex -1.63588 7.81387 10.2154
      vertex -1.59378 7.82224 10.4271
    endloop
  endfacet
  facet normal 0.980794 0 -0.195047
    outer loop
      vertex -1.63588 7.81387 10.2154
      vertex -1.59378 3.72006 10.4271
      vertex -1.63588 3.69929 10.2154
    endloop
  endfacet
  facet normal 0.442328 -0 0.896853
    outer loop
      vertex -0.825 -7.94593 8.57106
      vertex -0.7 -3.98126 8.50941
      vertex -0.825 -3.9564 8.57106
    endloop
  endfacet
  facet normal 0.442328 0 0.896853
    outer loop
      vertex -0.7 -3.98126 8.50941
      vertex -0.825 -7.94593 8.57106
      vertex -0.7 -7.95412 8.50941
    endloop
  endfacet
  facet normal 0.442328 0 0.896853
    outer loop
      vertex -0.825 7.94593 8.57106
      vertex -0.7 3.98126 8.50941
      vertex -0.7 7.95412 8.50941
    endloop
  endfacet
  facet normal 0.442328 0 0.896853
    outer loop
      vertex -0.7 3.98126 8.50941
      vertex -0.825 7.94593 8.57106
      vertex -0.825 3.9564 8.57106
    endloop
  endfacet
  facet normal 0.555534 0 -0.831494
    outer loop
      vertex -1.00446 -7.93416 11.309
      vertex -0.825 -3.9564 11.4289
      vertex -0.825 -7.94593 11.4289
    endloop
  endfacet
  facet normal 0.555534 0 -0.831494
    outer loop
      vertex -0.825 -3.9564 11.4289
      vertex -1.00446 -7.93416 11.309
      vertex -1.00446 -3.9207 11.309
    endloop
  endfacet
  facet normal 0.555534 0 -0.831494
    outer loop
      vertex -1.00446 7.93416 11.309
      vertex -0.825 3.9564 11.4289
      vertex -1.00446 3.9207 11.309
    endloop
  endfacet
  facet normal 0.555534 0 -0.831494
    outer loop
      vertex -0.825 3.9564 11.4289
      vertex -1.00446 7.93416 11.309
      vertex -0.825 7.94593 11.4289
    endloop
  endfacet
  facet normal 0.896869 -0 0.442296
    outer loop
      vertex -1.5244 -7.83604 9.36857
      vertex -1.42894 -3.78276 9.175
      vertex -1.5244 -3.75036 9.36857
    endloop
  endfacet
  facet normal 0.896869 0 0.442296
    outer loop
      vertex -1.42894 -3.78276 9.175
      vertex -1.5244 -7.83604 9.36857
      vertex -1.42894 -7.85503 9.175
    endloop
  endfacet
  facet normal 0.896869 0 0.442296
    outer loop
      vertex -1.5244 7.83604 9.36857
      vertex -1.42894 3.78276 9.175
      vertex -1.42894 7.85503 9.175
    endloop
  endfacet
  facet normal 0.896869 0 0.442296
    outer loop
      vertex -1.42894 3.78276 9.175
      vertex -1.5244 7.83604 9.36857
      vertex -1.5244 3.75036 9.36857
    endloop
  endfacet
  facet normal 0.946889 0 -0.321561
    outer loop
      vertex -1.54987 -3.74171 10.5564
      vertex -1.59378 -7.82224 10.4271
      vertex -1.59378 -3.72006 10.4271
    endloop
  endfacet
  facet normal 0.946888 6.47375e-08 -0.321563
    outer loop
      vertex -1.5244 -3.75036 10.6314
      vertex -1.59378 -7.82224 10.4271
      vertex -1.54987 -3.74171 10.5564
    endloop
  endfacet
  facet normal 0.946889 0 -0.321562
    outer loop
      vertex -1.59378 -7.82224 10.4271
      vertex -1.5244 -3.75036 10.6314
      vertex -1.5244 -7.83604 10.6314
    endloop
  endfacet
  facet normal 0.946889 0 -0.321562
    outer loop
      vertex -1.5244 3.75036 10.6314
      vertex -1.59378 7.82224 10.4271
      vertex -1.5244 7.83604 10.6314
    endloop
  endfacet
  facet normal 0.946888 -6.47375e-08 -0.321563
    outer loop
      vertex -1.54987 3.74171 10.5564
      vertex -1.59378 7.82224 10.4271
      vertex -1.5244 3.75036 10.6314
    endloop
  endfacet
  facet normal 0.946889 0 -0.321561
    outer loop
      vertex -1.59378 7.82224 10.4271
      vertex -1.54987 3.74171 10.5564
      vertex -1.59378 3.72006 10.4271
    endloop
  endfacet
  facet normal 0.98079 -0 0.195065
    outer loop
      vertex -1.63588 -7.81387 9.78463
      vertex -1.59378 -3.72006 9.57295
      vertex -1.63588 -3.69929 9.78463
    endloop
  endfacet
  facet normal 0.98079 0 0.195065
    outer loop
      vertex -1.59378 -3.72006 9.57295
      vertex -1.63588 -7.81387 9.78463
      vertex -1.59378 -7.82224 9.57295
    endloop
  endfacet
  facet normal 0.98079 0 0.195065
    outer loop
      vertex -1.63588 7.81387 9.78463
      vertex -1.59378 3.72006 9.57295
      vertex -1.59378 7.82224 9.57295
    endloop
  endfacet
  facet normal 0.98079 0 0.195065
    outer loop
      vertex -1.59378 3.72006 9.57295
      vertex -1.63588 7.81387 9.78463
      vertex -1.63588 3.69929 9.78463
    endloop
  endfacet
  facet normal 0.83153 0 -0.55548
    outer loop
      vertex -1.30903 -3.82346 11.0045
      vertex -1.42894 -7.85503 10.825
      vertex -1.42894 -3.78276 10.825
    endloop
  endfacet
  facet normal 0.83153 0 -0.55548
    outer loop
      vertex -1.42894 -7.85503 10.825
      vertex -1.30903 -3.82346 11.0045
      vertex -1.30903 -7.87888 11.0045
    endloop
  endfacet
  facet normal 0.83153 0 -0.55548
    outer loop
      vertex -1.30903 3.82346 11.0045
      vertex -1.42894 7.85503 10.825
      vertex -1.30903 7.87888 11.0045
    endloop
  endfacet
  facet normal 0.83153 0 -0.55548
    outer loop
      vertex -1.42894 7.85503 10.825
      vertex -1.30903 3.82346 11.0045
      vertex -1.42894 3.78276 10.825
    endloop
  endfacet
  facet normal 0.946927 -0 0.32145
    outer loop
      vertex -1.59378 -7.82224 9.57295
      vertex -1.54987 -3.74171 9.4436
      vertex -1.59378 -3.72006 9.57295
    endloop
  endfacet
  facet normal 0.946927 -7.02612e-08 0.321448
    outer loop
      vertex -1.59378 -7.82224 9.57295
      vertex -1.5244 -3.75036 9.36857
      vertex -1.54987 -3.74171 9.4436
    endloop
  endfacet
  facet normal 0.946927 0 0.321449
    outer loop
      vertex -1.5244 -3.75036 9.36857
      vertex -1.59378 -7.82224 9.57295
      vertex -1.5244 -7.83604 9.36857
    endloop
  endfacet
  facet normal 0.946927 0 0.321449
    outer loop
      vertex -1.59378 7.82224 9.57295
      vertex -1.5244 3.75036 9.36857
      vertex -1.5244 7.83604 9.36857
    endloop
  endfacet
  facet normal 0.946927 7.02612e-08 0.321448
    outer loop
      vertex -1.59378 7.82224 9.57295
      vertex -1.54987 3.74171 9.4436
      vertex -1.5244 3.75036 9.36857
    endloop
  endfacet
  facet normal 0.946927 0 0.32145
    outer loop
      vertex -1.54987 3.74171 9.4436
      vertex -1.59378 7.82224 9.57295
      vertex -1.59378 3.72006 9.57295
    endloop
  endfacet
  facet normal 0.896897 0 -0.44224
    outer loop
      vertex -1.42894 -3.78276 10.825
      vertex -1.5244 -7.83604 10.6314
      vertex -1.5244 -3.75036 10.6314
    endloop
  endfacet
  facet normal 0.896897 0 -0.44224
    outer loop
      vertex -1.5244 -7.83604 10.6314
      vertex -1.42894 -3.78276 10.825
      vertex -1.42894 -7.85503 10.825
    endloop
  endfacet
  facet normal 0.896897 0 -0.44224
    outer loop
      vertex -1.42894 3.78276 10.825
      vertex -1.5244 7.83604 10.6314
      vertex -1.42894 7.85503 10.825
    endloop
  endfacet
  facet normal 0.896897 0 -0.44224
    outer loop
      vertex -1.5244 7.83604 10.6314
      vertex -1.42894 3.78276 10.825
      vertex -1.5244 3.75036 10.6314
    endloop
  endfacet
  facet normal -0.610538 0.301105 -0.732516
    outer loop
      vertex 2.09134 5.25922 -7
      vertex -6.9282 4 0
      vertex 2.16077 5.4 -7
    endloop
  endfacet
  facet normal 0.0654011 0.997859 0
    outer loop
      vertex 1.04421 7.93156 14
      vertex 0.7 7.95412 11.4906
      vertex 0.7 7.95412 14
    endloop
  endfacet
  facet normal 0.0653812 0.99786 2.7414e-06
    outer loop
      vertex 1.04421 7.93156 14
      vertex 0.825 7.94593 11.4289
      vertex 0.7 7.95412 11.4906
    endloop
  endfacet
  facet normal 0.0654433 0.997856 -2.58112e-06
    outer loop
      vertex 1.04421 7.93156 14
      vertex 1.00446 7.93416 11.309
      vertex 0.825 7.94593 11.4289
    endloop
  endfacet
  facet normal 0.0652693 0.997868 0
    outer loop
      vertex 1.00446 7.93416 11.309
      vertex 1.04421 7.93156 14
      vertex 1.04421 7.93156 11.2742
    endloop
  endfacet
  facet normal 0.0652693 0.997868 -0
    outer loop
      vertex 1.04421 7.93156 0
      vertex 1.00446 7.93416 2.69097
      vertex 1.04421 7.93156 2.72583
    endloop
  endfacet
  facet normal 0.0654433 0.997856 2.58115e-06
    outer loop
      vertex 1.04421 7.93156 0
      vertex 0.825 7.94593 2.57106
      vertex 1.00446 7.93416 2.69097
    endloop
  endfacet
  facet normal 0.0653812 0.99786 -2.74154e-06
    outer loop
      vertex 1.04421 7.93156 0
      vertex 0.7 7.95412 2.50941
      vertex 0.825 7.94593 2.57106
    endloop
  endfacet
  facet normal 0.0654011 0.997859 0
    outer loop
      vertex 0.7 7.95412 2.50941
      vertex 1.04421 7.93156 0
      vertex 0.7 7.95412 0
    endloop
  endfacet
  facet normal 0.0653798 0.99786 0
    outer loop
      vertex 0.825 7.94593 8.57106
      vertex 0.7 7.95412 5.49058
      vertex 0.7 7.95412 8.50941
    endloop
  endfacet
  facet normal 0.065445 0.997856 -0
    outer loop
      vertex 0.825 7.94593 5.42894
      vertex 0.825 7.94593 8.57106
      vertex 1.00446 7.93416 8.69097
    endloop
  endfacet
  facet normal 0.0652693 0.997868 -0
    outer loop
      vertex 1.00446 7.93416 5.30903
      vertex 1.00446 7.93416 8.69097
      vertex 1.04421 7.93156 8.72583
    endloop
  endfacet
  facet normal 0.0653798 0.99786 0
    outer loop
      vertex 0.825 7.94593 8.57106
      vertex 0.825 7.94593 5.42894
      vertex 0.7 7.95412 5.49058
    endloop
  endfacet
  facet normal 0.065445 0.997856 0
    outer loop
      vertex 1.00446 7.93416 8.69097
      vertex 1.00446 7.93416 5.30903
      vertex 0.825 7.94593 5.42894
    endloop
  endfacet
  facet normal 0.0652693 0.997868 0
    outer loop
      vertex 1.00446 7.93416 5.30903
      vertex 1.04421 7.93156 8.72583
      vertex 1.04421 7.93156 5.27417
    endloop
  endfacet
  facet normal -0.602664 0.119876 -0.78894
    outer loop
      vertex 2.01027 4.95663 -7
      vertex -7.93156 1.04421 0
      vertex -7.72741 2.07055 0
    endloop
  endfacet
  facet normal 0.532249 -0.796575 0.28667
    outer loop
      vertex 4.87009 -6.34683 14
      vertex 4 -6.9282 14
      vertex 9.53051 -5.75202 7
    endloop
  endfacet
  facet normal 0.433583 0.879157 0.197711
    outer loop
      vertex 9.25922 5.90866 7
      vertex 4 6.9282 14
      vertex 9.4 5.83923 7
    endloop
  endfacet
  facet normal 0.866262 -0.294055 0.403883
    outer loop
      vertex 7.72741 -2.07055 14
      vertex 7.39104 -3.06147 14
      vertex 9.90866 -5.25922 7
    endloop
  endfacet
  facet normal 0.320274 0.943617 0.0837341
    outer loop
      vertex 9.11058 5.95911 7
      vertex 2.07055 7.72741 14
      vertex 9.25922 5.90866 7
    endloop
  endfacet
  facet normal -0.597269 -0.39911 -0.695687
    outer loop
      vertex 2.24798 -5.53051 -7
      vertex -6.9282 -4 0
      vertex 2.16077 -5.4 -7
    endloop
  endfacet
  facet normal 0.94761 0.0621086 0.313334
    outer loop
      vertex 10 4.8 7
      vertex 7.93156 1.04421 14
      vertex 8 0 14
    endloop
  endfacet
  facet normal 0.866277 0.294024 0.403873
    outer loop
      vertex 9.90866 5.25922 7
      vertex 7.72741 2.07055 14
      vertex 9.95911 5.11058 7
    endloop
  endfacet
  facet normal -0.585334 0.0383642 -0.809884
    outer loop
      vertex 2.01027 4.95663 -7
      vertex -8 0 0
      vertex -7.93156 1.04421 0
    endloop
  endfacet
  facet normal -0.946931 -0.321438 0
    outer loop
      vertex -7.39104 -3.06147 0
      vertex -7.72741 -2.07055 14
      vertex -7.72741 -2.07055 0
    endloop
  endfacet
  facet normal -0.946931 -0.321438 0
    outer loop
      vertex -7.72741 -2.07055 14
      vertex -7.39104 -3.06147 0
      vertex -7.39104 -3.06147 14
    endloop
  endfacet
  facet normal -0.602664 -0.119876 -0.78894
    outer loop
      vertex -7.72741 -2.07055 0
      vertex -7.93156 -1.04421 0
      vertex 2.01027 -4.95663 -7
    endloop
  endfacet
  facet normal -0.442295 -0.89687 0
    outer loop
      vertex -4 -6.9282 0
      vertex -3.06147 -7.39104 14
      vertex -4 -6.9282 14
    endloop
  endfacet
  facet normal -0.442295 -0.89687 -0
    outer loop
      vertex -3.06147 -7.39104 14
      vertex -4 -6.9282 0
      vertex -3.06147 -7.39104 0
    endloop
  endfacet
  facet normal -0.465136 -0.696132 -0.546853
    outer loop
      vertex -4 -6.9282 0
      vertex -4.87009 -6.34683 0
      vertex 2.46949 -5.75202 -7
    endloop
  endfacet
  facet normal 0.617351 -0.703943 0.351201
    outer loop
      vertex 5.65685 -5.65685 14
      vertex 4.87009 -6.34683 14
      vertex 9.64853 -5.64853 7
    endloop
  endfacet
  facet normal 0.691203 0.606177 0.393431
    outer loop
      vertex 9.64853 5.64853 7
      vertex 5.65685 5.65685 14
      vertex 6.34683 4.87009 14
    endloop
  endfacet
  facet normal -0 -0.961524 -0.274722
    outer loop
      vertex 8.8 -6 -7
      vertex 0.7 -7.71429 -1
      vertex 3.2 -6 -7
    endloop
  endfacet
  facet normal 6.01883e-06 -0.961526 -0.274714
    outer loop
      vertex 0.7 -7.71429 -1
      vertex 8.8 -6 -7
      vertex 0.7 -7.84091 -0.556818
    endloop
  endfacet
  facet normal 0 -0.961524 -0.274722
    outer loop
      vertex 0.457143 -7.71429 -1
      vertex 3.2 -6 -7
      vertex 0.7 -7.71429 -1
    endloop
  endfacet
  facet normal -0.611663 0.20763 -0.763386
    outer loop
      vertex 2.09134 5.25922 -7
      vertex -7.72741 2.07055 0
      vertex -7.39104 3.06147 0
    endloop
  endfacet
  facet normal 0.243611 -0.969873 0
    outer loop
      vertex 2.07055 -7.72741 0
      vertex 9.11058 -5.95911 7
      vertex 2.07055 -7.72741 14
    endloop
  endfacet
  facet normal 0.243611 -0.969873 0
    outer loop
      vertex 9.11058 -5.95911 7
      vertex 2.07055 -7.72741 0
      vertex 9.11058 -5.95911 -7
    endloop
  endfacet
  facet normal 0.980788 -0.195075 0
    outer loop
      vertex 9.95911 -5.11058 7
      vertex 9.98973 -4.95663 -7
      vertex 9.98973 -4.95663 7
    endloop
  endfacet
  facet normal 0.980788 -0.195075 0
    outer loop
      vertex 9.98973 -4.95663 -7
      vertex 9.95911 -5.11058 7
      vertex 9.95911 -5.11058 -7
    endloop
  endfacet
  facet normal -0.997859 -0.065402 0
    outer loop
      vertex -7.93156 -1.04421 0
      vertex -8 0 14
      vertex -8 0 0
    endloop
  endfacet
  facet normal -0.997859 -0.065402 0
    outer loop
      vertex -8 0 14
      vertex -7.93156 -1.04421 0
      vertex -7.93156 -1.04421 14
    endloop
  endfacet
  facet normal -0.659351 -0.751835 0
    outer loop
      vertex -5.65685 -5.65685 0
      vertex -4.87009 -6.34683 14
      vertex -5.65685 -5.65685 14
    endloop
  endfacet
  facet normal -0.659351 -0.751835 -0
    outer loop
      vertex -4.87009 -6.34683 14
      vertex -5.65685 -5.65685 0
      vertex -4.87009 -6.34683 0
    endloop
  endfacet
  facet normal -0.610538 -0.301105 -0.732516
    outer loop
      vertex 2.16077 -5.4 -7
      vertex -6.9282 -4 0
      vertex 2.09134 -5.25922 -7
    endloop
  endfacet
  facet normal 0.947604 -0.062133 0.313346
    outer loop
      vertex 10 -4.8 7
      vertex 7.93156 -1.04421 14
      vertex 9.98973 -4.95663 7
    endloop
  endfacet
  facet normal 0.94761 -0.0621086 0.313334
    outer loop
      vertex 8 0 14
      vertex 7.93156 -1.04421 14
      vertex 10 -4.8 7
    endloop
  endfacet
  facet normal 0.997857 0.065428 0
    outer loop
      vertex 10 4.8 7
      vertex 9.98973 4.95663 -7
      vertex 9.98973 4.95663 7
    endloop
  endfacet
  facet normal 0.997857 0.065428 0
    outer loop
      vertex 9.98973 4.95663 -7
      vertex 10 4.8 7
      vertex 10 4.8 -7
    endloop
  endfacet
  facet normal 0.947604 0.062133 0.313346
    outer loop
      vertex 9.98973 4.95663 7
      vertex 7.93156 1.04421 14
      vertex 10 4.8 7
    endloop
  endfacet
  facet normal -0.195089 -0.980786 0
    outer loop
      vertex -2.07055 -7.72741 14
      vertex -1.04421 -7.93156 11.2742
      vertex -1.04421 -7.93156 14
    endloop
  endfacet
  facet normal -0.195086 -0.980786 1.21898e-06
    outer loop
      vertex -2.07055 -7.72741 14
      vertex -1.16673 -7.90719 11.1667
      vertex -1.04421 -7.93156 11.2742
    endloop
  endfacet
  facet normal -0.195113 -0.980781 -7.93897e-06
    outer loop
      vertex -2.07055 -7.72741 14
      vertex -1.30903 -7.87888 11.0045
      vertex -1.16673 -7.90719 11.1667
    endloop
  endfacet
  facet normal -0.195079 -0.980787 1.01998e-06
    outer loop
      vertex -2.07055 -7.72741 14
      vertex -1.42894 -7.85503 10.825
      vertex -1.30903 -7.87888 11.0045
    endloop
  endfacet
  facet normal -0.195101 -0.980783 -3.60063e-06
    outer loop
      vertex -2.07055 -7.72741 14
      vertex -1.5244 -7.83604 10.6314
      vertex -1.42894 -7.85503 10.825
    endloop
  endfacet
  facet normal -0.195082 -0.980787 -3.42559e-07
    outer loop
      vertex -2.07055 -7.72741 14
      vertex -1.59378 -7.82224 10.4271
      vertex -1.5244 -7.83604 10.6314
    endloop
  endfacet
  facet normal -0.19503 -0.980797 6.93832e-06
    outer loop
      vertex -2.07055 -7.72741 14
      vertex -1.63588 -7.81387 10.2154
      vertex -1.59378 -7.82224 10.4271
    endloop
  endfacet
  facet normal -0.195122 -0.980779 -4.05139e-06
    outer loop
      vertex -2.07055 -7.72741 14
      vertex -1.65 -7.81106 10
      vertex -1.63588 -7.81387 10.2154
    endloop
  endfacet
  facet normal -0.194925 -0.980818 1.74767e-05
    outer loop
      vertex -2.07055 -7.72741 14
      vertex -1.63588 -7.81387 9.78463
      vertex -1.65 -7.81106 10
    endloop
  endfacet
  facet normal -0.195085 -0.980786 0
    outer loop
      vertex -1.16673 -7.90719 8.83327
      vertex -1.04421 -7.93156 5.27417
      vertex -1.04421 -7.93156 8.72583
    endloop
  endfacet
  facet normal -0.195122 -0.980779 0
    outer loop
      vertex -1.16673 -7.90719 5.16673
      vertex -1.16673 -7.90719 8.83327
      vertex -1.30903 -7.87888 8.99554
    endloop
  endfacet
  facet normal -0.195078 -0.980788 0
    outer loop
      vertex -1.30903 -7.87888 5.00446
      vertex -1.30903 -7.87888 8.99554
      vertex -1.42894 -7.85503 9.175
    endloop
  endfacet
  facet normal -0.195108 -0.980782 0
    outer loop
      vertex -1.42894 -7.85503 4.825
      vertex -1.42894 -7.85503 9.175
      vertex -1.5244 -7.83604 9.36857
    endloop
  endfacet
  facet normal -0.195083 -0.980787 0
    outer loop
      vertex -1.5244 -7.83604 4.63143
      vertex -1.5244 -7.83604 9.36857
      vertex -1.59378 -7.82224 9.57295
    endloop
  endfacet
  facet normal -0.194996 -0.980804 0
    outer loop
      vertex -1.59378 -7.82224 4.42705
      vertex -1.59378 -7.82224 9.57295
      vertex -1.63588 -7.81387 9.78463
    endloop
  endfacet
  facet normal -0.195085 -0.980786 -0
    outer loop
      vertex -1.16673 -7.90719 8.83327
      vertex -1.16673 -7.90719 5.16673
      vertex -1.04421 -7.93156 5.27417
    endloop
  endfacet
  facet normal -0.195088 -0.980786 0
    outer loop
      vertex -1.63588 -7.81387 4.21537
      vertex -1.63588 -7.81387 9.78463
      vertex -2.07055 -7.72741 14
    endloop
  endfacet
  facet normal -0.195122 -0.980779 -0
    outer loop
      vertex -1.30903 -7.87888 8.99554
      vertex -1.30903 -7.87888 5.00446
      vertex -1.16673 -7.90719 5.16673
    endloop
  endfacet
  facet normal -0.195078 -0.980788 -0
    outer loop
      vertex -1.42894 -7.85503 9.175
      vertex -1.42894 -7.85503 4.825
      vertex -1.30903 -7.87888 5.00446
    endloop
  endfacet
  facet normal -0.195108 -0.980782 -0
    outer loop
      vertex -1.5244 -7.83604 9.36857
      vertex -1.5244 -7.83604 4.63143
      vertex -1.42894 -7.85503 4.825
    endloop
  endfacet
  facet normal -0.195083 -0.980787 -0
    outer loop
      vertex -1.59378 -7.82224 9.57295
      vertex -1.59378 -7.82224 4.42705
      vertex -1.5244 -7.83604 4.63143
    endloop
  endfacet
  facet normal -0.194996 -0.980804 -0
    outer loop
      vertex -1.63588 -7.81387 9.78463
      vertex -1.63588 -7.81387 4.21537
      vertex -1.59378 -7.82224 4.42705
    endloop
  endfacet
  facet normal -0.195143 -0.980775 -2.5707e-06
    outer loop
      vertex -2.07055 -7.72741 14
      vertex -1.65 -7.81106 4
      vertex -1.63588 -7.81387 4.21537
    endloop
  endfacet
  facet normal -0.195084 -0.980786 0
    outer loop
      vertex -2.07055 -7.72741 0
      vertex -1.65 -7.81106 4
      vertex -2.07055 -7.72741 14
    endloop
  endfacet
  facet normal -0.195122 -0.980779 4.05174e-06
    outer loop
      vertex -2.07055 -7.72741 0
      vertex -1.63588 -7.81387 3.78463
      vertex -1.65 -7.81106 4
    endloop
  endfacet
  facet normal -0.19503 -0.980797 -6.93853e-06
    outer loop
      vertex -2.07055 -7.72741 0
      vertex -1.59378 -7.82224 3.57295
      vertex -1.63588 -7.81387 3.78463
    endloop
  endfacet
  facet normal -0.195082 -0.980787 3.42518e-07
    outer loop
      vertex -2.07055 -7.72741 0
      vertex -1.5244 -7.83604 3.36857
      vertex -1.59378 -7.82224 3.57295
    endloop
  endfacet
  facet normal -0.195101 -0.980783 3.60079e-06
    outer loop
      vertex -2.07055 -7.72741 0
      vertex -1.42894 -7.85503 3.175
      vertex -1.5244 -7.83604 3.36857
    endloop
  endfacet
  facet normal -0.195079 -0.980787 -1.02004e-06
    outer loop
      vertex -2.07055 -7.72741 0
      vertex -1.30903 -7.87888 2.99554
      vertex -1.42894 -7.85503 3.175
    endloop
  endfacet
  facet normal -0.195113 -0.980781 7.93811e-06
    outer loop
      vertex -2.07055 -7.72741 0
      vertex -1.16673 -7.90719 2.83327
      vertex -1.30903 -7.87888 2.99554
    endloop
  endfacet
  facet normal -0.195086 -0.980786 -1.21914e-06
    outer loop
      vertex -2.07055 -7.72741 0
      vertex -1.04421 -7.93156 2.72583
      vertex -1.16673 -7.90719 2.83327
    endloop
  endfacet
  facet normal -0.195089 -0.980786 -0
    outer loop
      vertex -1.04421 -7.93156 2.72583
      vertex -2.07055 -7.72741 0
      vertex -1.04421 -7.93156 0
    endloop
  endfacet
  facet normal -0.386487 0.783662 -0.486314
    outer loop
      vertex 2.6 5.83923 -7
      vertex -4 6.9282 0
      vertex 2.74078 5.90866 -7
    endloop
  endfacet
  facet normal 0.433566 0.879169 0.197696
    outer loop
      vertex 9.25922 5.90866 7
      vertex 3.06147 7.39104 14
      vertex 4 6.9282 14
    endloop
  endfacet
  facet normal 0.0640728 -0.977931 -0.19886
    outer loop
      vertex 8.8 -6 -7
      vertex 0.7 -7.84289 -0.547081
      vertex 0.7 -7.84091 -0.556818
    endloop
  endfacet
  facet normal 0.0641221 -0.97794 -0.198801
    outer loop
      vertex 0.7 -7.84289 -0.547081
      vertex 8.8 -6 -7
      vertex 8.95663 -5.98973 -7
    endloop
  endfacet
  facet normal 0.532249 0.796575 0.28667
    outer loop
      vertex 9.53051 5.75202 7
      vertex 4 6.9282 14
      vertex 4.87009 6.34683 14
    endloop
  endfacet
  facet normal 0.659307 -0.751874 0
    outer loop
      vertex 9.53051 -5.75202 -7
      vertex 9.64853 -5.64853 7
      vertex 9.53051 -5.75202 7
    endloop
  endfacet
  facet normal 0.659307 -0.751874 0
    outer loop
      vertex 9.64853 -5.64853 7
      vertex 9.53051 -5.75202 -7
      vertex 9.64853 -5.64853 -7
    endloop
  endfacet
  facet normal 0.756257 -0.50535 0.415568
    outer loop
      vertex 9.83923 -5.4 7
      vertex 6.9282 -4 14
      vertex 9.75202 -5.53051 7
    endloop
  endfacet
  facet normal 0.320308 0.943602 0.083773
    outer loop
      vertex 9.25922 5.90866 7
      vertex 2.07055 7.72741 14
      vertex 3.06147 7.39104 14
    endloop
  endfacet
  facet normal 0.617316 0.703987 0.351173
    outer loop
      vertex 9.53051 5.75202 7
      vertex 4.87009 6.34683 14
      vertex 9.64853 5.64853 7
    endloop
  endfacet
  facet normal -0.611663 -0.20763 -0.763386
    outer loop
      vertex -7.39104 -3.06147 0
      vertex -7.72741 -2.07055 0
      vertex 2.09134 -5.25922 -7
    endloop
  endfacet
  facet normal -0.465156 0.696108 -0.546867
    outer loop
      vertex 2.46949 5.75202 -7
      vertex -4 6.9282 0
      vertex 2.6 5.83923 -7
    endloop
  endfacet
  facet normal 0.911451 -0.181284 0.369313
    outer loop
      vertex 9.98973 -4.95663 7
      vertex 7.72741 -2.07055 14
      vertex 9.95911 -5.11058 7
    endloop
  endfacet
  facet normal 0.617351 0.703943 0.351201
    outer loop
      vertex 9.64853 5.64853 7
      vertex 4.87009 6.34683 14
      vertex 5.65685 5.65685 14
    endloop
  endfacet
  facet normal 0.814354 -0.401602 0.418979
    outer loop
      vertex 7.39104 -3.06147 14
      vertex 6.9282 -4 14
      vertex 9.90866 -5.25922 7
    endloop
  endfacet
  facet normal -0.831472 -0.555567 0
    outer loop
      vertex -6.34683 -4.87009 0
      vertex -6.9282 -4 14
      vertex -6.9282 -4 0
    endloop
  endfacet
  facet normal -0.831472 -0.555567 0
    outer loop
      vertex -6.9282 -4 14
      vertex -6.34683 -4.87009 0
      vertex -6.34683 -4.87009 14
    endloop
  endfacet
  facet normal 0.961524 0 0.274721
    outer loop
      vertex 10 4.8 7
      vertex 8 0 14
      vertex 10 -4.8 7
    endloop
  endfacet
  facet normal 0.320308 -0.943602 0.083773
    outer loop
      vertex 3.06147 -7.39104 14
      vertex 2.07055 -7.72741 14
      vertex 9.25922 -5.90866 7
    endloop
  endfacet
  facet normal 0.195089 -0.980786 0
    outer loop
      vertex 1.04421 -7.93156 11.2742
      vertex 2.07055 -7.72741 14
      vertex 1.04421 -7.93156 14
    endloop
  endfacet
  facet normal 0.195086 -0.980786 1.21898e-06
    outer loop
      vertex 1.16673 -7.90719 11.1667
      vertex 2.07055 -7.72741 14
      vertex 1.04421 -7.93156 11.2742
    endloop
  endfacet
  facet normal 0.195113 -0.980781 -7.93897e-06
    outer loop
      vertex 1.30903 -7.87888 11.0045
      vertex 2.07055 -7.72741 14
      vertex 1.16673 -7.90719 11.1667
    endloop
  endfacet
  facet normal 0.195079 -0.980787 1.01998e-06
    outer loop
      vertex 1.42894 -7.85503 10.825
      vertex 2.07055 -7.72741 14
      vertex 1.30903 -7.87888 11.0045
    endloop
  endfacet
  facet normal 0.195101 -0.980783 -3.60063e-06
    outer loop
      vertex 1.5244 -7.83604 10.6314
      vertex 2.07055 -7.72741 14
      vertex 1.42894 -7.85503 10.825
    endloop
  endfacet
  facet normal 0.195082 -0.980787 -3.42559e-07
    outer loop
      vertex 1.59378 -7.82224 10.4271
      vertex 2.07055 -7.72741 14
      vertex 1.5244 -7.83604 10.6314
    endloop
  endfacet
  facet normal 0.19503 -0.980797 6.93832e-06
    outer loop
      vertex 1.63588 -7.81387 10.2154
      vertex 2.07055 -7.72741 14
      vertex 1.59378 -7.82224 10.4271
    endloop
  endfacet
  facet normal 0.195122 -0.980779 -4.05139e-06
    outer loop
      vertex 1.65 -7.81106 10
      vertex 2.07055 -7.72741 14
      vertex 1.63588 -7.81387 10.2154
    endloop
  endfacet
  facet normal 0.194925 -0.980818 1.74767e-05
    outer loop
      vertex 1.63588 -7.81387 9.78463
      vertex 2.07055 -7.72741 14
      vertex 1.65 -7.81106 10
    endloop
  endfacet
  facet normal 0.195085 -0.980786 0
    outer loop
      vertex 1.04421 -7.93156 5.27417
      vertex 1.16673 -7.90719 8.83327
      vertex 1.04421 -7.93156 8.72583
    endloop
  endfacet
  facet normal 0.195085 -0.980786 0
    outer loop
      vertex 1.16673 -7.90719 5.16673
      vertex 1.16673 -7.90719 8.83327
      vertex 1.04421 -7.93156 5.27417
    endloop
  endfacet
  facet normal 0.195122 -0.980779 0
    outer loop
      vertex 1.16673 -7.90719 8.83327
      vertex 1.16673 -7.90719 5.16673
      vertex 1.30903 -7.87888 8.99554
    endloop
  endfacet
  facet normal 0.195122 -0.980779 0
    outer loop
      vertex 1.30903 -7.87888 5.00446
      vertex 1.30903 -7.87888 8.99554
      vertex 1.16673 -7.90719 5.16673
    endloop
  endfacet
  facet normal 0.195078 -0.980788 0
    outer loop
      vertex 1.30903 -7.87888 8.99554
      vertex 1.30903 -7.87888 5.00446
      vertex 1.42894 -7.85503 9.175
    endloop
  endfacet
  facet normal 0.195078 -0.980788 0
    outer loop
      vertex 1.42894 -7.85503 4.825
      vertex 1.42894 -7.85503 9.175
      vertex 1.30903 -7.87888 5.00446
    endloop
  endfacet
  facet normal 0.195108 -0.980782 0
    outer loop
      vertex 1.42894 -7.85503 9.175
      vertex 1.42894 -7.85503 4.825
      vertex 1.5244 -7.83604 9.36857
    endloop
  endfacet
  facet normal 0.195108 -0.980782 0
    outer loop
      vertex 1.5244 -7.83604 4.63143
      vertex 1.5244 -7.83604 9.36857
      vertex 1.42894 -7.85503 4.825
    endloop
  endfacet
  facet normal 0.195083 -0.980787 0
    outer loop
      vertex 1.5244 -7.83604 9.36857
      vertex 1.5244 -7.83604 4.63143
      vertex 1.59378 -7.82224 9.57295
    endloop
  endfacet
  facet normal 0.195083 -0.980787 0
    outer loop
      vertex 1.59378 -7.82224 4.42705
      vertex 1.59378 -7.82224 9.57295
      vertex 1.5244 -7.83604 4.63143
    endloop
  endfacet
  facet normal 0.194996 -0.980804 0
    outer loop
      vertex 1.59378 -7.82224 9.57295
      vertex 1.59378 -7.82224 4.42705
      vertex 1.63588 -7.81387 9.78463
    endloop
  endfacet
  facet normal 0.194996 -0.980804 0
    outer loop
      vertex 1.63588 -7.81387 4.21537
      vertex 1.63588 -7.81387 9.78463
      vertex 1.59378 -7.82224 4.42705
    endloop
  endfacet
  facet normal 0.195088 -0.980786 0
    outer loop
      vertex 1.63588 -7.81387 9.78463
      vertex 1.63588 -7.81387 4.21537
      vertex 2.07055 -7.72741 14
    endloop
  endfacet
  facet normal 0.195143 -0.980775 -2.5707e-06
    outer loop
      vertex 1.65 -7.81106 4
      vertex 2.07055 -7.72741 14
      vertex 1.63588 -7.81387 4.21537
    endloop
  endfacet
  facet normal 0.195089 -0.980786 0
    outer loop
      vertex 2.07055 -7.72741 0
      vertex 1.04421 -7.93156 2.72583
      vertex 1.04421 -7.93156 0
    endloop
  endfacet
  facet normal 0.195086 -0.980786 -1.21914e-06
    outer loop
      vertex 1.04421 -7.93156 2.72583
      vertex 2.07055 -7.72741 0
      vertex 1.16673 -7.90719 2.83327
    endloop
  endfacet
  facet normal 0.195113 -0.980781 7.93811e-06
    outer loop
      vertex 1.16673 -7.90719 2.83327
      vertex 2.07055 -7.72741 0
      vertex 1.30903 -7.87888 2.99554
    endloop
  endfacet
  facet normal 0.195079 -0.980787 -1.02004e-06
    outer loop
      vertex 1.30903 -7.87888 2.99554
      vertex 2.07055 -7.72741 0
      vertex 1.42894 -7.85503 3.175
    endloop
  endfacet
  facet normal 0.195101 -0.980783 3.60079e-06
    outer loop
      vertex 1.42894 -7.85503 3.175
      vertex 2.07055 -7.72741 0
      vertex 1.5244 -7.83604 3.36857
    endloop
  endfacet
  facet normal 0.195082 -0.980787 3.42518e-07
    outer loop
      vertex 1.5244 -7.83604 3.36857
      vertex 2.07055 -7.72741 0
      vertex 1.59378 -7.82224 3.57295
    endloop
  endfacet
  facet normal 0.195084 -0.980786 0
    outer loop
      vertex 1.65 -7.81106 4
      vertex 2.07055 -7.72741 0
      vertex 2.07055 -7.72741 14
    endloop
  endfacet
  facet normal 0.195122 -0.980779 4.05174e-06
    outer loop
      vertex 1.63588 -7.81387 3.78463
      vertex 2.07055 -7.72741 0
      vertex 1.65 -7.81106 4
    endloop
  endfacet
  facet normal 0.19503 -0.980797 -6.93853e-06
    outer loop
      vertex 1.59378 -7.82224 3.57295
      vertex 2.07055 -7.72741 0
      vertex 1.63588 -7.81387 3.78463
    endloop
  endfacet
  facet normal 0.911447 0.181297 0.369317
    outer loop
      vertex 9.98973 4.95663 7
      vertex 7.72741 2.07055 14
      vertex 7.93156 1.04421 14
    endloop
  endfacet
  facet normal 0.756275 -0.505322 0.415569
    outer loop
      vertex 6.9282 -4 14
      vertex 6.34683 -4.87009 14
      vertex 9.75202 -5.53051 7
    endloop
  endfacet
  facet normal -0.291218 0.858011 -0.423094
    outer loop
      vertex 2.74078 5.90866 -7
      vertex -2.07055 7.72741 0
      vertex 2.88942 5.95911 -7
    endloop
  endfacet
  facet normal 0.243611 0.969873 0
    outer loop
      vertex 9.11058 5.95911 7
      vertex 2.07055 7.72741 0
      vertex 2.07055 7.72741 14
    endloop
  endfacet
  facet normal 0.243611 0.969873 0
    outer loop
      vertex 2.07055 7.72741 0
      vertex 9.11058 5.95911 7
      vertex 9.11058 5.95911 -7
    endloop
  endfacet
  facet normal -0.291218 -0.858011 -0.423094
    outer loop
      vertex 2.88942 -5.95911 -7
      vertex -2.07055 -7.72741 0
      vertex 2.74078 -5.90866 -7
    endloop
  endfacet
  facet normal -0.386473 0.783676 -0.486303
    outer loop
      vertex 2.74078 5.90866 -7
      vertex -4 6.9282 0
      vertex -3.06147 7.39104 0
    endloop
  endfacet
  facet normal -0.585338 0.0383798 -0.80988
    outer loop
      vertex 2 4.8 -7
      vertex -8 0 0
      vertex 2.01027 4.95663 -7
    endloop
  endfacet
  facet normal 0.814345 0.40162 0.418979
    outer loop
      vertex 9.83923 5.4 7
      vertex 6.9282 4 14
      vertex 9.90866 5.25922 7
    endloop
  endfacet
  facet normal 0.532274 0.796549 0.286694
    outer loop
      vertex 9.4 5.83923 7
      vertex 4 6.9282 14
      vertex 9.53051 5.75202 7
    endloop
  endfacet
  facet normal -0.997859 0.065402 0
    outer loop
      vertex -8 0 0
      vertex -7.93156 1.04421 14
      vertex -7.93156 1.04421 0
    endloop
  endfacet
  facet normal -0.997859 0.065402 0
    outer loop
      vertex -7.93156 1.04421 14
      vertex -8 0 0
      vertex -8 0 14
    endloop
  endfacet
  facet normal 0.320274 -0.943617 0.0837341
    outer loop
      vertex 9.25922 -5.90866 7
      vertex 2.07055 -7.72741 14
      vertex 9.11058 -5.95911 7
    endloop
  endfacet
  facet normal -0.597274 0.399082 -0.695699
    outer loop
      vertex 2.24798 5.53051 -7
      vertex -6.9282 4 0
      vertex -6.34683 4.87009 0
    endloop
  endfacet
  facet normal 0.89686 -0.442314 0
    outer loop
      vertex 9.83923 -5.4 7
      vertex 9.90866 -5.25922 -7
      vertex 9.90866 -5.25922 7
    endloop
  endfacet
  facet normal 0.89686 -0.442314 0
    outer loop
      vertex 9.90866 -5.25922 -7
      vertex 9.83923 -5.4 7
      vertex 9.83923 -5.4 -7
    endloop
  endfacet
  facet normal -0.751835 -0.659351 0
    outer loop
      vertex -5.65685 -5.65685 0
      vertex -6.34683 -4.87009 14
      vertex -6.34683 -4.87009 0
    endloop
  endfacet
  facet normal -0.751835 -0.659351 0
    outer loop
      vertex -6.34683 -4.87009 14
      vertex -5.65685 -5.65685 0
      vertex -5.65685 -5.65685 14
    endloop
  endfacet
  facet normal 0.691203 -0.606177 0.393431
    outer loop
      vertex 6.34683 -4.87009 14
      vertex 5.65685 -5.65685 14
      vertex 9.64853 -5.64853 7
    endloop
  endfacet
  facet normal 0.866277 -0.294024 0.403873
    outer loop
      vertex 9.95911 -5.11058 7
      vertex 7.72741 -2.07055 14
      vertex 9.90866 -5.25922 7
    endloop
  endfacet
  facet normal 0.814354 0.401602 0.418979
    outer loop
      vertex 9.90866 5.25922 7
      vertex 6.9282 4 14
      vertex 7.39104 3.06147 14
    endloop
  endfacet
  facet normal 0.866262 0.294055 0.403883
    outer loop
      vertex 9.90866 5.25922 7
      vertex 7.39104 3.06147 14
      vertex 7.72741 2.07055 14
    endloop
  endfacet
  facet normal 0.433566 -0.879169 0.197696
    outer loop
      vertex 4 -6.9282 14
      vertex 3.06147 -7.39104 14
      vertex 9.25922 -5.90866 7
    endloop
  endfacet
  facet normal 0 0 1
    outer loop
      vertex 4.05 0 14
      vertex 8 0 14
      vertex 7.93156 1.04421 14
    endloop
  endfacet
  facet normal 0 0 1
    outer loop
      vertex 4.01535 0.52863 14
      vertex 7.93156 1.04421 14
      vertex 7.72741 2.07055 14
    endloop
  endfacet
  facet normal 0 0 1
    outer loop
      vertex 8 0 14
      vertex 4.05 0 14
      vertex 7.93156 -1.04421 14
    endloop
  endfacet
  facet normal 0 0 1
    outer loop
      vertex 3.912 1.04822 14
      vertex 7.72741 2.07055 14
      vertex 7.39104 3.06147 14
    endloop
  endfacet
  facet normal -0 0 1
    outer loop
      vertex 4.01535 -0.52863 14
      vertex 7.93156 -1.04421 14
      vertex 4.05 0 14
    endloop
  endfacet
  facet normal 0 0 1
    outer loop
      vertex 3.74171 1.54987 14
      vertex 7.39104 3.06147 14
      vertex 6.9282 4 14
    endloop
  endfacet
  facet normal 0 0 1
    outer loop
      vertex 7.93156 -1.04421 14
      vertex 4.01535 -0.52863 14
      vertex 7.72741 -2.07055 14
    endloop
  endfacet
  facet normal 0 0 1
    outer loop
      vertex 3.5074 2.025 14
      vertex 6.9282 4 14
      vertex 6.34683 4.87009 14
    endloop
  endfacet
  facet normal -0 0 1
    outer loop
      vertex 3.912 -1.04822 14
      vertex 7.72741 -2.07055 14
      vertex 4.01535 -0.52863 14
    endloop
  endfacet
  facet normal 0 0 1
    outer loop
      vertex 3.21308 2.46548 14
      vertex 6.34683 4.87009 14
      vertex 5.65685 5.65685 14
    endloop
  endfacet
  facet normal 0 0 1
    outer loop
      vertex 7.72741 -2.07055 14
      vertex 3.912 -1.04822 14
      vertex 7.39104 -3.06147 14
    endloop
  endfacet
  facet normal 0 0 1
    outer loop
      vertex 2.86378 2.86378 14
      vertex 5.65685 5.65685 14
      vertex 4.87009 6.34683 14
    endloop
  endfacet
  facet normal -0 0 1
    outer loop
      vertex 3.74171 -1.54987 14
      vertex 7.39104 -3.06147 14
      vertex 3.912 -1.04822 14
    endloop
  endfacet
  facet normal 0 0 1
    outer loop
      vertex 7.39104 -3.06147 14
      vertex 3.74171 -1.54987 14
      vertex 6.9282 -4 14
    endloop
  endfacet
  facet normal 0 0 1
    outer loop
      vertex 7.93156 1.04421 14
      vertex 4.01535 0.52863 14
      vertex 4.05 0 14
    endloop
  endfacet
  facet normal 0 0 1
    outer loop
      vertex 2.46548 3.21308 14
      vertex 4.87009 6.34683 14
      vertex 4 6.9282 14
    endloop
  endfacet
  facet normal 0 0 1
    outer loop
      vertex 7.72741 2.07055 14
      vertex 3.912 1.04822 14
      vertex 4.01535 0.52863 14
    endloop
  endfacet
  facet normal 0 0 1
    outer loop
      vertex 7.39104 3.06147 14
      vertex 3.74171 1.54987 14
      vertex 3.912 1.04822 14
    endloop
  endfacet
  facet normal 0 0 1
    outer loop
      vertex 6.9282 4 14
      vertex 3.5074 2.025 14
      vertex 3.74171 1.54987 14
    endloop
  endfacet
  facet normal 0 0 1
    outer loop
      vertex 6.34683 4.87009 14
      vertex 3.21308 2.46548 14
      vertex 3.5074 2.025 14
    endloop
  endfacet
  facet normal 0 0 1
    outer loop
      vertex 2.025 3.5074 14
      vertex 4 6.9282 14
      vertex 3.06147 7.39104 14
    endloop
  endfacet
  facet normal 0 0 1
    outer loop
      vertex 5.65685 5.65685 14
      vertex 2.86378 2.86378 14
      vertex 3.21308 2.46548 14
    endloop
  endfacet
  facet normal 0 0 1
    outer loop
      vertex 4.87009 6.34683 14
      vertex 2.46548 3.21308 14
      vertex 2.86378 2.86378 14
    endloop
  endfacet
  facet normal 0 0 1
    outer loop
      vertex 1.54987 3.74171 14
      vertex 3.06147 7.39104 14
      vertex 2.07055 7.72741 14
    endloop
  endfacet
  facet normal 0 0 1
    outer loop
      vertex 4 6.9282 14
      vertex 2.025 3.5074 14
      vertex 2.46548 3.21308 14
    endloop
  endfacet
  facet normal 0 0 1
    outer loop
      vertex 3.06147 7.39104 14
      vertex 1.54987 3.74171 14
      vertex 2.025 3.5074 14
    endloop
  endfacet
  facet normal 0 0 1
    outer loop
      vertex 2.07055 7.72741 14
      vertex 1.04822 3.912 14
      vertex 1.54987 3.74171 14
    endloop
  endfacet
  facet normal 0 0 1
    outer loop
      vertex 0.7 3.98126 14
      vertex 2.07055 7.72741 14
      vertex 1.04421 7.93156 14
    endloop
  endfacet
  facet normal 0 0 1
    outer loop
      vertex 0.7 3.98126 14
      vertex 1.04421 7.93156 14
      vertex 0.7 7.95412 14
    endloop
  endfacet
  facet normal 0 0 1
    outer loop
      vertex 2.07055 7.72741 14
      vertex 0.7 3.98126 14
      vertex 1.04822 3.912 14
    endloop
  endfacet
  facet normal -0 0 1
    outer loop
      vertex 3.5074 -2.025 14
      vertex 6.9282 -4 14
      vertex 3.74171 -1.54987 14
    endloop
  endfacet
  facet normal 0 0 1
    outer loop
      vertex 6.9282 -4 14
      vertex 3.5074 -2.025 14
      vertex 6.34683 -4.87009 14
    endloop
  endfacet
  facet normal -0 0 1
    outer loop
      vertex 3.21308 -2.46548 14
      vertex 6.34683 -4.87009 14
      vertex 3.5074 -2.025 14
    endloop
  endfacet
  facet normal 0 0 1
    outer loop
      vertex 6.34683 -4.87009 14
      vertex 3.21308 -2.46548 14
      vertex 5.65685 -5.65685 14
    endloop
  endfacet
  facet normal -0 0 1
    outer loop
      vertex 2.86378 -2.86378 14
      vertex 5.65685 -5.65685 14
      vertex 3.21308 -2.46548 14
    endloop
  endfacet
  facet normal 0 0 1
    outer loop
      vertex 5.65685 -5.65685 14
      vertex 2.86378 -2.86378 14
      vertex 4.87009 -6.34683 14
    endloop
  endfacet
  facet normal -0 0 1
    outer loop
      vertex 2.46548 -3.21308 14
      vertex 4.87009 -6.34683 14
      vertex 2.86378 -2.86378 14
    endloop
  endfacet
  facet normal 0 0 1
    outer loop
      vertex 4.87009 -6.34683 14
      vertex 2.46548 -3.21308 14
      vertex 4 -6.9282 14
    endloop
  endfacet
  facet normal -0 0 1
    outer loop
      vertex 2.025 -3.5074 14
      vertex 4 -6.9282 14
      vertex 2.46548 -3.21308 14
    endloop
  endfacet
  facet normal 0 0 1
    outer loop
      vertex 4 -6.9282 14
      vertex 2.025 -3.5074 14
      vertex 3.06147 -7.39104 14
    endloop
  endfacet
  facet normal -0 0 1
    outer loop
      vertex 1.54987 -3.74171 14
      vertex 3.06147 -7.39104 14
      vertex 2.025 -3.5074 14
    endloop
  endfacet
  facet normal 0 0 1
    outer loop
      vertex 3.06147 -7.39104 14
      vertex 1.54987 -3.74171 14
      vertex 2.07055 -7.72741 14
    endloop
  endfacet
  facet normal -0 0 1
    outer loop
      vertex 1.04822 -3.912 14
      vertex 2.07055 -7.72741 14
      vertex 1.54987 -3.74171 14
    endloop
  endfacet
  facet normal -0 0 1
    outer loop
      vertex 0.7 -3.98126 14
      vertex 2.07055 -7.72741 14
      vertex 1.04822 -3.912 14
    endloop
  endfacet
  facet normal 0 0 1
    outer loop
      vertex 2.07055 -7.72741 14
      vertex 0.7 -3.98126 14
      vertex 1.04421 -7.93156 14
    endloop
  endfacet
  facet normal 0 0 1
    outer loop
      vertex 1.04421 -7.93156 14
      vertex 0.7 -3.98126 14
      vertex 0.7 -7.95412 14
    endloop
  endfacet
  facet normal -0 0 1
    outer loop
      vertex -1.04421 7.93156 14
      vertex -0.7 3.98126 14
      vertex -0.7 7.95412 14
    endloop
  endfacet
  facet normal -0 0 1
    outer loop
      vertex -2.07055 7.72741 14
      vertex -0.7 3.98126 14
      vertex -1.04421 7.93156 14
    endloop
  endfacet
  facet normal 0 0 1
    outer loop
      vertex -0.7 3.98126 14
      vertex -2.07055 7.72741 14
      vertex -1.04822 3.912 14
    endloop
  endfacet
  facet normal 0 0 1
    outer loop
      vertex -1.04822 3.912 14
      vertex -2.07055 7.72741 14
      vertex -1.54987 3.74171 14
    endloop
  endfacet
  facet normal -0 0 1
    outer loop
      vertex -3.06147 7.39104 14
      vertex -1.54987 3.74171 14
      vertex -2.07055 7.72741 14
    endloop
  endfacet
  facet normal 0 0 1
    outer loop
      vertex -1.54987 3.74171 14
      vertex -3.06147 7.39104 14
      vertex -2.025 3.5074 14
    endloop
  endfacet
  facet normal -0 0 1
    outer loop
      vertex -4 6.9282 14
      vertex -2.025 3.5074 14
      vertex -3.06147 7.39104 14
    endloop
  endfacet
  facet normal 0 0 1
    outer loop
      vertex -2.025 3.5074 14
      vertex -4 6.9282 14
      vertex -2.46548 3.21308 14
    endloop
  endfacet
  facet normal -0 0 1
    outer loop
      vertex -4.87009 6.34683 14
      vertex -2.46548 3.21308 14
      vertex -4 6.9282 14
    endloop
  endfacet
  facet normal 0 0 1
    outer loop
      vertex -2.46548 3.21308 14
      vertex -4.87009 6.34683 14
      vertex -2.86378 2.86378 14
    endloop
  endfacet
  facet normal -0 0 1
    outer loop
      vertex -5.65685 5.65685 14
      vertex -2.86378 2.86378 14
      vertex -4.87009 6.34683 14
    endloop
  endfacet
  facet normal 0 0 1
    outer loop
      vertex -2.86378 2.86378 14
      vertex -5.65685 5.65685 14
      vertex -3.21308 2.46548 14
    endloop
  endfacet
  facet normal -0 0 1
    outer loop
      vertex -6.34683 4.87009 14
      vertex -3.21308 2.46548 14
      vertex -5.65685 5.65685 14
    endloop
  endfacet
  facet normal 0 0 1
    outer loop
      vertex -3.21308 2.46548 14
      vertex -6.34683 4.87009 14
      vertex -3.5074 2.025 14
    endloop
  endfacet
  facet normal -0 0 1
    outer loop
      vertex -6.9282 4 14
      vertex -3.5074 2.025 14
      vertex -6.34683 4.87009 14
    endloop
  endfacet
  facet normal 0 0 1
    outer loop
      vertex -3.5074 2.025 14
      vertex -6.9282 4 14
      vertex -3.74171 1.54987 14
    endloop
  endfacet
  facet normal 0 0 1
    outer loop
      vertex -0.7 -3.98126 14
      vertex -1.04421 -7.93156 14
      vertex -0.7 -7.95412 14
    endloop
  endfacet
  facet normal 0 0 1
    outer loop
      vertex -2.07055 -7.72741 14
      vertex -0.7 -3.98126 14
      vertex -1.04822 -3.912 14
    endloop
  endfacet
  facet normal 0 0 1
    outer loop
      vertex -2.07055 -7.72741 14
      vertex -1.04822 -3.912 14
      vertex -1.54987 -3.74171 14
    endloop
  endfacet
  facet normal 0 0 1
    outer loop
      vertex -3.06147 -7.39104 14
      vertex -1.54987 -3.74171 14
      vertex -2.025 -3.5074 14
    endloop
  endfacet
  facet normal 0 0 1
    outer loop
      vertex -0.7 -3.98126 14
      vertex -2.07055 -7.72741 14
      vertex -1.04421 -7.93156 14
    endloop
  endfacet
  facet normal 0 0 1
    outer loop
      vertex -4 -6.9282 14
      vertex -2.025 -3.5074 14
      vertex -2.46548 -3.21308 14
    endloop
  endfacet
  facet normal 0 0 1
    outer loop
      vertex -4.87009 -6.34683 14
      vertex -2.46548 -3.21308 14
      vertex -2.86378 -2.86378 14
    endloop
  endfacet
  facet normal 0 0 1
    outer loop
      vertex -1.54987 -3.74171 14
      vertex -3.06147 -7.39104 14
      vertex -2.07055 -7.72741 14
    endloop
  endfacet
  facet normal 0 0 1
    outer loop
      vertex -5.65685 -5.65685 14
      vertex -2.86378 -2.86378 14
      vertex -3.21308 -2.46548 14
    endloop
  endfacet
  facet normal 0 0 1
    outer loop
      vertex -6.34683 -4.87009 14
      vertex -3.21308 -2.46548 14
      vertex -3.5074 -2.025 14
    endloop
  endfacet
  facet normal 0 0 1
    outer loop
      vertex -6.9282 -4 14
      vertex -3.5074 -2.025 14
      vertex -3.74171 -1.54987 14
    endloop
  endfacet
  facet normal 0 0 1
    outer loop
      vertex -7.39104 -3.06147 14
      vertex -3.74171 -1.54987 14
      vertex -3.912 -1.04822 14
    endloop
  endfacet
  facet normal 0 0 1
    outer loop
      vertex -2.025 -3.5074 14
      vertex -4 -6.9282 14
      vertex -3.06147 -7.39104 14
    endloop
  endfacet
  facet normal 0 0 1
    outer loop
      vertex -7.72741 -2.07055 14
      vertex -3.912 -1.04822 14
      vertex -4.01535 -0.52863 14
    endloop
  endfacet
  facet normal 0 0 1
    outer loop
      vertex -7.93156 -1.04421 14
      vertex -4.01535 -0.52863 14
      vertex -4.05 0 14
    endloop
  endfacet
  facet normal -0 0 1
    outer loop
      vertex -7.39104 3.06147 14
      vertex -3.74171 1.54987 14
      vertex -6.9282 4 14
    endloop
  endfacet
  facet normal 0 0 1
    outer loop
      vertex -2.46548 -3.21308 14
      vertex -4.87009 -6.34683 14
      vertex -4 -6.9282 14
    endloop
  endfacet
  facet normal 0 0 1
    outer loop
      vertex -3.74171 1.54987 14
      vertex -7.39104 3.06147 14
      vertex -3.912 1.04822 14
    endloop
  endfacet
  facet normal 0 0 1
    outer loop
      vertex -2.86378 -2.86378 14
      vertex -5.65685 -5.65685 14
      vertex -4.87009 -6.34683 14
    endloop
  endfacet
  facet normal -0 0 1
    outer loop
      vertex -7.72741 2.07055 14
      vertex -3.912 1.04822 14
      vertex -7.39104 3.06147 14
    endloop
  endfacet
  facet normal 0 0 1
    outer loop
      vertex -3.21308 -2.46548 14
      vertex -6.34683 -4.87009 14
      vertex -5.65685 -5.65685 14
    endloop
  endfacet
  facet normal 0 0 1
    outer loop
      vertex -3.912 1.04822 14
      vertex -7.72741 2.07055 14
      vertex -4.01535 0.52863 14
    endloop
  endfacet
  facet normal 0 0 1
    outer loop
      vertex -3.5074 -2.025 14
      vertex -6.9282 -4 14
      vertex -6.34683 -4.87009 14
    endloop
  endfacet
  facet normal -0 0 1
    outer loop
      vertex -7.93156 1.04421 14
      vertex -4.01535 0.52863 14
      vertex -7.72741 2.07055 14
    endloop
  endfacet
  facet normal 0 0 1
    outer loop
      vertex -3.74171 -1.54987 14
      vertex -7.39104 -3.06147 14
      vertex -6.9282 -4 14
    endloop
  endfacet
  facet normal 0 0 1
    outer loop
      vertex -4.01535 0.52863 14
      vertex -7.93156 1.04421 14
      vertex -4.05 0 14
    endloop
  endfacet
  facet normal 0 0 1
    outer loop
      vertex -3.912 -1.04822 14
      vertex -7.72741 -2.07055 14
      vertex -7.39104 -3.06147 14
    endloop
  endfacet
  facet normal 0 0 1
    outer loop
      vertex -8 0 14
      vertex -4.05 0 14
      vertex -7.93156 1.04421 14
    endloop
  endfacet
  facet normal 0 0 1
    outer loop
      vertex -4.01535 -0.52863 14
      vertex -7.93156 -1.04421 14
      vertex -7.72741 -2.07055 14
    endloop
  endfacet
  facet normal 0 0 1
    outer loop
      vertex -4.05 0 14
      vertex -8 0 14
      vertex -7.93156 -1.04421 14
    endloop
  endfacet
  facet normal 0.911447 -0.181297 0.369317
    outer loop
      vertex 7.93156 -1.04421 14
      vertex 7.72741 -2.07055 14
      vertex 9.98973 -4.95663 7
    endloop
  endfacet
  facet normal 0.0654011 -0.997859 0
    outer loop
      vertex 1.04421 -7.93156 0
      vertex 0.7 -7.95412 2.50941
      vertex 0.7 -7.95412 0
    endloop
  endfacet
  facet normal 0.0653812 -0.99786 -2.74154e-06
    outer loop
      vertex 0.7 -7.95412 2.50941
      vertex 1.04421 -7.93156 0
      vertex 0.825 -7.94593 2.57106
    endloop
  endfacet
  facet normal 0.0654433 -0.997856 2.58115e-06
    outer loop
      vertex 0.825 -7.94593 2.57106
      vertex 1.04421 -7.93156 0
      vertex 1.00446 -7.93416 2.69097
    endloop
  endfacet
  facet normal 0.0652693 -0.997868 0
    outer loop
      vertex 1.00446 -7.93416 2.69097
      vertex 1.04421 -7.93156 0
      vertex 1.04421 -7.93156 2.72583
    endloop
  endfacet
  facet normal 0.0654011 -0.997859 0
    outer loop
      vertex 0.7 -7.95412 11.4906
      vertex 1.04421 -7.93156 14
      vertex 0.7 -7.95412 14
    endloop
  endfacet
  facet normal 0.0653812 -0.99786 2.7414e-06
    outer loop
      vertex 0.825 -7.94593 11.4289
      vertex 1.04421 -7.93156 14
      vertex 0.7 -7.95412 11.4906
    endloop
  endfacet
  facet normal 0.0654433 -0.997856 -2.58112e-06
    outer loop
      vertex 1.00446 -7.93416 11.309
      vertex 1.04421 -7.93156 14
      vertex 0.825 -7.94593 11.4289
    endloop
  endfacet
  facet normal 0.0652693 -0.997868 0
    outer loop
      vertex 1.04421 -7.93156 14
      vertex 1.00446 -7.93416 11.309
      vertex 1.04421 -7.93156 11.2742
    endloop
  endfacet
  facet normal 0.0653798 -0.99786 0
    outer loop
      vertex 0.7 -7.95412 5.49058
      vertex 0.825 -7.94593 8.57106
      vertex 0.7 -7.95412 8.50941
    endloop
  endfacet
  facet normal 0.0653798 -0.99786 0
    outer loop
      vertex 0.825 -7.94593 5.42894
      vertex 0.825 -7.94593 8.57106
      vertex 0.7 -7.95412 5.49058
    endloop
  endfacet
  facet normal 0.065445 -0.997856 0
    outer loop
      vertex 0.825 -7.94593 8.57106
      vertex 0.825 -7.94593 5.42894
      vertex 1.00446 -7.93416 8.69097
    endloop
  endfacet
  facet normal 0.065445 -0.997856 0
    outer loop
      vertex 1.00446 -7.93416 5.30903
      vertex 1.00446 -7.93416 8.69097
      vertex 0.825 -7.94593 5.42894
    endloop
  endfacet
  facet normal 0.0652693 -0.997868 0
    outer loop
      vertex 1.00446 -7.93416 8.69097
      vertex 1.00446 -7.93416 5.30903
      vertex 1.04421 -7.93156 8.72583
    endloop
  endfacet
  facet normal 0.0652693 -0.997868 0
    outer loop
      vertex 1.04421 -7.93156 8.72583
      vertex 1.00446 -7.93416 5.30903
      vertex 1.04421 -7.93156 5.27417
    endloop
  endfacet
  facet normal -0.831472 0.555567 0
    outer loop
      vertex -6.9282 4 0
      vertex -6.34683 4.87009 14
      vertex -6.34683 4.87009 0
    endloop
  endfacet
  facet normal -0.831472 0.555567 0
    outer loop
      vertex -6.34683 4.87009 14
      vertex -6.9282 4 0
      vertex -6.9282 4 14
    endloop
  endfacet
  facet normal 0.751874 0.659307 0
    outer loop
      vertex 9.75202 5.53051 7
      vertex 9.64853 5.64853 -7
      vertex 9.64853 5.64853 7
    endloop
  endfacet
  facet normal 0.751874 0.659307 0
    outer loop
      vertex 9.64853 5.64853 -7
      vertex 9.75202 5.53051 7
      vertex 9.75202 5.53051 -7
    endloop
  endfacet
  facet normal 1 -0 0
    outer loop
      vertex 10 -4.8 7
      vertex 10 4.8 -7
      vertex 10 4.8 7
    endloop
  endfacet
  facet normal 1 0 0
    outer loop
      vertex 10 4.8 -7
      vertex 10 -4.8 7
      vertex 10 -4.8 -7
    endloop
  endfacet
  facet normal -0.526135 0.600004 -0.602642
    outer loop
      vertex 2.35147 5.64853 -7
      vertex -4.87009 6.34683 0
      vertex 2.46949 5.75202 -7
    endloop
  endfacet
  facet normal 0.555597 0.831452 -0
    outer loop
      vertex 9.53051 5.75202 -7
      vertex 9.4 5.83923 7
      vertex 9.53051 5.75202 7
    endloop
  endfacet
  facet normal 0.555597 0.831452 0
    outer loop
      vertex 9.4 5.83923 7
      vertex 9.53051 5.75202 -7
      vertex 9.4 5.83923 -7
    endloop
  endfacet
  facet normal -0.751835 0.659351 0
    outer loop
      vertex -6.34683 4.87009 0
      vertex -5.65685 5.65685 14
      vertex -5.65685 5.65685 0
    endloop
  endfacet
  facet normal -0.751835 0.659351 0
    outer loop
      vertex -5.65685 5.65685 14
      vertex -6.34683 4.87009 0
      vertex -6.34683 4.87009 14
    endloop
  endfacet
  facet normal 0.911451 0.181284 0.369313
    outer loop
      vertex 9.95911 5.11058 7
      vertex 7.72741 2.07055 14
      vertex 9.98973 4.95663 7
    endloop
  endfacet
  facet normal -0.573462 0 -0.819232
    outer loop
      vertex 2 -4.8 -7
      vertex -8 0 0
      vertex 2 4.8 -7
    endloop
  endfacet
  facet normal 0.980788 0.195075 0
    outer loop
      vertex 9.98973 4.95663 7
      vertex 9.95911 5.11058 -7
      vertex 9.95911 5.11058 7
    endloop
  endfacet
  facet normal 0.980788 0.195075 0
    outer loop
      vertex 9.95911 5.11058 -7
      vertex 9.98973 4.95663 7
      vertex 9.98973 4.95663 -7
    endloop
  endfacet
  facet normal 0.997857 -0.065428 0
    outer loop
      vertex 9.98973 -4.95663 7
      vertex 10 -4.8 -7
      vertex 10 -4.8 7
    endloop
  endfacet
  facet normal 0.997857 -0.065428 0
    outer loop
      vertex 10 -4.8 -7
      vertex 9.98973 -4.95663 7
      vertex 9.98973 -4.95663 -7
    endloop
  endfacet
  facet normal 0.321402 0.946943 -0
    outer loop
      vertex 9.25922 5.90866 -7
      vertex 9.11058 5.95911 7
      vertex 9.25922 5.90866 7
    endloop
  endfacet
  facet normal 0.321402 0.946943 0
    outer loop
      vertex 9.11058 5.95911 7
      vertex 9.25922 5.90866 -7
      vertex 9.11058 5.95911 -7
    endloop
  endfacet
  facet normal 0.691235 0.606134 0.393441
    outer loop
      vertex 9.64853 5.64853 7
      vertex 6.34683 4.87009 14
      vertex 9.75202 5.53051 7
    endloop
  endfacet
  facet normal -0.321438 0.946931 0
    outer loop
      vertex -2.07055 7.72741 0
      vertex -3.06147 7.39104 14
      vertex -2.07055 7.72741 14
    endloop
  endfacet
  facet normal -0.321438 0.946931 0
    outer loop
      vertex -3.06147 7.39104 14
      vertex -2.07055 7.72741 0
      vertex -3.06147 7.39104 0
    endloop
  endfacet
  facet normal -0.0624049 0.951751 -0.30046
    outer loop
      vertex 3.04337 5.98973 -7
      vertex -0.437894 7.65562 -1
      vertex 3.2 6 -7
    endloop
  endfacet
  facet normal -0.0621048 0.951819 -0.300305
    outer loop
      vertex -0.437894 7.65562 -1
      vertex 3.04337 5.98973 -7
      vertex -0.46027 7.65416 -1
    endloop
  endfacet
  facet normal -0.0625813 0.95171 -0.300554
    outer loop
      vertex -0.7 7.76804 -0.589461
      vertex -1.04421 7.93156 0
      vertex -0.7 7.77491 -0.567707
    endloop
  endfacet
  facet normal 0.0640953 -0.977936 -0.198829
    outer loop
      vertex 0.7 -7.84289 -0.547081
      vertex 1.04421 -7.93156 0
      vertex 0.7 -7.95412 0
    endloop
  endfacet
  facet normal 0.0640977 -0.977935 -0.198831
    outer loop
      vertex 1.04421 -7.93156 0
      vertex 0.7 -7.84289 -0.547081
      vertex 8.95663 -5.98973 -7
    endloop
  endfacet
  facet normal 0.19483 -0.979485 -0.051488
    outer loop
      vertex 2.07055 -7.72741 0
      vertex 1.04421 -7.93156 0
      vertex 8.95663 -5.98973 -7
    endloop
  endfacet
  facet normal -0.291248 0.857994 -0.423109
    outer loop
      vertex 2.74078 5.90866 -7
      vertex -3.06147 7.39104 0
      vertex -2.07055 7.72741 0
    endloop
  endfacet
  facet normal 0.442314 -0.89686 0
    outer loop
      vertex 9.25922 -5.90866 -7
      vertex 9.4 -5.83923 7
      vertex 9.25922 -5.90866 7
    endloop
  endfacet
  facet normal 0.442314 -0.89686 0
    outer loop
      vertex 9.4 -5.83923 7
      vertex 9.25922 -5.90866 -7
      vertex 9.4 -5.83923 -7
    endloop
  endfacet
  facet normal -0.569786 0.499637 -0.652462
    outer loop
      vertex 2.24798 5.53051 -7
      vertex -6.34683 4.87009 0
      vertex 2.35147 5.64853 -7
    endloop
  endfacet
  facet normal -0.386473 -0.783676 -0.486303
    outer loop
      vertex -3.06147 -7.39104 0
      vertex -4 -6.9282 0
      vertex 2.74078 -5.90866 -7
    endloop
  endfacet
  facet normal 0.756275 0.505322 0.415569
    outer loop
      vertex 9.75202 5.53051 7
      vertex 6.34683 4.87009 14
      vertex 6.9282 4 14
    endloop
  endfacet
  facet normal 0.814345 -0.40162 0.418979
    outer loop
      vertex 9.90866 -5.25922 7
      vertex 6.9282 -4 14
      vertex 9.83923 -5.4 7
    endloop
  endfacet
  facet normal 0.831452 0.555597 0
    outer loop
      vertex 9.83923 5.4 7
      vertex 9.75202 5.53051 -7
      vertex 9.75202 5.53051 7
    endloop
  endfacet
  facet normal 0.831452 0.555597 0
    outer loop
      vertex 9.75202 5.53051 -7
      vertex 9.83923 5.4 7
      vertex 9.83923 5.4 -7
    endloop
  endfacet
  facet normal -0.195089 0.980786 0
    outer loop
      vertex -1.04421 7.93156 11.2742
      vertex -2.07055 7.72741 14
      vertex -1.04421 7.93156 14
    endloop
  endfacet
  facet normal -0.195086 0.980786 1.21898e-06
    outer loop
      vertex -1.16673 7.90719 11.1667
      vertex -2.07055 7.72741 14
      vertex -1.04421 7.93156 11.2742
    endloop
  endfacet
  facet normal -0.195113 0.980781 -7.93897e-06
    outer loop
      vertex -1.30903 7.87888 11.0045
      vertex -2.07055 7.72741 14
      vertex -1.16673 7.90719 11.1667
    endloop
  endfacet
  facet normal -0.195079 0.980787 1.01998e-06
    outer loop
      vertex -1.42894 7.85503 10.825
      vertex -2.07055 7.72741 14
      vertex -1.30903 7.87888 11.0045
    endloop
  endfacet
  facet normal -0.195101 0.980783 -3.60063e-06
    outer loop
      vertex -1.5244 7.83604 10.6314
      vertex -2.07055 7.72741 14
      vertex -1.42894 7.85503 10.825
    endloop
  endfacet
  facet normal -0.195082 0.980787 -3.42559e-07
    outer loop
      vertex -1.59378 7.82224 10.4271
      vertex -2.07055 7.72741 14
      vertex -1.5244 7.83604 10.6314
    endloop
  endfacet
  facet normal -0.19503 0.980797 6.93832e-06
    outer loop
      vertex -1.63588 7.81387 10.2154
      vertex -2.07055 7.72741 14
      vertex -1.59378 7.82224 10.4271
    endloop
  endfacet
  facet normal -0.195122 0.980779 -4.05139e-06
    outer loop
      vertex -1.65 7.81106 10
      vertex -2.07055 7.72741 14
      vertex -1.63588 7.81387 10.2154
    endloop
  endfacet
  facet normal -0.194925 0.980818 1.74767e-05
    outer loop
      vertex -1.63588 7.81387 9.78463
      vertex -2.07055 7.72741 14
      vertex -1.65 7.81106 10
    endloop
  endfacet
  facet normal -0.195085 0.980786 0
    outer loop
      vertex -1.04421 7.93156 5.27417
      vertex -1.16673 7.90719 8.83327
      vertex -1.04421 7.93156 8.72583
    endloop
  endfacet
  facet normal -0.195085 0.980786 0
    outer loop
      vertex -1.16673 7.90719 5.16673
      vertex -1.16673 7.90719 8.83327
      vertex -1.04421 7.93156 5.27417
    endloop
  endfacet
  facet normal -0.195122 0.980779 0
    outer loop
      vertex -1.16673 7.90719 8.83327
      vertex -1.16673 7.90719 5.16673
      vertex -1.30903 7.87888 8.99554
    endloop
  endfacet
  facet normal -0.195122 0.980779 0
    outer loop
      vertex -1.30903 7.87888 5.00446
      vertex -1.30903 7.87888 8.99554
      vertex -1.16673 7.90719 5.16673
    endloop
  endfacet
  facet normal -0.195078 0.980788 0
    outer loop
      vertex -1.30903 7.87888 8.99554
      vertex -1.30903 7.87888 5.00446
      vertex -1.42894 7.85503 9.175
    endloop
  endfacet
  facet normal -0.195078 0.980788 0
    outer loop
      vertex -1.42894 7.85503 4.825
      vertex -1.42894 7.85503 9.175
      vertex -1.30903 7.87888 5.00446
    endloop
  endfacet
  facet normal -0.195108 0.980782 0
    outer loop
      vertex -1.42894 7.85503 9.175
      vertex -1.42894 7.85503 4.825
      vertex -1.5244 7.83604 9.36857
    endloop
  endfacet
  facet normal -0.195108 0.980782 0
    outer loop
      vertex -1.5244 7.83604 4.63143
      vertex -1.5244 7.83604 9.36857
      vertex -1.42894 7.85503 4.825
    endloop
  endfacet
  facet normal -0.195083 0.980787 0
    outer loop
      vertex -1.5244 7.83604 9.36857
      vertex -1.5244 7.83604 4.63143
      vertex -1.59378 7.82224 9.57295
    endloop
  endfacet
  facet normal -0.195083 0.980787 0
    outer loop
      vertex -1.59378 7.82224 4.42705
      vertex -1.59378 7.82224 9.57295
      vertex -1.5244 7.83604 4.63143
    endloop
  endfacet
  facet normal -0.194996 0.980804 0
    outer loop
      vertex -1.59378 7.82224 9.57295
      vertex -1.59378 7.82224 4.42705
      vertex -1.63588 7.81387 9.78463
    endloop
  endfacet
  facet normal -0.194996 0.980804 0
    outer loop
      vertex -1.63588 7.81387 4.21537
      vertex -1.63588 7.81387 9.78463
      vertex -1.59378 7.82224 4.42705
    endloop
  endfacet
  facet normal -0.195088 0.980786 0
    outer loop
      vertex -1.63588 7.81387 9.78463
      vertex -1.63588 7.81387 4.21537
      vertex -2.07055 7.72741 14
    endloop
  endfacet
  facet normal -0.195143 0.980775 -2.5707e-06
    outer loop
      vertex -1.65 7.81106 4
      vertex -2.07055 7.72741 14
      vertex -1.63588 7.81387 4.21537
    endloop
  endfacet
  facet normal -0.195089 0.980786 0
    outer loop
      vertex -2.07055 7.72741 0
      vertex -1.04421 7.93156 2.72583
      vertex -1.04421 7.93156 0
    endloop
  endfacet
  facet normal -0.195086 0.980786 -1.21914e-06
    outer loop
      vertex -1.04421 7.93156 2.72583
      vertex -2.07055 7.72741 0
      vertex -1.16673 7.90719 2.83327
    endloop
  endfacet
  facet normal -0.195113 0.980781 7.93811e-06
    outer loop
      vertex -1.16673 7.90719 2.83327
      vertex -2.07055 7.72741 0
      vertex -1.30903 7.87888 2.99554
    endloop
  endfacet
  facet normal -0.195079 0.980787 -1.02004e-06
    outer loop
      vertex -1.30903 7.87888 2.99554
      vertex -2.07055 7.72741 0
      vertex -1.42894 7.85503 3.175
    endloop
  endfacet
  facet normal -0.195101 0.980783 3.60079e-06
    outer loop
      vertex -1.42894 7.85503 3.175
      vertex -2.07055 7.72741 0
      vertex -1.5244 7.83604 3.36857
    endloop
  endfacet
  facet normal -0.195082 0.980787 3.42518e-07
    outer loop
      vertex -1.5244 7.83604 3.36857
      vertex -2.07055 7.72741 0
      vertex -1.59378 7.82224 3.57295
    endloop
  endfacet
  facet normal -0.195084 0.980786 0
    outer loop
      vertex -1.65 7.81106 4
      vertex -2.07055 7.72741 0
      vertex -2.07055 7.72741 14
    endloop
  endfacet
  facet normal -0.195122 0.980779 4.05174e-06
    outer loop
      vertex -1.63588 7.81387 3.78463
      vertex -2.07055 7.72741 0
      vertex -1.65 7.81106 4
    endloop
  endfacet
  facet normal -0.19503 0.980797 -6.93853e-06
    outer loop
      vertex -1.59378 7.82224 3.57295
      vertex -2.07055 7.72741 0
      vertex -1.63588 7.81387 3.78463
    endloop
  endfacet
  facet normal 0.194816 -0.979487 -0.0515025
    outer loop
      vertex 9.11058 -5.95911 -7
      vertex 2.07055 -7.72741 0
      vertex 8.95663 -5.98973 -7
    endloop
  endfacet
  facet normal -0.442295 0.89687 0
    outer loop
      vertex -3.06147 7.39104 0
      vertex -4 6.9282 14
      vertex -3.06147 7.39104 14
    endloop
  endfacet
  facet normal -0.442295 0.89687 0
    outer loop
      vertex -4 6.9282 14
      vertex -3.06147 7.39104 0
      vertex -4 6.9282 0
    endloop
  endfacet
  facet normal 0.946943 -0.321402 0
    outer loop
      vertex 9.90866 -5.25922 7
      vertex 9.95911 -5.11058 -7
      vertex 9.95911 -5.11058 7
    endloop
  endfacet
  facet normal 0.946943 -0.321402 0
    outer loop
      vertex 9.95911 -5.11058 -7
      vertex 9.90866 -5.25922 7
      vertex 9.90866 -5.25922 -7
    endloop
  endfacet
  facet normal -0.585334 -0.0383642 -0.809884
    outer loop
      vertex -7.93156 -1.04421 0
      vertex -8 0 0
      vertex 2.01027 -4.95663 -7
    endloop
  endfacet
  facet normal -0.946931 0.321438 0
    outer loop
      vertex -7.72741 2.07055 0
      vertex -7.39104 3.06147 14
      vertex -7.39104 3.06147 0
    endloop
  endfacet
  facet normal -0.946931 0.321438 0
    outer loop
      vertex -7.39104 3.06147 14
      vertex -7.72741 2.07055 0
      vertex -7.72741 2.07055 14
    endloop
  endfacet
  facet normal -0.980786 0.195089 0
    outer loop
      vertex -7.93156 1.04421 0
      vertex -7.72741 2.07055 14
      vertex -7.72741 2.07055 0
    endloop
  endfacet
  facet normal -0.980786 0.195089 0
    outer loop
      vertex -7.72741 2.07055 14
      vertex -7.93156 1.04421 0
      vertex -7.93156 1.04421 14
    endloop
  endfacet
  facet normal -0.386487 -0.783662 -0.486314
    outer loop
      vertex 2.74078 -5.90866 -7
      vertex -4 -6.9282 0
      vertex 2.6 -5.83923 -7
    endloop
  endfacet
  facet normal 0.195089 0.980786 0
    outer loop
      vertex 2.07055 7.72741 14
      vertex 1.04421 7.93156 11.2742
      vertex 1.04421 7.93156 14
    endloop
  endfacet
  facet normal 0.195086 0.980786 1.21898e-06
    outer loop
      vertex 2.07055 7.72741 14
      vertex 1.16673 7.90719 11.1667
      vertex 1.04421 7.93156 11.2742
    endloop
  endfacet
  facet normal 0.195113 0.980781 -7.93897e-06
    outer loop
      vertex 2.07055 7.72741 14
      vertex 1.30903 7.87888 11.0045
      vertex 1.16673 7.90719 11.1667
    endloop
  endfacet
  facet normal 0.195079 0.980787 1.01998e-06
    outer loop
      vertex 2.07055 7.72741 14
      vertex 1.42894 7.85503 10.825
      vertex 1.30903 7.87888 11.0045
    endloop
  endfacet
  facet normal 0.195101 0.980783 -3.60063e-06
    outer loop
      vertex 2.07055 7.72741 14
      vertex 1.5244 7.83604 10.6314
      vertex 1.42894 7.85503 10.825
    endloop
  endfacet
  facet normal 0.195082 0.980787 -3.42559e-07
    outer loop
      vertex 2.07055 7.72741 14
      vertex 1.59378 7.82224 10.4271
      vertex 1.5244 7.83604 10.6314
    endloop
  endfacet
  facet normal 0.19503 0.980797 6.93832e-06
    outer loop
      vertex 2.07055 7.72741 14
      vertex 1.63588 7.81387 10.2154
      vertex 1.59378 7.82224 10.4271
    endloop
  endfacet
  facet normal 0.195122 0.980779 -4.05139e-06
    outer loop
      vertex 2.07055 7.72741 14
      vertex 1.65 7.81106 10
      vertex 1.63588 7.81387 10.2154
    endloop
  endfacet
  facet normal 0.194925 0.980818 1.74767e-05
    outer loop
      vertex 2.07055 7.72741 14
      vertex 1.63588 7.81387 9.78463
      vertex 1.65 7.81106 10
    endloop
  endfacet
  facet normal 0.195085 0.980786 0
    outer loop
      vertex 1.16673 7.90719 8.83327
      vertex 1.04421 7.93156 5.27417
      vertex 1.04421 7.93156 8.72583
    endloop
  endfacet
  facet normal 0.195122 0.980779 -0
    outer loop
      vertex 1.16673 7.90719 5.16673
      vertex 1.16673 7.90719 8.83327
      vertex 1.30903 7.87888 8.99554
    endloop
  endfacet
  facet normal 0.195078 0.980788 -0
    outer loop
      vertex 1.30903 7.87888 5.00446
      vertex 1.30903 7.87888 8.99554
      vertex 1.42894 7.85503 9.175
    endloop
  endfacet
  facet normal 0.195108 0.980782 -0
    outer loop
      vertex 1.42894 7.85503 4.825
      vertex 1.42894 7.85503 9.175
      vertex 1.5244 7.83604 9.36857
    endloop
  endfacet
  facet normal 0.195083 0.980787 -0
    outer loop
      vertex 1.5244 7.83604 4.63143
      vertex 1.5244 7.83604 9.36857
      vertex 1.59378 7.82224 9.57295
    endloop
  endfacet
  facet normal 0.194996 0.980804 -0
    outer loop
      vertex 1.59378 7.82224 4.42705
      vertex 1.59378 7.82224 9.57295
      vertex 1.63588 7.81387 9.78463
    endloop
  endfacet
  facet normal 0.195085 0.980786 0
    outer loop
      vertex 1.16673 7.90719 8.83327
      vertex 1.16673 7.90719 5.16673
      vertex 1.04421 7.93156 5.27417
    endloop
  endfacet
  facet normal 0.195088 0.980786 -0
    outer loop
      vertex 1.63588 7.81387 4.21537
      vertex 1.63588 7.81387 9.78463
      vertex 2.07055 7.72741 14
    endloop
  endfacet
  facet normal 0.195122 0.980779 0
    outer loop
      vertex 1.30903 7.87888 8.99554
      vertex 1.30903 7.87888 5.00446
      vertex 1.16673 7.90719 5.16673
    endloop
  endfacet
  facet normal 0.195078 0.980788 0
    outer loop
      vertex 1.42894 7.85503 9.175
      vertex 1.42894 7.85503 4.825
      vertex 1.30903 7.87888 5.00446
    endloop
  endfacet
  facet normal 0.195108 0.980782 0
    outer loop
      vertex 1.5244 7.83604 9.36857
      vertex 1.5244 7.83604 4.63143
      vertex 1.42894 7.85503 4.825
    endloop
  endfacet
  facet normal 0.195083 0.980787 0
    outer loop
      vertex 1.59378 7.82224 9.57295
      vertex 1.59378 7.82224 4.42705
      vertex 1.5244 7.83604 4.63143
    endloop
  endfacet
  facet normal 0.194996 0.980804 0
    outer loop
      vertex 1.63588 7.81387 9.78463
      vertex 1.63588 7.81387 4.21537
      vertex 1.59378 7.82224 4.42705
    endloop
  endfacet
  facet normal 0.195143 0.980775 -2.5707e-06
    outer loop
      vertex 2.07055 7.72741 14
      vertex 1.65 7.81106 4
      vertex 1.63588 7.81387 4.21537
    endloop
  endfacet
  facet normal 0.195084 0.980786 -0
    outer loop
      vertex 2.07055 7.72741 0
      vertex 1.65 7.81106 4
      vertex 2.07055 7.72741 14
    endloop
  endfacet
  facet normal 0.195122 0.980779 4.05174e-06
    outer loop
      vertex 2.07055 7.72741 0
      vertex 1.63588 7.81387 3.78463
      vertex 1.65 7.81106 4
    endloop
  endfacet
  facet normal 0.19503 0.980797 -6.93853e-06
    outer loop
      vertex 2.07055 7.72741 0
      vertex 1.59378 7.82224 3.57295
      vertex 1.63588 7.81387 3.78463
    endloop
  endfacet
  facet normal 0.195082 0.980787 3.42518e-07
    outer loop
      vertex 2.07055 7.72741 0
      vertex 1.5244 7.83604 3.36857
      vertex 1.59378 7.82224 3.57295
    endloop
  endfacet
  facet normal 0.195101 0.980783 3.60079e-06
    outer loop
      vertex 2.07055 7.72741 0
      vertex 1.42894 7.85503 3.175
      vertex 1.5244 7.83604 3.36857
    endloop
  endfacet
  facet normal 0.195079 0.980787 -1.02004e-06
    outer loop
      vertex 2.07055 7.72741 0
      vertex 1.30903 7.87888 2.99554
      vertex 1.42894 7.85503 3.175
    endloop
  endfacet
  facet normal 0.195113 0.980781 7.93811e-06
    outer loop
      vertex 2.07055 7.72741 0
      vertex 1.16673 7.90719 2.83327
      vertex 1.30903 7.87888 2.99554
    endloop
  endfacet
  facet normal 0.195086 0.980786 -1.21914e-06
    outer loop
      vertex 2.07055 7.72741 0
      vertex 1.04421 7.93156 2.72583
      vertex 1.16673 7.90719 2.83327
    endloop
  endfacet
  facet normal 0.195089 0.980786 0
    outer loop
      vertex 1.04421 7.93156 2.72583
      vertex 2.07055 7.72741 0
      vertex 1.04421 7.93156 0
    endloop
  endfacet
  facet normal -0.569772 -0.499684 -0.652439
    outer loop
      vertex -5.65685 -5.65685 0
      vertex -6.34683 -4.87009 0
      vertex 2.35147 -5.64853 -7
    endloop
  endfacet
  facet normal -0.465156 -0.696108 -0.546867
    outer loop
      vertex 2.6 -5.83923 -7
      vertex -4 -6.9282 0
      vertex 2.46949 -5.75202 -7
    endloop
  endfacet
  facet normal 0.532274 -0.796549 0.286694
    outer loop
      vertex 9.53051 -5.75202 7
      vertex 4 -6.9282 14
      vertex 9.4 -5.83923 7
    endloop
  endfacet
  facet normal 0.433583 -0.879157 0.197711
    outer loop
      vertex 9.4 -5.83923 7
      vertex 4 -6.9282 14
      vertex 9.25922 -5.90866 7
    endloop
  endfacet
  facet normal 0.659307 0.751874 -0
    outer loop
      vertex 9.64853 5.64853 -7
      vertex 9.53051 5.75202 7
      vertex 9.64853 5.64853 7
    endloop
  endfacet
  facet normal 0.659307 0.751874 0
    outer loop
      vertex 9.53051 5.75202 7
      vertex 9.64853 5.64853 -7
      vertex 9.53051 5.75202 -7
    endloop
  endfacet
  facet normal -0.597274 -0.399082 -0.695699
    outer loop
      vertex -6.34683 -4.87009 0
      vertex -6.9282 -4 0
      vertex 2.24798 -5.53051 -7
    endloop
  endfacet
  facet normal -0.585338 -0.0383798 -0.80988
    outer loop
      vertex 2.01027 -4.95663 -7
      vertex -8 0 0
      vertex 2 -4.8 -7
    endloop
  endfacet
  facet normal -0.980786 -0.195089 0
    outer loop
      vertex -7.72741 -2.07055 0
      vertex -7.93156 -1.04421 14
      vertex -7.93156 -1.04421 0
    endloop
  endfacet
  facet normal -0.980786 -0.195089 0
    outer loop
      vertex -7.93156 -1.04421 14
      vertex -7.72741 -2.07055 0
      vertex -7.72741 -2.07055 14
    endloop
  endfacet
  facet normal 0.0640953 0.977936 -0.19883
    outer loop
      vertex 1.04421 7.93156 0
      vertex 0.7 7.84091 -0.556818
      vertex 0.7 7.95412 0
    endloop
  endfacet
  facet normal 0.0640971 0.977935 -0.198831
    outer loop
      vertex 0.7 7.84091 -0.556818
      vertex 1.04421 7.93156 0
      vertex 8.8 6 -7
    endloop
  endfacet
  facet normal -0.182019 0.914981 -0.360109
    outer loop
      vertex -0.46027 7.65416 -1
      vertex 3.04337 5.98973 -7
      vertex -0.7 7.60647 -1
    endloop
  endfacet
  facet normal -0.182001 0.914988 -0.360101
    outer loop
      vertex -0.7 7.76804 -0.589461
      vertex -2.07055 7.72741 0
      vertex -1.04421 7.93156 0
    endloop
  endfacet
  facet normal -0.182 0.914989 -0.360099
    outer loop
      vertex -0.7 7.60647 -1
      vertex -2.07055 7.72741 0
      vertex -0.7 7.76804 -0.589461
    endloop
  endfacet
  facet normal -0.182 0.914989 -0.360099
    outer loop
      vertex -2.07055 7.72741 0
      vertex -0.7 7.60647 -1
      vertex 3.04337 5.98973 -7
    endloop
  endfacet
  facet normal -0.181988 0.914994 -0.360092
    outer loop
      vertex 2.88942 5.95911 -7
      vertex -2.07055 7.72741 0
      vertex 3.04337 5.98973 -7
    endloop
  endfacet
  facet normal 6.01883e-06 0.961526 -0.274714
    outer loop
      vertex 8.8 6 -7
      vertex 0.7 7.71429 -1
      vertex 0.7 7.84091 -0.556818
    endloop
  endfacet
  facet normal 0 0.961524 -0.274722
    outer loop
      vertex 3.2 6 -7
      vertex 0.7 7.71429 -1
      vertex 8.8 6 -7
    endloop
  endfacet
  facet normal 0 0.961524 -0.274722
    outer loop
      vertex 0.7 7.71429 -1
      vertex 3.2 6 -7
      vertex 0.457143 7.71429 -1
    endloop
  endfacet
  facet normal 0.831452 -0.555597 0
    outer loop
      vertex 9.75202 -5.53051 7
      vertex 9.83923 -5.4 -7
      vertex 9.83923 -5.4 7
    endloop
  endfacet
  facet normal 0.831452 -0.555597 0
    outer loop
      vertex 9.83923 -5.4 -7
      vertex 9.75202 -5.53051 7
      vertex 9.75202 -5.53051 -7
    endloop
  endfacet
  facet normal 0.691235 -0.606134 0.393441
    outer loop
      vertex 9.75202 -5.53051 7
      vertex 6.34683 -4.87009 14
      vertex 9.64853 -5.64853 7
    endloop
  endfacet
  facet normal -0.321438 -0.946931 0
    outer loop
      vertex -3.06147 -7.39104 0
      vertex -2.07055 -7.72741 14
      vertex -3.06147 -7.39104 14
    endloop
  endfacet
  facet normal -0.321438 -0.946931 -0
    outer loop
      vertex -2.07055 -7.72741 14
      vertex -3.06147 -7.39104 0
      vertex -2.07055 -7.72741 0
    endloop
  endfacet
  facet normal 0.555597 -0.831452 0
    outer loop
      vertex 9.4 -5.83923 -7
      vertex 9.53051 -5.75202 7
      vertex 9.4 -5.83923 7
    endloop
  endfacet
  facet normal 0.555597 -0.831452 0
    outer loop
      vertex 9.53051 -5.75202 7
      vertex 9.4 -5.83923 -7
      vertex 9.53051 -5.75202 -7
    endloop
  endfacet
  facet normal -0.291248 -0.857994 -0.423109
    outer loop
      vertex -2.07055 -7.72741 0
      vertex -3.06147 -7.39104 0
      vertex 2.74078 -5.90866 -7
    endloop
  endfacet
  facet normal -0.555567 -0.831472 0
    outer loop
      vertex -4.87009 -6.34683 0
      vertex -4 -6.9282 14
      vertex -4.87009 -6.34683 14
    endloop
  endfacet
  facet normal -0.555567 -0.831472 -0
    outer loop
      vertex -4 -6.9282 14
      vertex -4.87009 -6.34683 0
      vertex -4 -6.9282 0
    endloop
  endfacet
  facet normal 0.89686 0.442314 0
    outer loop
      vertex 9.90866 5.25922 7
      vertex 9.83923 5.4 -7
      vertex 9.83923 5.4 7
    endloop
  endfacet
  facet normal 0.89686 0.442314 0
    outer loop
      vertex 9.83923 5.4 -7
      vertex 9.90866 5.25922 7
      vertex 9.90866 5.25922 -7
    endloop
  endfacet
  facet normal 0.756257 0.50535 0.415568
    outer loop
      vertex 9.75202 5.53051 7
      vertex 6.9282 4 14
      vertex 9.83923 5.4 7
    endloop
  endfacet
  facet normal -0.659351 0.751835 0
    outer loop
      vertex -4.87009 6.34683 0
      vertex -5.65685 5.65685 14
      vertex -4.87009 6.34683 14
    endloop
  endfacet
  facet normal -0.659351 0.751835 0
    outer loop
      vertex -5.65685 5.65685 14
      vertex -4.87009 6.34683 0
      vertex -5.65685 5.65685 0
    endloop
  endfacet
  facet normal 0.751874 -0.659307 0
    outer loop
      vertex 9.64853 -5.64853 7
      vertex 9.75202 -5.53051 -7
      vertex 9.75202 -5.53051 7
    endloop
  endfacet
  facet normal 0.751874 -0.659307 0
    outer loop
      vertex 9.75202 -5.53051 -7
      vertex 9.64853 -5.64853 7
      vertex 9.64853 -5.64853 -7
    endloop
  endfacet
  facet normal -0.0623879 0.951755 -0.300451
    outer loop
      vertex 3.2 6 -7
      vertex -0.437894 7.65562 -1
      vertex 0.457143 7.71429 -1
    endloop
  endfacet
  facet normal -0.0623795 0.951757 -0.300444
    outer loop
      vertex -0.7 7.77491 -0.567707
      vertex -1.04421 7.93156 0
      vertex -0.7 7.95412 0
    endloop
  endfacet
  facet normal -0.181988 -0.914994 -0.360092
    outer loop
      vertex 3.04337 -5.98973 -7
      vertex -2.07055 -7.72741 0
      vertex 2.88942 -5.95911 -7
    endloop
  endfacet
  facet normal -0.555567 0.831472 0
    outer loop
      vertex -4 6.9282 0
      vertex -4.87009 6.34683 14
      vertex -4 6.9282 14
    endloop
  endfacet
  facet normal -0.555567 0.831472 0
    outer loop
      vertex -4.87009 6.34683 14
      vertex -4 6.9282 0
      vertex -4.87009 6.34683 0
    endloop
  endfacet
  facet normal -0.569786 -0.499637 -0.652462
    outer loop
      vertex 2.35147 -5.64853 -7
      vertex -6.34683 -4.87009 0
      vertex 2.24798 -5.53051 -7
    endloop
  endfacet
  facet normal 0.617316 -0.703987 0.351173
    outer loop
      vertex 9.64853 -5.64853 7
      vertex 4.87009 -6.34683 14
      vertex 9.53051 -5.75202 7
    endloop
  endfacet
  facet normal 0.946943 0.321402 0
    outer loop
      vertex 9.95911 5.11058 7
      vertex 9.90866 5.25922 -7
      vertex 9.90866 5.25922 7
    endloop
  endfacet
  facet normal 0.946943 0.321402 0
    outer loop
      vertex 9.90866 5.25922 -7
      vertex 9.95911 5.11058 7
      vertex 9.95911 5.11058 -7
    endloop
  endfacet
  facet normal -0.611661 0.207604 -0.763395
    outer loop
      vertex 2.04089 5.11058 -7
      vertex -7.72741 2.07055 0
      vertex 2.09134 5.25922 -7
    endloop
  endfacet
  facet normal -0.610539 0.30109 -0.732521
    outer loop
      vertex 2.09134 5.25922 -7
      vertex -7.39104 3.06147 0
      vertex -6.9282 4 0
    endloop
  endfacet
  facet normal -0.89687 0.442295 0
    outer loop
      vertex -7.39104 3.06147 0
      vertex -6.9282 4 14
      vertex -6.9282 4 0
    endloop
  endfacet
  facet normal -0.89687 0.442295 0
    outer loop
      vertex -6.9282 4 14
      vertex -7.39104 3.06147 0
      vertex -7.39104 3.06147 14
    endloop
  endfacet
  facet normal 0.064122 0.977939 -0.198804
    outer loop
      vertex 8.8 6 -7
      vertex 1.04421 7.93156 0
      vertex 8.95663 5.98973 -7
    endloop
  endfacet
  facet normal 0.442314 0.89686 -0
    outer loop
      vertex 9.4 5.83923 -7
      vertex 9.25922 5.90866 7
      vertex 9.4 5.83923 7
    endloop
  endfacet
  facet normal 0.442314 0.89686 0
    outer loop
      vertex 9.25922 5.90866 7
      vertex 9.4 5.83923 -7
      vertex 9.25922 5.90866 -7
    endloop
  endfacet
  facet normal -0.610539 -0.30109 -0.732521
    outer loop
      vertex -6.9282 -4 0
      vertex -7.39104 -3.06147 0
      vertex 2.09134 -5.25922 -7
    endloop
  endfacet
  facet normal -0.89687 -0.442295 0
    outer loop
      vertex -6.9282 -4 0
      vertex -7.39104 -3.06147 14
      vertex -7.39104 -3.06147 0
    endloop
  endfacet
  facet normal -0.89687 -0.442295 0
    outer loop
      vertex -7.39104 -3.06147 14
      vertex -6.9282 -4 0
      vertex -6.9282 -4 14
    endloop
  endfacet
  facet normal -0.597269 0.39911 -0.695687
    outer loop
      vertex 2.16077 5.4 -7
      vertex -6.9282 4 0
      vertex 2.24798 5.53051 -7
    endloop
  endfacet
  facet normal -0.0625242 -0.951729 -0.300503
    outer loop
      vertex 3.04337 -5.98973 -7
      vertex 0.457143 -7.71429 -1
      vertex 0.434767 -7.71282 -1
    endloop
  endfacet
  facet normal -0.062405 -0.951751 -0.300458
    outer loop
      vertex 0.457143 -7.71429 -1
      vertex 3.04337 -5.98973 -7
      vertex 3.2 -6 -7
    endloop
  endfacet
  facet normal -0.526135 -0.600004 -0.602642
    outer loop
      vertex 2.46949 -5.75202 -7
      vertex -4.87009 -6.34683 0
      vertex 2.35147 -5.64853 -7
    endloop
  endfacet
  facet normal -0.526159 -0.599961 -0.602663
    outer loop
      vertex -4.87009 -6.34683 0
      vertex -5.65685 -5.65685 0
      vertex 2.35147 -5.64853 -7
    endloop
  endfacet
  facet normal -0.569772 0.499684 -0.652439
    outer loop
      vertex 2.35147 5.64853 -7
      vertex -6.34683 4.87009 0
      vertex -5.65685 5.65685 0
    endloop
  endfacet
  facet normal -0.526159 0.599961 -0.602663
    outer loop
      vertex 2.35147 5.64853 -7
      vertex -5.65685 5.65685 0
      vertex -4.87009 6.34683 0
    endloop
  endfacet
  facet normal 0 0 -1
    outer loop
      vertex 8.8 -6 -7
      vertex 10 -4.8 -7
      vertex 9.98973 -4.95663 -7
    endloop
  endfacet
  facet normal 0 0 -1
    outer loop
      vertex 10 -4.8 -7
      vertex 2 -4.8 -7
      vertex 10 4.8 -7
    endloop
  endfacet
  facet normal 0 0 -1
    outer loop
      vertex 8.8 -6 -7
      vertex 9.98973 -4.95663 -7
      vertex 9.95911 -5.11058 -7
    endloop
  endfacet
  facet normal 0 0 -1
    outer loop
      vertex 2 4.8 -7
      vertex 10 4.8 -7
      vertex 2 -4.8 -7
    endloop
  endfacet
  facet normal 0 0 -1
    outer loop
      vertex 8.8 -6 -7
      vertex 9.95911 -5.11058 -7
      vertex 9.90866 -5.25922 -7
    endloop
  endfacet
  facet normal 0 -0 -1
    outer loop
      vertex 8.8 6 -7
      vertex 10 4.8 -7
      vertex 2 4.8 -7
    endloop
  endfacet
  facet normal 0 0 -1
    outer loop
      vertex 8.8 -6 -7
      vertex 9.90866 -5.25922 -7
      vertex 9.83923 -5.4 -7
    endloop
  endfacet
  facet normal 0 0 -1
    outer loop
      vertex 10 4.8 -7
      vertex 8.8 6 -7
      vertex 9.98973 4.95663 -7
    endloop
  endfacet
  facet normal 0 0 -1
    outer loop
      vertex 8.8 -6 -7
      vertex 9.83923 -5.4 -7
      vertex 9.75202 -5.53051 -7
    endloop
  endfacet
  facet normal -0 0 -1
    outer loop
      vertex 10 -4.8 -7
      vertex 8.8 -6 -7
      vertex 2 -4.8 -7
    endloop
  endfacet
  facet normal 0 0 -1
    outer loop
      vertex 8.8 -6 -7
      vertex 9.75202 -5.53051 -7
      vertex 9.64853 -5.64853 -7
    endloop
  endfacet
  facet normal 0 0 -1
    outer loop
      vertex 9.98973 4.95663 -7
      vertex 8.8 6 -7
      vertex 9.95911 5.11058 -7
    endloop
  endfacet
  facet normal 0 0 -1
    outer loop
      vertex 8.8 -6 -7
      vertex 9.64853 -5.64853 -7
      vertex 9.53051 -5.75202 -7
    endloop
  endfacet
  facet normal 0 0 -1
    outer loop
      vertex 9.83923 5.4 -7
      vertex 8.8 6 -7
      vertex 9.75202 5.53051 -7
    endloop
  endfacet
  facet normal 0 0 -1
    outer loop
      vertex 8.8 -6 -7
      vertex 9.53051 -5.75202 -7
      vertex 9.4 -5.83923 -7
    endloop
  endfacet
  facet normal 0 0 -1
    outer loop
      vertex 9.75202 5.53051 -7
      vertex 8.8 6 -7
      vertex 9.64853 5.64853 -7
    endloop
  endfacet
  facet normal 0 0 -1
    outer loop
      vertex 8.8 -6 -7
      vertex 9.4 -5.83923 -7
      vertex 9.25922 -5.90866 -7
    endloop
  endfacet
  facet normal 0 0 -1
    outer loop
      vertex 9.64853 5.64853 -7
      vertex 8.8 6 -7
      vertex 9.53051 5.75202 -7
    endloop
  endfacet
  facet normal 0 0 -1
    outer loop
      vertex 8.8 -6 -7
      vertex 9.25922 -5.90866 -7
      vertex 9.11058 -5.95911 -7
    endloop
  endfacet
  facet normal 0 0 -1
    outer loop
      vertex 9.53051 5.75202 -7
      vertex 8.8 6 -7
      vertex 9.4 5.83923 -7
    endloop
  endfacet
  facet normal 0 0 -1
    outer loop
      vertex 8.8 -6 -7
      vertex 9.11058 -5.95911 -7
      vertex 8.95663 -5.98973 -7
    endloop
  endfacet
  facet normal 0 0 -1
    outer loop
      vertex 9.4 5.83923 -7
      vertex 8.8 6 -7
      vertex 9.25922 5.90866 -7
    endloop
  endfacet
  facet normal 0 0 -1
    outer loop
      vertex 9.25922 5.90866 -7
      vertex 8.8 6 -7
      vertex 9.11058 5.95911 -7
    endloop
  endfacet
  facet normal 0 0 -1
    outer loop
      vertex 9.11058 5.95911 -7
      vertex 8.8 6 -7
      vertex 8.95663 5.98973 -7
    endloop
  endfacet
  facet normal 0 0 -1
    outer loop
      vertex 2 -4.8 -7
      vertex 8.8 -6 -7
      vertex 3.2 -6 -7
    endloop
  endfacet
  facet normal 0 0 -1
    outer loop
      vertex 9.95911 5.11058 -7
      vertex 8.8 6 -7
      vertex 9.90866 5.25922 -7
    endloop
  endfacet
  facet normal 0 0 -1
    outer loop
      vertex 2 -4.8 -7
      vertex 3.2 -6 -7
      vertex 3.04337 -5.98973 -7
    endloop
  endfacet
  facet normal 0 0 -1
    outer loop
      vertex 9.90866 5.25922 -7
      vertex 8.8 6 -7
      vertex 9.83923 5.4 -7
    endloop
  endfacet
  facet normal 0 0 -1
    outer loop
      vertex 2 -4.8 -7
      vertex 3.04337 -5.98973 -7
      vertex 2.88942 -5.95911 -7
    endloop
  endfacet
  facet normal -0 0 -1
    outer loop
      vertex 8.8 6 -7
      vertex 2 4.8 -7
      vertex 3.2 6 -7
    endloop
  endfacet
  facet normal 0 0 -1
    outer loop
      vertex 2 -4.8 -7
      vertex 2.88942 -5.95911 -7
      vertex 2.74078 -5.90866 -7
    endloop
  endfacet
  facet normal 0 0 -1
    outer loop
      vertex 3.2 6 -7
      vertex 2 4.8 -7
      vertex 3.04337 5.98973 -7
    endloop
  endfacet
  facet normal 0 0 -1
    outer loop
      vertex 2 -4.8 -7
      vertex 2.74078 -5.90866 -7
      vertex 2.6 -5.83923 -7
    endloop
  endfacet
  facet normal 0 0 -1
    outer loop
      vertex 3.04337 5.98973 -7
      vertex 2 4.8 -7
      vertex 2.88942 5.95911 -7
    endloop
  endfacet
  facet normal 0 0 -1
    outer loop
      vertex 2 -4.8 -7
      vertex 2.6 -5.83923 -7
      vertex 2.46949 -5.75202 -7
    endloop
  endfacet
  facet normal 0 0 -1
    outer loop
      vertex 2.88942 5.95911 -7
      vertex 2 4.8 -7
      vertex 2.74078 5.90866 -7
    endloop
  endfacet
  facet normal 0 0 -1
    outer loop
      vertex 2 -4.8 -7
      vertex 2.46949 -5.75202 -7
      vertex 2.35147 -5.64853 -7
    endloop
  endfacet
  facet normal 0 0 -1
    outer loop
      vertex 2.74078 5.90866 -7
      vertex 2 4.8 -7
      vertex 2.6 5.83923 -7
    endloop
  endfacet
  facet normal 0 0 -1
    outer loop
      vertex 2 -4.8 -7
      vertex 2.35147 -5.64853 -7
      vertex 2.24798 -5.53051 -7
    endloop
  endfacet
  facet normal 0 0 -1
    outer loop
      vertex 2.6 5.83923 -7
      vertex 2 4.8 -7
      vertex 2.46949 5.75202 -7
    endloop
  endfacet
  facet normal 0 0 -1
    outer loop
      vertex 2 -4.8 -7
      vertex 2.24798 -5.53051 -7
      vertex 2.16077 -5.4 -7
    endloop
  endfacet
  facet normal 0 0 -1
    outer loop
      vertex 2.46949 5.75202 -7
      vertex 2 4.8 -7
      vertex 2.35147 5.64853 -7
    endloop
  endfacet
  facet normal 0 0 -1
    outer loop
      vertex 2 -4.8 -7
      vertex 2.16077 -5.4 -7
      vertex 2.09134 -5.25922 -7
    endloop
  endfacet
  facet normal 0 0 -1
    outer loop
      vertex 2.35147 5.64853 -7
      vertex 2 4.8 -7
      vertex 2.24798 5.53051 -7
    endloop
  endfacet
  facet normal 0 0 -1
    outer loop
      vertex 2 -4.8 -7
      vertex 2.09134 -5.25922 -7
      vertex 2.04089 -5.11058 -7
    endloop
  endfacet
  facet normal 0 0 -1
    outer loop
      vertex 2.24798 5.53051 -7
      vertex 2 4.8 -7
      vertex 2.16077 5.4 -7
    endloop
  endfacet
  facet normal 0 0 -1
    outer loop
      vertex 2 -4.8 -7
      vertex 2.04089 -5.11058 -7
      vertex 2.01027 -4.95663 -7
    endloop
  endfacet
  facet normal 0 0 -1
    outer loop
      vertex 2.16077 5.4 -7
      vertex 2 4.8 -7
      vertex 2.09134 5.25922 -7
    endloop
  endfacet
  facet normal 0 0 -1
    outer loop
      vertex 2.09134 5.25922 -7
      vertex 2 4.8 -7
      vertex 2.04089 5.11058 -7
    endloop
  endfacet
  facet normal 0 0 -1
    outer loop
      vertex 2.04089 5.11058 -7
      vertex 2 4.8 -7
      vertex 2.01027 4.95663 -7
    endloop
  endfacet
  facet normal -0.611661 -0.207604 -0.763395
    outer loop
      vertex 2.09134 -5.25922 -7
      vertex -7.72741 -2.07055 0
      vertex 2.04089 -5.11058 -7
    endloop
  endfacet
  facet normal -0.602663 -0.119867 -0.788942
    outer loop
      vertex 2.04089 -5.11058 -7
      vertex -7.72741 -2.07055 0
      vertex 2.01027 -4.95663 -7
    endloop
  endfacet
  facet normal 0.19483 0.979485 -0.051488
    outer loop
      vertex 8.95663 5.98973 -7
      vertex 1.04421 7.93156 0
      vertex 2.07055 7.72741 0
    endloop
  endfacet
  facet normal 0.194816 0.979487 -0.0515025
    outer loop
      vertex 8.95663 5.98973 -7
      vertex 2.07055 7.72741 0
      vertex 9.11058 5.95911 -7
    endloop
  endfacet
  facet normal -0.0654011 0.997859 0
    outer loop
      vertex -1.04421 7.93156 0
      vertex -0.7 7.95412 2.50941
      vertex -0.7 7.95412 0
    endloop
  endfacet
  facet normal -0.0653812 0.99786 -2.74154e-06
    outer loop
      vertex -0.7 7.95412 2.50941
      vertex -1.04421 7.93156 0
      vertex -0.825 7.94593 2.57106
    endloop
  endfacet
  facet normal -0.0654433 0.997856 2.58115e-06
    outer loop
      vertex -0.825 7.94593 2.57106
      vertex -1.04421 7.93156 0
      vertex -1.00446 7.93416 2.69097
    endloop
  endfacet
  facet normal -0.0652693 0.997868 0
    outer loop
      vertex -1.00446 7.93416 2.69097
      vertex -1.04421 7.93156 0
      vertex -1.04421 7.93156 2.72583
    endloop
  endfacet
  facet normal -0.0654011 0.997859 0
    outer loop
      vertex -0.7 7.95412 11.4906
      vertex -1.04421 7.93156 14
      vertex -0.7 7.95412 14
    endloop
  endfacet
  facet normal -0.0653812 0.99786 2.7414e-06
    outer loop
      vertex -0.825 7.94593 11.4289
      vertex -1.04421 7.93156 14
      vertex -0.7 7.95412 11.4906
    endloop
  endfacet
  facet normal -0.0654433 0.997856 -2.58112e-06
    outer loop
      vertex -1.00446 7.93416 11.309
      vertex -1.04421 7.93156 14
      vertex -0.825 7.94593 11.4289
    endloop
  endfacet
  facet normal -0.0652693 0.997868 0
    outer loop
      vertex -1.04421 7.93156 14
      vertex -1.00446 7.93416 11.309
      vertex -1.04421 7.93156 11.2742
    endloop
  endfacet
  facet normal -0.0653798 0.99786 0
    outer loop
      vertex -0.7 7.95412 5.49058
      vertex -0.825 7.94593 8.57106
      vertex -0.7 7.95412 8.50941
    endloop
  endfacet
  facet normal -0.0653798 0.99786 0
    outer loop
      vertex -0.825 7.94593 5.42894
      vertex -0.825 7.94593 8.57106
      vertex -0.7 7.95412 5.49058
    endloop
  endfacet
  facet normal -0.065445 0.997856 0
    outer loop
      vertex -0.825 7.94593 8.57106
      vertex -0.825 7.94593 5.42894
      vertex -1.00446 7.93416 8.69097
    endloop
  endfacet
  facet normal -0.065445 0.997856 0
    outer loop
      vertex -1.00446 7.93416 5.30903
      vertex -1.00446 7.93416 8.69097
      vertex -0.825 7.94593 5.42894
    endloop
  endfacet
  facet normal -0.0652693 0.997868 0
    outer loop
      vertex -1.00446 7.93416 8.69097
      vertex -1.00446 7.93416 5.30903
      vertex -1.04421 7.93156 8.72583
    endloop
  endfacet
  facet normal -0.0652693 0.997868 0
    outer loop
      vertex -1.04421 7.93156 8.72583
      vertex -1.00446 7.93416 5.30903
      vertex -1.04421 7.93156 5.27417
    endloop
  endfacet
  facet normal 0.321402 -0.946943 0
    outer loop
      vertex 9.11058 -5.95911 -7
      vertex 9.25922 -5.90866 7
      vertex 9.11058 -5.95911 7
    endloop
  endfacet
  facet normal 0.321402 -0.946943 0
    outer loop
      vertex 9.25922 -5.90866 7
      vertex 9.11058 -5.95911 -7
      vertex 9.25922 -5.90866 -7
    endloop
  endfacet
  facet normal -0.602663 0.119867 -0.788942
    outer loop
      vertex 2.01027 4.95663 -7
      vertex -7.72741 2.07055 0
      vertex 2.04089 5.11058 -7
    endloop
  endfacet
  facet normal -0.182001 -0.914988 -0.360101
    outer loop
      vertex -2.07055 -7.72741 0
      vertex -0.7 -7.76804 -0.589461
      vertex -1.04421 -7.93156 0
    endloop
  endfacet
  facet normal -0.182 -0.914989 -0.360099
    outer loop
      vertex -2.07055 -7.72741 0
      vertex -0.7 -7.60647 -1
      vertex -0.7 -7.76804 -0.589461
    endloop
  endfacet
  facet normal -0.182019 -0.914981 -0.360109
    outer loop
      vertex -0.7 -7.60647 -1
      vertex 3.04337 -5.98973 -7
      vertex -0.46027 -7.65416 -1
    endloop
  endfacet
  facet normal -0.182 -0.914989 -0.360099
    outer loop
      vertex 3.04337 -5.98973 -7
      vertex -0.7 -7.60647 -1
      vertex -2.07055 -7.72741 0
    endloop
  endfacet
  facet normal -0.0623774 -0.951757 -0.300447
    outer loop
      vertex 0.434767 -7.71282 -1
      vertex -0.46027 -7.65416 -1
      vertex 3.04337 -5.98973 -7
    endloop
  endfacet
  facet normal -0.0623794 -0.951756 -0.300449
    outer loop
      vertex -0.7 -7.95412 0
      vertex -1.04421 -7.93156 0
      vertex -0.7 -7.76804 -0.589461
    endloop
  endfacet
  facet normal -0.465136 0.696132 -0.546853
    outer loop
      vertex 2.46949 5.75202 -7
      vertex -4.87009 6.34683 0
      vertex -4 6.9282 0
    endloop
  endfacet
  facet normal -0.0654011 -0.997859 0
    outer loop
      vertex -1.04421 -7.93156 14
      vertex -0.7 -7.95412 11.4906
      vertex -0.7 -7.95412 14
    endloop
  endfacet
  facet normal -0.0653812 -0.99786 2.7414e-06
    outer loop
      vertex -1.04421 -7.93156 14
      vertex -0.825 -7.94593 11.4289
      vertex -0.7 -7.95412 11.4906
    endloop
  endfacet
  facet normal -0.0654433 -0.997856 -2.58112e-06
    outer loop
      vertex -1.04421 -7.93156 14
      vertex -1.00446 -7.93416 11.309
      vertex -0.825 -7.94593 11.4289
    endloop
  endfacet
  facet normal -0.0652693 -0.997868 0
    outer loop
      vertex -1.00446 -7.93416 11.309
      vertex -1.04421 -7.93156 14
      vertex -1.04421 -7.93156 11.2742
    endloop
  endfacet
  facet normal -0.0652693 -0.997868 0
    outer loop
      vertex -1.04421 -7.93156 0
      vertex -1.00446 -7.93416 2.69097
      vertex -1.04421 -7.93156 2.72583
    endloop
  endfacet
  facet normal -0.0654433 -0.997856 2.58115e-06
    outer loop
      vertex -1.04421 -7.93156 0
      vertex -0.825 -7.94593 2.57106
      vertex -1.00446 -7.93416 2.69097
    endloop
  endfacet
  facet normal -0.0653812 -0.99786 -2.74154e-06
    outer loop
      vertex -1.04421 -7.93156 0
      vertex -0.7 -7.95412 2.50941
      vertex -0.825 -7.94593 2.57106
    endloop
  endfacet
  facet normal -0.0654011 -0.997859 -0
    outer loop
      vertex -0.7 -7.95412 2.50941
      vertex -1.04421 -7.93156 0
      vertex -0.7 -7.95412 0
    endloop
  endfacet
  facet normal -0.0653798 -0.99786 0
    outer loop
      vertex -0.825 -7.94593 8.57106
      vertex -0.7 -7.95412 5.49058
      vertex -0.7 -7.95412 8.50941
    endloop
  endfacet
  facet normal -0.065445 -0.997856 0
    outer loop
      vertex -0.825 -7.94593 5.42894
      vertex -0.825 -7.94593 8.57106
      vertex -1.00446 -7.93416 8.69097
    endloop
  endfacet
  facet normal -0.0652693 -0.997868 0
    outer loop
      vertex -1.00446 -7.93416 5.30903
      vertex -1.00446 -7.93416 8.69097
      vertex -1.04421 -7.93156 8.72583
    endloop
  endfacet
  facet normal -0.0653798 -0.99786 -0
    outer loop
      vertex -0.825 -7.94593 8.57106
      vertex -0.825 -7.94593 5.42894
      vertex -0.7 -7.95412 5.49058
    endloop
  endfacet
  facet normal -0.065445 -0.997856 -0
    outer loop
      vertex -1.00446 -7.93416 8.69097
      vertex -1.00446 -7.93416 5.30903
      vertex -0.825 -7.94593 5.42894
    endloop
  endfacet
  facet normal -0.0652693 -0.997868 0
    outer loop
      vertex -1.00446 -7.93416 5.30903
      vertex -1.04421 -7.93156 8.72583
      vertex -1.04421 -7.93156 5.27417
    endloop
  endfacet
  facet normal -0.195076 -0.980788 0
    outer loop
      vertex 1.04822 3.912 -0.2
      vertex 0.7 3.98126 2.50941
      vertex 0.7 3.98126 -0.2
    endloop
  endfacet
  facet normal -0.195061 -0.980791 2.04468e-06
    outer loop
      vertex 0.7 3.98126 2.50941
      vertex 1.04822 3.912 -0.2
      vertex 0.825 3.9564 2.57106
    endloop
  endfacet
  facet normal -0.195106 -0.980782 -1.7405e-06
    outer loop
      vertex 0.825 3.9564 2.57106
      vertex 1.04822 3.912 -0.2
      vertex 1.00446 3.9207 2.69097
    endloop
  endfacet
  facet normal -0.194995 -0.980804 0
    outer loop
      vertex 1.00446 3.9207 2.69097
      vertex 1.04822 3.912 -0.2
      vertex 1.04822 3.912 2.72934
    endloop
  endfacet
  facet normal -0.195076 -0.980788 0
    outer loop
      vertex 0.7 3.98126 11.4906
      vertex 1.04822 3.912 14
      vertex 0.7 3.98126 14
    endloop
  endfacet
  facet normal -0.195061 -0.980791 -2.19709e-06
    outer loop
      vertex 0.825 3.9564 11.4289
      vertex 1.04822 3.912 14
      vertex 0.7 3.98126 11.4906
    endloop
  endfacet
  facet normal -0.195106 -0.980782 1.86845e-06
    outer loop
      vertex 1.00446 3.9207 11.309
      vertex 1.04822 3.912 14
      vertex 0.825 3.9564 11.4289
    endloop
  endfacet
  facet normal -0.194995 -0.980804 -0
    outer loop
      vertex 1.04822 3.912 14
      vertex 1.00446 3.9207 11.309
      vertex 1.04822 3.912 11.2707
    endloop
  endfacet
  facet normal -0.19506 -0.980791 0
    outer loop
      vertex 0.7 3.98126 5.49058
      vertex 0.825 3.9564 8.57106
      vertex 0.7 3.98126 8.50941
    endloop
  endfacet
  facet normal -0.19506 -0.980791 0
    outer loop
      vertex 0.825 3.9564 5.42894
      vertex 0.825 3.9564 8.57106
      vertex 0.7 3.98126 5.49058
    endloop
  endfacet
  facet normal -0.195107 -0.980782 -0
    outer loop
      vertex 0.825 3.9564 8.57106
      vertex 0.825 3.9564 5.42894
      vertex 1.00446 3.9207 8.69097
    endloop
  endfacet
  facet normal -0.195107 -0.980782 0
    outer loop
      vertex 1.00446 3.9207 5.30903
      vertex 1.00446 3.9207 8.69097
      vertex 0.825 3.9564 5.42894
    endloop
  endfacet
  facet normal -0.194995 -0.980804 -0
    outer loop
      vertex 1.00446 3.9207 8.69097
      vertex 1.00446 3.9207 5.30903
      vertex 1.04822 3.912 8.72934
    endloop
  endfacet
  facet normal -0.194995 -0.980804 -0
    outer loop
      vertex 1.04822 3.912 8.72934
      vertex 1.00446 3.9207 5.30903
      vertex 1.04822 3.912 5.27066
    endloop
  endfacet
  facet normal -0.980786 -0.195085 0
    outer loop
      vertex 4.01535 0.52863 -0.2
      vertex 3.912 1.04822 14
      vertex 3.912 1.04822 -0.2
    endloop
  endfacet
  facet normal -0.980786 -0.195085 0
    outer loop
      vertex 3.912 1.04822 14
      vertex 4.01535 0.52863 -0.2
      vertex 4.01535 0.52863 14
    endloop
  endfacet
  facet normal -0.997859 -0.0654064 0
    outer loop
      vertex 4.05 0 -0.2
      vertex 4.01535 0.52863 14
      vertex 4.01535 0.52863 -0.2
    endloop
  endfacet
  facet normal -0.997859 -0.0654064 0
    outer loop
      vertex 4.01535 0.52863 14
      vertex 4.05 0 -0.2
      vertex 4.05 0 14
    endloop
  endfacet
  facet normal -0.946929 -0.321444 0
    outer loop
      vertex 3.912 1.04822 -0.2
      vertex 3.74171 1.54987 14
      vertex 3.74171 1.54987 -0.2
    endloop
  endfacet
  facet normal -0.946929 -0.321444 0
    outer loop
      vertex 3.74171 1.54987 14
      vertex 3.912 1.04822 -0.2
      vertex 3.912 1.04822 14
    endloop
  endfacet
  facet normal -0.831469 -0.555571 0
    outer loop
      vertex 3.5074 2.025 -0.2
      vertex 3.21308 2.46548 14
      vertex 3.21308 2.46548 -0.2
    endloop
  endfacet
  facet normal -0.831469 -0.555571 0
    outer loop
      vertex 3.21308 2.46548 14
      vertex 3.5074 2.025 -0.2
      vertex 3.5074 2.025 14
    endloop
  endfacet
  facet normal -0.321444 -0.946929 0
    outer loop
      vertex 1.54987 3.74171 -0.2
      vertex 1.04822 3.912 2.72934
      vertex 1.04822 3.912 -0.2
    endloop
  endfacet
  facet normal -0.321448 -0.946927 -7.38963e-07
    outer loop
      vertex 1.04822 3.912 2.72934
      vertex 1.54987 3.74171 -0.2
      vertex 1.16673 3.87177 2.83327
    endloop
  endfacet
  facet normal -0.321469 -0.94692 -3.74966e-06
    outer loop
      vertex 1.16673 3.87177 2.83327
      vertex 1.54987 3.74171 -0.2
      vertex 1.30903 3.82346 2.99554
    endloop
  endfacet
  facet normal -0.321413 -0.946939 1.00935e-06
    outer loop
      vertex 1.30903 3.82346 2.99554
      vertex 1.54987 3.74171 -0.2
      vertex 1.42894 3.78276 3.175
    endloop
  endfacet
  facet normal -0.321404 -0.946942 1.37279e-06
    outer loop
      vertex 1.42894 3.78276 3.175
      vertex 1.54987 3.74171 -0.2
      vertex 1.5244 3.75036 3.36857
    endloop
  endfacet
  facet normal -0.321576 -0.946884 0
    outer loop
      vertex 1.5244 3.75036 3.36857
      vertex 1.54987 3.74171 -0.2
      vertex 1.54987 3.74171 3.4436
    endloop
  endfacet
  facet normal -0.321444 -0.946929 0
    outer loop
      vertex 1.04822 3.912 11.2707
      vertex 1.54987 3.74171 14
      vertex 1.04822 3.912 14
    endloop
  endfacet
  facet normal -0.321448 -0.946927 7.85533e-07
    outer loop
      vertex 1.16673 3.87177 11.1667
      vertex 1.54987 3.74171 14
      vertex 1.04822 3.912 11.2707
    endloop
  endfacet
  facet normal -0.321469 -0.94692 3.97918e-06
    outer loop
      vertex 1.30903 3.82346 11.0045
      vertex 1.54987 3.74171 14
      vertex 1.16673 3.87177 11.1667
    endloop
  endfacet
  facet normal -0.321413 -0.946939 -1.06949e-06
    outer loop
      vertex 1.42894 3.78276 10.825
      vertex 1.54987 3.74171 14
      vertex 1.30903 3.82346 11.0045
    endloop
  endfacet
  facet normal -0.321404 -0.946942 -1.45305e-06
    outer loop
      vertex 1.5244 3.75036 10.6314
      vertex 1.54987 3.74171 14
      vertex 1.42894 3.78276 10.825
    endloop
  endfacet
  facet normal -0.321576 -0.946884 -0
    outer loop
      vertex 1.54987 3.74171 14
      vertex 1.5244 3.75036 10.6314
      vertex 1.54987 3.74171 10.5564
    endloop
  endfacet
  facet normal -0.321449 -0.946927 0
    outer loop
      vertex 1.04822 3.912 5.27066
      vertex 1.16673 3.87177 8.83327
      vertex 1.04822 3.912 8.72934
    endloop
  endfacet
  facet normal -0.321449 -0.946927 0
    outer loop
      vertex 1.16673 3.87177 5.16673
      vertex 1.16673 3.87177 8.83327
      vertex 1.04822 3.912 5.27066
    endloop
  endfacet
  facet normal -0.321473 -0.946919 -0
    outer loop
      vertex 1.16673 3.87177 8.83327
      vertex 1.16673 3.87177 5.16673
      vertex 1.30903 3.82346 8.99554
    endloop
  endfacet
  facet normal -0.321473 -0.946919 0
    outer loop
      vertex 1.30903 3.82346 5.00446
      vertex 1.30903 3.82346 8.99554
      vertex 1.16673 3.87177 5.16673
    endloop
  endfacet
  facet normal -0.321411 -0.94694 -0
    outer loop
      vertex 1.30903 3.82346 8.99554
      vertex 1.30903 3.82346 5.00446
      vertex 1.42894 3.78276 9.175
    endloop
  endfacet
  facet normal -0.321411 -0.94694 0
    outer loop
      vertex 1.42894 3.78276 4.825
      vertex 1.42894 3.78276 9.175
      vertex 1.30903 3.82346 5.00446
    endloop
  endfacet
  facet normal -0.321401 -0.946943 -0
    outer loop
      vertex 1.42894 3.78276 9.175
      vertex 1.42894 3.78276 4.825
      vertex 1.5244 3.75036 9.36857
    endloop
  endfacet
  facet normal -0.321401 -0.946943 0
    outer loop
      vertex 1.5244 3.75036 4.63143
      vertex 1.5244 3.75036 9.36857
      vertex 1.42894 3.78276 4.825
    endloop
  endfacet
  facet normal -0.321576 -0.946884 -0
    outer loop
      vertex 1.5244 3.75036 9.36857
      vertex 1.5244 3.75036 4.63143
      vertex 1.54987 3.74171 9.4436
    endloop
  endfacet
  facet normal -0.321576 -0.946884 -0
    outer loop
      vertex 1.54987 3.74171 9.4436
      vertex 1.5244 3.75036 4.63143
      vertex 1.54987 3.74171 4.5564
    endloop
  endfacet
  facet normal 0.980786 0.195085 0
    outer loop
      vertex -3.912 -1.04822 14
      vertex -4.01535 -0.52863 -0.2
      vertex -4.01535 -0.52863 14
    endloop
  endfacet
  facet normal 0.980786 0.195085 0
    outer loop
      vertex -4.01535 -0.52863 -0.2
      vertex -3.912 -1.04822 14
      vertex -3.912 -1.04822 -0.2
    endloop
  endfacet
  facet normal -0.997859 0.0654064 0
    outer loop
      vertex 4.01535 -0.52863 -0.2
      vertex 4.05 0 14
      vertex 4.05 0 -0.2
    endloop
  endfacet
  facet normal -0.997859 0.0654064 0
    outer loop
      vertex 4.05 0 14
      vertex 4.01535 -0.52863 -0.2
      vertex 4.01535 -0.52863 14
    endloop
  endfacet
  facet normal 0.555571 0.831469 -0
    outer loop
      vertex -2.025 -3.5074 -0.2
      vertex -2.46548 -3.21308 14
      vertex -2.025 -3.5074 14
    endloop
  endfacet
  facet normal 0.555571 0.831469 0
    outer loop
      vertex -2.46548 -3.21308 14
      vertex -2.025 -3.5074 -0.2
      vertex -2.46548 -3.21308 -0.2
    endloop
  endfacet
  facet normal 0.997859 0.0654064 0
    outer loop
      vertex -4.01535 -0.52863 14
      vertex -4.05 0 -0.2
      vertex -4.05 0 14
    endloop
  endfacet
  facet normal 0.997859 0.0654064 0
    outer loop
      vertex -4.05 0 -0.2
      vertex -4.01535 -0.52863 14
      vertex -4.01535 -0.52863 -0.2
    endloop
  endfacet
  facet normal 0.321444 0.946929 0
    outer loop
      vertex -1.54987 -3.74171 -0.2
      vertex -1.04822 -3.912 2.72934
      vertex -1.04822 -3.912 -0.2
    endloop
  endfacet
  facet normal 0.321448 0.946927 -7.38963e-07
    outer loop
      vertex -1.04822 -3.912 2.72934
      vertex -1.54987 -3.74171 -0.2
      vertex -1.16673 -3.87177 2.83327
    endloop
  endfacet
  facet normal 0.321469 0.94692 -3.74966e-06
    outer loop
      vertex -1.16673 -3.87177 2.83327
      vertex -1.54987 -3.74171 -0.2
      vertex -1.30903 -3.82346 2.99554
    endloop
  endfacet
  facet normal 0.321413 0.946939 1.00935e-06
    outer loop
      vertex -1.30903 -3.82346 2.99554
      vertex -1.54987 -3.74171 -0.2
      vertex -1.42894 -3.78276 3.175
    endloop
  endfacet
  facet normal 0.321404 0.946942 1.37279e-06
    outer loop
      vertex -1.42894 -3.78276 3.175
      vertex -1.54987 -3.74171 -0.2
      vertex -1.5244 -3.75036 3.36857
    endloop
  endfacet
  facet normal 0.321576 0.946884 0
    outer loop
      vertex -1.5244 -3.75036 3.36857
      vertex -1.54987 -3.74171 -0.2
      vertex -1.54987 -3.74171 3.4436
    endloop
  endfacet
  facet normal 0.321444 0.946929 -0
    outer loop
      vertex -1.04822 -3.912 11.2707
      vertex -1.54987 -3.74171 14
      vertex -1.04822 -3.912 14
    endloop
  endfacet
  facet normal 0.321448 0.946927 7.85533e-07
    outer loop
      vertex -1.16673 -3.87177 11.1667
      vertex -1.54987 -3.74171 14
      vertex -1.04822 -3.912 11.2707
    endloop
  endfacet
  facet normal 0.321469 0.94692 3.97918e-06
    outer loop
      vertex -1.30903 -3.82346 11.0045
      vertex -1.54987 -3.74171 14
      vertex -1.16673 -3.87177 11.1667
    endloop
  endfacet
  facet normal 0.321413 0.946939 -1.06949e-06
    outer loop
      vertex -1.42894 -3.78276 10.825
      vertex -1.54987 -3.74171 14
      vertex -1.30903 -3.82346 11.0045
    endloop
  endfacet
  facet normal 0.321404 0.946942 -1.45305e-06
    outer loop
      vertex -1.5244 -3.75036 10.6314
      vertex -1.54987 -3.74171 14
      vertex -1.42894 -3.78276 10.825
    endloop
  endfacet
  facet normal 0.321576 0.946884 0
    outer loop
      vertex -1.54987 -3.74171 14
      vertex -1.5244 -3.75036 10.6314
      vertex -1.54987 -3.74171 10.5564
    endloop
  endfacet
  facet normal 0.321449 0.946927 -0
    outer loop
      vertex -1.04822 -3.912 5.27066
      vertex -1.16673 -3.87177 8.83327
      vertex -1.04822 -3.912 8.72934
    endloop
  endfacet
  facet normal 0.321449 0.946927 -0
    outer loop
      vertex -1.16673 -3.87177 5.16673
      vertex -1.16673 -3.87177 8.83327
      vertex -1.04822 -3.912 5.27066
    endloop
  endfacet
  facet normal 0.321473 0.946919 0
    outer loop
      vertex -1.16673 -3.87177 8.83327
      vertex -1.16673 -3.87177 5.16673
      vertex -1.30903 -3.82346 8.99554
    endloop
  endfacet
  facet normal 0.321473 0.946919 -0
    outer loop
      vertex -1.30903 -3.82346 5.00446
      vertex -1.30903 -3.82346 8.99554
      vertex -1.16673 -3.87177 5.16673
    endloop
  endfacet
  facet normal 0.321411 0.94694 0
    outer loop
      vertex -1.30903 -3.82346 8.99554
      vertex -1.30903 -3.82346 5.00446
      vertex -1.42894 -3.78276 9.175
    endloop
  endfacet
  facet normal 0.321411 0.94694 -0
    outer loop
      vertex -1.42894 -3.78276 4.825
      vertex -1.42894 -3.78276 9.175
      vertex -1.30903 -3.82346 5.00446
    endloop
  endfacet
  facet normal 0.321401 0.946943 0
    outer loop
      vertex -1.42894 -3.78276 9.175
      vertex -1.42894 -3.78276 4.825
      vertex -1.5244 -3.75036 9.36857
    endloop
  endfacet
  facet normal 0.321401 0.946943 -0
    outer loop
      vertex -1.5244 -3.75036 4.63143
      vertex -1.5244 -3.75036 9.36857
      vertex -1.42894 -3.78276 4.825
    endloop
  endfacet
  facet normal 0.321576 0.946884 0
    outer loop
      vertex -1.5244 -3.75036 9.36857
      vertex -1.5244 -3.75036 4.63143
      vertex -1.54987 -3.74171 9.4436
    endloop
  endfacet
  facet normal 0.321576 0.946884 0
    outer loop
      vertex -1.54987 -3.74171 9.4436
      vertex -1.5244 -3.75036 4.63143
      vertex -1.54987 -3.74171 4.5564
    endloop
  endfacet
  facet normal -0.896871 -0.442291 0
    outer loop
      vertex 3.74171 1.54987 -0.2
      vertex 3.5074 2.025 14
      vertex 3.5074 2.025 -0.2
    endloop
  endfacet
  facet normal -0.896871 -0.442291 0
    outer loop
      vertex 3.5074 2.025 14
      vertex 3.74171 1.54987 -0.2
      vertex 3.74171 1.54987 14
    endloop
  endfacet
  facet normal -0.75184 -0.659346 0
    outer loop
      vertex 3.21308 2.46548 -0.2
      vertex 2.86378 2.86378 14
      vertex 2.86378 2.86378 -0.2
    endloop
  endfacet
  facet normal -0.75184 -0.659346 0
    outer loop
      vertex 2.86378 2.86378 14
      vertex 3.21308 2.46548 -0.2
      vertex 3.21308 2.46548 14
    endloop
  endfacet
  facet normal -0.946929 0.321444 0
    outer loop
      vertex 3.74171 -1.54987 -0.2
      vertex 3.912 -1.04822 14
      vertex 3.912 -1.04822 -0.2
    endloop
  endfacet
  facet normal -0.946929 0.321444 0
    outer loop
      vertex 3.912 -1.04822 14
      vertex 3.74171 -1.54987 -0.2
      vertex 3.74171 -1.54987 14
    endloop
  endfacet
  facet normal 0.75184 0.659346 0
    outer loop
      vertex -2.86378 -2.86378 14
      vertex -3.21308 -2.46548 -0.2
      vertex -3.21308 -2.46548 14
    endloop
  endfacet
  facet normal 0.75184 0.659346 0
    outer loop
      vertex -3.21308 -2.46548 -0.2
      vertex -2.86378 -2.86378 14
      vertex -2.86378 -2.86378 -0.2
    endloop
  endfacet
  facet normal -0.980786 0.195085 0
    outer loop
      vertex 3.912 -1.04822 -0.2
      vertex 4.01535 -0.52863 14
      vertex 4.01535 -0.52863 -0.2
    endloop
  endfacet
  facet normal -0.980786 0.195085 0
    outer loop
      vertex 4.01535 -0.52863 14
      vertex 3.912 -1.04822 -0.2
      vertex 3.912 -1.04822 14
    endloop
  endfacet
  facet normal 0.946929 0.321444 0
    outer loop
      vertex -3.74171 -1.54987 14
      vertex -3.912 -1.04822 -0.2
      vertex -3.912 -1.04822 14
    endloop
  endfacet
  facet normal 0.946929 0.321444 0
    outer loop
      vertex -3.912 -1.04822 -0.2
      vertex -3.74171 -1.54987 14
      vertex -3.74171 -1.54987 -0.2
    endloop
  endfacet
  facet normal -0.831469 0.555571 0
    outer loop
      vertex 3.21308 -2.46548 -0.2
      vertex 3.5074 -2.025 14
      vertex 3.5074 -2.025 -0.2
    endloop
  endfacet
  facet normal -0.831469 0.555571 0
    outer loop
      vertex 3.5074 -2.025 14
      vertex 3.21308 -2.46548 -0.2
      vertex 3.21308 -2.46548 14
    endloop
  endfacet
  facet normal -0.442291 -0.896871 0
    outer loop
      vertex 1.54987 3.74171 10.5564
      vertex 2.025 3.5074 14
      vertex 1.54987 3.74171 14
    endloop
  endfacet
  facet normal -0.442243 -0.896895 -8.3834e-06
    outer loop
      vertex 1.59378 3.72006 10.4271
      vertex 2.025 3.5074 14
      vertex 1.54987 3.74171 10.5564
    endloop
  endfacet
  facet normal -0.442384 -0.896826 1.28134e-05
    outer loop
      vertex 1.63588 3.69929 10.2154
      vertex 2.025 3.5074 14
      vertex 1.59378 3.72006 10.4271
    endloop
  endfacet
  facet normal -0.442222 -0.896906 -7.91731e-06
    outer loop
      vertex 1.65 3.69233 10
      vertex 2.025 3.5074 14
      vertex 1.63588 3.69929 10.2154
    endloop
  endfacet
  facet normal -0.442124 -0.896954 0
    outer loop
      vertex 1.65 3.69233 4
      vertex 1.65 3.69233 10
      vertex 1.63588 3.69929 9.78463
    endloop
  endfacet
  facet normal -0.442223 -0.896905 0
    outer loop
      vertex 1.54987 3.74171 4.5564
      vertex 1.59378 3.72006 9.57295
      vertex 1.54987 3.74171 9.4436
    endloop
  endfacet
  facet normal -0.442223 -0.896905 0
    outer loop
      vertex 1.59378 3.72006 4.42705
      vertex 1.59378 3.72006 9.57295
      vertex 1.54987 3.74171 4.5564
    endloop
  endfacet
  facet normal -0.442436 -0.8968 -0
    outer loop
      vertex 1.59378 3.72006 9.57295
      vertex 1.59378 3.72006 4.42705
      vertex 1.63588 3.69929 9.78463
    endloop
  endfacet
  facet normal -0.442436 -0.8968 0
    outer loop
      vertex 1.63588 3.69929 4.21537
      vertex 1.63588 3.69929 9.78463
      vertex 1.59378 3.72006 4.42705
    endloop
  endfacet
  facet normal -0.442124 -0.896954 0
    outer loop
      vertex 1.65 3.69233 4
      vertex 1.63588 3.69929 9.78463
      vertex 1.63588 3.69929 4.21537
    endloop
  endfacet
  facet normal -0.44229 -0.896872 -0
    outer loop
      vertex 1.65 3.69233 10
      vertex 1.65 3.69233 4
      vertex 2.025 3.5074 14
    endloop
  endfacet
  facet normal -0.442291 -0.896871 0
    outer loop
      vertex 2.025 3.5074 -0.2
      vertex 1.54987 3.74171 3.4436
      vertex 1.54987 3.74171 -0.2
    endloop
  endfacet
  facet normal -0.442242 -0.896896 8.05004e-06
    outer loop
      vertex 1.54987 3.74171 3.4436
      vertex 2.025 3.5074 -0.2
      vertex 1.59378 3.72006 3.57295
    endloop
  endfacet
  facet normal -0.442386 -0.896825 -1.23823e-05
    outer loop
      vertex 1.59378 3.72006 3.57295
      vertex 2.025 3.5074 -0.2
      vertex 1.63588 3.69929 3.78463
    endloop
  endfacet
  facet normal -0.44222 -0.896907 7.75833e-06
    outer loop
      vertex 1.63588 3.69929 3.78463
      vertex 2.025 3.5074 -0.2
      vertex 1.65 3.69233 4
    endloop
  endfacet
  facet normal -0.44229 -0.896872 0
    outer loop
      vertex 1.65 3.69233 4
      vertex 2.025 3.5074 -0.2
      vertex 2.025 3.5074 14
    endloop
  endfacet
  facet normal 0.442291 -0.896871 0
    outer loop
      vertex -2.025 3.5074 14
      vertex -1.54987 3.74171 10.5564
      vertex -1.54987 3.74171 14
    endloop
  endfacet
  facet normal 0.442243 -0.896895 -8.3834e-06
    outer loop
      vertex -2.025 3.5074 14
      vertex -1.59378 3.72006 10.4271
      vertex -1.54987 3.74171 10.5564
    endloop
  endfacet
  facet normal 0.442384 -0.896826 1.28134e-05
    outer loop
      vertex -2.025 3.5074 14
      vertex -1.63588 3.69929 10.2154
      vertex -1.59378 3.72006 10.4271
    endloop
  endfacet
  facet normal 0.442222 -0.896906 -7.91731e-06
    outer loop
      vertex -2.025 3.5074 14
      vertex -1.65 3.69233 10
      vertex -1.63588 3.69929 10.2154
    endloop
  endfacet
  facet normal 0.44229 -0.896872 0
    outer loop
      vertex -1.65 3.69233 4
      vertex -1.65 3.69233 10
      vertex -2.025 3.5074 14
    endloop
  endfacet
  facet normal 0.442223 -0.896905 0
    outer loop
      vertex -1.59378 3.72006 9.57295
      vertex -1.54987 3.74171 4.5564
      vertex -1.54987 3.74171 9.4436
    endloop
  endfacet
  facet normal 0.442436 -0.8968 0
    outer loop
      vertex -1.59378 3.72006 4.42705
      vertex -1.59378 3.72006 9.57295
      vertex -1.63588 3.69929 9.78463
    endloop
  endfacet
  facet normal 0.442124 -0.896954 0
    outer loop
      vertex -1.65 3.69233 10
      vertex -1.65 3.69233 4
      vertex -1.63588 3.69929 9.78463
    endloop
  endfacet
  facet normal 0.442223 -0.896905 0
    outer loop
      vertex -1.59378 3.72006 9.57295
      vertex -1.59378 3.72006 4.42705
      vertex -1.54987 3.74171 4.5564
    endloop
  endfacet
  facet normal 0.442436 -0.8968 0
    outer loop
      vertex -1.63588 3.69929 9.78463
      vertex -1.63588 3.69929 4.21537
      vertex -1.59378 3.72006 4.42705
    endloop
  endfacet
  facet normal 0.442124 -0.896954 0
    outer loop
      vertex -1.63588 3.69929 9.78463
      vertex -1.65 3.69233 4
      vertex -1.63588 3.69929 4.21537
    endloop
  endfacet
  facet normal 0.44229 -0.896872 0
    outer loop
      vertex -2.025 3.5074 -0.2
      vertex -1.65 3.69233 4
      vertex -2.025 3.5074 14
    endloop
  endfacet
  facet normal 0.44222 -0.896907 7.75833e-06
    outer loop
      vertex -2.025 3.5074 -0.2
      vertex -1.63588 3.69929 3.78463
      vertex -1.65 3.69233 4
    endloop
  endfacet
  facet normal 0.442386 -0.896825 -1.23823e-05
    outer loop
      vertex -2.025 3.5074 -0.2
      vertex -1.59378 3.72006 3.57295
      vertex -1.63588 3.69929 3.78463
    endloop
  endfacet
  facet normal 0.442242 -0.896896 8.05004e-06
    outer loop
      vertex -2.025 3.5074 -0.2
      vertex -1.54987 3.74171 3.4436
      vertex -1.59378 3.72006 3.57295
    endloop
  endfacet
  facet normal 0.442291 -0.896871 0
    outer loop
      vertex -1.54987 3.74171 3.4436
      vertex -2.025 3.5074 -0.2
      vertex -1.54987 3.74171 -0.2
    endloop
  endfacet
  facet normal -0.442291 0.896871 0
    outer loop
      vertex 2.025 -3.5074 14
      vertex 1.54987 -3.74171 10.5564
      vertex 1.54987 -3.74171 14
    endloop
  endfacet
  facet normal -0.442243 0.896895 -8.3834e-06
    outer loop
      vertex 2.025 -3.5074 14
      vertex 1.59378 -3.72006 10.4271
      vertex 1.54987 -3.74171 10.5564
    endloop
  endfacet
  facet normal -0.442384 0.896826 1.28134e-05
    outer loop
      vertex 2.025 -3.5074 14
      vertex 1.63588 -3.69929 10.2154
      vertex 1.59378 -3.72006 10.4271
    endloop
  endfacet
  facet normal -0.442222 0.896906 -7.91731e-06
    outer loop
      vertex 2.025 -3.5074 14
      vertex 1.65 -3.69233 10
      vertex 1.63588 -3.69929 10.2154
    endloop
  endfacet
  facet normal -0.44229 0.896872 0
    outer loop
      vertex 1.65 -3.69233 4
      vertex 1.65 -3.69233 10
      vertex 2.025 -3.5074 14
    endloop
  endfacet
  facet normal -0.442223 0.896905 0
    outer loop
      vertex 1.59378 -3.72006 9.57295
      vertex 1.54987 -3.74171 4.5564
      vertex 1.54987 -3.74171 9.4436
    endloop
  endfacet
  facet normal -0.442436 0.8968 0
    outer loop
      vertex 1.59378 -3.72006 4.42705
      vertex 1.59378 -3.72006 9.57295
      vertex 1.63588 -3.69929 9.78463
    endloop
  endfacet
  facet normal -0.442124 0.896954 0
    outer loop
      vertex 1.65 -3.69233 10
      vertex 1.65 -3.69233 4
      vertex 1.63588 -3.69929 9.78463
    endloop
  endfacet
  facet normal -0.442223 0.896905 0
    outer loop
      vertex 1.59378 -3.72006 9.57295
      vertex 1.59378 -3.72006 4.42705
      vertex 1.54987 -3.74171 4.5564
    endloop
  endfacet
  facet normal -0.442436 0.8968 0
    outer loop
      vertex 1.63588 -3.69929 9.78463
      vertex 1.63588 -3.69929 4.21537
      vertex 1.59378 -3.72006 4.42705
    endloop
  endfacet
  facet normal -0.442124 0.896954 0
    outer loop
      vertex 1.63588 -3.69929 9.78463
      vertex 1.65 -3.69233 4
      vertex 1.63588 -3.69929 4.21537
    endloop
  endfacet
  facet normal -0.44229 0.896872 0
    outer loop
      vertex 2.025 -3.5074 -0.2
      vertex 1.65 -3.69233 4
      vertex 2.025 -3.5074 14
    endloop
  endfacet
  facet normal -0.44222 0.896907 7.75833e-06
    outer loop
      vertex 2.025 -3.5074 -0.2
      vertex 1.63588 -3.69929 3.78463
      vertex 1.65 -3.69233 4
    endloop
  endfacet
  facet normal -0.442386 0.896825 -1.23823e-05
    outer loop
      vertex 2.025 -3.5074 -0.2
      vertex 1.59378 -3.72006 3.57295
      vertex 1.63588 -3.69929 3.78463
    endloop
  endfacet
  facet normal -0.442242 0.896896 8.05004e-06
    outer loop
      vertex 2.025 -3.5074 -0.2
      vertex 1.54987 -3.74171 3.4436
      vertex 1.59378 -3.72006 3.57295
    endloop
  endfacet
  facet normal -0.442291 0.896871 0
    outer loop
      vertex 1.54987 -3.74171 3.4436
      vertex 2.025 -3.5074 -0.2
      vertex 1.54987 -3.74171 -0.2
    endloop
  endfacet
  facet normal -0.321576 0.946884 0
    outer loop
      vertex 1.54987 -3.74171 -0.2
      vertex 1.5244 -3.75036 3.36857
      vertex 1.54987 -3.74171 3.4436
    endloop
  endfacet
  facet normal -0.321404 0.946942 1.37279e-06
    outer loop
      vertex 1.54987 -3.74171 -0.2
      vertex 1.42894 -3.78276 3.175
      vertex 1.5244 -3.75036 3.36857
    endloop
  endfacet
  facet normal -0.321413 0.946939 1.00935e-06
    outer loop
      vertex 1.54987 -3.74171 -0.2
      vertex 1.30903 -3.82346 2.99554
      vertex 1.42894 -3.78276 3.175
    endloop
  endfacet
  facet normal -0.321469 0.94692 -3.74966e-06
    outer loop
      vertex 1.54987 -3.74171 -0.2
      vertex 1.16673 -3.87177 2.83327
      vertex 1.30903 -3.82346 2.99554
    endloop
  endfacet
  facet normal -0.321448 0.946927 -7.38963e-07
    outer loop
      vertex 1.54987 -3.74171 -0.2
      vertex 1.04822 -3.912 2.72934
      vertex 1.16673 -3.87177 2.83327
    endloop
  endfacet
  facet normal -0.321444 0.946929 0
    outer loop
      vertex 1.04822 -3.912 2.72934
      vertex 1.54987 -3.74171 -0.2
      vertex 1.04822 -3.912 -0.2
    endloop
  endfacet
  facet normal -0.321444 0.946929 0
    outer loop
      vertex 1.54987 -3.74171 14
      vertex 1.04822 -3.912 11.2707
      vertex 1.04822 -3.912 14
    endloop
  endfacet
  facet normal -0.321448 0.946927 7.85533e-07
    outer loop
      vertex 1.54987 -3.74171 14
      vertex 1.16673 -3.87177 11.1667
      vertex 1.04822 -3.912 11.2707
    endloop
  endfacet
  facet normal -0.321469 0.94692 3.97918e-06
    outer loop
      vertex 1.54987 -3.74171 14
      vertex 1.30903 -3.82346 11.0045
      vertex 1.16673 -3.87177 11.1667
    endloop
  endfacet
  facet normal -0.321413 0.946939 -1.06949e-06
    outer loop
      vertex 1.54987 -3.74171 14
      vertex 1.42894 -3.78276 10.825
      vertex 1.30903 -3.82346 11.0045
    endloop
  endfacet
  facet normal -0.321404 0.946942 -1.45305e-06
    outer loop
      vertex 1.54987 -3.74171 14
      vertex 1.5244 -3.75036 10.6314
      vertex 1.42894 -3.78276 10.825
    endloop
  endfacet
  facet normal -0.321576 0.946884 0
    outer loop
      vertex 1.5244 -3.75036 10.6314
      vertex 1.54987 -3.74171 14
      vertex 1.54987 -3.74171 10.5564
    endloop
  endfacet
  facet normal -0.321449 0.946927 0
    outer loop
      vertex 1.16673 -3.87177 8.83327
      vertex 1.04822 -3.912 5.27066
      vertex 1.04822 -3.912 8.72934
    endloop
  endfacet
  facet normal -0.321473 0.946919 0
    outer loop
      vertex 1.16673 -3.87177 5.16673
      vertex 1.16673 -3.87177 8.83327
      vertex 1.30903 -3.82346 8.99554
    endloop
  endfacet
  facet normal -0.321411 0.94694 0
    outer loop
      vertex 1.30903 -3.82346 5.00446
      vertex 1.30903 -3.82346 8.99554
      vertex 1.42894 -3.78276 9.175
    endloop
  endfacet
  facet normal -0.321401 0.946943 0
    outer loop
      vertex 1.42894 -3.78276 4.825
      vertex 1.42894 -3.78276 9.175
      vertex 1.5244 -3.75036 9.36857
    endloop
  endfacet
  facet normal -0.321576 0.946884 0
    outer loop
      vertex 1.5244 -3.75036 4.63143
      vertex 1.5244 -3.75036 9.36857
      vertex 1.54987 -3.74171 9.4436
    endloop
  endfacet
  facet normal -0.321449 0.946927 0
    outer loop
      vertex 1.16673 -3.87177 8.83327
      vertex 1.16673 -3.87177 5.16673
      vertex 1.04822 -3.912 5.27066
    endloop
  endfacet
  facet normal -0.321473 0.946919 0
    outer loop
      vertex 1.30903 -3.82346 8.99554
      vertex 1.30903 -3.82346 5.00446
      vertex 1.16673 -3.87177 5.16673
    endloop
  endfacet
  facet normal -0.321411 0.94694 0
    outer loop
      vertex 1.42894 -3.78276 9.175
      vertex 1.42894 -3.78276 4.825
      vertex 1.30903 -3.82346 5.00446
    endloop
  endfacet
  facet normal -0.321401 0.946943 0
    outer loop
      vertex 1.5244 -3.75036 9.36857
      vertex 1.5244 -3.75036 4.63143
      vertex 1.42894 -3.78276 4.825
    endloop
  endfacet
  facet normal -0.321576 0.946884 0
    outer loop
      vertex 1.5244 -3.75036 4.63143
      vertex 1.54987 -3.74171 9.4436
      vertex 1.54987 -3.74171 4.5564
    endloop
  endfacet
  facet normal 0.195076 0.980788 0
    outer loop
      vertex -1.04822 -3.912 -0.2
      vertex -0.7 -3.98126 2.50941
      vertex -0.7 -3.98126 -0.2
    endloop
  endfacet
  facet normal 0.195061 0.980791 2.04468e-06
    outer loop
      vertex -0.7 -3.98126 2.50941
      vertex -1.04822 -3.912 -0.2
      vertex -0.825 -3.9564 2.57106
    endloop
  endfacet
  facet normal 0.195106 0.980782 -1.7405e-06
    outer loop
      vertex -0.825 -3.9564 2.57106
      vertex -1.04822 -3.912 -0.2
      vertex -1.00446 -3.9207 2.69097
    endloop
  endfacet
  facet normal 0.194995 0.980804 0
    outer loop
      vertex -1.00446 -3.9207 2.69097
      vertex -1.04822 -3.912 -0.2
      vertex -1.04822 -3.912 2.72934
    endloop
  endfacet
  facet normal 0.195076 0.980788 -0
    outer loop
      vertex -0.7 -3.98126 11.4906
      vertex -1.04822 -3.912 14
      vertex -0.7 -3.98126 14
    endloop
  endfacet
  facet normal 0.195061 0.980791 -2.19709e-06
    outer loop
      vertex -0.825 -3.9564 11.4289
      vertex -1.04822 -3.912 14
      vertex -0.7 -3.98126 11.4906
    endloop
  endfacet
  facet normal 0.195106 0.980782 1.86845e-06
    outer loop
      vertex -1.00446 -3.9207 11.309
      vertex -1.04822 -3.912 14
      vertex -0.825 -3.9564 11.4289
    endloop
  endfacet
  facet normal 0.194995 0.980804 0
    outer loop
      vertex -1.04822 -3.912 14
      vertex -1.00446 -3.9207 11.309
      vertex -1.04822 -3.912 11.2707
    endloop
  endfacet
  facet normal 0.19506 0.980791 -0
    outer loop
      vertex -0.7 -3.98126 5.49058
      vertex -0.825 -3.9564 8.57106
      vertex -0.7 -3.98126 8.50941
    endloop
  endfacet
  facet normal 0.19506 0.980791 -0
    outer loop
      vertex -0.825 -3.9564 5.42894
      vertex -0.825 -3.9564 8.57106
      vertex -0.7 -3.98126 5.49058
    endloop
  endfacet
  facet normal 0.195107 0.980782 0
    outer loop
      vertex -0.825 -3.9564 8.57106
      vertex -0.825 -3.9564 5.42894
      vertex -1.00446 -3.9207 8.69097
    endloop
  endfacet
  facet normal 0.195107 0.980782 -0
    outer loop
      vertex -1.00446 -3.9207 5.30903
      vertex -1.00446 -3.9207 8.69097
      vertex -0.825 -3.9564 5.42894
    endloop
  endfacet
  facet normal 0.194995 0.980804 0
    outer loop
      vertex -1.00446 -3.9207 8.69097
      vertex -1.00446 -3.9207 5.30903
      vertex -1.04822 -3.912 8.72934
    endloop
  endfacet
  facet normal 0.194995 0.980804 0
    outer loop
      vertex -1.04822 -3.912 8.72934
      vertex -1.00446 -3.9207 5.30903
      vertex -1.04822 -3.912 5.27066
    endloop
  endfacet
  facet normal 0.946929 -0.321444 0
    outer loop
      vertex -3.912 1.04822 14
      vertex -3.74171 1.54987 -0.2
      vertex -3.74171 1.54987 14
    endloop
  endfacet
  facet normal 0.946929 -0.321444 0
    outer loop
      vertex -3.74171 1.54987 -0.2
      vertex -3.912 1.04822 14
      vertex -3.912 1.04822 -0.2
    endloop
  endfacet
  facet normal 0.194995 -0.980804 0
    outer loop
      vertex -1.04822 3.912 -0.2
      vertex -1.00446 3.9207 2.69097
      vertex -1.04822 3.912 2.72934
    endloop
  endfacet
  facet normal 0.195106 -0.980782 -1.7405e-06
    outer loop
      vertex -1.04822 3.912 -0.2
      vertex -0.825 3.9564 2.57106
      vertex -1.00446 3.9207 2.69097
    endloop
  endfacet
  facet normal 0.195061 -0.980791 2.04468e-06
    outer loop
      vertex -1.04822 3.912 -0.2
      vertex -0.7 3.98126 2.50941
      vertex -0.825 3.9564 2.57106
    endloop
  endfacet
  facet normal 0.195076 -0.980788 0
    outer loop
      vertex -0.7 3.98126 2.50941
      vertex -1.04822 3.912 -0.2
      vertex -0.7 3.98126 -0.2
    endloop
  endfacet
  facet normal 0.195076 -0.980788 0
    outer loop
      vertex -1.04822 3.912 14
      vertex -0.7 3.98126 11.4906
      vertex -0.7 3.98126 14
    endloop
  endfacet
  facet normal 0.195061 -0.980791 -2.19709e-06
    outer loop
      vertex -1.04822 3.912 14
      vertex -0.825 3.9564 11.4289
      vertex -0.7 3.98126 11.4906
    endloop
  endfacet
  facet normal 0.195106 -0.980782 1.86845e-06
    outer loop
      vertex -1.04822 3.912 14
      vertex -1.00446 3.9207 11.309
      vertex -0.825 3.9564 11.4289
    endloop
  endfacet
  facet normal 0.194995 -0.980804 0
    outer loop
      vertex -1.00446 3.9207 11.309
      vertex -1.04822 3.912 14
      vertex -1.04822 3.912 11.2707
    endloop
  endfacet
  facet normal 0.19506 -0.980791 0
    outer loop
      vertex -0.825 3.9564 8.57106
      vertex -0.7 3.98126 5.49058
      vertex -0.7 3.98126 8.50941
    endloop
  endfacet
  facet normal 0.195107 -0.980782 0
    outer loop
      vertex -0.825 3.9564 5.42894
      vertex -0.825 3.9564 8.57106
      vertex -1.00446 3.9207 8.69097
    endloop
  endfacet
  facet normal 0.194995 -0.980804 0
    outer loop
      vertex -1.00446 3.9207 5.30903
      vertex -1.00446 3.9207 8.69097
      vertex -1.04822 3.912 8.72934
    endloop
  endfacet
  facet normal 0.19506 -0.980791 0
    outer loop
      vertex -0.825 3.9564 8.57106
      vertex -0.825 3.9564 5.42894
      vertex -0.7 3.98126 5.49058
    endloop
  endfacet
  facet normal 0.195107 -0.980782 0
    outer loop
      vertex -1.00446 3.9207 8.69097
      vertex -1.00446 3.9207 5.30903
      vertex -0.825 3.9564 5.42894
    endloop
  endfacet
  facet normal 0.194995 -0.980804 0
    outer loop
      vertex -1.00446 3.9207 5.30903
      vertex -1.04822 3.912 8.72934
      vertex -1.04822 3.912 5.27066
    endloop
  endfacet
  facet normal 0.555571 -0.831469 0
    outer loop
      vertex -2.46548 3.21308 -0.2
      vertex -2.025 3.5074 14
      vertex -2.46548 3.21308 14
    endloop
  endfacet
  facet normal 0.555571 -0.831469 0
    outer loop
      vertex -2.025 3.5074 14
      vertex -2.46548 3.21308 -0.2
      vertex -2.025 3.5074 -0.2
    endloop
  endfacet
  facet normal -0.555571 0.831469 0
    outer loop
      vertex 2.46548 -3.21308 -0.2
      vertex 2.025 -3.5074 14
      vertex 2.46548 -3.21308 14
    endloop
  endfacet
  facet normal -0.555571 0.831469 0
    outer loop
      vertex 2.025 -3.5074 14
      vertex 2.46548 -3.21308 -0.2
      vertex 2.025 -3.5074 -0.2
    endloop
  endfacet
  facet normal -0.194995 0.980804 0
    outer loop
      vertex 1.04822 -3.912 -0.2
      vertex 1.00446 -3.9207 2.69097
      vertex 1.04822 -3.912 2.72934
    endloop
  endfacet
  facet normal -0.195106 0.980782 -1.7405e-06
    outer loop
      vertex 1.04822 -3.912 -0.2
      vertex 0.825 -3.9564 2.57106
      vertex 1.00446 -3.9207 2.69097
    endloop
  endfacet
  facet normal -0.195061 0.980791 2.04468e-06
    outer loop
      vertex 1.04822 -3.912 -0.2
      vertex 0.7 -3.98126 2.50941
      vertex 0.825 -3.9564 2.57106
    endloop
  endfacet
  facet normal -0.195076 0.980788 0
    outer loop
      vertex 0.7 -3.98126 2.50941
      vertex 1.04822 -3.912 -0.2
      vertex 0.7 -3.98126 -0.2
    endloop
  endfacet
  facet normal -0.195076 0.980788 0
    outer loop
      vertex 1.04822 -3.912 14
      vertex 0.7 -3.98126 11.4906
      vertex 0.7 -3.98126 14
    endloop
  endfacet
  facet normal -0.195061 0.980791 -2.19709e-06
    outer loop
      vertex 1.04822 -3.912 14
      vertex 0.825 -3.9564 11.4289
      vertex 0.7 -3.98126 11.4906
    endloop
  endfacet
  facet normal -0.195106 0.980782 1.86845e-06
    outer loop
      vertex 1.04822 -3.912 14
      vertex 1.00446 -3.9207 11.309
      vertex 0.825 -3.9564 11.4289
    endloop
  endfacet
  facet normal -0.194995 0.980804 0
    outer loop
      vertex 1.00446 -3.9207 11.309
      vertex 1.04822 -3.912 14
      vertex 1.04822 -3.912 11.2707
    endloop
  endfacet
  facet normal -0.19506 0.980791 0
    outer loop
      vertex 0.825 -3.9564 8.57106
      vertex 0.7 -3.98126 5.49058
      vertex 0.7 -3.98126 8.50941
    endloop
  endfacet
  facet normal -0.195107 0.980782 0
    outer loop
      vertex 0.825 -3.9564 5.42894
      vertex 0.825 -3.9564 8.57106
      vertex 1.00446 -3.9207 8.69097
    endloop
  endfacet
  facet normal -0.194995 0.980804 0
    outer loop
      vertex 1.00446 -3.9207 5.30903
      vertex 1.00446 -3.9207 8.69097
      vertex 1.04822 -3.912 8.72934
    endloop
  endfacet
  facet normal -0.19506 0.980791 0
    outer loop
      vertex 0.825 -3.9564 8.57106
      vertex 0.825 -3.9564 5.42894
      vertex 0.7 -3.98126 5.49058
    endloop
  endfacet
  facet normal -0.195107 0.980782 0
    outer loop
      vertex 1.00446 -3.9207 8.69097
      vertex 1.00446 -3.9207 5.30903
      vertex 0.825 -3.9564 5.42894
    endloop
  endfacet
  facet normal -0.194995 0.980804 0
    outer loop
      vertex 1.00446 -3.9207 5.30903
      vertex 1.04822 -3.912 8.72934
      vertex 1.04822 -3.912 5.27066
    endloop
  endfacet
  facet normal 0.896871 -0.442291 0
    outer loop
      vertex -3.74171 1.54987 14
      vertex -3.5074 2.025 -0.2
      vertex -3.5074 2.025 14
    endloop
  endfacet
  facet normal 0.896871 -0.442291 0
    outer loop
      vertex -3.5074 2.025 -0.2
      vertex -3.74171 1.54987 14
      vertex -3.74171 1.54987 -0.2
    endloop
  endfacet
  facet normal -0.659346 -0.75184 0
    outer loop
      vertex 2.46548 3.21308 -0.2
      vertex 2.86378 2.86378 14
      vertex 2.46548 3.21308 14
    endloop
  endfacet
  facet normal -0.659346 -0.75184 -0
    outer loop
      vertex 2.86378 2.86378 14
      vertex 2.46548 3.21308 -0.2
      vertex 2.86378 2.86378 -0.2
    endloop
  endfacet
  facet normal 0.831469 -0.555571 0
    outer loop
      vertex -3.5074 2.025 14
      vertex -3.21308 2.46548 -0.2
      vertex -3.21308 2.46548 14
    endloop
  endfacet
  facet normal 0.831469 -0.555571 0
    outer loop
      vertex -3.21308 2.46548 -0.2
      vertex -3.5074 2.025 14
      vertex -3.5074 2.025 -0.2
    endloop
  endfacet
  facet normal 0.659346 -0.75184 0
    outer loop
      vertex -2.86378 2.86378 -0.2
      vertex -2.46548 3.21308 14
      vertex -2.86378 2.86378 14
    endloop
  endfacet
  facet normal 0.659346 -0.75184 0
    outer loop
      vertex -2.46548 3.21308 14
      vertex -2.86378 2.86378 -0.2
      vertex -2.46548 3.21308 -0.2
    endloop
  endfacet
  facet normal 0.659346 0.75184 -0
    outer loop
      vertex -2.46548 -3.21308 -0.2
      vertex -2.86378 -2.86378 14
      vertex -2.46548 -3.21308 14
    endloop
  endfacet
  facet normal 0.659346 0.75184 0
    outer loop
      vertex -2.86378 -2.86378 14
      vertex -2.46548 -3.21308 -0.2
      vertex -2.86378 -2.86378 -0.2
    endloop
  endfacet
  facet normal 0 0 1
    outer loop
      vertex 4.01535 0.52863 -0.2
      vertex 4.01535 -0.52863 -0.2
      vertex 4.05 0 -0.2
    endloop
  endfacet
  facet normal 0 0 1
    outer loop
      vertex 3.912 1.04822 -0.2
      vertex 4.01535 -0.52863 -0.2
      vertex 4.01535 0.52863 -0.2
    endloop
  endfacet
  facet normal 0 0 1
    outer loop
      vertex 3.912 1.04822 -0.2
      vertex 3.912 -1.04822 -0.2
      vertex 4.01535 -0.52863 -0.2
    endloop
  endfacet
  facet normal 0 0 1
    outer loop
      vertex 3.74171 1.54987 -0.2
      vertex 3.912 -1.04822 -0.2
      vertex 3.912 1.04822 -0.2
    endloop
  endfacet
  facet normal 0 0 1
    outer loop
      vertex 3.74171 1.54987 -0.2
      vertex 3.74171 -1.54987 -0.2
      vertex 3.912 -1.04822 -0.2
    endloop
  endfacet
  facet normal 0 0 1
    outer loop
      vertex 3.5074 2.025 -0.2
      vertex 3.74171 -1.54987 -0.2
      vertex 3.74171 1.54987 -0.2
    endloop
  endfacet
  facet normal 0 0 1
    outer loop
      vertex 3.5074 2.025 -0.2
      vertex 3.5074 -2.025 -0.2
      vertex 3.74171 -1.54987 -0.2
    endloop
  endfacet
  facet normal 0 0 1
    outer loop
      vertex 3.21308 2.46548 -0.2
      vertex 3.5074 -2.025 -0.2
      vertex 3.5074 2.025 -0.2
    endloop
  endfacet
  facet normal 0 0 1
    outer loop
      vertex 3.21308 2.46548 -0.2
      vertex 3.21308 -2.46548 -0.2
      vertex 3.5074 -2.025 -0.2
    endloop
  endfacet
  facet normal 0 0 1
    outer loop
      vertex 2.86378 2.86378 -0.2
      vertex 3.21308 -2.46548 -0.2
      vertex 3.21308 2.46548 -0.2
    endloop
  endfacet
  facet normal 0 0 1
    outer loop
      vertex 2.86378 2.86378 -0.2
      vertex 2.86378 -2.86378 -0.2
      vertex 3.21308 -2.46548 -0.2
    endloop
  endfacet
  facet normal 0 0 1
    outer loop
      vertex 2.46548 3.21308 -0.2
      vertex 2.86378 -2.86378 -0.2
      vertex 2.86378 2.86378 -0.2
    endloop
  endfacet
  facet normal 0 0 1
    outer loop
      vertex 2.46548 3.21308 -0.2
      vertex 2.46548 -3.21308 -0.2
      vertex 2.86378 -2.86378 -0.2
    endloop
  endfacet
  facet normal 0 0 1
    outer loop
      vertex 2.025 3.5074 -0.2
      vertex 2.46548 -3.21308 -0.2
      vertex 2.46548 3.21308 -0.2
    endloop
  endfacet
  facet normal 0 0 1
    outer loop
      vertex 2.025 3.5074 -0.2
      vertex 2.025 -3.5074 -0.2
      vertex 2.46548 -3.21308 -0.2
    endloop
  endfacet
  facet normal 0 0 1
    outer loop
      vertex 1.54987 3.74171 -0.2
      vertex 2.025 -3.5074 -0.2
      vertex 2.025 3.5074 -0.2
    endloop
  endfacet
  facet normal 0 0 1
    outer loop
      vertex 1.54987 3.74171 -0.2
      vertex 1.54987 -3.74171 -0.2
      vertex 2.025 -3.5074 -0.2
    endloop
  endfacet
  facet normal 0 0 1
    outer loop
      vertex 0.7 3.98126 -0.2
      vertex 1.54987 3.74171 -0.2
      vertex 1.04822 3.912 -0.2
    endloop
  endfacet
  facet normal 0 0 1
    outer loop
      vertex 1.54987 3.74171 -0.2
      vertex 0.7 3.98126 -0.2
      vertex 1.54987 -3.74171 -0.2
    endloop
  endfacet
  facet normal 0 0 1
    outer loop
      vertex 0.7 -3.98126 -0.2
      vertex 1.54987 -3.74171 -0.2
      vertex 0.7 3.98126 -0.2
    endloop
  endfacet
  facet normal 0 0 1
    outer loop
      vertex 1.54987 -3.74171 -0.2
      vertex 0.7 -3.98126 -0.2
      vertex 1.04822 -3.912 -0.2
    endloop
  endfacet
  facet normal 0 0 1
    outer loop
      vertex -1.54987 3.74171 -0.2
      vertex -0.7 3.98126 -0.2
      vertex -1.04822 3.912 -0.2
    endloop
  endfacet
  facet normal 0 0 1
    outer loop
      vertex -0.7 3.98126 -0.2
      vertex -1.54987 3.74171 -0.2
      vertex -0.7 -3.98126 -0.2
    endloop
  endfacet
  facet normal -0 0 1
    outer loop
      vertex -1.54987 -3.74171 -0.2
      vertex -0.7 -3.98126 -0.2
      vertex -1.54987 3.74171 -0.2
    endloop
  endfacet
  facet normal 0 0 1
    outer loop
      vertex -0.7 -3.98126 -0.2
      vertex -1.54987 -3.74171 -0.2
      vertex -1.04822 -3.912 -0.2
    endloop
  endfacet
  facet normal -0 0 1
    outer loop
      vertex -2.025 3.5074 -0.2
      vertex -1.54987 -3.74171 -0.2
      vertex -1.54987 3.74171 -0.2
    endloop
  endfacet
  facet normal 0 0 1
    outer loop
      vertex -2.025 3.5074 -0.2
      vertex -2.025 -3.5074 -0.2
      vertex -1.54987 -3.74171 -0.2
    endloop
  endfacet
  facet normal -0 0 1
    outer loop
      vertex -2.46548 3.21308 -0.2
      vertex -2.025 -3.5074 -0.2
      vertex -2.025 3.5074 -0.2
    endloop
  endfacet
  facet normal 0 0 1
    outer loop
      vertex -2.46548 3.21308 -0.2
      vertex -2.46548 -3.21308 -0.2
      vertex -2.025 -3.5074 -0.2
    endloop
  endfacet
  facet normal -0 0 1
    outer loop
      vertex -2.86378 2.86378 -0.2
      vertex -2.46548 -3.21308 -0.2
      vertex -2.46548 3.21308 -0.2
    endloop
  endfacet
  facet normal 0 0 1
    outer loop
      vertex -2.86378 2.86378 -0.2
      vertex -2.86378 -2.86378 -0.2
      vertex -2.46548 -3.21308 -0.2
    endloop
  endfacet
  facet normal -0 0 1
    outer loop
      vertex -3.21308 2.46548 -0.2
      vertex -2.86378 -2.86378 -0.2
      vertex -2.86378 2.86378 -0.2
    endloop
  endfacet
  facet normal 0 0 1
    outer loop
      vertex -3.21308 2.46548 -0.2
      vertex -3.21308 -2.46548 -0.2
      vertex -2.86378 -2.86378 -0.2
    endloop
  endfacet
  facet normal -0 0 1
    outer loop
      vertex -3.5074 2.025 -0.2
      vertex -3.21308 -2.46548 -0.2
      vertex -3.21308 2.46548 -0.2
    endloop
  endfacet
  facet normal 0 0 1
    outer loop
      vertex -3.5074 2.025 -0.2
      vertex -3.5074 -2.025 -0.2
      vertex -3.21308 -2.46548 -0.2
    endloop
  endfacet
  facet normal -0 0 1
    outer loop
      vertex -3.74171 1.54987 -0.2
      vertex -3.5074 -2.025 -0.2
      vertex -3.5074 2.025 -0.2
    endloop
  endfacet
  facet normal 0 0 1
    outer loop
      vertex -3.74171 1.54987 -0.2
      vertex -3.74171 -1.54987 -0.2
      vertex -3.5074 -2.025 -0.2
    endloop
  endfacet
  facet normal -0 0 1
    outer loop
      vertex -3.912 1.04822 -0.2
      vertex -3.74171 -1.54987 -0.2
      vertex -3.74171 1.54987 -0.2
    endloop
  endfacet
  facet normal 0 0 1
    outer loop
      vertex -3.912 1.04822 -0.2
      vertex -3.912 -1.04822 -0.2
      vertex -3.74171 -1.54987 -0.2
    endloop
  endfacet
  facet normal -0 0 1
    outer loop
      vertex -4.01535 0.52863 -0.2
      vertex -3.912 -1.04822 -0.2
      vertex -3.912 1.04822 -0.2
    endloop
  endfacet
  facet normal 0 0 1
    outer loop
      vertex -4.01535 0.52863 -0.2
      vertex -4.01535 -0.52863 -0.2
      vertex -3.912 -1.04822 -0.2
    endloop
  endfacet
  facet normal 0 -0 1
    outer loop
      vertex -4.01535 -0.52863 -0.2
      vertex -4.01535 0.52863 -0.2
      vertex -4.05 0 -0.2
    endloop
  endfacet
  facet normal 0.75184 -0.659346 0
    outer loop
      vertex -3.21308 2.46548 14
      vertex -2.86378 2.86378 -0.2
      vertex -2.86378 2.86378 14
    endloop
  endfacet
  facet normal 0.75184 -0.659346 0
    outer loop
      vertex -2.86378 2.86378 -0.2
      vertex -3.21308 2.46548 14
      vertex -3.21308 2.46548 -0.2
    endloop
  endfacet
  facet normal -0.75184 0.659346 0
    outer loop
      vertex 2.86378 -2.86378 -0.2
      vertex 3.21308 -2.46548 14
      vertex 3.21308 -2.46548 -0.2
    endloop
  endfacet
  facet normal -0.75184 0.659346 0
    outer loop
      vertex 3.21308 -2.46548 14
      vertex 2.86378 -2.86378 -0.2
      vertex 2.86378 -2.86378 14
    endloop
  endfacet
  facet normal -0.896871 0.442291 0
    outer loop
      vertex 3.5074 -2.025 -0.2
      vertex 3.74171 -1.54987 14
      vertex 3.74171 -1.54987 -0.2
    endloop
  endfacet
  facet normal -0.896871 0.442291 0
    outer loop
      vertex 3.74171 -1.54987 14
      vertex 3.5074 -2.025 -0.2
      vertex 3.5074 -2.025 14
    endloop
  endfacet
  facet normal 0.980786 -0.195085 0
    outer loop
      vertex -4.01535 0.52863 14
      vertex -3.912 1.04822 -0.2
      vertex -3.912 1.04822 14
    endloop
  endfacet
  facet normal 0.980786 -0.195085 0
    outer loop
      vertex -3.912 1.04822 -0.2
      vertex -4.01535 0.52863 14
      vertex -4.01535 0.52863 -0.2
    endloop
  endfacet
  facet normal -0.555571 -0.831469 0
    outer loop
      vertex 2.025 3.5074 -0.2
      vertex 2.46548 3.21308 14
      vertex 2.025 3.5074 14
    endloop
  endfacet
  facet normal -0.555571 -0.831469 -0
    outer loop
      vertex 2.46548 3.21308 14
      vertex 2.025 3.5074 -0.2
      vertex 2.46548 3.21308 -0.2
    endloop
  endfacet
  facet normal 0.321576 -0.946884 0
    outer loop
      vertex -1.54987 3.74171 -0.2
      vertex -1.5244 3.75036 3.36857
      vertex -1.54987 3.74171 3.4436
    endloop
  endfacet
  facet normal 0.321404 -0.946942 1.37279e-06
    outer loop
      vertex -1.54987 3.74171 -0.2
      vertex -1.42894 3.78276 3.175
      vertex -1.5244 3.75036 3.36857
    endloop
  endfacet
  facet normal 0.321413 -0.946939 1.00935e-06
    outer loop
      vertex -1.54987 3.74171 -0.2
      vertex -1.30903 3.82346 2.99554
      vertex -1.42894 3.78276 3.175
    endloop
  endfacet
  facet normal 0.321469 -0.94692 -3.74966e-06
    outer loop
      vertex -1.54987 3.74171 -0.2
      vertex -1.16673 3.87177 2.83327
      vertex -1.30903 3.82346 2.99554
    endloop
  endfacet
  facet normal 0.321448 -0.946927 -7.38963e-07
    outer loop
      vertex -1.54987 3.74171 -0.2
      vertex -1.04822 3.912 2.72934
      vertex -1.16673 3.87177 2.83327
    endloop
  endfacet
  facet normal 0.321444 -0.946929 0
    outer loop
      vertex -1.04822 3.912 2.72934
      vertex -1.54987 3.74171 -0.2
      vertex -1.04822 3.912 -0.2
    endloop
  endfacet
  facet normal 0.321444 -0.946929 0
    outer loop
      vertex -1.54987 3.74171 14
      vertex -1.04822 3.912 11.2707
      vertex -1.04822 3.912 14
    endloop
  endfacet
  facet normal 0.321448 -0.946927 7.85533e-07
    outer loop
      vertex -1.54987 3.74171 14
      vertex -1.16673 3.87177 11.1667
      vertex -1.04822 3.912 11.2707
    endloop
  endfacet
  facet normal 0.321469 -0.94692 3.97918e-06
    outer loop
      vertex -1.54987 3.74171 14
      vertex -1.30903 3.82346 11.0045
      vertex -1.16673 3.87177 11.1667
    endloop
  endfacet
  facet normal 0.321413 -0.946939 -1.06949e-06
    outer loop
      vertex -1.54987 3.74171 14
      vertex -1.42894 3.78276 10.825
      vertex -1.30903 3.82346 11.0045
    endloop
  endfacet
  facet normal 0.321404 -0.946942 -1.45305e-06
    outer loop
      vertex -1.54987 3.74171 14
      vertex -1.5244 3.75036 10.6314
      vertex -1.42894 3.78276 10.825
    endloop
  endfacet
  facet normal 0.321576 -0.946884 0
    outer loop
      vertex -1.5244 3.75036 10.6314
      vertex -1.54987 3.74171 14
      vertex -1.54987 3.74171 10.5564
    endloop
  endfacet
  facet normal 0.321449 -0.946927 0
    outer loop
      vertex -1.16673 3.87177 8.83327
      vertex -1.04822 3.912 5.27066
      vertex -1.04822 3.912 8.72934
    endloop
  endfacet
  facet normal 0.321473 -0.946919 0
    outer loop
      vertex -1.16673 3.87177 5.16673
      vertex -1.16673 3.87177 8.83327
      vertex -1.30903 3.82346 8.99554
    endloop
  endfacet
  facet normal 0.321411 -0.94694 0
    outer loop
      vertex -1.30903 3.82346 5.00446
      vertex -1.30903 3.82346 8.99554
      vertex -1.42894 3.78276 9.175
    endloop
  endfacet
  facet normal 0.321401 -0.946943 0
    outer loop
      vertex -1.42894 3.78276 4.825
      vertex -1.42894 3.78276 9.175
      vertex -1.5244 3.75036 9.36857
    endloop
  endfacet
  facet normal 0.321576 -0.946884 0
    outer loop
      vertex -1.5244 3.75036 4.63143
      vertex -1.5244 3.75036 9.36857
      vertex -1.54987 3.74171 9.4436
    endloop
  endfacet
  facet normal 0.321449 -0.946927 0
    outer loop
      vertex -1.16673 3.87177 8.83327
      vertex -1.16673 3.87177 5.16673
      vertex -1.04822 3.912 5.27066
    endloop
  endfacet
  facet normal 0.321473 -0.946919 0
    outer loop
      vertex -1.30903 3.82346 8.99554
      vertex -1.30903 3.82346 5.00446
      vertex -1.16673 3.87177 5.16673
    endloop
  endfacet
  facet normal 0.321411 -0.94694 0
    outer loop
      vertex -1.42894 3.78276 9.175
      vertex -1.42894 3.78276 4.825
      vertex -1.30903 3.82346 5.00446
    endloop
  endfacet
  facet normal 0.321401 -0.946943 0
    outer loop
      vertex -1.5244 3.75036 9.36857
      vertex -1.5244 3.75036 4.63143
      vertex -1.42894 3.78276 4.825
    endloop
  endfacet
  facet normal 0.321576 -0.946884 0
    outer loop
      vertex -1.5244 3.75036 4.63143
      vertex -1.54987 3.74171 9.4436
      vertex -1.54987 3.74171 4.5564
    endloop
  endfacet
  facet normal 0.997859 -0.0654064 0
    outer loop
      vertex -4.05 0 14
      vertex -4.01535 0.52863 -0.2
      vertex -4.01535 0.52863 14
    endloop
  endfacet
  facet normal 0.997859 -0.0654064 0
    outer loop
      vertex -4.01535 0.52863 -0.2
      vertex -4.05 0 14
      vertex -4.05 0 -0.2
    endloop
  endfacet
  facet normal 0.896871 0.442291 0
    outer loop
      vertex -3.5074 -2.025 14
      vertex -3.74171 -1.54987 -0.2
      vertex -3.74171 -1.54987 14
    endloop
  endfacet
  facet normal 0.896871 0.442291 0
    outer loop
      vertex -3.74171 -1.54987 -0.2
      vertex -3.5074 -2.025 14
      vertex -3.5074 -2.025 -0.2
    endloop
  endfacet
  facet normal 0.442291 0.896871 -0
    outer loop
      vertex -1.54987 -3.74171 10.5564
      vertex -2.025 -3.5074 14
      vertex -1.54987 -3.74171 14
    endloop
  endfacet
  facet normal 0.442243 0.896895 -8.3834e-06
    outer loop
      vertex -1.59378 -3.72006 10.4271
      vertex -2.025 -3.5074 14
      vertex -1.54987 -3.74171 10.5564
    endloop
  endfacet
  facet normal 0.442384 0.896826 1.28134e-05
    outer loop
      vertex -1.63588 -3.69929 10.2154
      vertex -2.025 -3.5074 14
      vertex -1.59378 -3.72006 10.4271
    endloop
  endfacet
  facet normal 0.442222 0.896906 -7.91731e-06
    outer loop
      vertex -1.65 -3.69233 10
      vertex -2.025 -3.5074 14
      vertex -1.63588 -3.69929 10.2154
    endloop
  endfacet
  facet normal 0.442124 0.896954 -0
    outer loop
      vertex -1.65 -3.69233 4
      vertex -1.65 -3.69233 10
      vertex -1.63588 -3.69929 9.78463
    endloop
  endfacet
  facet normal 0.442223 0.896905 -0
    outer loop
      vertex -1.54987 -3.74171 4.5564
      vertex -1.59378 -3.72006 9.57295
      vertex -1.54987 -3.74171 9.4436
    endloop
  endfacet
  facet normal 0.442223 0.896905 -0
    outer loop
      vertex -1.59378 -3.72006 4.42705
      vertex -1.59378 -3.72006 9.57295
      vertex -1.54987 -3.74171 4.5564
    endloop
  endfacet
  facet normal 0.442436 0.8968 0
    outer loop
      vertex -1.59378 -3.72006 9.57295
      vertex -1.59378 -3.72006 4.42705
      vertex -1.63588 -3.69929 9.78463
    endloop
  endfacet
  facet normal 0.442436 0.8968 -0
    outer loop
      vertex -1.63588 -3.69929 4.21537
      vertex -1.63588 -3.69929 9.78463
      vertex -1.59378 -3.72006 4.42705
    endloop
  endfacet
  facet normal 0.442124 0.896954 0
    outer loop
      vertex -1.65 -3.69233 4
      vertex -1.63588 -3.69929 9.78463
      vertex -1.63588 -3.69929 4.21537
    endloop
  endfacet
  facet normal 0.44229 0.896872 0
    outer loop
      vertex -1.65 -3.69233 10
      vertex -1.65 -3.69233 4
      vertex -2.025 -3.5074 14
    endloop
  endfacet
  facet normal 0.442291 0.896871 0
    outer loop
      vertex -2.025 -3.5074 -0.2
      vertex -1.54987 -3.74171 3.4436
      vertex -1.54987 -3.74171 -0.2
    endloop
  endfacet
  facet normal 0.442242 0.896896 8.05004e-06
    outer loop
      vertex -1.54987 -3.74171 3.4436
      vertex -2.025 -3.5074 -0.2
      vertex -1.59378 -3.72006 3.57295
    endloop
  endfacet
  facet normal 0.442386 0.896825 -1.23823e-05
    outer loop
      vertex -1.59378 -3.72006 3.57295
      vertex -2.025 -3.5074 -0.2
      vertex -1.63588 -3.69929 3.78463
    endloop
  endfacet
  facet normal 0.44222 0.896907 7.75833e-06
    outer loop
      vertex -1.63588 -3.69929 3.78463
      vertex -2.025 -3.5074 -0.2
      vertex -1.65 -3.69233 4
    endloop
  endfacet
  facet normal 0.44229 0.896872 0
    outer loop
      vertex -1.65 -3.69233 4
      vertex -2.025 -3.5074 -0.2
      vertex -2.025 -3.5074 14
    endloop
  endfacet
  facet normal -0.659346 0.75184 0
    outer loop
      vertex 2.86378 -2.86378 -0.2
      vertex 2.46548 -3.21308 14
      vertex 2.86378 -2.86378 14
    endloop
  endfacet
  facet normal -0.659346 0.75184 0
    outer loop
      vertex 2.46548 -3.21308 14
      vertex 2.86378 -2.86378 -0.2
      vertex 2.46548 -3.21308 -0.2
    endloop
  endfacet
  facet normal 0.831469 0.555571 0
    outer loop
      vertex -3.21308 -2.46548 14
      vertex -3.5074 -2.025 -0.2
      vertex -3.5074 -2.025 14
    endloop
  endfacet
  facet normal 0.831469 0.555571 0
    outer loop
      vertex -3.5074 -2.025 -0.2
      vertex -3.21308 -2.46548 14
      vertex -3.21308 -2.46548 -0.2
    endloop
  endfacet
  facet normal -1 0 0
    outer loop
      vertex 0.7 7.71429 -1
      vertex 0.7 -3.98126 -0.2
      vertex 0.7 3.98126 -0.2
    endloop
  endfacet
  facet normal -1 0 0
    outer loop
      vertex 0.7 -7.71429 -1
      vertex 0.7 -3.98126 -0.2
      vertex 0.7 7.71429 -1
    endloop
  endfacet
  facet normal -1 0 0
    outer loop
      vertex 0.7 -7.84091 -0.556818
      vertex 0.7 -3.98126 -0.2
      vertex 0.7 -7.71429 -1
    endloop
  endfacet
  facet normal -1 0 0
    outer loop
      vertex 0.7 -7.84289 -0.547081
      vertex 0.7 -3.98126 -0.2
      vertex 0.7 -7.84091 -0.556818
    endloop
  endfacet
  facet normal -1 0 0
    outer loop
      vertex 0.7 -7.95412 0
      vertex 0.7 -3.98126 -0.2
      vertex 0.7 -7.84289 -0.547081
    endloop
  endfacet
  facet normal -1 0 0
    outer loop
      vertex 0.7 -3.98126 -0.2
      vertex 0.7 -7.95412 0
      vertex 0.7 -3.98126 2.50941
    endloop
  endfacet
  facet normal -1 -0 0
    outer loop
      vertex 0.7 -3.98126 2.50941
      vertex 0.7 -7.95412 0
      vertex 0.7 -7.95412 2.50941
    endloop
  endfacet
  facet normal -1 0 0
    outer loop
      vertex 0.7 3.98126 -0.2
      vertex 0.7 7.95412 0
      vertex 0.7 7.84091 -0.556818
    endloop
  endfacet
  facet normal -1 0 0
    outer loop
      vertex 0.7 3.98126 -0.2
      vertex 0.7 7.84091 -0.556818
      vertex 0.7 7.71429 -1
    endloop
  endfacet
  facet normal -1 0 0
    outer loop
      vertex 0.7 3.98126 2.50941
      vertex 0.7 7.95412 0
      vertex 0.7 3.98126 -0.2
    endloop
  endfacet
  facet normal -1 0 0
    outer loop
      vertex 0.7 7.95412 0
      vertex 0.7 3.98126 2.50941
      vertex 0.7 7.95412 2.50941
    endloop
  endfacet
  facet normal -1 0 0
    outer loop
      vertex 0.7 3.98126 11.4906
      vertex 0.7 7.95412 14
      vertex 0.7 7.95412 11.4906
    endloop
  endfacet
  facet normal -1 -0 0
    outer loop
      vertex 0.7 7.95412 14
      vertex 0.7 3.98126 11.4906
      vertex 0.7 3.98126 14
    endloop
  endfacet
  facet normal -1 0 0
    outer loop
      vertex 0.7 -7.95412 11.4906
      vertex 0.7 -3.98126 14
      vertex 0.7 -3.98126 11.4906
    endloop
  endfacet
  facet normal -1 -0 0
    outer loop
      vertex 0.7 -3.98126 14
      vertex 0.7 -7.95412 11.4906
      vertex 0.7 -7.95412 14
    endloop
  endfacet
  facet normal -1 0 0
    outer loop
      vertex 0.7 -7.95412 5.49058
      vertex 0.7 -3.98126 8.50941
      vertex 0.7 -3.98126 5.49058
    endloop
  endfacet
  facet normal -1 -0 0
    outer loop
      vertex 0.7 -3.98126 8.50941
      vertex 0.7 -7.95412 5.49058
      vertex 0.7 -7.95412 8.50941
    endloop
  endfacet
  facet normal -1 0 0
    outer loop
      vertex 0.7 3.98126 5.49058
      vertex 0.7 7.95412 8.50941
      vertex 0.7 7.95412 5.49058
    endloop
  endfacet
  facet normal -1 -0 0
    outer loop
      vertex 0.7 7.95412 8.50941
      vertex 0.7 3.98126 5.49058
      vertex 0.7 3.98126 8.50941
    endloop
  endfacet
  facet normal -0 0 1
    outer loop
      vertex 0.457143 7.71429 -1
      vertex 0.7 -7.71429 -1
      vertex 0.7 7.71429 -1
    endloop
  endfacet
  facet normal -0 0 1
    outer loop
      vertex 0.434767 -7.71282 -1
      vertex 0.7 -7.71429 -1
      vertex 0.457143 7.71429 -1
    endloop
  endfacet
  facet normal 0 0 1
    outer loop
      vertex 0.7 -7.71429 -1
      vertex 0.434767 -7.71282 -1
      vertex 0.457143 -7.71429 -1
    endloop
  endfacet
  facet normal 0 0 1
    outer loop
      vertex -0.7 7.60647 -1
      vertex 0.457143 7.71429 -1
      vertex -0.437894 7.65562 -1
    endloop
  endfacet
  facet normal 0 0 1
    outer loop
      vertex -0.7 7.60647 -1
      vertex -0.437894 7.65562 -1
      vertex -0.46027 7.65416 -1
    endloop
  endfacet
  facet normal 0 0 1
    outer loop
      vertex 0.457143 7.71429 -1
      vertex -0.7 7.60647 -1
      vertex 0.434767 -7.71282 -1
    endloop
  endfacet
  facet normal -0 0 1
    outer loop
      vertex -0.7 -7.60647 -1
      vertex 0.434767 -7.71282 -1
      vertex -0.7 7.60647 -1
    endloop
  endfacet
  facet normal 0 0 1
    outer loop
      vertex 0.434767 -7.71282 -1
      vertex -0.7 -7.60647 -1
      vertex -0.46027 -7.65416 -1
    endloop
  endfacet
  facet normal 1 -0 0
    outer loop
      vertex -0.7 -7.95412 0
      vertex -0.7 -3.98126 -0.2
      vertex -0.7 -3.98126 2.50941
    endloop
  endfacet
  facet normal 1 0 0
    outer loop
      vertex -0.7 -3.98126 -0.2
      vertex -0.7 -7.76804 -0.589461
      vertex -0.7 -7.60647 -1
    endloop
  endfacet
  facet normal 1 0 0
    outer loop
      vertex -0.7 -7.95412 0
      vertex -0.7 -3.98126 2.50941
      vertex -0.7 -7.95412 2.50941
    endloop
  endfacet
  facet normal 1 0 0
    outer loop
      vertex -0.7 -3.98126 -0.2
      vertex -0.7 -7.95412 0
      vertex -0.7 -7.76804 -0.589461
    endloop
  endfacet
  facet normal 1 -0 0
    outer loop
      vertex -0.7 3.98126 2.50941
      vertex -0.7 7.95412 0
      vertex -0.7 7.95412 2.50941
    endloop
  endfacet
  facet normal 1 0 0
    outer loop
      vertex -0.7 7.95412 0
      vertex -0.7 3.98126 -0.2
      vertex -0.7 7.77491 -0.567707
    endloop
  endfacet
  facet normal 1 0 0
    outer loop
      vertex -0.7 7.77491 -0.567707
      vertex -0.7 3.98126 -0.2
      vertex -0.7 7.76804 -0.589461
    endloop
  endfacet
  facet normal 1 0 0
    outer loop
      vertex -0.7 7.95412 0
      vertex -0.7 3.98126 2.50941
      vertex -0.7 3.98126 -0.2
    endloop
  endfacet
  facet normal 1 0 0
    outer loop
      vertex -0.7 7.76804 -0.589461
      vertex -0.7 3.98126 -0.2
      vertex -0.7 7.60647 -1
    endloop
  endfacet
  facet normal 1 -0 0
    outer loop
      vertex -0.7 -3.98126 -0.2
      vertex -0.7 7.60647 -1
      vertex -0.7 3.98126 -0.2
    endloop
  endfacet
  facet normal 1 0 0
    outer loop
      vertex -0.7 7.60647 -1
      vertex -0.7 -3.98126 -0.2
      vertex -0.7 -7.60647 -1
    endloop
  endfacet
  facet normal 1 -0 0
    outer loop
      vertex -0.7 3.98126 14
      vertex -0.7 7.95412 11.4906
      vertex -0.7 7.95412 14
    endloop
  endfacet
  facet normal 1 0 0
    outer loop
      vertex -0.7 7.95412 11.4906
      vertex -0.7 3.98126 14
      vertex -0.7 3.98126 11.4906
    endloop
  endfacet
  facet normal 1 -0 0
    outer loop
      vertex -0.7 -7.95412 14
      vertex -0.7 -3.98126 11.4906
      vertex -0.7 -3.98126 14
    endloop
  endfacet
  facet normal 1 0 0
    outer loop
      vertex -0.7 -3.98126 11.4906
      vertex -0.7 -7.95412 14
      vertex -0.7 -7.95412 11.4906
    endloop
  endfacet
  facet normal 1 -0 0
    outer loop
      vertex -0.7 -7.95412 8.50941
      vertex -0.7 -3.98126 5.49058
      vertex -0.7 -3.98126 8.50941
    endloop
  endfacet
  facet normal 1 0 0
    outer loop
      vertex -0.7 -3.98126 5.49058
      vertex -0.7 -7.95412 8.50941
      vertex -0.7 -7.95412 5.49058
    endloop
  endfacet
  facet normal 1 -0 0
    outer loop
      vertex -0.7 3.98126 8.50941
      vertex -0.7 7.95412 5.49058
      vertex -0.7 7.95412 8.50941
    endloop
  endfacet
  facet normal 1 0 0
    outer loop
      vertex -0.7 7.95412 5.49058
      vertex -0.7 3.98126 8.50941
      vertex -0.7 3.98126 5.49058
    endloop
  endfacet
endsolid OpenSCAD_Model
